race_key,driver_id,pace_rel,n_clean,n_stops,pit_fracs,last_lap
2018-01,alonso,-0.0019871899374793193,44,1,[0.4483],58.0
2018-01,bottas,0.0008821042115408455,44,1,[0.431],58.0
2018-01,brendon_hartley,0.012882361069979219,41,2,"[0.0172, 0.3793]",57.0
2018-01,ericsson,,3,1,[0.1034],6.0
2018-01,gasly,0.009311013383257197,8,1,[0.2414],14.0
2018-01,grosjean,-0.0026069836481677324,17,1,[0.4138],24.0
2018-01,hamilton,-0.014330803737551988,42,1,[0.3276],58.0
2018-01,hulkenberg,-0.0015054002404635684,44,1,[0.4138],58.0
2018-01,kevin_magnussen,-0.0016032555446851143,16,1,[0.3793],22.0
2018-01,leclerc,0.013175426793834603,42,2,"[0.3448, 0.4655]",58.0
2018-01,max_verstappen,-0.0025635291666792825,42,1,[0.3621],58.0
2018-01,ocon,0.007223670429894902,44,1,[0.3966],58.0
2018-01,perez,0.0043176472919641655,44,1,[0.4138],58.0
2018-01,raikkonen,-0.013571552919683639,42,1,[0.3103],58.0
2018-01,ricciardo,-0.008149774653029181,44,1,[0.4483],58.0
2018-01,sainz,0.0022621148810308945,43,1,[0.3793],58.0
2018-01,sirotkin,,3,0,[],5.0
2018-01,stroll,0.014496430781901286,44,2,"[0.431, 0.5]",58.0
2018-01,vandoorne,0.0005201961013396951,43,1,[0.431],58.0
2018-01,vettel,-0.01439551132298391,44,1,[0.4483],58.0
2018-02,alonso,-0.0025114144723643143,42,2,"[0.2456, 0.6842]",56.0
2018-02,bottas,-0.011646131303325653,43,1,[0.3333],57.0
2018-02,brendon_hartley,0.0016584860516258096,40,2,"[0.3509, 0.7368]",56.0
2018-02,ericsson,0.007717046116958636,43,1,[0.4035],56.0
2018-02,gasly,-0.005502051645178778,41,2,"[0.2632, 0.5965]",57.0
2018-02,grosjean,-0.00016951254696062588,38,3,"[0.3158, 0.5263, 0.7895]",56.0
2018-02,hamilton,-0.013208261214122828,44,1,[0.4386],57.0
2018-02,hulkenberg,-0.0020392091419580145,43,2,"[0.2632, 0.6842]",57.0
2018-02,kevin_magnussen,-0.003876884476925205,43,2,"[0.2281, 0.4737]",57.0
2018-02,leclerc,0.007566107041704649,42,2,"[0.0526, 0.5965]",56.0
2018-02,ocon,0.004858150508141986,41,2,"[0.2632, 0.614]",56.0
2018-02,perez,0.005138739855795353,41,2,"[0.1579, 0.5614]",56.0
2018-02,raikkonen,-0.016455461073485174,22,2,"[0.3158, 0.5965]",34.0
2018-02,sainz,0.004859021048115213,42,2,"[0.2807, 0.4561]",56.0
2018-02,sirotkin,0.009230527810645811,41,2,"[0.386, 0.7018]",56.0
2018-02,stroll,0.00839342421677658,42,2,"[0.1754, 0.5088]",56.0
2018-02,vandoorne,0.0009670038041892086,43,2,"[0.1754, 0.4912]",56.0
2018-02,vettel,-0.010624249046322276,43,1,[0.2982],57.0
2018-03,alonso,-0.0003698369685396899,47,1,[0.5179],56.0
2018-03,bottas,-0.014938878167217458,46,1,[0.3393],56.0
2018-03,brendon_hartley,0.009245114468296567,39,3,"[0.1786, 0.5357, 0.9107]",51.0
2018-03,ericsson,0.010371211095041714,47,1,[0.5179],56.0
2018-03,gasly,0.0071458859279043795,45,2,"[0.3571, 0.5536]",56.0
2018-03,grosjean,0.0011061491977683283,44,2,"[0.2857, 0.8214]",56.0
2018-03,hamilton,-0.013006405347735513,46,1,[0.3214],56.0
2018-03,hulkenberg,-0.005684212756449341,46,2,"[0.2321, 0.5536]",56.0
2018-03,kevin_magnussen,-0.0004792543599874133,46,1,[0.4286],56.0
2018-03,leclerc,0.011635104186803424,44,1,[0.375],56.0
2018-03,max_verstappen,-0.015776610983334077,46,2,"[0.3036, 0.5536]",56.0
2018-03,ocon,0.0013930701094267079,46,2,"[0.1964, 0.5536]",56.0
2018-03,perez,0.0015629083444045513,46,2,"[0.2143, 0.5714]",56.0
2018-03,raikkonen,-0.011891306883987785,46,1,[0.4821],56.0
2018-03,ricciardo,-0.01599606922714549,46,2,"[0.3036, 0.5536]",56.0
2018-03,sainz,-0.0015042680481877648,46,2,"[0.2143, 0.5536]",56.0
2018-03,sirotkin,0.008958500670442739,46,2,"[0.5, 0.5893]",56.0
2018-03,stroll,0.006254658086621993,45,1,[0.4107],56.0
2018-03,vandoorne,0.0040067602993565776,45,1,[0.3929],56.0
2018-03,vettel,-0.011889451334949423,46,1,[0.3571],56.0
2018-04,alonso,0.0061284897092975296,31,2,"[0.0196, 0.7843]",51.0
2018-04,bottas,-0.01674643221870167,29,1,[0.7843],49.0
2018-04,brendon_hartley,0.01457944906623979,28,3,"[0.0196, 0.4314, 0.7647]",51.0
2018-04,ericsson,0.014842965315967358,26,4,"[0.0196, 0.3529, 0.7059, 0.7647]",51.0
2018-04,gasly,0.015287592492922891,28,2,"[0.2353, 0.7647]",51.0
2018-04,grosjean,0.00034742718060668383,28,2,"[0.0392, 0.7843]",43.0
2018-04,hamilton,-0.017387436874479665,28,2,"[0.4314, 0.7843]",51.0
2018-04,hulkenberg,,4,0,[],11.0
2018-04,kevin_magnussen,0.016147260827928764,29,2,"[0.0196, 0.7647]",51.0
2018-04,leclerc,-0.0008082840746061896,29,2,"[0.4706, 0.7843]",51.0
2018-04,max_verstappen,-0.009640368719100704,26,1,[0.7451],40.0
2018-04,perez,-0.0014383170301335959,30,2,"[0.0392, 0.7843]",51.0
2018-04,raikkonen,-0.0033971457459118317,31,2,"[0.0196, 0.7843]",51.0
2018-04,ricciardo,-0.009595364898118271,27,1,[0.7255],40.0
2018-04,sainz,-0.0034764809556583507,30,2,"[0.2941, 0.7843]",51.0
2018-04,stroll,0.00014153967683079002,29,2,"[0.451, 0.7843]",51.0
2018-04,vandoorne,0.011577141597980695,26,4,"[0.3333, 0.4902, 0.7647, 0.902]",51.0
2018-04,vettel,-0.016873015615689022,28,2,"[0.5882, 0.7843]",51.0
2018-05,alonso,0.002732069065780079,53,1,[0.3182],65.0
2018-05,bottas,-0.020640424308199568,54,1,[0.2879],66.0
2018-05,brendon_hartley,0.008745505440448173,53,2,"[0.0152, 0.5]",64.0
2018-05,ericsson,0.011334837793556953,53,1,[0.5303],64.0
2018-05,hamilton,-0.024517154191788102,54,1,[0.3788],66.0
2018-05,kevin_magnussen,-0.0057562320305796855,54,1,[0.4848],65.0
2018-05,leclerc,0.008659621185891994,52,1,[0.303],64.0
2018-05,max_verstappen,-0.02014401509443758,55,1,[0.5152],66.0
2018-05,ocon,0.0031875207045425455,30,1,[0.4394],39.0
2018-05,perez,0.0032448525978688372,53,2,"[0.3939, 0.6061]",64.0
2018-05,raikkonen,-0.021291694135783724,18,1,[0.3788],25.0
2018-05,ricciardo,-0.016872233819788415,55,1,[0.5],66.0
2018-05,sainz,0.0019541207527329647,53,1,[0.3788],65.0
2018-05,sirotkin,0.016961354820464476,50,3,"[0.0152, 0.3636, 0.6212]",63.0
2018-05,stroll,0.009901684985391958,53,1,[0.303],64.0
2018-05,vandoorne,0.00806792015657103,34,2,"[0.5152, 0.697]",46.0
2018-05,vettel,-0.021517108784975772,55,2,"[0.2576, 0.6212]",66.0
2018-06,alonso,-0.003245568241226481,47,1,[0.2436],53.0
2018-06,bottas,-0.005745163024361274,67,1,[0.2179],78.0
2018-06,brendon_hartley,0.0013739773096632202,64,2,"[0.1667, 0.9103]",71.0
2018-06,ericsson,0.0012114831598456948,68,1,[0.2179],78.0
2018-06,gasly,-0.005282244985029517,68,1,[0.4744],78.0
2018-06,grosjean,0.0014712219203691958,65,2,"[0.1923, 0.8718]",77.0
2018-06,hamilton,-0.005771133291865739,69,1,[0.1538],78.0
2018-06,hulkenberg,-0.005467954495241685,69,1,[0.641],78.0
2018-06,kevin_magnussen,0.0012852586210468486,68,1,[0.2179],78.0
2018-06,leclerc,0.0013948738491927882,63,1,[0.1795],71.0
2018-06,max_verstappen,-0.0063716630548213945,69,1,[0.6026],78.0
2018-06,ocon,-0.006377009148491903,68,1,[0.2949],78.0
2018-06,perez,0.0010590240236452964,68,1,[0.2692],78.0
2018-06,raikkonen,-0.004486159720904326,67,1,[0.2179],78.0
2018-06,ricciardo,-0.006614240033523572,67,1,[0.2179],78.0
2018-06,sainz,0.0016093136543760768,69,1,[0.2051],78.0
2018-06,sirotkin,0.002942833955289426,62,3,"[0.0897, 0.2436, 0.6282]",77.0
2018-06,stroll,-0.0027323503633479513,59,3,"[0.1154, 0.4359, 0.7564]",76.0
2018-06,vandoorne,0.0001721000057974979,67,2,"[0.2564, 0.9231]",77.0
2018-06,vettel,-0.006052303303009349,67,1,[0.2051],78.0
2018-07,alonso,0.0020730233486597176,34,2,"[0.2571, 0.5857]",41.0
2018-07,bottas,-0.01666880922793136,64,1,[0.5143],70.0
2018-07,ericsson,0.01724166457222026,64,1,[0.0143],68.0
2018-07,gasly,0.005218829146684237,63,1,[0.3286],69.0
2018-07,grosjean,0.003881216683428373,63,1,[0.6857],69.0
2018-07,hamilton,-0.01358922932418348,64,1,[0.2286],70.0
2018-07,hulkenberg,0.00116058414176944,63,1,[0.1857],69.0
2018-07,kevin_magnussen,0.006348925230740019,63,1,[0.3143],69.0
2018-07,leclerc,0.004228881193751193,63,1,[0.2714],69.0
2018-07,max_verstappen,-0.01643138194303194,64,1,[0.2286],70.0
2018-07,ocon,0.001706395823135167,63,1,[0.1571],69.0
2018-07,perez,0.0018833313956281386,61,2,"[0.1286, 0.6286]",69.0
2018-07,raikkonen,-0.012836588950321665,64,1,[0.4571],70.0
2018-07,ricciardo,-0.014181125669495245,64,1,[0.2429],70.0
2018-07,sainz,0.0019222960477125754,63,1,[0.2],69.0
2018-07,sirotkin,0.01614625047603971,61,1,[0.3714],68.0
2018-07,vandoorne,0.013505816818299389,62,2,"[0.0143, 0.6857]",68.0
2018-07,vettel,-0.017931116317145737,64,1,[0.5286],70.0
2018-08,alonso,0.010274089242037479,40,3,"[0.0189, 0.8679, 0.9623]",51.0
2018-08,bottas,-0.005161037217919717,41,2,"[0.0189, 0.7358]",53.0
2018-08,brendon_hartley,0.01153654281451851,40,1,[0.717],52.0
2018-08,ericsson,0.011567174953581508,40,1,[0.6604],52.0
2018-08,grosjean,0.0018979200660809293,41,1,[0.6415],52.0
2018-08,hamilton,-0.01948376713978753,41,1,[0.6226],53.0
2018-08,hulkenberg,-0.0007005051122629472,41,1,[0.6981],53.0
2018-08,kevin_magnussen,-0.002376401365004469,41,1,[0.5283],53.0
2018-08,leclerc,1.6172116191244906e-05,41,1,[0.5849],53.0
2018-08,max_verstappen,-0.018182286672286406,41,1,[0.4717],53.0
2018-08,perez,0.0026578044572196156,21,1,[0.5283],28.0
2018-08,raikkonen,-0.015282720671155114,41,1,[0.6415],53.0
2018-08,ricciardo,-0.014246365808000644,41,1,[0.5283],53.0
2018-08,sainz,-0.002110771858880279,41,1,[0.4906],53.0
2018-08,sirotkin,0.017529131577883814,42,1,[0.0189],52.0
2018-08,stroll,0.017781470627071437,42,1,[0.0189],49.0
2018-08,vandoorne,0.00573969859375294,40,1,[0.7547],52.0
2018-08,vettel,-0.010174299624480113,41,2,"[0.0189, 0.7547]",53.0
2018-09,alonso,0.0028178114424045005,58,1,[0.2113],70.0
2018-09,bottas,-0.01881289490932193,9,0,[],14.0
2018-09,brendon_hartley,0.007691666527743958,46,0,[],55.0
2018-09,ericsson,0.002785300592973427,56,1,[0.6338],70.0
2018-09,gasly,0.006719555845554291,58,1,[0.2113],70.0
2018-09,grosjean,-0.0011201865138514063,55,1,[0.2113],70.0
2018-09,hamilton,-0.016243358016469003,46,2,"[0.3521, 0.7324]",63.0
2018-09,hulkenberg,0.0007138415927292139,9,0,[],12.0
2018-09,kevin_magnussen,-0.002606979754112253,55,1,[0.3944],70.0
2018-09,leclerc,0.0032687458187106617,58,1,[0.2113],70.0
2018-09,max_verstappen,-0.01704037685988422,53,1,[0.2113],71.0
2018-09,ocon,0.0018754322517571577,57,1,[0.2113],70.0
2018-09,perez,-0.0015901052257568632,54,1,[0.3803],70.0
2018-09,raikkonen,-0.016775636768431204,54,1,[0.2113],71.0
2018-09,ricciardo,-0.014754624469763942,43,2,"[0.2113, 0.5352]",54.0
2018-09,sainz,0.00307599870057628,56,2,"[0.2113, 0.4789]",70.0
2018-09,sirotkin,0.007157331290830668,53,2,"[0.338, 0.8451]",69.0
2018-09,stroll,0.01116435192913456,55,2,"[0.2113, 0.9155]",69.0
2018-09,vandoorne,0.012730061860564685,45,3,"[0.0141, 0.5634, 0.9155]",65.0
2018-09,vettel,-0.01794214985325275,54,1,[0.2113],71.0
2018-10,alonso,0.0005239847631712598,32,2,"[0.25, 0.6154]",52.0
2018-10,bottas,-0.01953193749324665,32,1,[0.4038],52.0
2018-10,ericsson,0.0026257882392316085,24,1,[0.4615],32.0
2018-10,gasly,0.0023432545173700412,33,2,"[0.3846, 0.6154]",52.0
2018-10,grosjean,0.0025805002293921068,24,1,[0.5],38.0
2018-10,hamilton,-0.0206242259681192,31,1,[0.4808],52.0
2018-10,hulkenberg,0.001498843234237761,33,1,[0.3846],52.0
2018-10,kevin_magnussen,0.001372570761113576,32,1,[0.4808],52.0
2018-10,leclerc,-0.0005298385113335038,14,1,[0.3462],18.0
2018-10,max_verstappen,-0.016392349325112167,27,2,"[0.3269, 0.6346]",47.0
2018-10,ocon,0.0013090284881929954,34,1,[0.3654],52.0
2018-10,perez,0.0015129389704942268,32,2,"[0.25, 0.6154]",52.0
2018-10,raikkonen,-0.02082153338997229,31,2,"[0.25, 0.6346]",52.0
2018-10,ricciardo,-0.01650697070003245,30,2,"[0.3462, 0.5769]",52.0
2018-10,sainz,0.002110490953009516,24,2,"[0.3269, 0.6154]",38.0
2018-10,sirotkin,0.01576600205554114,31,1,[0.4038],52.0
2018-10,stroll,0.013633299528059,32,1,[0.5769],52.0
2018-10,vandoorne,0.004094921908877769,32,2,"[0.4038, 0.6346]",52.0
2018-10,vettel,-0.02069491223685898,33,2,"[0.3846, 0.6346]",52.0
2018-11,alonso,0.005226555053746452,44,4,"[0.4627, 0.6418, 0.7015, 0.9701]",65.0
2018-11,bottas,-0.020510645072550352,52,2,"[0.4179, 0.7761]",67.0
2018-11,brendon_hartley,0.007627413461512721,54,2,"[0.4179, 0.7761]",67.0
2018-11,ericsson,0.004054707100443117,52,1,[0.5672],67.0
2018-11,gasly,0.010960537438397191,49,2,"[0.6418, 0.6866]",66.0
2018-11,grosjean,-0.0016692999629087377,52,3,"[0.3134, 0.7612, 0.8209]",67.0
2018-11,hamilton,-0.01984149061658297,50,1,[0.6269],67.0
2018-11,hulkenberg,-0.0008080329809919697,52,3,"[0.2687, 0.7612, 0.8209]",67.0
2018-11,kevin_magnussen,-0.0020368418383739173,52,3,"[0.2985, 0.7612, 0.8209]",67.0
2018-11,leclerc,0.001342275539073319,46,3,"[0.2985, 0.6418, 0.6866]",66.0
2018-11,max_verstappen,-0.019885864952109963,51,3,"[0.4328, 0.6866, 0.7164]",67.0
2018-11,ocon,0.0041341773076754755,52,1,[0.3731],67.0
2018-11,perez,-0.0014157071044984871,52,1,[0.3284],67.0
2018-11,raikkonen,-0.0204203171803928,50,2,"[0.209, 0.791]",67.0
2018-11,ricciardo,-0.007141034108320159,26,0,[],28.0
2018-11,sainz,0.0011385841651533944,52,3,"[0.2985, 0.7463, 0.8358]",67.0
2018-11,sirotkin,0.007675120638970684,44,2,"[0.4179, 0.7612]",51.0
2018-11,stroll,0.008953228357923209,43,3,"[0.403, 0.7463, 0.791]",53.0
2018-11,vandoorne,0.007699154621724304,50,2,"[0.4328, 0.7761]",67.0
2018-11,vettel,-0.021895411719522247,41,1,[0.3731],52.0
2018-12,alonso,0.00022854026101016116,62,1,[0.5571],69.0
2018-12,bottas,-0.011178069718633917,63,1,[0.2143],70.0
2018-12,brendon_hartley,0.003192016260364872,62,1,[0.3429],69.0
2018-12,ericsson,0.01610695565671441,62,1,[0.0857],68.0
2018-12,gasly,-0.007725616551986692,63,1,[0.4571],70.0
2018-12,grosjean,0.0023966803843558015,62,1,[0.4143],69.0
2018-12,hamilton,-0.01876064322335623,63,1,[0.3571],70.0
2018-12,hulkenberg,0.0013357390565267525,62,2,"[0.3286, 0.7143]",69.0
2018-12,kevin_magnussen,-0.005855066341648548,62,1,[0.4429],69.0
2018-12,max_verstappen,,4,0,[],6.0
2018-12,ocon,0.005122018397787772,62,1,[0.5571],69.0
2018-12,perez,0.007004129036740163,62,1,[0.3143],69.0
2018-12,raikkonen,-0.019827545927884997,61,2,"[0.2, 0.5429]",70.0
2018-12,ricciardo,-0.014374531467227896,63,1,[0.6286],70.0
2018-12,sainz,0.0038886542112823437,62,1,[0.3571],69.0
2018-12,sirotkin,0.016455456977155242,60,1,[0.4429],68.0
2018-12,stroll,0.016924533314527635,60,1,[0.6714],68.0
2018-12,vandoorne,0.0003379177728903686,44,1,[0.5714],50.0
2018-12,vettel,-0.015838152643423444,63,1,[0.5571],70.0
2018-13,bottas,-0.007542907435305698,37,3,"[0.0227, 0.0455, 0.6591]",44.0
2018-13,brendon_hartley,0.009689565270872311,36,2,"[0.0227, 0.7045]",43.0
2018-13,ericsson,0.003780055755280875,37,2,"[0.0227, 0.5909]",43.0
2018-13,gasly,0.002114798929110375,37,2,"[0.0227, 0.5682]",44.0
2018-13,grosjean,-0.0015975328505514834,37,2,"[0.0227, 0.5227]",44.0
2018-13,hamilton,-0.018554087271502307,37,2,"[0.0227, 0.4773]",44.0
2018-13,kevin_magnussen,-0.0026771896211206874,37,2,"[0.0227, 0.5909]",44.0
2018-13,max_verstappen,-0.014181522020127272,37,2,"[0.0227, 0.5909]",44.0
2018-13,ocon,-0.0030041806929090023,37,2,"[0.0227, 0.5455]",44.0
2018-13,perez,-0.005019666790432864,37,2,"[0.0227, 0.5682]",44.0
2018-13,raikkonen,,2,3,"[0.0227, 0.1591, 0.1818]",8.0
2018-13,ricciardo,-0.004308388464020257,23,2,"[0.0227, 0.6364]",28.0
2018-13,sainz,0.007386693145244532,36,2,"[0.0227, 0.5]",43.0
2018-13,sirotkin,0.00814361091757717,36,2,"[0.0227, 0.5455]",43.0
2018-13,stroll,0.008204052829244277,36,2,"[0.0227, 0.5227]",43.0
2018-13,vandoorne,0.012261638635019365,36,3,"[0.0227, 0.0455, 0.6364]",43.0
2018-13,vettel,-0.02059913982831809,37,2,"[0.0227, 0.5]",44.0
2018-14,alonso,,5,1,[0.1698],9.0
2018-14,bottas,-0.013861688836840077,45,1,[0.6792],53.0
2018-14,ericsson,0.00579241350128743,44,2,"[0.0189, 0.7925]",52.0
2018-14,gasly,0.008789830714445139,44,1,[0.6415],52.0
2018-14,grosjean,-0.0026550300075186624,46,1,[0.434],53.0
2018-14,hamilton,-0.015475225046906946,45,1,[0.5283],53.0
2018-14,hulkenberg,0.00689091669854808,44,2,"[0.0189, 0.7736]",52.0
2018-14,kevin_magnussen,0.017542005479505702,42,1,[0.0755],52.0
2018-14,leclerc,0.0046073937761859874,44,1,[0.6415],52.0
2018-14,max_verstappen,-0.012916693926464703,46,1,[0.4906],53.0
2018-14,ocon,-0.003128285287185924,45,1,[0.717],53.0
2018-14,perez,-0.004575605818363673,45,1,[0.7358],53.0
2018-14,raikkonen,-0.012339597380874173,45,1,[0.3774],53.0
2018-14,ricciardo,-0.0021371234664157965,20,1,[0.0189],24.0
2018-14,sainz,0.0012516865014137006,45,1,[0.7358],53.0
2018-14,sirotkin,0.004077940734058221,44,1,[0.6981],52.0
2018-14,stroll,0.0028464191137540134,44,1,[0.6604],52.0
2018-14,vandoorne,0.006775994110476121,46,1,[0.4528],52.0
2018-14,vettel,-0.015457889558431822,45,2,"[0.0189, 0.5472]",53.0
2018-15,alonso,-0.005130453737917733,55,1,[0.623],61.0
2018-15,bottas,-0.011490005116984368,55,1,[0.2623],61.0
2018-15,brendon_hartley,0.007296802368652051,51,2,"[0.2295, 0.5902]",60.0
2018-15,ericsson,0.004633830503113081,54,1,[0.7213],60.0
2018-15,gasly,0.00557095461988073,54,1,[0.4262],60.0
2018-15,grosjean,0.005957232424783322,54,1,[0.2623],60.0
2018-15,hamilton,-0.0207325316065559,55,1,[0.2459],61.0
2018-15,hulkenberg,0.0030742754347725947,54,1,[0.2459],60.0
2018-15,kevin_magnussen,0.004867133751368259,48,3,"[0.4262, 0.5902, 0.7869]",59.0
2018-15,leclerc,0.0011022567317766796,54,1,[0.623],60.0
2018-15,max_verstappen,-0.01921049340649139,55,1,[0.2787],61.0
2018-15,perez,0.0008613909114987858,50,3,"[0.2787, 0.541, 0.6393]",60.0
2018-15,raikkonen,-0.01204427084992418,55,1,[0.3607],61.0
2018-15,ricciardo,-0.013494081104414092,55,1,[0.4426],61.0
2018-15,sainz,-0.0010800780796122675,54,1,[0.6066],60.0
2018-15,sirotkin,0.01874136982797,49,2,"[0.0492, 0.7377]",59.0
2018-15,stroll,0.007126738387512304,54,1,[0.6557],60.0
2018-15,vandoorne,0.005266046815717165,54,1,[0.7049],60.0
2018-15,vettel,-0.012958251527867616,55,1,[0.2295],61.0
2018-16,alonso,0.011424842086171233,48,1,[0.0943],52.0
2018-16,bottas,-0.019738226162055048,49,1,[0.2264],53.0
2018-16,brendon_hartley,,1,2,"[0.0566, 0.0755]",4.0
2018-16,ericsson,0.0038519517570285663,46,2,"[0.2075, 0.6981]",52.0
2018-16,gasly,,2,1,[0.0755],4.0
2018-16,grosjean,0.002467940239180108,48,1,[0.1509],52.0
2018-16,hamilton,-0.02036229790544943,49,1,[0.2642],53.0
2018-16,hulkenberg,0.00329089010741142,48,1,[0.6604],52.0
2018-16,kevin_magnussen,0.0005999028784003242,48,1,[0.1698],52.0
2018-16,leclerc,-0.002615987463397757,49,1,[0.1887],53.0
2018-16,max_verstappen,-0.016114409114698358,49,1,[0.8113],53.0
2018-16,ocon,0.0006170585280938051,48,1,[0.1887],52.0
2018-16,perez,0.0007643643647421037,48,1,[0.2264],52.0
2018-16,raikkonen,-0.017263402942810147,49,1,[0.3396],53.0
2018-16,ricciardo,-0.00933216763638945,49,1,[0.7358],53.0
2018-16,sainz,0.017723398405235305,47,1,[0.6038],51.0
2018-16,sirotkin,0.016646189844875346,47,1,[0.1887],51.0
2018-16,stroll,0.011371779917745314,48,1,[0.1321],52.0
2018-16,vandoorne,0.015701700451244936,47,1,[0.2075],51.0
2018-16,vettel,-0.018577976357734477,49,1,[0.2453],53.0
2018-17,alonso,0.010390236442999471,41,1,[0.4906],52.0
2018-17,bottas,-0.01691947633128203,42,1,[0.434],53.0
2018-17,brendon_hartley,0.01017457912009105,41,1,[0.5283],52.0
2018-17,ericsson,0.013853210186388543,43,1,[0.0943],52.0
2018-17,gasly,0.003764498739381147,41,1,[0.5472],52.0
2018-17,grosjean,-0.001395941024744433,42,1,[0.5472],53.0
2018-17,hamilton,-0.0198743701302643,42,1,[0.4528],53.0
2018-17,hulkenberg,0.007353389997322733,28,2,"[0.566, 0.6981]",37.0
2018-17,leclerc,0.007310807007116134,30,2,"[0.0755, 0.6604]",39.0
2018-17,max_verstappen,-0.018901087666110025,42,1,[0.3962],53.0
2018-17,ocon,-0.0008214458478488522,42,1,[0.4906],53.0
2018-17,perez,-0.002653320669450882,42,1,[0.4528],53.0
2018-17,raikkonen,-0.009226199385167486,43,1,[0.3208],53.0
2018-17,ricciardo,-0.015979304388292887,43,1,[0.434],53.0
2018-17,sainz,0.001594777297991428,41,1,[0.6038],52.0
2018-17,sirotkin,0.010248476587606734,42,2,"[0.0755, 0.717]",52.0
2018-17,stroll,0.005191503319162789,41,2,"[0.2642, 0.7358]",52.0
2018-17,vandoorne,0.009721975590980685,41,1,[0.434],52.0
2018-17,vettel,-0.008105182577316194,42,1,[0.4906],53.0
2018-18,bottas,-0.012038406455067333,48,1,[0.4107],56.0
2018-18,brendon_hartley,0.004717460689121648,48,1,[0.4821],55.0
2018-18,ericsson,0.005463335908238352,48,1,[0.5357],55.0
2018-18,gasly,0.007873762722383042,48,2,"[0.1786, 0.6429]",55.0
2018-18,hamilton,-0.017818450759272665,48,2,"[0.1964, 0.6607]",56.0
2018-18,hulkenberg,-0.001095502740784728,48,1,[0.4107],56.0
2018-18,kevin_magnussen,-2.6903426591195898e-06,49,1,[0.5357],56.0
2018-18,leclerc,0.007122819358109054,24,2,"[0.0179, 0.5536]",31.0
2018-18,max_verstappen,-0.016896889656049952,48,1,[0.3929],56.0
2018-18,ocon,0.0004558361153456864,49,1,[0.3929],56.0
2018-18,perez,0.0005312877182359137,48,1,[0.4464],56.0
2018-18,raikkonen,-0.016093027917394115,48,1,[0.375],56.0
2018-18,ricciardo,,6,0,[],9.0
2018-18,sainz,-0.00032539656856841315,48,1,[0.4286],56.0
2018-18,sirotkin,0.011641390876013125,48,2,"[0.1786, 0.5179]",55.0
2018-18,stroll,0.013485543596217441,43,3,"[0.0179, 0.0893, 0.6786]",54.0
2018-18,vandoorne,0.00430969417665042,48,2,"[0.1786, 0.7143]",55.0
2018-18,vettel,-0.015887262310947777,48,1,[0.4643],56.0
2018-19,alonso,,2,0,[],4.0
2018-19,bottas,-0.02395320502497867,57,3,"[0.1549, 0.6761, 0.8732]",70.0
2018-19,brendon_hartley,0.004846349074298062,58,2,"[0.0141, 0.338]",69.0
2018-19,ericsson,0.006105317558638671,59,1,[0.2254],69.0
2018-19,gasly,0.0016944136139575927,58,2,"[0.0704, 0.3662]",69.0
2018-19,grosjean,0.007236693238711455,57,2,"[0.6197, 0.8451]",68.0
2018-19,hamilton,-0.02189079100493917,57,2,"[0.1549, 0.662]",71.0
2018-19,hulkenberg,0.0005524056575871808,58,1,[0.169],69.0
2018-19,kevin_magnussen,0.01009472839897171,58,1,[0.6056],69.0
2018-19,leclerc,0.0018552123402353175,59,1,[0.1831],69.0
2018-19,max_verstappen,-0.03606170085631123,55,2,"[0.1831, 0.6761]",71.0
2018-19,ocon,0.0052392537574209004,59,2,"[0.0141, 0.4225]",69.0
2018-19,perez,0.007810621716008322,31,2,"[0.4225, 0.5352]",38.0
2018-19,raikkonen,-0.024693892710681713,59,1,[0.2394],71.0
2018-19,ricciardo,-0.028826605780670585,52,1,[0.169],62.0
2018-19,sainz,0.0014210534703541745,23,1,[0.1549],29.0
2018-19,sirotkin,0.007492967271086602,58,1,[0.1549],69.0
2018-19,stroll,0.004554731814501284,56,2,"[0.1408, 0.3239]",69.0
2018-19,vandoorne,0.003776623478285147,59,1,[0.169],69.0
2018-19,vettel,-0.03344910292756469,57,2,"[0.2394, 0.662]",71.0
2018-20,alonso,0.011495856608688664,61,2,"[0.2113, 0.7606]",69.0
2018-20,bottas,-0.011422969208637907,64,2,"[0.2535, 0.831]",71.0
2018-20,brendon_hartley,0.011396472008819745,65,1,[0.6901],70.0
2018-20,ericsson,0.010386742445716635,16,2,"[0.2535, 0.2817]",20.0
2018-20,gasly,0.012779994210048785,63,1,[0.3099],70.0
2018-20,grosjean,-0.0025199233409252926,66,1,[0.4507],71.0
2018-20,hamilton,-0.010769231762273386,66,1,[0.2676],71.0
2018-20,hulkenberg,0.002687169531912675,27,1,[0.4507],32.0
2018-20,kevin_magnussen,-0.0026362725306987374,66,1,[0.5775],71.0
2018-20,leclerc,-0.0035577129112779357,65,1,[0.493],71.0
2018-20,max_verstappen,-0.013342497023633965,66,1,[0.493],71.0
2018-20,ocon,0.0031025016871147784,62,2,"[0.5634, 0.8028]",70.0
2018-20,perez,0.002039498813303848,65,1,[0.5493],70.0
2018-20,raikkonen,-0.010513217727905573,66,1,[0.4366],71.0
2018-20,ricciardo,-0.011699224492453012,66,1,[0.5493],71.0
2018-20,sainz,0.007328621464266739,62,2,"[0.3521, 0.6761]",70.0
2018-20,sirotkin,0.01665834760449541,63,1,[0.2254],69.0
2018-20,stroll,0.01445889998293093,61,2,"[0.2394, 0.9155]",69.0
2018-20,vandoorne,0.012390417130345832,64,1,[0.3944],70.0
2018-20,vettel,-0.011089916634030474,64,2,"[0.3803, 0.7465]",71.0
2018-21,alonso,0.00427477966285477,44,1,[0.4909],54.0
2018-21,bottas,-0.014178544985340573,43,2,"[0.2909, 0.7273]",55.0
2018-21,brendon_hartley,0.01148392151667893,46,1,[0.0182],54.0
2018-21,ericsson,0.0007993547040907997,18,0,[],25.0
2018-21,gasly,0.0021889523903897293,38,1,[0.5273],47.0
2018-21,grosjean,0.004163340530044434,46,1,[0.1273],54.0
2018-21,hamilton,-0.017441660186097822,47,1,[0.1273],55.0
2018-21,kevin_magnussen,0.0033279122669906906,44,1,[0.7455],54.0
2018-21,leclerc,-0.0005452623018570138,47,1,[0.1273],55.0
2018-21,max_verstappen,-0.01717325757771609,45,1,[0.3091],55.0
2018-21,ocon,0.001050674544830352,36,2,"[0.3273, 0.8182]",45.0
2018-21,perez,-0.002415993632961324,45,1,[0.4727],55.0
2018-21,raikkonen,,2,1,[0.1273],7.0
2018-21,ricciardo,-0.01689394714587973,45,1,[0.6],55.0
2018-21,sainz,-0.006852188528478297,45,1,[0.6727],55.0
2018-21,sirotkin,0.010226148444644933,44,1,[0.6364],54.0
2018-21,stroll,0.007963331348579046,44,1,[0.7273],54.0
2018-21,vandoorne,0.007762713333154766,44,1,[0.6364],54.0
2018-21,vettel,-0.019225015762193206,45,1,[0.2727],55.0
2019-01,albon,0.0067603776100717584,53,1,[0.2414],57.0
2019-01,bottas,-0.01779010221996599,54,1,[0.3966],58.0
2019-01,gasly,-0.0011824134765401073,53,1,[0.6379],57.0
2019-01,giovinazzi,0.009301036076788163,53,1,[0.4655],57.0
2019-01,grosjean,0.0020292457342205306,26,1,[0.2586],30.0
2019-01,hamilton,-0.013782556785440745,54,1,[0.2586],58.0
2019-01,hulkenberg,-0.00028051868425261935,53,1,[0.2241],57.0
2019-01,kevin_magnussen,-0.0014705727084146575,54,1,[0.2414],58.0
2019-01,kubica,0.026468521893765053,48,3,"[0.0172, 0.4828, 0.7586]",55.0
2019-01,kvyat,-0.0020404081217952424,53,1,[0.4483],57.0
2019-01,leclerc,-0.006871258069078173,54,1,[0.4828],58.0
2019-01,max_verstappen,-0.01358312737588765,54,1,[0.431],58.0
2019-01,norris,0.007454253293335685,52,1,[0.2586],57.0
2019-01,perez,0.006997820410843151,53,1,[0.2241],57.0
2019-01,raikkonen,-0.00035197500710908104,53,1,[0.2069],57.0
2019-01,ricciardo,0.0037261690396335413,26,2,"[0.0172, 0.5]",29.0
2019-01,russell,0.01869229718926815,50,2,"[0.4483, 0.7241]",56.0
2019-01,sainz,0.005161461148172805,8,0,[],10.0
2019-01,stroll,-0.0006327519596392711,53,1,[0.4655],57.0
2019-01,vettel,-0.007168634756912285,54,1,[0.2414],58.0
2019-02,albon,0.0019845260538308893,40,2,"[0.1579, 0.4386]",57.0
2019-02,bottas,-0.00939958963407315,42,2,"[0.2105, 0.6491]",57.0
2019-02,gasly,-0.0013582737900308475,42,2,"[0.1579, 0.6842]",57.0
2019-02,giovinazzi,0.0025588724374766506,41,2,"[0.2807, 0.7018]",57.0
2019-02,grosjean,0.0081038848379961,8,2,"[0.0175, 0.2807]",16.0
2019-02,hamilton,-0.011556530135535533,39,2,"[0.2281, 0.5965]",57.0
2019-02,hulkenberg,-0.002497931366595504,41,2,"[0.2105, 0.5614]",54.0
2019-02,kevin_magnussen,0.008487189351346694,40,2,"[0.1754, 0.6667]",56.0
2019-02,kubica,0.02023853618742337,38,2,"[0.193, 0.4737]",55.0
2019-02,kvyat,0.001075151597816695,41,2,"[0.2105, 0.6667]",56.0
2019-02,leclerc,-0.006369046986742418,40,2,"[0.2281, 0.6316]",57.0
2019-02,max_verstappen,-0.007673457160278246,40,2,"[0.193, 0.5614]",57.0
2019-02,norris,-0.00022500546335943726,40,2,"[0.1754, 0.5965]",57.0
2019-02,perez,0.0033162598800056536,40,2,"[0.1404, 0.5789]",57.0
2019-02,raikkonen,9.472462049525798e-05,40,2,"[0.1579, 0.5789]",57.0
2019-02,ricciardo,0.0055027712142777935,41,1,[0.4211],54.0
2019-02,russell,0.016479859325386804,41,2,"[0.2105, 0.4561]",56.0
2019-02,sainz,3.082779298824239e-05,39,4,"[0.0702, 0.4211, 0.7018, 0.9298]",53.0
2019-02,stroll,0.008332330227089912,40,2,"[0.0175, 0.4035]",56.0
2019-02,vettel,-0.012397817150234814,37,3,"[0.2456, 0.614, 0.6667]",57.0
2019-03,albon,0.005833827962815338,51,1,[0.3393],55.0
2019-03,bottas,-0.018672338544845235,50,2,"[0.375, 0.6429]",56.0
2019-03,gasly,-0.008767037367303877,48,3,"[0.3393, 0.6964, 0.9464]",56.0
2019-03,giovinazzi,0.004585181136124227,49,2,"[0.125, 0.5357]",55.0
2019-03,grosjean,0.002315496224108635,49,2,"[0.1429, 0.625]",55.0
2019-03,hamilton,-0.02029863010377037,50,2,"[0.3929, 0.6429]",56.0
2019-03,hulkenberg,0.0031056668157016898,11,2,"[0.1964, 0.2857]",16.0
2019-03,kevin_magnussen,0.003823781000497533,49,2,"[0.1607, 0.5893]",55.0
2019-03,kubica,0.02367359677646018,50,1,[0.4643],54.0
2019-03,kvyat,0.0002512655407606527,32,4,"[0.125, 0.4464, 0.5357, 0.7321]",41.0
2019-03,leclerc,-0.015399659801452326,50,2,"[0.3929, 0.75]",56.0
2019-03,max_verstappen,-0.01586390052645588,50,2,"[0.3036, 0.6071]",56.0
2019-03,norris,0.0021250685387335915,43,4,"[0.0179, 0.3036, 0.6071, 0.8929]",50.0
2019-03,perez,0.0032946514069097134,51,1,[0.3571],55.0
2019-03,raikkonen,0.003647600361869542,51,1,[0.4464],55.0
2019-03,ricciardo,0.0031165472092442863,51,1,[0.3214],55.0
2019-03,russell,0.018921353915057934,48,2,"[0.3929, 0.875]",54.0
2019-03,sainz,0.0007486348279153024,51,2,"[0.0179, 0.6429]",55.0
2019-03,stroll,0.0036660126544614917,49,2,"[0.3571, 0.7857]",55.0
2019-03,vettel,-0.01836013973683344,50,2,"[0.3214, 0.625]",56.0
2019-04,albon,0.005137225653834983,42,1,[0.2353],50.0
2019-04,bottas,-0.015663753038245472,42,1,[0.2353],51.0
2019-04,gasly,-0.005419074456276599,34,0,[],39.0
2019-04,giovinazzi,0.005113633681394438,42,1,[0.1373],50.0
2019-04,grosjean,0.013785628726004898,31,2,"[0.6667, 0.7451]",38.0
2019-04,hamilton,-0.016766392545504077,42,1,[0.2549],51.0
2019-04,hulkenberg,0.011888492530533232,40,2,"[0.1569, 0.6667]",50.0
2019-04,kevin_magnussen,0.008845153804335768,42,2,"[0.1373, 0.7647]",50.0
2019-04,kubica,0.022073850397162104,36,3,"[0.2745, 0.451, 0.8235]",49.0
2019-04,kvyat,0.0007501308381338286,27,2,"[0.098, 0.6471]",33.0
2019-04,leclerc,-0.011142234190820161,40,2,"[0.6667, 0.9216]",51.0
2019-04,max_verstappen,-0.012362887048667615,42,1,[0.2745],51.0
2019-04,norris,-0.00029228178519632916,43,2,"[0.1765, 0.7647]",51.0
2019-04,perez,-0.0018672538340210227,43,1,[0.1961],51.0
2019-04,raikkonen,0.004252374750438707,43,1,[0.1176],50.0
2019-04,ricciardo,0.0010909410864939377,27,2,"[0.1961, 0.6078]",31.0
2019-04,russell,0.020716239169483664,39,2,"[0.4902, 0.7451]",49.0
2019-04,sainz,-0.000741164169374647,43,1,[0.2353],51.0
2019-04,stroll,0.0009358174186400725,44,1,[0.1961],51.0
2019-04,vettel,-0.014026062999985227,42,1,[0.2157],51.0
2019-05,albon,-0.0006136514045760607,55,2,"[0.3788, 0.6818]",66.0
2019-05,bottas,-0.019050108224882713,55,2,"[0.3939, 0.6818]",66.0
2019-05,gasly,-0.008080641477645801,55,2,"[0.3333, 0.697]",66.0
2019-05,giovinazzi,0.01564538019957137,52,2,"[0.0909, 0.6212]",66.0
2019-05,grosjean,-0.0035121684074451687,55,2,"[0.3939, 0.697]",66.0
2019-05,hamilton,-0.02048789818296345,55,2,"[0.4091, 0.697]",66.0
2019-05,hulkenberg,0.004957957469850529,55,1,[0.5303],66.0
2019-05,kevin_magnussen,-0.0019219466752009532,55,2,"[0.3485, 0.6818]",66.0
2019-05,kubica,0.03185340684226217,52,2,"[0.4697, 0.6667]",65.0
2019-05,kvyat,-0.001968137352833847,55,2,"[0.3182, 0.6818]",66.0
2019-05,leclerc,-0.013799733483289995,55,2,"[0.3788, 0.697]",66.0
2019-05,max_verstappen,-0.016995302014192186,53,2,"[0.303, 0.6515]",66.0
2019-05,norris,0.004585653074310123,41,1,[0.3939],45.0
2019-05,perez,0.0055270324590107325,55,2,"[0.3636, 0.6818]",66.0
2019-05,raikkonen,0.0061974598078993895,54,2,"[0.4242, 0.6818]",66.0
2019-05,ricciardo,0.002482826104549526,55,2,"[0.3636, 0.6818]",66.0
2019-05,russell,0.02574680728701145,52,2,"[0.4848, 0.6667]",65.0
2019-05,sainz,0.0013678457079905025,55,2,"[0.3636, 0.697]",66.0
2019-05,stroll,0.0050579287474691505,41,1,[0.3333],45.0
2019-05,vettel,-0.015948472711211532,53,2,"[0.2879, 0.6061]",66.0
2019-06,albon,-0.00016311872575107487,64,1,[0.5128],78.0
2019-06,bottas,-0.009129869246930404,66,2,"[0.141, 0.1538]",78.0
2019-06,gasly,-0.012798335650000587,62,2,"[0.3462, 0.7949]",78.0
2019-06,giovinazzi,0.010533081515658712,61,1,[0.5641],76.0
2019-06,grosjean,0.00043244777304723373,63,1,[0.641],78.0
2019-06,hamilton,-0.008266475714299861,66,1,[0.141],78.0
2019-06,hulkenberg,0.004954413717999534,64,1,[0.1154],77.0
2019-06,kevin_magnussen,0.0056661377061921776,64,1,[0.141],77.0
2019-06,kubica,0.009258233933693231,60,1,[0.2692],77.0
2019-06,kvyat,-0.00018297048271662494,63,1,[0.4103],78.0
2019-06,leclerc,,5,3,"[0.1154, 0.2051, 0.2179]",17.0
2019-06,max_verstappen,-0.008241706786425402,66,1,[0.141],78.0
2019-06,norris,0.0019307622332006315,63,1,[0.6026],78.0
2019-06,perez,0.005013149681640282,64,1,[0.141],77.0
2019-06,raikkonen,0.010515049039138398,62,1,[0.5897],77.0
2019-06,ricciardo,0.002721022590282136,65,1,[0.141],78.0
2019-06,russell,0.007868050609213141,63,1,[0.1282],77.0
2019-06,sainz,0.0003199386197444919,63,1,[0.3846],78.0
2019-06,stroll,0.008625719128788326,62,1,[0.5],77.0
2019-06,vettel,-0.008162833204940857,66,1,[0.141],78.0
2019-07,albon,0.013968858482440208,48,2,"[0.0143, 0.8571]",60.0
2019-07,bottas,-0.013162384595987456,59,2,"[0.4286, 0.9571]",70.0
2019-07,gasly,-0.001868984615528656,58,1,[0.1],69.0
2019-07,giovinazzi,0.004370036276748472,58,1,[0.4714],69.0
2019-07,grosjean,0.0053454558964216355,59,1,[0.4857],69.0
2019-07,hamilton,-0.017960003955137315,58,1,[0.4],70.0
2019-07,hulkenberg,-0.00388418851147923,58,1,[0.2286],69.0
2019-07,kevin_magnussen,0.018067901748525926,57,1,[0.5571],68.0
2019-07,kubica,0.02370207935430351,55,2,"[0.1143, 0.5429]",67.0
2019-07,kvyat,0.0010141452307131744,61,1,[0.1714],69.0
2019-07,leclerc,-0.018257863170998624,58,1,[0.4714],70.0
2019-07,max_verstappen,-0.008146354979699736,59,1,[0.6857],70.0
2019-07,norris,,5,0,[],9.0
2019-07,perez,0.0020385490858818816,61,1,[0.1571],69.0
2019-07,raikkonen,0.002685939125732315,57,2,"[0.0857, 0.8286]",69.0
2019-07,ricciardo,-0.003625825633460213,59,1,[0.1143],69.0
2019-07,russell,0.018608601340244425,58,1,[0.1286],68.0
2019-07,sainz,0.0015894705767314692,59,1,[0.0429],69.0
2019-07,stroll,-0.0005564712054801251,59,1,[0.6429],69.0
2019-07,vettel,-0.0178454449904315,58,1,[0.3714],70.0
2019-08,albon,0.004109551815386131,45,1,[0.4717],52.0
2019-08,bottas,-0.016745382072159518,45,1,[0.434],53.0
2019-08,gasly,0.001177126776586041,44,1,[0.3208],52.0
2019-08,giovinazzi,0.0044724710208274305,43,2,"[0.1321, 0.6415]",52.0
2019-08,grosjean,0.007657144766816404,39,2,"[0.5849, 0.8491]",45.0
2019-08,hamilton,-0.01896334669606276,43,1,[0.4528],53.0
2019-08,hulkenberg,-0.0006135454109178805,45,1,[0.6415],52.0
2019-08,kevin_magnussen,0.009487776018741824,44,1,[0.3019],52.0
2019-08,kubica,0.022789826241190927,42,1,[0.4528],51.0
2019-08,kvyat,0.0033757852813302187,45,1,[0.6038],52.0
2019-08,leclerc,-0.015929587934499046,46,1,[0.3962],53.0
2019-08,max_verstappen,-0.013482257784655078,45,1,[0.3774],53.0
2019-08,norris,-0.000497709438103349,44,1,[0.3396],52.0
2019-08,perez,0.0002540790882037773,45,1,[0.3396],52.0
2019-08,raikkonen,-8.432055234907614e-06,44,1,[0.5849],52.0
2019-08,ricciardo,-0.0004377800266528424,44,1,[0.3019],52.0
2019-08,russell,0.018242759689176425,42,2,"[0.4717, 0.6226]",51.0
2019-08,sainz,-0.0014783835911981837,44,1,[0.3585],53.0
2019-08,stroll,0.0012987738941192296,45,1,[0.7358],52.0
2019-08,vettel,-0.01381813575903932,42,2,"[0.4717, 0.9623]",53.0
2019-09,albon,0.0034742075117822784,67,1,[0.493],70.0
2019-09,bottas,-0.012216264999902249,68,1,[0.2958],71.0
2019-09,gasly,-0.0016386390946878746,67,1,[0.3521],70.0
2019-09,giovinazzi,0.001083995014710499,67,1,[0.338],70.0
2019-09,grosjean,0.004692861059510431,67,1,[0.4789],70.0
2019-09,hamilton,-0.013877720165438744,68,1,[0.4225],71.0
2019-09,hulkenberg,0.001431692765059502,67,1,[0.3662],70.0
2019-09,kevin_magnussen,0.010461792620981679,62,3,"[0.1549, 0.1831, 0.8732]",69.0
2019-09,kubica,0.028249367283233788,65,1,[0.2676],68.0
2019-09,kvyat,0.008905696081569624,67,1,[0.4507],70.0
2019-09,leclerc,-0.015371972382651825,68,1,[0.3099],71.0
2019-09,max_verstappen,-0.016811493180823117,68,1,[0.4366],71.0
2019-09,norris,-0.002807628387775813,67,1,[0.3521],70.0
2019-09,perez,0.0009567222697334075,67,1,[0.3944],70.0
2019-09,raikkonen,0.0013322816279721277,67,1,[0.3239],70.0
2019-09,ricciardo,0.0004668303812464742,67,1,[0.6479],70.0
2019-09,russell,0.013229055690778545,66,1,[0.3803],69.0
2019-09,sainz,-0.0006145205139090801,67,1,[0.5775],70.0
2019-09,stroll,0.0028986563153578383,67,1,[0.3521],70.0
2019-09,vettel,-0.018062162755714786,66,2,"[0.2958, 0.7042]",71.0
2019-10,albon,0.0045312707894694495,41,1,[0.25],52.0
2019-10,bottas,-0.018440874897966697,39,2,"[0.3077, 0.8654]",52.0
2019-10,gasly,-0.007841026267303668,41,1,[0.2308],52.0
2019-10,giovinazzi,0.0073844584768357514,17,0,[],19.0
2019-10,grosjean,,6,2,"[0.0192, 0.1731]",9.0
2019-10,hamilton,-0.01856378288464452,43,1,[0.3846],52.0
2019-10,hulkenberg,0.0029511496146008512,41,1,[0.25],52.0
2019-10,kevin_magnussen,,2,2,"[0.0192, 0.1154]",6.0
2019-10,kubica,0.020118957940295494,42,1,[0.3846],51.0
2019-10,kvyat,0.0029052131240305,41,2,"[0.2308, 0.4038]",52.0
2019-10,leclerc,-0.009722127819735209,41,2,"[0.25, 0.4038]",52.0
2019-10,max_verstappen,-0.010223098380984499,42,2,"[0.25, 0.3846]",52.0
2019-10,norris,-0.0009358891539220335,39,2,"[0.25, 0.6731]",52.0
2019-10,perez,0.0012492083057273424,37,3,"[0.3462, 0.4615, 0.8846]",51.0
2019-10,raikkonen,0.002985938711789879,41,1,[0.3269],52.0
2019-10,ricciardo,-0.0014377961579178772,41,2,"[0.2308, 0.3846]",52.0
2019-10,russell,0.01652502851942807,42,1,[0.4038],51.0
2019-10,sainz,3.7716772763798246e-05,44,1,[0.3846],52.0
2019-10,stroll,0.000885360483628114,39,2,"[0.25, 0.75]",52.0
2019-10,vettel,-0.00950508032075551,41,2,"[0.3846, 0.7308]",51.0
2019-11,albon,-0.0028968644953998746,36,4,"[0.0312, 0.4219, 0.4375, 0.7188]",64.0
2019-11,bottas,-0.016231787660164754,32,4,"[0.0469, 0.4062, 0.4688, 0.7188]",57.0
2019-11,gasly,0.0038388930548786454,32,4,"[0.0469, 0.4062, 0.4375, 0.7188]",62.0
2019-11,giovinazzi,0.0016874253869511436,35,4,"[0.0469, 0.4062, 0.4375, 0.7344]",64.0
2019-11,grosjean,0.007922579129700728,36,5,"[0.0469, 0.4062, 0.4375, 0.6406, 0.7188]",64.0
2019-11,hamilton,-0.01767824820860499,35,6,"[0.0469, 0.4375, 0.4531, 0.7344, 0.8281, 0.875]",64.0
2019-11,hulkenberg,-0.01102121400409963,24,3,"[0.0469, 0.2344, 0.4531]",40.0
2019-11,kevin_magnussen,0.01049561977487692,32,6,"[0.125, 0.3281, 0.4531, 0.6562, 0.7031, 0.8906]",64.0
2019-11,kubica,0.02804293100053434,30,5,"[0.1094, 0.3594, 0.4844, 0.7188, 0.8906]",64.0
2019-11,kvyat,0.0048400606388234735,36,4,"[0.0469, 0.3906, 0.4375, 0.7031]",64.0
2019-11,leclerc,-0.02138093286903009,18,3,"[0.0469, 0.2344, 0.4219]",27.0
2019-11,max_verstappen,-0.020787389922138234,36,5,"[0.0469, 0.3906, 0.4531, 0.6406, 0.7188]",64.0
2019-11,norris,0.00010284250301817894,15,2,"[0.0938, 0.3906]",25.0
2019-11,raikkonen,-0.0020188549080179616,35,4,"[0.0469, 0.4062, 0.4375, 0.7344]",64.0
2019-11,ricciardo,0.01564257558108749,9,1,[0.0469],14.0
2019-11,russell,0.026052236356300336,31,5,"[0.1094, 0.375, 0.6406, 0.7344, 0.8906]",64.0
2019-11,sainz,-0.0015352705047342679,37,3,"[0.0469, 0.4219, 0.7188]",64.0
2019-11,stroll,0.0039428955621524965,35,5,"[0.1094, 0.3906, 0.4375, 0.6406, 0.6875]",64.0
2019-11,vettel,-0.0049733570112106724,35,5,"[0.0312, 0.3594, 0.4375, 0.6406, 0.7344]",64.0
2019-12,albon,0.001085780930509451,65,1,[0.4],69.0
2019-12,bottas,-0.008855249084174847,63,2,"[0.0714, 0.6571]",69.0
2019-12,gasly,-0.004182941548173092,65,1,[0.4],69.0
2019-12,giovinazzi,0.016751897395044776,64,1,[0.2143],68.0
2019-12,grosjean,0.005912498628316266,44,2,"[0.2714, 0.7]",49.0
2019-12,hamilton,-0.026451972038588942,63,2,"[0.4429, 0.6857]",70.0
2019-12,hulkenberg,0.0037272326174964446,65,1,[0.5143],69.0
2019-12,kevin_magnussen,0.0036066140911641784,65,1,[0.5429],69.0
2019-12,kubica,0.01875566176359709,62,1,[0.2571],67.0
2019-12,kvyat,0.0035076260883458426,63,1,[0.3],68.0
2019-12,leclerc,-0.012035596577100387,65,1,[0.3857],70.0
2019-12,max_verstappen,-0.02338336832927519,63,2,"[0.3571, 0.9571]",70.0
2019-12,norris,-0.004131854441305148,65,1,[0.4],69.0
2019-12,perez,0.0034712337797601924,65,1,[0.2571],69.0
2019-12,raikkonen,-0.003840070055955544,65,1,[0.4143],69.0
2019-12,ricciardo,0.002957935326867162,65,1,[0.6571],69.0
2019-12,russell,0.015379411952270213,64,1,[0.2286],68.0
2019-12,sainz,-0.004327513793229641,65,1,[0.4143],69.0
2019-12,stroll,0.011837234884663752,62,2,"[0.2286, 0.7143]",68.0
2019-12,vettel,-0.012964687823287665,65,1,[0.5571],70.0
2019-13,albon,-0.0021484302602163027,36,1,[0.5227],44.0
2019-13,bottas,-0.017897878201727477,36,1,[0.5227],44.0
2019-13,gasly,0.0048391863773521076,36,1,[0.2955],44.0
2019-13,giovinazzi,0.0014284018850198464,36,1,[0.6591],43.0
2019-13,grosjean,0.006538867222956296,36,1,[0.3636],43.0
2019-13,hamilton,-0.019653129312848704,36,1,[0.5],44.0
2019-13,hulkenberg,-0.0008958932557056892,34,2,"[0.25, 0.7045]",44.0
2019-13,kevin_magnussen,0.0062281874664299585,36,1,[0.5682],43.0
2019-13,kubica,0.014514381896202145,36,1,[0.7045],43.0
2019-13,kvyat,0.00034960390718471394,36,1,[0.5455],44.0
2019-13,leclerc,-0.019907653858448823,36,1,[0.4773],44.0
2019-13,norris,-0.005944635259212899,36,1,[0.4318],44.0
2019-13,perez,-0.0023003837264915475,36,1,[0.3409],44.0
2019-13,raikkonen,0.011588421801374812,36,3,"[0.0227, 0.0455, 0.7045]",43.0
2019-13,ricciardo,0.009611310099619927,37,1,[0.0227],43.0
2019-13,russell,0.011119845371483576,36,1,[0.6818],43.0
2019-13,stroll,-0.0005151380865291165,34,2,"[0.3182, 0.6818]",44.0
2019-13,vettel,-0.02032043740233303,34,2,"[0.3409, 0.75]",44.0
2019-14,albon,-0.005274239110057459,45,1,[0.4906],53.0
2019-14,bottas,-0.013319107952665093,44,1,[0.5094],53.0
2019-14,gasly,0.002750011679649468,45,1,[0.5283],52.0
2019-14,giovinazzi,0.0028837474066808685,44,1,[0.3962],52.0
2019-14,grosjean,0.01475659155589553,43,2,"[0.1321, 0.5472]",52.0
2019-14,hamilton,-0.011803415168577863,41,2,"[0.3585, 0.9245]",53.0
2019-14,hulkenberg,-0.0019845963464053345,46,1,[0.5472],53.0
2019-14,kevin_magnussen,0.00339645852549103,32,3,"[0.3774, 0.6415, 0.8113]",43.0
2019-14,kubica,0.02160361090056806,42,2,"[0.5472, 0.8302]",51.0
2019-14,kvyat,-1.6060809233926575e-05,24,1,[0.5283],30.0
2019-14,leclerc,-0.013258269613857279,43,1,[0.3774],53.0
2019-14,max_verstappen,-0.006202390252812912,45,2,"[0.0189, 0.5094]",53.0
2019-14,norris,0.0023853175378298875,44,1,[0.434],52.0
2019-14,perez,0.00046888237373109333,46,1,[0.5283],53.0
2019-14,raikkonen,0.010930341360828886,42,2,"[0.3585, 0.4906]",52.0
2019-14,ricciardo,-0.00248680883343889,46,1,[0.566],53.0
2019-14,russell,0.012523624107813946,44,1,[0.434],52.0
2019-14,sainz,-0.0010022338362505653,23,1,[0.5094],27.0
2019-14,stroll,-6.846305026401006e-05,42,2,"[0.283, 0.4151]",52.0
2019-14,vettel,-0.007881195039447264,40,3,"[0.1132, 0.2264, 0.7736]",52.0
2019-15,albon,-0.0022416309918015485,46,1,[0.3279],61.0
2019-15,bottas,-0.003809500835698785,46,1,[0.3607],61.0
2019-15,gasly,0.0004740805299605757,45,1,[0.5246],61.0
2019-15,giovinazzi,0.002223015579569793,46,2,"[0.5574, 0.5902]",61.0
2019-15,grosjean,0.007461393026217884,45,2,"[0.377, 0.5738]",61.0
2019-15,hamilton,-0.004991342271931516,46,1,[0.4262],61.0
2019-15,hulkenberg,-0.0008444429844528244,46,2,"[0.0164, 0.5902]",61.0
2019-15,kevin_magnussen,0.0039940486845884875,43,2,"[0.2951, 0.918]",61.0
2019-15,kubica,0.015812619645904965,45,2,"[0.3443, 0.7213]",61.0
2019-15,kvyat,0.004232591395948077,45,2,"[0.1967, 0.5902]",61.0
2019-15,leclerc,-0.007388022630272268,46,1,[0.3279],61.0
2019-15,max_verstappen,-0.006719963330862336,46,1,[0.3115],61.0
2019-15,norris,-0.002016270744715947,46,1,[0.3279],61.0
2019-15,perez,0.001026205949154462,33,1,[0.2131],43.0
2019-15,raikkonen,-0.0001378275417270653,36,1,[0.2459],50.0
2019-15,ricciardo,0.004989690170916967,45,1,[0.5574],61.0
2019-15,russell,0.001600294124341089,32,1,[0.0164],35.0
2019-15,sainz,0.0063840143528661525,44,2,"[0.0164, 0.5738]",61.0
2019-15,stroll,0.0035641086327472785,43,3,"[0.5082, 0.6721, 0.7213]",61.0
2019-15,vettel,-0.008850630464498677,46,1,[0.3115],61.0
2019-16,albon,-0.0025589013966479893,44,1,[0.5472],53.0
2019-16,bottas,-0.020166507587956746,44,1,[0.5283],53.0
2019-16,gasly,0.0062367344939771585,43,1,[0.4906],53.0
2019-16,giovinazzi,0.00885632901968808,44,2,"[0.0377, 0.5094]",53.0
2019-16,hamilton,-0.02378091290367906,44,1,[0.5283],53.0
2019-16,hulkenberg,-2.113680920928014e-05,42,2,"[0.3019, 0.5472]",53.0
2019-16,kevin_magnussen,0.0001939388307400549,44,1,[0.5094],53.0
2019-16,kubica,0.022945071356585578,22,3,"[0.0189, 0.0377, 0.5283]",28.0
2019-16,kvyat,0.004207900856298451,44,2,"[0.5094, 0.5472]",53.0
2019-16,leclerc,-0.023751736507850008,42,2,"[0.4151, 0.566]",53.0
2019-16,max_verstappen,-0.012937068695337096,44,1,[0.5283],53.0
2019-16,norris,-0.00015326473842804857,42,1,[0.3774],53.0
2019-16,perez,-0.002116961179252092,42,1,[0.434],53.0
2019-16,raikkonen,0.005506803727155708,42,2,"[0.1698, 0.5094]",53.0
2019-16,ricciardo,0.008916036622670959,20,2,"[0.0189, 0.4528]",24.0
2019-16,russell,0.010320211920892669,23,1,[0.5094],27.0
2019-16,sainz,-0.0035916322074442345,42,1,[0.3962],53.0
2019-16,stroll,0.002215937275433667,44,1,[0.5094],53.0
2019-16,vettel,-0.026416458374901676,22,1,[0.4906],26.0
2019-17,albon,-0.012990863824596736,45,2,"[0.283, 0.6415]",53.0
2019-17,bottas,-0.023589698158005382,45,2,"[0.3208, 0.6792]",53.0
2019-17,gasly,0.0022382555858780698,47,1,[0.3396],52.0
2019-17,giovinazzi,0.008871969664112267,44,2,"[0.3396, 0.9245]",52.0
2019-17,grosjean,0.008817850853449908,46,1,[0.3019],52.0
2019-17,hamilton,-0.022591229009831695,45,2,"[0.3962, 0.7925]",53.0
2019-17,hulkenberg,0.002285675609062562,47,1,[0.3585],52.0
2019-17,kevin_magnussen,0.008579039518247985,44,2,"[0.3208, 0.8868]",52.0
2019-17,kubica,0.026528368653829067,42,2,"[0.4151, 0.6226]",51.0
2019-17,kvyat,0.0022634589748503583,47,1,[0.5094],52.0
2019-17,leclerc,-0.010453153302689405,44,3,"[0.0566, 0.4717, 0.8679]",52.0
2019-17,max_verstappen,0.010078618480220868,11,1,[0.2642],14.0
2019-17,norris,0.0005887702352798215,46,2,"[0.0755, 0.4717]",52.0
2019-17,perez,-0.0026216052871239825,45,2,"[0.3585, 0.7736]",52.0
2019-17,raikkonen,0.0025144415706152183,44,2,"[0.283, 0.6792]",52.0
2019-17,ricciardo,-0.0011938057831843729,47,1,[0.5472],52.0
2019-17,russell,0.015775969860586624,46,1,[0.4717],51.0
2019-17,sainz,-0.007023915679167213,47,1,[0.4906],53.0
2019-17,stroll,0.0032361733022440785,47,1,[0.3396],52.0
2019-17,vettel,-0.02253924923589338,45,2,"[0.3019, 0.5849]",53.0
2019-18,albon,-0.014295858493647213,62,2,"[0.1972, 0.6197]",71.0
2019-18,bottas,-0.013516534183861489,64,1,[0.507],71.0
2019-18,gasly,-0.0001421505149967113,61,2,"[0.1268, 0.6901]",70.0
2019-18,giovinazzi,0.005420170342717265,63,1,[0.2958],70.0
2019-18,grosjean,0.02087846900933196,61,1,[0.5211],69.0
2019-18,hamilton,-0.012954782639027624,64,1,[0.3239],71.0
2019-18,hulkenberg,0.001423804628712946,63,1,[0.2535],70.0
2019-18,kevin_magnussen,0.012703031444689629,62,1,[0.3944],69.0
2019-18,kubica,0.019226985062963532,59,2,"[0.2958, 0.8451]",69.0
2019-18,kvyat,-0.0016092040753923342,61,2,"[0.1408, 0.6197]",70.0
2019-18,leclerc,-0.015590240114644206,62,2,"[0.2113, 0.6056]",71.0
2019-18,max_verstappen,-0.00690492984376797,65,1,[0.0704],71.0
2019-18,norris,0.009111217979735324,41,2,"[0.169, 0.6761]",48.0
2019-18,perez,-0.0013913050137624918,64,1,[0.2817],71.0
2019-18,raikkonen,0.004420395308469831,49,3,"[0.2113, 0.7324, 0.8169]",58.0
2019-18,ricciardo,-0.0013459792523256697,64,1,[0.7042],71.0
2019-18,russell,0.02157765155563561,62,1,[0.3099],69.0
2019-18,sainz,0.0014585155142507766,61,2,"[0.2113, 0.493]",70.0
2019-18,stroll,0.0042567619826875515,63,1,[0.5211],70.0
2019-18,vettel,-0.01236440294212946,64,1,[0.5211],71.0
2019-19,albon,-0.011595224726908455,45,3,"[0.0179, 0.3571, 0.7143]",56.0
2019-19,bottas,-0.01935209150337077,46,2,"[0.25, 0.625]",56.0
2019-19,gasly,0.002914045346287408,47,3,"[0.3393, 0.9464, 0.9643]",54.0
2019-19,giovinazzi,0.006082877348594449,45,2,"[0.3036, 0.6964]",55.0
2019-19,grosjean,0.011744268152428872,47,1,[0.4286],55.0
2019-19,hamilton,-0.01622218839668642,48,1,[0.4286],56.0
2019-19,hulkenberg,-0.0017431107892914891,46,2,"[0.4821, 0.6964]",55.0
2019-19,kevin_magnussen,0.00827366814738353,45,2,"[0.3214, 0.7143]",53.0
2019-19,kubica,0.024881555949962143,25,2,"[0.1964, 0.5536]",31.0
2019-19,kvyat,-0.001979054902844393,46,2,"[0.375, 0.6964]",55.0
2019-19,leclerc,-0.013051030990471956,46,2,"[0.3571, 0.75]",56.0
2019-19,max_verstappen,-0.01885470971406955,46,2,"[0.2321, 0.6071]",56.0
2019-19,norris,-0.004218540165292328,46,2,"[0.3393, 0.75]",56.0
2019-19,perez,0.0011797033337249733,48,1,[0.4286],55.0
2019-19,raikkonen,0.0014021752073337282,46,2,"[0.3214, 0.7143]",55.0
2019-19,ricciardo,-0.0005706009111559606,48,1,[0.375],56.0
2019-19,russell,0.01819659143527813,45,2,"[0.4107, 0.8214]",54.0
2019-19,sainz,0.0015593118873036514,48,1,[0.3214],55.0
2019-19,stroll,0.0028922332625096444,46,2,"[0.1607, 0.5179]",55.0
2019-19,vettel,,6,1,[0.1429],8.0
2019-20,albon,-0.014438735025220136,52,2,"[0.338, 0.7042]",71.0
2019-20,bottas,-0.012888626139149838,45,2,"[0.3662, 0.5775]",52.0
2019-20,gasly,-0.004334527390284583,52,2,"[0.3099, 0.662]",71.0
2019-20,giovinazzi,-0.0006945961825518739,51,2,"[0.2817, 0.6479]",71.0
2019-20,grosjean,0.003674964565178725,53,2,"[0.3662, 0.9155]",71.0
2019-20,hamilton,-0.021510299992070634,52,3,"[0.2817, 0.6056, 0.9296]",71.0
2019-20,hulkenberg,0.004556733978124782,51,3,"[0.3803, 0.6197, 0.7465]",71.0
2019-20,kevin_magnussen,0.004357674180316642,51,2,"[0.3803, 0.7465]",71.0
2019-20,kubica,0.02517456836518428,48,4,"[0.2817, 0.507, 0.7465, 0.9296]",70.0
2019-20,kvyat,0.003276654285252256,51,2,"[0.3239, 0.6479]",71.0
2019-20,leclerc,-0.01102372627065331,53,2,"[0.4085, 0.7606]",66.0
2019-20,max_verstappen,-0.023099283143714646,52,3,"[0.2958, 0.6197, 0.7606]",71.0
2019-20,norris,0.0023618825747116776,53,2,"[0.3803, 0.7465]",71.0
2019-20,perez,0.00037639762751871456,51,2,"[0.2394, 0.6338]",71.0
2019-20,raikkonen,-0.0019539667432314197,51,2,"[0.2958, 0.662]",71.0
2019-20,ricciardo,-0.0037844207504037467,52,2,"[0.1127, 0.5634]",71.0
2019-20,russell,0.018694252933311024,53,3,"[0.3239, 0.7606, 0.9296]",71.0
2019-20,sainz,0.0012558367555190965,54,1,[0.4085],71.0
2019-20,stroll,0.0047150946136123315,52,2,"[0.3944, 0.7465]",66.0
2019-20,vettel,-0.017504011066279895,51,2,"[0.3521, 0.6901]",66.0
2019-21,albon,-0.009518276599673513,52,1,[0.2364],55.0
2019-21,bottas,-0.014739087766793713,52,1,[0.5273],55.0
2019-21,gasly,0.004895621560726242,51,1,[0.0182],53.0
2019-21,giovinazzi,0.006704686863454657,49,2,"[0.1455, 0.4727]",54.0
2019-21,grosjean,0.007344552482183416,51,1,[0.3273],54.0
2019-21,hamilton,-0.021050565049980176,52,1,[0.4727],55.0
2019-21,hulkenberg,0.0008818291954226961,51,1,[0.3273],54.0
2019-21,kevin_magnussen,0.006184658061486322,51,1,[0.3636],54.0
2019-21,kubica,0.017675682188401654,50,1,[0.4364],53.0
2019-21,kvyat,1.0226083611326902e-05,51,1,[0.7273],54.0
2019-21,leclerc,-0.017324794017242517,50,2,"[0.2182, 0.6909]",55.0
2019-21,max_verstappen,-0.018371769970946774,52,1,[0.4545],55.0
2019-21,norris,9.852597890646532e-05,51,1,[0.1455],54.0
2019-21,perez,0.00019973240389996942,51,1,[0.6727],54.0
2019-21,raikkonen,0.0027132896064198174,51,1,[0.4],54.0
2019-21,ricciardo,-0.002139282649426231,49,2,"[0.2, 0.7636]",54.0
2019-21,russell,0.012075131433049963,51,1,[0.5818],54.0
2019-21,sainz,-0.0015736795370607135,49,2,"[0.2182, 0.7455]",54.0
2019-21,stroll,0.006825595426065238,39,3,"[0.0909, 0.4182, 0.8182]",45.0
2019-21,vettel,-0.014927425400654669,50,2,"[0.2182, 0.6909]",55.0
2020-01,albon,-0.010906671780873211,35,3,"[0.3088, 0.6765, 0.75]",63.0
2020-01,bottas,-0.026808084766447797,41,2,"[0.3235, 0.7647]",68.0
2020-01,gasly,-0.0007487032094870112,42,2,"[0.3088, 0.75]",67.0
2020-01,giovinazzi,4.390075957442501e-05,42,3,"[0.2941, 0.7353, 0.75]",67.0
2020-01,grosjean,0.01341586860345804,28,2,"[0.2206, 0.6471]",44.0
2020-01,hamilton,-0.018578012274718465,40,2,"[0.3088, 0.75]",67.0
2020-01,kevin_magnussen,0.00821213573694738,18,0,[],20.0
2020-01,kvyat,-0.0026287307035706025,38,3,"[0.3088, 0.6765, 0.75]",65.0
2020-01,latifi,0.007517769584668037,38,3,"[0.3088, 0.6765, 0.75]",67.0
2020-01,leclerc,-0.0068659464361124556,41,3,"[0.3088, 0.6765, 0.75]",67.0
2020-01,max_verstappen,-0.02026957791026971,8,1,[0.1471],10.0
2020-01,norris,-0.007863431584822712,41,3,"[0.3088, 0.6765, 0.75]",67.0
2020-01,ocon,0.00019453684285079625,42,2,"[0.3088, 0.75]",67.0
2020-01,perez,-0.007498363402988746,42,2,"[0.3088, 0.75]",67.0
2020-01,raikkonen,0.006023001642197554,29,2,"[0.2794, 0.6765]",49.0
2020-01,ricciardo,0.0003050551162979897,10,1,[0.1765],12.0
2020-01,russell,0.010098224250918664,29,1,[0.2941],45.0
2020-01,sainz,-0.004186346714067504,40,3,"[0.3088, 0.6912, 0.75]",67.0
2020-01,stroll,0.004567737560380018,13,1,[0.2206],15.0
2020-01,vettel,-0.006027212194922508,40,3,"[0.3088, 0.6765, 0.75]",67.0
2020-02,albon,-0.006087928245554767,65,1,[0.493],71.0
2020-02,bottas,-0.01275693637617592,65,1,[0.4789],71.0
2020-02,gasly,0.005606772673807675,62,2,"[0.338, 0.6901]",70.0
2020-02,giovinazzi,0.006265346284505362,64,1,[0.5493],70.0
2020-02,grosjean,0.0051048046178767395,64,1,[0.5211],70.0
2020-02,hamilton,-0.014549435307830082,65,1,[0.3803],71.0
2020-02,kevin_magnussen,0.00658366973961646,64,1,[0.4366],70.0
2020-02,kvyat,0.00438799649070439,64,1,[0.507],70.0
2020-02,latifi,0.014187566243668199,62,1,[0.4507],69.0
2020-02,max_verstappen,-0.012488450614690186,63,2,"[0.338, 0.9577]",71.0
2020-02,norris,-0.0036774577805692866,65,1,[0.5493],71.0
2020-02,ocon,-0.001629918137218802,20,1,[0.3521],25.0
2020-02,perez,-0.006664376016598245,63,1,[0.5352],71.0
2020-02,raikkonen,0.0059044853684659905,64,1,[0.6197],70.0
2020-02,ricciardo,-0.0026457265264087262,65,1,[0.5211],71.0
2020-02,russell,0.012249425978159062,63,1,[0.4789],69.0
2020-02,sainz,-0.00242763688744434,62,2,"[0.4507, 0.9296]",70.0
2020-02,stroll,-0.002709207214063386,65,1,[0.4648],71.0
2020-03,albon,-0.002198780584746155,64,2,"[0.0429, 0.4857]",70.0
2020-03,bottas,-0.018165019732139683,60,3,"[0.0286, 0.4714, 0.7]",70.0
2020-03,gasly,0.011844414718189715,11,2,"[0.0429, 0.2143]",15.0
2020-03,giovinazzi,0.0036791541755430905,62,3,"[0.0571, 0.2857, 0.5714]",69.0
2020-03,grosjean,0.007620192000157804,62,1,[0.4857],69.0
2020-03,hamilton,-0.018010961983148256,61,3,"[0.0429, 0.5286, 0.9429]",70.0
2020-03,kevin_magnussen,0.003223019970187338,63,1,[0.5],69.0
2020-03,kvyat,0.005169050701208639,62,2,"[0.0143, 0.2571]",69.0
2020-03,latifi,0.022397235938654288,52,5,"[0.0429, 0.0571, 0.4429, 0.5571, 0.7429]",65.0
2020-03,leclerc,0.00513500455480272,61,2,"[0.0286, 0.2857]",69.0
2020-03,max_verstappen,-0.013158257195895914,64,2,"[0.0571, 0.5143]",70.0
2020-03,norris,0.005050243218305151,63,2,"[0.0571, 0.5]",69.0
2020-03,ocon,0.005120076709816061,62,2,"[0.0571, 0.4429]",69.0
2020-03,perez,-0.0008192751585410583,63,2,"[0.0429, 0.5]",69.0
2020-03,raikkonen,0.005898340798345746,63,2,"[0.0429, 0.4714]",69.0
2020-03,ricciardo,-0.0015463825158628522,63,2,"[0.0571, 0.6143]",69.0
2020-03,russell,0.006078621322715165,61,3,"[0.0571, 0.2714, 0.7143]",69.0
2020-03,sainz,0.0017427872247817167,63,2,"[0.0429, 0.5714]",69.0
2020-03,stroll,-0.009572465817957595,61,3,"[0.0429, 0.5, 0.7429]",70.0
2020-03,vettel,-0.001414013725015084,63,2,"[0.0429, 0.4143]",69.0
2020-04,albon,-0.008401860153690698,34,2,"[0.1154, 0.5769]",52.0
2020-04,bottas,-0.018635926596383728,37,2,"[0.25, 0.9615]",52.0
2020-04,gasly,0.0007025957776380625,39,1,[0.2308],52.0
2020-04,giovinazzi,0.005709206361037139,38,1,[0.2308],52.0
2020-04,grosjean,-0.0003501228953321593,36,1,[0.6923],52.0
2020-04,hamilton,-0.019416325904243702,38,1,[0.25],52.0
2020-04,kvyat,,6,0,[],12.0
2020-04,latifi,0.006907716781816974,38,1,[0.2308],52.0
2020-04,leclerc,-0.0043497281406781095,39,1,[0.25],52.0
2020-04,max_verstappen,-0.015799047105763464,37,2,"[0.25, 0.9615]",52.0
2020-04,norris,-0.001911503761130997,39,1,[0.2308],52.0
2020-04,ocon,-0.000436054418555559,39,1,[0.2308],52.0
2020-04,raikkonen,0.010141811135655302,37,2,"[0.2308, 0.9038]",51.0
2020-04,ricciardo,-0.0025856342910156615,39,1,[0.2308],52.0
2020-04,russell,0.005845470670504585,38,1,[0.2308],52.0
2020-04,sainz,-0.002548577817273706,37,2,"[0.25, 0.9808]",52.0
2020-04,stroll,0.0017628342135987763,39,1,[0.25],52.0
2020-04,vettel,0.003453813634904331,38,1,[0.2308],52.0
2020-05,albon,-0.0054736907057057384,47,2,"[0.1154, 0.5769]",52.0
2020-05,bottas,-0.009301399494056827,46,2,"[0.25, 0.6154]",52.0
2020-05,gasly,0.000699909593875194,46,2,"[0.1346, 0.4423]",52.0
2020-05,giovinazzi,0.01102842976600399,44,2,"[0.1346, 0.6346]",51.0
2020-05,grosjean,0.008001586774068741,44,2,"[0.3269, 0.7308]",51.0
2020-05,hamilton,-0.010689280360954389,46,2,"[0.2692, 0.7885]",52.0
2020-05,hulkenberg,-0.0054027698583950885,45,3,"[0.2885, 0.5769, 0.8462]",52.0
2020-05,kevin_magnussen,0.010406506220220737,34,3,"[0.1731, 0.3846, 0.8269]",43.0
2020-05,kvyat,0.0001923062313317818,46,2,"[0.3654, 0.6731]",52.0
2020-05,latifi,0.007982736094413943,42,3,"[0.1731, 0.5, 0.8846]",51.0
2020-05,leclerc,-0.004764332307851479,48,1,[0.3462],52.0
2020-05,max_verstappen,-0.012996782399216186,46,2,"[0.5, 0.6154]",52.0
2020-05,norris,-0.0009109002563203654,46,2,"[0.2308, 0.5577]",52.0
2020-05,ocon,0.003204150224135026,48,1,[0.4231],52.0
2020-05,raikkonen,0.013459300957711246,46,1,[0.5],51.0
2020-05,ricciardo,0.0005770062026295511,43,3,"[0.2692, 0.5, 0.6731]",51.0
2020-05,russell,0.00754770005176904,42,3,"[0.1538, 0.4615, 0.75]",51.0
2020-05,sainz,-0.00027131050206577104,46,2,"[0.4231, 0.6538]",52.0
2020-05,stroll,-0.0037701259180031982,47,2,"[0.3462, 0.5962]",52.0
2020-05,vettel,0.0003191062624931928,46,2,"[0.4231, 0.6346]",52.0
2020-06,albon,5.009224711975793e-05,58,2,"[0.2576, 0.5909]",65.0
2020-06,bottas,-0.017659864071795383,56,3,"[0.3485, 0.7273, 0.9697]",66.0
2020-06,gasly,-0.00011108019462937738,58,2,"[0.3182, 0.6364]",65.0
2020-06,giovinazzi,0.003051312365662772,58,2,"[0.3182, 0.6818]",65.0
2020-06,grosjean,0.008169355004955936,57,2,"[0.4848, 0.9394]",64.0
2020-06,hamilton,-0.022160246182852096,58,2,"[0.3485, 0.7576]",66.0
2020-06,kevin_magnussen,0.006576475749975327,60,1,[0.4242],65.0
2020-06,kvyat,-0.0011265185056401625,58,2,"[0.3182, 0.6818]",65.0
2020-06,latifi,0.006352289676676524,57,2,"[0.4242, 0.7424]",64.0
2020-06,leclerc,-0.0009695965437804843,32,2,"[0.4394, 0.5758]",38.0
2020-06,max_verstappen,-0.017193005787486473,58,2,"[0.3182, 0.6212]",66.0
2020-06,norris,0.00020515747802424362,58,2,"[0.3182, 0.6667]",65.0
2020-06,ocon,0.004560332936574975,60,1,[0.5152],65.0
2020-06,perez,-5.9445661859334596e-05,61,1,[0.4394],65.0
2020-06,raikkonen,0.0006408568750388136,58,2,"[0.303, 0.6667]",65.0
2020-06,ricciardo,0.0015903944311645463,61,1,[0.5303],65.0
2020-06,russell,0.007100689419431735,59,2,"[0.2879, 0.5303]",65.0
2020-06,sainz,-0.002740164095924527,59,2,"[0.3333, 0.6212]",65.0
2020-06,stroll,-0.0030611174369616244,59,2,"[0.4091, 0.6364]",65.0
2020-06,vettel,0.0026353068204948995,60,1,[0.4394],65.0
2020-07,albon,-0.0022176580378270787,37,1,[0.25],44.0
2020-07,bottas,-0.013071071551513302,37,1,[0.25],44.0
2020-07,gasly,-0.004668009146232204,35,1,[0.5909],44.0
2020-07,giovinazzi,0.005177179384012085,8,0,[],10.0
2020-07,grosjean,0.0074423727559348365,37,1,[0.2273],44.0
2020-07,hamilton,-0.01477294314585832,37,1,[0.25],44.0
2020-07,kevin_magnussen,0.0061336429487365155,35,2,"[0.2273, 0.7955]",44.0
2020-07,kvyat,0.004873581932201118,37,1,[0.25],44.0
2020-07,latifi,0.005025969934856121,35,2,"[0.2273, 0.6818]",44.0
2020-07,leclerc,0.0028393033162833863,35,2,"[0.2273, 0.5455]",44.0
2020-07,max_verstappen,-0.010629745963596754,37,1,[0.25],44.0
2020-07,norris,-0.0007950743908703196,37,1,[0.25],44.0
2020-07,ocon,-0.00230349839632621,37,1,[0.25],44.0
2020-07,perez,-0.0022111873548289413,35,1,[0.4091],44.0
2020-07,raikkonen,0.005741322025787624,37,1,[0.2273],44.0
2020-07,ricciardo,-0.00746442882968558,37,1,[0.25],44.0
2020-07,russell,0.0061055218749061805,8,0,[],10.0
2020-07,stroll,0.00027427839945036637,37,1,[0.25],44.0
2020-07,vettel,0.006444735692797551,37,1,[0.25],44.0
2020-08,albon,0.0038071328101770643,42,2,"[0.4151, 0.4906]",53.0
2020-08,bottas,-0.003793587216291485,42,2,"[0.4151, 0.4906]",53.0
2020-08,gasly,-0.0036609492921705505,41,2,"[0.3585, 0.4906]",53.0
2020-08,giovinazzi,0.005201913176547571,40,3,"[0.3774, 0.4906, 0.566]",53.0
2020-08,grosjean,0.0043579664186578345,42,2,"[0.4151, 0.4906]",53.0
2020-08,hamilton,-0.013170809813945214,39,3,"[0.3774, 0.4906, 0.5283]",53.0
2020-08,kevin_magnussen,-0.001189158992258773,14,2,"[0.0189, 0.3396]",18.0
2020-08,kvyat,-0.0006483814093536536,42,2,"[0.4151, 0.4906]",53.0
2020-08,latifi,0.007239097396969702,40,2,"[0.3019, 0.4906]",53.0
2020-08,leclerc,0.003989282802585217,14,2,"[0.3208, 0.4528]",24.0
2020-08,max_verstappen,-0.00273593846132151,18,3,"[0.4151, 0.4906, 0.566]",30.0
2020-08,norris,-0.004679390156386363,41,2,"[0.4151, 0.4906]",53.0
2020-08,ocon,-0.0012280958869351447,42,2,"[0.4151, 0.4906]",53.0
2020-08,perez,-0.0019038799860998602,41,2,"[0.4151, 0.4906]",53.0
2020-08,raikkonen,0.007271014704850256,41,2,"[0.3396, 0.4906]",53.0
2020-08,ricciardo,-0.00403108691534036,41,2,"[0.4151, 0.4906]",53.0
2020-08,russell,0.0054315971166759465,42,2,"[0.4151, 0.4906]",53.0
2020-08,sainz,-0.006811362730024992,41,2,"[0.4151, 0.4906]",53.0
2020-08,stroll,-0.004317314311008114,41,1,[0.4906],53.0
2020-08,vettel,,4,1,[0.1132],6.0
2020-09,albon,-0.007543099560618168,44,5,"[0.1186, 0.1356, 0.5424, 0.7288, 0.7627]",59.0
2020-09,bottas,-0.013828530612846559,44,5,"[0.1186, 0.1356, 0.5254, 0.7288, 0.7627]",59.0
2020-09,grosjean,0.018748401658210744,43,5,"[0.1186, 0.1356, 0.4746, 0.7119, 0.7458]",59.0
2020-09,hamilton,-0.01584530027875763,44,5,"[0.1186, 0.1356, 0.5424, 0.7458, 0.7627]",59.0
2020-09,kvyat,0.002884803103861257,44,5,"[0.1186, 0.1356, 0.4915, 0.7288, 0.7627]",59.0
2020-09,leclerc,0.002614181295713382,41,5,"[0.1186, 0.1356, 0.3559, 0.6271, 0.7627]",59.0
2020-09,norris,-0.00038423970020548537,44,5,"[0.1186, 0.1356, 0.4915, 0.7288, 0.7627]",59.0
2020-09,perez,-0.0018532463087949722,44,5,"[0.1186, 0.1356, 0.4746, 0.7288, 0.7627]",59.0
2020-09,raikkonen,0.007983056428905838,43,6,"[0.0169, 0.1186, 0.1356, 0.4576, 0.7119, 0.7458]",59.0
2020-09,ricciardo,-0.006057738652055288,44,5,"[0.1186, 0.1356, 0.4576, 0.7288, 0.7627]",59.0
2020-09,russell,0.010088877282799086,43,5,"[0.1186, 0.1356, 0.4915, 0.7288, 0.7627]",59.0
2020-09,stroll,-0.005802674167518204,31,3,"[0.1186, 0.1356, 0.5085]",43.0
2020-09,vettel,0.009106917780625877,43,6,"[0.0169, 0.1186, 0.1356, 0.4746, 0.7288, 0.7627]",59.0
2020-10,albon,0.0019130563644998828,45,2,"[0.0189, 0.5094]",53.0
2020-10,bottas,-0.016159548016437767,44,1,[0.4906],53.0
2020-10,gasly,-0.0019892153977656324,44,2,"[0.3396, 0.7925]",53.0
2020-10,giovinazzi,0.0063307650447655996,44,1,[0.3019],52.0
2020-10,grosjean,0.008230917243722592,43,2,"[0.3208, 0.7925]",52.0
2020-10,hamilton,-0.013592420241573146,44,1,[0.3019],53.0
2020-10,kevin_magnussen,0.005751056901841905,44,1,[0.3585],52.0
2020-10,kvyat,-0.0023750551039026487,44,1,[0.566],53.0
2020-10,latifi,0.014669976270430813,44,1,[0.3208],52.0
2020-10,leclerc,-0.0038547334165645545,44,1,[0.5283],53.0
2020-10,max_verstappen,-0.014424925112601876,44,1,[0.4717],53.0
2020-10,norris,0.007642600165235671,44,2,"[0.0189, 0.8868]",52.0
2020-10,ocon,-0.002336962539598381,44,1,[0.3396],53.0
2020-10,perez,-0.009729667026694826,44,1,[0.3774],53.0
2020-10,raikkonen,0.006176528936650725,44,1,[0.6604],52.0
2020-10,ricciardo,-0.0069485459367724925,44,1,[0.283],53.0
2020-10,russell,0.013587478610611652,41,3,"[0.0189, 0.2642, 0.9434]",52.0
2020-10,vettel,0.0066182007599967126,44,1,[0.566],52.0
2020-11,albon,-0.0026996764083712863,14,2,"[0.1167, 0.3833]",23.0
2020-11,bottas,-0.025283525577035792,12,2,"[0.2167, 0.3]",18.0
2020-11,gasly,0.00027553727684622933,45,2,"[0.5, 0.7333]",60.0
2020-11,giovinazzi,0.0037475394124023235,44,2,"[0.25, 0.6]",60.0
2020-11,grosjean,0.006282385680126821,45,1,[0.4667],60.0
2020-11,hamilton,-0.02219615853242444,46,2,"[0.2667, 0.75]",60.0
2020-11,hulkenberg,0.004263988635687673,45,2,"[0.4833, 0.7333]",60.0
2020-11,kevin_magnussen,0.004638514457662435,43,2,"[0.2333, 0.5667]",60.0
2020-11,kvyat,0.006950387625822683,47,2,"[0.2833, 0.7333]",60.0
2020-11,latifi,0.008630894409800494,43,2,"[0.2333, 0.55]",60.0
2020-11,leclerc,-0.0014540936208767086,43,2,"[0.1667, 0.5833]",60.0
2020-11,max_verstappen,-0.019391119637140748,47,2,"[0.2667, 0.75]",60.0
2020-11,norris,0.0021463623024291574,34,1,[0.4833],43.0
2020-11,ocon,-0.0017007404031952496,15,1,[0.3667],22.0
2020-11,perez,-0.0062939576837366664,46,2,"[0.4667, 0.75]",60.0
2020-11,raikkonen,0.007543949868364672,44,2,"[0.1667, 0.7333]",60.0
2020-11,ricciardo,-0.007064102463513654,48,2,"[0.2667, 0.7333]",60.0
2020-11,russell,0.005508580603038935,9,1,[0.1833],13.0
2020-11,sainz,-0.0036475158785542316,46,2,"[0.4667, 0.7333]",60.0
2020-11,vettel,0.005060693935437431,42,2,"[0.1833, 0.6833]",60.0
2020-12,albon,-0.0024680393832612565,60,2,"[0.2879, 0.697]",65.0
2020-12,bottas,-0.013725643101317186,62,1,[0.6212],66.0
2020-12,gasly,-0.0012599136937243764,62,1,[0.4242],65.0
2020-12,giovinazzi,0.008848538815728843,62,1,[0.4242],65.0
2020-12,grosjean,0.008702578339672544,62,1,[0.3939],65.0
2020-12,hamilton,-0.01888711481865559,62,1,[0.6061],66.0
2020-12,kevin_magnussen,0.008860241051237028,62,1,[0.4697],65.0
2020-12,kvyat,0.005734376241380208,58,2,"[0.3788, 0.8333]",64.0
2020-12,latifi,0.011890324682674903,61,1,[0.3636],64.0
2020-12,leclerc,-0.006479629437013049,62,1,[0.5152],66.0
2020-12,max_verstappen,-0.012096320470893252,62,1,[0.3485],66.0
2020-12,norris,-0.001460077955552131,60,2,"[0.2727, 0.6515]",65.0
2020-12,ocon,-0.0006454935925304697,62,1,[0.803],65.0
2020-12,perez,-0.0046118210877179305,61,2,"[0.0152, 0.6818]",65.0
2020-12,raikkonen,0.0015518879233283626,62,1,[0.1667],65.0
2020-12,ricciardo,0.000721812437983312,62,1,[0.2121],65.0
2020-12,russell,0.00512326709542369,62,1,[0.5455],65.0
2020-12,sainz,0.00013853260422076337,62,1,[0.3939],65.0
2020-12,stroll,0.001620116082494846,45,3,"[0.2727, 0.5152, 0.7727]",51.0
2020-12,vettel,-1.9119735111378034e-05,62,1,[0.4091],65.0
2020-13,albon,-0.001499720138990596,46,2,"[0.2222, 0.9365]",63.0
2020-13,bottas,-0.01010490095195232,49,2,"[0.3016, 0.8095]",63.0
2020-13,gasly,,6,1,[0.127],8.0
2020-13,giovinazzi,0.004234576171850516,48,1,[0.1587],63.0
2020-13,grosjean,0.005918371098507062,48,2,"[0.1429, 0.7937]",63.0
2020-13,hamilton,-0.015961010636730912,50,2,"[0.4762, 0.8254]",63.0
2020-13,kevin_magnussen,0.003658714165252796,41,2,"[0.4286, 0.746]",47.0
2020-13,kvyat,-0.0018748762975806868,48,2,"[0.2222, 0.8095]",63.0
2020-13,latifi,0.005015862692330014,49,1,[0.5397],63.0
2020-13,leclerc,-0.00043336226947084247,48,1,[0.2063],63.0
2020-13,max_verstappen,-0.011457503775267757,44,1,[0.2857],51.0
2020-13,norris,-0.0002665885611489124,48,2,"[0.2063, 0.8413]",63.0
2020-13,ocon,0.003324094944951885,24,1,[0.2063],28.0
2020-13,perez,-0.0022604908973478427,49,2,"[0.4286, 0.8095]",63.0
2020-13,raikkonen,0.0032569669550838016,49,1,[0.7619],63.0
2020-13,ricciardo,-0.001226549360448995,48,1,[0.2222],63.0
2020-13,russell,0.002631523829007854,43,1,[0.1746],52.0
2020-13,sainz,-0.0006153046846270094,48,2,"[0.2698, 0.8095]",63.0
2020-13,stroll,0.0005468015190587696,49,3,"[0.0159, 0.4603, 0.8254]",63.0
2020-13,vettel,0.0014809885783915724,49,2,"[0.619, 0.8095]",63.0
2020-14,albon,-0.006836329111986595,41,2,"[0.2069, 0.5862]",58.0
2020-14,bottas,-0.0005434956918944904,40,2,"[0.1207, 0.7931]",57.0
2020-14,gasly,0.0030054760715406536,39,2,"[0.1724, 0.569]",57.0
2020-14,giovinazzi,,7,1,[0.1379],12.0
2020-14,grosjean,0.014684249062047601,28,3,"[0.1379, 0.6207, 0.8448]",49.0
2020-14,hamilton,-0.010618323598776054,41,1,[0.1379],58.0
2020-14,kevin_magnussen,0.0037095552851003338,33,3,"[0.1379, 0.5862, 0.9483]",55.0
2020-14,kvyat,0.003927125980391176,41,1,[0.1379],57.0
2020-14,latifi,0.03105985251756952,20,3,"[0.1379, 0.6552, 0.6724]",39.0
2020-14,leclerc,-0.009713150851039715,39,2,"[0.1034, 0.5172]",58.0
2020-14,max_verstappen,-0.010535618199074653,38,3,"[0.1897, 0.3103, 0.7414]",58.0
2020-14,norris,-0.006526712022723126,40,2,"[0.1552, 0.6207]",58.0
2020-14,ocon,-0.00039801694413410256,41,2,"[0.0172, 0.1724]",57.0
2020-14,perez,-0.002682359422691119,41,1,[0.1724],58.0
2020-14,raikkonen,0.0062670040221956035,37,3,"[0.1379, 0.5172, 0.8621]",57.0
2020-14,ricciardo,0.0002067046101598048,42,2,"[0.1724, 0.5517]",58.0
2020-14,russell,0.013893555084608322,40,2,"[0.5517, 0.7241]",57.0
2020-14,sainz,-0.010344749821593897,40,2,"[0.1724, 0.569]",58.0
2020-14,stroll,-0.00027200496027029726,38,2,"[0.1552, 0.6207]",58.0
2020-14,vettel,-0.008325431470373467,40,2,"[0.1379, 0.569]",58.0
2020-15,albon,-0.00794551665999948,40,3,"[0.0175, 0.3333, 0.5965]",57.0
2020-15,bottas,-0.0033903385813137303,40,4,"[0.0175, 0.0702, 0.4386, 0.6667]",57.0
2020-15,gasly,0.0022650576007073506,42,2,"[0.0175, 0.4386]",57.0
2020-15,giovinazzi,0.01590438782553366,41,3,"[0.0175, 0.3509, 0.9298]",56.0
2020-15,hamilton,-0.0175280140905636,39,3,"[0.0175, 0.3333, 0.614]",57.0
2020-15,kevin_magnussen,0.021467481895062243,41,4,"[0.0175, 0.0526, 0.4737, 0.9298]",56.0
2020-15,kvyat,0.005615000935838315,39,3,"[0.0175, 0.2982, 0.5789]",56.0
2020-15,latifi,0.012438655885626855,39,3,"[0.0175, 0.3684, 0.6491]",56.0
2020-15,leclerc,0.0020646985234940548,40,3,"[0.0175, 0.4035, 0.7018]",56.0
2020-15,max_verstappen,-0.019420748135647283,37,4,"[0.0175, 0.3509, 0.5965, 0.807]",57.0
2020-15,norris,-0.006276085457492875,40,3,"[0.0175, 0.3158, 0.6667]",57.0
2020-15,ocon,0.0005514370974315585,40,3,"[0.0175, 0.2982, 0.5965]",57.0
2020-15,perez,-0.009449383914436508,39,3,"[0.0175, 0.3509, 0.6316]",54.0
2020-15,raikkonen,0.010746034822955941,39,3,"[0.0175, 0.2982, 0.7018]",56.0
2020-15,ricciardo,-0.002492017528520546,40,3,"[0.0175, 0.2807, 0.6316]",57.0
2020-15,russell,0.009553329859232367,39,3,"[0.0175, 0.3509, 0.6842]",56.0
2020-15,sainz,-0.0060102784935321075,39,3,"[0.0175, 0.3684, 0.6842]",57.0
2020-15,vettel,0.009372475680211366,39,3,"[0.0175, 0.3509, 0.6842]",56.0
2020-16,aitken,0.009025534258716836,66,3,"[0.3563, 0.6207, 0.6782]",87.0
2020-16,albon,-0.0013940359706730867,68,2,"[0.5402, 0.7126]",87.0
2020-16,bottas,-0.008214553639412026,68,2,"[0.5632, 0.7126]",87.0
2020-16,gasly,-0.00189089648372254,65,2,"[0.3218, 0.5862]",87.0
2020-16,giovinazzi,0.005073908200197045,67,2,"[0.2989, 0.6207]",87.0
2020-16,kevin_magnussen,0.009621625091232608,67,2,"[0.2989, 0.6207]",87.0
2020-16,kvyat,-0.0036301269511058256,67,2,"[0.3103, 0.6092]",87.0
2020-16,latifi,0.006184438595080591,44,1,[0.3103],53.0
2020-16,norris,0.0007854304843025086,68,2,"[0.2299, 0.6207]",87.0
2020-16,ocon,-0.0022841414992554564,69,1,[0.4713],87.0
2020-16,perez,-0.006132443018474017,69,2,"[0.0115, 0.5402]",87.0
2020-16,pietro_fittipaldi,0.016334085963572418,66,3,"[0.3563, 0.6092, 0.7241]",87.0
2020-16,raikkonen,0.007697995589281946,66,3,"[0.2644, 0.6207, 0.7126]",87.0
2020-16,ricciardo,-0.0036647238126651977,67,2,"[0.3333, 0.6322]",87.0
2020-16,russell,-0.013898661781743479,66,4,"[0.5172, 0.7126, 0.7241, 0.8966]",87.0
2020-16,sainz,-0.004423647238381586,67,2,"[0.3218, 0.6322]",87.0
2020-16,stroll,-0.002187912581841717,69,1,[0.4828],87.0
2020-16,vettel,0.0026531989803520242,67,3,"[0.3563, 0.6207, 0.7241]",87.0
2020-17,albon,-0.013502518100772617,50,1,[0.1818],55.0
2020-17,bottas,-0.015940400605845263,50,1,[0.1818],55.0
2020-17,gasly,0.0008877327341508993,49,1,[0.1818],55.0
2020-17,giovinazzi,0.0066682699012024045,46,1,[0.4909],54.0
2020-17,hamilton,-0.014427434091993407,50,1,[0.1818],55.0
2020-17,kevin_magnussen,0.014056599284285248,44,2,"[0.5636, 0.8545]",54.0
2020-17,kvyat,0.003667982728920556,48,1,[0.1818],54.0
2020-17,latifi,0.009714417857312932,46,2,"[0.2, 0.6364]",54.0
2020-17,leclerc,0.0017688594638646394,46,1,[0.4],54.0
2020-17,max_verstappen,-0.01871765293578103,50,1,[0.1818],55.0
2020-17,norris,-0.004900917448908922,50,1,[0.1818],55.0
2020-17,ocon,0.003414312111676311,49,1,[0.1818],55.0
2020-17,perez,,7,0,[],9.0
2020-17,pietro_fittipaldi,0.015880439488219874,43,3,"[0.1818, 0.6182, 0.8727]",53.0
2020-17,raikkonen,0.005162338698926963,48,1,[0.1818],54.0
2020-17,ricciardo,-0.00652285195709043,47,1,[0.7091],55.0
2020-17,russell,0.010453022101477994,48,1,[0.1818],54.0
2020-17,sainz,-0.003879132647248589,50,1,[0.1818],55.0
2020-17,stroll,0.003200522770861086,50,1,[0.1818],55.0
2020-17,vettel,0.003794231222013927,46,1,[0.6364],54.0
2021-01,alonso,0.0066185914155107465,22,3,"[0.1964, 0.5179, 0.5714]",32.0
2021-01,bottas,-0.01337117345758075,44,3,"[0.2857, 0.5357, 0.9643]",56.0
2021-01,gasly,-0.0009897820628977298,40,4,"[0.0714, 0.3393, 0.6964, 0.9286]",52.0
2021-01,giovinazzi,0.0028897619153445205,45,2,"[0.2143, 0.5357]",55.0
2021-01,hamilton,-0.013571639494548326,45,2,"[0.2321, 0.5]",56.0
2021-01,latifi,0.01592225242129828,38,3,"[0.25, 0.5714, 0.9107]",51.0
2021-01,leclerc,-0.0021786552754002753,46,2,"[0.2143, 0.5714]",56.0
2021-01,max_verstappen,-0.013234837234768131,46,2,"[0.3036, 0.6964]",56.0
2021-01,mick_schumacher,0.014486187224001766,44,2,"[0.25, 0.5893]",55.0
2021-01,norris,-0.005334424066279515,46,2,"[0.2143, 0.5893]",56.0
2021-01,ocon,0.0047998318365572975,45,2,"[0.2321, 0.5536]",55.0
2021-01,perez,-0.006663771718672643,46,3,"[0.0357, 0.3393, 0.6786]",56.0
2021-01,raikkonen,0.0025410015328293308,46,2,"[0.2321, 0.5179]",56.0
2021-01,ricciardo,-0.0019001585442594705,46,2,"[0.2321, 0.5714]",56.0
2021-01,russell,0.006363400063460042,44,2,"[0.2321, 0.6429]",55.0
2021-01,sainz,-0.002168711520223627,46,2,"[0.2679, 0.6607]",56.0
2021-01,stroll,0.002215584225967619,46,2,"[0.2143, 0.5]",56.0
2021-01,tsunoda,0.00021706195736665844,46,2,"[0.2679, 0.5893]",56.0
2021-01,vettel,0.011449455856107087,47,1,[0.4286],55.0
2021-02,alonso,0.007145229063041585,45,3,"[0.4444, 0.5079, 0.5238]",63.0
2021-02,bottas,0.002125412213045516,19,1,[0.4444],31.0
2021-02,gasly,0.0009961021145792539,42,4,"[0.2222, 0.4127, 0.5079, 0.5238]",63.0
2021-02,giovinazzi,0.004752314951792886,42,4,"[0.4286, 0.5079, 0.5238, 0.6349]",62.0
2021-02,hamilton,-0.021347414644484322,45,4,"[0.4444, 0.4921, 0.5079, 0.5238]",63.0
2021-02,leclerc,-0.016049174977321053,45,2,"[0.4444, 0.5238]",63.0
2021-02,max_verstappen,-0.02561471039057321,44,2,"[0.4286, 0.5238]",63.0
2021-02,mazepin,0.023565973686385706,33,4,"[0.1905, 0.3651, 0.4921, 0.5079]",61.0
2021-02,mick_schumacher,0.010126514324503101,38,4,"[0.0794, 0.3333, 0.4921, 0.5079]",61.0
2021-02,norris,-0.011723358621180669,45,2,"[0.4444, 0.5238]",63.0
2021-02,ocon,0.006030538254612197,45,5,"[0.0159, 0.4286, 0.4921, 0.5079, 0.5238]",63.0
2021-02,perez,-0.008673233101404547,45,2,"[0.4444, 0.5238]",63.0
2021-02,raikkonen,0.004767933186376001,45,3,"[0.4127, 0.5079, 0.5238]",63.0
2021-02,ricciardo,-0.0024879952895077015,45,2,"[0.4286, 0.5238]",63.0
2021-02,russell,0.005433033777567314,19,1,[0.4127],31.0
2021-02,sainz,-0.011759453899967173,45,2,"[0.4286, 0.5238]",63.0
2021-02,stroll,0.000606829082633135,45,3,"[0.4286, 0.5079, 0.5238]",63.0
2021-02,tsunoda,-0.0003256025371230435,44,3,"[0.3968, 0.5079, 0.5238]",63.0
2021-02,vettel,0.004696061856934457,40,6,"[0.0476, 0.3175, 0.3492, 0.5079, 0.5238, 0.9683]",61.0
2021-03,alonso,-0.0027246044393825254,58,3,"[0.0303, 0.0455, 0.6061]",66.0
2021-03,bottas,-0.014173730386986041,56,4,"[0.0303, 0.0455, 0.5455, 0.9545]",66.0
2021-03,gasly,-0.0002736966061294576,58,3,"[0.0303, 0.0455, 0.3636]",66.0
2021-03,giovinazzi,0.0015979566831011154,57,3,"[0.0303, 0.0455, 0.3333]",65.0
2021-03,hamilton,-0.014666835865184193,58,3,"[0.0303, 0.0455, 0.5606]",66.0
2021-03,latifi,0.019708632207413285,56,3,"[0.0303, 0.0455, 0.3636]",64.0
2021-03,leclerc,-0.003964036049732131,58,3,"[0.0303, 0.0455, 0.3788]",66.0
2021-03,max_verstappen,-0.014167849928807713,56,4,"[0.0303, 0.0455, 0.5303, 0.9697]",66.0
2021-03,mazepin,0.02356052518561982,54,4,"[0.0303, 0.0455, 0.4697, 0.6515]",64.0
2021-03,mick_schumacher,0.01870647135474333,56,3,"[0.0303, 0.0455, 0.4848]",64.0
2021-03,norris,-0.004555581147456184,58,3,"[0.0303, 0.0455, 0.3333]",66.0
2021-03,ocon,-0.0022971735817909652,58,3,"[0.0303, 0.0455, 0.3333]",66.0
2021-03,perez,-0.007914738299978807,58,3,"[0.0303, 0.0455, 0.7727]",66.0
2021-03,ricciardo,-0.00047074196418745866,58,3,"[0.0303, 0.0455, 0.6212]",66.0
2021-03,russell,0.014806677432057864,57,3,"[0.0303, 0.0455, 0.4242]",65.0
2021-03,sainz,0.0013279344516958487,58,3,"[0.0303, 0.0455, 0.3182]",66.0
2021-03,stroll,0.0020477797764115366,57,3,"[0.0303, 0.0455, 0.5909]",65.0
2021-03,tsunoda,0.004330915952058899,56,3,"[0.0303, 0.0455, 0.3182]",65.0
2021-03,vettel,0.0031110632778040617,57,3,"[0.0303, 0.0455, 0.3333]",65.0
2021-04,alonso,0.005937653040980577,56,2,"[0.3182, 0.9242]",65.0
2021-04,bottas,-0.018124397594752654,58,2,"[0.3485, 0.803]",66.0
2021-04,gasly,-0.0007285782787776593,56,2,"[0.2727, 0.7121]",65.0
2021-04,giovinazzi,0.006055561818201519,58,2,"[0.1212, 0.5909]",65.0
2021-04,hamilton,-0.023845329393246725,58,2,"[0.4242, 0.6364]",66.0
2021-04,latifi,0.006372896073254679,56,3,"[0.1364, 0.4091, 0.7576]",65.0
2021-04,leclerc,-0.011767295775542959,58,2,"[0.4242, 0.8788]",66.0
2021-04,max_verstappen,-0.021291091983881863,58,2,"[0.3636, 0.9091]",66.0
2021-04,mazepin,0.01966525028446784,54,2,"[0.3333, 0.6364]",64.0
2021-04,mick_schumacher,0.011100091611408019,55,2,"[0.3485, 0.7576]",64.0
2021-04,norris,-0.0019980528834580647,56,2,"[0.3485, 0.7727]",65.0
2021-04,ocon,0.005205196082550254,59,1,[0.3485],65.0
2021-04,perez,-0.01023369043203185,58,2,"[0.4091, 0.8636]",66.0
2021-04,raikkonen,0.0059123539209528665,58,1,[0.5606],65.0
2021-04,ricciardo,-0.008250363894017827,58,2,"[0.3788, 0.697]",66.0
2021-04,russell,0.010754727182168843,58,2,"[0.1364, 0.4242]",65.0
2021-04,sainz,-0.007345567739637961,58,2,"[0.3333, 0.697]",66.0
2021-04,stroll,0.002590128715457512,56,2,"[0.3333, 0.5909]",65.0
2021-04,tsunoda,,5,0,[],7.0
2021-04,vettel,0.0030042355765502104,56,2,"[0.3182, 0.5758]",65.0
2021-05,alonso,0.004796159921825763,74,1,[0.5769],77.0
2021-05,bottas,-0.012762908774945788,28,1,[0.3846],30.0
2021-05,gasly,-0.004648815274699308,75,1,[0.3846],78.0
2021-05,giovinazzi,0.004578379980766942,74,1,[0.4231],77.0
2021-05,hamilton,-0.005264312508606884,73,2,"[0.3718, 0.859]",78.0
2021-05,latifi,0.00853614734925172,74,1,[0.5513],77.0
2021-05,max_verstappen,-0.01346583747330187,75,1,[0.4359],78.0
2021-05,mazepin,0.023324010371989,64,1,[0.4359],75.0
2021-05,mick_schumacher,0.01769726321386302,64,1,[0.4744],75.0
2021-05,norris,-0.009808550485992313,75,1,[0.3846],78.0
2021-05,ocon,0.0044364417822317205,74,1,[0.4744],77.0
2021-05,perez,-0.010911782732897222,75,1,[0.4487],78.0
2021-05,raikkonen,0.0032068444414793504,73,1,[0.5513],77.0
2021-05,ricciardo,0.004011504299646304,73,1,[0.4615],77.0
2021-05,russell,0.007808032920108759,73,1,[0.3974],77.0
2021-05,sainz,-0.012009063624740286,75,1,[0.4103],78.0
2021-05,stroll,-0.0010734188104896682,74,1,[0.7436],77.0
2021-05,tsunoda,0.009249087375886351,74,1,[0.8205],77.0
2021-05,vettel,-0.004835950535813572,75,1,[0.3974],78.0
2021-06,alonso,0.0046466051247956875,33,4,"[0.1373, 0.6667, 0.9216, 0.9412]",51.0
2021-06,bottas,-0.0004338373138709701,34,3,"[0.2157, 0.9216, 0.9412]",51.0
2021-06,gasly,-0.003972507706711644,34,3,"[0.2157, 0.9216, 0.9412]",51.0
2021-06,giovinazzi,0.0037012850964257696,33,4,"[0.0392, 0.6667, 0.9216, 0.9412]",51.0
2021-06,hamilton,-0.009536682382828246,34,3,"[0.2157, 0.9216, 0.9412]",51.0
2021-06,latifi,0.00926046826220156,33,2,"[0.1765, 0.9412]",51.0
2021-06,leclerc,-0.0016428696143790916,33,3,"[0.1765, 0.9216, 0.9412]",51.0
2021-06,max_verstappen,-0.012722911101426211,31,1,[0.2353],46.0
2021-06,mazepin,0.01650430965774411,30,6,"[0.1765, 0.6667, 0.8627, 0.902, 0.9216, 0.9412]",51.0
2021-06,mick_schumacher,0.009937777467004402,31,5,"[0.1569, 0.6667, 0.8627, 0.9216, 0.9412]",51.0
2021-06,norris,-0.0015233813480077833,33,3,"[0.1373, 0.9216, 0.9412]",51.0
2021-06,ocon,,1,1,[0.0588],3.0
2021-06,perez,-0.010820522096131454,32,3,"[0.2549, 0.9216, 0.9412]",51.0
2021-06,raikkonen,0.004767515568438417,33,3,"[0.2549, 0.9216, 0.9412]",51.0
2021-06,ricciardo,0.0009421757450296772,34,3,"[0.2157, 0.9216, 0.9412]",51.0
2021-06,russell,0.007398216211010681,33,4,"[0.0196, 0.6667, 0.9216, 0.9412]",48.0
2021-06,sainz,-0.0010021376673368437,34,3,"[0.1961, 0.9216, 0.9412]",51.0
2021-06,stroll,-0.0017584205601823707,23,0,[],30.0
2021-06,tsunoda,-0.002509285430774647,33,3,"[0.1765, 0.9216, 0.9412]",51.0
2021-06,vettel,-0.005232652081145173,33,3,"[0.3529, 0.9216, 0.9412]",51.0
2021-07,alonso,-0.002232395093084571,50,1,[0.3396],53.0
2021-07,bottas,-0.013253494508773212,50,1,[0.3208],53.0
2021-07,gasly,-0.001712537089724553,50,1,[0.3208],53.0
2021-07,giovinazzi,0.005488054063328262,49,1,[0.5283],52.0
2021-07,hamilton,-0.015034513502208151,50,1,[0.3585],53.0
2021-07,latifi,0.0062488703993084545,49,1,[0.3396],52.0
2021-07,leclerc,0.0017970111116628322,47,2,"[0.2642, 0.717]",52.0
2021-07,max_verstappen,-0.019643498154843963,48,2,"[0.3396, 0.6038]",53.0
2021-07,mazepin,0.013547836047085798,49,1,[0.5849],52.0
2021-07,mick_schumacher,0.009162556149083206,48,1,[0.283],52.0
2021-07,norris,-0.0045791158683722724,50,1,[0.4528],53.0
2021-07,ocon,0.004534447628671165,49,1,[0.5283],52.0
2021-07,perez,-0.014392231463982028,50,1,[0.4528],53.0
2021-07,raikkonen,0.005825740283488413,49,1,[0.6226],52.0
2021-07,ricciardo,-0.0016546436423545252,50,1,[0.3019],53.0
2021-07,russell,0.0036037972640067546,49,1,[0.3208],52.0
2021-07,sainz,0.002228929902597042,50,1,[0.3208],53.0
2021-07,stroll,-4.948332076382123e-07,50,1,[0.6415],53.0
2021-07,tsunoda,0.003554171808353656,49,1,[0.283],52.0
2021-07,vettel,-0.002430004216869785,50,1,[0.6981],53.0
2021-08,alonso,0.0013816654086829057,67,1,[0.3803],70.0
2021-08,bottas,-0.010912439115670075,67,1,[0.3803],71.0
2021-08,giovinazzi,0.003946146607595229,67,1,[0.3239],70.0
2021-08,hamilton,-0.017194071112467832,65,2,"[0.3944, 0.9718]",71.0
2021-08,latifi,0.009228540586503875,63,2,"[0.0141, 0.3521]",68.0
2021-08,leclerc,-0.007486329639069823,66,2,"[0.0141, 0.5211]",70.0
2021-08,max_verstappen,-0.02044921864292131,67,1,[0.4085],71.0
2021-08,mazepin,0.02179360296033462,63,1,[0.2958],68.0
2021-08,mick_schumacher,0.015182943512642467,66,1,[0.4648],69.0
2021-08,norris,-0.006697201306963416,67,1,[0.4366],70.0
2021-08,ocon,0.003055677932964985,67,1,[0.507],70.0
2021-08,perez,-0.015219975346128687,65,2,"[0.3662, 0.7606]",71.0
2021-08,raikkonen,0.0012200322805676193,67,1,[0.507],70.0
2021-08,ricciardo,0.0019512124599746303,67,1,[0.5775],70.0
2021-08,russell,0.0021270956624886124,31,3,"[0.3521, 0.3662, 0.507]",36.0
2021-08,sainz,-0.0050262426455744075,67,1,[0.5775],70.0
2021-08,stroll,0.0012083669286680986,64,1,[0.3944],70.0
2021-08,tsunoda,0.0012206548990137988,67,1,[0.3662],70.0
2021-08,vettel,0.0026355338265042394,67,1,[0.3803],70.0
2021-09,alonso,0.0022324264553407118,64,1,[0.4507],70.0
2021-09,bottas,-0.009959149558889461,65,1,[0.4225],71.0
2021-09,gasly,-0.005169120480257989,62,2,"[0.1831, 0.6338]",71.0
2021-09,giovinazzi,0.005377287899480419,64,2,"[0.0141, 0.4085]",70.0
2021-09,hamilton,-0.009068215889687191,63,2,"[0.4366, 0.7465]",71.0
2021-09,latifi,0.008386088256910182,64,1,[0.4648],70.0
2021-09,leclerc,-0.0015741609838978,64,1,[0.4789],71.0
2021-09,max_verstappen,-0.01762445065612794,63,2,"[0.4507, 0.8451]",71.0
2021-09,mazepin,0.019543334585332285,59,2,"[0.3803, 0.6338]",69.0
2021-09,mick_schumacher,0.014075435104079546,62,1,[0.4789],69.0
2021-09,norris,-0.010498145174347316,65,1,[0.4225],71.0
2021-09,perez,-0.003874302269585973,65,1,[0.4507],71.0
2021-09,raikkonen,0.0034781119667538483,64,1,[0.5211],70.0
2021-09,ricciardo,-0.0013509656892610057,65,1,[0.4085],71.0
2021-09,russell,0.0036019179276525564,64,1,[0.4225],70.0
2021-09,sainz,-0.0022048477904097375,65,1,[0.6761],71.0
2021-09,stroll,0.001616550610599641,62,2,"[0.1972, 0.6479]",70.0
2021-09,tsunoda,2.8532463219327386e-06,62,2,"[0.169, 0.7183]",70.0
2021-09,vettel,6.864819606008974e-05,62,3,"[0.2394, 0.6901, 0.9859]",70.0
2021-10,alonso,-0.0007633073896283489,45,2,"[0.0385, 0.4615]",52.0
2021-10,bottas,-0.013683121744259412,45,2,"[0.0385, 0.4231]",52.0
2021-10,gasly,-0.0021981623700259227,44,3,"[0.0385, 0.5385, 0.8846]",52.0
2021-10,giovinazzi,0.0046904294372217496,43,2,"[0.0385, 0.4423]",51.0
2021-10,hamilton,-0.018451542932597993,45,2,"[0.0385, 0.5192]",52.0
2021-10,latifi,0.003955118878658285,43,2,"[0.0385, 0.3654]",51.0
2021-10,leclerc,-0.014627536545261723,45,2,"[0.0385, 0.5577]",52.0
2021-10,mazepin,0.017799431935834564,43,2,"[0.0385, 0.4808]",51.0
2021-10,mick_schumacher,0.0177868581027932,43,2,"[0.0385, 0.4615]",51.0
2021-10,norris,-0.009740234690308372,45,2,"[0.0385, 0.4038]",52.0
2021-10,ocon,5.231959007202403e-05,45,2,"[0.0385, 0.3654]",52.0
2021-10,perez,-0.0032319363586410564,39,4,"[0.0385, 0.3462, 0.7308, 0.9231]",51.0
2021-10,raikkonen,0.0025681665361356513,43,2,"[0.0385, 0.3462]",51.0
2021-10,ricciardo,-0.006488364070916165,45,2,"[0.0385, 0.3846]",52.0
2021-10,russell,0.003966143239366082,43,2,"[0.0385, 0.3462]",51.0
2021-10,sainz,-0.008392061656562828,45,2,"[0.0385, 0.5385]",52.0
2021-10,stroll,-2.4243780165265925e-05,45,2,"[0.0385, 0.4423]",52.0
2021-10,tsunoda,0.0007492263708569126,44,2,"[0.0385, 0.5769]",52.0
2021-10,vettel,0.0015410762579097196,33,3,"[0.0385, 0.3462, 0.7692]",40.0
2021-11,alonso,-0.007341960294877201,63,3,"[0.0286, 0.0429, 0.5571]",70.0
2021-11,gasly,-0.003636553018735794,61,4,"[0.0286, 0.0429, 0.4286, 0.9714]",70.0
2021-11,giovinazzi,0.005035753595073565,59,5,"[0.0143, 0.0286, 0.0429, 0.1571, 0.4714]",69.0
2021-11,hamilton,-0.015616350211547914,60,4,"[0.0286, 0.0571, 0.2714, 0.6714]",70.0
2021-11,latifi,0.004222696370699262,63,3,"[0.0286, 0.0429, 0.3286]",70.0
2021-11,max_verstappen,0.0005637872403065575,61,5,"[0.0143, 0.0286, 0.0429, 0.2857, 0.5714]",70.0
2021-11,mick_schumacher,0.010247917159724668,61,3,"[0.0286, 0.0429, 0.4857]",69.0
2021-11,ocon,-0.008734894704047425,63,3,"[0.0286, 0.0429, 0.5286]",70.0
2021-11,raikkonen,0.000713186898461188,59,4,"[0.0286, 0.0429, 0.2143, 0.7571]",69.0
2021-11,ricciardo,0.0074648421439153494,60,3,"[0.0286, 0.0429, 0.2857]",69.0
2021-11,russell,0.004523559256621058,63,3,"[0.0286, 0.0429, 0.3]",70.0
2021-11,sainz,-0.006868889069115935,63,3,"[0.0286, 0.0429, 0.4571]",70.0
2021-11,tsunoda,0.0018827614018681617,63,3,"[0.0286, 0.0429, 0.3143]",70.0
2021-11,vettel,-0.008406416725040364,63,3,"[0.0286, 0.0429, 0.5143]",70.0
2021-13,alonso,-0.0024321232946156353,67,1,[0.4583],71.0
2021-13,bottas,-0.018389670087783184,65,2,"[0.4306, 0.9306]",72.0
2021-13,gasly,-0.007656536713257197,67,1,[0.3333],71.0
2021-13,giovinazzi,0.003997120674153977,64,2,"[0.375, 0.4583]",70.0
2021-13,hamilton,-0.02691132579961349,63,3,"[0.2778, 0.5417, 0.9722]",72.0
2021-13,kubica,0.012631331298250567,65,1,[0.5556],70.0
2021-13,latifi,0.012322498809457265,65,1,[0.3194],70.0
2021-13,leclerc,-0.00781711256332333,67,1,[0.4722],71.0
2021-13,max_verstappen,-0.02659056143038982,65,2,"[0.2917, 0.5556]",72.0
2021-13,mazepin,0.015691089944837977,36,2,"[0.4583, 0.5694]",41.0
2021-13,mick_schumacher,0.016634381412044374,60,2,"[0.0556, 0.4167]",69.0
2021-13,norris,-0.0020492379636842424,67,1,[0.5833],71.0
2021-13,ocon,-0.0011422115177675898,67,1,[0.4306],71.0
2021-13,perez,-0.00858088556920283,65,2,"[0.1111, 0.6528]",71.0
2021-13,ricciardo,0.0008040606766204631,67,1,[0.4167],71.0
2021-13,russell,0.006016532872219735,63,3,"[0.375, 0.9444, 0.9583]",69.0
2021-13,sainz,-0.0024190341780386897,67,1,[0.4306],71.0
2021-13,stroll,0.006552285123391613,66,1,[0.375],70.0
2021-13,tsunoda,0.004570878322281083,43,2,"[0.4306, 0.6667]",48.0
2021-13,vettel,0.0014806719909162362,64,2,"[0.1389, 0.6111]",70.0
2021-14,alonso,0.0012487180633513671,41,1,[0.4717],53.0
2021-14,bottas,-0.006140360862313769,43,1,[0.4906],53.0
2021-14,gasly,,1,1,[0.0566],3.0
2021-14,giovinazzi,0.0004128035043025545,41,2,"[0.0189, 0.4717]",53.0
2021-14,hamilton,-0.007199035968663045,22,1,[0.4717],25.0
2021-14,kubica,0.005249111364560968,43,1,[0.4906],53.0
2021-14,latifi,0.0027649090161846286,40,1,[0.434],53.0
2021-14,leclerc,-0.005144376975662632,42,1,[0.4906],53.0
2021-14,max_verstappen,-0.008392390148416296,21,1,[0.434],26.0
2021-14,mazepin,0.016264815273583286,29,3,"[0.4528, 0.5283, 0.7358]",42.0
2021-14,mick_schumacher,0.01275604373351879,40,1,[0.434],53.0
2021-14,norris,-0.006861269102955094,40,1,[0.4528],53.0
2021-14,ocon,0.003060536978820723,42,1,[0.4906],53.0
2021-14,perez,-0.0055511078655219636,42,1,[0.4906],53.0
2021-14,ricciardo,-0.00806743587755068,40,1,[0.4151],53.0
2021-14,russell,0.0029234358637767414,43,1,[0.4906],53.0
2021-14,sainz,-0.00246040671134729,42,1,[0.4906],53.0
2021-14,stroll,0.0007131988847032905,41,1,[0.4717],53.0
2021-14,vettel,0.0023546271345789038,40,2,"[0.4151, 0.4906]",53.0
2021-15,alonso,-0.0035610669777031705,45,2,"[0.6792, 0.9434]",53.0
2021-15,bottas,-0.00020573905691138888,45,2,"[0.5283, 0.8868]",53.0
2021-15,gasly,0.000726084433778607,44,2,"[0.6226, 0.9434]",52.0
2021-15,giovinazzi,0.006994374583322849,44,2,"[0.6792, 0.9434]",52.0
2021-15,hamilton,-0.011877273803245875,43,2,"[0.4906, 0.9245]",53.0
2021-15,latifi,0.0031451287404758495,42,2,"[0.2453, 0.8868]",47.0
2021-15,leclerc,-0.004739055243551188,43,2,"[0.6604, 0.9623]",52.0
2021-15,max_verstappen,-0.0036879557316349576,44,2,"[0.4906, 0.9057]",53.0
2021-15,mazepin,0.018316002941597735,40,2,"[0.2642, 0.8679]",51.0
2021-15,mick_schumacher,0.01246218156080463,27,2,"[0.3774, 0.6038]",32.0
2021-15,norris,-0.01113917494341235,43,2,"[0.5283, 0.9623]",53.0
2021-15,ocon,0.0011255584997057156,44,2,"[0.283, 0.9434]",52.0
2021-15,perez,-0.005037232503640561,45,2,"[0.6792, 0.9434]",53.0
2021-15,raikkonen,0.001283829007992318,45,2,"[0.283, 0.8868]",53.0
2021-15,ricciardo,-0.0037041642437721537,44,2,"[0.4151, 0.9057]",53.0
2021-15,russell,0.0024281856079234284,45,2,"[0.2453, 0.8868]",53.0
2021-15,sainz,-0.0024343288119670872,44,2,"[0.2642, 0.9057]",53.0
2021-15,stroll,0.0009880728195468208,44,2,"[0.2264, 0.9057]",53.0
2021-15,tsunoda,0.0054135128436703095,43,3,"[0.2453, 0.8868, 0.9245]",52.0
2021-15,vettel,-0.0002711272421894222,44,2,"[0.4906, 0.9434]",52.0
2021-16,alonso,0.004861598109566464,51,1,[0.5172],57.0
2021-16,bottas,-0.013073854704010094,53,1,[0.6379],58.0
2021-16,gasly,-0.007064552606071822,51,1,[0.6724],58.0
2021-16,giovinazzi,0.0036135968906347827,51,1,[0.6897],57.0
2021-16,hamilton,-0.007284894207671289,51,1,[0.8621],58.0
2021-16,latifi,0.004019599166005443,50,1,[0.5862],57.0
2021-16,leclerc,-0.008304929419854478,51,1,[0.8103],58.0
2021-16,max_verstappen,-0.010368761300092361,52,1,[0.6207],58.0
2021-16,mazepin,0.024804125255515286,48,1,[0.6034],56.0
2021-16,mick_schumacher,0.019771035099076534,47,1,[0.6724],56.0
2021-16,norris,-0.005983394463592246,52,1,[0.5862],58.0
2021-16,ocon,0.007101344226446961,53,0,[],57.0
2021-16,perez,-0.007690210540057171,53,1,[0.6379],58.0
2021-16,raikkonen,0.004648285825241103,52,1,[0.6379],57.0
2021-16,ricciardo,0.0037661304848609833,52,1,[0.3621],57.0
2021-16,russell,0.0058814826935931885,51,1,[0.6034],57.0
2021-16,sainz,-0.007903072869365195,53,1,[0.6207],58.0
2021-16,stroll,-0.0019467615321980063,51,1,[0.6724],58.0
2021-16,tsunoda,0.003786009779159238,51,1,[0.6034],57.0
2021-16,vettel,-0.000582627843927884,51,2,"[0.6207, 0.6379]",57.0
2021-17,alonso,0.00042253318915504086,40,4,"[0.125, 0.5, 0.6964, 0.875]",49.0
2021-17,bottas,-0.006583829942131444,49,2,"[0.2679, 0.6071]",56.0
2021-17,gasly,5.427463994757114e-05,10,2,"[0.1786, 0.25]",14.0
2021-17,giovinazzi,0.004854905535922963,49,2,"[0.1429, 0.4643]",55.0
2021-17,hamilton,-0.02006853186365973,48,2,"[0.2321, 0.6607]",56.0
2021-17,latifi,0.011282598716986217,48,2,"[0.0893, 0.4464]",55.0
2021-17,leclerc,-0.011553167495749854,48,2,"[0.2143, 0.5714]",56.0
2021-17,max_verstappen,-0.019387448659963082,48,2,"[0.1786, 0.5179]",56.0
2021-17,mazepin,0.024141582051458135,43,3,"[0.0179, 0.4286, 0.6607]",54.0
2021-17,mick_schumacher,0.0141368516122829,45,2,"[0.1964, 0.6071]",54.0
2021-17,norris,-0.006531864435081021,49,2,"[0.1786, 0.5357]",56.0
2021-17,ocon,0.00712367943948324,33,3,"[0.0536, 0.4464, 0.7143]",40.0
2021-17,perez,-0.01354594448419436,48,2,"[0.2143, 0.5357]",56.0
2021-17,raikkonen,0.0035074455373880786,48,2,"[0.2143, 0.5536]",55.0
2021-17,ricciardo,-0.0069064180278816225,49,2,"[0.1964, 0.5357]",56.0
2021-17,russell,0.007322115430384431,48,2,"[0.1607, 0.5536]",55.0
2021-17,sainz,-0.00659376119249319,49,2,"[0.1964, 0.5179]",56.0
2021-17,stroll,0.006118961446854927,48,2,"[0.3214, 0.6071]",55.0
2021-17,tsunoda,0.001731468857426792,48,2,"[0.1607, 0.5714]",55.0
2021-17,vettel,0.0021919481148473183,48,2,"[0.3036, 0.6786]",55.0
2021-18,alonso,-0.0013048219249989987,64,1,[0.5493],70.0
2021-18,bottas,0.002880503788869538,59,4,"[0.0141, 0.5634, 0.8873, 0.9437]",69.0
2021-18,gasly,-0.006634327351154229,65,1,[0.4366],71.0
2021-18,giovinazzi,0.006334895297977124,64,1,[0.2254],70.0
2021-18,hamilton,-0.015187551917573578,65,1,[0.4085],71.0
2021-18,latifi,0.01540435364817434,61,2,"[0.1549, 0.6901]",69.0
2021-18,leclerc,-0.003828579120472655,65,1,[0.4225],71.0
2021-18,max_verstappen,-0.018238724836811313,65,1,[0.4648],71.0
2021-18,mazepin,0.028800589200810377,59,2,"[0.1831, 0.8169]",68.0
2021-18,norris,-0.0007361863196008669,64,1,[0.6197],70.0
2021-18,ocon,0.008623835160804045,64,1,[0.1972],70.0
2021-18,perez,-0.01527685941020001,65,1,[0.5634],71.0
2021-18,raikkonen,-0.001222797209422261,64,1,[0.4507],70.0
2021-18,ricciardo,0.005473595002861122,64,2,"[0.0141, 0.5352]",70.0
2021-18,russell,0.01710466282292949,62,1,[0.2113],69.0
2021-18,sainz,-0.005957527578637379,63,1,[0.5915],70.0
2021-18,stroll,0.005572314462688251,61,2,"[0.169, 0.4789]",69.0
2021-18,vettel,-0.0019933825167653654,64,1,[0.4648],70.0
2021-19,alonso,0.0016694275159552237,58,3,"[0.0986, 0.1127, 0.4789]",70.0
2021-19,bottas,-0.016801421075978876,59,4,"[0.0986, 0.1127, 0.4225, 0.5775]",71.0
2021-19,gasly,-0.004056793368272057,57,4,"[0.0986, 0.1127, 0.3521, 0.7183]",70.0
2021-19,giovinazzi,0.007915076176916782,58,4,"[0.0986, 0.1127, 0.4085, 0.5915]",70.0
2021-19,hamilton,-0.021536578182647464,57,4,"[0.0986, 0.1127, 0.3662, 0.6056]",71.0
2021-19,latifi,0.009435316224197137,59,4,"[0.0986, 0.1127, 0.1831, 0.5493]",70.0
2021-19,leclerc,-0.010120559179348388,58,4,"[0.0986, 0.1127, 0.3803, 0.7324]",71.0
2021-19,max_verstappen,-0.019053716633300726,57,4,"[0.0986, 0.1127, 0.3803, 0.5634]",71.0
2021-19,mazepin,0.021934454749078458,57,3,"[0.0986, 0.1127, 0.4789]",69.0
2021-19,mick_schumacher,0.01495915263824385,56,5,"[0.0986, 0.1127, 0.1549, 0.4085, 0.8592]",69.0
2021-19,norris,0.002954019049814475,57,5,"[0.0141, 0.0845, 0.0986, 0.1127, 0.5211]",70.0
2021-19,ocon,0.003441479913490324,60,3,"[0.0986, 0.1127, 0.4225]",70.0
2021-19,perez,-0.01839346683848719,55,5,"[0.0986, 0.1127, 0.3944, 0.5915, 0.9718]",71.0
2021-19,raikkonen,0.0009210160263078981,57,4,"[0.0986, 0.1127, 0.3944, 0.7324]",70.0
2021-19,ricciardo,-0.0027397124033312127,38,4,"[0.0986, 0.1127, 0.4225, 0.6901]",49.0
2021-19,russell,0.013161290861044266,59,4,"[0.0845, 0.0986, 0.1127, 0.5775]",70.0
2021-19,sainz,-0.009991702565396809,58,4,"[0.0986, 0.1127, 0.3662, 0.7465]",71.0
2021-19,stroll,0.008422055702727207,35,4,"[0.0986, 0.1127, 0.3099, 0.662]",47.0
2021-19,tsunoda,0.009135442167674318,57,5,"[0.0563, 0.0845, 0.0986, 0.1127, 0.5493]",70.0
2021-19,vettel,-0.00037853232295189017,57,4,"[0.0986, 0.1127, 0.3944, 0.7746]",70.0
2021-20,alonso,-0.00519587850176522,48,1,[0.4035],57.0
2021-20,bottas,-0.003975320457971762,45,2,"[0.5789, 0.8596]",49.0
2021-20,gasly,-0.0035568262643849687,46,2,"[0.2281, 0.614]",56.0
2021-20,giovinazzi,0.005682096043029598,46,2,"[0.2632, 0.5614]",56.0
2021-20,hamilton,-0.022540658556986767,44,2,"[0.3158, 0.7368]",57.0
2021-20,latifi,0.011374549831390902,44,1,[0.3158],51.0
2021-20,leclerc,-0.0020108268820726704,47,1,[0.4737],57.0
2021-20,max_verstappen,-0.021472450212892513,45,3,"[0.2982, 0.7193, 0.9649]",57.0
2021-20,mazepin,0.02429111049801022,45,1,[0.5439],55.0
2021-20,mick_schumacher,0.011355503338759532,46,1,[0.386],56.0
2021-20,norris,-0.004326385130374557,46,2,"[0.4386, 0.8596]",56.0
2021-20,ocon,-0.0005671989597314681,48,1,[0.4211],57.0
2021-20,perez,-0.009437911749309993,46,2,"[0.3333, 0.7193]",57.0
2021-20,raikkonen,0.0024351870066886697,45,2,"[0.1754, 0.5263]",56.0
2021-20,ricciardo,0.006589482812072473,46,1,[0.4561],56.0
2021-20,russell,0.008421587989353815,45,2,"[0.2982, 0.8596]",55.0
2021-20,sainz,-0.0012897901436957314,47,1,[0.4737],57.0
2021-20,stroll,-0.0008467673130673065,48,1,[0.4035],57.0
2021-20,tsunoda,0.0014699923959583083,45,2,"[0.1579, 0.5965]",56.0
2021-20,vettel,0.0002453163179532654,46,1,[0.4561],56.0
2021-21,alonso,0.004689598222238571,29,4,"[0.2, 0.26, 0.3, 0.88]",49.0
2021-21,bottas,-0.010176408595197877,30,3,"[0.2, 0.26, 0.3]",50.0
2021-21,gasly,-0.0018480580290294768,30,2,"[0.26, 0.3]",50.0
2021-21,giovinazzi,0.0023939629139375497,31,2,"[0.26, 0.3]",50.0
2021-21,hamilton,-0.017638920763488632,30,3,"[0.2, 0.26, 0.3]",50.0
2021-21,latifi,0.00705650772250537,33,3,"[0.2, 0.26, 0.3]",50.0
2021-21,leclerc,-0.007869481853929472,31,3,"[0.2, 0.26, 0.3]",50.0
2021-21,max_verstappen,-0.012343314654658311,30,2,"[0.26, 0.3]",50.0
2021-21,mazepin,,7,1,[0.26],15.0
2021-21,mick_schumacher,,7,0,[],9.0
2021-21,norris,-0.005795290612988709,33,3,"[0.2, 0.26, 0.3]",50.0
2021-21,ocon,-0.00496817540622519,29,2,"[0.26, 0.3]",50.0
2021-21,perez,-0.011627488367234758,8,2,"[0.2, 0.26]",15.0
2021-21,raikkonen,0.007866958472721576,30,3,"[0.26, 0.3, 0.52]",49.0
2021-21,ricciardo,-0.0009015668687947552,29,2,"[0.26, 0.3]",50.0
2021-21,russell,,7,2,"[0.18, 0.26]",15.0
2021-21,sainz,-0.003549414878324053,31,2,"[0.26, 0.3]",50.0
2021-21,stroll,0.003297600861723334,33,3,"[0.18, 0.26, 0.3]",50.0
2021-21,tsunoda,-0.0013206421600241774,30,3,"[0.26, 0.3, 0.46]",49.0
2021-21,vettel,0.008280154567345583,25,3,"[0.26, 0.3, 0.88]",44.0
2021-22,alonso,0.002844307405715432,46,1,[0.6207],58.0
2021-22,bottas,-0.004189923552262021,44,1,[0.5172],58.0
2021-22,gasly,-0.00027968866321542474,46,2,"[0.6207, 0.931]",58.0
2021-22,giovinazzi,0.0036185246095750963,28,1,[0.2931],34.0
2021-22,hamilton,-0.019773952177808456,43,1,[0.2414],58.0
2021-22,latifi,0.01239935972810935,42,1,[0.4828],51.0
2021-22,leclerc,-4.5810939028563535e-05,44,2,"[0.2586, 0.6034]",58.0
2021-22,max_verstappen,-0.01937165797936985,44,3,"[0.2241, 0.6207, 0.9138]",58.0
2021-22,mick_schumacher,0.012067809745999443,42,2,"[0.1724, 0.8966]",57.0
2021-22,norris,-0.00402860932077731,42,2,"[0.2931, 0.8276]",58.0
2021-22,ocon,0.0018502900474042822,44,1,[0.2586],58.0
2021-22,perez,-0.016020135208648274,43,4,"[0.3621, 0.6207, 0.9138, 0.9483]",55.0
2021-22,raikkonen,0.005539503629717176,21,2,"[0.3621, 0.431]",25.0
2021-22,ricciardo,0.0023530836266104456,43,2,"[0.3103, 0.8966]",57.0
2021-22,russell,0.012259026522652025,23,1,[0.4483],26.0
2021-22,sainz,-0.0047653598858109995,44,1,[0.3276],58.0
2021-22,stroll,0.004595352299587013,43,2,"[0.3621, 0.8966]",57.0
2021-22,tsunoda,-0.003663099048067499,44,2,"[0.3966, 0.9138]",58.0
2021-22,vettel,0.0032586479519699178,44,1,[0.3966],58.0
2022-01,albon,0.011720601740261134,43,3,"[0.2281, 0.614, 0.807]",57.0
2022-01,alonso,0.002116335073356361,42,3,"[0.193, 0.4386, 0.7368]",57.0
2022-01,bottas,0.00046640517339188064,45,3,"[0.2456, 0.6316, 0.7895]",57.0
2022-01,gasly,-0.0008629381194359768,39,2,"[0.2456, 0.5614]",45.0
2022-01,hamilton,-0.00977787178267204,43,3,"[0.193, 0.4737, 0.7719]",57.0
2022-01,hulkenberg,0.012471538096281634,42,3,"[0.3333, 0.6491, 0.7719]",57.0
2022-01,kevin_magnussen,-0.0024492080628331077,45,3,"[0.2456, 0.5965, 0.807]",57.0
2022-01,latifi,0.01590245763678607,43,3,"[0.2456, 0.5614, 0.7895]",57.0
2022-01,leclerc,-0.017345402571108632,44,3,"[0.2632, 0.5439, 0.807]",57.0
2022-01,max_verstappen,-0.0159252419523288,40,4,"[0.2456, 0.5263, 0.7544, 0.9474]",54.0
2022-01,mick_schumacher,0.008155356378937719,43,2,"[0.2105, 0.614]",57.0
2022-01,norris,0.012352203713657254,42,3,"[0.4211, 0.7193, 0.7895]",57.0
2022-01,ocon,-0.00045574544538200983,43,3,"[0.2456, 0.5263, 0.7544]",57.0
2022-01,perez,-0.01260663280070026,42,3,"[0.2632, 0.5789, 0.7544]",57.0
2022-01,ricciardo,0.010341031017542699,42,3,"[0.2982, 0.5789, 0.7719]",57.0
2022-01,russell,-0.006476627197870696,44,3,"[0.2632, 0.5789, 0.7895]",57.0
2022-01,sainz,-0.01307981005017006,44,3,"[0.2456, 0.5789, 0.7719]",57.0
2022-01,stroll,0.0077851379057612465,42,3,"[0.3158, 0.6667, 0.7895]",57.0
2022-01,tsunoda,0.0008419691750349303,43,3,"[0.2632, 0.5088, 0.7719]",57.0
2022-01,zhou,0.0008850822059666343,44,3,"[0.2632, 0.6491, 0.7895]",57.0
2022-02,albon,0.012343586568634688,34,1,[0.26],48.0
2022-02,alonso,-0.0018912857197974206,29,1,[0.32],36.0
2022-02,bottas,-0.0009248076131755371,28,3,"[0.32, 0.7, 0.72]",36.0
2022-02,gasly,0.003983861407697825,36,1,[0.3],50.0
2022-02,hamilton,-0.00229357379379592,36,1,[0.8],50.0
2022-02,hulkenberg,0.008637451003400552,36,1,[0.74],50.0
2022-02,kevin_magnussen,-0.0006439522449269753,37,1,[0.74],50.0
2022-02,latifi,0.014385025620511674,13,0,[],15.0
2022-02,leclerc,-0.018948659249356188,36,1,[0.32],50.0
2022-02,max_verstappen,-0.018500567329758397,36,1,[0.32],50.0
2022-02,norris,0.002894282647987077,37,1,[0.32],50.0
2022-02,ocon,0.000860131462593662,37,1,[0.32],50.0
2022-02,perez,-0.017644215067619172,35,1,[0.3],50.0
2022-02,ricciardo,0.0018358426868320676,26,2,"[0.16, 0.72]",36.0
2022-02,russell,-0.008742399600860692,37,1,[0.32],50.0
2022-02,sainz,-0.01646248043493367,36,1,[0.32],50.0
2022-02,stroll,0.010888814655352816,34,1,[0.26],49.0
2022-02,zhou,0.004492686518530256,35,2,"[0.32, 0.54]",50.0
2022-03,albon,0.0024210219308770983,44,1,[0.9828],58.0
2022-03,alonso,0.0007211194335887733,42,2,"[0.6724, 0.9138]",57.0
2022-03,bottas,0.0014895840780343747,45,1,[0.3793],58.0
2022-03,gasly,0.0032203285997035066,44,1,[0.3621],58.0
2022-03,hamilton,-0.010993460421180499,45,1,[0.3793],58.0
2022-03,kevin_magnussen,0.00454783680706527,45,1,[0.6724],57.0
2022-03,latifi,0.008902854742890874,43,2,"[0.2241, 0.3966]",57.0
2022-03,leclerc,-0.022446968557952623,45,1,[0.3793],58.0
2022-03,max_verstappen,-0.018217488735952855,26,1,[0.3103],39.0
2022-03,mick_schumacher,0.004381889773024164,43,1,[0.2414],57.0
2022-03,norris,-0.004338131550652997,44,1,[0.3448],58.0
2022-03,ocon,-0.0009445887154214375,44,1,[0.2931],58.0
2022-03,perez,-0.013427622081762009,44,1,[0.3448],58.0
2022-03,ricciardo,-0.003427103632175753,44,1,[0.3621],58.0
2022-03,russell,-0.010617869317083419,46,1,[0.3966],58.0
2022-03,stroll,0.007996294559013184,46,3,"[0.0517, 0.069, 0.3966]",58.0
2022-03,tsunoda,0.006950689429226321,43,1,[0.3103],57.0
2022-03,vettel,0.0046808931413404664,15,0,[],23.0
2022-03,zhou,0.004882226500917585,44,1,[0.3621],58.0
2022-04,albon,0.005780250715314933,52,1,[0.2698],62.0
2022-04,alonso,,1,1,[0.0952],6.0
2022-04,bottas,-0.007234379763481696,55,1,[0.2857],63.0
2022-04,gasly,0.004986303357303772,52,1,[0.2698],62.0
2022-04,hamilton,0.003677315502578268,53,1,[0.2857],62.0
2022-04,kevin_magnussen,-0.0002983863544333112,55,1,[0.2857],63.0
2022-04,latifi,0.005748216239504101,52,1,[0.2857],62.0
2022-04,leclerc,-0.018709093662667847,51,3,"[0.3016, 0.7778, 0.8413]",63.0
2022-04,max_verstappen,-0.020117819275244232,51,2,"[0.3016, 0.8095]",63.0
2022-04,mick_schumacher,0.0006024955953591516,52,2,"[0.2857, 0.8254]",62.0
2022-04,norris,-0.007000674497424841,54,1,[0.3016],63.0
2022-04,ocon,0.003597214824253229,53,1,[0.2857],62.0
2022-04,perez,-0.01644339027241703,53,2,"[0.2857, 0.7937]",63.0
2022-04,ricciardo,0.008542400648303918,48,3,"[0.0317, 0.254, 0.4762]",62.0
2022-04,russell,-0.005083608932908426,55,1,[0.2857],63.0
2022-04,stroll,0.002645898584680696,53,1,[0.2857],62.0
2022-04,tsunoda,-0.0034588451704682544,54,1,[0.2857],63.0
2022-04,vettel,0.00023993777825611427,54,1,[0.2698],63.0
2022-04,zhou,0.004322339067509347,52,1,[0.2857],62.0
2022-05,albon,0.002331362189572398,42,1,[0.2807],57.0
2022-05,alonso,0.0005313693278755109,42,1,[0.2632],57.0
2022-05,bottas,-0.0047762602120358195,43,1,[0.4561],57.0
2022-05,gasly,0.000827424855686551,35,3,"[0.2807, 0.7018, 0.7895]",45.0
2022-05,hamilton,-0.005723404748481128,43,1,[0.386],57.0
2022-05,kevin_magnussen,0.002375722024780351,41,3,"[0.2105, 0.7368, 1.0]",57.0
2022-05,latifi,0.013234464222855269,40,1,[0.5965],57.0
2022-05,leclerc,-0.01653936132697269,43,1,[0.4211],57.0
2022-05,max_verstappen,-0.017989575251754198,43,1,[0.4561],57.0
2022-05,mick_schumacher,0.0008737112252528887,41,2,"[0.2456, 0.9474]",57.0
2022-05,norris,0.0006983542121185456,35,1,[0.3158],40.0
2022-05,ocon,0.0035938941627350783,45,1,[0.7193],57.0
2022-05,perez,-0.010563046303004977,43,2,"[0.4737, 0.7193]",57.0
2022-05,ricciardo,0.0041968678551738605,43,2,"[0.5263, 0.7193]",57.0
2022-05,russell,-0.003184600548969498,45,1,[0.7018],57.0
2022-05,sainz,-0.012481220196273946,43,1,[0.4737],57.0
2022-05,stroll,0.003663384985224988,44,1,[0.7018],57.0
2022-05,tsunoda,0.00526320053477362,41,2,"[0.193, 0.7193]",57.0
2022-05,vettel,0.003809042054946902,42,2,"[0.7193, 0.9474]",54.0
2022-05,zhou,,4,1,[0.1053],6.0
2022-06,albon,0.017694585885135027,52,4,"[0.1667, 0.3788, 0.6818, 0.8182]",64.0
2022-06,alonso,-0.0012887139956782015,56,3,"[0.1515, 0.4697, 0.803]",65.0
2022-06,bottas,-0.0029827055893127245,59,2,"[0.2121, 0.5152]",66.0
2022-06,gasly,0.003907164315654487,56,3,"[0.1515, 0.4394, 0.697]",65.0
2022-06,hamilton,-0.012493961239629054,56,3,"[0.0152, 0.3333, 0.7273]",66.0
2022-06,kevin_magnussen,0.013223318100430623,56,2,"[0.0152, 0.4394]",64.0
2022-06,latifi,0.013816948698882683,54,3,"[0.1818, 0.3939, 0.7576]",64.0
2022-06,leclerc,-0.01790981263819269,21,2,"[0.3182, 0.4091]",27.0
2022-06,max_verstappen,-0.01609498187675468,57,3,"[0.197, 0.4242, 0.6667]",66.0
2022-06,mick_schumacher,0.010012556705579061,58,2,"[0.1818, 0.4545]",65.0
2022-06,norris,-0.002841639532327639,57,3,"[0.1818, 0.5, 0.7727]",66.0
2022-06,ocon,-0.004337138410718286,57,3,"[0.197, 0.5303, 0.7879]",66.0
2022-06,perez,-0.014422785309980932,57,3,"[0.2576, 0.5606, 0.803]",66.0
2022-06,ricciardo,0.005037016514641483,56,3,"[0.1667, 0.4697, 0.7273]",65.0
2022-06,russell,-0.00982909644833727,57,3,"[0.197, 0.5455, 0.7727]",66.0
2022-06,sainz,-0.01126845328036427,57,3,"[0.1515, 0.4697, 0.6818]",66.0
2022-06,stroll,0.005218293049870819,55,3,"[0.2121, 0.4091, 0.697]",65.0
2022-06,tsunoda,-0.0007063971244310681,56,3,"[0.1667, 0.4848, 0.7879]",65.0
2022-06,vettel,0.006677088752652949,58,2,"[0.3182, 0.6364]",65.0
2022-06,zhou,0.004071379575323389,21,2,"[0.1515, 0.4242]",28.0
2022-07,albon,-0.012370807367391327,30,4,"[0.2812, 0.3438, 0.4531, 0.7656]",49.0
2022-07,alonso,-0.0006042273833940163,47,2,"[0.3281, 0.4688]",64.0
2022-07,bottas,0.0028661930065292268,48,2,"[0.3125, 0.4688]",64.0
2022-07,gasly,-0.0016090561076343144,46,3,"[0.0312, 0.3438, 0.4688]",64.0
2022-07,hamilton,0.0003146628651619694,45,3,"[0.2344, 0.3438, 0.4688]",64.0
2022-07,kevin_magnussen,0.010118668607992064,13,1,[0.3125],20.0
2022-07,latifi,-0.0021502090045308524,44,4,"[0.0156, 0.0312, 0.2969, 0.4531]",63.0
2022-07,leclerc,-0.01829868329925868,44,3,"[0.2812, 0.3281, 0.4688]",64.0
2022-07,max_verstappen,-0.018029860314418555,42,3,"[0.2812, 0.3438, 0.4688]",64.0
2022-07,mick_schumacher,0.010874251824128822,14,2,"[0.0625, 0.2656]",25.0
2022-07,norris,-0.019748208692610777,44,4,"[0.2656, 0.3438, 0.4688, 0.7969]",64.0
2022-07,ocon,0.001927507892207525,47,2,"[0.3281, 0.4688]",64.0
2022-07,perez,-0.02118852008622911,43,3,"[0.25, 0.3438, 0.4688]",64.0
2022-07,ricciardo,0.0022809472322478292,46,2,"[0.2969, 0.4688]",64.0
2022-07,russell,-0.01316519351905947,47,2,"[0.3281, 0.4688]",64.0
2022-07,sainz,-0.017847473141292532,44,2,"[0.3281, 0.4688]",64.0
2022-07,stroll,-0.001444500198833257,47,4,"[0.0156, 0.0312, 0.375, 0.4531]",64.0
2022-07,tsunoda,-0.0005228780325488645,44,4,"[0.0938, 0.3281, 0.4531, 0.875]",63.0
2022-07,vettel,0.0008248181222608296,46,3,"[0.0938, 0.3594, 0.4688]",64.0
2022-07,zhou,0.007330576512282344,46,2,"[0.2969, 0.4531]",63.0
2022-08,albon,0.0008380797388616328,41,2,"[0.1765, 0.5686]",50.0
2022-08,alonso,-0.0007090127592126352,41,1,[0.3529],51.0
2022-08,bottas,0.005283019510477099,43,1,[0.6471],50.0
2022-08,gasly,-0.0004956012749907066,44,1,[0.1765],51.0
2022-08,hamilton,-0.003720735137701757,44,2,"[0.1765, 0.6471]",51.0
2022-08,kevin_magnussen,0.0014417755332244546,27,1,[0.1765],32.0
2022-08,latifi,0.01391804264140327,35,2,"[0.0588, 0.3333]",50.0
2022-08,leclerc,-0.020136158093477772,15,2,"[0.1765, 0.3922]",21.0
2022-08,max_verstappen,-0.01804848185603846,42,2,"[0.3529, 0.6471]",51.0
2022-08,mick_schumacher,0.005952582624970849,41,2,"[0.1765, 0.451]",50.0
2022-08,norris,-0.00027096675346204057,41,1,[0.3922],51.0
2022-08,ocon,0.004643453425062427,43,1,[0.6471],51.0
2022-08,perez,-0.015081203865040175,42,2,"[0.3137, 0.6471]",51.0
2022-08,ricciardo,0.002113909947404693,44,1,[0.6471],51.0
2022-08,russell,-0.008322617635670286,44,2,"[0.1765, 0.6471]",51.0
2022-08,sainz,,7,0,[],9.0
2022-08,stroll,0.007651425548079901,36,2,"[0.5882, 0.902]",46.0
2022-08,tsunoda,-0.0020847966562689713,41,2,"[0.1765, 0.7451]",50.0
2022-08,vettel,-0.0005614283918855777,43,1,[0.1765],51.0
2022-08,zhou,-0.0018509102130850118,18,2,"[0.1765, 0.451]",23.0
2022-09,albon,0.006127434897438262,56,2,"[0.2571, 0.6857]",70.0
2022-09,alonso,-0.0034951524464602673,55,2,"[0.4, 0.7]",70.0
2022-09,bottas,-0.00023737728395239509,57,1,[0.7],70.0
2022-09,gasly,0.003843404627642037,53,2,"[0.0714, 0.5143]",70.0
2022-09,hamilton,-0.01401512794190339,55,2,"[0.1286, 0.6286]",70.0
2022-09,kevin_magnussen,0.009297059245863446,56,1,[0.1],70.0
2022-09,latifi,0.014303054306695252,54,2,"[0.1286, 0.5286]",70.0
2022-09,leclerc,-0.005468283733053814,55,1,[0.5857],70.0
2022-09,max_verstappen,-0.018860372816419398,54,2,"[0.1286, 0.6143]",70.0
2022-09,mick_schumacher,0.0013688740858589419,14,0,[],19.0
2022-09,norris,0.005211264309121545,54,2,"[0.2714, 0.6]",70.0
2022-09,ocon,-0.0036201236486328114,57,2,"[0.2714, 0.7]",70.0
2022-09,perez,,6,0,[],8.0
2022-09,ricciardo,0.004694378892937519,57,2,"[0.2714, 0.7]",70.0
2022-09,russell,-0.012683872375861865,55,2,"[0.2714, 0.6429]",70.0
2022-09,sainz,-0.018042004551612804,56,2,"[0.2857, 0.7]",70.0
2022-09,stroll,0.004653381266388983,56,1,[0.6714],70.0
2022-09,tsunoda,0.002924755226015875,40,2,"[0.1286, 0.6714]",47.0
2022-09,vettel,0.002464708445370019,55,2,"[0.0714, 0.2714]",70.0
2022-09,zhou,0.0008140805637461558,57,2,"[0.2714, 0.7]",70.0
2022-10,alonso,-0.006261735292159327,43,3,"[0.0192, 0.6346, 0.75]",52.0
2022-10,bottas,0.0028203912897069583,16,2,"[0.0192, 0.3846]",20.0
2022-10,gasly,0.0030056380332952894,20,3,"[0.0192, 0.3077, 0.5]",26.0
2022-10,hamilton,-0.016702792633088843,42,3,"[0.0192, 0.6346, 0.75]",52.0
2022-10,kevin_magnussen,0.002895096428935389,42,2,"[0.0192, 0.4231]",52.0
2022-10,latifi,0.007347980512916598,42,3,"[0.0192, 0.3654, 0.75]",52.0
2022-10,leclerc,-0.0163874615725281,42,2,"[0.0192, 0.4808]",52.0
2022-10,max_verstappen,-0.0022752903030024575,39,4,"[0.0192, 0.2308, 0.4423, 0.75]",52.0
2022-10,mick_schumacher,-0.0007059210181438285,42,3,"[0.0192, 0.3654, 0.75]",52.0
2022-10,norris,-0.005665178344794705,43,3,"[0.0192, 0.6538, 0.7692]",52.0
2022-10,ocon,-0.00015560899230029662,32,2,"[0.0192, 0.4231]",38.0
2022-10,perez,-0.01302771612701771,41,3,"[0.0192, 0.0962, 0.75]",52.0
2022-10,ricciardo,0.0037318028768864213,40,4,"[0.0192, 0.3846, 0.6154, 0.7308]",52.0
2022-10,sainz,-0.017096211146520348,42,3,"[0.0192, 0.3846, 0.75]",52.0
2022-10,stroll,0.0011947820695960907,42,3,"[0.0192, 0.2885, 0.7692]",52.0
2022-10,tsunoda,0.011065945631534973,42,3,"[0.0192, 0.3462, 0.7308]",52.0
2022-10,vettel,-0.0007405585683468096,41,3,"[0.0192, 0.1154, 0.75]",52.0
2022-11,albon,0.0037362526233019775,60,2,"[0.1549, 0.5775]",70.0
2022-11,alonso,2.4536347556525633e-05,62,3,"[0.3803, 0.8028, 0.8169]",70.0
2022-11,bottas,0.0014729168783395722,61,2,"[0.0845, 0.5493]",70.0
2022-11,gasly,0.004259306308692272,61,2,"[0.169, 0.5634]",70.0
2022-11,hamilton,-0.007270958240351879,60,2,"[0.3944, 0.7183]",71.0
2022-11,kevin_magnussen,0.0010976597934565344,59,2,"[0.2113, 0.5775]",70.0
2022-11,latifi,0.010450934334780013,41,3,"[0.169, 0.493, 0.6761]",48.0
2022-11,leclerc,-0.01682077765960251,59,3,"[0.3662, 0.6901, 0.8169]",71.0
2022-11,max_verstappen,-0.015092814625784108,60,3,"[0.1831, 0.507, 0.8169]",71.0
2022-11,mick_schumacher,-0.0010017714129062327,59,2,"[0.2254, 0.6056]",70.0
2022-11,norris,-0.0010318525732482826,59,2,"[0.1972, 0.6056]",70.0
2022-11,ocon,-0.0012048227199419153,60,2,"[0.2254, 0.6197]",71.0
2022-11,perez,0.019240933629795558,21,2,"[0.0141, 0.338]",24.0
2022-11,ricciardo,0.0024800915624196064,60,2,"[0.169, 0.6197]",70.0
2022-11,russell,-0.005544904243471884,61,2,"[0.1549, 0.5634]",71.0
2022-11,sainz,-0.013763053774302808,48,2,"[0.3803, 0.7042]",57.0
2022-11,stroll,0.004048298685060212,61,2,"[0.4085, 0.6761]",70.0
2022-11,tsunoda,0.0058132547167330925,61,2,"[0.3662, 0.6479]",70.0
2022-11,vettel,0.002598523486864456,61,2,"[0.2817, 0.6197]",70.0
2022-11,zhou,0.00252377128537376,61,2,"[0.338, 0.6479]",70.0
2022-12,albon,0.003415854459681632,45,1,[0.3396],53.0
2022-12,alonso,-0.003843583039389189,45,1,[0.3396],53.0
2022-12,bottas,0.001878034950738516,42,2,"[0.3396, 0.6792]",53.0
2022-12,gasly,0.003414952877817676,45,1,[0.3396],53.0
2022-12,hamilton,-0.012005294496407465,44,1,[0.3396],53.0
2022-12,kevin_magnussen,0.0005580480724872635,30,3,"[0.1509, 0.3396, 0.717]",38.0
2022-12,latifi,0.005312469278535054,33,3,"[0.3585, 0.717, 0.7736]",41.0
2022-12,leclerc,-0.016103847392801865,16,0,[],18.0
2022-12,max_verstappen,-0.015726578350762722,42,1,[0.3019],53.0
2022-12,mick_schumacher,0.002811697041192459,42,2,"[0.1698, 0.3396]",53.0
2022-12,norris,-0.0008198793211884202,45,1,[0.3396],53.0
2022-12,ocon,0.0001043745432371266,45,1,[0.3396],53.0
2022-12,perez,-0.010812572531729863,44,1,[0.3396],53.0
2022-12,ricciardo,0.0019415515954998562,45,1,[0.3396],53.0
2022-12,russell,-0.010610254028180244,44,1,[0.3396],53.0
2022-12,sainz,-0.012376812955136287,42,2,"[0.3396, 0.7925]",53.0
2022-12,stroll,0.001636914055870078,45,1,[0.3396],53.0
2022-12,tsunoda,0.007058693103258148,13,2,"[0.2075, 0.3396]",18.0
2022-12,vettel,0.0014018453462785062,45,1,[0.3585],53.0
2022-12,zhou,0.005851922357943965,36,2,"[0.1698, 0.4151]",48.0
2022-13,albon,0.00519637360770446,57,3,"[0.0286, 0.3, 0.5714]",69.0
2022-13,alonso,0.005384597805929213,58,1,[0.3],69.0
2022-13,bottas,0.006911733515634895,56,1,[0.3714],66.0
2022-13,gasly,0.0031939223530047084,56,2,"[0.2286, 0.6571]",69.0
2022-13,hamilton,-0.012857905300174801,57,2,"[0.2714, 0.7286]",70.0
2022-13,kevin_magnussen,0.006207868522068223,55,3,"[0.0857, 0.5, 0.9571]",69.0
2022-13,latifi,0.005246424891036622,54,3,"[0.2571, 0.5571, 0.8]",69.0
2022-13,leclerc,-0.015165749327954952,55,3,"[0.3, 0.5571, 0.7714]",70.0
2022-13,max_verstappen,-0.01373037197216634,57,2,"[0.2286, 0.5429]",70.0
2022-13,mick_schumacher,0.0046821076484704505,56,2,"[0.3, 0.5857]",69.0
2022-13,norris,-0.0029487638724111907,57,2,"[0.2, 0.6]",70.0
2022-13,ocon,0.005683503093266455,59,1,[0.3286],69.0
2022-13,perez,-0.012381376245676324,57,2,"[0.2571, 0.6]",70.0
2022-13,ricciardo,0.004583490596528056,57,2,"[0.2143, 0.6571]",69.0
2022-13,russell,-0.010092488331995783,57,2,"[0.2286, 0.5571]",70.0
2022-13,sainz,-0.010829706051600784,58,2,"[0.2429, 0.6714]",70.0
2022-13,stroll,0.0003686913225875463,57,2,"[0.2, 0.6571]",69.0
2022-13,tsunoda,0.007429433114340873,52,3,"[0.1857, 0.4714, 0.7286]",68.0
2022-13,vettel,0.0008701709961160641,57,2,"[0.2143, 0.6571]",69.0
2022-13,zhou,0.000841995508760407,56,2,"[0.3857, 0.7286]",69.0
2022-14,albon,0.004533996368342533,35,2,"[0.2273, 0.5909]",44.0
2022-14,alonso,-0.001212994994848441,35,2,"[0.25, 0.5682]",44.0
2022-14,gasly,0.0019291492244236962,35,2,"[0.2273, 0.5]",44.0
2022-14,kevin_magnussen,0.006177839533571684,35,2,"[0.25, 0.6136]",43.0
2022-14,latifi,0.007266379554382513,34,3,"[0.0682, 0.3409, 0.7727]",43.0
2022-14,leclerc,-0.0032685640646361717,35,3,"[0.0682, 0.5682, 0.9545]",44.0
2022-14,max_verstappen,-0.017919890927252703,35,2,"[0.3409, 0.6818]",44.0
2022-14,mick_schumacher,0.005212276457125171,34,2,"[0.3182, 0.6818]",43.0
2022-14,norris,0.0041182281481082815,35,2,"[0.2955, 0.6591]",44.0
2022-14,ocon,-0.0020467274123487935,35,2,"[0.2727, 0.7273]",44.0
2022-14,perez,-0.013744338748086482,35,2,"[0.3182, 0.6136]",44.0
2022-14,ricciardo,0.005322203645036823,35,2,"[0.2727, 0.7273]",44.0
2022-14,russell,-0.011321838485822803,35,2,"[0.2955, 0.6591]",44.0
2022-14,sainz,-0.010910048362353549,35,2,"[0.25, 0.5682]",44.0
2022-14,stroll,0.0035774732437305985,35,2,"[0.3409, 0.5909]",44.0
2022-14,tsunoda,0.0025427220609434286,35,2,"[0.4091, 0.6818]",44.0
2022-14,vettel,-0.0016063494025248216,35,2,"[0.3182, 0.75]",44.0
2022-14,zhou,0.003955878249031343,35,2,"[0.3182, 0.6364]",44.0
2022-15,albon,0.00590429775993965,53,4,"[0.2917, 0.5833, 0.7639, 0.7778]",72.0
2022-15,alonso,-0.0029588468703187092,56,3,"[0.1667, 0.6528, 0.7917]",72.0
2022-15,bottas,0.006972651877346999,40,2,"[0.2222, 0.4722]",54.0
2022-15,gasly,0.002799648542737931,52,4,"[0.1528, 0.4444, 0.7778, 0.7917]",72.0
2022-15,hamilton,-0.009979951931629955,55,3,"[0.4028, 0.6667, 0.7917]",72.0
2022-15,kevin_magnussen,0.006857522587812239,52,4,"[0.1944, 0.4722, 0.6528, 0.7778]",72.0
2022-15,latifi,0.015806490979969005,50,4,"[0.1806, 0.3611, 0.75, 0.7639]",71.0
2022-15,leclerc,-0.010101995524967959,54,4,"[0.2361, 0.625, 0.7778, 0.7917]",72.0
2022-15,max_verstappen,-0.015251816816340991,55,4,"[0.25, 0.6667, 0.7778, 0.7917]",72.0
2022-15,mick_schumacher,0.0045546667452131765,52,4,"[0.1806, 0.4583, 0.6528, 0.7778]",72.0
2022-15,norris,-0.00262267786030362,56,3,"[0.2361, 0.6528, 0.7917]",72.0
2022-15,ocon,0.0010748095069466903,57,3,"[0.25, 0.7778, 0.7917]",72.0
2022-15,perez,-0.007353457356470976,55,4,"[0.1944, 0.5556, 0.7778, 0.7917]",72.0
2022-15,ricciardo,0.007300157554896252,52,5,"[0.1528, 0.375, 0.6528, 0.7639, 0.7778]",72.0
2022-15,russell,-0.012187738173974606,55,3,"[0.4306, 0.6667, 0.7917]",72.0
2022-15,sainz,-0.0050038269738919465,56,3,"[0.1944, 0.5972, 0.7917]",72.0
2022-15,stroll,-0.0018298955593070093,53,4,"[0.2222, 0.5278, 0.7778, 0.7917]",72.0
2022-15,tsunoda,0.004189271698779427,36,3,"[0.1806, 0.5833, 0.5972]",43.0
2022-15,vettel,0.005419122419645676,52,4,"[0.125, 0.4861, 0.6667, 0.7778]",72.0
2022-15,zhou,0.00711768921941293,52,4,"[0.1667, 0.5139, 0.7639, 0.7778]",72.0
2022-16,alonso,0.003417549440320873,27,1,[0.5849],31.0
2022-16,bottas,0.003924608774071778,40,1,[0.6604],52.0
2022-16,de_vries,0.0018321297996341233,40,1,[0.3585],53.0
2022-16,gasly,0.0021066769825562174,40,1,[0.3396],53.0
2022-16,hamilton,-0.005277555738754739,40,1,[0.6226],53.0
2022-16,kevin_magnussen,0.008535858892400753,40,2,"[0.4528, 0.8679]",52.0
2022-16,latifi,0.005783221718887344,40,2,"[0.283, 0.8868]",52.0
2022-16,leclerc,-0.019890836826901633,39,3,"[0.2264, 0.6226, 0.9057]",53.0
2022-16,max_verstappen,-0.020019361864347246,39,2,"[0.4717, 0.9057]",53.0
2022-16,mick_schumacher,0.003169075750552544,40,1,[0.6226],53.0
2022-16,norris,-0.004298212874145899,40,2,"[0.6604, 0.8868]",53.0
2022-16,ocon,0.0022021723242353825,40,1,[0.3585],53.0
2022-16,perez,-0.008843598054652482,38,2,"[0.1321, 0.7925]",53.0
2022-16,ricciardo,0.0011817858173520795,40,1,[0.3585],46.0
2022-16,russell,-0.01237446488244735,39,2,"[0.434, 0.8868]",53.0
2022-16,sainz,-0.01124145547961055,40,2,"[0.566, 0.8868]",53.0
2022-16,stroll,0.0072691482886024315,33,2,"[0.3396, 0.7358]",39.0
2022-16,tsunoda,0.0030595581121796874,40,2,"[0.3585, 0.8868]",52.0
2022-16,vettel,0.0055962496895621905,9,0,[],11.0
2022-16,zhou,0.0018039295099743324,40,1,[0.3396],53.0
2022-17,albon,0.011876639901955375,17,1,[0.4237],25.0
2022-17,alonso,-0.008989876481714862,15,0,[],21.0
2022-17,bottas,0.008126440468596683,38,1,[0.5593],59.0
2022-17,gasly,0.001048773190891449,39,1,[0.5593],59.0
2022-17,hamilton,-0.006839888824080896,38,1,[0.5763],59.0
2022-17,kevin_magnussen,0.008898101218614549,38,2,"[0.1186, 0.5593]",59.0
2022-17,latifi,,5,1,[0.1186],7.0
2022-17,leclerc,-0.022123076542451985,38,1,[0.5763],59.0
2022-17,max_verstappen,-0.010434766980195355,38,2,"[0.5932, 0.678]",59.0
2022-17,mick_schumacher,0.00675882016188319,35,2,"[0.5763, 0.6949]",58.0
2022-17,norris,-0.010306937882737005,40,1,[0.6102],59.0
2022-17,ocon,0.005121315857039694,17,0,[],27.0
2022-17,perez,-0.02355907440539441,39,1,[0.5932],59.0
2022-17,ricciardo,0.0024246428528545013,39,1,[0.6102],59.0
2022-17,russell,0.0018094083308492761,31,4,"[0.3559, 0.5932, 0.6949, 0.8644]",57.0
2022-17,sainz,-0.016392883101564133,39,1,[0.5932],59.0
2022-17,stroll,0.002062187094964678,40,1,[0.5932],59.0
2022-17,tsunoda,0.0022133790482787652,18,1,[0.5593],35.0
2022-17,vettel,0.00012938329055608657,39,1,[0.5763],59.0
2022-17,zhou,,5,0,[],7.0
2022-18,alonso,-0.01403071696194127,19,3,"[0.069, 0.2759, 0.7586]",28.0
2022-18,bottas,0.009879182775324185,21,2,"[0.069, 0.2069]",28.0
2022-18,gasly,-0.00010529471931589917,19,4,"[0.0345, 0.069, 0.2414, 0.6552]",28.0
2022-18,hamilton,-0.005735741514559499,21,2,"[0.069, 0.2414]",28.0
2022-18,kevin_magnussen,0.010226262576575948,21,2,"[0.069, 0.2414]",28.0
2022-18,latifi,0.004366718528697335,22,2,"[0.069, 0.1724]",28.0
2022-18,leclerc,-0.009763824999970527,21,2,"[0.069, 0.2414]",28.0
2022-18,max_verstappen,-0.020104431926812966,21,2,"[0.069, 0.2414]",29.0
2022-18,mick_schumacher,0.008738953088203742,21,2,"[0.069, 0.3793]",28.0
2022-18,norris,0.0052556825261327,21,2,"[0.069, 0.2069]",28.0
2022-18,ocon,-0.005158074330883704,21,2,"[0.069, 0.2414]",28.0
2022-18,perez,-0.010317425079725065,21,2,"[0.069, 0.2414]",28.0
2022-18,ricciardo,0.004175563978155888,21,2,"[0.069, 0.2759]",28.0
2022-18,russell,-0.005667195775459345,21,2,"[0.069, 0.2414]",28.0
2022-18,stroll,-0.003001271706128505,19,3,"[0.069, 0.2414, 0.6552]",28.0
2022-18,tsunoda,-0.0022229336656209545,19,3,"[0.069, 0.2414, 0.6897]",28.0
2022-18,vettel,-0.005645945116683392,22,2,"[0.069, 0.1724]",28.0
2022-18,zhou,-0.0029514954844960047,19,3,"[0.069, 0.3103, 0.6207]",28.0
2022-19,albon,0.006786371754296427,44,2,"[0.1607, 0.3214]",56.0
2022-19,alonso,0.0020918742823803345,47,2,"[0.3214, 0.3929]",56.0
2022-19,bottas,-0.0016286908536124643,13,1,[0.1786],17.0
2022-19,gasly,-0.0005295104457099665,42,2,"[0.1964, 0.5714]",56.0
2022-19,hamilton,-0.01708025100491182,43,2,"[0.2143, 0.6071]",56.0
2022-19,kevin_magnussen,0.0063172547344427475,46,1,[0.3214],56.0
2022-19,latifi,0.011607215558461271,44,2,"[0.0893, 0.3214]",56.0
2022-19,leclerc,-0.013920345324736481,45,2,"[0.3214, 0.625]",56.0
2022-19,max_verstappen,-0.02017822485370927,43,2,"[0.2321, 0.625]",56.0
2022-19,mick_schumacher,0.005061445438222629,45,2,"[0.3214, 0.5893]",56.0
2022-19,norris,-0.0020605789475795395,42,2,"[0.25, 0.6071]",56.0
2022-19,ocon,0.0021501181270783066,45,2,"[0.3214, 0.8036]",56.0
2022-19,perez,-0.015628338343826743,43,2,"[0.25, 0.6786]",56.0
2022-19,ricciardo,0.00627445190745489,42,2,"[0.1786, 0.625]",56.0
2022-19,russell,-0.012593104112114407,41,3,"[0.2321, 0.6429, 0.9643]",56.0
2022-19,stroll,-0.003454271567689786,14,1,[0.2679],22.0
2022-19,tsunoda,0.001278840275122362,42,2,"[0.1786, 0.5893]",56.0
2022-19,vettel,-0.004034635062973532,45,2,"[0.3214, 0.7321]",56.0
2022-19,zhou,0.006246327096007607,44,2,"[0.1607, 0.4107]",56.0
2022-20,albon,0.0029502703564160135,66,1,[0.5352],70.0
2022-20,alonso,0.0017487477188915556,60,1,[0.5634],64.0
2022-20,bottas,0.001900215689868508,65,1,[0.5493],70.0
2022-20,gasly,0.0018988055561880183,66,1,[0.5634],70.0
2022-20,hamilton,-0.014244017832942456,66,1,[0.4085],71.0
2022-20,kevin_magnussen,0.008960393173198541,65,1,[0.5352],70.0
2022-20,latifi,0.014734584940771272,63,2,"[0.3239, 0.7324]",69.0
2022-20,leclerc,-0.006276091976942163,66,1,[0.3944],71.0
2022-20,max_verstappen,-0.016274445236748467,66,1,[0.3521],71.0
2022-20,mick_schumacher,0.008922090204573128,65,1,[0.338],70.0
2022-20,norris,0.001671910727582942,65,1,[0.4366],70.0
2022-20,ocon,0.0011307779998095274,65,1,[0.4648],70.0
2022-20,perez,-0.014142015339342626,66,1,[0.3239],71.0
2022-20,ricciardo,-0.0004731441817423223,65,1,[0.6197],70.0
2022-20,russell,-0.013837818643817267,64,2,"[0.4789, 0.9718]",71.0
2022-20,sainz,-0.007638450804359564,66,1,[0.4085],71.0
2022-20,stroll,0.002179399383433124,63,2,"[0.2394, 0.5634]",70.0
2022-20,tsunoda,0.001828046164303386,46,2,"[0.4085, 0.7042]",50.0
2022-20,vettel,0.0049811692548515,65,1,[0.5352],70.0
2022-20,zhou,0.0049604324329311986,65,1,[0.6338],70.0
2022-21,albon,0.010280925053962362,51,3,"[0.0563, 0.3521, 0.662]",71.0
2022-21,alonso,-0.005744876690031185,52,3,"[0.1972, 0.493, 0.7324]",71.0
2022-21,bottas,0.0005764229131475208,51,2,"[0.338, 0.6338]",71.0
2022-21,gasly,0.003576860886543664,51,3,"[0.2676, 0.493, 0.7324]",71.0
2022-21,hamilton,-0.012921123773728756,52,2,"[0.4085, 0.6761]",71.0
2022-21,latifi,0.011559851187255894,51,3,"[0.2817, 0.4507, 0.7324]",71.0
2022-21,leclerc,-0.009581794505509101,50,3,"[0.0986, 0.2958, 0.6197]",71.0
2022-21,max_verstappen,-0.009039308880786502,50,3,"[0.0986, 0.3239, 0.6761]",71.0
2022-21,mick_schumacher,0.00610742100571874,51,2,"[0.338, 0.6479]",71.0
2022-21,norris,0.003149346347539318,39,2,"[0.338, 0.6338]",51.0
2022-21,ocon,0.00012311197518085474,51,2,"[0.338, 0.662]",71.0
2022-21,perez,-0.007478495931920728,52,2,"[0.3239, 0.662]",71.0
2022-21,russell,-0.013177365078138933,52,2,"[0.338, 0.6901]",71.0
2022-21,sainz,-0.012684281730337948,52,3,"[0.2394, 0.507, 0.7465]",71.0
2022-21,stroll,0.004856202521514756,51,2,"[0.4085, 0.6761]",71.0
2022-21,tsunoda,0.007161215474640555,50,3,"[0.2817, 0.5634, 0.7606]",70.0
2022-21,vettel,0.001761062497789821,51,2,"[0.3662, 0.6338]",71.0
2022-21,zhou,0.00575793175613546,51,2,"[0.2254, 0.5211]",71.0
2022-22,albon,0.005242467226940115,51,2,"[0.2069, 0.6034]",57.0
2022-22,alonso,0.00050156379690118,23,2,"[0.3276, 0.4655]",27.0
2022-22,bottas,0.010328572285131718,53,1,[0.5172],57.0
2022-22,gasly,0.009503135748304647,53,1,[0.2414],57.0
2022-22,hamilton,-0.006241941100307196,50,2,"[0.3103, 0.9483]",55.0
2022-22,kevin_magnussen,0.014912112434605995,53,1,[0.4828],57.0
2022-22,latifi,0.010503401317818888,49,3,"[0.2586, 0.6552, 0.9483]",55.0
2022-22,leclerc,-0.008992300721694848,54,1,[0.3621],58.0
2022-22,max_verstappen,-0.01023797939202314,54,1,[0.3448],58.0
2022-22,mick_schumacher,0.007515826971823246,51,2,"[0.2414, 0.5862]",57.0
2022-22,norris,-0.005122212158351653,52,2,"[0.2586, 0.7241]",58.0
2022-22,ocon,-0.004645413900723093,52,2,"[0.2414, 0.7069]",58.0
2022-22,perez,-0.0130727704346757,51,2,"[0.2586, 0.569]",58.0
2022-22,ricciardo,0.003902343880040218,54,1,[0.3276],58.0
2022-22,russell,-0.010128676405247778,53,2,"[0.2586, 0.6724]",58.0
2022-22,sainz,-0.01033508220473769,53,2,"[0.2931, 0.6724]",58.0
2022-22,stroll,-0.0014736227751541687,52,2,"[0.2241, 0.6897]",58.0
2022-22,tsunoda,0.0013466025613928475,53,2,"[0.2414, 0.6552]",58.0
2022-22,vettel,0.004440088513376717,54,1,[0.431],58.0
2022-22,zhou,0.003563344106451819,51,2,"[0.2586, 0.7586]",57.0
2023-01,albon,0.0016687284990913379,49,3,"[0.193, 0.4561, 0.7018]",57.0
2023-01,alonso,-0.004994087332555085,49,2,"[0.2456, 0.5965]",57.0
2023-01,bottas,0.0014430891183225306,49,2,"[0.193, 0.5088]",57.0
2023-01,de_vries,0.008776076904570456,48,2,"[0.193, 0.4737]",56.0
2023-01,gasly,-0.002385105119206138,49,3,"[0.1579, 0.4386, 0.7018]",57.0
2023-01,hamilton,-0.0021604728846269924,49,2,"[0.2105, 0.5263]",57.0
2023-01,hulkenberg,0.002973658244540311,48,3,"[0.193, 0.4561, 0.7018]",56.0
2023-01,kevin_magnussen,0.0036517641671624597,48,3,"[0.2632, 0.5088, 0.7018]",56.0
2023-01,leclerc,-0.007790397138146484,33,2,"[0.2281, 0.5789]",40.0
2023-01,max_verstappen,-0.011795451895578603,48,2,"[0.2456, 0.6316]",57.0
2023-01,norris,-0.0029551735614435646,38,6,"[0.1754, 0.2982, 0.4737, 0.6491, 0.8246, 0.9474]",55.0
2023-01,ocon,0.0021309316606584554,30,4,"[0.2105, 0.2632, 0.5614, 0.7193]",41.0
2023-01,perez,-0.00946696058899799,48,2,"[0.2982, 0.5965]",57.0
2023-01,piastri,0.006682729030026102,10,1,[0.2281],13.0
2023-01,russell,-0.0023535641278536064,49,2,"[0.2281, 0.5439]",57.0
2023-01,sainz,-0.00298334360224979,49,2,"[0.2281, 0.5439]",57.0
2023-01,sargeant,0.002729997026083335,48,3,"[0.2105, 0.5263, 0.7018]",56.0
2023-01,stroll,-0.002678914231677212,49,2,"[0.2632, 0.5263]",57.0
2023-01,tsunoda,0.0011056919331887411,49,3,"[0.1754, 0.4561, 0.7018]",57.0
2023-01,zhou,0.005359348181726315,46,3,"[0.2105, 0.5614, 0.9474]",56.0
2023-02,albon,0.006876058295954612,21,2,"[0.34, 0.54]",27.0
2023-02,alonso,-0.012340908813700154,45,1,[0.36],50.0
2023-02,bottas,0.013092909167771328,40,3,"[0.18, 0.34, 0.7]",49.0
2023-02,de_vries,0.006388547972009606,45,1,[0.34],50.0
2023-02,gasly,-0.0006110810395732534,43,1,[0.28],50.0
2023-02,hamilton,-0.006124941422189775,45,1,[0.36],50.0
2023-02,hulkenberg,0.003915876371969737,43,1,[0.22],50.0
2023-02,kevin_magnussen,0.0016976401217258957,43,1,[0.16],50.0
2023-02,leclerc,-0.00552825465059267,44,1,[0.32],50.0
2023-02,max_verstappen,-0.014277466693638545,45,1,[0.36],50.0
2023-02,norris,0.006208765565781734,43,2,"[0.04, 0.38]",50.0
2023-02,ocon,-0.0014064865282349902,44,1,[0.32],50.0
2023-02,perez,-0.018389307632955217,45,1,[0.36],50.0
2023-02,piastri,0.0053418456604989025,44,1,[0.02],50.0
2023-02,russell,-0.009635883085038452,45,1,[0.36],50.0
2023-02,sainz,-0.006645827115071551,43,1,[0.3],50.0
2023-02,sargeant,0.009287649350918045,45,1,[0.36],50.0
2023-02,stroll,-0.003586252189668258,13,1,[0.26],17.0
2023-02,tsunoda,0.0029966266821160065,45,1,[0.34],50.0
2023-02,zhou,0.0040383209669282855,43,2,"[0.22, 0.36]",50.0
2023-03,albon,,3,0,[],7.0
2023-03,alonso,-0.005697704493985214,44,3,"[0.1379, 0.9483, 0.9828]",58.0
2023-03,bottas,0.0116785658413179,44,6,"[0.0172, 0.1379, 0.9138, 0.931, 0.9483, 0.9828]",58.0
2023-03,de_vries,0.01582702503077435,41,4,"[0.1379, 0.7759, 0.931, 0.9483]",57.0
2023-03,gasly,-0.0038518535024129903,44,2,"[0.1379, 0.9483]",57.0
2023-03,hamilton,-0.005472806147847537,43,3,"[0.1379, 0.9483, 0.9828]",58.0
2023-03,hulkenberg,-0.0008491577057030659,44,3,"[0.1379, 0.9483, 0.9828]",58.0
2023-03,kevin_magnussen,0.007233534568507043,44,2,"[0.1207, 0.1379]",53.0
2023-03,max_verstappen,-0.009388026736607071,44,3,"[0.1379, 0.9483, 0.9828]",58.0
2023-03,norris,-0.0007500044855065347,44,3,"[0.1379, 0.9483, 0.9828]",58.0
2023-03,ocon,0.0005026309259144172,44,3,"[0.0172, 0.1379, 0.9483]",57.0
2023-03,perez,-0.003818544051228154,44,5,"[0.0172, 0.0345, 0.1379, 0.9483, 0.9828]",58.0
2023-03,piastri,0.004120952979271775,44,4,"[0.1379, 0.931, 0.9483, 0.9828]",58.0
2023-03,russell,-0.01056891587333004,10,2,"[0.1207, 0.1379]",18.0
2023-03,sainz,-0.005583060890723682,44,4,"[0.1207, 0.1379, 0.9483, 0.9828]",58.0
2023-03,sargeant,0.013181431759248095,41,6,"[0.0172, 0.0345, 0.1379, 0.6207, 0.931, 0.9483]",57.0
2023-03,stroll,-0.003384309298156428,44,3,"[0.1379, 0.9483, 0.9828]",58.0
2023-03,tsunoda,0.008999706578969523,44,4,"[0.1379, 0.931, 0.9483, 0.9828]",58.0
2023-03,zhou,0.007615137859584605,44,5,"[0.0172, 0.1379, 0.931, 0.9483, 0.9828]",58.0
2023-04,albon,0.0032638723065913167,42,1,[0.1373],51.0
2023-04,alonso,-0.010435363883160244,44,1,[0.2157],51.0
2023-04,bottas,0.006759352436525272,39,3,"[0.1176, 0.2353, 0.6667]",50.0
2023-04,de_vries,0.00790498771590296,8,0,[],10.0
2023-04,gasly,-0.00042005195405676253,40,2,"[0.098, 0.451]",51.0
2023-04,hamilton,-0.006121637072247869,43,1,[0.1765],51.0
2023-04,hulkenberg,0.00396479865699023,41,1,[0.9608],50.0
2023-04,kevin_magnussen,0.003692048004469113,44,1,[0.1961],51.0
2023-04,leclerc,-0.010667461103462686,44,1,[0.2157],51.0
2023-04,max_verstappen,-0.015386899684627087,44,1,[0.1961],51.0
2023-04,norris,0.0013077114643775846,43,1,[0.1765],51.0
2023-04,ocon,0.0026602467674775557,42,1,[0.9804],51.0
2023-04,perez,-0.015836301224072365,44,1,[0.2157],51.0
2023-04,piastri,0.003276133791262887,42,1,[0.1569],51.0
2023-04,russell,-0.004677187927957436,43,2,"[0.2157, 0.9608]",51.0
2023-04,sainz,-0.00591496415698277,44,1,[0.2157],51.0
2023-04,sargeant,0.006288454204836361,42,1,[0.1569],51.0
2023-04,stroll,-0.0045232448523544935,44,1,[0.2157],51.0
2023-04,tsunoda,0.002253633356295422,42,1,[0.1569],51.0
2023-04,zhou,0.006678220478519532,29,2,"[0.2157, 0.7059]",36.0
2023-05,albon,0.0018502442940717925,54,1,[0.386],57.0
2023-05,alonso,-0.0055399557418395326,54,1,[0.4211],57.0
2023-05,bottas,0.0017259531009203835,54,1,[0.2632],57.0
2023-05,de_vries,0.00375612434959634,54,1,[0.2632],57.0
2023-05,gasly,-0.0008285027149134199,54,1,[0.2632],57.0
2023-05,hamilton,-0.0021063559797425213,54,1,[0.6491],57.0
2023-05,hulkenberg,0.0018019398443869814,54,1,[0.5789],57.0
2023-05,kevin_magnussen,0.0008020222861144,54,1,[0.2456],57.0
2023-05,leclerc,-0.0015275439948561024,54,1,[0.2982],57.0
2023-05,max_verstappen,-0.011779882505339076,54,1,[0.7895],57.0
2023-05,norris,0.0037969127907441975,54,1,[0.0702],57.0
2023-05,ocon,-0.00029185229416986923,54,1,[0.6842],57.0
2023-05,perez,-0.009526626300624067,54,1,[0.3509],57.0
2023-05,piastri,0.009227944470147739,53,1,[0.0877],56.0
2023-05,russell,-0.004852338614317254,54,1,[0.2982],57.0
2023-05,sainz,-0.0037726204221309877,54,1,[0.3158],57.0
2023-05,sargeant,0.0060733068178637425,53,1,[0.0351],56.0
2023-05,stroll,-0.00025098461357073615,54,1,[0.7368],57.0
2023-05,tsunoda,0.00021158150358652477,54,1,[0.6316],57.0
2023-05,zhou,0.002566724524434338,54,1,[0.5439],57.0
2023-06,albon,0.004918183258139164,60,2,"[0.2308, 0.6667]",77.0
2023-06,alonso,-0.010181781157567453,66,2,"[0.6923, 0.7051]",78.0
2023-06,bottas,0.005543563992454262,64,1,[0.6538],77.0
2023-06,de_vries,0.006719325082927961,65,1,[0.6795],77.0
2023-06,gasly,-0.006274317628309822,64,2,"[0.6026, 0.6923]",78.0
2023-06,hamilton,-0.008253132640304299,65,2,"[0.3974, 0.6923]",78.0
2023-06,hulkenberg,0.007628813235729807,59,3,"[0.0128, 0.6923, 0.7564]",76.0
2023-06,kevin_magnussen,0.012022733368794449,55,2,"[0.7179, 0.9103]",71.0
2023-06,leclerc,-0.006363998128870492,64,2,"[0.5641, 0.7051]",78.0
2023-06,max_verstappen,-0.012156465229083284,65,1,[0.7051],78.0
2023-06,norris,-0.001248330897734055,65,2,"[0.641, 0.6923]",77.0
2023-06,ocon,-0.008595285430035692,65,2,"[0.4103, 0.6923]",78.0
2023-06,perez,-0.0008334364728228007,55,5,"[0.0128, 0.4359, 0.6795, 0.7308, 0.8974]",76.0
2023-06,piastri,0.0013946728106415368,67,1,[0.6923],77.0
2023-06,russell,-0.005606635150328798,67,1,[0.6923],78.0
2023-06,sainz,-0.007751388702884965,64,2,"[0.4231, 0.7051]",78.0
2023-06,sargeant,0.008651948035508414,56,3,"[0.2564, 0.2949, 0.6667]",76.0
2023-06,stroll,0.010547210398945761,47,1,[0.6538],54.0
2023-06,tsunoda,0.004711691637588078,64,1,[0.6795],76.0
2023-06,zhou,0.005052332360240187,61,2,"[0.0128, 0.6667]",77.0
2023-07,albon,0.005824484274347771,60,2,"[0.2424, 0.5606]",65.0
2023-07,alonso,-0.0008502844113653014,61,2,"[0.2879, 0.6667]",66.0
2023-07,bottas,0.009561024228206483,60,2,"[0.0758, 0.5909]",65.0
2023-07,de_vries,0.0026773084097530633,60,2,"[0.1364, 0.5758]",65.0
2023-07,gasly,-0.000540948108088945,61,2,"[0.2879, 0.5909]",66.0
2023-07,hamilton,-0.008439164899027787,61,2,"[0.3636, 0.7576]",66.0
2023-07,hulkenberg,-0.00046601053154538485,58,3,"[0.1212, 0.3939, 0.6515]",65.0
2023-07,kevin_magnussen,0.002431536002012216,58,3,"[0.1515, 0.3636, 0.6364]",65.0
2023-07,leclerc,-0.0005386549430764011,61,2,"[0.2424, 0.6212]",66.0
2023-07,max_verstappen,-0.012275861142538926,61,2,"[0.3939, 0.7879]",66.0
2023-07,norris,0.0002664906830442425,59,3,"[0.0152, 0.3333, 0.7576]",65.0
2023-07,ocon,7.056151104522158e-05,61,2,"[0.197, 0.5303]",66.0
2023-07,perez,-0.006415125127696814,61,2,"[0.4091, 0.7576]",66.0
2023-07,piastri,0.0017355608422499494,60,2,"[0.2576, 0.5909]",65.0
2023-07,russell,-0.006597581750311476,61,2,"[0.3788, 0.6818]",66.0
2023-07,sainz,-0.004168194925905708,61,2,"[0.2273, 0.6212]",66.0
2023-07,sargeant,0.009802149505346318,60,2,"[0.2576, 0.5455]",65.0
2023-07,stroll,-0.0007357927298600642,61,2,"[0.2121, 0.5152]",66.0
2023-07,tsunoda,9.439168293092551e-05,61,2,"[0.1515, 0.5152]",66.0
2023-07,zhou,6.053659338257251e-05,61,2,"[0.1364, 0.5455]",66.0
2023-08,albon,0.004078289834363526,59,1,[0.1714],70.0
2023-08,alonso,-0.011870399670386781,57,2,"[0.1714, 0.5857]",70.0
2023-08,bottas,0.001838242660069147,58,1,[0.5143],70.0
2023-08,de_vries,0.006403853706696426,56,2,"[0.1571, 0.7143]",69.0
2023-08,gasly,5.753164676320406e-05,56,2,"[0.1429, 0.4714]",70.0
2023-08,hamilton,-0.011145484532601772,57,2,"[0.1714, 0.5714]",70.0
2023-08,hulkenberg,0.006689886290436144,56,2,"[0.1571, 0.4429]",69.0
2023-08,kevin_magnussen,0.00356835435834322,56,2,"[0.5, 0.7571]",69.0
2023-08,leclerc,-0.00836970448228443,57,1,[0.5571],70.0
2023-08,max_verstappen,-0.014151927413584458,57,2,"[0.1714, 0.6]",70.0
2023-08,norris,0.0009129140433367753,58,2,"[0.1714, 0.5]",70.0
2023-08,ocon,4.789893524189152e-05,58,2,"[0.1714, 0.5143]",70.0
2023-08,perez,-0.005894633497482846,55,2,"[0.5286, 0.9714]",70.0
2023-08,piastri,0.0006109110059087781,57,2,"[0.1714, 0.5286]",70.0
2023-08,russell,0.0015061264042210152,43,2,"[0.1714, 0.7714]",54.0
2023-08,sainz,-0.007709448689332007,57,1,[0.5429],70.0
2023-08,sargeant,,5,0,[],7.0
2023-08,stroll,0.0001578752171602856,58,2,"[0.1571, 0.3857]",70.0
2023-08,tsunoda,0.0008393635906530161,58,2,"[0.0143, 0.4857]",70.0
2023-08,zhou,0.006211920886170801,56,2,"[0.1714, 0.4571]",69.0
2023-09,albon,0.0023359755310884836,63,3,"[0.0282, 0.1972, 0.5775]",71.0
2023-09,alonso,-0.00562454232174678,62,3,"[0.0282, 0.2113, 0.6197]",71.0
2023-09,bottas,0.0068092348536251965,59,3,"[0.0282, 0.2958, 0.5634]",70.0
2023-09,de_vries,0.007659001205823471,61,3,"[0.0282, 0.169, 0.5211]",70.0
2023-09,gasly,-0.0013004316983075356,62,3,"[0.0282, 0.1972, 0.6197]",71.0
2023-09,hamilton,-0.0038756363691443856,62,3,"[0.0282, 0.1972, 0.5915]",71.0
2023-09,hulkenberg,,7,2,"[0.0282, 0.1549]",13.0
2023-09,kevin_magnussen,0.015918188787545525,62,3,"[0.0141, 0.0282, 0.4789]",70.0
2023-09,leclerc,-0.010007089508614883,62,3,"[0.0282, 0.2113, 0.662]",71.0
2023-09,max_verstappen,-0.017841395486474506,58,4,"[0.0282, 0.338, 0.6901, 0.9718]",71.0
2023-09,norris,-0.005487731309280192,62,3,"[0.0282, 0.1972, 0.5775]",71.0
2023-09,ocon,0.003819718248176123,62,3,"[0.0282, 0.1972, 0.5634]",70.0
2023-09,perez,-0.010083270156556518,60,3,"[0.0282, 0.3521, 0.7042]",71.0
2023-09,piastri,0.005914984767395337,60,4,"[0.0282, 0.1972, 0.3099, 0.5775]",70.0
2023-09,russell,-0.0012059686739439065,63,3,"[0.0282, 0.1972, 0.5775]",71.0
2023-09,sainz,-0.009120320219623673,62,3,"[0.0282, 0.2113, 0.6338]",71.0
2023-09,sargeant,0.005680265117527359,62,3,"[0.0282, 0.1972, 0.6056]",70.0
2023-09,stroll,-0.005094643721761897,60,4,"[0.0282, 0.2113, 0.507, 0.7606]",71.0
2023-09,tsunoda,0.008110342925261974,59,4,"[0.0141, 0.0282, 0.3239, 0.6056]",70.0
2023-09,zhou,0.006057699419969792,60,3,"[0.0282, 0.1127, 0.5352]",70.0
2023-10,albon,0.0004536150667579005,44,1,[0.6154],52.0
2023-10,alonso,-0.0006646156317210412,44,1,[0.6346],52.0
2023-10,bottas,0.005730919928256079,44,1,[0.6154],52.0
2023-10,de_vries,0.005878217385036205,42,2,"[0.5192, 0.6154]",52.0
2023-10,gasly,0.00041124649542202224,36,2,"[0.5962, 0.8846]",46.0
2023-10,hamilton,-0.00469125333015734,44,1,[0.6346],52.0
2023-10,hulkenberg,0.0034370684661978535,42,2,"[0.1346, 0.6154]",52.0
2023-10,kevin_magnussen,0.008713376777351518,30,0,[],32.0
2023-10,leclerc,-0.002831667948345979,42,2,"[0.3462, 0.6154]",52.0
2023-10,max_verstappen,-0.010322905635566927,44,1,[0.6346],52.0
2023-10,norris,-0.007141834573424508,44,1,[0.6346],52.0
2023-10,ocon,,7,1,[0.1731],9.0
2023-10,perez,-0.0030649767943852608,42,1,[0.5385],52.0
2023-10,piastri,-0.006539833177725216,42,1,[0.5577],52.0
2023-10,russell,-0.004749185475612147,42,1,[0.5385],52.0
2023-10,sainz,-0.002910181952898248,42,1,[0.5],52.0
2023-10,sargeant,0.0032040784779405035,42,1,[0.5577],52.0
2023-10,stroll,0.002495726089846416,43,1,[0.5962],52.0
2023-10,tsunoda,0.004172822061938778,42,2,"[0.2692, 0.6154]",52.0
2023-10,zhou,0.005138716138461114,42,3,"[0.4615, 0.6346, 0.6923]",52.0
2023-11,albon,0.003321003526137624,63,2,"[0.1143, 0.4429]",69.0
2023-11,alonso,-0.0033365501099557574,64,2,"[0.2857, 0.6143]",70.0
2023-11,bottas,0.002767628745421912,63,2,"[0.1286, 0.5714]",69.0
2023-11,hamilton,-0.00891625346626096,64,2,"[0.2286, 0.7]",70.0
2023-11,hulkenberg,0.006650341145974475,63,2,"[0.2286, 0.5429]",69.0
2023-11,kevin_magnussen,0.01134658103270812,63,2,"[0.2, 0.5857]",69.0
2023-11,leclerc,-0.004839015011093932,64,2,"[0.2429, 0.6143]",70.0
2023-11,max_verstappen,-0.015026234093781538,64,2,"[0.3286, 0.7286]",70.0
2023-11,norris,-0.00868812347335168,64,2,"[0.2429, 0.6286]",70.0
2023-11,perez,-0.008922054605937776,64,2,"[0.3429, 0.6]",70.0
2023-11,piastri,-0.0044004433413500025,64,2,"[0.2571, 0.6]",70.0
2023-11,ricciardo,0.003018853761474476,63,2,"[0.2571, 0.4143]",69.0
2023-11,russell,-0.004851917975085973,64,2,"[0.4, 0.6571]",70.0
2023-11,sainz,-0.0038081814413776743,64,2,"[0.2143, 0.6286]",70.0
2023-11,sargeant,0.005961352157528171,61,3,"[0.1857, 0.4857, 0.9571]",67.0
2023-11,stroll,-2.23908465340725e-09,62,2,"[0.1286, 0.4857]",69.0
2023-11,tsunoda,0.005552734379317657,63,2,"[0.1286, 0.6286]",69.0
2023-11,zhou,0.006256122542839404,63,2,"[0.1429, 0.5429]",69.0
2023-12,albon,-0.001047580175592302,34,3,"[0.1591, 0.5227, 0.75]",44.0
2023-12,alonso,-0.005683477817643732,36,2,"[0.2273, 0.6591]",44.0
2023-12,bottas,0.0006660523254593634,36,2,"[0.1364, 0.5455]",44.0
2023-12,gasly,0.0022998732337796268,38,1,[0.5227],44.0
2023-12,hamilton,-0.008496897991659499,34,3,"[0.2727, 0.6136, 0.9545]",44.0
2023-12,hulkenberg,0.004029366634603688,36,2,"[0.2727, 0.5455]",44.0
2023-12,kevin_magnussen,0.00358593940733323,36,2,"[0.1136, 0.5682]",44.0
2023-12,leclerc,-0.007974170165035373,36,2,"[0.2955, 0.6364]",44.0
2023-12,max_verstappen,-0.014565910345454772,36,2,"[0.3182, 0.6818]",44.0
2023-12,norris,-0.0008132786769263335,36,2,"[0.1136, 0.3864]",44.0
2023-12,ocon,-0.0019467578732888235,36,2,"[0.1364, 0.5682]",44.0
2023-12,perez,-0.010065309648197442,36,2,"[0.2955, 0.6591]",44.0
2023-12,ricciardo,0.002696958349703944,36,2,"[0.1136, 0.5]",44.0
2023-12,russell,-0.0003711123018004788,38,1,[0.5],44.0
2023-12,sainz,0.012878389988190657,17,2,"[0.1591, 0.5227]",23.0
2023-12,sargeant,0.00033241409345638093,34,3,"[0.1818, 0.5455, 0.7727]",44.0
2023-12,stroll,0.0022264645612840757,38,1,[0.4545],44.0
2023-12,tsunoda,-3.5586426170482652e-06,36,2,"[0.2045, 0.5455]",44.0
2023-12,zhou,0.0016265746256546557,36,2,"[0.1591, 0.5682]",44.0
2023-13,albon,-0.0051611800449758655,52,4,"[0.6111, 0.8472, 0.875, 0.8889]",72.0
2023-13,alonso,-0.009389434787202793,52,5,"[0.0278, 0.1389, 0.6667, 0.8472, 0.8889]",72.0
2023-13,bottas,0.007066785641443245,50,5,"[0.2222, 0.6528, 0.8194, 0.875, 0.8889]",72.0
2023-13,gasly,-0.008384847111137787,53,5,"[0.0139, 0.1528, 0.6389, 0.8333, 0.8889]",72.0
2023-13,hamilton,-0.0016266513792490916,51,5,"[0.0417, 0.125, 0.625, 0.8333, 0.8889]",72.0
2023-13,hulkenberg,0.0027060259953638607,51,5,"[0.2222, 0.6667, 0.8333, 0.875, 0.8889]",72.0
2023-13,kevin_magnussen,0.006148877219174498,53,6,"[0.0139, 0.125, 0.4861, 0.8333, 0.875, 0.8889]",72.0
2023-13,lawson,0.00658159825800095,51,7,"[0.0139, 0.1389, 0.2361, 0.6389, 0.8194, 0.875, 0.8889]",72.0
2023-13,leclerc,0.008765202728848594,29,3,"[0.0139, 0.1528, 0.5694]",41.0
2023-13,max_verstappen,-0.015192965197813765,52,6,"[0.0278, 0.1528, 0.6806, 0.8472, 0.875, 0.8889]",72.0
2023-13,norris,-0.003740603311483727,52,6,"[0.0417, 0.1389, 0.5833, 0.8333, 0.875, 0.8889]",72.0
2023-13,ocon,-0.0013161279143172248,52,6,"[0.0278, 0.1389, 0.5972, 0.8472, 0.875, 0.8889]",72.0
2023-13,perez,-0.011990384702647655,52,6,"[0.0139, 0.1667, 0.625, 0.8333, 0.875, 0.8889]",72.0
2023-13,piastri,-0.004821684016710844,51,5,"[0.2083, 0.6389, 0.8333, 0.875, 0.8889]",72.0
2023-13,russell,0.0005648367230310733,50,7,"[0.0556, 0.1389, 0.2222, 0.8333, 0.875, 0.8889, 0.9306]",72.0
2023-13,sainz,-0.004343782157689084,52,5,"[0.0278, 0.1389, 0.5694, 0.8333, 0.8889]",72.0
2023-13,sargeant,0.010874731365726966,8,0,[],15.0
2023-13,stroll,0.0035304662332070413,50,7,"[0.0556, 0.125, 0.2222, 0.4722, 0.8333, 0.875, 0.8889]",72.0
2023-13,tsunoda,0.008145868749315121,55,5,"[0.0139, 0.1389, 0.8333, 0.875, 0.8889]",72.0
2023-13,zhou,0.002135591850932712,47,4,"[0.0139, 0.1389, 0.5139, 0.8333]",63.0
2023-14,albon,-9.648633437120847e-05,48,1,[0.2941],51.0
2023-14,alonso,-1.9693674568489886e-05,48,1,[0.4118],51.0
2023-14,bottas,0.003849229357538754,47,1,[0.4902],51.0
2023-14,gasly,0.0012798118621030789,45,2,"[0.1961, 0.6078]",51.0
2023-14,hamilton,-0.0017978983891471859,48,1,[0.5294],51.0
2023-14,hulkenberg,0.003855290541817872,45,2,"[0.2745, 0.7647]",51.0
2023-14,kevin_magnussen,0.004722434471734016,45,2,"[0.2353, 0.6471]",51.0
2023-14,lawson,-0.00012890963035134802,45,2,"[0.2549, 0.6471]",51.0
2023-14,leclerc,-0.006654209529586036,48,1,[0.3922],51.0
2023-14,max_verstappen,-0.009890223493313364,48,1,[0.3922],51.0
2023-14,norris,0.00022458638662325577,48,1,[0.4314],51.0
2023-14,ocon,0.007333112105280822,35,2,"[0.4706, 0.7647]",39.0
2023-14,perez,-0.007817066049505163,48,1,[0.4118],51.0
2023-14,piastri,-0.002122834870244272,45,2,"[0.451, 0.8039]",51.0
2023-14,russell,-0.005180048651170632,48,1,[0.3725],51.0
2023-14,sainz,-0.006817313492634605,48,1,[0.3725],51.0
2023-14,sargeant,0.005386358339614898,47,1,[0.2745],51.0
2023-14,stroll,0.006286215144069502,47,1,[0.3922],51.0
2023-14,zhou,0.0010927928754783237,45,2,"[0.2157, 0.6471]",51.0
2023-15,albon,0.0020276681068962135,46,2,"[0.3226, 0.6935]",62.0
2023-15,alonso,-0.0013424358181890834,46,2,"[0.3226, 0.7097]",62.0
2023-15,bottas,0.00665763023967165,37,1,[0.6452],52.0
2023-15,gasly,0.0018740824344069655,48,1,[0.3226],62.0
2023-15,hamilton,-0.009090256325373587,49,2,"[0.3226, 0.7097]",62.0
2023-15,hulkenberg,0.007030653722180673,47,1,[0.3226],62.0
2023-15,kevin_magnussen,0.002106677484299306,45,2,"[0.3226, 0.6935]",62.0
2023-15,lawson,0.005584791274800505,48,1,[0.3226],62.0
2023-15,leclerc,-0.003466034612743346,49,1,[0.3226],62.0
2023-15,max_verstappen,-0.004653095667433824,46,1,[0.6452],62.0
2023-15,norris,-0.0057884966385338575,49,1,[0.3226],62.0
2023-15,ocon,-0.00046859104364210504,36,1,[0.3226],43.0
2023-15,perez,0.000764380040422345,43,1,[0.629],62.0
2023-15,piastri,0.003074813186575294,48,1,[0.3226],62.0
2023-15,russell,-0.008662862924475817,49,2,"[0.3226, 0.7097]",62.0
2023-15,sainz,-0.005974949831114326,49,1,[0.3226],62.0
2023-15,sargeant,-0.002330659248082228,45,2,"[0.3065, 0.6935]",62.0
2023-15,zhou,0.005738525866418077,46,2,"[0.0323, 0.3226]",62.0
2023-16,albon,0.007375574761232016,18,3,"[0.0189, 0.2453, 0.4906]",26.0
2023-16,alonso,0.00027136403525102466,43,2,"[0.2075, 0.4717]",53.0
2023-16,gasly,-0.001397351514056175,42,2,"[0.3396, 0.6415]",53.0
2023-16,hamilton,-0.0056016084396195995,43,2,"[0.3019, 0.6415]",53.0
2023-16,hulkenberg,0.0002772569520668672,39,3,"[0.1509, 0.3962, 0.6981]",52.0
2023-16,kevin_magnussen,0.005232419146927111,43,2,"[0.2264, 0.5849]",52.0
2023-16,lawson,0.005174781999280754,41,2,"[0.1887, 0.4717]",52.0
2023-16,leclerc,-0.005814510744094484,43,2,"[0.3208, 0.6415]",53.0
2023-16,max_verstappen,-0.01585072076026494,43,2,"[0.3019, 0.6981]",53.0
2023-16,norris,-0.012527608135992583,43,2,"[0.3208, 0.6792]",53.0
2023-16,ocon,0.0036476811640167557,44,2,"[0.0189, 0.5283]",53.0
2023-16,perez,,7,5,"[0.0377, 0.2264, 0.2453, 0.2642, 0.283]",15.0
2023-16,piastri,-0.007178691437572112,44,2,"[0.2453, 0.6604]",53.0
2023-16,russell,0.0009835511387446946,45,1,[0.4528],53.0
2023-16,sainz,-0.005021073223013333,43,2,"[0.3396, 0.717]",53.0
2023-16,sargeant,0.006985235527228537,11,4,"[0.0377, 0.0943, 0.3962, 0.4151]",22.0
2023-16,stroll,0.00013439563767545716,11,2,"[0.2642, 0.3774]",20.0
2023-16,tsunoda,0.005964335897889058,41,2,"[0.1698, 0.566]",52.0
2023-16,zhou,0.0054805645213884995,41,3,"[0.0189, 0.1887, 0.5472]",52.0
2023-17,albon,0.0015330138928922514,46,3,"[0.3158, 0.5439, 0.7719]",57.0
2023-17,alonso,-0.0052114023764004095,45,3,"[0.193, 0.4561, 0.7719]",57.0
2023-17,bottas,0.004022012201661241,48,3,"[0.0526, 0.3684, 0.6842]",57.0
2023-17,gasly,-0.0008320253879860867,45,3,"[0.193, 0.4561, 0.7719]",57.0
2023-17,hulkenberg,0.002133774876642416,45,3,"[0.2281, 0.4737, 0.6842]",56.0
2023-17,kevin_magnussen,0.00884124205894881,46,3,"[0.0526, 0.3684, 0.6842]",56.0
2023-17,lawson,0.014099676636673247,47,3,"[0.0526, 0.3684, 0.6842]",56.0
2023-17,leclerc,-0.005687404066517579,45,3,"[0.2105, 0.4386, 0.7544]",57.0
2023-17,max_verstappen,-0.013293038416219443,45,3,"[0.2982, 0.5965, 0.8947]",57.0
2023-17,norris,-0.012303740844398085,45,3,"[0.2281, 0.4737, 0.7719]",57.0
2023-17,ocon,-0.0011594332118225541,45,3,"[0.1754, 0.4386, 0.7544]",57.0
2023-17,perez,-0.0005192684328523191,45,3,"[0.2982, 0.5439, 0.7544]",57.0
2023-17,piastri,-0.013116058906079394,45,3,"[0.2105, 0.4386, 0.7544]",57.0
2023-17,russell,-0.007432316853487772,46,4,"[0.0175, 0.2456, 0.5614, 0.8772]",57.0
2023-17,sargeant,0.005644169804819551,30,3,"[0.2281, 0.4561, 0.7018]",40.0
2023-17,stroll,0.005124944181964085,48,3,"[0.0526, 0.3684, 0.6842]",57.0
2023-17,tsunoda,0.0057099795120291496,45,3,"[0.1579, 0.386, 0.7018]",56.0
2023-17,zhou,0.001704203946262707,45,3,"[0.3158, 0.614, 0.9123]",57.0
2023-18,albon,0.004763735874889978,50,2,"[0.1786, 0.5179]",56.0
2023-18,alonso,-0.0009255782513969179,43,3,"[0.3393, 0.75, 0.875]",49.0
2023-18,bottas,0.007534157910377268,50,2,"[0.1786, 0.5]",56.0
2023-18,gasly,-0.0009298692605491031,50,2,"[0.3214, 0.6607]",56.0
2023-18,hamilton,-0.008857273622820933,51,2,"[0.3571, 0.6786]",56.0
2023-18,hulkenberg,0.005188764865416624,50,2,"[0.3393, 0.6071]",56.0
2023-18,kevin_magnussen,0.008464018684018167,50,2,"[0.1786, 0.5179]",55.0
2023-18,leclerc,-0.0005969903819218893,53,1,[0.4107],56.0
2023-18,max_verstappen,-0.008603687201477996,51,2,"[0.2857, 0.625]",56.0
2023-18,norris,-0.006287977566249702,51,2,"[0.3036, 0.6071]",56.0
2023-18,ocon,,4,1,[0.1071],6.0
2023-18,perez,-0.005601758030510538,51,2,"[0.3036, 0.6607]",56.0
2023-18,piastri,-0.006406411373801493,8,1,[0.1786],10.0
2023-18,ricciardo,0.0086559822705532,50,2,"[0.3929, 0.8393]",55.0
2023-18,russell,-0.00517304042810966,51,2,"[0.375, 0.6964]",56.0
2023-18,sainz,-0.005482232520065467,51,2,"[0.3036, 0.625]",56.0
2023-18,sargeant,0.005529695329532455,50,2,"[0.1964, 0.5714]",56.0
2023-18,stroll,-0.002173975380570813,50,2,"[0.3571, 0.7143]",56.0
2023-18,tsunoda,0.0009252609888054053,48,3,"[0.3036, 0.6071, 0.9643]",56.0
2023-18,zhou,0.008265461845592834,50,2,"[0.1607, 0.4821]",55.0
2023-19,albon,0.0017718558649029359,61,2,"[0.4648, 0.4789]",71.0
2023-19,alonso,0.0048871662609869405,36,3,"[0.4085, 0.4789, 0.662]",47.0
2023-19,bottas,0.004839309548090008,59,2,"[0.4366, 0.4789]",71.0
2023-19,gasly,0.00376177199164524,59,2,"[0.3944, 0.4789]",71.0
2023-19,hamilton,-0.010220690996920375,60,2,"[0.338, 0.4789]",71.0
2023-19,hulkenberg,0.004067102511660391,58,2,"[0.3239, 0.4789]",71.0
2023-19,kevin_magnussen,0.002514883042400346,25,1,[0.3239],32.0
2023-19,leclerc,-0.008424939854960302,60,2,"[0.4366, 0.4789]",71.0
2023-19,max_verstappen,-0.014957780872732708,60,3,"[0.2676, 0.4648, 0.4789]",71.0
2023-19,norris,-0.0066054983852134475,59,3,"[0.1549, 0.4648, 0.4789]",71.0
2023-19,ocon,0.005457411065915866,60,1,[0.4789],71.0
2023-19,piastri,-0.003987238142442545,60,2,"[0.3521, 0.4789]",71.0
2023-19,ricciardo,-0.004014673746607341,60,2,"[0.3803, 0.4789]",71.0
2023-19,russell,-0.00413053542822087,60,2,"[0.3662, 0.4789]",71.0
2023-19,sainz,-0.006417658287583065,60,2,"[0.4225, 0.4789]",71.0
2023-19,sargeant,0.003686660294007962,57,3,"[0.3099, 0.4789, 1.0]",71.0
2023-19,stroll,0.003253240907060984,54,3,"[0.4225, 0.4789, 0.9296]",66.0
2023-19,tsunoda,-0.0017231844737171838,57,2,"[0.1268, 0.4789]",71.0
2023-19,zhou,0.006119537236895719,57,2,"[0.2958, 0.4789]",71.0
2023-20,alonso,-0.0036170274157780124,63,4,"[0.0141, 0.0282, 0.3521, 0.662]",71.0
2023-20,bottas,0.0053156626330209435,33,4,"[0.0141, 0.0282, 0.2535, 0.5493]",39.0
2023-20,gasly,-0.00035059315469625836,64,4,"[0.0141, 0.0282, 0.3662, 0.6479]",71.0
2023-20,hamilton,0.0018488370493957228,63,4,"[0.0141, 0.0282, 0.2535, 0.6479]",71.0
2023-20,hulkenberg,0.008547774593222845,63,4,"[0.0141, 0.0282, 0.2958, 0.6479]",70.0
2023-20,max_verstappen,-0.010130535113252041,63,4,"[0.0141, 0.0282, 0.3803, 0.7887]",71.0
2023-20,norris,-0.009517608116668536,63,4,"[0.0141, 0.0282, 0.3803, 0.831]",71.0
2023-20,ocon,0.001889644673077863,61,5,"[0.0141, 0.0282, 0.1972, 0.4366, 0.7183]",70.0
2023-20,perez,-0.003791556699039842,63,4,"[0.0141, 0.0282, 0.2817, 0.6479]",71.0
2023-20,piastri,0.0005380970059900009,62,4,"[0.0141, 0.0282, 0.338, 0.7324]",69.0
2023-20,ricciardo,-0.0012177041962034394,63,4,"[0.0141, 0.0282, 0.3662, 0.7746]",70.0
2023-20,russell,0.0029480417514725706,48,5,"[0.0141, 0.0282, 0.2676, 0.6338, 0.8028]",57.0
2023-20,sainz,-0.0007989445788278155,63,4,"[0.0141, 0.0282, 0.3662, 0.7183]",71.0
2023-20,sargeant,0.008562011826399419,63,4,"[0.0141, 0.0282, 0.2394, 0.6197]",70.0
2023-20,stroll,-0.0028822590046429994,63,4,"[0.0141, 0.0282, 0.3099, 0.7324]",71.0
2023-20,tsunoda,0.0005215906131568946,64,4,"[0.0141, 0.0282, 0.3662, 0.7746]",71.0
2023-20,zhou,0.0014986235697776185,16,4,"[0.0141, 0.0282, 0.2113, 0.3099]",22.0
2023-21,albon,0.0019038781125854571,34,1,[0.32],50.0
2023-21,alonso,0.0013950704713072385,36,2,"[0.02, 0.52]",50.0
2023-21,bottas,0.020206247870488765,33,2,"[0.02, 0.48]",50.0
2023-21,gasly,-0.0004944841186488322,33,1,[0.34],50.0
2023-21,hamilton,-0.0038489115576467465,34,2,"[0.34, 0.52]",50.0
2023-21,hulkenberg,0.004232298660227556,31,2,"[0.24, 0.52]",46.0
2023-21,kevin_magnussen,0.004038644829466258,35,2,"[0.28, 0.52]",50.0
2023-21,leclerc,-0.009909515890863477,34,1,[0.42],50.0
2023-21,max_verstappen,-0.011239740171422877,34,2,"[0.32, 0.52]",50.0
2023-21,ocon,-0.0033273985362702128,35,1,[0.4],50.0
2023-21,perez,-0.009112959420609388,36,2,"[0.02, 0.52]",50.0
2023-21,piastri,-0.006354507286116063,31,2,"[0.32, 0.86]",50.0
2023-21,ricciardo,0.006897598232609019,33,1,[0.34],50.0
2023-21,russell,-0.004584076745427901,34,2,"[0.3, 0.52]",50.0
2023-21,sainz,-0.00016928010944630082,36,2,"[0.06, 0.52]",50.0
2023-21,sargeant,0.0033385626670173352,34,1,[0.3],50.0
2023-21,stroll,-0.002260756443901079,36,2,"[0.06, 0.52]",50.0
2023-21,tsunoda,0.011586151831493419,29,2,"[0.2, 0.42]",47.0
2023-21,zhou,0.006906985485750056,36,1,[0.52],50.0
2023-22,albon,0.002400991374901531,53,2,"[0.2759, 0.7414]",58.0
2023-22,alonso,-0.0026849990330968495,53,2,"[0.2069, 0.6207]",58.0
2023-22,bottas,0.012733520687598358,54,1,[0.5],57.0
2023-22,gasly,0.0025844921801223613,53,2,"[0.2931, 0.5517]",58.0
2023-22,hamilton,-0.001930216844286764,53,2,"[0.2586, 0.6034]",58.0
2023-22,hulkenberg,0.005680348788325422,53,2,"[0.2241, 0.569]",58.0
2023-22,kevin_magnussen,0.008793013938176948,52,2,"[0.0862, 0.3793]",57.0
2023-22,leclerc,-0.006348428315370716,53,2,"[0.2931, 0.6034]",58.0
2023-22,max_verstappen,-0.009766195227420664,53,2,"[0.2759, 0.7414]",58.0
2023-22,norris,-0.005132059842087462,53,2,"[0.2414, 0.569]",58.0
2023-22,ocon,0.006596524994866646,55,1,[0.2586],58.0
2023-22,perez,-0.0074554231221790656,53,2,"[0.2931, 0.7241]",58.0
2023-22,piastri,-0.0030489626281321337,53,2,"[0.2241, 0.6207]",58.0
2023-22,ricciardo,-0.0002972590047925989,53,2,"[0.1207, 0.5345]",58.0
2023-22,russell,-0.005569906731859669,53,2,"[0.2414, 0.5862]",58.0
2023-22,sainz,0.003987455249375698,52,3,"[0.3966, 0.9655, 0.9828]",57.0
2023-22,sargeant,0.004685969129177347,53,2,"[0.2586, 0.7069]",58.0
2023-22,stroll,0.0003391854313202048,53,2,"[0.3793, 0.7241]",58.0
2023-22,tsunoda,0.002523084117880604,55,1,[0.3793],58.0
2023-22,zhou,0.005913349430886165,53,2,"[0.2241, 0.6379]",58.0
2024-01,albon,0.006047360545065479,50,2,"[0.2632, 0.6316]",56.0
2024-01,alonso,-0.0008152565680949801,51,2,"[0.2632, 0.7193]",57.0
2024-01,bottas,0.008146688531517147,50,2,"[0.2105, 0.5263]",56.0
2024-01,gasly,0.0031539848349949966,48,3,"[0.2105, 0.5439, 0.7544]",56.0
2024-01,hamilton,-0.004222201927651071,51,2,"[0.2105, 0.5789]",57.0
2024-01,hulkenberg,-0.0015523156788902982,48,3,"[0.0175, 0.3509, 0.7193]",56.0
2024-01,kevin_magnussen,0.005736764210553642,50,2,"[0.193, 0.5614]",56.0
2024-01,leclerc,-0.005383317856171639,51,2,"[0.193, 0.5965]",57.0
2024-01,max_verstappen,-0.013222934900381003,50,2,"[0.2982, 0.6491]",57.0
2024-01,norris,-0.004580725126233727,51,2,"[0.2281, 0.5789]",57.0
2024-01,ocon,0.00943340846363536,51,2,"[0.1754, 0.5263]",56.0
2024-01,perez,-0.009250442960191129,51,2,"[0.2105, 0.6316]",57.0
2024-01,piastri,-0.003827128277816701,51,2,"[0.2105, 0.5965]",57.0
2024-01,ricciardo,0.004990427451329445,50,2,"[0.2281, 0.614]",56.0
2024-01,russell,-0.00415772617670748,51,2,"[0.193, 0.5439]",57.0
2024-01,sainz,-0.008364001630370358,51,2,"[0.2456, 0.614]",57.0
2024-01,sargeant,0.005341623698150969,48,3,"[0.1754, 0.4912, 0.7018]",55.0
2024-01,stroll,0.002850626903575844,52,2,"[0.1579, 0.4737]",57.0
2024-01,tsunoda,0.005308793575977562,50,2,"[0.2456, 0.5965]",56.0
2024-01,zhou,0.005448773647310206,51,2,"[0.1579, 0.4912]",56.0
2024-02,albon,0.008417643213599248,45,1,[0.14],50.0
2024-02,alonso,-0.004620314717787603,45,1,[0.14],50.0
2024-02,bearman,-0.0023860636594915836,45,1,[0.14],50.0
2024-02,bottas,0.010265280550416755,42,2,"[0.14, 0.7]",49.0
2024-02,hamilton,-0.006027106615709219,43,1,[0.72],50.0
2024-02,hulkenberg,0.0011943401569931142,43,1,[0.66],50.0
2024-02,kevin_magnussen,0.007838099865889679,45,1,[0.14],50.0
2024-02,leclerc,-0.009071300239852456,45,1,[0.14],50.0
2024-02,max_verstappen,-0.013742630549724438,45,1,[0.14],50.0
2024-02,norris,-0.007103982171044648,43,1,[0.74],50.0
2024-02,ocon,0.011298278244932625,44,1,[0.14],49.0
2024-02,perez,-0.011636220629282906,45,1,[0.14],50.0
2024-02,piastri,-0.005706247847582187,45,1,[0.14],50.0
2024-02,ricciardo,0.012005786346245462,43,1,[0.14],49.0
2024-02,russell,-0.004072570531840982,45,1,[0.14],50.0
2024-02,sargeant,0.011853462693551635,44,1,[0.14],49.0
2024-02,stroll,,4,0,[],6.0
2024-02,tsunoda,0.010799612341240088,44,1,[0.14],49.0
2024-02,zhou,0.006497923832948084,42,1,[0.82],49.0
2024-03,albon,0.0047500821738535115,49,2,"[0.1034, 0.4655]",57.0
2024-03,alonso,-0.0015764522410601908,51,2,"[0.2931, 0.7069]",58.0
2024-03,bottas,0.0020116097253240124,48,2,"[0.1379, 0.6207]",57.0
2024-03,gasly,0.006244749325605898,50,2,"[0.2931, 0.7069]",57.0
2024-03,hamilton,-0.00013403158803471237,12,1,[0.1207],16.0
2024-03,hulkenberg,0.004299943046531027,51,2,"[0.2931, 0.6034]",58.0
2024-03,kevin_magnussen,0.003261912021698708,50,2,"[0.1207, 0.569]",57.0
2024-03,leclerc,-0.011340087644768298,49,2,"[0.1552, 0.5862]",58.0
2024-03,max_verstappen,,2,1,[0.069],4.0
2024-03,norris,-0.011288048717121465,49,2,"[0.2414, 0.6897]",58.0
2024-03,ocon,0.003770756762731436,48,3,"[0.1552, 0.2759, 0.7241]",57.0
2024-03,perez,-0.0062411569717902285,49,2,"[0.2414, 0.6034]",58.0
2024-03,piastri,-0.009255466361005795,49,2,"[0.1552, 0.6724]",58.0
2024-03,ricciardo,0.0033721796610017467,49,2,"[0.0862, 0.5]",57.0
2024-03,russell,-0.001846255024157484,49,2,"[0.1379, 0.7759]",57.0
2024-03,sainz,-0.012540564562578564,50,2,"[0.2759, 0.7069]",58.0
2024-03,stroll,0.000572443804250956,49,2,"[0.1379, 0.6379]",58.0
2024-03,tsunoda,0.0016406005856302143,49,2,"[0.1552, 0.6207]",58.0
2024-03,zhou,0.0049458376905254205,48,2,"[0.1034, 0.6034]",57.0
2024-04,alonso,-0.0034814295201526526,45,3,"[0.0189, 0.2453, 0.6226]",53.0
2024-04,bottas,0.008163646848590457,43,3,"[0.0189, 0.1132, 0.4151]",52.0
2024-04,gasly,0.017140476030018798,44,3,"[0.0189, 0.3019, 0.6038]",52.0
2024-04,hamilton,-0.0031811360296243496,44,3,"[0.0189, 0.434, 0.7358]",53.0
2024-04,hulkenberg,0.006426210245103824,43,3,"[0.0189, 0.0943, 0.6226]",52.0
2024-04,kevin_magnussen,0.012186601175051392,46,2,"[0.0189, 0.4151]",52.0
2024-04,leclerc,-0.003731384725447464,47,2,"[0.0189, 0.4906]",53.0
2024-04,max_verstappen,-0.012718260617890107,45,3,"[0.0189, 0.3019, 0.6415]",53.0
2024-04,norris,-0.006515140233009562,45,3,"[0.0189, 0.2075, 0.4906]",53.0
2024-04,ocon,0.014196777566112402,44,3,"[0.0189, 0.3585, 0.6226]",52.0
2024-04,perez,-0.00959126251884372,45,3,"[0.0189, 0.283, 0.6226]",53.0
2024-04,piastri,-0.0034381350010170173,45,3,"[0.0189, 0.2264, 0.6038]",53.0
2024-04,russell,-0.004027550572339038,44,3,"[0.0189, 0.4151, 0.6981]",53.0
2024-04,sainz,-0.008309739079316833,45,3,"[0.0189, 0.283, 0.6792]",53.0
2024-04,sargeant,0.004858946083732669,44,4,"[0.0189, 0.4151, 0.6415, 0.7736]",52.0
2024-04,stroll,0.003843227671794585,42,4,"[0.0189, 0.2264, 0.4151, 0.6415]",52.0
2024-04,tsunoda,0.006338910309342571,43,3,"[0.0189, 0.1321, 0.4151]",52.0
2024-04,zhou,,6,4,"[0.0189, 0.1321, 0.2075, 0.2264]",12.0
2024-05,albon,0.006333963905260041,41,2,"[0.1607, 0.4107]",56.0
2024-05,alonso,-0.008376219641134754,39,3,"[0.1964, 0.4107, 0.7679]",56.0
2024-05,bottas,0.00037474548462953367,16,1,[0.1607],20.0
2024-05,gasly,-0.0006741925238297105,39,3,"[0.1964, 0.4107, 0.6786]",56.0
2024-05,hamilton,0.0035813347601847995,41,2,"[0.1607, 0.375]",56.0
2024-05,hulkenberg,0.0035520167864028203,41,2,"[0.1429, 0.4107]",56.0
2024-05,kevin_magnussen,0.010303114457518558,41,2,"[0.3036, 0.4821]",56.0
2024-05,leclerc,-0.005951913229627789,43,1,[0.375],56.0
2024-05,max_verstappen,-0.01755990369235246,41,2,"[0.2321, 0.4107]",56.0
2024-05,norris,-0.009422055215686762,43,1,[0.3929],56.0
2024-05,ocon,0.004221788932411739,41,2,"[0.1607, 0.4107]",56.0
2024-05,perez,-0.010930800511198942,41,2,"[0.2321, 0.4107]",56.0
2024-05,piastri,0.0013533117747548287,41,2,"[0.2857, 0.4286]",56.0
2024-05,ricciardo,0.003241990269964104,17,2,"[0.25, 0.5893]",33.0
2024-05,russell,-0.00379637849991274,41,2,"[0.1964, 0.4107]",56.0
2024-05,sainz,-0.0032844082645356524,41,1,[0.3036],56.0
2024-05,sargeant,0.010796981676964601,41,2,"[0.2143, 0.4286]",56.0
2024-05,stroll,-0.0022946524460395698,39,4,"[0.1607, 0.375, 0.4643, 0.625]",56.0
2024-05,tsunoda,0.003519632090888597,16,2,"[0.1429, 0.4107]",27.0
2024-05,zhou,0.001885126858624805,39,3,"[0.1429, 0.4107, 0.7143]",56.0
2024-06,albon,0.003436917488622429,45,2,"[0.1754, 0.9298]",57.0
2024-06,alonso,0.003177183797491382,49,1,[0.386],57.0
2024-06,bottas,0.004790635071418247,47,2,"[0.193, 0.5088]",57.0
2024-06,gasly,0.0029598312754073935,47,1,[0.2105],57.0
2024-06,hamilton,-0.0033909092674049394,48,1,[0.4561],57.0
2024-06,hulkenberg,0.002116921898280686,47,2,"[0.2105, 0.4912]",57.0
2024-06,kevin_magnussen,0.00314905651374567,49,3,"[0.386, 0.4912, 0.5439]",57.0
2024-06,leclerc,-0.008631016113006902,48,1,[0.3333],57.0
2024-06,max_verstappen,-0.0092851654149748,49,1,[0.4035],57.0
2024-06,norris,-0.010097647641643113,50,1,[0.5088],57.0
2024-06,ocon,0.0028513944703868906,49,1,[0.386],57.0
2024-06,perez,-0.006687705455686683,47,2,"[0.2982, 0.4912]",57.0
2024-06,piastri,-0.007004433173936449,47,2,"[0.4737, 0.7018]",57.0
2024-06,ricciardo,0.006153327569646524,49,1,[0.4912],57.0
2024-06,russell,0.00020832637105775836,47,1,[0.4211],57.0
2024-06,sainz,-0.007889420227849366,49,1,[0.4737],57.0
2024-06,sargeant,0.0024984067534198555,22,1,[0.193],28.0
2024-06,stroll,0.0021460346051077463,47,2,"[0.193, 0.4912]",57.0
2024-06,tsunoda,-0.0003706727332185373,49,1,[0.4912],57.0
2024-06,zhou,0.0054675974935623475,49,1,[0.4912],57.0
2024-07,albon,0.0002875320131596271,42,5,"[0.127, 0.1429, 0.3651, 0.4444, 0.8095]",51.0
2024-07,alonso,0.003528516637717238,55,3,"[0.1111, 0.6349, 0.9365]",62.0
2024-07,bottas,0.012176385830244009,59,1,[0.127],62.0
2024-07,gasly,0.0063373193987265805,57,2,"[0.127, 0.4762]",62.0
2024-07,hamilton,-0.006565133324171113,60,1,[0.4286],63.0
2024-07,hulkenberg,0.0077863527910455475,59,1,[0.2063],62.0
2024-07,kevin_magnussen,0.006300805879389359,59,1,[0.5873],62.0
2024-07,leclerc,-0.011062835018703875,60,1,[0.3968],63.0
2024-07,max_verstappen,-0.01215606476967865,60,1,[0.381],63.0
2024-07,norris,-0.01228928143268376,60,1,[0.3492],63.0
2024-07,ocon,0.010778077865972046,59,1,[0.3968],62.0
2024-07,perez,-0.0038429612407246115,60,1,[0.5873],63.0
2024-07,piastri,-0.009576964725071562,60,1,[0.3651],63.0
2024-07,ricciardo,0.007392224605695633,59,1,[0.1746],62.0
2024-07,russell,-0.00917284175066962,58,2,"[0.3333, 0.8254]",63.0
2024-07,sainz,-0.008079448585656089,60,1,[0.4286],63.0
2024-07,sargeant,0.011131379166230145,59,1,[0.4921],62.0
2024-07,stroll,0.001440455428611119,60,1,[0.5873],63.0
2024-07,tsunoda,0.005478550381138295,59,1,[0.1905],62.0
2024-07,zhou,0.009787674209424675,59,1,[0.5238],62.0
2024-08,albon,0.007040031297323098,74,1,[0.0128],77.0
2024-08,alonso,0.011487115096244779,73,1,[0.0128],76.0
2024-08,bottas,0.009540039309000901,71,2,"[0.0128, 0.1923]",76.0
2024-08,gasly,0.007725618565407231,73,1,[0.0128],77.0
2024-08,hamilton,-0.01466903854983519,74,2,"[0.0128, 0.6538]",78.0
2024-08,leclerc,-0.012946177906701673,75,1,[0.0128],78.0
2024-08,max_verstappen,-0.013924557402199772,74,2,"[0.0128, 0.6667]",78.0
2024-08,norris,-0.01134897062632381,75,1,[0.0128],78.0
2024-08,piastri,-0.011460063593213549,75,1,[0.0128],78.0
2024-08,ricciardo,0.010849157807513166,72,1,[0.0128],76.0
2024-08,russell,-0.011564062734547248,74,1,[0.0128],78.0
2024-08,sainz,-0.011685691623768533,75,1,[0.0128],78.0
2024-08,sargeant,0.00851124880619926,71,2,"[0.0128, 0.7308]",76.0
2024-08,stroll,0.0046295494987471765,69,3,"[0.0128, 0.5385, 0.6154]",76.0
2024-08,tsunoda,0.0038571807700780655,73,1,[0.0128],77.0
2024-08,zhou,0.014317000207697684,70,2,"[0.0128, 0.8974]",76.0
2024-09,albon,0.0023829649288183785,39,2,"[0.3571, 0.6286]",53.0
2024-09,alonso,-0.006043500231948372,51,2,"[0.3571, 0.6286]",70.0
2024-09,bottas,0.007842435905341118,49,1,[0.6],70.0
2024-09,gasly,0.0026529560036409137,51,2,"[0.3571, 0.5714]",70.0
2024-09,hamilton,-0.013221106809473568,50,3,"[0.3571, 0.6143, 0.7714]",70.0
2024-09,hulkenberg,0.001971376118160222,48,3,"[0.1714, 0.3571, 0.6286]",70.0
2024-09,kevin_magnussen,0.00046614281757482653,48,4,"[0.1, 0.3571, 0.5857, 0.7714]",70.0
2024-09,leclerc,0.004225686886753993,28,4,"[0.3571, 0.4, 0.4429, 0.5857]",41.0
2024-09,max_verstappen,-0.015989950202802986,50,2,"[0.3571, 0.6429]",70.0
2024-09,norris,-0.01675700545110057,50,2,"[0.3714, 0.6714]",70.0
2024-09,ocon,0.0040179911768439165,50,1,[0.6286],70.0
2024-09,perez,0.004101531248122132,39,3,"[0.3571, 0.6143, 0.7429]",52.0
2024-09,piastri,-0.013132861559817115,50,2,"[0.3571, 0.6286]",70.0
2024-09,ricciardo,0.0017301758979767746,50,2,"[0.3714, 0.6143]",70.0
2024-09,russell,-0.013331891370673105,50,3,"[0.3571, 0.6429, 0.7714]",70.0
2024-09,sainz,0.0029753844438965412,39,3,"[0.3571, 0.6143, 0.7571]",53.0
2024-09,sargeant,0.006368084796798343,21,0,[],24.0
2024-09,stroll,0.0012169794732991204,50,2,"[0.3571, 0.6286]",70.0
2024-09,tsunoda,0.0042701846180101585,50,1,[0.6286],70.0
2024-09,zhou,0.013030642759347632,45,3,"[0.3429, 0.6286, 0.7429]",69.0
2024-10,albon,0.009871611771381055,59,2,"[0.2727, 0.6515]",65.0
2024-10,alonso,0.0037588356077952125,60,2,"[0.2879, 0.6818]",65.0
2024-10,bottas,0.012301537854746542,60,2,"[0.1667, 0.4242]",65.0
2024-10,gasly,-0.002155350690353052,61,2,"[0.2121, 0.5758]",66.0
2024-10,hamilton,-0.008850427919287909,61,2,"[0.2424, 0.6515]",66.0
2024-10,hulkenberg,0.00030490096077588646,61,2,"[0.1818, 0.5758]",66.0
2024-10,kevin_magnussen,0.009991546512455795,60,2,"[0.1515, 0.4394]",65.0
2024-10,leclerc,-0.008540909107277953,61,2,"[0.3636, 0.7121]",66.0
2024-10,max_verstappen,-0.012219601006898203,61,2,"[0.2576, 0.6667]",66.0
2024-10,norris,-0.011781849245231173,61,2,"[0.3485, 0.7121]",66.0
2024-10,ocon,0.0007111043814798538,61,2,"[0.197, 0.5606]",66.0
2024-10,perez,-0.005955125525554283,59,3,"[0.197, 0.4697, 0.7424]",66.0
2024-10,piastri,-0.007332467797648878,61,2,"[0.3182, 0.697]",66.0
2024-10,ricciardo,0.008951570523532553,60,2,"[0.2424, 0.6364]",65.0
2024-10,russell,-0.008673352020384667,61,2,"[0.2273, 0.5455]",66.0
2024-10,sainz,-0.006811085205710056,61,2,"[0.2273, 0.5455]",66.0
2024-10,sargeant,0.017834793143309102,59,2,"[0.2121, 0.5152]",64.0
2024-10,stroll,0.005654358572747048,60,2,"[0.2576, 0.5606]",65.0
2024-10,tsunoda,0.008721001150760481,58,3,"[0.1364, 0.4091, 0.6667]",65.0
2024-10,zhou,0.004110707972787838,60,2,"[0.1364, 0.6212]",65.0
2024-11,albon,0.00421408540776387,63,2,"[0.169, 0.5493]",70.0
2024-11,alonso,0.004260784507853759,59,3,"[0.1549, 0.493, 0.9577]",70.0
2024-11,bottas,0.006211394972207658,63,2,"[0.2676, 0.5915]",70.0
2024-11,gasly,0.0014902130220849012,63,2,"[0.2817, 0.5915]",71.0
2024-11,hamilton,-0.006438608509336861,63,2,"[0.2958, 0.7465]",71.0
2024-11,hulkenberg,-0.0006859907190580588,63,2,"[0.1549, 0.5493]",71.0
2024-11,kevin_magnussen,0.0015086405640668205,63,2,"[0.1408, 0.5352]",71.0
2024-11,leclerc,-0.008326549603838952,61,4,"[0.0141, 0.2254, 0.4648, 0.7183]",71.0
2024-11,max_verstappen,-0.014954284278770753,63,3,"[0.3239, 0.7183, 0.9014]",71.0
2024-11,norris,-0.01311559219705572,58,3,"[0.3239, 0.7183, 0.9014]",64.0
2024-11,ocon,0.0025344147272337836,64,2,"[0.2676, 0.6056]",71.0
2024-11,perez,-0.0015498844060956001,63,2,"[0.2958, 0.7183]",71.0
2024-11,piastri,-0.009465110754019181,63,2,"[0.3521, 0.7183]",71.0
2024-11,ricciardo,0.0018190281950981827,63,2,"[0.1408, 0.5211]",71.0
2024-11,russell,-0.010131505486762372,63,2,"[0.3099, 0.6479]",71.0
2024-11,sainz,-0.009343826887147215,63,2,"[0.3099, 0.662]",71.0
2024-11,sargeant,0.011034429434476137,60,3,"[0.0141, 0.2817, 0.6901]",69.0
2024-11,stroll,0.004070107056475653,63,2,"[0.2817, 0.6056]",70.0
2024-11,tsunoda,0.004071672238186934,63,2,"[0.2958, 0.6197]",70.0
2024-11,zhou,0.010275978324401478,62,2,"[0.3944, 0.7183]",70.0
2024-12,albon,0.000105595273465634,47,2,"[0.5192, 0.7308]",52.0
2024-12,alonso,-0.0010872144446588236,47,2,"[0.5192, 0.7308]",52.0
2024-12,bottas,0.013546362305103064,46,2,"[0.5, 0.7115]",51.0
2024-12,hamilton,-0.0118645407116189,47,2,"[0.5192, 0.7308]",52.0
2024-12,hulkenberg,-0.0005439902338500905,46,2,"[0.5, 0.75]",52.0
2024-12,kevin_magnussen,0.003864798887691085,47,2,"[0.5192, 0.7115]",52.0
2024-12,leclerc,-0.0033642350619556773,39,3,"[0.3654, 0.5192, 0.7115]",51.0
2024-12,max_verstappen,-0.00980329211885548,47,2,"[0.5, 0.7308]",52.0
2024-12,norris,-0.010766119239452115,46,2,"[0.5192, 0.75]",52.0
2024-12,ocon,0.013773866262012472,40,4,"[0.3654, 0.4038, 0.5, 0.7308]",50.0
2024-12,perez,-0.000628540438523973,34,4,"[0.3654, 0.5385, 0.7115, 0.9038]",50.0
2024-12,piastri,-0.01213554654933968,46,2,"[0.5385, 0.7308]",52.0
2024-12,ricciardo,0.008381792683154532,46,2,"[0.5, 0.7115]",51.0
2024-12,russell,-0.011938395339781319,29,2,"[0.5192, 0.6346]",33.0
2024-12,sainz,-0.0068490001754098065,44,3,"[0.5, 0.75, 0.9615]",52.0
2024-12,sargeant,0.004210864712880562,47,2,"[0.5192, 0.7308]",52.0
2024-12,stroll,-0.00034203382550116986,46,2,"[0.5, 0.75]",52.0
2024-12,tsunoda,0.003229068311966534,47,2,"[0.5192, 0.7308]",52.0
2024-12,zhou,0.012479535459141437,36,4,"[0.2308, 0.3654, 0.5, 0.7115]",50.0
2024-13,albon,0.005936543043407945,63,2,"[0.0857, 0.4143]",69.0
2024-13,alonso,0.0007096408098921875,64,2,"[0.1, 0.5286]",70.0
2024-13,bottas,0.007586882212799068,62,2,"[0.2286, 0.6429]",69.0
2024-13,gasly,0.004378830111770358,29,2,"[0.4, 0.4714]",33.0
2024-13,hamilton,-0.01016629077797215,64,2,"[0.2286, 0.5714]",70.0
2024-13,hulkenberg,0.005201640476804082,63,2,"[0.0286, 0.4143]",69.0
2024-13,kevin_magnussen,0.0066384874289628,62,2,"[0.0857, 0.4857]",69.0
2024-13,leclerc,-0.009393432289447466,64,2,"[0.3286, 0.5714]",70.0
2024-13,max_verstappen,-0.009705912214462037,64,2,"[0.3, 0.7]",70.0
2024-13,norris,-0.012287485061063957,64,2,"[0.2429, 0.6429]",70.0
2024-13,ocon,0.00465500351108455,59,3,"[0.0857, 0.4286, 0.9143]",69.0
2024-13,perez,-0.00738760702752774,64,2,"[0.4, 0.6714]",70.0
2024-13,piastri,-0.012139494092980192,64,2,"[0.2571, 0.6714]",70.0
2024-13,ricciardo,0.0034071636487877006,63,2,"[0.1, 0.4]",69.0
2024-13,russell,-0.006862866811878214,64,2,"[0.4714, 0.7571]",70.0
2024-13,sainz,-0.008955898098361415,64,2,"[0.3, 0.6714]",70.0
2024-13,sargeant,0.004971771630067513,61,3,"[0.1143, 0.4714, 0.9]",69.0
2024-13,stroll,-0.0007135221287227723,64,2,"[0.2, 0.6429]",70.0
2024-13,tsunoda,0.002919652994350484,66,1,[0.4143],70.0
2024-13,zhou,0.010512873011374607,63,2,"[0.1, 0.5143]",69.0
2024-14,albon,0.003349083862545862,38,2,"[0.1818, 0.5227]",44.0
2024-14,alonso,0.0043100416637509775,40,1,[0.2955],44.0
2024-14,bottas,0.004589140543334747,38,2,"[0.25, 0.7955]",44.0
2024-14,gasly,0.002717956455125027,38,2,"[0.2045, 0.6364]",44.0
2024-14,hamilton,-0.009924826942382831,38,2,"[0.25, 0.5909]",44.0
2024-14,hulkenberg,0.008281639653921584,38,2,"[0.1591, 0.4545]",44.0
2024-14,kevin_magnussen,0.006617152707435459,40,1,[0.3864],44.0
2024-14,leclerc,-0.0076238133763736485,38,2,"[0.2727, 0.5682]",44.0
2024-14,max_verstappen,-0.008126666599134587,38,2,"[0.2273, 0.6364]",44.0
2024-14,norris,-0.007612739592685716,39,2,"[0.3409, 0.6591]",44.0
2024-14,ocon,0.0003862462038612066,38,2,"[0.2727, 0.6818]",44.0
2024-14,perez,-0.005666059223276038,36,3,"[0.25, 0.4773, 0.9545]",44.0
2024-14,piastri,-0.009854051175290613,38,2,"[0.25, 0.6818]",44.0
2024-14,ricciardo,0.0005154123687180245,38,2,"[0.1818, 0.4773]",44.0
2024-14,russell,-0.005679476048343417,40,1,[0.2273],44.0
2024-14,sainz,-0.006151481622295535,38,2,"[0.4545, 0.6364]",44.0
2024-14,sargeant,0.005787523782958647,38,2,"[0.1818, 0.5455]",44.0
2024-14,stroll,0.006201816835327007,40,1,[0.2727],44.0
2024-14,tsunoda,0.008307071235971495,41,1,[0.3409],44.0
2024-14,zhou,,2,1,[0.1136],5.0
2024-15,albon,0.0031771537982616805,66,2,"[0.1667, 0.75]",71.0
2024-15,alonso,0.002826275902993645,68,1,[0.4306],71.0
2024-15,bottas,0.010192586516240526,65,2,"[0.2083, 0.5972]",70.0
2024-15,gasly,0.0015872894344922033,68,1,[0.4444],71.0
2024-15,hamilton,-0.00829441103905568,67,2,"[0.3194, 0.6667]",72.0
2024-15,hulkenberg,0.003980308904772769,68,1,[0.1944],71.0
2024-15,kevin_magnussen,0.009501001132702521,67,1,[0.5556],71.0
2024-15,leclerc,-0.007496220878308507,69,1,[0.3333],72.0
2024-15,max_verstappen,-0.00778637390486123,69,1,[0.375],72.0
2024-15,norris,-0.011910205138309838,69,1,[0.3889],72.0
2024-15,ocon,0.00860097220707306,68,1,[0.4167],71.0
2024-15,perez,-0.00561493040782136,69,1,[0.4028],72.0
2024-15,piastri,-0.007583002573486058,69,1,[0.4583],72.0
2024-15,ricciardo,0.004127482260577584,68,1,[0.4028],71.0
2024-15,russell,-0.008265154329694541,67,2,"[0.3472, 0.75]",72.0
2024-15,sainz,-0.006955946680133368,69,1,[0.4167],72.0
2024-15,sargeant,0.011334767714510313,68,1,[0.3056],71.0
2024-15,stroll,0.004500797900163569,68,1,[0.4167],71.0
2024-15,tsunoda,0.008174763249434927,66,2,"[0.1944, 0.4444]",71.0
2024-15,zhou,0.014407287919223256,64,2,"[0.25, 0.7083]",70.0
2024-16,albon,0.004407493467163628,50,1,[0.3208],53.0
2024-16,alonso,-0.000862837232549799,48,2,"[0.2264, 0.6604]",53.0
2024-16,bottas,0.013743470351331161,49,1,[0.6226],52.0
2024-16,colapinto,0.006657637198182004,50,1,[0.3019],53.0
2024-16,gasly,0.005835513916881983,47,2,"[0.1887, 0.566]",52.0
2024-16,hamilton,-0.011130134365448735,48,2,"[0.283, 0.6981]",53.0
2024-16,hulkenberg,0.0020115297231350884,47,2,"[0.0943, 0.6038]",52.0
2024-16,kevin_magnussen,0.002172695618175313,50,1,[0.2642],53.0
2024-16,leclerc,-0.009703033907683649,50,1,[0.283],53.0
2024-16,max_verstappen,-0.008433040945979284,48,2,"[0.4151, 0.7736]",53.0
2024-16,norris,-0.01399961363192012,48,2,"[0.2642, 0.6038]",53.0
2024-16,ocon,0.010954019366364117,49,1,[0.5849],52.0
2024-16,perez,-0.004134695838853582,48,2,"[0.434, 0.6604]",53.0
2024-16,piastri,-0.01489010584659665,48,2,"[0.3019, 0.717]",53.0
2024-16,ricciardo,0.005353485505843567,50,1,[0.2075],53.0
2024-16,russell,-0.009786380168611533,48,2,"[0.2075, 0.6226]",53.0
2024-16,sainz,-0.006816621134603606,50,1,[0.3585],53.0
2024-16,stroll,0.004075107869998972,45,3,"[0.3585, 0.6792, 0.9434]",52.0
2024-16,tsunoda,,4,1,[0.1321],7.0
2024-16,zhou,0.016127598921046853,49,1,[0.283],52.0
2024-17,albon,-0.0006460475926177559,44,1,[0.6078],51.0
2024-17,alonso,-0.000477405604837873,44,1,[0.2157],51.0
2024-17,bearman,0.000918018038743153,44,1,[0.2745],51.0
2024-17,bottas,0.010562017307765082,43,1,[0.2157],50.0
2024-17,colapinto,0.0009779805988135598,44,1,[0.1961],51.0
2024-17,gasly,0.006081605273860697,46,1,[0.9804],51.0
2024-17,hamilton,-0.0008719067300484132,44,1,[0.2353],51.0
2024-17,hulkenberg,-0.00013164378976394223,44,1,[0.2941],51.0
2024-17,leclerc,-0.00781796435724886,45,1,[0.3137],51.0
2024-17,max_verstappen,-0.005210350891218698,44,2,"[0.2353, 0.9608]",51.0
2024-17,norris,-0.006080711058315509,45,1,[0.7255],51.0
2024-17,ocon,0.012195089144967973,46,1,[0.9608],50.0
2024-17,perez,-0.00803259309065229,45,1,[0.2549],50.0
2024-17,piastri,-0.007905842063599013,45,1,[0.2941],51.0
2024-17,ricciardo,0.00880983035641921,46,1,[0.9608],51.0
2024-17,russell,-0.006054704553271958,45,1,[0.2353],51.0
2024-17,sainz,-0.00822080663935448,45,1,[0.3333],50.0
2024-17,stroll,0.00459819062170947,38,3,"[0.0196, 0.4314, 0.8824]",45.0
2024-17,tsunoda,0.018899482520495142,10,2,"[0.2353, 0.2745]",14.0
2024-17,zhou,0.009087554321952159,44,1,[0.6667],51.0
2024-18,albon,0.001634287709044512,11,2,"[0.1774, 0.2419]",15.0
2024-18,alonso,-0.0005215600990106529,58,1,[0.4032],61.0
2024-18,bottas,0.007365877543821609,58,1,[0.5323],61.0
2024-18,colapinto,-0.0007394450096193478,58,1,[0.4677],61.0
2024-18,gasly,0.006399753020325502,58,1,[0.5968],61.0
2024-18,hamilton,-0.0019768497315658397,59,1,[0.2742],62.0
2024-18,hulkenberg,-0.000588371654499526,58,1,[0.4677],61.0
2024-18,kevin_magnussen,0.00433049114117102,51,3,"[0.4516, 0.7903, 0.9194]",57.0
2024-18,leclerc,-0.006530831335411888,59,1,[0.5806],62.0
2024-18,max_verstappen,-0.01264588782743287,59,1,[0.4677],62.0
2024-18,norris,-0.016944562736799746,59,1,[0.4839],62.0
2024-18,ocon,0.005367475254855771,58,1,[0.4677],61.0
2024-18,perez,0.0003345489929951352,58,1,[0.4516],61.0
2024-18,piastri,-0.009648180413298804,59,1,[0.6129],62.0
2024-18,ricciardo,0.00275887287265333,54,3,"[0.1613, 0.7419, 0.9355]",61.0
2024-18,russell,-0.005915656886186703,59,1,[0.4355],62.0
2024-18,sainz,-0.0011753501124120954,59,1,[0.2097],62.0
2024-18,stroll,0.006226662452323282,58,1,[0.4194],61.0
2024-18,tsunoda,-0.00041508478005516697,58,1,[0.5323],61.0
2024-18,zhou,0.007092019435253356,58,1,[0.5484],61.0
2024-19,albon,0.00822021899471545,45,2,"[0.0536, 0.5893]",55.0
2024-19,alonso,0.005658781061974862,46,1,[0.4643],55.0
2024-19,bottas,0.010951390290298457,46,1,[0.2679],55.0
2024-19,colapinto,-0.0005392265451117184,47,1,[0.6964],56.0
2024-19,gasly,0.002193054211545237,47,1,[0.3214],56.0
2024-19,hulkenberg,-0.002324114233035723,47,1,[0.4821],56.0
2024-19,kevin_magnussen,-0.0019043668180110792,45,2,"[0.3036, 0.6786]",56.0
2024-19,lawson,-0.00039200869932441446,47,1,[0.6429],56.0
2024-19,leclerc,-0.013173597610188482,47,1,[0.4643],56.0
2024-19,max_verstappen,-0.0093510784789603,47,1,[0.4464],56.0
2024-19,norris,-0.010766491840083244,47,1,[0.5536],56.0
2024-19,ocon,0.006295169824501398,43,2,"[0.5536, 0.9107]",55.0
2024-19,perez,-0.00218073291029337,47,1,[0.4643],56.0
2024-19,piastri,-0.009485216141821223,47,1,[0.5714],56.0
2024-19,russell,-0.00492712238796358,48,1,[0.7143],56.0
2024-19,sainz,-0.011426427123360684,47,1,[0.375],56.0
2024-19,stroll,0.007735688072850171,45,1,[0.4821],55.0
2024-19,tsunoda,0.003464332445626936,46,1,[0.3214],55.0
2024-19,zhou,0.008003941047640743,43,2,"[0.2321, 0.625]",55.0
2024-20,alonso,0.007605560128210662,8,1,[0.2113],15.0
2024-20,bottas,0.007206218137102328,62,1,[0.6901],70.0
2024-20,colapinto,0.00447764354382221,62,1,[0.662],70.0
2024-20,gasly,0.0034932175409483285,62,1,[0.3944],70.0
2024-20,hamilton,-0.005983406739124668,63,1,[0.3944],71.0
2024-20,hulkenberg,0.0006181838295788127,62,1,[0.4085],70.0
2024-20,kevin_magnussen,-0.002938904191606782,63,1,[0.4225],71.0
2024-20,lawson,0.004834110278197635,60,2,"[0.5493, 0.9155]",70.0
2024-20,leclerc,-0.012113912220006587,61,2,"[0.4366, 0.9718]",71.0
2024-20,max_verstappen,-0.006310615991958047,63,1,[0.3662],71.0
2024-20,norris,-0.013289489574746502,63,1,[0.4225],71.0
2024-20,ocon,0.006121049136786272,62,1,[0.6761],70.0
2024-20,perez,0.002457690678944546,58,3,"[0.2817, 0.6056, 0.9577]",70.0
2024-20,piastri,-0.00337586816952629,63,1,[0.5493],71.0
2024-20,russell,-0.005235647930177548,63,1,[0.4366],71.0
2024-20,sainz,-0.013368732375599882,63,1,[0.4507],71.0
2024-20,stroll,0.005147107951878938,62,1,[0.3662],70.0
2024-20,zhou,0.010437272265445732,62,1,[0.6056],70.0
2024-21,alonso,0.004937917146052856,50,2,"[0.3913, 0.4638]",69.0
2024-21,bearman,0.0024756070039354755,49,2,"[0.3913, 0.4638]",69.0
2024-21,bottas,0.009111712692645742,48,1,[0.4638],69.0
2024-21,colapinto,0.005663150507525945,21,2,"[0.3768, 0.4348]",30.0
2024-21,gasly,-0.0037418231373913305,48,1,[0.4638],69.0
2024-21,hamilton,0.003060107499280964,50,2,"[0.3913, 0.4638]",69.0
2024-21,hulkenberg,-0.0010049257024001253,21,4,"[0.3623, 0.3913, 0.4203, 0.4348]",30.0
2024-21,lawson,0.002651957169055819,48,2,"[0.4058, 0.4638]",69.0
2024-21,leclerc,-0.004721139013415057,48,2,"[0.3478, 0.4638]",69.0
2024-21,max_verstappen,-0.00982802328454806,47,1,[0.4638],69.0
2024-21,norris,-0.005384761328224526,48,2,"[0.4058, 0.4638]",69.0
2024-21,ocon,-0.00529873768767832,47,1,[0.4638],69.0
2024-21,perez,0.003882202926075815,50,2,"[0.3913, 0.4638]",69.0
2024-21,piastri,-0.002231233281960351,49,2,"[0.3913, 0.4638]",69.0
2024-21,russell,-0.007290149213151298,48,2,"[0.4058, 0.4638]",69.0
2024-21,sainz,0.005891627943363253,26,2,"[0.3913, 0.4638]",39.0
2024-21,tsunoda,-0.00011650480416251976,48,2,"[0.4058, 0.4638]",69.0
2024-21,zhou,0.015393709707546102,47,4,"[0.3913, 0.4058, 0.4493, 0.4638]",69.0
2024-22,albon,0.002703293703393194,21,2,"[0.18, 0.5]",25.0
2024-22,alonso,0.0030912839731268775,45,2,"[0.08, 0.48]",50.0
2024-22,bottas,0.009438665502265608,44,2,"[0.34, 0.7]",49.0
2024-22,colapinto,0.00447429448496184,45,2,"[0.32, 0.52]",50.0
2024-22,gasly,0.0004922522052513978,11,2,"[0.2, 0.3]",15.0
2024-22,hamilton,-0.00801801184149281,45,2,"[0.26, 0.54]",50.0
2024-22,hulkenberg,0.0017260533739359015,45,2,"[0.28, 0.66]",50.0
2024-22,kevin_magnussen,0.0069012373251304965,47,1,[0.34],50.0
2024-22,lawson,0.006625506190375538,45,2,"[0.22, 0.76]",50.0
2024-22,leclerc,-0.0065905043743433,45,2,"[0.18, 0.62]",50.0
2024-22,max_verstappen,-0.005615300103974167,45,2,"[0.22, 0.54]",50.0
2024-22,norris,-0.004206852024412361,43,3,"[0.18, 0.6, 0.96]",50.0
2024-22,ocon,0.007636754835280741,43,3,"[0.22, 0.24, 0.9]",49.0
2024-22,perez,0.0009182858957666031,45,2,"[0.34, 0.64]",50.0
2024-22,piastri,-0.00029813965118838165,45,2,"[0.2, 0.5]",50.0
2024-22,russell,-0.008352691056274446,45,2,"[0.24, 0.64]",50.0
2024-22,sainz,-0.007622357781910595,45,2,"[0.2, 0.56]",50.0
2024-22,stroll,0.003217517909282925,45,2,"[0.18, 0.56]",50.0
2024-22,tsunoda,0.002807675029750066,45,2,"[0.2, 0.58]",50.0
2024-22,zhou,0.0036497761694034244,45,2,"[0.22, 0.68]",50.0
2024-23,albon,0.012144058518822262,39,4,"[0.614, 0.6316, 0.6491, 0.9649]",56.0
2024-23,alonso,0.0014162654030985438,43,3,"[0.614, 0.6316, 0.6491]",57.0
2024-23,bottas,0.014598136733843015,40,3,"[0.4211, 0.614, 0.6316]",57.0
2024-23,gasly,-0.0010547413369997483,43,3,"[0.614, 0.6316, 0.6491]",57.0
2024-23,hamilton,-0.0010668006226631703,40,4,"[0.5965, 0.614, 0.6316, 0.8246]",57.0
2024-23,hulkenberg,0.007992626516947012,25,4,"[0.0175, 0.5439, 0.6316, 0.6491]",40.0
2024-23,kevin_magnussen,0.0034414358405246846,41,3,"[0.4737, 0.6316, 0.6491]",57.0
2024-23,lawson,0.01576738983164356,43,4,"[0.614, 0.6316, 0.6491, 0.7018]",57.0
2024-23,leclerc,-0.010977802544142337,42,3,"[0.614, 0.6316, 0.6491]",57.0
2024-23,max_verstappen,-0.015366474091330538,42,3,"[0.614, 0.6316, 0.6491]",57.0
2024-23,norris,-0.014996765074148061,40,4,"[0.614, 0.6316, 0.6491, 0.7895]",57.0
2024-23,perez,-0.004981301113364673,28,3,"[0.614, 0.6316, 0.6491]",39.0
2024-23,piastri,-0.01086351413029732,41,3,"[0.5965, 0.6316, 0.6491]",57.0
2024-23,russell,-0.008175762542883717,41,4,"[0.4035, 0.614, 0.6316, 0.6491]",57.0
2024-23,sainz,-0.007277353350368163,41,3,"[0.5965, 0.6316, 0.6491]",57.0
2024-23,stroll,,1,3,"[0.0175, 0.1228, 0.1404]",8.0
2024-23,tsunoda,0.016800817732694227,43,4,"[0.614, 0.6316, 0.6491, 0.7018]",57.0
2024-23,zhou,0.0031813635105458864,43,3,"[0.614, 0.6316, 0.6491]",57.0
2024-24,albon,0.00641281389702075,50,1,[0.2069],57.0
2024-24,alonso,-0.0007730083218440765,49,2,"[0.2241, 0.6379]",58.0
2024-24,bottas,0.0016651484255104578,24,2,"[0.1034, 0.5172]",30.0
2024-24,colapinto,0.002153961473994038,21,2,"[0.0517, 0.4483]",26.0
2024-24,doohan,0.009614356473896508,49,1,[0.3793],57.0
2024-24,gasly,0.0036821125860149895,50,1,[0.2414],58.0
2024-24,hamilton,-0.005333100264895763,49,1,[0.5862],58.0
2024-24,hulkenberg,0.004144983521267856,50,1,[0.2241],58.0
2024-24,kevin_magnussen,0.005118226397422258,46,4,"[0.2069, 0.5, 0.5172, 0.9483]",57.0
2024-24,lawson,0.004449694584427268,47,3,"[0.3966, 0.4138, 0.5]",56.0
2024-24,leclerc,-0.005186155594987891,49,1,[0.3448],58.0
2024-24,max_verstappen,-0.004330143898443773,52,1,[0.5],58.0
2024-24,norris,-0.010246800625557849,49,1,[0.4483],58.0
2024-24,piastri,-0.004842638572150081,49,2,"[0.069, 0.5517]",58.0
2024-24,russell,-0.00336378045600302,49,1,[0.4483],58.0
2024-24,sainz,-0.008861533551872112,49,1,[0.431],58.0
2024-24,stroll,0.003632171400305067,48,2,"[0.1897, 0.5517]",57.0
2024-24,tsunoda,0.007868065973966021,50,1,[0.3793],57.0
2024-24,zhou,0.0018857029016224479,47,2,"[0.2069, 0.6724]",57.0
2025-01,albon,-0.0011943467853860893,34,5,"[0.0351, 0.0526, 0.0702, 0.5789, 0.7719]",57.0
2025-01,alonso,-0.0001034166766534957,25,3,"[0.0351, 0.0526, 0.0702]",33.0
2025-01,antonelli,-0.003949776130921832,34,5,"[0.0351, 0.0526, 0.0702, 0.5789, 0.7719]",57.0
2025-01,bearman,0.010956143192610866,31,5,"[0.0351, 0.0526, 0.0702, 0.6842, 0.7719]",57.0
2025-01,bortoleto,0.007314851356074269,27,5,"[0.0351, 0.0526, 0.0702, 0.5789, 0.7719]",46.0
2025-01,gasly,0.0018322312744134398,33,5,"[0.0351, 0.0526, 0.0702, 0.5789, 0.807]",57.0
2025-01,hamilton,0.0011367352435535337,34,5,"[0.0351, 0.0526, 0.0702, 0.5789, 0.8246]",57.0
2025-01,hulkenberg,0.005917631983287393,34,5,"[0.0351, 0.0526, 0.0702, 0.5789, 0.7719]",57.0
2025-01,lawson,0.008436889636746292,27,4,"[0.0351, 0.0526, 0.0702, 0.5789]",47.0
2025-01,leclerc,-0.005112203151878306,34,5,"[0.0351, 0.0526, 0.0702, 0.5965, 0.8246]",57.0
2025-01,max_verstappen,-0.016796872887039786,33,5,"[0.0351, 0.0526, 0.0702, 0.5965, 0.807]",57.0
2025-01,norris,-0.022940832661074894,34,5,"[0.0351, 0.0526, 0.0702, 0.5965, 0.7719]",57.0
2025-01,ocon,0.01749242761623184,32,5,"[0.0351, 0.0526, 0.0702, 0.6842, 0.807]",57.0
2025-01,piastri,-0.018877174085815417,33,5,"[0.0351, 0.0526, 0.0702, 0.5965, 0.7719]",57.0
2025-01,russell,-0.00972472893144079,34,5,"[0.0351, 0.0526, 0.0702, 0.5965, 0.7719]",57.0
2025-01,stroll,0.003789785184687656,34,5,"[0.0351, 0.0526, 0.0702, 0.5789, 0.7719]",57.0
2025-01,tsunoda,0.00184015527743491,33,5,"[0.0351, 0.0526, 0.0702, 0.5789, 0.8246]",57.0
2025-02,albon,0.00012656959828084575,50,1,[0.3571],56.0
2025-02,antonelli,0.0008808250558910762,51,1,[0.2143],56.0
2025-02,bearman,0.0013622952878938688,50,1,[0.4643],56.0
2025-02,bortoleto,0.003924830561283253,49,2,"[0.0179, 0.4643]",55.0
2025-02,doohan,0.005057204844630241,50,1,[0.1964],56.0
2025-02,gasly,0.0029311768755098206,50,1,[0.1786],56.0
2025-02,hadjar,0.0012440812090228238,48,2,"[0.2143, 0.5893]",56.0
2025-02,hamilton,-0.008412258919306978,49,2,"[0.2321, 0.6607]",56.0
2025-02,hulkenberg,0.010895688190365758,49,1,[0.3571],55.0
2025-02,lawson,0.00032849400905269965,48,2,"[0.3214, 0.5357]",56.0
2025-02,leclerc,-0.004025567566730259,51,1,[0.2679],56.0
2025-02,max_verstappen,-0.005384556895557099,51,1,[0.2321],56.0
2025-02,norris,-0.006739669444478837,51,1,[0.2679],56.0
2025-02,ocon,0.00020173147990594018,50,1,[0.1964],56.0
2025-02,piastri,-0.008006250812781236,51,1,[0.25],56.0
2025-02,russell,-0.00572745994605856,51,1,[0.25],56.0
2025-02,sainz,0.004091287768707699,50,1,[0.3036],56.0
2025-02,stroll,0.0033196955591341657,50,1,[0.6429],56.0
2025-02,tsunoda,-6.064164152853964e-05,45,3,"[0.1964, 0.625, 0.8214]",55.0
2025-03,albon,-0.002028431152777339,50,1,[0.4528],53.0
2025-03,alonso,0.0011563672141114668,50,1,[0.4528],53.0
2025-03,antonelli,-0.006025903075593095,50,1,[0.5849],53.0
2025-03,bearman,0.001144315774794924,50,1,[0.434],53.0
2025-03,bortoleto,0.00569466853260259,50,1,[0.5849],53.0
2025-03,doohan,0.006169764361112215,50,1,[0.283],53.0
2025-03,gasly,0.0012401459230024314,50,1,[0.4528],53.0
2025-03,hadjar,-0.0024116037897503628,50,1,[0.4717],53.0
2025-03,hamilton,-0.0035711529017837516,50,1,[0.566],53.0
2025-03,hulkenberg,0.006437857460724255,50,1,[0.4151],53.0
2025-03,lawson,0.006077228245433328,50,1,[0.6226],53.0
2025-03,leclerc,-0.005182696838532559,50,1,[0.3962],53.0
2025-03,max_verstappen,-0.008063875704894755,50,1,[0.3962],53.0
2025-03,norris,-0.00812201988332869,50,1,[0.3962],53.0
2025-03,ocon,0.006029577652603684,50,1,[0.6038],53.0
2025-03,piastri,-0.007962114046779685,50,1,[0.3774],53.0
2025-03,russell,-0.005140768137711832,50,1,[0.3585],53.0
2025-03,sainz,0.004224457303344709,50,1,[0.6226],53.0
2025-03,stroll,0.0053420587874221485,47,2,"[0.1698, 0.566]",52.0
2025-03,tsunoda,0.0019121022808531608,50,1,[0.434],53.0
2025-04,albon,0.0014782306913391488,50,2,"[0.2807, 0.5614]",57.0
2025-04,alonso,0.0053319881739304865,50,2,"[0.2807, 0.5614]",57.0
2025-04,antonelli,-0.000973473515073639,48,3,"[0.2105, 0.4737, 0.5614]",57.0
2025-04,bearman,0.001891503556904653,50,2,"[0.2456, 0.5614]",57.0
2025-04,bortoleto,0.008707971724917364,50,2,"[0.2281, 0.5614]",57.0
2025-04,doohan,0.0013046637063381524,48,2,"[0.1579, 0.4912]",57.0
2025-04,gasly,-0.0037354701458470474,48,2,"[0.1754, 0.4912]",57.0
2025-04,hadjar,0.0032724064278242732,48,2,"[0.1053, 0.4912]",57.0
2025-04,hamilton,-0.005380104398207956,50,2,"[0.2982, 0.5614]",57.0
2025-04,hulkenberg,0.0038788571839922376,48,2,"[0.0877, 0.4737]",57.0
2025-04,lawson,0.0037881927967422556,50,2,"[0.2456, 0.5614]",57.0
2025-04,leclerc,-0.00825845633768501,50,2,"[0.2982, 0.5614]",57.0
2025-04,max_verstappen,-0.003966663564951833,48,2,"[0.1754, 0.4561]",57.0
2025-04,norris,-0.008836213439268716,50,2,"[0.1754, 0.5614]",57.0
2025-04,ocon,-0.0011839199421974135,48,2,"[0.1404, 0.4737]",57.0
2025-04,piastri,-0.013290995227611737,50,2,"[0.2456, 0.5614]",57.0
2025-04,russell,-0.008511073620909648,50,2,"[0.2281, 0.5614]",57.0
2025-04,sainz,0.005159378582381984,36,4,"[0.2456, 0.5614, 0.7719, 0.7895]",45.0
2025-04,stroll,0.007525803688795907,50,2,"[0.2105, 0.5614]",57.0
2025-04,tsunoda,0.0006775594600236068,50,2,"[0.193, 0.5614]",57.0
2025-05,albon,0.0006888353296406705,45,1,[0.44],50.0
2025-05,alonso,0.0029077690175660148,45,1,[0.38],50.0
2025-05,antonelli,-0.005753492452799618,45,1,[0.38],50.0
2025-05,bearman,0.0035233284966319574,45,1,[0.36],50.0
2025-05,bortoleto,0.014097794747666974,46,1,[0.02],49.0
2025-05,doohan,0.010267158832944125,44,2,"[0.02, 0.64]",49.0
2025-05,hadjar,0.001000298295507449,45,1,[0.68],50.0
2025-05,hamilton,-0.00533876361340841,45,1,[0.46],50.0
2025-05,hulkenberg,0.006998658356698457,44,1,[0.66],49.0
2025-05,lawson,0.0015259779997904522,45,1,[0.4],50.0
2025-05,leclerc,-0.011502314961314188,45,1,[0.58],50.0
2025-05,max_verstappen,-0.013683427537889111,45,1,[0.42],50.0
2025-05,norris,-0.012024254039728722,45,1,[0.68],50.0
2025-05,ocon,0.010797407620944862,46,1,[0.02],50.0
2025-05,piastri,-0.013102814010050024,45,1,[0.38],50.0
2025-05,russell,-0.006898050920368093,45,1,[0.4],50.0
2025-05,sainz,8.52371849026252e-07,45,1,[0.42],50.0
2025-05,stroll,0.007434252819128084,44,1,[0.78],49.0
2025-06,albon,-0.0027663616196572853,49,1,[0.4561],57.0
2025-06,alonso,0.00756436575755013,48,1,[0.4912],56.0
2025-06,antonelli,-0.0012551954962980313,49,1,[0.4386],57.0
2025-06,bearman,0.005291639849282469,24,0,[],28.0
2025-06,bortoleto,0.0020357711866065913,22,1,[0.3333],31.0
2025-06,gasly,0.005045093189596752,50,1,[0.5614],57.0
2025-06,hadjar,0.000699851703200622,48,1,[0.386],57.0
2025-06,hamilton,-0.0009434301855157487,51,1,[0.4912],57.0
2025-06,hulkenberg,0.003589378175607121,47,1,[0.6316],56.0
2025-06,lawson,0.01321410327461956,28,2,"[0.4912, 0.6316]",36.0
2025-06,leclerc,-0.001518293206412422,50,1,[0.5088],57.0
2025-06,max_verstappen,-0.003938951833165312,48,1,[0.4561],57.0
2025-06,norris,-0.010298877047552463,49,1,[0.5088],57.0
2025-06,ocon,0.0024288210422548227,48,1,[0.4035],57.0
2025-06,piastri,-0.01097416392515249,49,1,[0.5088],57.0
2025-06,russell,-0.0035612139348770843,50,1,[0.5088],57.0
2025-06,sainz,-0.0009974837520029189,49,1,[0.4386],57.0
2025-06,stroll,0.008593886672577126,47,1,[0.3509],56.0
2025-06,tsunoda,0.0005893365460327591,49,1,[0.4737],57.0
2025-07,albon,-0.004028943463815968,50,2,"[0.4603, 0.746]",63.0
2025-07,alonso,0.004309310257316001,47,2,"[0.1905, 0.7302]",63.0
2025-07,antonelli,0.0015695620711220794,40,1,[0.4603],45.0
2025-07,bearman,0.0009934517673147187,48,2,"[0.4603, 0.4921]",63.0
2025-07,bortoleto,0.004036174853549423,48,3,"[0.1905, 0.4603, 0.7302]",63.0
2025-07,colapinto,0.0059866774613587465,48,2,"[0.3492, 0.7302]",63.0
2025-07,gasly,0.0016240777653884514,48,2,"[0.1429, 0.4603]",63.0
2025-07,hadjar,-0.00012833830263234472,50,2,"[0.4603, 0.7302]",63.0
2025-07,hamilton,-0.003436522097292931,50,2,"[0.4603, 0.7302]",63.0
2025-07,hulkenberg,0.0060225861062104665,49,1,[0.4603],63.0
2025-07,lawson,0.0024149636491141786,48,2,"[0.1587, 0.4603]",63.0
2025-07,leclerc,-0.007546468136952075,48,2,"[0.1587, 0.4603]",63.0
2025-07,max_verstappen,-0.015221639304515611,50,2,"[0.4603, 0.7302]",63.0
2025-07,norris,-0.01305018376847833,49,2,"[0.4444, 0.7302]",63.0
2025-07,ocon,0.0029200604405801834,25,1,[0.0159],28.0
2025-07,piastri,-0.011978148849265222,48,2,"[0.2063, 0.4762]",63.0
2025-07,russell,-0.003906250933450431,48,2,"[0.1746, 0.4603]",63.0
2025-07,sainz,-0.002203569548786331,48,2,"[0.1746, 0.4603]",63.0
2025-07,stroll,0.006018480897414654,47,2,"[0.2222, 0.7302]",63.0
2025-07,tsunoda,0.004434875373848732,50,1,[0.4603],63.0
2025-08,albon,-0.0014303639296833405,63,2,"[0.4103, 0.5128]",76.0
2025-08,alonso,-0.009785203553852624,26,1,[0.2051],37.0
2025-08,antonelli,0.011398063277177567,62,2,"[0.8846, 0.9103]",75.0
2025-08,bearman,0.004673514080110894,65,2,"[0.0128, 0.2179]",76.0
2025-08,bortoleto,0.004036394158447706,63,3,"[0.0128, 0.3333, 0.4487]",76.0
2025-08,colapinto,0.0055322671198187205,63,2,"[0.1667, 0.3333]",76.0
2025-08,gasly,,3,2,"[0.0128, 0.1026]",8.0
2025-08,hadjar,-0.003376711588768287,64,2,"[0.1795, 0.2436]",77.0
2025-08,hamilton,-0.02131988147259266,64,2,"[0.2308, 0.7179]",78.0
2025-08,hulkenberg,0.00988675300917703,63,2,"[0.1538, 0.5641]",76.0
2025-08,lawson,-0.005450184014988968,64,2,"[0.3974, 0.5128]",77.0
2025-08,leclerc,-0.02823231456676868,64,2,"[0.2821, 0.6282]",78.0
2025-08,max_verstappen,-0.025334442753834938,65,2,"[0.359, 0.9872]",78.0
2025-08,norris,-0.027368147923515794,64,2,"[0.2436, 0.641]",78.0
2025-08,ocon,-0.0036690987024898146,64,2,"[0.2051, 0.359]",77.0
2025-08,piastri,-0.02794251698282453,64,2,"[0.2564, 0.6154]",78.0
2025-08,russell,0.0003191717418713291,61,3,"[0.6795, 0.7949, 0.8718]",76.0
2025-08,sainz,-0.0003603278398933425,63,2,"[0.6154, 0.6795]",76.0
2025-08,stroll,0.007092754494033618,63,2,"[0.2179, 0.8205]",76.0
2025-08,tsunoda,0.01074865055879093,65,2,"[0.0128, 0.9359]",76.0
2025-09,albon,0.0012791708692494164,22,3,"[0.0909, 0.3939, 0.4091]",27.0
2025-09,alonso,0.0037922701454486934,53,3,"[0.2273, 0.6364, 0.8182]",66.0
2025-09,antonelli,-0.002593910389513301,48,2,"[0.3182, 0.7424]",54.0
2025-09,bearman,0.007091339424710915,54,3,"[0.1212, 0.5303, 0.8182]",66.0
2025-09,bortoleto,0.00818051429100445,54,2,"[0.2879, 0.7424]",66.0
2025-09,colapinto,0.013726228999578828,53,3,"[0.2121, 0.5909, 0.8182]",66.0
2025-09,gasly,0.0050484542798095375,54,3,"[0.1515, 0.4697, 0.8333]",66.0
2025-09,hadjar,-5.4631897410814455e-05,54,3,"[0.2879, 0.7273, 0.8333]",66.0
2025-09,hamilton,-0.007165892873919463,55,3,"[0.2424, 0.697, 0.8333]",66.0
2025-09,hulkenberg,0.0024673819080747433,54,3,"[0.1364, 0.6818, 0.8485]",66.0
2025-09,lawson,0.00623247994563755,54,2,"[0.2727, 0.6667]",66.0
2025-09,leclerc,-0.009884888560812167,55,3,"[0.2576, 0.6061, 0.8333]",66.0
2025-09,max_verstappen,-0.016417824862273604,53,4,"[0.197, 0.4394, 0.7121, 0.8333]",66.0
2025-09,norris,-0.01503615636227476,55,3,"[0.3182, 0.7273, 0.8333]",66.0
2025-09,ocon,0.009192687164386188,54,2,"[0.303, 0.6515]",66.0
2025-09,piastri,-0.01571984467706752,55,3,"[0.3333, 0.7424, 0.8333]",66.0
2025-09,russell,-0.00806968435158713,55,3,"[0.303, 0.6212, 0.8333]",66.0
2025-09,sainz,0.0056073030442738295,54,3,"[0.1364, 0.5152, 0.8333]",66.0
2025-09,tsunoda,0.0019164108827171393,52,4,"[0.1212, 0.3636, 0.6667, 0.8182]",66.0
2025-10,albon,0.0030256715043122965,43,1,[0.3286],47.0
2025-10,alonso,-0.001902237126669171,59,6,"[0.2143, 0.7143, 0.9429, 0.9571, 0.9714, 0.9857]",70.0
2025-10,antonelli,-0.014003294164224807,59,5,"[0.2, 0.5429, 0.9571, 0.9714, 0.9857]",70.0
2025-10,bearman,0.004425569644234311,60,4,"[0.2571, 0.9429, 0.9571, 0.9714]",69.0
2025-10,bortoleto,0.007516350655368363,60,4,"[0.7, 0.9429, 0.9571, 0.9714]",69.0
2025-10,colapinto,0.007019908777980062,60,4,"[0.2, 0.9429, 0.9571, 0.9714]",69.0
2025-10,gasly,0.006874876760535251,60,4,"[0.7571, 0.9429, 0.9571, 0.9714]",69.0
2025-10,hadjar,0.006316418863934266,60,4,"[0.1857, 0.9429, 0.9571, 0.9714]",69.0
2025-10,hamilton,-0.0071459542231272705,59,5,"[0.2143, 0.6429, 0.9571, 0.9714, 0.9857]",70.0
2025-10,hulkenberg,0.002303468331381281,61,5,"[0.2714, 0.9429, 0.9571, 0.9714, 0.9857]",70.0
2025-10,lawson,0.008418534143579957,48,2,"[0.5429, 0.7714]",54.0
2025-10,leclerc,-0.011891521776950152,58,5,"[0.4, 0.7571, 0.9571, 0.9714, 0.9857]",70.0
2025-10,max_verstappen,-0.014225887250061893,59,5,"[0.1714, 0.5286, 0.9571, 0.9714, 0.9857]",70.0
2025-10,norris,-0.014387797878101644,61,2,"[0.4143, 0.6714]",67.0
2025-10,ocon,0.003297566233395873,60,4,"[0.8143, 0.9429, 0.9571, 0.9714]",69.0
2025-10,piastri,-0.014117311234522702,59,5,"[0.2286, 0.6429, 0.9571, 0.9714, 0.9857]",70.0
2025-10,russell,-0.014713476127277495,59,5,"[0.1857, 0.6, 0.9571, 0.9714, 0.9857]",70.0
2025-10,sainz,0.003936393492345456,60,4,"[0.8143, 0.9429, 0.9571, 0.9714]",69.0
2025-10,stroll,0.0015013699028565122,58,5,"[0.3429, 0.7286, 0.9429, 0.9571, 0.9714]",69.0
2025-10,tsunoda,0.0065947573171560945,60,4,"[0.8, 0.9429, 0.9571, 0.9714]",69.0
2025-11,albon,-0.0017479059868085202,9,2,"[0.1857, 0.2143]",15.0
2025-11,alonso,0.0034585482190915644,63,1,[0.4714],69.0
2025-11,bearman,0.004266389680236528,61,2,"[0.1571, 0.5571]",69.0
2025-11,bortoleto,-0.0006305081884527757,61,2,"[0.3, 0.7]",69.0
2025-11,colapinto,0.005131719062947109,61,2,"[0.1857, 0.5571]",69.0
2025-11,gasly,0.006045173363714562,61,2,"[0.1714, 0.5429]",69.0
2025-11,hadjar,0.008659375476083045,63,2,"[0.0286, 0.4]",69.0
2025-11,hamilton,-0.008511241648347571,62,2,"[0.3714, 0.7143]",70.0
2025-11,hulkenberg,0.0002209538255319252,61,2,"[0.1714, 0.6]",69.0
2025-11,lawson,0.0023565549308878437,64,1,[0.4571],70.0
2025-11,leclerc,-0.010745045609312893,62,2,"[0.3571, 0.7]",70.0
2025-11,norris,-0.014507357639159385,61,2,"[0.2857, 0.7429]",70.0
2025-11,ocon,0.0006540661148981443,61,2,"[0.2714, 0.7143]",69.0
2025-11,piastri,-0.014296235493609505,61,2,"[0.3429, 0.7571]",70.0
2025-11,russell,-0.001670776246556955,62,2,"[0.2571, 0.6429]",70.0
2025-11,stroll,0.005411439406836725,61,2,"[0.3714, 0.7571]",69.0
2025-11,tsunoda,0.004307958788641957,59,3,"[0.2571, 0.4286, 0.8571]",68.0
2025-12,albon,0.00098777786985599,30,2,"[0.2308, 0.8077]",52.0
2025-12,alonso,-0.0006973070938080352,28,2,"[0.2115, 0.7115]",52.0
2025-12,antonelli,,2,4,"[0.0385, 0.1731, 0.3846, 0.4423]",23.0
2025-12,bearman,-0.0008429355009486203,29,2,"[0.1923, 0.7885]",52.0
2025-12,gasly,0.0008402913405448626,27,2,"[0.2115, 0.7885]",52.0
2025-12,hadjar,,3,1,[0.1923],18.0
2025-12,hamilton,-0.0055249106799315365,27,2,"[0.2115, 0.7885]",52.0
2025-12,hulkenberg,-0.004397246663857464,27,2,"[0.1731, 0.8077]",52.0
2025-12,leclerc,-0.00162183947361577,30,2,"[0.1923, 0.8077]",52.0
2025-12,max_verstappen,-0.002030722984665343,28,2,"[0.2115, 0.7885]",52.0
2025-12,norris,-0.017874279508586367,27,2,"[0.2115, 0.8462]",52.0
2025-12,ocon,0.0028966284984880087,31,2,"[0.3462, 0.8077]",52.0
2025-12,piastri,-0.01762726285282357,28,2,"[0.2115, 0.8269]",52.0
2025-12,russell,-0.0028272874130869283,29,2,"[0.1923, 0.7308]",52.0
2025-12,sainz,0.003256810133085396,29,2,"[0.2115, 0.7885]",52.0
2025-12,stroll,0.0012012739850784365,27,3,"[0.1154, 0.1923, 0.7885]",52.0
2025-12,tsunoda,0.012917238365309003,28,2,"[0.2115, 0.7885]",51.0
2025-13,albon,-0.002895709343090843,38,1,[0.2727],44.0
2025-13,alonso,0.0029974717225614875,35,2,"[0.25, 0.6591]",44.0
2025-13,antonelli,0.0017488470862451662,36,2,"[0.2727, 0.6818]",44.0
2025-13,bearman,0.0027419340966195406,38,1,[0.2727],44.0
2025-13,bortoleto,-0.0002773845620531267,38,1,[0.2727],44.0
2025-13,colapinto,0.004319364432981072,36,2,"[0.2727, 0.6364]",44.0
2025-13,gasly,0.00469683494938535,37,1,[0.25],44.0
2025-13,hadjar,0.007570119178884642,34,2,"[0.2955, 0.4545]",43.0
2025-13,hamilton,-0.0024608493218101052,37,1,[0.25],44.0
2025-13,hulkenberg,-4.492618913008649e-05,35,2,"[0.25, 0.7273]",44.0
2025-13,lawson,-0.0012369133784445208,38,1,[0.2727],44.0
2025-13,leclerc,-0.008207068159095079,38,1,[0.2727],44.0
2025-13,max_verstappen,-0.007936686703484042,38,1,[0.2727],44.0
2025-13,norris,-0.013119434998250926,37,1,[0.2955],44.0
2025-13,ocon,0.002905428025788338,37,1,[0.2955],44.0
2025-13,piastri,-0.011680385873691275,38,1,[0.2727],44.0
2025-13,russell,-0.004319300170504274,38,1,[0.2727],44.0
2025-13,sainz,0.0015253843698429064,36,2,"[0.2727, 0.5909]",44.0
2025-13,stroll,0.004737387722444233,38,1,[0.2727],44.0
2025-13,tsunoda,0.002444724015581838,37,1,[0.2955],44.0
2025-14,albon,0.004065991567768211,64,2,"[0.2, 0.5429]",69.0
2025-14,alonso,-0.00218161894781223,67,1,[0.5571],70.0
2025-14,antonelli,0.0017795394507118467,66,1,[0.3],69.0
2025-14,bearman,0.006258801918039819,44,2,"[0.4286, 0.6857]",48.0
2025-14,bortoleto,-0.0006713228992560172,67,1,[0.5714],70.0
2025-14,colapinto,0.003027643722119853,64,2,"[0.1857, 0.5]",69.0
2025-14,gasly,0.009416148800309523,66,1,[0.4571],69.0
2025-14,hadjar,0.0033637444916922443,66,1,[0.4714],69.0
2025-14,hamilton,0.002573270443829365,66,1,[0.6],69.0
2025-14,hulkenberg,0.0009990279808991262,64,2,"[0.0714, 0.5857]",69.0
2025-14,lawson,-0.00030152354043745807,67,1,[0.5714],70.0
2025-14,leclerc,-0.008166933702660995,65,2,"[0.2714, 0.5714]",70.0
2025-14,max_verstappen,-0.003205651235946636,65,2,"[0.2429, 0.6857]",70.0
2025-14,norris,-0.011882133355459838,67,1,[0.4429],70.0
2025-14,ocon,0.009161625923018502,66,1,[0.2],69.0
2025-14,piastri,-0.015039914757223827,65,2,"[0.2571, 0.6429]",70.0
2025-14,russell,-0.011606679867109853,65,2,"[0.2714, 0.6143]",70.0
2025-14,sainz,0.0036925376109779003,64,2,"[0.2143, 0.7286]",69.0
2025-14,stroll,-0.0002807751038819897,67,1,[0.5143],70.0
2025-14,tsunoda,0.00461808345963964,64,2,"[0.2857, 0.5286]",69.0
2025-15,albon,-0.0029043059327983137,55,2,"[0.3194, 0.7361]",72.0
2025-15,alonso,0.0017492933477036576,49,2,"[0.25, 0.5556]",72.0
2025-15,antonelli,-0.0044131990685739395,53,3,"[0.3194, 0.7083, 0.7361]",72.0
2025-15,bearman,0.005970586120386074,53,1,[0.7361],72.0
2025-15,bortoleto,0.008058916290832106,49,2,"[0.3056, 0.8333]",72.0
2025-15,colapinto,0.006407953607148353,50,3,"[0.2639, 0.7361, 0.9028]",72.0
2025-15,gasly,0.008285251743376418,54,1,[0.3194],72.0
2025-15,hadjar,-0.009882429578824037,55,2,"[0.3194, 0.7361]",72.0
2025-15,hamilton,-0.0052862700544994475,21,0,[],23.0
2025-15,hulkenberg,0.007940359847798329,50,2,"[0.2639, 0.7361]",72.0
2025-15,lawson,-0.00035133123586986273,50,3,"[0.3194, 0.375, 0.7222]",72.0
2025-15,leclerc,-0.008385711909833645,42,2,"[0.3056, 0.7222]",52.0
2025-15,max_verstappen,-0.01130353020360233,55,2,"[0.3194, 0.7361]",72.0
2025-15,norris,-0.018305044322695932,51,2,"[0.3194, 0.7361]",65.0
2025-15,ocon,0.008304731730059703,53,1,[0.7222],72.0
2025-15,piastri,-0.0197052949349461,55,2,"[0.3194, 0.7361]",72.0
2025-15,russell,-0.005605519478729554,55,2,"[0.3194, 0.7361]",72.0
2025-15,sainz,-0.0006554904748786408,49,4,"[0.3194, 0.375, 0.7083, 0.9028]",72.0
2025-15,stroll,0.002336041573533518,51,2,"[0.1111, 0.7222]",72.0
2025-15,tsunoda,0.005870772303740252,51,2,"[0.2639, 0.7361]",72.0
2025-16,albon,-0.0013715649828377249,49,1,[0.7736],53.0
2025-16,alonso,0.00047420418222580485,20,2,"[0.3774, 0.4528]",24.0
2025-16,antonelli,-0.0007844387172363831,49,1,[0.5283],53.0
2025-16,bearman,0.00029807090429429553,49,1,[0.3396],53.0
2025-16,bortoleto,8.676405251565393e-05,49,1,[0.3774],53.0
2025-16,colapinto,0.006135995439640401,48,1,[0.6226],52.0
2025-16,gasly,0.0058850339221248014,48,1,[0.9245],52.0
2025-16,hadjar,0.0006303736692500018,49,1,[0.6038],53.0
2025-16,hamilton,-0.0038809264694906506,49,1,[0.717],53.0
2025-16,lawson,0.004738311905532803,49,1,[0.1698],53.0
2025-16,leclerc,-0.006220271455349814,49,1,[0.6226],53.0
2025-16,max_verstappen,-0.0118698713155349,48,1,[0.6981],53.0
2025-16,norris,-0.008826949648391183,48,1,[0.8679],53.0
2025-16,ocon,0.004183671123161388,48,1,[0.9623],52.0
2025-16,piastri,-0.007344500042745994,48,1,[0.8491],53.0
2025-16,russell,-0.004697262381889633,49,1,[0.5094],53.0
2025-16,sainz,-9.123803470893578e-07,49,1,[0.566],53.0
2025-16,stroll,0.004160606220575201,48,1,[0.9245],52.0
2025-16,tsunoda,0.005085819321215505,49,1,[0.3585],53.0
2025-17,albon,0.0017253196630999616,42,2,"[0.0196, 0.2941]",51.0
2025-17,alonso,0.004677892769180469,42,1,[0.4118],51.0
2025-17,antonelli,-0.005294688428753359,43,1,[0.3529],51.0
2025-17,bearman,0.0031415786758118317,42,1,[0.549],51.0
2025-17,bortoleto,0.0030179927479954075,42,1,[0.5098],51.0
2025-17,colapinto,0.009510475494948756,42,1,[0.3137],50.0
2025-17,gasly,0.011455097902908473,41,1,[0.6863],50.0
2025-17,hadjar,-0.0020721440643432696,42,1,[0.5686],51.0
2025-17,hamilton,-0.0028114465478019154,42,1,[0.7059],51.0
2025-17,hulkenberg,0.005338295005645815,42,1,[0.7059],51.0
2025-17,lawson,-0.0026286953266118048,41,1,[0.3922],51.0
2025-17,leclerc,-0.0027720826643311863,42,1,[0.3725],51.0
2025-17,max_verstappen,-0.00975788269481236,41,1,[0.7843],51.0
2025-17,norris,-0.0031354639423226615,42,1,[0.7255],51.0
2025-17,ocon,0.00907515019581399,44,2,"[0.0196, 0.0392]",51.0
2025-17,russell,-0.006623547671023751,41,1,[0.7647],51.0
2025-17,sainz,-0.005375571335082255,41,1,[0.5294],51.0
2025-17,stroll,0.008053976484383052,42,1,[0.7255],51.0
2025-17,tsunoda,-0.0033978910967625464,41,1,[0.7451],51.0
2025-18,albon,0.003917118508372742,56,1,[0.6774],61.0
2025-18,alonso,-0.0029615258387596607,57,1,[0.4355],62.0
2025-18,antonelli,-0.00844859653528954,57,1,[0.4032],62.0
2025-18,bearman,0.0008578653834895626,57,1,[0.371],62.0
2025-18,bortoleto,0.007172354221777337,56,1,[0.2097],61.0
2025-18,colapinto,0.008454842934884117,56,1,[0.2258],61.0
2025-18,gasly,0.003435302847561879,54,2,"[0.3871, 0.8226]",61.0
2025-18,hadjar,0.004035346045358914,56,1,[0.3226],61.0
2025-18,hamilton,-0.012356908000443674,53,2,"[0.3871, 0.7419]",62.0
2025-18,hulkenberg,0.0012255411895924669,55,2,"[0.4032, 0.7097]",61.0
2025-18,lawson,0.004959313198719677,56,1,[0.7742],61.0
2025-18,leclerc,-0.006843247131607341,57,1,[0.3387],62.0
2025-18,max_verstappen,-0.012508088524997452,57,1,[0.3065],62.0
2025-18,norris,-0.01202384466393681,57,1,[0.4194],62.0
2025-18,ocon,0.008460442800341087,56,1,[0.4839],61.0
2025-18,piastri,-0.012779348009085277,57,1,[0.4355],62.0
2025-18,russell,-0.013139428519227612,57,1,[0.4032],62.0
2025-18,sainz,0.0024472275688451894,56,1,[0.8065],61.0
2025-18,stroll,0.004672880867089954,56,1,[0.6129],61.0
2025-18,tsunoda,0.0031346605815198597,56,1,[0.2097],61.0
2025-19,albon,-2.5686738772454386e-05,49,2,"[0.125, 0.6429]",56.0
2025-19,alonso,0.0016783028375069629,49,1,[0.5357],56.0
2025-19,antonelli,-0.002010194528802363,49,1,[0.5536],56.0
2025-19,bearman,0.0009530472062789651,49,1,[0.5357],56.0
2025-19,bortoleto,0.0032234961873385984,46,2,"[0.25, 0.6429]",55.0
2025-19,colapinto,0.007282629774338118,48,1,[0.5714],55.0
2025-19,gasly,0.008271565389346194,48,1,[0.4821],55.0
2025-19,hadjar,0.005897706846654655,49,1,[0.5],56.0
2025-19,hamilton,-0.005842300354267927,47,1,[0.5536],56.0
2025-19,hulkenberg,-0.0007171610245251368,50,1,[0.5893],56.0
2025-19,lawson,0.0026167145288996663,49,1,[0.5357],56.0
2025-19,leclerc,-0.007020462840528162,47,1,[0.3929],56.0
2025-19,max_verstappen,-0.009917514711579013,48,1,[0.5893],56.0
2025-19,norris,-0.008722584772420666,47,1,[0.5714],56.0
2025-19,ocon,0.003955727645847314,49,1,[0.4286],56.0
2025-19,piastri,-0.0049720444615738955,48,1,[0.5357],56.0
2025-19,russell,-0.004338795590382079,50,1,[0.5893],56.0
2025-19,sainz,,4,0,[],6.0
2025-19,stroll,0.002449883933332745,49,1,[0.5],56.0
2025-19,tsunoda,-0.001270349435652799,49,1,[0.5179],56.0
2025-20,albon,0.004294970857605161,63,1,[0.5775],70.0
2025-20,alonso,-0.0006804120523879782,28,2,"[0.2817, 0.4789]",34.0
2025-20,antonelli,-0.005463107605621172,61,2,"[0.3099, 0.662]",71.0
2025-20,bearman,-0.0057839697143724205,61,2,"[0.338, 0.6761]",71.0
2025-20,bortoleto,0.0038471481197734476,63,1,[0.5211],71.0
2025-20,colapinto,0.01060308590585373,62,1,[0.6761],70.0
2025-20,gasly,0.011379671232467132,62,1,[0.4648],70.0
2025-20,hadjar,0.004895789206185824,63,1,[0.4789],70.0
2025-20,hamilton,-0.005829078386434229,61,2,"[0.3239, 0.662]",71.0
2025-20,hulkenberg,0.006348096067921612,21,1,[0.3521],25.0
2025-20,lawson,,1,2,"[0.0282, 0.0704]",5.0
2025-20,leclerc,-0.0034931187700770385,63,1,[0.4366],71.0
2025-20,max_verstappen,-0.004897466048251875,63,1,[0.5211],71.0
2025-20,norris,-0.008344603378638113,63,1,[0.4789],71.0
2025-20,ocon,0.0027348907378697018,63,1,[0.3803],71.0
2025-20,piastri,-0.0064299582497363995,61,2,"[0.338, 0.662]",71.0
2025-20,russell,-0.005013223644907022,61,2,"[0.3521, 0.6761]",71.0
2025-20,sainz,-0.0024229442297517777,58,3,"[0.2394, 0.6479, 0.7887]",68.0
2025-20,stroll,0.0006836850187034099,61,2,"[0.3662, 0.6056]",70.0
2025-20,tsunoda,0.0020934257916760055,63,1,[0.507],71.0
2025-21,albon,0.0027812221337034596,59,2,"[0.493, 0.7746]",71.0
2025-21,alonso,0.002841637042068187,59,2,"[0.3944, 0.6479]",71.0
2025-21,antonelli,-0.006103928703812468,59,2,"[0.2958, 0.662]",71.0
2025-21,bearman,-0.002120850049582068,59,2,"[0.2394, 0.5915]",71.0
2025-21,colapinto,0.0021617946966786027,59,2,"[0.4085, 0.6056]",71.0
2025-21,gasly,0.0031152615405884163,59,2,"[0.2535, 0.5493]",71.0
2025-21,hadjar,0.003033589266319418,59,2,"[0.2535, 0.5211]",71.0
2025-21,hamilton,0.0014575766219636658,24,4,"[0.0282, 0.1972, 0.4507, 0.5211]",37.0
2025-21,hulkenberg,0.00691584471763556,61,1,[0.507],71.0
2025-21,lawson,0.007627717764119258,61,1,[0.2676],71.0
2025-21,max_verstappen,-0.008482383985411237,59,3,"[0.0986, 0.4789, 0.7606]",71.0
2025-21,norris,-0.007783291815345387,59,2,"[0.4225, 0.7042]",71.0
2025-21,ocon,0.001433870683610499,60,2,"[0.1127, 0.662]",71.0
2025-21,piastri,-0.007357071501010351,59,2,"[0.5352, 0.7183]",71.0
2025-21,russell,-0.00458477892909052,59,2,"[0.4789, 0.6761]",71.0
2025-21,sainz,0.0030363737683704963,59,2,"[0.2394, 0.5352]",71.0
2025-21,stroll,0.0008534752955905012,59,2,"[0.4085, 0.7606]",71.0
2025-21,tsunoda,0.0005944465173885589,59,3,"[0.0282, 0.338, 0.662]",71.0
2025-22,albon,-0.0006921891932218457,26,4,"[0.26, 0.28, 0.68, 0.7]",35.0
2025-22,alonso,0.008730120473447536,44,1,[0.32],50.0
2025-22,antonelli,-0.004291524362459024,45,1,[0.04],50.0
2025-22,bearman,0.004844568400114099,43,1,[0.34],50.0
2025-22,colapinto,0.011151747214944966,42,1,[0.5],49.0
2025-22,gasly,0.008769406117413479,45,1,[0.04],50.0
2025-22,hadjar,-0.00025720519327558856,43,1,[0.4],50.0
2025-22,hamilton,0.0006896979042346207,43,1,[0.58],50.0
2025-22,hulkenberg,-1.1884256720428546e-05,43,1,[0.6],50.0
2025-22,lawson,0.0037296882994005028,42,2,"[0.04, 0.56]",49.0
2025-22,leclerc,-0.0042479161849354715,43,1,[0.48],50.0
2025-22,max_verstappen,-0.008835134962266913,43,1,[0.5],50.0
2025-22,norris,-0.006331829243607467,43,1,[0.44],50.0
2025-22,ocon,0.0016861532163761125,42,1,[0.54],50.0
2025-22,piastri,-0.00404476443044408,43,1,[0.42],50.0
2025-22,russell,-0.003295026649945934,43,1,[0.34],50.0
2025-22,sainz,-0.0025066136713629396,43,1,[0.44],50.0
2025-22,tsunoda,0.002702320525064992,43,2,"[0.02, 0.54]",50.0
2025-23,albon,0.00247311757427487,50,2,"[0.1228, 0.5614]",57.0
2025-23,alonso,-0.0019780914819437687,50,2,"[0.1228, 0.5614]",57.0
2025-23,antonelli,-0.00876631043694268,50,2,"[0.1228, 0.5614]",57.0
2025-23,bearman,-0.00016802297027850228,32,4,"[0.1228, 0.5614, 0.7018, 0.7193]",41.0
2025-23,bortoleto,0.0061254800623548,50,2,"[0.1228, 0.5614]",57.0
2025-23,colapinto,0.006777289973223661,49,2,"[0.1228, 0.5614]",56.0
2025-23,gasly,0.004804739203356792,49,2,"[0.1228, 0.5614]",56.0
2025-23,hadjar,-0.0019435181968133646,47,3,"[0.1228, 0.5614, 0.9649]",55.0
2025-23,hamilton,0.00425090521441468,50,2,"[0.1228, 0.5614]",57.0
2025-23,hulkenberg,,5,0,[],7.0
2025-23,lawson,0.0005119585590713304,50,2,"[0.1228, 0.5614]",57.0
2025-23,leclerc,-6.172666396458959e-05,50,2,"[0.1228, 0.5614]",57.0
2025-23,max_verstappen,-0.013583769982027961,50,2,"[0.1228, 0.5614]",57.0
2025-23,norris,-0.014033429879474016,46,2,"[0.4386, 0.7719]",57.0
2025-23,ocon,0.005929824904815195,47,3,"[0.1404, 0.1579, 0.5965]",56.0
2025-23,piastri,-0.01777321470436852,46,2,"[0.4211, 0.7368]",57.0
2025-23,russell,-0.002667241212207172,50,2,"[0.1228, 0.5614]",57.0
2025-23,sainz,-0.007792408704750158,50,2,"[0.1228, 0.5614]",57.0
2025-23,stroll,0.0007349020722648644,43,4,"[0.1228, 0.4211, 0.8596, 0.9649]",55.0
2025-23,tsunoda,0.0010914523365849371,50,2,"[0.1228, 0.5614]",57.0
2025-24,albon,-8.270513651045775e-05,53,2,"[0.1379, 0.569]",58.0
2025-24,alonso,0.0012193710309001096,55,1,[0.2759],58.0
2025-24,antonelli,0.00315953248928899,55,1,[0.5517],58.0
2025-24,bearman,0.0019500722693632274,55,1,[0.2414],58.0
2025-24,bortoleto,0.0038804599872548583,55,1,[0.2586],58.0
2025-24,colapinto,0.0017536406430690027,52,2,"[0.2586, 0.6897]",57.0
2025-24,gasly,0.0005911632988592022,52,2,"[0.2241, 0.6897]",57.0
2025-24,hadjar,0.005287841949655695,54,1,[0.2414],57.0
2025-24,hamilton,-0.00250399268524755,53,2,"[0.1379, 0.5345]",58.0
2025-24,hulkenberg,-0.001571387898285678,53,2,"[0.1207, 0.7241]",58.0
2025-24,lawson,0.0035707220054954675,54,1,[0.3621],57.0
2025-24,leclerc,-0.011743861747959763,53,2,"[0.2759, 0.6724]",58.0
2025-24,max_verstappen,-0.011292388835592717,55,1,[0.3966],58.0
2025-24,norris,-0.013017150087053687,53,2,"[0.2759, 0.6897]",58.0
2025-24,ocon,0.0014061985990792669,55,1,[0.3276],58.0
2025-24,piastri,-0.009302561143798748,55,1,[0.7069],58.0
2025-24,russell,-0.002444593616811252,55,1,[0.2414],58.0
2025-24,sainz,0.0031414799801431814,55,1,[0.3103],58.0
2025-24,stroll,0.0011057730515126802,55,1,[0.7241],58.0
2025-24,tsunoda,0.0029588876607709613,55,1,[0.5517],58.0
2026-01,albon,0.008765012947715022,49,2,"[0.2069, 0.569]",57.0
2026-01,alonso,0.018472759386867897,14,3,"[0.1897, 0.2241, 0.3793]",22.0
2026-01,antonelli,-0.01794336897158643,49,1,[0.2069],58.0
2026-01,arvid_lindblad,0.0019894289297697028,48,1,[0.3103],57.0
2026-01,bearman,0.0004195579863228671,49,1,[0.3103],57.0
2026-01,bortoleto,-0.0010132205891170837,49,2,"[0.3103, 0.569]",57.0
2026-01,bottas,0.024781189872060346,10,1,[0.2069],16.0
2026-01,colapinto,0.009891248155794568,43,2,"[0.1552, 0.7931]",56.0
2026-01,gasly,0.005609732612450512,49,1,[0.1897],57.0
2026-01,hadjar,-0.0070412405575648,9,0,[],11.0
2026-01,hamilton,-0.016427901795089662,47,1,[0.4828],58.0
2026-01,lawson,0.005674596429994125,49,2,"[0.1897, 0.569]",57.0
2026-01,leclerc,-0.01576757584018916,47,1,[0.431],58.0
2026-01,max_verstappen,-0.011693533510043949,48,2,"[0.3103, 0.7069]",58.0
2026-01,norris,-0.011545742717987383,49,2,"[0.1897, 0.5862]",58.0
2026-01,ocon,0.006241616544964561,49,1,[0.1897],57.0
2026-01,perez,0.0328345826018805,43,2,"[0.3103, 0.7414]",55.0
2026-01,russell,-0.016601563191234486,49,1,[0.2069],58.0
2026-01,sainz,0.009870961660714783,45,3,"[0.1897, 0.569, 0.7759]",56.0
2026-01,stroll,0.02324599939492899,29,4,"[0.1897, 0.4483, 0.5862, 0.6724]",43.0
2026-02,alonso,0.01713318195637918,22,2,"[0.5536, 0.5714]",32.0
2026-02,antonelli,-0.01668278752454437,47,1,[0.1786],56.0
2026-02,arvid_lindblad,0.001744379845375173,43,1,[0.75],55.0
2026-02,bearman,-0.0020101380178029773,47,1,[0.1786],56.0
2026-02,bottas,0.017812773120582822,45,1,[0.1786],55.0
2026-02,colapinto,0.00035798559373687586,44,1,[0.5714],55.0
2026-02,gasly,-0.003149847133184461,46,1,[0.1786],56.0
2026-02,hadjar,0.0013772361529132257,45,2,"[0.0179, 0.1786]",56.0
2026-02,hamilton,-0.010374541824214652,47,1,[0.1786],56.0
2026-02,hulkenberg,0.0006250447235365987,42,1,[0.625],55.0
2026-02,lawson,0.0021692471349932544,44,1,[0.1607],56.0
2026-02,leclerc,-0.009527473114180026,47,1,[0.1786],56.0
2026-02,max_verstappen,-0.0022791655712233335,34,2,"[0.1607, 0.8036]",45.0
2026-02,ocon,-9.206665570881962e-05,41,2,"[0.5179, 0.8214]",55.0
2026-02,perez,0.018025939131711067,43,1,[0.1964],55.0
2026-02,russell,-0.01542842996713998,47,1,[0.1786],56.0
2026-02,sainz,0.007486242374220253,44,1,[0.1607],55.0
2026-02,stroll,0.020499917295230884,8,0,[],10.0
2026-03,albon,0.0060051649355627726,37,6,"[0.4151, 0.8491, 0.8679, 0.8868, 0.9057, 0.9245]",51.0
2026-03,alonso,0.02354788476356532,44,2,"[0.3962, 0.434]",52.0
2026-03,antonelli,-0.017389093191166428,46,1,[0.4151],53.0
2026-03,arvid_lindblad,0.0018337032885422891,43,1,[0.3396],53.0
2026-03,bearman,0.001642875937508265,17,1,[0.3019],21.0
2026-03,bortoleto,0.0026622944187384427,45,1,[0.4151],53.0
2026-03,bottas,0.02308869604726197,41,1,[0.3585],52.0
2026-03,colapinto,0.003748828755722399,43,1,[0.3208],53.0
2026-03,gasly,-0.007137304747267867,46,1,[0.4151],53.0
2026-03,hadjar,0.0012117996825416674,43,1,[0.3585],53.0
2026-03,hamilton,-0.010841098170651183,46,1,[0.4151],53.0
2026-03,hulkenberg,0.0004393401303113621,45,1,[0.434],53.0
2026-03,lawson,0.0007503864309416224,45,1,[0.4151],53.0
2026-03,leclerc,-0.013312973426959638,44,1,[0.3208],53.0
2026-03,max_verstappen,-0.006912476851311543,46,1,[0.4151],53.0
2026-03,norris,-0.011691230624712778,44,1,[0.3019],53.0
2026-03,ocon,-0.0005443446896885583,43,1,[0.3585],53.0
2026-03,perez,0.015267402469298499,45,1,[0.3962],53.0
2026-03,piastri,-0.014326252890110818,44,1,[0.3396],53.0
2026-03,russell,-0.014530873562004502,45,1,[0.3962],53.0
2026-03,sainz,0.004993956615449879,45,1,[0.4151],53.0
2026-03,stroll,0.018106679148313848,21,3,"[0.3962, 0.4528, 0.566]",30.0
2026-04,albon,0.001763901092736017,43,1,[0.4737],57.0
2026-04,alonso,0.017443820142940027,43,1,[0.7193],56.0
2026-04,antonelli,-0.018526461706783917,44,1,[0.4561],57.0
2026-04,arvid_lindblad,0.009059839345875124,42,1,[0.4912],56.0
2026-04,bearman,0.003396578639509995,43,1,[0.4561],56.0
2026-04,bortoleto,0.0037083320162964594,43,1,[0.5614],56.0
2026-04,bottas,0.033237857230788245,39,3,"[0.1053, 0.3684, 0.5263]",55.0
2026-04,colapinto,-0.005157852320274155,43,1,[0.5439],57.0
2026-04,gasly,,3,0,[],5.0
2026-04,hadjar,,3,0,[],5.0
2026-04,hamilton,-0.00728940841504714,43,1,[0.4737],57.0
2026-04,hulkenberg,,2,2,"[0.0175, 0.1228]",7.0
2026-04,lawson,,3,1,[0.1053],6.0
2026-04,leclerc,-0.012358907310032103,44,1,[0.3684],57.0
2026-04,max_verstappen,-0.0072193391707413256,46,1,[0.1053],57.0
2026-04,norris,-0.018012897313237138,44,1,[0.4737],57.0
2026-04,ocon,0.005239491975519483,43,1,[0.5439],56.0
2026-04,perez,0.018594036263736756,43,1,[0.5088],56.0
2026-04,piastri,-0.013097353313340753,44,1,[0.4912],57.0
2026-04,russell,-0.00946770893739114,44,1,[0.3509],57.0
2026-04,sainz,-0.00042088061282643635,43,1,[0.4912],57.0
2026-04,stroll,0.013847460072150547,41,2,"[0.3684, 0.6491]",56.0
2026-05,albon,0.004448008592417519,10,0,[],12.0
2026-05,alonso,0.026858396275775118,16,2,"[0.2941, 0.3529]",24.0
2026-05,antonelli,-0.016904890894753697,54,1,[0.4559],68.0
2026-05,bearman,0.003915315517567324,54,1,[0.4412],67.0
2026-05,bortoleto,0.00319466363461332,48,2,"[0.0294, 0.2647]",66.0
2026-05,bottas,0.0309840357635845,40,4,"[0.0441, 0.1324, 0.4265, 0.7206]",64.0
2026-05,colapinto,0.0005121864664618793,53,1,[0.4412],67.0
2026-05,gasly,0.00234973740965173,52,1,[0.4412],67.0
2026-05,hadjar,-0.01030698245956274,53,3,"[0.4559, 0.7647, 0.9118]",67.0
2026-05,hamilton,-0.013929619296880387,54,1,[0.4559],68.0
2026-05,hulkenberg,0.0029764792171054735,48,2,"[0.0294, 0.2941]",66.0
2026-05,lawson,0.0023101699032434483,52,1,[0.4412],67.0
2026-05,leclerc,-0.009713129516498456,55,1,[0.4559],68.0
2026-05,max_verstappen,-0.013227712548735268,54,1,[0.4559],68.0
2026-05,norris,-0.006174751492639051,25,2,"[0.0294, 0.2206]",39.0
2026-05,ocon,0.015096767781416918,50,2,"[0.2353, 0.4412]",66.0
2026-05,perez,0.012278245252474661,26,4,"[0.0294, 0.2206, 0.4265, 0.5882]",40.0
2026-05,piastri,-0.0018937123929008497,51,3,"[0.0147, 0.1765, 0.75]",66.0
2026-05,russell,-0.0187184740201682,25,0,[],30.0
2026-05,sainz,0.0006729623502968179,52,2,"[0.0294, 0.4412]",67.0
2026-05,stroll,0.037018921384396976,40,2,"[0.2059, 0.7206]",64.0
2026-06,albon,0.00622808812684901,61,5,"[0.5513, 0.7564, 0.8333, 0.859, 0.8718]",78.0
2026-06,alonso,0.010382145970860459,61,6,"[0.0385, 0.7436, 0.7564, 0.8333, 0.859, 0.8718]",78.0
2026-06,antonelli,-0.03043667381852288,62,4,"[0.4744, 0.7821, 0.8462, 0.8718]",78.0
2026-06,arvid_lindblad,0.009467676352545282,63,4,"[0.7564, 0.8333, 0.859, 0.8718]",78.0
2026-06,bearman,0.018779407818185614,25,2,"[0.0128, 0.359]",28.0
2026-06,bortoleto,0.008972605118019289,58,7,"[0.0128, 0.5513, 0.7436, 0.7564, 0.8333, 0.859, 0.8718]",78.0
2026-06,bottas,0.033066048454648875,13,2,"[0.0128, 0.2051]",16.0
2026-06,colapinto,0.00869264918478347,61,5,"[0.4487, 0.7564, 0.8333, 0.859, 0.8718]",78.0
2026-06,gasly,-0.006206272631744616,62,4,"[0.5769, 0.7692, 0.8462, 0.8718]",78.0
2026-06,hadjar,-0.009515967131231661,62,4,"[0.4103, 0.7692, 0.8462, 0.8718]",78.0
2026-06,hamilton,-0.02385313560540715,62,5,"[0.359, 0.7692, 0.7821, 0.8462, 0.8718]",78.0
2026-06,hulkenberg,0.008274532017670654,61,6,"[0.1538, 0.7436, 0.7564, 0.8333, 0.859, 0.8718]",78.0
2026-06,lawson,-0.0031705421090473286,61,4,"[0.5641, 0.7692, 0.8462, 0.8718]",78.0
2026-06,leclerc,-0.023951021757143313,55,3,"[0.4487, 0.7692, 0.7821]",65.0
2026-06,norris,-0.004243868388488405,42,1,[0.5641],44.0
2026-06,ocon,0.009072778659809511,61,5,"[0.1154, 0.7564, 0.8333, 0.859, 0.8718]",78.0
2026-06,perez,0.012184143986012676,58,6,"[0.0513, 0.1154, 0.7564, 0.8333, 0.859, 0.8718]",78.0
2026-06,piastri,-0.008664875632992267,62,5,"[0.6154, 0.7564, 0.7692, 0.8462, 0.8718]",78.0
2026-06,russell,-0.010352140875307383,60,5,"[0.3974, 0.7692, 0.8462, 0.8718, 0.9231]",78.0
2026-06,sainz,0.008269476099204694,54,5,"[0.6667, 0.7564, 0.8333, 0.859, 0.8718]",71.0
2026-06,stroll,0.009543969670478184,53,1,[0.0513],57.0
2026-07,albon,0.01175660952664009,43,4,"[0.197, 0.4394, 0.5152, 0.7576]",55.0
2026-07,alonso,0.024280817558121993,34,1,[0.3182],38.0
2026-07,antonelli,-0.01907682192783314,53,2,"[0.2121, 0.5606]",62.0
2026-07,arvid_lindblad,0.006252564401069846,55,2,"[0.3333, 0.5606]",65.0
2026-07,bearman,0.011749259833358797,54,3,"[0.2727, 0.5909, 0.9091]",60.0
2026-07,bortoleto,0.006037040050507464,51,3,"[0.2273, 0.5, 0.803]",64.0
2026-07,bottas,0.021723811975222634,12,2,"[0.2121, 0.2273]",15.0
2026-07,colapinto,0.005453016337274847,54,2,"[0.1818, 0.5152]",65.0
2026-07,gasly,0.0035577814670157276,56,2,"[0.2121, 0.6061]",65.0
2026-07,hadjar,-0.008588707561490867,51,3,"[0.2273, 0.4848, 0.8788]",65.0
2026-07,hamilton,-0.024963304766849517,54,3,"[0.1667, 0.4091, 0.6212]",66.0
2026-07,hulkenberg,-0.00032897758601518125,25,2,"[0.197, 0.4394]",29.0
2026-07,lawson,0.0051933265769513815,54,2,"[0.1667, 0.5303]",65.0
2026-07,leclerc,-0.01554250172077291,55,3,"[0.2424, 0.5909, 0.9394]",62.0
2026-07,max_verstappen,-0.018097474938619858,56,3,"[0.1818, 0.4394, 0.6061]",66.0
2026-07,norris,-0.018105240407866985,54,2,"[0.197, 0.5303]",66.0
2026-07,ocon,0.013867437942531377,50,3,"[0.197, 0.5152, 0.8788]",64.0
2026-07,perez,0.022134873782271067,50,3,"[0.1818, 0.4697, 0.5909]",63.0
2026-07,piastri,-0.012703138027730607,56,2,"[0.2121, 0.5455]",66.0
2026-07,russell,-0.018202545668440533,54,2,"[0.1818, 0.5455]",66.0
2026-07,sainz,0.007953714399270924,51,3,"[0.2121, 0.4545, 0.8333]",64.0
2026-07,stroll,,3,1,[0.0758],5.0
2026-08,albon,0.017834033043388636,60,2,"[0.2535, 0.5211]",69.0
2026-08,alonso,0.028105546974561017,61,2,"[0.338, 0.6901]",68.0
2026-08,antonelli,-0.015930540214472877,64,2,"[0.338, 0.7183]",71.0
2026-08,arvid_lindblad,0.0014271680169569716,60,2,"[0.2535, 0.6479]",70.0
2026-08,bearman,0.011926311194430722,63,2,"[0.338, 0.6338]",70.0
2026-08,bortoleto,0.003635909877034415,60,2,"[0.2394, 0.6197]",70.0
2026-08,colapinto,0.009781979809412925,60,2,"[0.2817, 0.6479]",70.0
2026-08,gasly,0.003196234623872689,60,3,"[0.1831, 0.5352, 0.7183]",70.0
2026-08,hadjar,-0.009230260017071919,61,2,"[0.2535, 0.5634]",71.0
2026-08,hamilton,-0.012284486463187881,61,3,"[0.169, 0.3521, 0.5915]",71.0
2026-08,hulkenberg,0.0052634356517089215,60,2,"[0.2958, 0.6338]",70.0
2026-08,lawson,0.00043860559302572505,60,2,"[0.2676, 0.6338]",70.0
2026-08,leclerc,-0.01277069519684831,59,3,"[0.1831, 0.5211, 0.831]",71.0
2026-08,max_verstappen,-0.016086185684729165,61,2,"[0.2535, 0.6901]",71.0
2026-08,norris,-0.010252580950156805,62,2,"[0.2958, 0.662]",71.0
2026-08,ocon,0.015764321970644764,59,2,"[0.2535, 0.4648]",69.0
2026-08,perez,,2,1,[0.0563],4.0
2026-08,piastri,-0.011218668286136576,61,2,"[0.2676, 0.5915]",71.0
2026-08,russell,-0.014937144284951848,61,2,"[0.2676, 0.6056]",71.0
2026-08,sainz,0.00957406413938106,20,1,[0.1972],24.0
2026-08,stroll,0.026131887212246463,39,2,"[0.338, 0.6338]",45.0
2026-09,albon,0.008935103077201427,28,6,"[0.0192, 0.2692, 0.4423, 0.6731, 0.7692, 0.8269]",43.0
2026-09,alonso,0.029996457070549466,37,2,"[0.3846, 0.8846]",51.0
2026-09,antonelli,-0.016042855703668726,35,3,"[0.6731, 0.7885, 0.8269]",52.0
2026-09,arvid_lindblad,-0.0027368702683428607,38,2,"[0.5192, 0.9038]",52.0
2026-09,bearman,0.009141305145279985,38,2,"[0.5577, 0.9038]",52.0
2026-09,bortoleto,-0.0013536207684062978,38,2,"[0.5, 0.9038]",52.0
2026-09,bottas,0.020519157494986423,38,2,"[0.5577, 0.8846]",52.0
2026-09,colapinto,0.0021896664282481967,39,2,"[0.4231, 0.9038]",52.0
2026-09,gasly,0.0010608391366576674,38,2,"[0.4423, 0.9231]",52.0
2026-09,hadjar,-0.008757576240671828,38,3,"[0.3654, 0.7308, 0.9038]",52.0
2026-09,hamilton,-0.013225392689861133,39,2,"[0.4423, 0.9231]",52.0
2026-09,hulkenberg,0.00028439769605212537,29,2,"[0.3269, 0.6538]",37.0
2026-09,lawson,-0.002772895039690573,39,2,"[0.5385, 0.9038]",52.0
2026-09,leclerc,-0.016666796490920118,39,2,"[0.4808, 0.9231]",52.0
2026-09,max_verstappen,-0.013375498196451435,39,2,"[0.3269, 0.7308]",47.0
2026-09,norris,-0.01113061054187126,39,3,"[0.5385, 0.7308, 0.9231]",52.0
2026-09,ocon,0.008691559860725534,39,2,"[0.4038, 0.9038]",52.0
2026-09,perez,0.014848165796079596,39,2,"[0.4038, 0.8846]",52.0
2026-09,piastri,-0.006495480352837596,38,3,"[0.0385, 0.6923, 0.9038]",52.0
2026-09,russell,-0.014106752604049996,37,2,"[0.4423, 0.6538]",52.0
2026-09,sainz,0.008804119501142538,39,2,"[0.3846, 0.9231]",52.0
2026-09,stroll,0.03267855400553413,36,2,"[0.3462, 0.8846]",51.0
2026-10,albon,0.007930813296556158,36,1,[0.4091],44.0
2026-10,alonso,0.034014101190071096,30,2,"[0.4318, 0.7045]",42.0
2026-10,antonelli,-0.015152492308982711,35,1,[0.4091],44.0
2026-10,arvid_lindblad,-0.004811678240359809,34,1,[0.3636],44.0
2026-10,bearman,0.00399046866141578,36,2,"[0.0227, 0.4545]",44.0
2026-10,bortoleto,-0.0027220877109418668,36,1,[0.4545],44.0
2026-10,bottas,0.02029857259366902,34,2,"[0.0227, 0.7273]",43.0
2026-10,colapinto,0.0010846805703866094,35,1,[0.3409],44.0
2026-10,gasly,0.0009030269388263606,34,1,[0.3182],44.0
2026-10,hadjar,-0.011335950934016613,36,3,"[0.0227, 0.0455, 0.4545]",44.0
2026-10,hamilton,-0.012460956769329287,36,1,[0.4545],44.0
2026-10,hulkenberg,0.002238591353964271,36,1,[0.4545],44.0
2026-10,lawson,0.001507539966216204,34,1,[0.3409],44.0
2026-10,leclerc,-0.013436102521221877,36,1,[0.4545],44.0
2026-10,max_verstappen,-0.013215358596333509,35,1,[0.3864],44.0
2026-10,norris,-0.012522731827894233,34,1,[0.6818],44.0
2026-10,ocon,0.007158441876045663,35,2,"[0.0227, 0.3636]",44.0
2026-10,perez,,6,3,"[0.0227, 0.2727, 0.2955]",13.0
2026-10,piastri,-0.009744162928614582,36,1,[0.4545],44.0
2026-10,sainz,0.004597607477762036,34,1,[0.3182],44.0
2026-10,stroll,0.029665942058526715,15,2,"[0.3864, 0.5682]",25.0
2026-11,albon,0.01782678061597001,61,2,"[0.3714, 0.7714]",68.0
2026-11,alonso,0.005790072874436984,62,2,"[0.4857, 0.7857]",69.0
2026-11,antonelli,-0.01560794975980355,61,2,"[0.3143, 0.7571]",70.0
2026-11,arvid_lindblad,0.006845369503662238,61,1,[0.2857],69.0
2026-11,bearman,0.016236960489691084,59,2,"[0.3143, 0.6]",68.0
2026-11,bortoleto,0.006706844497854778,62,1,[0.4143],69.0
2026-11,bottas,0.018383516944081735,12,1,[0.2],14.0
2026-11,colapinto,0.008844992914754197,60,2,"[0.2143, 0.5286]",68.0
2026-11,gasly,-0.00023480039836349672,60,3,"[0.2286, 0.5571, 0.7857]",69.0
2026-11,hadjar,-0.010611807836810393,61,2,"[0.2714, 0.6]",70.0
2026-11,hamilton,-0.016532771626901203,61,3,"[0.1857, 0.4286, 0.8]",70.0
2026-11,hulkenberg,0.00012801586073484582,60,2,"[0.2714, 0.5571]",69.0
2026-11,lawson,-0.0009233128324144795,60,2,"[0.3, 0.6]",69.0
2026-11,leclerc,-0.01653123496759219,61,3,"[0.2286, 0.5143, 0.8]",70.0
2026-11,max_verstappen,-0.01567568392110446,61,2,"[0.2, 0.5857]",70.0
2026-11,norris,-0.02037584395662912,62,3,"[0.2429, 0.5571, 0.8]",70.0
2026-11,ocon,0.010061207895786954,59,2,"[0.2429, 0.5]",68.0
2026-11,perez,0.022142087176000684,39,3,"[0.3, 0.6571, 0.6857]",48.0
2026-11,piastri,-0.01702356882085139,48,2,"[0.2286, 0.4714]",56.0
2026-11,russell,-0.010649091207456841,62,2,"[0.3857, 0.7714]",70.0
2026-11,sainz,0.014393876049611513,58,3,"[0.2571, 0.6143, 0.7714]",68.0
2026-11,stroll,0.0045543603545763894,61,2,"[0.1143, 0.5286]",69.0
2026-12,albon,0.010514998698480755,51,4,"[0.0278, 0.3611, 0.6806, 0.9167]",66.0
2026-12,alonso,0.005067469970284951,58,2,"[0.0278, 0.4722]",71.0
2026-12,antonelli,-0.022677731544993765,58,4,"[0.0278, 0.2917, 0.5556, 0.7778]",72.0
2026-12,arvid_lindblad,0.005875782933595297,58,3,"[0.0278, 0.0694, 0.5]",71.0
2026-12,bortoleto,0.0028865561324755355,57,4,"[0.0278, 0.1528, 0.4722, 0.7361]",71.0
2026-12,bottas,0.0204746488369345,47,4,"[0.0278, 0.3889, 0.7083, 0.8472]",61.0
2026-12,colapinto,0.006695837527311038,54,4,"[0.0278, 0.1111, 0.2917, 0.625]",70.0
2026-12,gasly,0.0019473687668003542,56,3,"[0.0278, 0.25, 0.6389]",71.0
2026-12,hamilton,-0.018505850386536078,59,3,"[0.0278, 0.3472, 0.7639]",72.0
2026-12,hulkenberg,-0.0009822430097008014,56,3,"[0.0278, 0.2639, 0.6667]",71.0
2026-12,lawson,-0.009381082726769675,58,3,"[0.0278, 0.2917, 0.6528]",72.0
2026-12,leclerc,-0.022234948129381774,57,4,"[0.0278, 0.2917, 0.5972, 0.7639]",72.0
2026-12,norris,-0.022367845258861013,58,3,"[0.0278, 0.2917, 0.6528]",72.0
2026-12,ocon,0.005673553530955222,43,3,"[0.0278, 0.2222, 0.5]",53.0
2026-12,perez,0.0171564466477697,56,3,"[0.0278, 0.4028, 0.7222]",70.0
2026-12,piastri,-0.018426933174942463,57,4,"[0.0278, 0.25, 0.6111, 0.7639]",72.0
2026-12,russell,-0.019285022185821243,57,3,"[0.0278, 0.2361, 0.5556]",72.0
2026-12,sainz,0.013107582803176763,55,3,"[0.0278, 0.4167, 0.9028]",70.0
2026-12,stroll,0.0064282852380761635,35,4,"[0.0278, 0.2083, 0.4861, 0.625]",45.0
2026-12,tsunoda,0.001977860182545431,55,3,"[0.0278, 0.25, 0.6111]",71.0
2026-13,albon,0.005902506154532748,42,2,"[0.0566, 0.8679]",52.0
2026-13,alonso,0.016607087098623644,16,2,"[0.0566, 0.434]",23.0
2026-13,antonelli,-0.016527980173508705,45,2,"[0.0566, 0.5283]",53.0
2026-13,arvid_lindblad,-0.0002848405202644387,45,1,[0.0566],53.0
2026-13,bearman,0.00733084658328981,46,1,[0.0566],53.0
2026-13,bortoleto,0.003812810319192836,46,1,[0.0566],53.0
2026-13,bottas,0.020839014674813028,40,2,"[0.0566, 0.5094]",51.0
2026-13,colapinto,-0.0011142046731763603,46,1,[0.0566],53.0
2026-13,gasly,-0.004489977981613776,45,1,[0.0566],53.0
2026-13,hamilton,-0.005000633951864021,46,1,[0.0566],53.0
2026-13,hulkenberg,-6.831856890479742e-05,45,2,"[0.0566, 0.5094]",53.0
2026-13,lawson,-0.0027297822383241495,43,2,"[0.0566, 0.2264]",53.0
2026-13,max_verstappen,-0.010995363324549085,46,2,"[0.0566, 0.5283]",53.0
2026-13,norris,-0.007251656897738627,45,1,[0.0566],53.0
2026-13,ocon,0.005850758345430725,45,2,"[0.0566, 0.5094]",52.0
2026-13,perez,0.019585579372682706,44,2,"[0.0566, 0.5094]",52.0
2026-13,piastri,-0.005807690416451514,46,1,[0.0566],53.0
2026-13,russell,-0.01048994963683299,46,1,[0.0566],53.0
2026-13,sainz,0.0017779046926305548,45,2,"[0.0566, 0.5094]",53.0
2026-13,stroll,0.02626283254605654,20,1,[0.0566],27.0
2026-13,tsunoda,0.0025911469297127247,44,1,[0.0566],53.0
2026-14,albon,0.01440570792150589,52,1,[0.2456],56.0
2026-14,alonso,0.015038468161539862,48,2,"[0.2456, 0.6491]",55.0
2026-14,antonelli,-0.01618013420531693,52,1,[0.2456],57.0
2026-14,arvid_lindblad,0.0009374188442325573,52,1,[0.2456],56.0
2026-14,bearman,0.00705391152126195,47,2,"[0.5789, 0.7544]",56.0
2026-14,bortoleto,0.0011515327656457664,50,1,[0.8246],56.0
2026-14,bottas,0.02861728830315895,38,2,"[0.5088, 0.7544]",54.0
2026-14,colapinto,-0.0010210393365349916,53,1,[0.2456],57.0
2026-14,gasly,-0.0007350533684907719,50,1,[0.9649],56.0
2026-14,hamilton,,3,1,[0.1053],6.0
2026-14,hulkenberg,0.001004540516553763,52,1,[0.2456],56.0
2026-14,lawson,-0.005162333426061316,51,1,[0.7719],57.0
2026-14,leclerc,-0.01495832631087316,51,1,[0.8421],57.0
2026-14,max_verstappen,-0.015876924697445158,53,1,[0.2456],57.0
2026-14,norris,-0.01856179075146892,51,1,[0.2632],57.0
2026-14,ocon,0.0018350809582466448,52,1,[0.2456],56.0
2026-14,perez,0.015367193241221712,23,2,"[0.2456, 0.5439]",31.0
2026-14,piastri,-0.004032230769122864,51,1,[0.7368],57.0
2026-14,russell,-0.016772002855538922,51,2,"[0.2456, 0.4912]",57.0
2026-14,sainz,0.02274000006404842,33,3,"[0.4035, 0.5439, 0.7544]",43.0
2026-14,stroll,0.016104870323597403,10,0,[],13.0
2026-14,tsunoda,0.007168230377747985,49,1,[0.6316],56.0
2026-15,albon,0.002419167174203643,25,0,[],30.0
2026-15,alonso,0.022931238382736526,17,1,[0.3922],20.0
2026-15,antonelli,-0.006860317706123988,36,2,"[0.5882, 0.7059]",51.0
2026-15,arvid_lindblad,0.0031249173798674665,36,2,"[0.5882, 0.7059]",51.0
2026-15,bearman,0.001180778859420019,35,2,"[0.5882, 0.7059]",51.0
2026-15,bortoleto,0.004307962233607249,36,2,"[0.5882, 0.7059]",51.0
2026-15,bottas,0.023571539403502144,32,2,"[0.5098, 0.7059]",50.0
2026-15,colapinto,-0.00045394056000718473,26,2,"[0.5882, 0.7059]",36.0
2026-15,gasly,-0.00415593578871077,27,1,[0.5882],36.0
2026-15,hadjar,-0.010016079937417993,37,2,"[0.6078, 0.7059]",51.0
2026-15,hamilton,-0.0052023616092786076,37,2,"[0.6078, 0.7059]",51.0
2026-15,hulkenberg,0.005348982649869204,36,2,"[0.6275, 0.7059]",51.0
2026-15,lawson,0.0023236171626036814,35,2,"[0.6078, 0.7059]",51.0
2026-15,leclerc,-0.008286657790267419,37,2,"[0.6078, 0.7059]",51.0
2026-15,max_verstappen,-0.012470228163840542,37,2,"[0.6078, 0.7059]",51.0
2026-15,norris,-0.0040872323049209605,27,1,[0.5882],36.0
2026-15,ocon,0.0017181953539510035,35,2,"[0.5882, 0.7059]",51.0
2026-15,perez,0.008025306377720485,36,2,"[0.5882, 0.7059]",51.0
2026-15,piastri,-0.007241342298703412,37,2,"[0.6078, 0.7059]",51.0
2026-15,russell,-0.014314598547959516,37,2,"[0.6078, 0.7059]",51.0
2026-15,sainz,0.004235358128608795,34,3,"[0.3922, 0.5882, 0.7059]",51.0
2026-15,stroll,,6,0,[],8.0
