season,round,race_name,date,circuit_id,session,driver_id,driver,constructor_id,constructor,position,position_text,grid,points,laps,status
2014,1,Australian Grand Prix,2014-03-16,albert_park,race,rosberg,Nico Rosberg,mercedes,Mercedes,1,1,3,25,57,Finished
2014,1,Australian Grand Prix,2014-03-16,albert_park,race,kevin_magnussen,Kevin Magnussen,mclaren,McLaren,2,2,4,18,57,Finished
2014,1,Australian Grand Prix,2014-03-16,albert_park,race,button,Jenson Button,mclaren,McLaren,3,3,10,15,57,Finished
2014,1,Australian Grand Prix,2014-03-16,albert_park,race,alonso,Fernando Alonso,ferrari,Ferrari,4,4,5,12,57,Finished
2014,1,Australian Grand Prix,2014-03-16,albert_park,race,bottas,Valtteri Bottas,williams,Williams,5,5,15,10,57,Finished
2014,1,Australian Grand Prix,2014-03-16,albert_park,race,hulkenberg,Nico Hülkenberg,force_india,Force India,6,6,7,8,57,Finished
2014,1,Australian Grand Prix,2014-03-16,albert_park,race,raikkonen,Kimi Räikkönen,ferrari,Ferrari,7,7,11,6,57,Finished
2014,1,Australian Grand Prix,2014-03-16,albert_park,race,vergne,Jean-Éric Vergne,toro_rosso,Toro Rosso,8,8,6,4,57,Finished
2014,1,Australian Grand Prix,2014-03-16,albert_park,race,kvyat,Daniil Kvyat,toro_rosso,Toro Rosso,9,9,8,2,57,Finished
2014,1,Australian Grand Prix,2014-03-16,albert_park,race,perez,Sergio Pérez,force_india,Force India,10,10,16,1,57,Finished
2014,1,Australian Grand Prix,2014-03-16,albert_park,race,sutil,Adrian Sutil,sauber,Sauber,11,11,13,0,56,+1 Lap
2014,1,Australian Grand Prix,2014-03-16,albert_park,race,gutierrez,Esteban Gutiérrez,sauber,Sauber,12,12,20,0,56,+1 Lap
2014,1,Australian Grand Prix,2014-03-16,albert_park,race,chilton,Max Chilton,marussia,Marussia,13,13,17,0,55,+2 Laps
2014,1,Australian Grand Prix,2014-03-16,albert_park,race,jules_bianchi,Jules Bianchi,marussia,Marussia,14,R,18,0,49,+8 Laps
2014,1,Australian Grand Prix,2014-03-16,albert_park,race,grosjean,Romain Grosjean,lotus_f1,Lotus F1,15,R,22,0,43,ERS
2014,1,Australian Grand Prix,2014-03-16,albert_park,race,maldonado,Pastor Maldonado,lotus_f1,Lotus F1,16,R,21,0,29,ERS
2014,1,Australian Grand Prix,2014-03-16,albert_park,race,ericsson,Marcus Ericsson,caterham,Caterham,17,R,19,0,27,Oil pressure
2014,1,Australian Grand Prix,2014-03-16,albert_park,race,vettel,Sebastian Vettel,red_bull,Red Bull,18,R,12,0,3,Engine
2014,1,Australian Grand Prix,2014-03-16,albert_park,race,hamilton,Lewis Hamilton,mercedes,Mercedes,19,R,1,0,2,Engine
2014,1,Australian Grand Prix,2014-03-16,albert_park,race,massa,Felipe Massa,williams,Williams,20,R,9,0,0,Collision
2014,1,Australian Grand Prix,2014-03-16,albert_park,race,kobayashi,Kamui Kobayashi,caterham,Caterham,21,R,14,0,0,Collision
2014,1,Australian Grand Prix,2014-03-16,albert_park,race,ricciardo,Daniel Ricciardo,red_bull,Red Bull,22,D,2,0,57,Disqualified
2014,2,Malaysian Grand Prix,2014-03-30,sepang,race,hamilton,Lewis Hamilton,mercedes,Mercedes,1,1,1,25,56,Finished
2014,2,Malaysian Grand Prix,2014-03-30,sepang,race,rosberg,Nico Rosberg,mercedes,Mercedes,2,2,3,18,56,Finished
2014,2,Malaysian Grand Prix,2014-03-30,sepang,race,vettel,Sebastian Vettel,red_bull,Red Bull,3,3,2,15,56,Finished
2014,2,Malaysian Grand Prix,2014-03-30,sepang,race,alonso,Fernando Alonso,ferrari,Ferrari,4,4,4,12,56,Finished
2014,2,Malaysian Grand Prix,2014-03-30,sepang,race,hulkenberg,Nico Hülkenberg,force_india,Force India,5,5,7,10,56,Finished
2014,2,Malaysian Grand Prix,2014-03-30,sepang,race,button,Jenson Button,mclaren,McLaren,6,6,10,8,56,Finished
2014,2,Malaysian Grand Prix,2014-03-30,sepang,race,massa,Felipe Massa,williams,Williams,7,7,13,6,56,Finished
2014,2,Malaysian Grand Prix,2014-03-30,sepang,race,bottas,Valtteri Bottas,williams,Williams,8,8,18,4,56,Finished
2014,2,Malaysian Grand Prix,2014-03-30,sepang,race,kevin_magnussen,Kevin Magnussen,mclaren,McLaren,9,9,8,2,55,+1 Lap
2014,2,Malaysian Grand Prix,2014-03-30,sepang,race,kvyat,Daniil Kvyat,toro_rosso,Toro Rosso,10,10,11,1,55,+1 Lap
2014,2,Malaysian Grand Prix,2014-03-30,sepang,race,grosjean,Romain Grosjean,lotus_f1,Lotus F1,11,11,15,0,55,+1 Lap
2014,2,Malaysian Grand Prix,2014-03-30,sepang,race,raikkonen,Kimi Räikkönen,ferrari,Ferrari,12,12,6,0,55,+1 Lap
2014,2,Malaysian Grand Prix,2014-03-30,sepang,race,kobayashi,Kamui Kobayashi,caterham,Caterham,13,13,20,0,55,+1 Lap
2014,2,Malaysian Grand Prix,2014-03-30,sepang,race,ericsson,Marcus Ericsson,caterham,Caterham,14,14,22,0,54,+2 Laps
2014,2,Malaysian Grand Prix,2014-03-30,sepang,race,chilton,Max Chilton,marussia,Marussia,15,15,21,0,54,+2 Laps
2014,2,Malaysian Grand Prix,2014-03-30,sepang,race,ricciardo,Daniel Ricciardo,red_bull,Red Bull,16,R,5,0,49,Technical
2014,2,Malaysian Grand Prix,2014-03-30,sepang,race,gutierrez,Esteban Gutiérrez,sauber,Sauber,17,R,12,0,35,Gearbox
2014,2,Malaysian Grand Prix,2014-03-30,sepang,race,sutil,Adrian Sutil,sauber,Sauber,18,R,17,0,32,Electrical
2014,2,Malaysian Grand Prix,2014-03-30,sepang,race,vergne,Jean-Éric Vergne,toro_rosso,Toro Rosso,19,R,9,0,18,Power Unit
2014,2,Malaysian Grand Prix,2014-03-30,sepang,race,jules_bianchi,Jules Bianchi,marussia,Marussia,20,R,19,0,8,Brakes
2014,2,Malaysian Grand Prix,2014-03-30,sepang,race,maldonado,Pastor Maldonado,lotus_f1,Lotus F1,21,R,16,0,7,Engine
2014,2,Malaysian Grand Prix,2014-03-30,sepang,race,perez,Sergio Pérez,force_india,Force India,22,W,14,0,0,Withdrew
2014,3,Bahrain Grand Prix,2014-04-06,bahrain,race,hamilton,Lewis Hamilton,mercedes,Mercedes,1,1,2,25,57,Finished
2014,3,Bahrain Grand Prix,2014-04-06,bahrain,race,rosberg,Nico Rosberg,mercedes,Mercedes,2,2,1,18,57,Finished
2014,3,Bahrain Grand Prix,2014-04-06,bahrain,race,perez,Sergio Pérez,force_india,Force India,3,3,4,15,57,Finished
2014,3,Bahrain Grand Prix,2014-04-06,bahrain,race,ricciardo,Daniel Ricciardo,red_bull,Red Bull,4,4,13,12,57,Finished
2014,3,Bahrain Grand Prix,2014-04-06,bahrain,race,hulkenberg,Nico Hülkenberg,force_india,Force India,5,5,11,10,57,Finished
2014,3,Bahrain Grand Prix,2014-04-06,bahrain,race,vettel,Sebastian Vettel,red_bull,Red Bull,6,6,10,8,57,Finished
2014,3,Bahrain Grand Prix,2014-04-06,bahrain,race,massa,Felipe Massa,williams,Williams,7,7,7,6,57,Finished
2014,3,Bahrain Grand Prix,2014-04-06,bahrain,race,bottas,Valtteri Bottas,williams,Williams,8,8,3,4,57,Finished
2014,3,Bahrain Grand Prix,2014-04-06,bahrain,race,alonso,Fernando Alonso,ferrari,Ferrari,9,9,9,2,57,Finished
2014,3,Bahrain Grand Prix,2014-04-06,bahrain,race,raikkonen,Kimi Räikkönen,ferrari,Ferrari,10,10,5,1,57,Finished
2014,3,Bahrain Grand Prix,2014-04-06,bahrain,race,kvyat,Daniil Kvyat,toro_rosso,Toro Rosso,11,11,12,0,57,Finished
2014,3,Bahrain Grand Prix,2014-04-06,bahrain,race,grosjean,Romain Grosjean,lotus_f1,Lotus F1,12,12,16,0,57,Finished
2014,3,Bahrain Grand Prix,2014-04-06,bahrain,race,chilton,Max Chilton,marussia,Marussia,13,13,21,0,57,Finished
2014,3,Bahrain Grand Prix,2014-04-06,bahrain,race,maldonado,Pastor Maldonado,lotus_f1,Lotus F1,14,14,17,0,57,Finished
2014,3,Bahrain Grand Prix,2014-04-06,bahrain,race,kobayashi,Kamui Kobayashi,caterham,Caterham,15,15,18,0,57,Finished
2014,3,Bahrain Grand Prix,2014-04-06,bahrain,race,jules_bianchi,Jules Bianchi,marussia,Marussia,16,16,19,0,56,+1 Lap
2014,3,Bahrain Grand Prix,2014-04-06,bahrain,race,button,Jenson Button,mclaren,McLaren,17,17,6,0,55,Clutch
2014,3,Bahrain Grand Prix,2014-04-06,bahrain,race,kevin_magnussen,Kevin Magnussen,mclaren,McLaren,18,R,8,0,40,Clutch
2014,3,Bahrain Grand Prix,2014-04-06,bahrain,race,gutierrez,Esteban Gutiérrez,sauber,Sauber,19,R,15,0,39,Collision
2014,3,Bahrain Grand Prix,2014-04-06,bahrain,race,ericsson,Marcus Ericsson,caterham,Caterham,20,R,20,0,33,Retired
2014,3,Bahrain Grand Prix,2014-04-06,bahrain,race,vergne,Jean-Éric Vergne,toro_rosso,Toro Rosso,21,R,14,0,18,Retired
2014,3,Bahrain Grand Prix,2014-04-06,bahrain,race,sutil,Adrian Sutil,sauber,Sauber,22,R,22,0,17,Collision
2014,4,Chinese Grand Prix,2014-04-20,shanghai,race,hamilton,Lewis Hamilton,mercedes,Mercedes,1,1,1,25,54,Finished
2014,4,Chinese Grand Prix,2014-04-20,shanghai,race,rosberg,Nico Rosberg,mercedes,Mercedes,2,2,4,18,54,Finished
2014,4,Chinese Grand Prix,2014-04-20,shanghai,race,alonso,Fernando Alonso,ferrari,Ferrari,3,3,5,15,54,Finished
2014,4,Chinese Grand Prix,2014-04-20,shanghai,race,ricciardo,Daniel Ricciardo,red_bull,Red Bull,4,4,2,12,54,Finished
2014,4,Chinese Grand Prix,2014-04-20,shanghai,race,vettel,Sebastian Vettel,red_bull,Red Bull,5,5,3,10,54,Finished
2014,4,Chinese Grand Prix,2014-04-20,shanghai,race,hulkenberg,Nico Hülkenberg,force_india,Force India,6,6,8,8,54,Finished
2014,4,Chinese Grand Prix,2014-04-20,shanghai,race,bottas,Valtteri Bottas,williams,Williams,7,7,7,6,54,Finished
2014,4,Chinese Grand Prix,2014-04-20,shanghai,race,raikkonen,Kimi Räikkönen,ferrari,Ferrari,8,8,11,4,54,Finished
2014,4,Chinese Grand Prix,2014-04-20,shanghai,race,perez,Sergio Pérez,force_india,Force India,9,9,16,2,54,Finished
2014,4,Chinese Grand Prix,2014-04-20,shanghai,race,kvyat,Daniil Kvyat,toro_rosso,Toro Rosso,10,10,13,1,53,+1 Lap
2014,4,Chinese Grand Prix,2014-04-20,shanghai,race,button,Jenson Button,mclaren,McLaren,11,11,12,0,53,+1 Lap
2014,4,Chinese Grand Prix,2014-04-20,shanghai,race,vergne,Jean-Éric Vergne,toro_rosso,Toro Rosso,12,12,9,0,53,+1 Lap
2014,4,Chinese Grand Prix,2014-04-20,shanghai,race,kevin_magnussen,Kevin Magnussen,mclaren,McLaren,13,13,15,0,53,+1 Lap
2014,4,Chinese Grand Prix,2014-04-20,shanghai,race,maldonado,Pastor Maldonado,lotus_f1,Lotus F1,14,14,22,0,53,+1 Lap
2014,4,Chinese Grand Prix,2014-04-20,shanghai,race,massa,Felipe Massa,williams,Williams,15,15,6,0,53,+1 Lap
2014,4,Chinese Grand Prix,2014-04-20,shanghai,race,gutierrez,Esteban Gutiérrez,sauber,Sauber,16,16,17,0,53,+1 Lap
2014,4,Chinese Grand Prix,2014-04-20,shanghai,race,jules_bianchi,Jules Bianchi,marussia,Marussia,17,17,19,0,53,+1 Lap
2014,4,Chinese Grand Prix,2014-04-20,shanghai,race,kobayashi,Kamui Kobayashi,caterham,Caterham,18,18,18,0,53,+1 Lap
2014,4,Chinese Grand Prix,2014-04-20,shanghai,race,chilton,Max Chilton,marussia,Marussia,19,19,21,0,52,+2 Laps
2014,4,Chinese Grand Prix,2014-04-20,shanghai,race,ericsson,Marcus Ericsson,caterham,Caterham,20,20,20,0,52,+2 Laps
2014,4,Chinese Grand Prix,2014-04-20,shanghai,race,grosjean,Romain Grosjean,lotus_f1,Lotus F1,21,R,10,0,28,Gearbox
2014,4,Chinese Grand Prix,2014-04-20,shanghai,race,sutil,Adrian Sutil,sauber,Sauber,22,R,14,0,5,Engine
2014,5,Spanish Grand Prix,2014-05-11,catalunya,race,hamilton,Lewis Hamilton,mercedes,Mercedes,1,1,1,25,66,Finished
2014,5,Spanish Grand Prix,2014-05-11,catalunya,race,rosberg,Nico Rosberg,mercedes,Mercedes,2,2,2,18,66,Finished
2014,5,Spanish Grand Prix,2014-05-11,catalunya,race,ricciardo,Daniel Ricciardo,red_bull,Red Bull,3,3,3,15,66,Finished
2014,5,Spanish Grand Prix,2014-05-11,catalunya,race,vettel,Sebastian Vettel,red_bull,Red Bull,4,4,15,12,66,Finished
2014,5,Spanish Grand Prix,2014-05-11,catalunya,race,bottas,Valtteri Bottas,williams,Williams,5,5,4,10,66,Finished
2014,5,Spanish Grand Prix,2014-05-11,catalunya,race,alonso,Fernando Alonso,ferrari,Ferrari,6,6,7,8,66,Finished
2014,5,Spanish Grand Prix,2014-05-11,catalunya,race,raikkonen,Kimi Räikkönen,ferrari,Ferrari,7,7,6,6,65,+1 Lap
2014,5,Spanish Grand Prix,2014-05-11,catalunya,race,grosjean,Romain Grosjean,lotus_f1,Lotus F1,8,8,5,4,65,+1 Lap
2014,5,Spanish Grand Prix,2014-05-11,catalunya,race,perez,Sergio Pérez,force_india,Force India,9,9,11,2,65,+1 Lap
2014,5,Spanish Grand Prix,2014-05-11,catalunya,race,hulkenberg,Nico Hülkenberg,force_india,Force India,10,10,10,1,65,+1 Lap
2014,5,Spanish Grand Prix,2014-05-11,catalunya,race,button,Jenson Button,mclaren,McLaren,11,11,8,0,65,+1 Lap
2014,5,Spanish Grand Prix,2014-05-11,catalunya,race,kevin_magnussen,Kevin Magnussen,mclaren,McLaren,12,12,14,0,65,+1 Lap
2014,5,Spanish Grand Prix,2014-05-11,catalunya,race,massa,Felipe Massa,williams,Williams,13,13,9,0,65,+1 Lap
2014,5,Spanish Grand Prix,2014-05-11,catalunya,race,kvyat,Daniil Kvyat,toro_rosso,Toro Rosso,14,14,12,0,65,+1 Lap
2014,5,Spanish Grand Prix,2014-05-11,catalunya,race,maldonado,Pastor Maldonado,lotus_f1,Lotus F1,15,15,22,0,65,+1 Lap
2014,5,Spanish Grand Prix,2014-05-11,catalunya,race,gutierrez,Esteban Gutiérrez,sauber,Sauber,16,16,13,0,65,+1 Lap
2014,5,Spanish Grand Prix,2014-05-11,catalunya,race,sutil,Adrian Sutil,sauber,Sauber,17,17,16,0,65,+1 Lap
2014,5,Spanish Grand Prix,2014-05-11,catalunya,race,jules_bianchi,Jules Bianchi,marussia,Marussia,18,18,18,0,64,+2 Laps
2014,5,Spanish Grand Prix,2014-05-11,catalunya,race,chilton,Max Chilton,marussia,Marussia,19,19,17,0,64,+2 Laps
2014,5,Spanish Grand Prix,2014-05-11,catalunya,race,ericsson,Marcus Ericsson,caterham,Caterham,20,20,19,0,64,+2 Laps
2014,5,Spanish Grand Prix,2014-05-11,catalunya,race,kobayashi,Kamui Kobayashi,caterham,Caterham,21,R,20,0,34,Brakes
2014,5,Spanish Grand Prix,2014-05-11,catalunya,race,vergne,Jean-Éric Vergne,toro_rosso,Toro Rosso,22,R,21,0,24,Exhaust
2014,6,Monaco Grand Prix,2014-05-25,monaco,race,rosberg,Nico Rosberg,mercedes,Mercedes,1,1,1,25,78,Finished
2014,6,Monaco Grand Prix,2014-05-25,monaco,race,hamilton,Lewis Hamilton,mercedes,Mercedes,2,2,2,18,78,Finished
2014,6,Monaco Grand Prix,2014-05-25,monaco,race,ricciardo,Daniel Ricciardo,red_bull,Red Bull,3,3,3,15,78,Finished
2014,6,Monaco Grand Prix,2014-05-25,monaco,race,alonso,Fernando Alonso,ferrari,Ferrari,4,4,5,12,78,Finished
2014,6,Monaco Grand Prix,2014-05-25,monaco,race,hulkenberg,Nico Hülkenberg,force_india,Force India,5,5,11,10,77,+1 Lap
2014,6,Monaco Grand Prix,2014-05-25,monaco,race,button,Jenson Button,mclaren,McLaren,6,6,12,8,77,+1 Lap
2014,6,Monaco Grand Prix,2014-05-25,monaco,race,massa,Felipe Massa,williams,Williams,7,7,16,6,77,+1 Lap
2014,6,Monaco Grand Prix,2014-05-25,monaco,race,grosjean,Romain Grosjean,lotus_f1,Lotus F1,8,8,14,4,77,+1 Lap
2014,6,Monaco Grand Prix,2014-05-25,monaco,race,jules_bianchi,Jules Bianchi,marussia,Marussia,9,9,21,2,77,+1 Lap
2014,6,Monaco Grand Prix,2014-05-25,monaco,race,kevin_magnussen,Kevin Magnussen,mclaren,McLaren,10,10,8,1,77,+1 Lap
2014,6,Monaco Grand Prix,2014-05-25,monaco,race,ericsson,Marcus Ericsson,caterham,Caterham,11,11,22,0,77,+1 Lap
2014,6,Monaco Grand Prix,2014-05-25,monaco,race,raikkonen,Kimi Räikkönen,ferrari,Ferrari,12,12,6,0,77,+1 Lap
2014,6,Monaco Grand Prix,2014-05-25,monaco,race,kobayashi,Kamui Kobayashi,caterham,Caterham,13,13,20,0,75,+2 Laps
2014,6,Monaco Grand Prix,2014-05-25,monaco,race,chilton,Max Chilton,marussia,Marussia,14,14,19,0,75,+3 Laps
2014,6,Monaco Grand Prix,2014-05-25,monaco,race,gutierrez,Esteban Gutiérrez,sauber,Sauber,15,R,17,0,59,Accident
2014,6,Monaco Grand Prix,2014-05-25,monaco,race,bottas,Valtteri Bottas,williams,Williams,16,R,13,0,55,Engine
2014,6,Monaco Grand Prix,2014-05-25,monaco,race,vergne,Jean-Éric Vergne,toro_rosso,Toro Rosso,17,R,7,0,50,Engine
2014,6,Monaco Grand Prix,2014-05-25,monaco,race,sutil,Adrian Sutil,sauber,Sauber,18,R,18,0,23,Accident
2014,6,Monaco Grand Prix,2014-05-25,monaco,race,kvyat,Daniil Kvyat,toro_rosso,Toro Rosso,19,R,9,0,10,Mechanical
2014,6,Monaco Grand Prix,2014-05-25,monaco,race,vettel,Sebastian Vettel,red_bull,Red Bull,20,R,4,0,5,Turbo
2014,6,Monaco Grand Prix,2014-05-25,monaco,race,perez,Sergio Pérez,force_india,Force India,21,R,10,0,0,Collision
2014,6,Monaco Grand Prix,2014-05-25,monaco,race,maldonado,Pastor Maldonado,lotus_f1,Lotus F1,22,W,15,0,0,Withdrew
2014,7,Canadian Grand Prix,2014-06-08,villeneuve,race,ricciardo,Daniel Ricciardo,red_bull,Red Bull,1,1,6,25,70,Finished
2014,7,Canadian Grand Prix,2014-06-08,villeneuve,race,rosberg,Nico Rosberg,mercedes,Mercedes,2,2,1,18,70,Finished
2014,7,Canadian Grand Prix,2014-06-08,villeneuve,race,vettel,Sebastian Vettel,red_bull,Red Bull,3,3,3,15,70,Finished
2014,7,Canadian Grand Prix,2014-06-08,villeneuve,race,button,Jenson Button,mclaren,McLaren,4,4,9,12,70,Finished
2014,7,Canadian Grand Prix,2014-06-08,villeneuve,race,hulkenberg,Nico Hülkenberg,force_india,Force India,5,5,11,10,70,Finished
2014,7,Canadian Grand Prix,2014-06-08,villeneuve,race,alonso,Fernando Alonso,ferrari,Ferrari,6,6,7,8,70,Finished
2014,7,Canadian Grand Prix,2014-06-08,villeneuve,race,bottas,Valtteri Bottas,williams,Williams,7,7,4,6,70,Finished
2014,7,Canadian Grand Prix,2014-06-08,villeneuve,race,vergne,Jean-Éric Vergne,toro_rosso,Toro Rosso,8,8,8,4,70,Finished
2014,7,Canadian Grand Prix,2014-06-08,villeneuve,race,kevin_magnussen,Kevin Magnussen,mclaren,McLaren,9,9,12,2,70,Finished
2014,7,Canadian Grand Prix,2014-06-08,villeneuve,race,raikkonen,Kimi Räikkönen,ferrari,Ferrari,10,10,10,1,70,Finished
2014,7,Canadian Grand Prix,2014-06-08,villeneuve,race,perez,Sergio Pérez,force_india,Force India,11,11,13,0,69,Collision
2014,7,Canadian Grand Prix,2014-06-08,villeneuve,race,massa,Felipe Massa,williams,Williams,12,12,5,0,69,Collision
2014,7,Canadian Grand Prix,2014-06-08,villeneuve,race,sutil,Adrian Sutil,sauber,Sauber,13,13,16,0,69,+1 Lap
2014,7,Canadian Grand Prix,2014-06-08,villeneuve,race,gutierrez,Esteban Gutiérrez,sauber,Sauber,14,14,22,0,64,ERS
2014,7,Canadian Grand Prix,2014-06-08,villeneuve,race,grosjean,Romain Grosjean,lotus_f1,Lotus F1,15,R,14,0,59,Rear wing
2014,7,Canadian Grand Prix,2014-06-08,villeneuve,race,kvyat,Daniil Kvyat,toro_rosso,Toro Rosso,16,R,15,0,47,Drivetrain
2014,7,Canadian Grand Prix,2014-06-08,villeneuve,race,hamilton,Lewis Hamilton,mercedes,Mercedes,17,R,2,0,46,Brakes
2014,7,Canadian Grand Prix,2014-06-08,villeneuve,race,kobayashi,Kamui Kobayashi,caterham,Caterham,18,R,21,0,23,Suspension
2014,7,Canadian Grand Prix,2014-06-08,villeneuve,race,maldonado,Pastor Maldonado,lotus_f1,Lotus F1,19,R,17,0,21,Power Unit
2014,7,Canadian Grand Prix,2014-06-08,villeneuve,race,ericsson,Marcus Ericsson,caterham,Caterham,20,R,20,0,7,Turbo
2014,7,Canadian Grand Prix,2014-06-08,villeneuve,race,chilton,Max Chilton,marussia,Marussia,21,R,18,0,0,Collision
2014,7,Canadian Grand Prix,2014-06-08,villeneuve,race,jules_bianchi,Jules Bianchi,marussia,Marussia,22,R,19,0,0,Collision
2014,8,Austrian Grand Prix,2014-06-22,red_bull_ring,race,rosberg,Nico Rosberg,mercedes,Mercedes,1,1,3,25,71,Finished
2014,8,Austrian Grand Prix,2014-06-22,red_bull_ring,race,hamilton,Lewis Hamilton,mercedes,Mercedes,2,2,9,18,71,Finished
2014,8,Austrian Grand Prix,2014-06-22,red_bull_ring,race,bottas,Valtteri Bottas,williams,Williams,3,3,2,15,71,Finished
2014,8,Austrian Grand Prix,2014-06-22,red_bull_ring,race,massa,Felipe Massa,williams,Williams,4,4,1,12,71,Finished
2014,8,Austrian Grand Prix,2014-06-22,red_bull_ring,race,alonso,Fernando Alonso,ferrari,Ferrari,5,5,4,10,71,Finished
2014,8,Austrian Grand Prix,2014-06-22,red_bull_ring,race,perez,Sergio Pérez,force_india,Force India,6,6,15,8,71,Finished
2014,8,Austrian Grand Prix,2014-06-22,red_bull_ring,race,kevin_magnussen,Kevin Magnussen,mclaren,McLaren,7,7,6,6,71,Finished
2014,8,Austrian Grand Prix,2014-06-22,red_bull_ring,race,ricciardo,Daniel Ricciardo,red_bull,Red Bull,8,8,5,4,71,Finished
2014,8,Austrian Grand Prix,2014-06-22,red_bull_ring,race,hulkenberg,Nico Hülkenberg,force_india,Force India,9,9,10,2,71,Finished
2014,8,Austrian Grand Prix,2014-06-22,red_bull_ring,race,raikkonen,Kimi Räikkönen,ferrari,Ferrari,10,10,8,1,71,Finished
2014,8,Austrian Grand Prix,2014-06-22,red_bull_ring,race,button,Jenson Button,mclaren,McLaren,11,11,11,0,71,Finished
2014,8,Austrian Grand Prix,2014-06-22,red_bull_ring,race,maldonado,Pastor Maldonado,lotus_f1,Lotus F1,12,12,13,0,70,+1 Lap
2014,8,Austrian Grand Prix,2014-06-22,red_bull_ring,race,sutil,Adrian Sutil,sauber,Sauber,13,13,16,0,70,+1 Lap
2014,8,Austrian Grand Prix,2014-06-22,red_bull_ring,race,grosjean,Romain Grosjean,lotus_f1,Lotus F1,14,14,22,0,70,+1 Lap
2014,8,Austrian Grand Prix,2014-06-22,red_bull_ring,race,jules_bianchi,Jules Bianchi,marussia,Marussia,15,15,18,0,69,+2 Laps
2014,8,Austrian Grand Prix,2014-06-22,red_bull_ring,race,kobayashi,Kamui Kobayashi,caterham,Caterham,16,16,19,0,69,+2 Laps
2014,8,Austrian Grand Prix,2014-06-22,red_bull_ring,race,chilton,Max Chilton,marussia,Marussia,17,17,21,0,69,+2 Laps
2014,8,Austrian Grand Prix,2014-06-22,red_bull_ring,race,ericsson,Marcus Ericsson,caterham,Caterham,18,18,20,0,69,+2 Laps
2014,8,Austrian Grand Prix,2014-06-22,red_bull_ring,race,gutierrez,Esteban Gutiérrez,sauber,Sauber,19,19,17,0,69,+2 Laps
2014,8,Austrian Grand Prix,2014-06-22,red_bull_ring,race,vergne,Jean-Éric Vergne,toro_rosso,Toro Rosso,20,R,14,0,59,Brakes
2014,8,Austrian Grand Prix,2014-06-22,red_bull_ring,race,vettel,Sebastian Vettel,red_bull,Red Bull,21,R,12,0,34,Electrical
2014,8,Austrian Grand Prix,2014-06-22,red_bull_ring,race,kvyat,Daniil Kvyat,toro_rosso,Toro Rosso,22,R,7,0,24,Suspension
2014,9,British Grand Prix,2014-07-06,silverstone,race,hamilton,Lewis Hamilton,mercedes,Mercedes,1,1,6,25,52,Finished
2014,9,British Grand Prix,2014-07-06,silverstone,race,bottas,Valtteri Bottas,williams,Williams,2,2,14,18,52,Finished
2014,9,British Grand Prix,2014-07-06,silverstone,race,ricciardo,Daniel Ricciardo,red_bull,Red Bull,3,3,8,15,52,Finished
2014,9,British Grand Prix,2014-07-06,silverstone,race,button,Jenson Button,mclaren,McLaren,4,4,3,12,52,Finished
2014,9,British Grand Prix,2014-07-06,silverstone,race,vettel,Sebastian Vettel,red_bull,Red Bull,5,5,2,10,52,Finished
2014,9,British Grand Prix,2014-07-06,silverstone,race,alonso,Fernando Alonso,ferrari,Ferrari,6,6,16,8,52,Finished
2014,9,British Grand Prix,2014-07-06,silverstone,race,kevin_magnussen,Kevin Magnussen,mclaren,McLaren,7,7,5,6,52,Finished
2014,9,British Grand Prix,2014-07-06,silverstone,race,hulkenberg,Nico Hülkenberg,force_india,Force India,8,8,4,4,52,Finished
2014,9,British Grand Prix,2014-07-06,silverstone,race,kvyat,Daniil Kvyat,toro_rosso,Toro Rosso,9,9,9,2,52,Finished
2014,9,British Grand Prix,2014-07-06,silverstone,race,vergne,Jean-Éric Vergne,toro_rosso,Toro Rosso,10,10,10,1,51,+1 Lap
2014,9,British Grand Prix,2014-07-06,silverstone,race,perez,Sergio Pérez,force_india,Force India,11,11,7,0,51,+1 Lap
2014,9,British Grand Prix,2014-07-06,silverstone,race,grosjean,Romain Grosjean,lotus_f1,Lotus F1,12,12,11,0,51,+1 Lap
2014,9,British Grand Prix,2014-07-06,silverstone,race,sutil,Adrian Sutil,sauber,Sauber,13,13,13,0,51,+1 Lap
2014,9,British Grand Prix,2014-07-06,silverstone,race,jules_bianchi,Jules Bianchi,marussia,Marussia,14,14,12,0,51,+1 Lap
2014,9,British Grand Prix,2014-07-06,silverstone,race,kobayashi,Kamui Kobayashi,caterham,Caterham,15,15,22,0,50,+2 Laps
2014,9,British Grand Prix,2014-07-06,silverstone,race,chilton,Max Chilton,marussia,Marussia,16,16,17,0,50,+2 Laps
2014,9,British Grand Prix,2014-07-06,silverstone,race,maldonado,Pastor Maldonado,lotus_f1,Lotus F1,17,17,20,0,49,+3 Laps
2014,9,British Grand Prix,2014-07-06,silverstone,race,rosberg,Nico Rosberg,mercedes,Mercedes,18,R,1,0,28,Gearbox
2014,9,British Grand Prix,2014-07-06,silverstone,race,ericsson,Marcus Ericsson,caterham,Caterham,19,R,21,0,11,Suspension
2014,9,British Grand Prix,2014-07-06,silverstone,race,gutierrez,Esteban Gutiérrez,sauber,Sauber,20,R,19,0,9,Collision
2014,9,British Grand Prix,2014-07-06,silverstone,race,massa,Felipe Massa,williams,Williams,21,R,15,0,0,Collision
2014,9,British Grand Prix,2014-07-06,silverstone,race,raikkonen,Kimi Räikkönen,ferrari,Ferrari,22,R,18,0,0,Collision
2014,10,German Grand Prix,2014-07-20,hockenheimring,race,rosberg,Nico Rosberg,mercedes,Mercedes,1,1,1,25,67,Finished
2014,10,German Grand Prix,2014-07-20,hockenheimring,race,bottas,Valtteri Bottas,williams,Williams,2,2,2,18,67,Finished
2014,10,German Grand Prix,2014-07-20,hockenheimring,race,hamilton,Lewis Hamilton,mercedes,Mercedes,3,3,20,15,67,Finished
2014,10,German Grand Prix,2014-07-20,hockenheimring,race,vettel,Sebastian Vettel,red_bull,Red Bull,4,4,6,12,67,Finished
2014,10,German Grand Prix,2014-07-20,hockenheimring,race,alonso,Fernando Alonso,ferrari,Ferrari,5,5,7,10,67,Finished
2014,10,German Grand Prix,2014-07-20,hockenheimring,race,ricciardo,Daniel Ricciardo,red_bull,Red Bull,6,6,5,8,67,Finished
2014,10,German Grand Prix,2014-07-20,hockenheimring,race,hulkenberg,Nico Hülkenberg,force_india,Force India,7,7,9,6,67,Finished
2014,10,German Grand Prix,2014-07-20,hockenheimring,race,button,Jenson Button,mclaren,McLaren,8,8,11,4,67,Finished
2014,10,German Grand Prix,2014-07-20,hockenheimring,race,kevin_magnussen,Kevin Magnussen,mclaren,McLaren,9,9,4,2,66,+1 Lap
2014,10,German Grand Prix,2014-07-20,hockenheimring,race,perez,Sergio Pérez,force_india,Force India,10,10,10,1,66,+1 Lap
2014,10,German Grand Prix,2014-07-20,hockenheimring,race,raikkonen,Kimi Räikkönen,ferrari,Ferrari,11,11,12,0,66,+1 Lap
2014,10,German Grand Prix,2014-07-20,hockenheimring,race,maldonado,Pastor Maldonado,lotus_f1,Lotus F1,12,12,18,0,66,+1 Lap
2014,10,German Grand Prix,2014-07-20,hockenheimring,race,vergne,Jean-Éric Vergne,toro_rosso,Toro Rosso,13,13,13,0,66,+1 Lap
2014,10,German Grand Prix,2014-07-20,hockenheimring,race,gutierrez,Esteban Gutiérrez,sauber,Sauber,14,14,16,0,66,+1 Lap
2014,10,German Grand Prix,2014-07-20,hockenheimring,race,jules_bianchi,Jules Bianchi,marussia,Marussia,15,15,17,0,66,+1 Lap
2014,10,German Grand Prix,2014-07-20,hockenheimring,race,kobayashi,Kamui Kobayashi,caterham,Caterham,16,16,19,0,65,+2 Laps
2014,10,German Grand Prix,2014-07-20,hockenheimring,race,chilton,Max Chilton,marussia,Marussia,17,17,21,0,65,+2 Laps
2014,10,German Grand Prix,2014-07-20,hockenheimring,race,ericsson,Marcus Ericsson,caterham,Caterham,18,18,22,0,65,+2 Laps
2014,10,German Grand Prix,2014-07-20,hockenheimring,race,sutil,Adrian Sutil,sauber,Sauber,19,R,15,0,47,Brakes
2014,10,German Grand Prix,2014-07-20,hockenheimring,race,kvyat,Daniil Kvyat,toro_rosso,Toro Rosso,20,R,8,0,44,Oil leak
2014,10,German Grand Prix,2014-07-20,hockenheimring,race,grosjean,Romain Grosjean,lotus_f1,Lotus F1,21,R,14,0,26,Water leak
2014,10,German Grand Prix,2014-07-20,hockenheimring,race,massa,Felipe Massa,williams,Williams,22,R,3,0,0,Collision
2014,11,Hungarian Grand Prix,2014-07-27,hungaroring,race,ricciardo,Daniel Ricciardo,red_bull,Red Bull,1,1,4,25,70,Finished
2014,11,Hungarian Grand Prix,2014-07-27,hungaroring,race,alonso,Fernando Alonso,ferrari,Ferrari,2,2,5,18,70,Finished
2014,11,Hungarian Grand Prix,2014-07-27,hungaroring,race,hamilton,Lewis Hamilton,mercedes,Mercedes,3,3,22,15,70,Finished
2014,11,Hungarian Grand Prix,2014-07-27,hungaroring,race,rosberg,Nico Rosberg,mercedes,Mercedes,4,4,1,12,70,Finished
2014,11,Hungarian Grand Prix,2014-07-27,hungaroring,race,massa,Felipe Massa,williams,Williams,5,5,6,10,70,Finished
2014,11,Hungarian Grand Prix,2014-07-27,hungaroring,race,raikkonen,Kimi Räikkönen,ferrari,Ferrari,6,6,16,8,70,Finished
2014,11,Hungarian Grand Prix,2014-07-27,hungaroring,race,vettel,Sebastian Vettel,red_bull,Red Bull,7,7,2,6,70,Finished
2014,11,Hungarian Grand Prix,2014-07-27,hungaroring,race,bottas,Valtteri Bottas,williams,Williams,8,8,3,4,70,Finished
2014,11,Hungarian Grand Prix,2014-07-27,hungaroring,race,vergne,Jean-Éric Vergne,toro_rosso,Toro Rosso,9,9,8,2,70,Finished
2014,11,Hungarian Grand Prix,2014-07-27,hungaroring,race,button,Jenson Button,mclaren,McLaren,10,10,7,1,70,Finished
2014,11,Hungarian Grand Prix,2014-07-27,hungaroring,race,sutil,Adrian Sutil,sauber,Sauber,11,11,11,0,70,Finished
2014,11,Hungarian Grand Prix,2014-07-27,hungaroring,race,kevin_magnussen,Kevin Magnussen,mclaren,McLaren,12,12,21,0,70,Finished
2014,11,Hungarian Grand Prix,2014-07-27,hungaroring,race,maldonado,Pastor Maldonado,lotus_f1,Lotus F1,13,13,20,0,70,Finished
2014,11,Hungarian Grand Prix,2014-07-27,hungaroring,race,kvyat,Daniil Kvyat,toro_rosso,Toro Rosso,14,14,10,0,69,+1 Lap
2014,11,Hungarian Grand Prix,2014-07-27,hungaroring,race,jules_bianchi,Jules Bianchi,marussia,Marussia,15,15,15,0,69,+1 Lap
2014,11,Hungarian Grand Prix,2014-07-27,hungaroring,race,chilton,Max Chilton,marussia,Marussia,16,16,18,0,69,+1 Lap
2014,11,Hungarian Grand Prix,2014-07-27,hungaroring,race,gutierrez,Esteban Gutiérrez,sauber,Sauber,17,R,13,0,33,Retired
2014,11,Hungarian Grand Prix,2014-07-27,hungaroring,race,kobayashi,Kamui Kobayashi,caterham,Caterham,18,R,17,0,26,Retired
2014,11,Hungarian Grand Prix,2014-07-27,hungaroring,race,perez,Sergio Pérez,force_india,Force India,19,R,12,0,23,Accident
2014,11,Hungarian Grand Prix,2014-07-27,hungaroring,race,hulkenberg,Nico Hülkenberg,force_india,Force India,20,R,9,0,16,Accident
2014,11,Hungarian Grand Prix,2014-07-27,hungaroring,race,grosjean,Romain Grosjean,lotus_f1,Lotus F1,21,R,14,0,11,Accident
2014,11,Hungarian Grand Prix,2014-07-27,hungaroring,race,ericsson,Marcus Ericsson,caterham,Caterham,22,R,19,0,8,Accident
2014,12,Belgian Grand Prix,2014-08-24,spa,race,ricciardo,Daniel Ricciardo,red_bull,Red Bull,1,1,5,25,44,Finished
2014,12,Belgian Grand Prix,2014-08-24,spa,race,rosberg,Nico Rosberg,mercedes,Mercedes,2,2,1,18,44,Finished
2014,12,Belgian Grand Prix,2014-08-24,spa,race,bottas,Valtteri Bottas,williams,Williams,3,3,6,15,44,Finished
2014,12,Belgian Grand Prix,2014-08-24,spa,race,raikkonen,Kimi Räikkönen,ferrari,Ferrari,4,4,8,12,44,Finished
2014,12,Belgian Grand Prix,2014-08-24,spa,race,vettel,Sebastian Vettel,red_bull,Red Bull,5,5,3,10,44,Finished
2014,12,Belgian Grand Prix,2014-08-24,spa,race,button,Jenson Button,mclaren,McLaren,6,6,10,8,44,Finished
2014,12,Belgian Grand Prix,2014-08-24,spa,race,alonso,Fernando Alonso,ferrari,Ferrari,7,7,4,6,44,Finished
2014,12,Belgian Grand Prix,2014-08-24,spa,race,perez,Sergio Pérez,force_india,Force India,8,8,13,4,44,Finished
2014,12,Belgian Grand Prix,2014-08-24,spa,race,kvyat,Daniil Kvyat,toro_rosso,Toro Rosso,9,9,11,2,44,Finished
2014,12,Belgian Grand Prix,2014-08-24,spa,race,hulkenberg,Nico Hülkenberg,force_india,Force India,10,10,18,1,44,Finished
2014,12,Belgian Grand Prix,2014-08-24,spa,race,vergne,Jean-Éric Vergne,toro_rosso,Toro Rosso,11,11,12,0,44,Finished
2014,12,Belgian Grand Prix,2014-08-24,spa,race,kevin_magnussen,Kevin Magnussen,mclaren,McLaren,12,12,7,0,44,Finished
2014,12,Belgian Grand Prix,2014-08-24,spa,race,massa,Felipe Massa,williams,Williams,13,13,9,0,44,Finished
2014,12,Belgian Grand Prix,2014-08-24,spa,race,sutil,Adrian Sutil,sauber,Sauber,14,14,14,0,44,Finished
2014,12,Belgian Grand Prix,2014-08-24,spa,race,gutierrez,Esteban Gutiérrez,sauber,Sauber,15,15,20,0,44,Finished
2014,12,Belgian Grand Prix,2014-08-24,spa,race,chilton,Max Chilton,marussia,Marussia,16,16,19,0,43,+1 Lap
2014,12,Belgian Grand Prix,2014-08-24,spa,race,ericsson,Marcus Ericsson,caterham,Caterham,17,17,22,0,43,+1 Lap
2014,12,Belgian Grand Prix,2014-08-24,spa,race,jules_bianchi,Jules Bianchi,marussia,Marussia,18,18,16,0,39,Gearbox
2014,12,Belgian Grand Prix,2014-08-24,spa,race,hamilton,Lewis Hamilton,mercedes,Mercedes,19,R,2,0,38,Retired
2014,12,Belgian Grand Prix,2014-08-24,spa,race,grosjean,Romain Grosjean,lotus_f1,Lotus F1,20,R,15,0,33,Retired
2014,12,Belgian Grand Prix,2014-08-24,spa,race,maldonado,Pastor Maldonado,lotus_f1,Lotus F1,21,R,17,0,1,Mechanical
2014,12,Belgian Grand Prix,2014-08-24,spa,race,lotterer,André Lotterer,caterham,Caterham,22,R,21,0,1,Power Unit
2014,13,Italian Grand Prix,2014-09-07,monza,race,hamilton,Lewis Hamilton,mercedes,Mercedes,1,1,1,25,53,Finished
2014,13,Italian Grand Prix,2014-09-07,monza,race,rosberg,Nico Rosberg,mercedes,Mercedes,2,2,2,18,53,Finished
2014,13,Italian Grand Prix,2014-09-07,monza,race,massa,Felipe Massa,williams,Williams,3,3,4,15,53,Finished
2014,13,Italian Grand Prix,2014-09-07,monza,race,bottas,Valtteri Bottas,williams,Williams,4,4,3,12,53,Finished
2014,13,Italian Grand Prix,2014-09-07,monza,race,ricciardo,Daniel Ricciardo,red_bull,Red Bull,5,5,9,10,53,Finished
2014,13,Italian Grand Prix,2014-09-07,monza,race,vettel,Sebastian Vettel,red_bull,Red Bull,6,6,8,8,53,Finished
2014,13,Italian Grand Prix,2014-09-07,monza,race,perez,Sergio Pérez,force_india,Force India,7,7,10,6,53,Finished
2014,13,Italian Grand Prix,2014-09-07,monza,race,button,Jenson Button,mclaren,McLaren,8,8,6,4,53,Finished
2014,13,Italian Grand Prix,2014-09-07,monza,race,raikkonen,Kimi Räikkönen,ferrari,Ferrari,9,9,11,2,53,Finished
2014,13,Italian Grand Prix,2014-09-07,monza,race,kevin_magnussen,Kevin Magnussen,mclaren,McLaren,10,10,5,1,53,Finished
2014,13,Italian Grand Prix,2014-09-07,monza,race,kvyat,Daniil Kvyat,toro_rosso,Toro Rosso,11,11,21,0,53,Finished
2014,13,Italian Grand Prix,2014-09-07,monza,race,hulkenberg,Nico Hülkenberg,force_india,Force India,12,12,13,0,53,Finished
2014,13,Italian Grand Prix,2014-09-07,monza,race,vergne,Jean-Éric Vergne,toro_rosso,Toro Rosso,13,13,12,0,53,Finished
2014,13,Italian Grand Prix,2014-09-07,monza,race,maldonado,Pastor Maldonado,lotus_f1,Lotus F1,14,14,16,0,52,+1 Lap
2014,13,Italian Grand Prix,2014-09-07,monza,race,sutil,Adrian Sutil,sauber,Sauber,15,15,14,0,52,+1 Lap
2014,13,Italian Grand Prix,2014-09-07,monza,race,grosjean,Romain Grosjean,lotus_f1,Lotus F1,16,16,17,0,52,+1 Lap
2014,13,Italian Grand Prix,2014-09-07,monza,race,kobayashi,Kamui Kobayashi,caterham,Caterham,17,17,18,0,52,+1 Lap
2014,13,Italian Grand Prix,2014-09-07,monza,race,jules_bianchi,Jules Bianchi,marussia,Marussia,18,18,19,0,52,+1 Lap
2014,13,Italian Grand Prix,2014-09-07,monza,race,gutierrez,Esteban Gutiérrez,sauber,Sauber,19,19,15,0,51,+2 Laps
2014,13,Italian Grand Prix,2014-09-07,monza,race,ericsson,Marcus Ericsson,caterham,Caterham,20,20,22,0,51,+2 Laps
2014,13,Italian Grand Prix,2014-09-07,monza,race,alonso,Fernando Alonso,ferrari,Ferrari,21,R,7,0,28,Engine
2014,13,Italian Grand Prix,2014-09-07,monza,race,chilton,Max Chilton,marussia,Marussia,22,R,20,0,5,Accident
2014,14,Singapore Grand Prix,2014-09-21,marina_bay,race,hamilton,Lewis Hamilton,mercedes,Mercedes,1,1,1,25,60,Finished
2014,14,Singapore Grand Prix,2014-09-21,marina_bay,race,vettel,Sebastian Vettel,red_bull,Red Bull,2,2,4,18,60,Finished
2014,14,Singapore Grand Prix,2014-09-21,marina_bay,race,ricciardo,Daniel Ricciardo,red_bull,Red Bull,3,3,3,15,60,Finished
2014,14,Singapore Grand Prix,2014-09-21,marina_bay,race,alonso,Fernando Alonso,ferrari,Ferrari,4,4,5,12,60,Finished
2014,14,Singapore Grand Prix,2014-09-21,marina_bay,race,massa,Felipe Massa,williams,Williams,5,5,6,10,60,Finished
2014,14,Singapore Grand Prix,2014-09-21,marina_bay,race,vergne,Jean-Éric Vergne,toro_rosso,Toro Rosso,6,6,12,8,60,Finished
2014,14,Singapore Grand Prix,2014-09-21,marina_bay,race,perez,Sergio Pérez,force_india,Force India,7,7,15,6,60,Finished
2014,14,Singapore Grand Prix,2014-09-21,marina_bay,race,raikkonen,Kimi Räikkönen,ferrari,Ferrari,8,8,7,4,60,Finished
2014,14,Singapore Grand Prix,2014-09-21,marina_bay,race,hulkenberg,Nico Hülkenberg,force_india,Force India,9,9,13,2,60,Finished
2014,14,Singapore Grand Prix,2014-09-21,marina_bay,race,kevin_magnussen,Kevin Magnussen,mclaren,McLaren,10,10,9,1,60,Finished
2014,14,Singapore Grand Prix,2014-09-21,marina_bay,race,bottas,Valtteri Bottas,williams,Williams,11,11,8,0,60,Finished
2014,14,Singapore Grand Prix,2014-09-21,marina_bay,race,maldonado,Pastor Maldonado,lotus_f1,Lotus F1,12,12,18,0,60,Finished
2014,14,Singapore Grand Prix,2014-09-21,marina_bay,race,grosjean,Romain Grosjean,lotus_f1,Lotus F1,13,13,16,0,60,Finished
2014,14,Singapore Grand Prix,2014-09-21,marina_bay,race,kvyat,Daniil Kvyat,toro_rosso,Toro Rosso,14,14,10,0,60,Finished
2014,14,Singapore Grand Prix,2014-09-21,marina_bay,race,ericsson,Marcus Ericsson,caterham,Caterham,15,15,22,0,60,Finished
2014,14,Singapore Grand Prix,2014-09-21,marina_bay,race,jules_bianchi,Jules Bianchi,marussia,Marussia,16,16,19,0,60,Finished
2014,14,Singapore Grand Prix,2014-09-21,marina_bay,race,chilton,Max Chilton,marussia,Marussia,17,17,21,0,59,+1 Lap
2014,14,Singapore Grand Prix,2014-09-21,marina_bay,race,button,Jenson Button,mclaren,McLaren,18,R,11,0,52,Retired
2014,14,Singapore Grand Prix,2014-09-21,marina_bay,race,sutil,Adrian Sutil,sauber,Sauber,19,R,17,0,40,Water pressure
2014,14,Singapore Grand Prix,2014-09-21,marina_bay,race,gutierrez,Esteban Gutiérrez,sauber,Sauber,20,R,14,0,17,Electrical
2014,14,Singapore Grand Prix,2014-09-21,marina_bay,race,rosberg,Nico Rosberg,mercedes,Mercedes,21,R,2,0,13,Electrical
2014,14,Singapore Grand Prix,2014-09-21,marina_bay,race,kobayashi,Kamui Kobayashi,caterham,Caterham,22,W,20,0,0,Power Unit
2014,15,Japanese Grand Prix,2014-10-05,suzuka,race,hamilton,Lewis Hamilton,mercedes,Mercedes,1,1,2,25,44,Finished
2014,15,Japanese Grand Prix,2014-10-05,suzuka,race,rosberg,Nico Rosberg,mercedes,Mercedes,2,2,1,18,44,Finished
2014,15,Japanese Grand Prix,2014-10-05,suzuka,race,vettel,Sebastian Vettel,red_bull,Red Bull,3,3,9,15,44,Finished
2014,15,Japanese Grand Prix,2014-10-05,suzuka,race,ricciardo,Daniel Ricciardo,red_bull,Red Bull,4,4,6,12,44,Finished
2014,15,Japanese Grand Prix,2014-10-05,suzuka,race,button,Jenson Button,mclaren,McLaren,5,5,8,10,44,Finished
2014,15,Japanese Grand Prix,2014-10-05,suzuka,race,bottas,Valtteri Bottas,williams,Williams,6,6,3,8,44,Finished
2014,15,Japanese Grand Prix,2014-10-05,suzuka,race,massa,Felipe Massa,williams,Williams,7,7,4,6,44,Finished
2014,15,Japanese Grand Prix,2014-10-05,suzuka,race,hulkenberg,Nico Hülkenberg,force_india,Force India,8,8,13,4,44,Finished
2014,15,Japanese Grand Prix,2014-10-05,suzuka,race,vergne,Jean-Éric Vergne,toro_rosso,Toro Rosso,9,9,20,2,44,Finished
2014,15,Japanese Grand Prix,2014-10-05,suzuka,race,perez,Sergio Pérez,force_india,Force India,10,10,11,1,43,+1 Lap
2014,15,Japanese Grand Prix,2014-10-05,suzuka,race,kvyat,Daniil Kvyat,toro_rosso,Toro Rosso,11,11,12,0,43,+1 Lap
2014,15,Japanese Grand Prix,2014-10-05,suzuka,race,raikkonen,Kimi Räikkönen,ferrari,Ferrari,12,12,10,0,43,+1 Lap
2014,15,Japanese Grand Prix,2014-10-05,suzuka,race,gutierrez,Esteban Gutiérrez,sauber,Sauber,13,13,15,0,43,+1 Lap
2014,15,Japanese Grand Prix,2014-10-05,suzuka,race,kevin_magnussen,Kevin Magnussen,mclaren,McLaren,14,14,7,0,43,+1 Lap
2014,15,Japanese Grand Prix,2014-10-05,suzuka,race,grosjean,Romain Grosjean,lotus_f1,Lotus F1,15,15,16,0,43,+1 Lap
2014,15,Japanese Grand Prix,2014-10-05,suzuka,race,maldonado,Pastor Maldonado,lotus_f1,Lotus F1,16,16,22,0,43,+1 Lap
2014,15,Japanese Grand Prix,2014-10-05,suzuka,race,ericsson,Marcus Ericsson,caterham,Caterham,17,17,17,0,43,+1 Lap
2014,15,Japanese Grand Prix,2014-10-05,suzuka,race,chilton,Max Chilton,marussia,Marussia,18,18,21,0,43,+1 Lap
2014,15,Japanese Grand Prix,2014-10-05,suzuka,race,kobayashi,Kamui Kobayashi,caterham,Caterham,19,19,19,0,43,+1 Lap
2014,15,Japanese Grand Prix,2014-10-05,suzuka,race,jules_bianchi,Jules Bianchi,marussia,Marussia,20,20,18,0,41,Accident
2014,15,Japanese Grand Prix,2014-10-05,suzuka,race,sutil,Adrian Sutil,sauber,Sauber,21,21,14,0,40,Accident
2014,15,Japanese Grand Prix,2014-10-05,suzuka,race,alonso,Fernando Alonso,ferrari,Ferrari,22,R,5,0,2,Electronics
2014,16,Russian Grand Prix,2014-10-12,sochi,race,hamilton,Lewis Hamilton,mercedes,Mercedes,1,1,1,25,53,Finished
2014,16,Russian Grand Prix,2014-10-12,sochi,race,rosberg,Nico Rosberg,mercedes,Mercedes,2,2,2,18,53,Finished
2014,16,Russian Grand Prix,2014-10-12,sochi,race,bottas,Valtteri Bottas,williams,Williams,3,3,3,15,53,Finished
2014,16,Russian Grand Prix,2014-10-12,sochi,race,button,Jenson Button,mclaren,McLaren,4,4,4,12,53,Finished
2014,16,Russian Grand Prix,2014-10-12,sochi,race,kevin_magnussen,Kevin Magnussen,mclaren,McLaren,5,5,11,10,53,Finished
2014,16,Russian Grand Prix,2014-10-12,sochi,race,alonso,Fernando Alonso,ferrari,Ferrari,6,6,7,8,53,Finished
2014,16,Russian Grand Prix,2014-10-12,sochi,race,ricciardo,Daniel Ricciardo,red_bull,Red Bull,7,7,6,6,53,Finished
2014,16,Russian Grand Prix,2014-10-12,sochi,race,vettel,Sebastian Vettel,red_bull,Red Bull,8,8,10,4,53,Finished
2014,16,Russian Grand Prix,2014-10-12,sochi,race,raikkonen,Kimi Räikkönen,ferrari,Ferrari,9,9,8,2,53,Finished
2014,16,Russian Grand Prix,2014-10-12,sochi,race,perez,Sergio Pérez,force_india,Force India,10,10,12,1,53,Finished
2014,16,Russian Grand Prix,2014-10-12,sochi,race,massa,Felipe Massa,williams,Williams,11,11,18,0,53,Finished
2014,16,Russian Grand Prix,2014-10-12,sochi,race,hulkenberg,Nico Hülkenberg,force_india,Force India,12,12,17,0,53,Finished
2014,16,Russian Grand Prix,2014-10-12,sochi,race,vergne,Jean-Éric Vergne,toro_rosso,Toro Rosso,13,13,9,0,53,Finished
2014,16,Russian Grand Prix,2014-10-12,sochi,race,kvyat,Daniil Kvyat,toro_rosso,Toro Rosso,14,14,5,0,52,+1 Lap
2014,16,Russian Grand Prix,2014-10-12,sochi,race,gutierrez,Esteban Gutiérrez,sauber,Sauber,15,15,13,0,52,+1 Lap
2014,16,Russian Grand Prix,2014-10-12,sochi,race,sutil,Adrian Sutil,sauber,Sauber,16,16,14,0,52,+1 Lap
2014,16,Russian Grand Prix,2014-10-12,sochi,race,grosjean,Romain Grosjean,lotus_f1,Lotus F1,17,17,15,0,52,+1 Lap
2014,16,Russian Grand Prix,2014-10-12,sochi,race,maldonado,Pastor Maldonado,lotus_f1,Lotus F1,18,18,21,0,52,+1 Lap
2014,16,Russian Grand Prix,2014-10-12,sochi,race,ericsson,Marcus Ericsson,caterham,Caterham,19,19,16,0,51,+2 Laps
2014,16,Russian Grand Prix,2014-10-12,sochi,race,kobayashi,Kamui Kobayashi,caterham,Caterham,20,R,19,0,21,Brakes
2014,16,Russian Grand Prix,2014-10-12,sochi,race,chilton,Max Chilton,marussia,Marussia,21,R,20,0,9,Suspension
2014,17,United States Grand Prix,2014-11-02,americas,race,hamilton,Lewis Hamilton,mercedes,Mercedes,1,1,2,25,56,Finished
2014,17,United States Grand Prix,2014-11-02,americas,race,rosberg,Nico Rosberg,mercedes,Mercedes,2,2,1,18,56,Finished
2014,17,United States Grand Prix,2014-11-02,americas,race,ricciardo,Daniel Ricciardo,red_bull,Red Bull,3,3,5,15,56,Finished
2014,17,United States Grand Prix,2014-11-02,americas,race,massa,Felipe Massa,williams,Williams,4,4,4,12,56,Finished
2014,17,United States Grand Prix,2014-11-02,americas,race,bottas,Valtteri Bottas,williams,Williams,5,5,3,10,56,Finished
2014,17,United States Grand Prix,2014-11-02,americas,race,alonso,Fernando Alonso,ferrari,Ferrari,6,6,6,8,56,Finished
2014,17,United States Grand Prix,2014-11-02,americas,race,vettel,Sebastian Vettel,red_bull,Red Bull,7,7,18,6,56,Finished
2014,17,United States Grand Prix,2014-11-02,americas,race,kevin_magnussen,Kevin Magnussen,mclaren,McLaren,8,8,7,4,56,Finished
2014,17,United States Grand Prix,2014-11-02,americas,race,maldonado,Pastor Maldonado,lotus_f1,Lotus F1,9,9,10,2,56,Finished
2014,17,United States Grand Prix,2014-11-02,americas,race,vergne,Jean-Éric Vergne,toro_rosso,Toro Rosso,10,10,14,1,56,Finished
2014,17,United States Grand Prix,2014-11-02,americas,race,grosjean,Romain Grosjean,lotus_f1,Lotus F1,11,11,16,0,55,+1 Lap
2014,17,United States Grand Prix,2014-11-02,americas,race,button,Jenson Button,mclaren,McLaren,12,12,12,0,55,+1 Lap
2014,17,United States Grand Prix,2014-11-02,americas,race,raikkonen,Kimi Räikkönen,ferrari,Ferrari,13,13,8,0,55,+1 Lap
2014,17,United States Grand Prix,2014-11-02,americas,race,gutierrez,Esteban Gutiérrez,sauber,Sauber,14,14,15,0,55,+1 Lap
2014,17,United States Grand Prix,2014-11-02,americas,race,kvyat,Daniil Kvyat,toro_rosso,Toro Rosso,15,15,17,0,55,+1 Lap
2014,17,United States Grand Prix,2014-11-02,americas,race,hulkenberg,Nico Hülkenberg,force_india,Force India,16,R,13,0,16,Engine
2014,17,United States Grand Prix,2014-11-02,americas,race,perez,Sergio Pérez,force_india,Force India,17,R,11,0,1,Collision damage
2014,17,United States Grand Prix,2014-11-02,americas,race,sutil,Adrian Sutil,sauber,Sauber,18,R,9,0,0,Collision
2014,18,Brazilian Grand Prix,2014-11-09,interlagos,race,rosberg,Nico Rosberg,mercedes,Mercedes,1,1,1,25,71,Finished
2014,18,Brazilian Grand Prix,2014-11-09,interlagos,race,hamilton,Lewis Hamilton,mercedes,Mercedes,2,2,2,18,71,Finished
2014,18,Brazilian Grand Prix,2014-11-09,interlagos,race,massa,Felipe Massa,williams,Williams,3,3,3,15,71,Finished
2014,18,Brazilian Grand Prix,2014-11-09,interlagos,race,button,Jenson Button,mclaren,McLaren,4,4,5,12,71,Finished
2014,18,Brazilian Grand Prix,2014-11-09,interlagos,race,vettel,Sebastian Vettel,red_bull,Red Bull,5,5,6,10,71,Finished
2014,18,Brazilian Grand Prix,2014-11-09,interlagos,race,alonso,Fernando Alonso,ferrari,Ferrari,6,6,8,8,71,Finished
2014,18,Brazilian Grand Prix,2014-11-09,interlagos,race,raikkonen,Kimi Räikkönen,ferrari,Ferrari,7,7,10,6,71,Finished
2014,18,Brazilian Grand Prix,2014-11-09,interlagos,race,hulkenberg,Nico Hülkenberg,force_india,Force India,8,8,12,4,71,Finished
2014,18,Brazilian Grand Prix,2014-11-09,interlagos,race,kevin_magnussen,Kevin Magnussen,mclaren,McLaren,9,9,7,2,71,Finished
2014,18,Brazilian Grand Prix,2014-11-09,interlagos,race,bottas,Valtteri Bottas,williams,Williams,10,10,4,1,70,+1 Lap
2014,18,Brazilian Grand Prix,2014-11-09,interlagos,race,kvyat,Daniil Kvyat,toro_rosso,Toro Rosso,11,11,17,0,70,+1 Lap
2014,18,Brazilian Grand Prix,2014-11-09,interlagos,race,maldonado,Pastor Maldonado,lotus_f1,Lotus F1,12,12,16,0,70,+1 Lap
2014,18,Brazilian Grand Prix,2014-11-09,interlagos,race,vergne,Jean-Éric Vergne,toro_rosso,Toro Rosso,13,13,15,0,70,+1 Lap
2014,18,Brazilian Grand Prix,2014-11-09,interlagos,race,gutierrez,Esteban Gutiérrez,sauber,Sauber,14,14,11,0,70,+1 Lap
2014,18,Brazilian Grand Prix,2014-11-09,interlagos,race,perez,Sergio Pérez,force_india,Force India,15,15,18,0,70,+1 Lap
2014,18,Brazilian Grand Prix,2014-11-09,interlagos,race,sutil,Adrian Sutil,sauber,Sauber,16,16,13,0,70,+1 Lap
2014,18,Brazilian Grand Prix,2014-11-09,interlagos,race,grosjean,Romain Grosjean,lotus_f1,Lotus F1,17,17,14,0,63,+8 Laps
2014,18,Brazilian Grand Prix,2014-11-09,interlagos,race,ricciardo,Daniel Ricciardo,red_bull,Red Bull,18,R,9,0,39,Suspension
2014,19,Abu Dhabi Grand Prix,2014-11-23,yas_marina,race,hamilton,Lewis Hamilton,mercedes,Mercedes,1,1,2,50,55,Finished
2014,19,Abu Dhabi Grand Prix,2014-11-23,yas_marina,race,massa,Felipe Massa,williams,Williams,2,2,4,36,55,Finished
2014,19,Abu Dhabi Grand Prix,2014-11-23,yas_marina,race,bottas,Valtteri Bottas,williams,Williams,3,3,3,30,55,Finished
2014,19,Abu Dhabi Grand Prix,2014-11-23,yas_marina,race,ricciardo,Daniel Ricciardo,red_bull,Red Bull,4,4,20,24,55,Finished
2014,19,Abu Dhabi Grand Prix,2014-11-23,yas_marina,race,button,Jenson Button,mclaren,McLaren,5,5,6,20,55,Finished
2014,19,Abu Dhabi Grand Prix,2014-11-23,yas_marina,race,hulkenberg,Nico Hülkenberg,force_india,Force India,6,6,12,16,55,Finished
2014,19,Abu Dhabi Grand Prix,2014-11-23,yas_marina,race,perez,Sergio Pérez,force_india,Force India,7,7,11,12,55,Finished
2014,19,Abu Dhabi Grand Prix,2014-11-23,yas_marina,race,vettel,Sebastian Vettel,red_bull,Red Bull,8,8,19,8,55,Finished
2014,19,Abu Dhabi Grand Prix,2014-11-23,yas_marina,race,alonso,Fernando Alonso,ferrari,Ferrari,9,9,8,4,55,Finished
2014,19,Abu Dhabi Grand Prix,2014-11-23,yas_marina,race,raikkonen,Kimi Räikkönen,ferrari,Ferrari,10,10,7,2,55,Finished
2014,19,Abu Dhabi Grand Prix,2014-11-23,yas_marina,race,kevin_magnussen,Kevin Magnussen,mclaren,McLaren,11,11,9,0,55,Finished
2014,19,Abu Dhabi Grand Prix,2014-11-23,yas_marina,race,vergne,Jean-Éric Vergne,toro_rosso,Toro Rosso,12,12,10,0,55,Finished
2014,19,Abu Dhabi Grand Prix,2014-11-23,yas_marina,race,grosjean,Romain Grosjean,lotus_f1,Lotus F1,13,13,18,0,54,+1 Lap
2014,19,Abu Dhabi Grand Prix,2014-11-23,yas_marina,race,rosberg,Nico Rosberg,mercedes,Mercedes,14,14,1,0,54,+1 Lap
2014,19,Abu Dhabi Grand Prix,2014-11-23,yas_marina,race,gutierrez,Esteban Gutiérrez,sauber,Sauber,15,15,14,0,54,+1 Lap
2014,19,Abu Dhabi Grand Prix,2014-11-23,yas_marina,race,sutil,Adrian Sutil,sauber,Sauber,16,16,13,0,54,+1 Lap
2014,19,Abu Dhabi Grand Prix,2014-11-23,yas_marina,race,stevens,Will Stevens,caterham,Caterham,17,17,17,0,54,+1 Lap
2014,19,Abu Dhabi Grand Prix,2014-11-23,yas_marina,race,kobayashi,Kamui Kobayashi,caterham,Caterham,18,R,16,0,42,Retired
2014,19,Abu Dhabi Grand Prix,2014-11-23,yas_marina,race,maldonado,Pastor Maldonado,lotus_f1,Lotus F1,19,R,15,0,26,Power Unit
2014,19,Abu Dhabi Grand Prix,2014-11-23,yas_marina,race,kvyat,Daniil Kvyat,toro_rosso,Toro Rosso,20,R,5,0,14,Power Unit
2015,1,Australian Grand Prix,2015-03-15,albert_park,race,hamilton,Lewis Hamilton,mercedes,Mercedes,1,1,1,25,58,Finished
2015,1,Australian Grand Prix,2015-03-15,albert_park,race,rosberg,Nico Rosberg,mercedes,Mercedes,2,2,2,18,58,Finished
2015,1,Australian Grand Prix,2015-03-15,albert_park,race,vettel,Sebastian Vettel,ferrari,Ferrari,3,3,4,15,58,Finished
2015,1,Australian Grand Prix,2015-03-15,albert_park,race,massa,Felipe Massa,williams,Williams,4,4,3,12,58,Finished
2015,1,Australian Grand Prix,2015-03-15,albert_park,race,nasr,Felipe Nasr,sauber,Sauber,5,5,10,10,58,Finished
2015,1,Australian Grand Prix,2015-03-15,albert_park,race,ricciardo,Daniel Ricciardo,red_bull,Red Bull,6,6,6,8,57,+1 Lap
2015,1,Australian Grand Prix,2015-03-15,albert_park,race,hulkenberg,Nico Hülkenberg,force_india,Force India,7,7,13,6,57,+1 Lap
2015,1,Australian Grand Prix,2015-03-15,albert_park,race,ericsson,Marcus Ericsson,sauber,Sauber,8,8,15,4,57,+1 Lap
2015,1,Australian Grand Prix,2015-03-15,albert_park,race,sainz,Carlos Sainz,toro_rosso,Toro Rosso,9,9,7,2,57,+1 Lap
2015,1,Australian Grand Prix,2015-03-15,albert_park,race,perez,Sergio Pérez,force_india,Force India,10,10,14,1,57,+1 Lap
2015,1,Australian Grand Prix,2015-03-15,albert_park,race,button,Jenson Button,mclaren,McLaren,11,11,16,0,56,+2 Laps
2015,1,Australian Grand Prix,2015-03-15,albert_park,race,raikkonen,Kimi Räikkönen,ferrari,Ferrari,12,R,5,0,40,Wheel
2015,1,Australian Grand Prix,2015-03-15,albert_park,race,max_verstappen,Max Verstappen,toro_rosso,Toro Rosso,13,R,11,0,32,Engine
2015,1,Australian Grand Prix,2015-03-15,albert_park,race,grosjean,Romain Grosjean,lotus_f1,Lotus F1,14,R,8,0,0,Power loss
2015,1,Australian Grand Prix,2015-03-15,albert_park,race,maldonado,Pastor Maldonado,lotus_f1,Lotus F1,15,R,9,0,0,Accident
2015,1,Australian Grand Prix,2015-03-15,albert_park,race,kvyat,Daniil Kvyat,red_bull,Red Bull,16,W,12,0,0,Withdrew
2015,1,Australian Grand Prix,2015-03-15,albert_park,race,kevin_magnussen,Kevin Magnussen,mclaren,McLaren,17,W,17,0,0,Withdrew
2015,1,Australian Grand Prix,2015-03-15,albert_park,race,bottas,Valtteri Bottas,williams,Williams,18,W,0,0,0,Withdrew
2015,2,Malaysian Grand Prix,2015-03-29,sepang,race,vettel,Sebastian Vettel,ferrari,Ferrari,1,1,2,25,56,Finished
2015,2,Malaysian Grand Prix,2015-03-29,sepang,race,hamilton,Lewis Hamilton,mercedes,Mercedes,2,2,1,18,56,Finished
2015,2,Malaysian Grand Prix,2015-03-29,sepang,race,rosberg,Nico Rosberg,mercedes,Mercedes,3,3,3,15,56,Finished
2015,2,Malaysian Grand Prix,2015-03-29,sepang,race,raikkonen,Kimi Räikkönen,ferrari,Ferrari,4,4,11,12,56,Finished
2015,2,Malaysian Grand Prix,2015-03-29,sepang,race,bottas,Valtteri Bottas,williams,Williams,5,5,8,10,56,Finished
2015,2,Malaysian Grand Prix,2015-03-29,sepang,race,massa,Felipe Massa,williams,Williams,6,6,7,8,56,Finished
2015,2,Malaysian Grand Prix,2015-03-29,sepang,race,max_verstappen,Max Verstappen,toro_rosso,Toro Rosso,7,7,6,6,56,Finished
2015,2,Malaysian Grand Prix,2015-03-29,sepang,race,sainz,Carlos Sainz,toro_rosso,Toro Rosso,8,8,15,4,55,+1 Lap
2015,2,Malaysian Grand Prix,2015-03-29,sepang,race,kvyat,Daniil Kvyat,red_bull,Red Bull,9,9,5,2,55,+1 Lap
2015,2,Malaysian Grand Prix,2015-03-29,sepang,race,ricciardo,Daniel Ricciardo,red_bull,Red Bull,10,10,4,1,55,+1 Lap
2015,2,Malaysian Grand Prix,2015-03-29,sepang,race,grosjean,Romain Grosjean,lotus_f1,Lotus F1,11,11,10,0,55,+1 Lap
2015,2,Malaysian Grand Prix,2015-03-29,sepang,race,nasr,Felipe Nasr,sauber,Sauber,12,12,16,0,55,+1 Lap
2015,2,Malaysian Grand Prix,2015-03-29,sepang,race,perez,Sergio Pérez,force_india,Force India,13,13,14,0,55,+1 Lap
2015,2,Malaysian Grand Prix,2015-03-29,sepang,race,hulkenberg,Nico Hülkenberg,force_india,Force India,14,14,13,0,55,+1 Lap
2015,2,Malaysian Grand Prix,2015-03-29,sepang,race,merhi,Roberto Merhi,manor,Manor Marussia,15,15,19,0,53,+3 Laps
2015,2,Malaysian Grand Prix,2015-03-29,sepang,race,maldonado,Pastor Maldonado,lotus_f1,Lotus F1,16,R,12,0,47,Retired
2015,2,Malaysian Grand Prix,2015-03-29,sepang,race,button,Jenson Button,mclaren,McLaren,17,R,17,0,41,Turbo
2015,2,Malaysian Grand Prix,2015-03-29,sepang,race,alonso,Fernando Alonso,mclaren,McLaren,18,R,18,0,21,ERS
2015,2,Malaysian Grand Prix,2015-03-29,sepang,race,ericsson,Marcus Ericsson,sauber,Sauber,19,R,9,0,3,Spun off
2015,2,Malaysian Grand Prix,2015-03-29,sepang,race,stevens,Will Stevens,manor,Manor Marussia,20,W,0,0,0,Fuel system
2015,3,Chinese Grand Prix,2015-04-12,shanghai,race,hamilton,Lewis Hamilton,mercedes,Mercedes,1,1,1,25,56,Finished
2015,3,Chinese Grand Prix,2015-04-12,shanghai,race,rosberg,Nico Rosberg,mercedes,Mercedes,2,2,2,18,56,Finished
2015,3,Chinese Grand Prix,2015-04-12,shanghai,race,vettel,Sebastian Vettel,ferrari,Ferrari,3,3,3,15,56,Finished
2015,3,Chinese Grand Prix,2015-04-12,shanghai,race,raikkonen,Kimi Räikkönen,ferrari,Ferrari,4,4,6,12,56,Finished
2015,3,Chinese Grand Prix,2015-04-12,shanghai,race,massa,Felipe Massa,williams,Williams,5,5,4,10,56,Finished
2015,3,Chinese Grand Prix,2015-04-12,shanghai,race,bottas,Valtteri Bottas,williams,Williams,6,6,5,8,56,Finished
2015,3,Chinese Grand Prix,2015-04-12,shanghai,race,grosjean,Romain Grosjean,lotus_f1,Lotus F1,7,7,8,6,56,Finished
2015,3,Chinese Grand Prix,2015-04-12,shanghai,race,nasr,Felipe Nasr,sauber,Sauber,8,8,9,4,56,Finished
2015,3,Chinese Grand Prix,2015-04-12,shanghai,race,ricciardo,Daniel Ricciardo,red_bull,Red Bull,9,9,7,2,56,Finished
2015,3,Chinese Grand Prix,2015-04-12,shanghai,race,ericsson,Marcus Ericsson,sauber,Sauber,10,10,10,1,55,+1 Lap
2015,3,Chinese Grand Prix,2015-04-12,shanghai,race,perez,Sergio Pérez,force_india,Force India,11,11,15,0,55,+1 Lap
2015,3,Chinese Grand Prix,2015-04-12,shanghai,race,alonso,Fernando Alonso,mclaren,McLaren,12,12,18,0,55,+1 Lap
2015,3,Chinese Grand Prix,2015-04-12,shanghai,race,sainz,Carlos Sainz,toro_rosso,Toro Rosso,13,13,14,0,55,+1 Lap
2015,3,Chinese Grand Prix,2015-04-12,shanghai,race,button,Jenson Button,mclaren,McLaren,14,14,17,0,55,+1 Lap
2015,3,Chinese Grand Prix,2015-04-12,shanghai,race,stevens,Will Stevens,manor,Manor Marussia,15,15,19,0,54,+2 Laps
2015,3,Chinese Grand Prix,2015-04-12,shanghai,race,merhi,Roberto Merhi,manor,Manor Marussia,16,16,20,0,54,+2 Laps
2015,3,Chinese Grand Prix,2015-04-12,shanghai,race,max_verstappen,Max Verstappen,toro_rosso,Toro Rosso,17,17,13,0,52,Transmission
2015,3,Chinese Grand Prix,2015-04-12,shanghai,race,maldonado,Pastor Maldonado,lotus_f1,Lotus F1,18,R,11,0,49,Brakes
2015,3,Chinese Grand Prix,2015-04-12,shanghai,race,kvyat,Daniil Kvyat,red_bull,Red Bull,19,R,12,0,15,Power Unit
2015,3,Chinese Grand Prix,2015-04-12,shanghai,race,hulkenberg,Nico Hülkenberg,force_india,Force India,20,R,16,0,9,Gearbox
2015,4,Bahrain Grand Prix,2015-04-19,bahrain,race,hamilton,Lewis Hamilton,mercedes,Mercedes,1,1,1,25,57,Finished
2015,4,Bahrain Grand Prix,2015-04-19,bahrain,race,raikkonen,Kimi Räikkönen,ferrari,Ferrari,2,2,4,18,57,Finished
2015,4,Bahrain Grand Prix,2015-04-19,bahrain,race,rosberg,Nico Rosberg,mercedes,Mercedes,3,3,3,15,57,Finished
2015,4,Bahrain Grand Prix,2015-04-19,bahrain,race,bottas,Valtteri Bottas,williams,Williams,4,4,5,12,57,Finished
2015,4,Bahrain Grand Prix,2015-04-19,bahrain,race,vettel,Sebastian Vettel,ferrari,Ferrari,5,5,2,10,57,Finished
2015,4,Bahrain Grand Prix,2015-04-19,bahrain,race,ricciardo,Daniel Ricciardo,red_bull,Red Bull,6,6,7,8,57,Finished
2015,4,Bahrain Grand Prix,2015-04-19,bahrain,race,grosjean,Romain Grosjean,lotus_f1,Lotus F1,7,7,10,6,57,Finished
2015,4,Bahrain Grand Prix,2015-04-19,bahrain,race,perez,Sergio Pérez,force_india,Force India,8,8,11,4,56,+1 Lap
2015,4,Bahrain Grand Prix,2015-04-19,bahrain,race,kvyat,Daniil Kvyat,red_bull,Red Bull,9,9,17,2,56,+1 Lap
2015,4,Bahrain Grand Prix,2015-04-19,bahrain,race,massa,Felipe Massa,williams,Williams,10,10,6,1,56,+1 Lap
2015,4,Bahrain Grand Prix,2015-04-19,bahrain,race,alonso,Fernando Alonso,mclaren,McLaren,11,11,14,0,56,+1 Lap
2015,4,Bahrain Grand Prix,2015-04-19,bahrain,race,nasr,Felipe Nasr,sauber,Sauber,12,12,12,0,56,+1 Lap
2015,4,Bahrain Grand Prix,2015-04-19,bahrain,race,hulkenberg,Nico Hülkenberg,force_india,Force India,13,13,8,0,56,+1 Lap
2015,4,Bahrain Grand Prix,2015-04-19,bahrain,race,ericsson,Marcus Ericsson,sauber,Sauber,14,14,13,0,56,+1 Lap
2015,4,Bahrain Grand Prix,2015-04-19,bahrain,race,maldonado,Pastor Maldonado,lotus_f1,Lotus F1,15,15,16,0,56,+1 Lap
2015,4,Bahrain Grand Prix,2015-04-19,bahrain,race,stevens,Will Stevens,manor,Manor Marussia,16,16,18,0,55,+2 Laps
2015,4,Bahrain Grand Prix,2015-04-19,bahrain,race,merhi,Roberto Merhi,manor,Manor Marussia,17,17,19,0,54,+3 Laps
2015,4,Bahrain Grand Prix,2015-04-19,bahrain,race,max_verstappen,Max Verstappen,toro_rosso,Toro Rosso,18,R,15,0,34,Electrical
2015,4,Bahrain Grand Prix,2015-04-19,bahrain,race,sainz,Carlos Sainz,toro_rosso,Toro Rosso,19,R,9,0,29,Engine
2015,4,Bahrain Grand Prix,2015-04-19,bahrain,race,button,Jenson Button,mclaren,McLaren,20,W,20,0,0,ERS
2015,5,Spanish Grand Prix,2015-05-10,catalunya,race,rosberg,Nico Rosberg,mercedes,Mercedes,1,1,1,25,66,Finished
2015,5,Spanish Grand Prix,2015-05-10,catalunya,race,hamilton,Lewis Hamilton,mercedes,Mercedes,2,2,2,18,66,Finished
2015,5,Spanish Grand Prix,2015-05-10,catalunya,race,vettel,Sebastian Vettel,ferrari,Ferrari,3,3,3,15,66,Finished
2015,5,Spanish Grand Prix,2015-05-10,catalunya,race,bottas,Valtteri Bottas,williams,Williams,4,4,4,12,66,Finished
2015,5,Spanish Grand Prix,2015-05-10,catalunya,race,raikkonen,Kimi Räikkönen,ferrari,Ferrari,5,5,7,10,66,Finished
2015,5,Spanish Grand Prix,2015-05-10,catalunya,race,massa,Felipe Massa,williams,Williams,6,6,9,8,66,Finished
2015,5,Spanish Grand Prix,2015-05-10,catalunya,race,ricciardo,Daniel Ricciardo,red_bull,Red Bull,7,7,10,6,65,+1 Lap
2015,5,Spanish Grand Prix,2015-05-10,catalunya,race,grosjean,Romain Grosjean,lotus_f1,Lotus F1,8,8,11,4,65,+1 Lap
2015,5,Spanish Grand Prix,2015-05-10,catalunya,race,sainz,Carlos Sainz,toro_rosso,Toro Rosso,9,9,5,2,65,+1 Lap
2015,5,Spanish Grand Prix,2015-05-10,catalunya,race,kvyat,Daniil Kvyat,red_bull,Red Bull,10,10,8,1,65,+1 Lap
2015,5,Spanish Grand Prix,2015-05-10,catalunya,race,max_verstappen,Max Verstappen,toro_rosso,Toro Rosso,11,11,6,0,65,+1 Lap
2015,5,Spanish Grand Prix,2015-05-10,catalunya,race,nasr,Felipe Nasr,sauber,Sauber,12,12,15,0,65,+1 Lap
2015,5,Spanish Grand Prix,2015-05-10,catalunya,race,perez,Sergio Pérez,force_india,Force India,13,13,18,0,65,+1 Lap
2015,5,Spanish Grand Prix,2015-05-10,catalunya,race,ericsson,Marcus Ericsson,sauber,Sauber,14,14,16,0,65,+1 Lap
2015,5,Spanish Grand Prix,2015-05-10,catalunya,race,hulkenberg,Nico Hülkenberg,force_india,Force India,15,15,17,0,65,+1 Lap
2015,5,Spanish Grand Prix,2015-05-10,catalunya,race,button,Jenson Button,mclaren,McLaren,16,16,14,0,65,+1 Lap
2015,5,Spanish Grand Prix,2015-05-10,catalunya,race,stevens,Will Stevens,manor,Manor Marussia,17,17,19,0,63,+3 Laps
2015,5,Spanish Grand Prix,2015-05-10,catalunya,race,merhi,Roberto Merhi,manor,Manor Marussia,18,18,20,0,62,+4 Laps
2015,5,Spanish Grand Prix,2015-05-10,catalunya,race,maldonado,Pastor Maldonado,lotus_f1,Lotus F1,19,R,12,0,45,Accident
2015,5,Spanish Grand Prix,2015-05-10,catalunya,race,alonso,Fernando Alonso,mclaren,McLaren,20,R,13,0,26,Brakes
2015,6,Monaco Grand Prix,2015-05-24,monaco,race,rosberg,Nico Rosberg,mercedes,Mercedes,1,1,2,25,78,Finished
2015,6,Monaco Grand Prix,2015-05-24,monaco,race,vettel,Sebastian Vettel,ferrari,Ferrari,2,2,3,18,78,Finished
2015,6,Monaco Grand Prix,2015-05-24,monaco,race,hamilton,Lewis Hamilton,mercedes,Mercedes,3,3,1,15,78,Finished
2015,6,Monaco Grand Prix,2015-05-24,monaco,race,kvyat,Daniil Kvyat,red_bull,Red Bull,4,4,5,12,78,Finished
2015,6,Monaco Grand Prix,2015-05-24,monaco,race,ricciardo,Daniel Ricciardo,red_bull,Red Bull,5,5,4,10,78,Finished
2015,6,Monaco Grand Prix,2015-05-24,monaco,race,raikkonen,Kimi Räikkönen,ferrari,Ferrari,6,6,6,8,78,Finished
2015,6,Monaco Grand Prix,2015-05-24,monaco,race,perez,Sergio Pérez,force_india,Force India,7,7,7,6,78,Finished
2015,6,Monaco Grand Prix,2015-05-24,monaco,race,button,Jenson Button,mclaren,McLaren,8,8,10,4,78,Finished
2015,6,Monaco Grand Prix,2015-05-24,monaco,race,nasr,Felipe Nasr,sauber,Sauber,9,9,14,2,78,Finished
2015,6,Monaco Grand Prix,2015-05-24,monaco,race,sainz,Carlos Sainz,toro_rosso,Toro Rosso,10,10,0,1,78,Finished
2015,6,Monaco Grand Prix,2015-05-24,monaco,race,hulkenberg,Nico Hülkenberg,force_india,Force India,11,11,11,0,78,Finished
2015,6,Monaco Grand Prix,2015-05-24,monaco,race,grosjean,Romain Grosjean,lotus_f1,Lotus F1,12,12,15,0,78,Finished
2015,6,Monaco Grand Prix,2015-05-24,monaco,race,ericsson,Marcus Ericsson,sauber,Sauber,13,13,17,0,78,Finished
2015,6,Monaco Grand Prix,2015-05-24,monaco,race,bottas,Valtteri Bottas,williams,Williams,14,14,16,0,78,Finished
2015,6,Monaco Grand Prix,2015-05-24,monaco,race,massa,Felipe Massa,williams,Williams,15,15,12,0,77,+1 Lap
2015,6,Monaco Grand Prix,2015-05-24,monaco,race,merhi,Roberto Merhi,manor,Manor Marussia,16,16,19,0,76,+2 Laps
2015,6,Monaco Grand Prix,2015-05-24,monaco,race,stevens,Will Stevens,manor,Manor Marussia,17,17,18,0,76,+2 Laps
2015,6,Monaco Grand Prix,2015-05-24,monaco,race,max_verstappen,Max Verstappen,toro_rosso,Toro Rosso,18,R,9,0,62,Accident
2015,6,Monaco Grand Prix,2015-05-24,monaco,race,alonso,Fernando Alonso,mclaren,McLaren,19,R,13,0,41,Gearbox
2015,6,Monaco Grand Prix,2015-05-24,monaco,race,maldonado,Pastor Maldonado,lotus_f1,Lotus F1,20,R,8,0,5,Brakes
2015,7,Canadian Grand Prix,2015-06-07,villeneuve,race,hamilton,Lewis Hamilton,mercedes,Mercedes,1,1,1,25,70,Finished
2015,7,Canadian Grand Prix,2015-06-07,villeneuve,race,rosberg,Nico Rosberg,mercedes,Mercedes,2,2,2,18,70,Finished
2015,7,Canadian Grand Prix,2015-06-07,villeneuve,race,bottas,Valtteri Bottas,williams,Williams,3,3,4,15,70,Finished
2015,7,Canadian Grand Prix,2015-06-07,villeneuve,race,raikkonen,Kimi Räikkönen,ferrari,Ferrari,4,4,3,12,70,Finished
2015,7,Canadian Grand Prix,2015-06-07,villeneuve,race,vettel,Sebastian Vettel,ferrari,Ferrari,5,5,18,10,70,Finished
2015,7,Canadian Grand Prix,2015-06-07,villeneuve,race,massa,Felipe Massa,williams,Williams,6,6,15,8,70,Finished
2015,7,Canadian Grand Prix,2015-06-07,villeneuve,race,maldonado,Pastor Maldonado,lotus_f1,Lotus F1,7,7,6,6,70,Finished
2015,7,Canadian Grand Prix,2015-06-07,villeneuve,race,hulkenberg,Nico Hülkenberg,force_india,Force India,8,8,7,4,69,+1 Lap
2015,7,Canadian Grand Prix,2015-06-07,villeneuve,race,kvyat,Daniil Kvyat,red_bull,Red Bull,9,9,8,2,69,+1 Lap
2015,7,Canadian Grand Prix,2015-06-07,villeneuve,race,grosjean,Romain Grosjean,lotus_f1,Lotus F1,10,10,5,1,69,+1 Lap
2015,7,Canadian Grand Prix,2015-06-07,villeneuve,race,perez,Sergio Pérez,force_india,Force India,11,11,10,0,69,+1 Lap
2015,7,Canadian Grand Prix,2015-06-07,villeneuve,race,sainz,Carlos Sainz,toro_rosso,Toro Rosso,12,12,11,0,69,+1 Lap
2015,7,Canadian Grand Prix,2015-06-07,villeneuve,race,ricciardo,Daniel Ricciardo,red_bull,Red Bull,13,13,9,0,69,+1 Lap
2015,7,Canadian Grand Prix,2015-06-07,villeneuve,race,ericsson,Marcus Ericsson,sauber,Sauber,14,14,12,0,69,+1 Lap
2015,7,Canadian Grand Prix,2015-06-07,villeneuve,race,max_verstappen,Max Verstappen,toro_rosso,Toro Rosso,15,15,19,0,69,+1 Lap
2015,7,Canadian Grand Prix,2015-06-07,villeneuve,race,nasr,Felipe Nasr,sauber,Sauber,16,16,14,0,68,+2 Laps
2015,7,Canadian Grand Prix,2015-06-07,villeneuve,race,stevens,Will Stevens,manor,Manor Marussia,17,17,17,0,66,+4 Laps
2015,7,Canadian Grand Prix,2015-06-07,villeneuve,race,merhi,Roberto Merhi,manor,Manor Marussia,18,R,16,0,57,Retired
2015,7,Canadian Grand Prix,2015-06-07,villeneuve,race,button,Jenson Button,mclaren,McLaren,19,R,20,0,54,Retired
2015,7,Canadian Grand Prix,2015-06-07,villeneuve,race,alonso,Fernando Alonso,mclaren,McLaren,20,R,13,0,44,Engine
2015,8,Austrian Grand Prix,2015-06-21,red_bull_ring,race,rosberg,Nico Rosberg,mercedes,Mercedes,1,1,2,25,71,Finished
2015,8,Austrian Grand Prix,2015-06-21,red_bull_ring,race,hamilton,Lewis Hamilton,mercedes,Mercedes,2,2,1,18,71,Finished
2015,8,Austrian Grand Prix,2015-06-21,red_bull_ring,race,massa,Felipe Massa,williams,Williams,3,3,4,15,71,Finished
2015,8,Austrian Grand Prix,2015-06-21,red_bull_ring,race,vettel,Sebastian Vettel,ferrari,Ferrari,4,4,3,12,71,Finished
2015,8,Austrian Grand Prix,2015-06-21,red_bull_ring,race,bottas,Valtteri Bottas,williams,Williams,5,5,6,10,71,Finished
2015,8,Austrian Grand Prix,2015-06-21,red_bull_ring,race,hulkenberg,Nico Hülkenberg,force_india,Force India,6,6,5,8,71,Finished
2015,8,Austrian Grand Prix,2015-06-21,red_bull_ring,race,maldonado,Pastor Maldonado,lotus_f1,Lotus F1,7,7,10,6,70,+1 Lap
2015,8,Austrian Grand Prix,2015-06-21,red_bull_ring,race,max_verstappen,Max Verstappen,toro_rosso,Toro Rosso,8,8,7,4,70,+1 Lap
2015,8,Austrian Grand Prix,2015-06-21,red_bull_ring,race,perez,Sergio Pérez,force_india,Force India,9,9,13,2,70,+1 Lap
2015,8,Austrian Grand Prix,2015-06-21,red_bull_ring,race,ricciardo,Daniel Ricciardo,red_bull,Red Bull,10,10,18,1,70,+1 Lap
2015,8,Austrian Grand Prix,2015-06-21,red_bull_ring,race,nasr,Felipe Nasr,sauber,Sauber,11,11,8,0,70,+1 Lap
2015,8,Austrian Grand Prix,2015-06-21,red_bull_ring,race,kvyat,Daniil Kvyat,red_bull,Red Bull,12,12,15,0,70,+1 Lap
2015,8,Austrian Grand Prix,2015-06-21,red_bull_ring,race,ericsson,Marcus Ericsson,sauber,Sauber,13,13,11,0,69,+2 Laps
2015,8,Austrian Grand Prix,2015-06-21,red_bull_ring,race,merhi,Roberto Merhi,manor,Manor Marussia,14,14,16,0,68,+3 Laps
2015,8,Austrian Grand Prix,2015-06-21,red_bull_ring,race,grosjean,Romain Grosjean,lotus_f1,Lotus F1,15,R,9,0,35,Gearbox
2015,8,Austrian Grand Prix,2015-06-21,red_bull_ring,race,sainz,Carlos Sainz,toro_rosso,Toro Rosso,16,R,12,0,35,Power loss
2015,8,Austrian Grand Prix,2015-06-21,red_bull_ring,race,button,Jenson Button,mclaren,McLaren,17,R,20,0,8,Retired
2015,8,Austrian Grand Prix,2015-06-21,red_bull_ring,race,stevens,Will Stevens,manor,Manor Marussia,18,R,17,0,1,Oil leak
2015,8,Austrian Grand Prix,2015-06-21,red_bull_ring,race,raikkonen,Kimi Räikkönen,ferrari,Ferrari,19,R,14,0,0,Collision
2015,8,Austrian Grand Prix,2015-06-21,red_bull_ring,race,alonso,Fernando Alonso,mclaren,McLaren,20,R,19,0,0,Collision
2015,9,British Grand Prix,2015-07-05,silverstone,race,hamilton,Lewis Hamilton,mercedes,Mercedes,1,1,1,25,52,Finished
2015,9,British Grand Prix,2015-07-05,silverstone,race,rosberg,Nico Rosberg,mercedes,Mercedes,2,2,2,18,52,Finished
2015,9,British Grand Prix,2015-07-05,silverstone,race,vettel,Sebastian Vettel,ferrari,Ferrari,3,3,6,15,52,Finished
2015,9,British Grand Prix,2015-07-05,silverstone,race,massa,Felipe Massa,williams,Williams,4,4,3,12,52,Finished
2015,9,British Grand Prix,2015-07-05,silverstone,race,bottas,Valtteri Bottas,williams,Williams,5,5,4,10,52,Finished
2015,9,British Grand Prix,2015-07-05,silverstone,race,kvyat,Daniil Kvyat,red_bull,Red Bull,6,6,7,8,52,Finished
2015,9,British Grand Prix,2015-07-05,silverstone,race,hulkenberg,Nico Hülkenberg,force_india,Force India,7,7,9,6,52,Finished
2015,9,British Grand Prix,2015-07-05,silverstone,race,raikkonen,Kimi Räikkönen,ferrari,Ferrari,8,8,5,4,51,+1 Lap
2015,9,British Grand Prix,2015-07-05,silverstone,race,perez,Sergio Pérez,force_india,Force India,9,9,11,2,51,+1 Lap
2015,9,British Grand Prix,2015-07-05,silverstone,race,alonso,Fernando Alonso,mclaren,McLaren,10,10,17,1,51,+1 Lap
2015,9,British Grand Prix,2015-07-05,silverstone,race,ericsson,Marcus Ericsson,sauber,Sauber,11,11,15,0,51,+1 Lap
2015,9,British Grand Prix,2015-07-05,silverstone,race,merhi,Roberto Merhi,manor,Manor Marussia,12,12,20,0,49,+3 Laps
2015,9,British Grand Prix,2015-07-05,silverstone,race,stevens,Will Stevens,manor,Manor Marussia,13,13,19,0,49,+3 Laps
2015,9,British Grand Prix,2015-07-05,silverstone,race,sainz,Carlos Sainz,toro_rosso,Toro Rosso,14,R,8,0,31,Electrical
2015,9,British Grand Prix,2015-07-05,silverstone,race,ricciardo,Daniel Ricciardo,red_bull,Red Bull,15,R,10,0,21,Electrical
2015,9,British Grand Prix,2015-07-05,silverstone,race,max_verstappen,Max Verstappen,toro_rosso,Toro Rosso,16,R,13,0,3,Spun off
2015,9,British Grand Prix,2015-07-05,silverstone,race,grosjean,Romain Grosjean,lotus_f1,Lotus F1,17,R,12,0,0,Collision
2015,9,British Grand Prix,2015-07-05,silverstone,race,maldonado,Pastor Maldonado,lotus_f1,Lotus F1,18,R,14,0,0,Collision
2015,9,British Grand Prix,2015-07-05,silverstone,race,button,Jenson Button,mclaren,McLaren,19,R,18,0,0,Collision
2015,9,British Grand Prix,2015-07-05,silverstone,race,nasr,Felipe Nasr,sauber,Sauber,20,W,16,0,0,Gearbox
2015,10,Hungarian Grand Prix,2015-07-26,hungaroring,race,vettel,Sebastian Vettel,ferrari,Ferrari,1,1,3,25,69,Finished
2015,10,Hungarian Grand Prix,2015-07-26,hungaroring,race,kvyat,Daniil Kvyat,red_bull,Red Bull,2,2,7,18,69,Finished
2015,10,Hungarian Grand Prix,2015-07-26,hungaroring,race,ricciardo,Daniel Ricciardo,red_bull,Red Bull,3,3,4,15,69,Finished
2015,10,Hungarian Grand Prix,2015-07-26,hungaroring,race,max_verstappen,Max Verstappen,toro_rosso,Toro Rosso,4,4,9,12,69,Finished
2015,10,Hungarian Grand Prix,2015-07-26,hungaroring,race,alonso,Fernando Alonso,mclaren,McLaren,5,5,15,10,69,Finished
2015,10,Hungarian Grand Prix,2015-07-26,hungaroring,race,hamilton,Lewis Hamilton,mercedes,Mercedes,6,6,1,8,69,Finished
2015,10,Hungarian Grand Prix,2015-07-26,hungaroring,race,grosjean,Romain Grosjean,lotus_f1,Lotus F1,7,7,10,6,69,Finished
2015,10,Hungarian Grand Prix,2015-07-26,hungaroring,race,rosberg,Nico Rosberg,mercedes,Mercedes,8,8,2,4,69,Finished
2015,10,Hungarian Grand Prix,2015-07-26,hungaroring,race,button,Jenson Button,mclaren,McLaren,9,9,16,2,69,Finished
2015,10,Hungarian Grand Prix,2015-07-26,hungaroring,race,ericsson,Marcus Ericsson,sauber,Sauber,10,10,17,1,69,Finished
2015,10,Hungarian Grand Prix,2015-07-26,hungaroring,race,nasr,Felipe Nasr,sauber,Sauber,11,11,18,0,69,Finished
2015,10,Hungarian Grand Prix,2015-07-26,hungaroring,race,massa,Felipe Massa,williams,Williams,12,12,8,0,69,Finished
2015,10,Hungarian Grand Prix,2015-07-26,hungaroring,race,bottas,Valtteri Bottas,williams,Williams,13,13,6,0,69,Finished
2015,10,Hungarian Grand Prix,2015-07-26,hungaroring,race,maldonado,Pastor Maldonado,lotus_f1,Lotus F1,14,14,14,0,69,Finished
2015,10,Hungarian Grand Prix,2015-07-26,hungaroring,race,merhi,Roberto Merhi,manor,Manor Marussia,15,15,19,0,67,+2 Laps
2015,10,Hungarian Grand Prix,2015-07-26,hungaroring,race,stevens,Will Stevens,manor,Manor Marussia,16,16,20,0,65,+4 Laps
2015,10,Hungarian Grand Prix,2015-07-26,hungaroring,race,sainz,Carlos Sainz,toro_rosso,Toro Rosso,17,R,12,0,60,Electrical
2015,10,Hungarian Grand Prix,2015-07-26,hungaroring,race,raikkonen,Kimi Räikkönen,ferrari,Ferrari,18,R,5,0,55,Power Unit
2015,10,Hungarian Grand Prix,2015-07-26,hungaroring,race,perez,Sergio Pérez,force_india,Force India,19,R,13,0,53,Suspension
2015,10,Hungarian Grand Prix,2015-07-26,hungaroring,race,hulkenberg,Nico Hülkenberg,force_india,Force India,20,R,11,0,41,Front wing
2015,11,Belgian Grand Prix,2015-08-23,spa,race,hamilton,Lewis Hamilton,mercedes,Mercedes,1,1,1,25,43,Finished
2015,11,Belgian Grand Prix,2015-08-23,spa,race,rosberg,Nico Rosberg,mercedes,Mercedes,2,2,2,18,43,Finished
2015,11,Belgian Grand Prix,2015-08-23,spa,race,grosjean,Romain Grosjean,lotus_f1,Lotus F1,3,3,9,15,43,Finished
2015,11,Belgian Grand Prix,2015-08-23,spa,race,kvyat,Daniil Kvyat,red_bull,Red Bull,4,4,12,12,43,Finished
2015,11,Belgian Grand Prix,2015-08-23,spa,race,perez,Sergio Pérez,force_india,Force India,5,5,4,10,43,Finished
2015,11,Belgian Grand Prix,2015-08-23,spa,race,massa,Felipe Massa,williams,Williams,6,6,6,8,43,Finished
2015,11,Belgian Grand Prix,2015-08-23,spa,race,raikkonen,Kimi Räikkönen,ferrari,Ferrari,7,7,16,6,43,Finished
2015,11,Belgian Grand Prix,2015-08-23,spa,race,max_verstappen,Max Verstappen,toro_rosso,Toro Rosso,8,8,18,4,43,Finished
2015,11,Belgian Grand Prix,2015-08-23,spa,race,bottas,Valtteri Bottas,williams,Williams,9,9,3,2,43,Power Unit
2015,11,Belgian Grand Prix,2015-08-23,spa,race,ericsson,Marcus Ericsson,sauber,Sauber,10,10,13,1,43,Finished
2015,11,Belgian Grand Prix,2015-08-23,spa,race,nasr,Felipe Nasr,sauber,Sauber,11,11,14,0,43,Finished
2015,11,Belgian Grand Prix,2015-08-23,spa,race,vettel,Sebastian Vettel,ferrari,Ferrari,12,12,8,0,42,Tyre
2015,11,Belgian Grand Prix,2015-08-23,spa,race,alonso,Fernando Alonso,mclaren,McLaren,13,13,20,0,42,+1 Lap
2015,11,Belgian Grand Prix,2015-08-23,spa,race,button,Jenson Button,mclaren,McLaren,14,14,19,0,42,+1 Lap
2015,11,Belgian Grand Prix,2015-08-23,spa,race,merhi,Roberto Merhi,manor,Manor Marussia,15,15,17,0,42,+1 Lap
2015,11,Belgian Grand Prix,2015-08-23,spa,race,stevens,Will Stevens,manor,Manor Marussia,16,16,15,0,42,+1 Lap
2015,11,Belgian Grand Prix,2015-08-23,spa,race,sainz,Carlos Sainz,toro_rosso,Toro Rosso,17,R,10,0,32,Power Unit
2015,11,Belgian Grand Prix,2015-08-23,spa,race,ricciardo,Daniel Ricciardo,red_bull,Red Bull,18,R,5,0,19,Power Unit
2015,11,Belgian Grand Prix,2015-08-23,spa,race,maldonado,Pastor Maldonado,lotus_f1,Lotus F1,19,R,7,0,2,Engine
2015,11,Belgian Grand Prix,2015-08-23,spa,race,hulkenberg,Nico Hülkenberg,force_india,Force India,20,W,11,0,0,Power loss
2015,12,Italian Grand Prix,2015-09-06,monza,race,hamilton,Lewis Hamilton,mercedes,Mercedes,1,1,1,25,53,Finished
2015,12,Italian Grand Prix,2015-09-06,monza,race,vettel,Sebastian Vettel,ferrari,Ferrari,2,2,3,18,53,Finished
2015,12,Italian Grand Prix,2015-09-06,monza,race,massa,Felipe Massa,williams,Williams,3,3,5,15,53,Finished
2015,12,Italian Grand Prix,2015-09-06,monza,race,bottas,Valtteri Bottas,williams,Williams,4,4,6,12,53,Finished
2015,12,Italian Grand Prix,2015-09-06,monza,race,raikkonen,Kimi Räikkönen,ferrari,Ferrari,5,5,2,10,53,Finished
2015,12,Italian Grand Prix,2015-09-06,monza,race,perez,Sergio Pérez,force_india,Force India,6,6,7,8,53,Finished
2015,12,Italian Grand Prix,2015-09-06,monza,race,hulkenberg,Nico Hülkenberg,force_india,Force India,7,7,9,6,52,+1 Lap
2015,12,Italian Grand Prix,2015-09-06,monza,race,ricciardo,Daniel Ricciardo,red_bull,Red Bull,8,8,19,4,52,+1 Lap
2015,12,Italian Grand Prix,2015-09-06,monza,race,ericsson,Marcus Ericsson,sauber,Sauber,9,9,12,2,52,+1 Lap
2015,12,Italian Grand Prix,2015-09-06,monza,race,kvyat,Daniil Kvyat,red_bull,Red Bull,10,10,18,1,52,+1 Lap
2015,12,Italian Grand Prix,2015-09-06,monza,race,sainz,Carlos Sainz,toro_rosso,Toro Rosso,11,11,17,0,52,+1 Lap
2015,12,Italian Grand Prix,2015-09-06,monza,race,max_verstappen,Max Verstappen,toro_rosso,Toro Rosso,12,12,20,0,52,+1 Lap
2015,12,Italian Grand Prix,2015-09-06,monza,race,nasr,Felipe Nasr,sauber,Sauber,13,13,17,0,52,+1 Lap
2015,12,Italian Grand Prix,2015-09-06,monza,race,button,Jenson Button,mclaren,McLaren,14,14,15,0,52,+1 Lap
2015,12,Italian Grand Prix,2015-09-06,monza,race,stevens,Will Stevens,manor,Manor Marussia,15,15,13,0,51,+2 Laps
2015,12,Italian Grand Prix,2015-09-06,monza,race,merhi,Roberto Merhi,manor,Manor Marussia,16,16,14,0,51,+2 Laps
2015,12,Italian Grand Prix,2015-09-06,monza,race,rosberg,Nico Rosberg,mercedes,Mercedes,17,17,4,0,50,+3 Laps
2015,12,Italian Grand Prix,2015-09-06,monza,race,alonso,Fernando Alonso,mclaren,McLaren,18,18,16,0,47,+6 Laps
2015,12,Italian Grand Prix,2015-09-06,monza,race,grosjean,Romain Grosjean,lotus_f1,Lotus F1,19,R,8,0,1,Collision damage
2015,12,Italian Grand Prix,2015-09-06,monza,race,maldonado,Pastor Maldonado,lotus_f1,Lotus F1,20,R,10,0,1,Collision damage
2015,13,Singapore Grand Prix,2015-09-20,marina_bay,race,vettel,Sebastian Vettel,ferrari,Ferrari,1,1,1,25,61,Finished
2015,13,Singapore Grand Prix,2015-09-20,marina_bay,race,ricciardo,Daniel Ricciardo,red_bull,Red Bull,2,2,2,18,61,Finished
2015,13,Singapore Grand Prix,2015-09-20,marina_bay,race,raikkonen,Kimi Räikkönen,ferrari,Ferrari,3,3,3,15,61,Finished
2015,13,Singapore Grand Prix,2015-09-20,marina_bay,race,rosberg,Nico Rosberg,mercedes,Mercedes,4,4,6,12,61,Finished
2015,13,Singapore Grand Prix,2015-09-20,marina_bay,race,bottas,Valtteri Bottas,williams,Williams,5,5,7,10,61,Finished
2015,13,Singapore Grand Prix,2015-09-20,marina_bay,race,kvyat,Daniil Kvyat,red_bull,Red Bull,6,6,4,8,61,Finished
2015,13,Singapore Grand Prix,2015-09-20,marina_bay,race,perez,Sergio Pérez,force_india,Force India,7,7,13,6,61,Finished
2015,13,Singapore Grand Prix,2015-09-20,marina_bay,race,max_verstappen,Max Verstappen,toro_rosso,Toro Rosso,8,8,8,4,61,Finished
2015,13,Singapore Grand Prix,2015-09-20,marina_bay,race,sainz,Carlos Sainz,toro_rosso,Toro Rosso,9,9,14,2,61,Finished
2015,13,Singapore Grand Prix,2015-09-20,marina_bay,race,nasr,Felipe Nasr,sauber,Sauber,10,10,16,1,61,Finished
2015,13,Singapore Grand Prix,2015-09-20,marina_bay,race,ericsson,Marcus Ericsson,sauber,Sauber,11,11,17,0,61,Finished
2015,13,Singapore Grand Prix,2015-09-20,marina_bay,race,maldonado,Pastor Maldonado,lotus_f1,Lotus F1,12,12,18,0,61,Finished
2015,13,Singapore Grand Prix,2015-09-20,marina_bay,race,grosjean,Romain Grosjean,lotus_f1,Lotus F1,13,13,10,0,59,Tyre
2015,13,Singapore Grand Prix,2015-09-20,marina_bay,race,rossi,Alexander Rossi,manor,Manor Marussia,14,14,20,0,59,+2 Laps
2015,13,Singapore Grand Prix,2015-09-20,marina_bay,race,stevens,Will Stevens,manor,Manor Marussia,15,15,19,0,59,+2 Laps
2015,13,Singapore Grand Prix,2015-09-20,marina_bay,race,button,Jenson Button,mclaren,McLaren,16,R,15,0,52,Gearbox
2015,13,Singapore Grand Prix,2015-09-20,marina_bay,race,alonso,Fernando Alonso,mclaren,McLaren,17,R,12,0,33,Gearbox
2015,13,Singapore Grand Prix,2015-09-20,marina_bay,race,hamilton,Lewis Hamilton,mercedes,Mercedes,18,R,5,0,32,Throttle
2015,13,Singapore Grand Prix,2015-09-20,marina_bay,race,massa,Felipe Massa,williams,Williams,19,R,9,0,30,Gearbox
2015,13,Singapore Grand Prix,2015-09-20,marina_bay,race,hulkenberg,Nico Hülkenberg,force_india,Force India,20,R,11,0,12,Collision
2015,14,Japanese Grand Prix,2015-09-27,suzuka,race,hamilton,Lewis Hamilton,mercedes,Mercedes,1,1,2,25,53,Finished
2015,14,Japanese Grand Prix,2015-09-27,suzuka,race,rosberg,Nico Rosberg,mercedes,Mercedes,2,2,1,18,53,Finished
2015,14,Japanese Grand Prix,2015-09-27,suzuka,race,vettel,Sebastian Vettel,ferrari,Ferrari,3,3,4,15,53,Finished
2015,14,Japanese Grand Prix,2015-09-27,suzuka,race,raikkonen,Kimi Räikkönen,ferrari,Ferrari,4,4,6,12,53,Finished
2015,14,Japanese Grand Prix,2015-09-27,suzuka,race,bottas,Valtteri Bottas,williams,Williams,5,5,3,10,53,Finished
2015,14,Japanese Grand Prix,2015-09-27,suzuka,race,hulkenberg,Nico Hülkenberg,force_india,Force India,6,6,13,8,53,Finished
2015,14,Japanese Grand Prix,2015-09-27,suzuka,race,grosjean,Romain Grosjean,lotus_f1,Lotus F1,7,7,8,6,53,Finished
2015,14,Japanese Grand Prix,2015-09-27,suzuka,race,maldonado,Pastor Maldonado,lotus_f1,Lotus F1,8,8,11,4,53,Finished
2015,14,Japanese Grand Prix,2015-09-27,suzuka,race,max_verstappen,Max Verstappen,toro_rosso,Toro Rosso,9,9,17,2,53,Finished
2015,14,Japanese Grand Prix,2015-09-27,suzuka,race,sainz,Carlos Sainz,toro_rosso,Toro Rosso,10,10,10,1,52,+1 Lap
2015,14,Japanese Grand Prix,2015-09-27,suzuka,race,alonso,Fernando Alonso,mclaren,McLaren,11,11,12,0,52,+1 Lap
2015,14,Japanese Grand Prix,2015-09-27,suzuka,race,perez,Sergio Pérez,force_india,Force India,12,12,9,0,52,+1 Lap
2015,14,Japanese Grand Prix,2015-09-27,suzuka,race,kvyat,Daniil Kvyat,red_bull,Red Bull,13,13,20,0,52,+1 Lap
2015,14,Japanese Grand Prix,2015-09-27,suzuka,race,ericsson,Marcus Ericsson,sauber,Sauber,14,14,15,0,52,+1 Lap
2015,14,Japanese Grand Prix,2015-09-27,suzuka,race,ricciardo,Daniel Ricciardo,red_bull,Red Bull,15,15,7,0,52,+1 Lap
2015,14,Japanese Grand Prix,2015-09-27,suzuka,race,button,Jenson Button,mclaren,McLaren,16,16,14,0,52,+1 Lap
2015,14,Japanese Grand Prix,2015-09-27,suzuka,race,massa,Felipe Massa,williams,Williams,17,17,5,0,51,+2 Laps
2015,14,Japanese Grand Prix,2015-09-27,suzuka,race,rossi,Alexander Rossi,manor,Manor Marussia,18,18,19,0,51,+2 Laps
2015,14,Japanese Grand Prix,2015-09-27,suzuka,race,stevens,Will Stevens,manor,Manor Marussia,19,19,18,0,50,+3 Laps
2015,14,Japanese Grand Prix,2015-09-27,suzuka,race,nasr,Felipe Nasr,sauber,Sauber,20,R,16,0,49,Retired
2015,15,Russian Grand Prix,2015-10-11,sochi,race,hamilton,Lewis Hamilton,mercedes,Mercedes,1,1,2,25,53,Finished
2015,15,Russian Grand Prix,2015-10-11,sochi,race,vettel,Sebastian Vettel,ferrari,Ferrari,2,2,4,18,53,Finished
2015,15,Russian Grand Prix,2015-10-11,sochi,race,perez,Sergio Pérez,force_india,Force India,3,3,7,15,53,Finished
2015,15,Russian Grand Prix,2015-10-11,sochi,race,massa,Felipe Massa,williams,Williams,4,4,15,12,53,Finished
2015,15,Russian Grand Prix,2015-10-11,sochi,race,kvyat,Daniil Kvyat,red_bull,Red Bull,5,5,11,10,53,Finished
2015,15,Russian Grand Prix,2015-10-11,sochi,race,nasr,Felipe Nasr,sauber,Sauber,6,6,12,8,53,Finished
2015,15,Russian Grand Prix,2015-10-11,sochi,race,maldonado,Pastor Maldonado,lotus_f1,Lotus F1,7,7,14,6,53,Finished
2015,15,Russian Grand Prix,2015-10-11,sochi,race,raikkonen,Kimi Räikkönen,ferrari,Ferrari,8,8,5,4,53,Finished
2015,15,Russian Grand Prix,2015-10-11,sochi,race,button,Jenson Button,mclaren,McLaren,9,9,13,2,53,Finished
2015,15,Russian Grand Prix,2015-10-11,sochi,race,max_verstappen,Max Verstappen,toro_rosso,Toro Rosso,10,10,9,1,53,Finished
2015,15,Russian Grand Prix,2015-10-11,sochi,race,alonso,Fernando Alonso,mclaren,McLaren,11,11,19,0,53,Finished
2015,15,Russian Grand Prix,2015-10-11,sochi,race,bottas,Valtteri Bottas,williams,Williams,12,12,3,0,52,Collision
2015,15,Russian Grand Prix,2015-10-11,sochi,race,merhi,Roberto Merhi,manor,Manor Marussia,13,13,18,0,52,+1 Lap
2015,15,Russian Grand Prix,2015-10-11,sochi,race,stevens,Will Stevens,manor,Manor Marussia,14,14,17,0,51,+2 Laps
2015,15,Russian Grand Prix,2015-10-11,sochi,race,ricciardo,Daniel Ricciardo,red_bull,Red Bull,15,15,10,0,47,Suspension
2015,15,Russian Grand Prix,2015-10-11,sochi,race,sainz,Carlos Sainz,toro_rosso,Toro Rosso,16,R,20,0,45,Brakes
2015,15,Russian Grand Prix,2015-10-11,sochi,race,grosjean,Romain Grosjean,lotus_f1,Lotus F1,17,R,8,0,11,Accident
2015,15,Russian Grand Prix,2015-10-11,sochi,race,rosberg,Nico Rosberg,mercedes,Mercedes,18,R,1,0,7,Throttle
2015,15,Russian Grand Prix,2015-10-11,sochi,race,hulkenberg,Nico Hülkenberg,force_india,Force India,19,R,6,0,0,Collision
2015,15,Russian Grand Prix,2015-10-11,sochi,race,ericsson,Marcus Ericsson,sauber,Sauber,20,R,17,0,0,Collision
2015,16,United States Grand Prix,2015-10-25,americas,race,hamilton,Lewis Hamilton,mercedes,Mercedes,1,1,2,25,56,Finished
2015,16,United States Grand Prix,2015-10-25,americas,race,rosberg,Nico Rosberg,mercedes,Mercedes,2,2,1,18,56,Finished
2015,16,United States Grand Prix,2015-10-25,americas,race,vettel,Sebastian Vettel,ferrari,Ferrari,3,3,13,15,56,Finished
2015,16,United States Grand Prix,2015-10-25,americas,race,max_verstappen,Max Verstappen,toro_rosso,Toro Rosso,4,4,8,12,56,Finished
2015,16,United States Grand Prix,2015-10-25,americas,race,perez,Sergio Pérez,force_india,Force India,5,5,5,10,56,Finished
2015,16,United States Grand Prix,2015-10-25,americas,race,button,Jenson Button,mclaren,McLaren,6,6,11,8,56,Finished
2015,16,United States Grand Prix,2015-10-25,americas,race,sainz,Carlos Sainz,toro_rosso,Toro Rosso,7,7,20,6,56,Finished
2015,16,United States Grand Prix,2015-10-25,americas,race,maldonado,Pastor Maldonado,lotus_f1,Lotus F1,8,8,12,4,56,Finished
2015,16,United States Grand Prix,2015-10-25,americas,race,nasr,Felipe Nasr,sauber,Sauber,9,9,15,2,56,Finished
2015,16,United States Grand Prix,2015-10-25,americas,race,ricciardo,Daniel Ricciardo,red_bull,Red Bull,10,10,3,1,56,Finished
2015,16,United States Grand Prix,2015-10-25,americas,race,alonso,Fernando Alonso,mclaren,McLaren,11,11,9,0,56,Finished
2015,16,United States Grand Prix,2015-10-25,americas,race,rossi,Alexander Rossi,manor,Manor Marussia,12,12,17,0,56,Finished
2015,16,United States Grand Prix,2015-10-25,americas,race,kvyat,Daniil Kvyat,red_bull,Red Bull,13,R,4,0,41,Accident
2015,16,United States Grand Prix,2015-10-25,americas,race,hulkenberg,Nico Hülkenberg,force_india,Force India,14,R,6,0,35,Accident
2015,16,United States Grand Prix,2015-10-25,americas,race,ericsson,Marcus Ericsson,sauber,Sauber,15,R,14,0,25,Retired
2015,16,United States Grand Prix,2015-10-25,americas,race,raikkonen,Kimi Räikkönen,ferrari,Ferrari,16,R,18,0,25,Brake duct
2015,16,United States Grand Prix,2015-10-25,americas,race,massa,Felipe Massa,williams,Williams,17,R,7,0,23,Retired
2015,16,United States Grand Prix,2015-10-25,americas,race,grosjean,Romain Grosjean,lotus_f1,Lotus F1,18,R,10,0,10,Retired
2015,16,United States Grand Prix,2015-10-25,americas,race,bottas,Valtteri Bottas,williams,Williams,19,R,16,0,5,Retired
2015,16,United States Grand Prix,2015-10-25,americas,race,stevens,Will Stevens,manor,Manor Marussia,20,R,19,0,1,Retired
2015,17,Mexican Grand Prix,2015-11-01,rodriguez,race,rosberg,Nico Rosberg,mercedes,Mercedes,1,1,1,25,71,Finished
2015,17,Mexican Grand Prix,2015-11-01,rodriguez,race,hamilton,Lewis Hamilton,mercedes,Mercedes,2,2,2,18,71,Finished
2015,17,Mexican Grand Prix,2015-11-01,rodriguez,race,bottas,Valtteri Bottas,williams,Williams,3,3,6,15,71,Finished
2015,17,Mexican Grand Prix,2015-11-01,rodriguez,race,kvyat,Daniil Kvyat,red_bull,Red Bull,4,4,4,12,71,Finished
2015,17,Mexican Grand Prix,2015-11-01,rodriguez,race,ricciardo,Daniel Ricciardo,red_bull,Red Bull,5,5,5,10,71,Finished
2015,17,Mexican Grand Prix,2015-11-01,rodriguez,race,massa,Felipe Massa,williams,Williams,6,6,7,8,71,Finished
2015,17,Mexican Grand Prix,2015-11-01,rodriguez,race,hulkenberg,Nico Hülkenberg,force_india,Force India,7,7,10,6,71,Finished
2015,17,Mexican Grand Prix,2015-11-01,rodriguez,race,perez,Sergio Pérez,force_india,Force India,8,8,9,4,71,Finished
2015,17,Mexican Grand Prix,2015-11-01,rodriguez,race,max_verstappen,Max Verstappen,toro_rosso,Toro Rosso,9,9,8,2,71,Finished
2015,17,Mexican Grand Prix,2015-11-01,rodriguez,race,grosjean,Romain Grosjean,lotus_f1,Lotus F1,10,10,12,1,71,Finished
2015,17,Mexican Grand Prix,2015-11-01,rodriguez,race,maldonado,Pastor Maldonado,lotus_f1,Lotus F1,11,11,13,0,71,Finished
2015,17,Mexican Grand Prix,2015-11-01,rodriguez,race,ericsson,Marcus Ericsson,sauber,Sauber,12,12,14,0,71,Finished
2015,17,Mexican Grand Prix,2015-11-01,rodriguez,race,sainz,Carlos Sainz,toro_rosso,Toro Rosso,13,13,11,0,71,Finished
2015,17,Mexican Grand Prix,2015-11-01,rodriguez,race,button,Jenson Button,mclaren,McLaren,14,14,20,0,71,Finished
2015,17,Mexican Grand Prix,2015-11-01,rodriguez,race,rossi,Alexander Rossi,manor,Manor Marussia,15,15,16,0,69,+2 Laps
2015,17,Mexican Grand Prix,2015-11-01,rodriguez,race,stevens,Will Stevens,manor,Manor Marussia,16,16,17,0,69,+2 Laps
2015,17,Mexican Grand Prix,2015-11-01,rodriguez,race,nasr,Felipe Nasr,sauber,Sauber,17,R,15,0,57,Brakes
2015,17,Mexican Grand Prix,2015-11-01,rodriguez,race,vettel,Sebastian Vettel,ferrari,Ferrari,18,R,3,0,50,Accident
2015,17,Mexican Grand Prix,2015-11-01,rodriguez,race,raikkonen,Kimi Räikkönen,ferrari,Ferrari,19,R,19,0,21,Collision
2015,17,Mexican Grand Prix,2015-11-01,rodriguez,race,alonso,Fernando Alonso,mclaren,McLaren,20,R,18,0,1,Retired
2015,18,Brazilian Grand Prix,2015-11-15,interlagos,race,rosberg,Nico Rosberg,mercedes,Mercedes,1,1,1,25,71,Finished
2015,18,Brazilian Grand Prix,2015-11-15,interlagos,race,hamilton,Lewis Hamilton,mercedes,Mercedes,2,2,2,18,71,Finished
2015,18,Brazilian Grand Prix,2015-11-15,interlagos,race,vettel,Sebastian Vettel,ferrari,Ferrari,3,3,3,15,71,Finished
2015,18,Brazilian Grand Prix,2015-11-15,interlagos,race,raikkonen,Kimi Räikkönen,ferrari,Ferrari,4,4,4,12,71,Finished
2015,18,Brazilian Grand Prix,2015-11-15,interlagos,race,bottas,Valtteri Bottas,williams,Williams,5,5,7,10,70,+1 Lap
2015,18,Brazilian Grand Prix,2015-11-15,interlagos,race,hulkenberg,Nico Hülkenberg,force_india,Force India,6,6,5,8,70,+1 Lap
2015,18,Brazilian Grand Prix,2015-11-15,interlagos,race,kvyat,Daniil Kvyat,red_bull,Red Bull,7,7,6,6,70,+1 Lap
2015,18,Brazilian Grand Prix,2015-11-15,interlagos,race,grosjean,Romain Grosjean,lotus_f1,Lotus F1,8,8,14,4,70,+1 Lap
2015,18,Brazilian Grand Prix,2015-11-15,interlagos,race,max_verstappen,Max Verstappen,toro_rosso,Toro Rosso,9,9,9,2,70,+1 Lap
2015,18,Brazilian Grand Prix,2015-11-15,interlagos,race,maldonado,Pastor Maldonado,lotus_f1,Lotus F1,10,10,15,1,70,+1 Lap
2015,18,Brazilian Grand Prix,2015-11-15,interlagos,race,ricciardo,Daniel Ricciardo,red_bull,Red Bull,11,11,19,0,70,+1 Lap
2015,18,Brazilian Grand Prix,2015-11-15,interlagos,race,perez,Sergio Pérez,force_india,Force India,12,12,11,0,70,+1 Lap
2015,18,Brazilian Grand Prix,2015-11-15,interlagos,race,nasr,Felipe Nasr,sauber,Sauber,13,13,13,0,70,+1 Lap
2015,18,Brazilian Grand Prix,2015-11-15,interlagos,race,button,Jenson Button,mclaren,McLaren,14,14,16,0,70,+1 Lap
2015,18,Brazilian Grand Prix,2015-11-15,interlagos,race,alonso,Fernando Alonso,mclaren,McLaren,15,15,20,0,70,+1 Lap
2015,18,Brazilian Grand Prix,2015-11-15,interlagos,race,ericsson,Marcus Ericsson,sauber,Sauber,16,16,12,0,69,+2 Laps
2015,18,Brazilian Grand Prix,2015-11-15,interlagos,race,stevens,Will Stevens,manor,Manor Marussia,17,17,18,0,67,+4 Laps
2015,18,Brazilian Grand Prix,2015-11-15,interlagos,race,rossi,Alexander Rossi,manor,Manor Marussia,18,18,17,0,67,+4 Laps
2015,18,Brazilian Grand Prix,2015-11-15,interlagos,race,sainz,Carlos Sainz,toro_rosso,Toro Rosso,19,R,10,0,0,Retired
2015,18,Brazilian Grand Prix,2015-11-15,interlagos,race,massa,Felipe Massa,williams,Williams,20,D,8,0,70,Excluded
2015,19,Abu Dhabi Grand Prix,2015-11-29,yas_marina,race,rosberg,Nico Rosberg,mercedes,Mercedes,1,1,1,25,55,Finished
2015,19,Abu Dhabi Grand Prix,2015-11-29,yas_marina,race,hamilton,Lewis Hamilton,mercedes,Mercedes,2,2,2,18,55,Finished
2015,19,Abu Dhabi Grand Prix,2015-11-29,yas_marina,race,raikkonen,Kimi Räikkönen,ferrari,Ferrari,3,3,3,15,55,Finished
2015,19,Abu Dhabi Grand Prix,2015-11-29,yas_marina,race,vettel,Sebastian Vettel,ferrari,Ferrari,4,4,15,12,55,Finished
2015,19,Abu Dhabi Grand Prix,2015-11-29,yas_marina,race,perez,Sergio Pérez,force_india,Force India,5,5,4,10,55,Finished
2015,19,Abu Dhabi Grand Prix,2015-11-29,yas_marina,race,ricciardo,Daniel Ricciardo,red_bull,Red Bull,6,6,5,8,55,Finished
2015,19,Abu Dhabi Grand Prix,2015-11-29,yas_marina,race,hulkenberg,Nico Hülkenberg,force_india,Force India,7,7,7,6,55,Finished
2015,19,Abu Dhabi Grand Prix,2015-11-29,yas_marina,race,massa,Felipe Massa,williams,Williams,8,8,8,4,55,Finished
2015,19,Abu Dhabi Grand Prix,2015-11-29,yas_marina,race,grosjean,Romain Grosjean,lotus_f1,Lotus F1,9,9,18,2,55,Finished
2015,19,Abu Dhabi Grand Prix,2015-11-29,yas_marina,race,kvyat,Daniil Kvyat,red_bull,Red Bull,10,10,9,1,55,Finished
2015,19,Abu Dhabi Grand Prix,2015-11-29,yas_marina,race,sainz,Carlos Sainz,toro_rosso,Toro Rosso,11,11,10,0,55,Finished
2015,19,Abu Dhabi Grand Prix,2015-11-29,yas_marina,race,button,Jenson Button,mclaren,McLaren,12,12,12,0,54,+1 Lap
2015,19,Abu Dhabi Grand Prix,2015-11-29,yas_marina,race,bottas,Valtteri Bottas,williams,Williams,13,13,6,0,54,+1 Lap
2015,19,Abu Dhabi Grand Prix,2015-11-29,yas_marina,race,ericsson,Marcus Ericsson,sauber,Sauber,14,14,17,0,54,+1 Lap
2015,19,Abu Dhabi Grand Prix,2015-11-29,yas_marina,race,nasr,Felipe Nasr,sauber,Sauber,15,15,14,0,54,+1 Lap
2015,19,Abu Dhabi Grand Prix,2015-11-29,yas_marina,race,max_verstappen,Max Verstappen,toro_rosso,Toro Rosso,16,16,11,0,54,+1 Lap
2015,19,Abu Dhabi Grand Prix,2015-11-29,yas_marina,race,alonso,Fernando Alonso,mclaren,McLaren,17,17,16,0,53,+2 Laps
2015,19,Abu Dhabi Grand Prix,2015-11-29,yas_marina,race,stevens,Will Stevens,manor,Manor Marussia,18,18,19,0,53,+2 Laps
2015,19,Abu Dhabi Grand Prix,2015-11-29,yas_marina,race,merhi,Roberto Merhi,manor,Manor Marussia,19,19,20,0,52,+3 Laps
2015,19,Abu Dhabi Grand Prix,2015-11-29,yas_marina,race,maldonado,Pastor Maldonado,lotus_f1,Lotus F1,20,R,13,0,0,Collision
2016,1,Australian Grand Prix,2016-03-20,albert_park,race,rosberg,Nico Rosberg,mercedes,Mercedes,1,1,2,25,57,Finished
2016,1,Australian Grand Prix,2016-03-20,albert_park,race,hamilton,Lewis Hamilton,mercedes,Mercedes,2,2,1,18,57,Finished
2016,1,Australian Grand Prix,2016-03-20,albert_park,race,vettel,Sebastian Vettel,ferrari,Ferrari,3,3,3,15,57,Finished
2016,1,Australian Grand Prix,2016-03-20,albert_park,race,ricciardo,Daniel Ricciardo,red_bull,Red Bull,4,4,8,12,57,Finished
2016,1,Australian Grand Prix,2016-03-20,albert_park,race,massa,Felipe Massa,williams,Williams,5,5,6,10,57,Finished
2016,1,Australian Grand Prix,2016-03-20,albert_park,race,grosjean,Romain Grosjean,haas,Haas F1 Team,6,6,19,8,57,Finished
2016,1,Australian Grand Prix,2016-03-20,albert_park,race,hulkenberg,Nico Hülkenberg,force_india,Force India,7,7,10,6,57,Finished
2016,1,Australian Grand Prix,2016-03-20,albert_park,race,bottas,Valtteri Bottas,williams,Williams,8,8,16,4,57,Finished
2016,1,Australian Grand Prix,2016-03-20,albert_park,race,sainz,Carlos Sainz,toro_rosso,Toro Rosso,9,9,7,2,57,Finished
2016,1,Australian Grand Prix,2016-03-20,albert_park,race,max_verstappen,Max Verstappen,toro_rosso,Toro Rosso,10,10,5,1,57,Finished
2016,1,Australian Grand Prix,2016-03-20,albert_park,race,jolyon_palmer,Jolyon Palmer,renault,Renault,11,11,13,0,57,Finished
2016,1,Australian Grand Prix,2016-03-20,albert_park,race,kevin_magnussen,Kevin Magnussen,renault,Renault,12,12,14,0,57,Finished
2016,1,Australian Grand Prix,2016-03-20,albert_park,race,perez,Sergio Pérez,force_india,Force India,13,13,9,0,57,Finished
2016,1,Australian Grand Prix,2016-03-20,albert_park,race,button,Jenson Button,mclaren,McLaren,14,14,12,0,56,+1 Lap
2016,1,Australian Grand Prix,2016-03-20,albert_park,race,nasr,Felipe Nasr,sauber,Sauber,15,15,17,0,56,+1 Lap
2016,1,Australian Grand Prix,2016-03-20,albert_park,race,wehrlein,Pascal Wehrlein,manor,Manor Marussia,16,16,21,0,56,+1 Lap
2016,1,Australian Grand Prix,2016-03-20,albert_park,race,ericsson,Marcus Ericsson,sauber,Sauber,17,R,15,0,38,Engine
2016,1,Australian Grand Prix,2016-03-20,albert_park,race,raikkonen,Kimi Räikkönen,ferrari,Ferrari,18,R,4,0,21,Engine
2016,1,Australian Grand Prix,2016-03-20,albert_park,race,haryanto,Rio Haryanto,manor,Manor Marussia,19,R,22,0,17,Mechanical
2016,1,Australian Grand Prix,2016-03-20,albert_park,race,gutierrez,Esteban Gutiérrez,haas,Haas F1 Team,20,R,20,0,16,Collision
2016,1,Australian Grand Prix,2016-03-20,albert_park,race,alonso,Fernando Alonso,mclaren,McLaren,21,R,11,0,16,Collision
2016,1,Australian Grand Prix,2016-03-20,albert_park,race,kvyat,Daniil Kvyat,red_bull,Red Bull,22,W,18,0,0,Retired
2016,2,Bahrain Grand Prix,2016-04-03,bahrain,race,rosberg,Nico Rosberg,mercedes,Mercedes,1,1,2,25,57,Finished
2016,2,Bahrain Grand Prix,2016-04-03,bahrain,race,raikkonen,Kimi Räikkönen,ferrari,Ferrari,2,2,4,18,57,Finished
2016,2,Bahrain Grand Prix,2016-04-03,bahrain,race,hamilton,Lewis Hamilton,mercedes,Mercedes,3,3,1,15,57,Finished
2016,2,Bahrain Grand Prix,2016-04-03,bahrain,race,ricciardo,Daniel Ricciardo,red_bull,Red Bull,4,4,5,12,57,Finished
2016,2,Bahrain Grand Prix,2016-04-03,bahrain,race,grosjean,Romain Grosjean,haas,Haas F1 Team,5,5,9,10,57,Finished
2016,2,Bahrain Grand Prix,2016-04-03,bahrain,race,max_verstappen,Max Verstappen,toro_rosso,Toro Rosso,6,6,10,8,57,Finished
2016,2,Bahrain Grand Prix,2016-04-03,bahrain,race,kvyat,Daniil Kvyat,red_bull,Red Bull,7,7,15,6,56,+1 Lap
2016,2,Bahrain Grand Prix,2016-04-03,bahrain,race,massa,Felipe Massa,williams,Williams,8,8,7,4,56,+1 Lap
2016,2,Bahrain Grand Prix,2016-04-03,bahrain,race,bottas,Valtteri Bottas,williams,Williams,9,9,6,2,56,+1 Lap
2016,2,Bahrain Grand Prix,2016-04-03,bahrain,race,vandoorne,Stoffel Vandoorne,mclaren,McLaren,10,10,12,1,56,+1 Lap
2016,2,Bahrain Grand Prix,2016-04-03,bahrain,race,kevin_magnussen,Kevin Magnussen,renault,Renault,11,11,22,0,56,+1 Lap
2016,2,Bahrain Grand Prix,2016-04-03,bahrain,race,ericsson,Marcus Ericsson,sauber,Sauber,12,12,17,0,56,+1 Lap
2016,2,Bahrain Grand Prix,2016-04-03,bahrain,race,wehrlein,Pascal Wehrlein,manor,Manor Marussia,13,13,16,0,56,+1 Lap
2016,2,Bahrain Grand Prix,2016-04-03,bahrain,race,nasr,Felipe Nasr,sauber,Sauber,14,14,21,0,56,+1 Lap
2016,2,Bahrain Grand Prix,2016-04-03,bahrain,race,hulkenberg,Nico Hülkenberg,force_india,Force India,15,15,8,0,56,+1 Lap
2016,2,Bahrain Grand Prix,2016-04-03,bahrain,race,perez,Sergio Pérez,force_india,Force India,16,16,18,0,56,+1 Lap
2016,2,Bahrain Grand Prix,2016-04-03,bahrain,race,haryanto,Rio Haryanto,manor,Manor Marussia,17,17,20,0,56,+1 Lap
2016,2,Bahrain Grand Prix,2016-04-03,bahrain,race,sainz,Carlos Sainz,toro_rosso,Toro Rosso,18,R,11,0,29,Retired
2016,2,Bahrain Grand Prix,2016-04-03,bahrain,race,gutierrez,Esteban Gutiérrez,haas,Haas F1 Team,19,R,13,0,9,Retired
2016,2,Bahrain Grand Prix,2016-04-03,bahrain,race,button,Jenson Button,mclaren,McLaren,20,R,14,0,6,Power Unit
2016,2,Bahrain Grand Prix,2016-04-03,bahrain,race,vettel,Sebastian Vettel,ferrari,Ferrari,21,W,3,0,0,Engine
2016,2,Bahrain Grand Prix,2016-04-03,bahrain,race,jolyon_palmer,Jolyon Palmer,renault,Renault,22,W,19,0,0,Hydraulics
2016,3,Chinese Grand Prix,2016-04-17,shanghai,race,rosberg,Nico Rosberg,mercedes,Mercedes,1,1,1,25,56,Finished
2016,3,Chinese Grand Prix,2016-04-17,shanghai,race,vettel,Sebastian Vettel,ferrari,Ferrari,2,2,4,18,56,Finished
2016,3,Chinese Grand Prix,2016-04-17,shanghai,race,kvyat,Daniil Kvyat,red_bull,Red Bull,3,3,6,15,56,Finished
2016,3,Chinese Grand Prix,2016-04-17,shanghai,race,ricciardo,Daniel Ricciardo,red_bull,Red Bull,4,4,2,12,56,Finished
2016,3,Chinese Grand Prix,2016-04-17,shanghai,race,raikkonen,Kimi Räikkönen,ferrari,Ferrari,5,5,3,10,56,Finished
2016,3,Chinese Grand Prix,2016-04-17,shanghai,race,massa,Felipe Massa,williams,Williams,6,6,10,8,56,Finished
2016,3,Chinese Grand Prix,2016-04-17,shanghai,race,hamilton,Lewis Hamilton,mercedes,Mercedes,7,7,22,6,56,Finished
2016,3,Chinese Grand Prix,2016-04-17,shanghai,race,max_verstappen,Max Verstappen,toro_rosso,Toro Rosso,8,8,9,4,56,Finished
2016,3,Chinese Grand Prix,2016-04-17,shanghai,race,sainz,Carlos Sainz,toro_rosso,Toro Rosso,9,9,8,2,56,Finished
2016,3,Chinese Grand Prix,2016-04-17,shanghai,race,bottas,Valtteri Bottas,williams,Williams,10,10,5,1,56,Finished
2016,3,Chinese Grand Prix,2016-04-17,shanghai,race,perez,Sergio Pérez,force_india,Force India,11,11,7,0,56,Finished
2016,3,Chinese Grand Prix,2016-04-17,shanghai,race,alonso,Fernando Alonso,mclaren,McLaren,12,12,11,0,56,Finished
2016,3,Chinese Grand Prix,2016-04-17,shanghai,race,button,Jenson Button,mclaren,McLaren,13,13,12,0,56,Finished
2016,3,Chinese Grand Prix,2016-04-17,shanghai,race,gutierrez,Esteban Gutiérrez,haas,Haas F1 Team,14,14,18,0,55,+1 Lap
2016,3,Chinese Grand Prix,2016-04-17,shanghai,race,hulkenberg,Nico Hülkenberg,force_india,Force India,15,15,13,0,55,+1 Lap
2016,3,Chinese Grand Prix,2016-04-17,shanghai,race,ericsson,Marcus Ericsson,sauber,Sauber,16,16,15,0,55,+1 Lap
2016,3,Chinese Grand Prix,2016-04-17,shanghai,race,kevin_magnussen,Kevin Magnussen,renault,Renault,17,17,17,0,55,+1 Lap
2016,3,Chinese Grand Prix,2016-04-17,shanghai,race,wehrlein,Pascal Wehrlein,manor,Manor Marussia,18,18,21,0,55,+1 Lap
2016,3,Chinese Grand Prix,2016-04-17,shanghai,race,grosjean,Romain Grosjean,haas,Haas F1 Team,19,19,14,0,55,+1 Lap
2016,3,Chinese Grand Prix,2016-04-17,shanghai,race,nasr,Felipe Nasr,sauber,Sauber,20,20,16,0,55,+1 Lap
2016,3,Chinese Grand Prix,2016-04-17,shanghai,race,haryanto,Rio Haryanto,manor,Manor Marussia,21,21,20,0,55,+1 Lap
2016,3,Chinese Grand Prix,2016-04-17,shanghai,race,jolyon_palmer,Jolyon Palmer,renault,Renault,22,22,19,0,55,+1 Lap
2016,4,Russian Grand Prix,2016-05-01,sochi,race,rosberg,Nico Rosberg,mercedes,Mercedes,1,1,1,25,53,Finished
2016,4,Russian Grand Prix,2016-05-01,sochi,race,hamilton,Lewis Hamilton,mercedes,Mercedes,2,2,10,18,53,Finished
2016,4,Russian Grand Prix,2016-05-01,sochi,race,raikkonen,Kimi Räikkönen,ferrari,Ferrari,3,3,3,15,53,Finished
2016,4,Russian Grand Prix,2016-05-01,sochi,race,bottas,Valtteri Bottas,williams,Williams,4,4,2,12,53,Finished
2016,4,Russian Grand Prix,2016-05-01,sochi,race,massa,Felipe Massa,williams,Williams,5,5,4,10,53,Finished
2016,4,Russian Grand Prix,2016-05-01,sochi,race,alonso,Fernando Alonso,mclaren,McLaren,6,6,14,8,52,+1 Lap
2016,4,Russian Grand Prix,2016-05-01,sochi,race,kevin_magnussen,Kevin Magnussen,renault,Renault,7,7,17,6,52,+1 Lap
2016,4,Russian Grand Prix,2016-05-01,sochi,race,grosjean,Romain Grosjean,haas,Haas F1 Team,8,8,15,4,52,+1 Lap
2016,4,Russian Grand Prix,2016-05-01,sochi,race,perez,Sergio Pérez,force_india,Force India,9,9,6,2,52,+1 Lap
2016,4,Russian Grand Prix,2016-05-01,sochi,race,button,Jenson Button,mclaren,McLaren,10,10,12,1,52,+1 Lap
2016,4,Russian Grand Prix,2016-05-01,sochi,race,ricciardo,Daniel Ricciardo,red_bull,Red Bull,11,11,5,0,52,+1 Lap
2016,4,Russian Grand Prix,2016-05-01,sochi,race,sainz,Carlos Sainz,toro_rosso,Toro Rosso,12,12,11,0,52,+1 Lap
2016,4,Russian Grand Prix,2016-05-01,sochi,race,jolyon_palmer,Jolyon Palmer,renault,Renault,13,13,18,0,52,+1 Lap
2016,4,Russian Grand Prix,2016-05-01,sochi,race,ericsson,Marcus Ericsson,sauber,Sauber,14,14,22,0,52,+1 Lap
2016,4,Russian Grand Prix,2016-05-01,sochi,race,kvyat,Daniil Kvyat,red_bull,Red Bull,15,15,8,0,52,+1 Lap
2016,4,Russian Grand Prix,2016-05-01,sochi,race,nasr,Felipe Nasr,sauber,Sauber,16,16,19,0,52,+1 Lap
2016,4,Russian Grand Prix,2016-05-01,sochi,race,gutierrez,Esteban Gutiérrez,haas,Haas F1 Team,17,17,16,0,52,+1 Lap
2016,4,Russian Grand Prix,2016-05-01,sochi,race,wehrlein,Pascal Wehrlein,manor,Manor Marussia,18,18,20,0,51,+2 Laps
2016,4,Russian Grand Prix,2016-05-01,sochi,race,max_verstappen,Max Verstappen,toro_rosso,Toro Rosso,19,R,9,0,33,Power Unit
2016,4,Russian Grand Prix,2016-05-01,sochi,race,vettel,Sebastian Vettel,ferrari,Ferrari,20,R,7,0,0,Collision
2016,4,Russian Grand Prix,2016-05-01,sochi,race,hulkenberg,Nico Hülkenberg,force_india,Force India,21,R,13,0,0,Collision
2016,4,Russian Grand Prix,2016-05-01,sochi,race,haryanto,Rio Haryanto,manor,Manor Marussia,22,R,21,0,0,Collision
2016,5,Spanish Grand Prix,2016-05-15,catalunya,race,max_verstappen,Max Verstappen,red_bull,Red Bull,1,1,4,25,66,Finished
2016,5,Spanish Grand Prix,2016-05-15,catalunya,race,raikkonen,Kimi Räikkönen,ferrari,Ferrari,2,2,5,18,66,Finished
2016,5,Spanish Grand Prix,2016-05-15,catalunya,race,vettel,Sebastian Vettel,ferrari,Ferrari,3,3,6,15,66,Finished
2016,5,Spanish Grand Prix,2016-05-15,catalunya,race,ricciardo,Daniel Ricciardo,red_bull,Red Bull,4,4,3,12,66,Finished
2016,5,Spanish Grand Prix,2016-05-15,catalunya,race,bottas,Valtteri Bottas,williams,Williams,5,5,7,10,66,Finished
2016,5,Spanish Grand Prix,2016-05-15,catalunya,race,sainz,Carlos Sainz,toro_rosso,Toro Rosso,6,6,8,8,66,Finished
2016,5,Spanish Grand Prix,2016-05-15,catalunya,race,perez,Sergio Pérez,force_india,Force India,7,7,9,6,66,Finished
2016,5,Spanish Grand Prix,2016-05-15,catalunya,race,massa,Felipe Massa,williams,Williams,8,8,18,4,66,Finished
2016,5,Spanish Grand Prix,2016-05-15,catalunya,race,button,Jenson Button,mclaren,McLaren,9,9,12,2,65,+1 Lap
2016,5,Spanish Grand Prix,2016-05-15,catalunya,race,kvyat,Daniil Kvyat,toro_rosso,Toro Rosso,10,10,13,1,65,+1 Lap
2016,5,Spanish Grand Prix,2016-05-15,catalunya,race,gutierrez,Esteban Gutiérrez,haas,Haas F1 Team,11,11,16,0,65,+1 Lap
2016,5,Spanish Grand Prix,2016-05-15,catalunya,race,ericsson,Marcus Ericsson,sauber,Sauber,12,12,19,0,65,+1 Lap
2016,5,Spanish Grand Prix,2016-05-15,catalunya,race,jolyon_palmer,Jolyon Palmer,renault,Renault,13,13,17,0,65,+1 Lap
2016,5,Spanish Grand Prix,2016-05-15,catalunya,race,kevin_magnussen,Kevin Magnussen,renault,Renault,14,14,15,0,65,+1 Lap
2016,5,Spanish Grand Prix,2016-05-15,catalunya,race,nasr,Felipe Nasr,sauber,Sauber,15,15,20,0,65,+1 Lap
2016,5,Spanish Grand Prix,2016-05-15,catalunya,race,wehrlein,Pascal Wehrlein,manor,Manor Marussia,16,16,21,0,65,+1 Lap
2016,5,Spanish Grand Prix,2016-05-15,catalunya,race,haryanto,Rio Haryanto,manor,Manor Marussia,17,17,22,0,65,+1 Lap
2016,5,Spanish Grand Prix,2016-05-15,catalunya,race,grosjean,Romain Grosjean,haas,Haas F1 Team,18,R,14,0,56,Engine
2016,5,Spanish Grand Prix,2016-05-15,catalunya,race,alonso,Fernando Alonso,mclaren,McLaren,19,R,10,0,45,Engine
2016,5,Spanish Grand Prix,2016-05-15,catalunya,race,hulkenberg,Nico Hülkenberg,force_india,Force India,20,R,11,0,20,Engine
2016,5,Spanish Grand Prix,2016-05-15,catalunya,race,hamilton,Lewis Hamilton,mercedes,Mercedes,21,R,1,0,0,Collision
2016,5,Spanish Grand Prix,2016-05-15,catalunya,race,rosberg,Nico Rosberg,mercedes,Mercedes,22,R,2,0,0,Collision
2016,6,Monaco Grand Prix,2016-05-29,monaco,race,hamilton,Lewis Hamilton,mercedes,Mercedes,1,1,3,25,78,Finished
2016,6,Monaco Grand Prix,2016-05-29,monaco,race,ricciardo,Daniel Ricciardo,red_bull,Red Bull,2,2,1,18,78,Finished
2016,6,Monaco Grand Prix,2016-05-29,monaco,race,perez,Sergio Pérez,force_india,Force India,3,3,7,15,78,Finished
2016,6,Monaco Grand Prix,2016-05-29,monaco,race,vettel,Sebastian Vettel,ferrari,Ferrari,4,4,4,12,78,Finished
2016,6,Monaco Grand Prix,2016-05-29,monaco,race,alonso,Fernando Alonso,mclaren,McLaren,5,5,9,10,78,Finished
2016,6,Monaco Grand Prix,2016-05-29,monaco,race,hulkenberg,Nico Hülkenberg,force_india,Force India,6,6,5,8,78,Finished
2016,6,Monaco Grand Prix,2016-05-29,monaco,race,rosberg,Nico Rosberg,mercedes,Mercedes,7,7,2,6,78,Finished
2016,6,Monaco Grand Prix,2016-05-29,monaco,race,sainz,Carlos Sainz,toro_rosso,Toro Rosso,8,8,6,4,77,+1 Lap
2016,6,Monaco Grand Prix,2016-05-29,monaco,race,button,Jenson Button,mclaren,McLaren,9,9,13,2,77,+1 Lap
2016,6,Monaco Grand Prix,2016-05-29,monaco,race,massa,Felipe Massa,williams,Williams,10,10,14,1,77,+1 Lap
2016,6,Monaco Grand Prix,2016-05-29,monaco,race,gutierrez,Esteban Gutiérrez,haas,Haas F1 Team,11,11,12,0,77,+1 Lap
2016,6,Monaco Grand Prix,2016-05-29,monaco,race,bottas,Valtteri Bottas,williams,Williams,12,12,10,0,77,+1 Lap
2016,6,Monaco Grand Prix,2016-05-29,monaco,race,grosjean,Romain Grosjean,haas,Haas F1 Team,13,13,15,0,76,+2 Laps
2016,6,Monaco Grand Prix,2016-05-29,monaco,race,wehrlein,Pascal Wehrlein,manor,Manor Marussia,14,14,20,0,76,+2 Laps
2016,6,Monaco Grand Prix,2016-05-29,monaco,race,haryanto,Rio Haryanto,manor,Manor Marussia,15,15,19,0,74,+4 Laps
2016,6,Monaco Grand Prix,2016-05-29,monaco,race,ericsson,Marcus Ericsson,sauber,Sauber,16,R,17,0,51,Collision
2016,6,Monaco Grand Prix,2016-05-29,monaco,race,nasr,Felipe Nasr,sauber,Sauber,17,R,0,0,48,Retired
2016,6,Monaco Grand Prix,2016-05-29,monaco,race,max_verstappen,Max Verstappen,red_bull,Red Bull,18,R,0,0,34,Accident
2016,6,Monaco Grand Prix,2016-05-29,monaco,race,kevin_magnussen,Kevin Magnussen,renault,Renault,19,R,16,0,32,Retired
2016,6,Monaco Grand Prix,2016-05-29,monaco,race,kvyat,Daniil Kvyat,toro_rosso,Toro Rosso,20,R,8,0,18,Accident
2016,6,Monaco Grand Prix,2016-05-29,monaco,race,raikkonen,Kimi Räikkönen,ferrari,Ferrari,21,R,11,0,10,Accident
2016,6,Monaco Grand Prix,2016-05-29,monaco,race,jolyon_palmer,Jolyon Palmer,renault,Renault,22,R,18,0,7,Accident
2016,7,Canadian Grand Prix,2016-06-12,villeneuve,race,hamilton,Lewis Hamilton,mercedes,Mercedes,1,1,1,25,70,Finished
2016,7,Canadian Grand Prix,2016-06-12,villeneuve,race,vettel,Sebastian Vettel,ferrari,Ferrari,2,2,3,18,70,Finished
2016,7,Canadian Grand Prix,2016-06-12,villeneuve,race,bottas,Valtteri Bottas,williams,Williams,3,3,7,15,70,Finished
2016,7,Canadian Grand Prix,2016-06-12,villeneuve,race,max_verstappen,Max Verstappen,red_bull,Red Bull,4,4,5,12,70,Finished
2016,7,Canadian Grand Prix,2016-06-12,villeneuve,race,rosberg,Nico Rosberg,mercedes,Mercedes,5,5,2,10,70,Finished
2016,7,Canadian Grand Prix,2016-06-12,villeneuve,race,raikkonen,Kimi Räikkönen,ferrari,Ferrari,6,6,6,8,70,Finished
2016,7,Canadian Grand Prix,2016-06-12,villeneuve,race,ricciardo,Daniel Ricciardo,red_bull,Red Bull,7,7,4,6,70,Finished
2016,7,Canadian Grand Prix,2016-06-12,villeneuve,race,hulkenberg,Nico Hülkenberg,force_india,Force India,8,8,9,4,69,+1 Lap
2016,7,Canadian Grand Prix,2016-06-12,villeneuve,race,sainz,Carlos Sainz,toro_rosso,Toro Rosso,9,9,20,2,69,+1 Lap
2016,7,Canadian Grand Prix,2016-06-12,villeneuve,race,perez,Sergio Pérez,force_india,Force India,10,10,11,1,69,+1 Lap
2016,7,Canadian Grand Prix,2016-06-12,villeneuve,race,alonso,Fernando Alonso,mclaren,McLaren,11,11,10,0,69,+1 Lap
2016,7,Canadian Grand Prix,2016-06-12,villeneuve,race,kvyat,Daniil Kvyat,toro_rosso,Toro Rosso,12,12,15,0,69,+1 Lap
2016,7,Canadian Grand Prix,2016-06-12,villeneuve,race,gutierrez,Esteban Gutiérrez,haas,Haas F1 Team,13,13,13,0,68,+2 Laps
2016,7,Canadian Grand Prix,2016-06-12,villeneuve,race,grosjean,Romain Grosjean,haas,Haas F1 Team,14,14,14,0,68,+2 Laps
2016,7,Canadian Grand Prix,2016-06-12,villeneuve,race,ericsson,Marcus Ericsson,sauber,Sauber,15,15,21,0,68,+2 Laps
2016,7,Canadian Grand Prix,2016-06-12,villeneuve,race,kevin_magnussen,Kevin Magnussen,renault,Renault,16,16,22,0,68,+2 Laps
2016,7,Canadian Grand Prix,2016-06-12,villeneuve,race,wehrlein,Pascal Wehrlein,manor,Manor Marussia,17,17,17,0,68,+2 Laps
2016,7,Canadian Grand Prix,2016-06-12,villeneuve,race,nasr,Felipe Nasr,sauber,Sauber,18,18,18,0,68,+2 Laps
2016,7,Canadian Grand Prix,2016-06-12,villeneuve,race,haryanto,Rio Haryanto,manor,Manor Marussia,19,19,19,0,68,+2 Laps
2016,7,Canadian Grand Prix,2016-06-12,villeneuve,race,massa,Felipe Massa,williams,Williams,20,R,8,0,35,Retired
2016,7,Canadian Grand Prix,2016-06-12,villeneuve,race,jolyon_palmer,Jolyon Palmer,renault,Renault,21,R,16,0,16,Retired
2016,7,Canadian Grand Prix,2016-06-12,villeneuve,race,button,Jenson Button,mclaren,McLaren,22,R,12,0,9,Power Unit
2016,8,European Grand Prix,2016-06-19,baku,race,rosberg,Nico Rosberg,mercedes,Mercedes,1,1,1,25,51,Finished
2016,8,European Grand Prix,2016-06-19,baku,race,vettel,Sebastian Vettel,ferrari,Ferrari,2,2,3,18,51,Finished
2016,8,European Grand Prix,2016-06-19,baku,race,perez,Sergio Pérez,force_india,Force India,3,3,7,15,51,Finished
2016,8,European Grand Prix,2016-06-19,baku,race,raikkonen,Kimi Räikkönen,ferrari,Ferrari,4,4,4,12,51,Finished
2016,8,European Grand Prix,2016-06-19,baku,race,hamilton,Lewis Hamilton,mercedes,Mercedes,5,5,10,10,51,Finished
2016,8,European Grand Prix,2016-06-19,baku,race,bottas,Valtteri Bottas,williams,Williams,6,6,8,8,51,Finished
2016,8,European Grand Prix,2016-06-19,baku,race,ricciardo,Daniel Ricciardo,red_bull,Red Bull,7,7,2,6,51,Finished
2016,8,European Grand Prix,2016-06-19,baku,race,max_verstappen,Max Verstappen,red_bull,Red Bull,8,8,9,4,51,Finished
2016,8,European Grand Prix,2016-06-19,baku,race,hulkenberg,Nico Hülkenberg,force_india,Force India,9,9,12,2,51,Finished
2016,8,European Grand Prix,2016-06-19,baku,race,massa,Felipe Massa,williams,Williams,10,10,5,1,51,Finished
2016,8,European Grand Prix,2016-06-19,baku,race,button,Jenson Button,mclaren,McLaren,11,11,19,0,51,Finished
2016,8,European Grand Prix,2016-06-19,baku,race,nasr,Felipe Nasr,sauber,Sauber,12,12,15,0,50,+1 Lap
2016,8,European Grand Prix,2016-06-19,baku,race,grosjean,Romain Grosjean,haas,Haas F1 Team,13,13,11,0,50,+1 Lap
2016,8,European Grand Prix,2016-06-19,baku,race,kevin_magnussen,Kevin Magnussen,renault,Renault,14,14,22,0,50,+1 Lap
2016,8,European Grand Prix,2016-06-19,baku,race,jolyon_palmer,Jolyon Palmer,renault,Renault,15,15,21,0,50,+1 Lap
2016,8,European Grand Prix,2016-06-19,baku,race,gutierrez,Esteban Gutiérrez,haas,Haas F1 Team,16,16,14,0,50,+1 Lap
2016,8,European Grand Prix,2016-06-19,baku,race,ericsson,Marcus Ericsson,sauber,Sauber,17,17,20,0,50,+1 Lap
2016,8,European Grand Prix,2016-06-19,baku,race,haryanto,Rio Haryanto,manor,Manor Marussia,18,18,16,0,49,+2 Laps
2016,8,European Grand Prix,2016-06-19,baku,race,alonso,Fernando Alonso,mclaren,McLaren,19,R,13,0,42,Gearbox
2016,8,European Grand Prix,2016-06-19,baku,race,wehrlein,Pascal Wehrlein,manor,Manor Marussia,20,R,17,0,39,Brakes
2016,8,European Grand Prix,2016-06-19,baku,race,sainz,Carlos Sainz,toro_rosso,Toro Rosso,21,R,18,0,31,Suspension
2016,8,European Grand Prix,2016-06-19,baku,race,kvyat,Daniil Kvyat,toro_rosso,Toro Rosso,22,R,6,0,6,Suspension
2016,9,Austrian Grand Prix,2016-07-03,red_bull_ring,race,hamilton,Lewis Hamilton,mercedes,Mercedes,1,1,1,25,71,Finished
2016,9,Austrian Grand Prix,2016-07-03,red_bull_ring,race,max_verstappen,Max Verstappen,red_bull,Red Bull,2,2,8,18,71,Finished
2016,9,Austrian Grand Prix,2016-07-03,red_bull_ring,race,raikkonen,Kimi Räikkönen,ferrari,Ferrari,3,3,4,15,71,Finished
2016,9,Austrian Grand Prix,2016-07-03,red_bull_ring,race,rosberg,Nico Rosberg,mercedes,Mercedes,4,4,6,12,71,Finished
2016,9,Austrian Grand Prix,2016-07-03,red_bull_ring,race,ricciardo,Daniel Ricciardo,red_bull,Red Bull,5,5,5,10,71,Finished
2016,9,Austrian Grand Prix,2016-07-03,red_bull_ring,race,button,Jenson Button,mclaren,McLaren,6,6,3,8,71,Finished
2016,9,Austrian Grand Prix,2016-07-03,red_bull_ring,race,grosjean,Romain Grosjean,haas,Haas F1 Team,7,7,13,6,71,Finished
2016,9,Austrian Grand Prix,2016-07-03,red_bull_ring,race,sainz,Carlos Sainz,toro_rosso,Toro Rosso,8,8,15,4,71,Finished
2016,9,Austrian Grand Prix,2016-07-03,red_bull_ring,race,bottas,Valtteri Bottas,williams,Williams,9,9,7,2,70,+1 Lap
2016,9,Austrian Grand Prix,2016-07-03,red_bull_ring,race,wehrlein,Pascal Wehrlein,manor,Manor Marussia,10,10,12,1,70,+1 Lap
2016,9,Austrian Grand Prix,2016-07-03,red_bull_ring,race,gutierrez,Esteban Gutiérrez,haas,Haas F1 Team,11,11,11,0,70,+1 Lap
2016,9,Austrian Grand Prix,2016-07-03,red_bull_ring,race,jolyon_palmer,Jolyon Palmer,renault,Renault,12,12,19,0,70,+1 Lap
2016,9,Austrian Grand Prix,2016-07-03,red_bull_ring,race,nasr,Felipe Nasr,sauber,Sauber,13,13,21,0,70,+1 Lap
2016,9,Austrian Grand Prix,2016-07-03,red_bull_ring,race,kevin_magnussen,Kevin Magnussen,renault,Renault,14,14,17,0,70,+1 Lap
2016,9,Austrian Grand Prix,2016-07-03,red_bull_ring,race,ericsson,Marcus Ericsson,sauber,Sauber,15,15,18,0,70,+1 Lap
2016,9,Austrian Grand Prix,2016-07-03,red_bull_ring,race,haryanto,Rio Haryanto,manor,Manor Marussia,16,16,20,0,70,+1 Lap
2016,9,Austrian Grand Prix,2016-07-03,red_bull_ring,race,perez,Sergio Pérez,force_india,Force India,17,17,16,0,69,Brakes
2016,9,Austrian Grand Prix,2016-07-03,red_bull_ring,race,alonso,Fernando Alonso,mclaren,McLaren,18,18,14,0,64,Battery
2016,9,Austrian Grand Prix,2016-07-03,red_bull_ring,race,hulkenberg,Nico Hülkenberg,force_india,Force India,19,19,2,0,64,Brakes
2016,9,Austrian Grand Prix,2016-07-03,red_bull_ring,race,massa,Felipe Massa,williams,Williams,20,20,0,0,63,Brakes
2016,9,Austrian Grand Prix,2016-07-03,red_bull_ring,race,vettel,Sebastian Vettel,ferrari,Ferrari,21,R,9,0,26,Tyre
2016,9,Austrian Grand Prix,2016-07-03,red_bull_ring,race,kvyat,Daniil Kvyat,toro_rosso,Toro Rosso,22,R,0,0,2,Retired
2016,10,British Grand Prix,2016-07-10,silverstone,race,hamilton,Lewis Hamilton,mercedes,Mercedes,1,1,1,25,52,Finished
2016,10,British Grand Prix,2016-07-10,silverstone,race,max_verstappen,Max Verstappen,red_bull,Red Bull,2,2,3,18,52,Finished
2016,10,British Grand Prix,2016-07-10,silverstone,race,rosberg,Nico Rosberg,mercedes,Mercedes,3,3,2,15,52,Finished
2016,10,British Grand Prix,2016-07-10,silverstone,race,ricciardo,Daniel Ricciardo,red_bull,Red Bull,4,4,4,12,52,Finished
2016,10,British Grand Prix,2016-07-10,silverstone,race,raikkonen,Kimi Räikkönen,ferrari,Ferrari,5,5,5,10,52,Finished
2016,10,British Grand Prix,2016-07-10,silverstone,race,perez,Sergio Pérez,force_india,Force India,6,6,10,8,52,Finished
2016,10,British Grand Prix,2016-07-10,silverstone,race,hulkenberg,Nico Hülkenberg,force_india,Force India,7,7,8,6,52,Finished
2016,10,British Grand Prix,2016-07-10,silverstone,race,sainz,Carlos Sainz,toro_rosso,Toro Rosso,8,8,7,4,52,Finished
2016,10,British Grand Prix,2016-07-10,silverstone,race,vettel,Sebastian Vettel,ferrari,Ferrari,9,9,11,2,52,Finished
2016,10,British Grand Prix,2016-07-10,silverstone,race,kvyat,Daniil Kvyat,toro_rosso,Toro Rosso,10,10,15,1,52,Finished
2016,10,British Grand Prix,2016-07-10,silverstone,race,massa,Felipe Massa,williams,Williams,11,11,12,0,51,+1 Lap
2016,10,British Grand Prix,2016-07-10,silverstone,race,button,Jenson Button,mclaren,McLaren,12,12,17,0,51,+1 Lap
2016,10,British Grand Prix,2016-07-10,silverstone,race,alonso,Fernando Alonso,mclaren,McLaren,13,13,9,0,51,+1 Lap
2016,10,British Grand Prix,2016-07-10,silverstone,race,bottas,Valtteri Bottas,williams,Williams,14,14,6,0,51,+1 Lap
2016,10,British Grand Prix,2016-07-10,silverstone,race,nasr,Felipe Nasr,sauber,Sauber,15,15,21,0,51,+1 Lap
2016,10,British Grand Prix,2016-07-10,silverstone,race,gutierrez,Esteban Gutiérrez,haas,Haas F1 Team,16,16,14,0,51,+1 Lap
2016,10,British Grand Prix,2016-07-10,silverstone,race,kevin_magnussen,Kevin Magnussen,renault,Renault,17,17,16,0,49,Gearbox
2016,10,British Grand Prix,2016-07-10,silverstone,race,jolyon_palmer,Jolyon Palmer,renault,Renault,18,R,18,0,37,Gearbox
2016,10,British Grand Prix,2016-07-10,silverstone,race,haryanto,Rio Haryanto,manor,Manor Marussia,19,R,19,0,24,Spun off
2016,10,British Grand Prix,2016-07-10,silverstone,race,grosjean,Romain Grosjean,haas,Haas F1 Team,20,R,13,0,17,Retired
2016,10,British Grand Prix,2016-07-10,silverstone,race,ericsson,Marcus Ericsson,sauber,Sauber,21,R,22,0,11,Power Unit
2016,10,British Grand Prix,2016-07-10,silverstone,race,wehrlein,Pascal Wehrlein,manor,Manor Marussia,22,R,20,0,6,Spun off
2016,11,Hungarian Grand Prix,2016-07-24,hungaroring,race,hamilton,Lewis Hamilton,mercedes,Mercedes,1,1,2,25,70,Finished
2016,11,Hungarian Grand Prix,2016-07-24,hungaroring,race,rosberg,Nico Rosberg,mercedes,Mercedes,2,2,1,18,70,Finished
2016,11,Hungarian Grand Prix,2016-07-24,hungaroring,race,ricciardo,Daniel Ricciardo,red_bull,Red Bull,3,3,3,15,70,Finished
2016,11,Hungarian Grand Prix,2016-07-24,hungaroring,race,vettel,Sebastian Vettel,ferrari,Ferrari,4,4,5,12,70,Finished
2016,11,Hungarian Grand Prix,2016-07-24,hungaroring,race,max_verstappen,Max Verstappen,red_bull,Red Bull,5,5,4,10,70,Finished
2016,11,Hungarian Grand Prix,2016-07-24,hungaroring,race,raikkonen,Kimi Räikkönen,ferrari,Ferrari,6,6,14,8,70,Finished
2016,11,Hungarian Grand Prix,2016-07-24,hungaroring,race,alonso,Fernando Alonso,mclaren,McLaren,7,7,7,6,69,+1 Lap
2016,11,Hungarian Grand Prix,2016-07-24,hungaroring,race,sainz,Carlos Sainz,toro_rosso,Toro Rosso,8,8,6,4,69,+1 Lap
2016,11,Hungarian Grand Prix,2016-07-24,hungaroring,race,bottas,Valtteri Bottas,williams,Williams,9,9,10,2,69,+1 Lap
2016,11,Hungarian Grand Prix,2016-07-24,hungaroring,race,hulkenberg,Nico Hülkenberg,force_india,Force India,10,10,9,1,69,+1 Lap
2016,11,Hungarian Grand Prix,2016-07-24,hungaroring,race,perez,Sergio Pérez,force_india,Force India,11,11,13,0,69,+1 Lap
2016,11,Hungarian Grand Prix,2016-07-24,hungaroring,race,jolyon_palmer,Jolyon Palmer,renault,Renault,12,12,17,0,69,+1 Lap
2016,11,Hungarian Grand Prix,2016-07-24,hungaroring,race,gutierrez,Esteban Gutiérrez,haas,Haas F1 Team,13,13,15,0,69,+1 Lap
2016,11,Hungarian Grand Prix,2016-07-24,hungaroring,race,grosjean,Romain Grosjean,haas,Haas F1 Team,14,14,11,0,69,+1 Lap
2016,11,Hungarian Grand Prix,2016-07-24,hungaroring,race,kevin_magnussen,Kevin Magnussen,renault,Renault,15,15,19,0,69,+1 Lap
2016,11,Hungarian Grand Prix,2016-07-24,hungaroring,race,kvyat,Daniil Kvyat,toro_rosso,Toro Rosso,16,16,12,0,69,+1 Lap
2016,11,Hungarian Grand Prix,2016-07-24,hungaroring,race,nasr,Felipe Nasr,sauber,Sauber,17,17,16,0,69,+1 Lap
2016,11,Hungarian Grand Prix,2016-07-24,hungaroring,race,massa,Felipe Massa,williams,Williams,18,18,18,0,68,+2 Laps
2016,11,Hungarian Grand Prix,2016-07-24,hungaroring,race,wehrlein,Pascal Wehrlein,manor,Manor Marussia,19,19,20,0,68,+2 Laps
2016,11,Hungarian Grand Prix,2016-07-24,hungaroring,race,ericsson,Marcus Ericsson,sauber,Sauber,20,20,22,0,68,+2 Laps
2016,11,Hungarian Grand Prix,2016-07-24,hungaroring,race,haryanto,Rio Haryanto,manor,Manor Marussia,21,21,21,0,68,+2 Laps
2016,11,Hungarian Grand Prix,2016-07-24,hungaroring,race,button,Jenson Button,mclaren,McLaren,22,R,8,0,60,Oil leak
2016,12,German Grand Prix,2016-07-31,hockenheimring,race,hamilton,Lewis Hamilton,mercedes,Mercedes,1,1,2,25,67,Finished
2016,12,German Grand Prix,2016-07-31,hockenheimring,race,ricciardo,Daniel Ricciardo,red_bull,Red Bull,2,2,3,18,67,Finished
2016,12,German Grand Prix,2016-07-31,hockenheimring,race,max_verstappen,Max Verstappen,red_bull,Red Bull,3,3,4,15,67,Finished
2016,12,German Grand Prix,2016-07-31,hockenheimring,race,rosberg,Nico Rosberg,mercedes,Mercedes,4,4,1,12,67,Finished
2016,12,German Grand Prix,2016-07-31,hockenheimring,race,vettel,Sebastian Vettel,ferrari,Ferrari,5,5,6,10,67,Finished
2016,12,German Grand Prix,2016-07-31,hockenheimring,race,raikkonen,Kimi Räikkönen,ferrari,Ferrari,6,6,5,8,67,Finished
2016,12,German Grand Prix,2016-07-31,hockenheimring,race,hulkenberg,Nico Hülkenberg,force_india,Force India,7,7,8,6,67,Finished
2016,12,German Grand Prix,2016-07-31,hockenheimring,race,button,Jenson Button,mclaren,McLaren,8,8,12,4,66,+1 Lap
2016,12,German Grand Prix,2016-07-31,hockenheimring,race,bottas,Valtteri Bottas,williams,Williams,9,9,7,2,66,+1 Lap
2016,12,German Grand Prix,2016-07-31,hockenheimring,race,perez,Sergio Pérez,force_india,Force India,10,10,9,1,66,+1 Lap
2016,12,German Grand Prix,2016-07-31,hockenheimring,race,gutierrez,Esteban Gutiérrez,haas,Haas F1 Team,11,11,11,0,66,+1 Lap
2016,12,German Grand Prix,2016-07-31,hockenheimring,race,alonso,Fernando Alonso,mclaren,McLaren,12,12,13,0,66,+1 Lap
2016,12,German Grand Prix,2016-07-31,hockenheimring,race,grosjean,Romain Grosjean,haas,Haas F1 Team,13,13,20,0,66,+1 Lap
2016,12,German Grand Prix,2016-07-31,hockenheimring,race,sainz,Carlos Sainz,toro_rosso,Toro Rosso,14,14,15,0,66,+1 Lap
2016,12,German Grand Prix,2016-07-31,hockenheimring,race,kvyat,Daniil Kvyat,toro_rosso,Toro Rosso,15,15,18,0,66,+1 Lap
2016,12,German Grand Prix,2016-07-31,hockenheimring,race,kevin_magnussen,Kevin Magnussen,renault,Renault,16,16,16,0,66,+1 Lap
2016,12,German Grand Prix,2016-07-31,hockenheimring,race,wehrlein,Pascal Wehrlein,manor,Manor Marussia,17,17,17,0,65,+2 Laps
2016,12,German Grand Prix,2016-07-31,hockenheimring,race,ericsson,Marcus Ericsson,sauber,Sauber,18,18,22,0,65,+2 Laps
2016,12,German Grand Prix,2016-07-31,hockenheimring,race,jolyon_palmer,Jolyon Palmer,renault,Renault,19,19,14,0,65,+2 Laps
2016,12,German Grand Prix,2016-07-31,hockenheimring,race,haryanto,Rio Haryanto,manor,Manor Marussia,20,20,19,0,65,+2 Laps
2016,12,German Grand Prix,2016-07-31,hockenheimring,race,nasr,Felipe Nasr,sauber,Sauber,21,R,21,0,57,Power Unit
2016,12,German Grand Prix,2016-07-31,hockenheimring,race,massa,Felipe Massa,williams,Williams,22,R,10,0,36,Suspension
2016,13,Belgian Grand Prix,2016-08-28,spa,race,rosberg,Nico Rosberg,mercedes,Mercedes,1,1,1,25,44,Finished
2016,13,Belgian Grand Prix,2016-08-28,spa,race,ricciardo,Daniel Ricciardo,red_bull,Red Bull,2,2,5,18,44,Finished
2016,13,Belgian Grand Prix,2016-08-28,spa,race,hamilton,Lewis Hamilton,mercedes,Mercedes,3,3,21,15,44,Finished
2016,13,Belgian Grand Prix,2016-08-28,spa,race,hulkenberg,Nico Hülkenberg,force_india,Force India,4,4,7,12,44,Finished
2016,13,Belgian Grand Prix,2016-08-28,spa,race,perez,Sergio Pérez,force_india,Force India,5,5,6,10,44,Finished
2016,13,Belgian Grand Prix,2016-08-28,spa,race,vettel,Sebastian Vettel,ferrari,Ferrari,6,6,4,8,44,Finished
2016,13,Belgian Grand Prix,2016-08-28,spa,race,alonso,Fernando Alonso,mclaren,McLaren,7,7,22,6,44,Finished
2016,13,Belgian Grand Prix,2016-08-28,spa,race,bottas,Valtteri Bottas,williams,Williams,8,8,8,4,44,Finished
2016,13,Belgian Grand Prix,2016-08-28,spa,race,raikkonen,Kimi Räikkönen,ferrari,Ferrari,9,9,3,2,44,Finished
2016,13,Belgian Grand Prix,2016-08-28,spa,race,massa,Felipe Massa,williams,Williams,10,10,10,1,44,Finished
2016,13,Belgian Grand Prix,2016-08-28,spa,race,max_verstappen,Max Verstappen,red_bull,Red Bull,11,11,2,0,44,Finished
2016,13,Belgian Grand Prix,2016-08-28,spa,race,gutierrez,Esteban Gutiérrez,haas,Haas F1 Team,12,12,18,0,44,Finished
2016,13,Belgian Grand Prix,2016-08-28,spa,race,grosjean,Romain Grosjean,haas,Haas F1 Team,13,13,11,0,44,Finished
2016,13,Belgian Grand Prix,2016-08-28,spa,race,kvyat,Daniil Kvyat,toro_rosso,Toro Rosso,14,14,19,0,44,Finished
2016,13,Belgian Grand Prix,2016-08-28,spa,race,jolyon_palmer,Jolyon Palmer,renault,Renault,15,15,13,0,44,Finished
2016,13,Belgian Grand Prix,2016-08-28,spa,race,ocon,Esteban Ocon,manor,Manor Marussia,16,16,17,0,43,+1 Lap
2016,13,Belgian Grand Prix,2016-08-28,spa,race,nasr,Felipe Nasr,sauber,Sauber,17,17,16,0,43,+1 Lap
2016,13,Belgian Grand Prix,2016-08-28,spa,race,kevin_magnussen,Kevin Magnussen,renault,Renault,18,R,12,0,5,Accident
2016,13,Belgian Grand Prix,2016-08-28,spa,race,ericsson,Marcus Ericsson,sauber,Sauber,19,R,20,0,3,Gearbox
2016,13,Belgian Grand Prix,2016-08-28,spa,race,sainz,Carlos Sainz,toro_rosso,Toro Rosso,20,R,14,0,1,Puncture
2016,13,Belgian Grand Prix,2016-08-28,spa,race,button,Jenson Button,mclaren,McLaren,21,R,9,0,1,Collision damage
2016,13,Belgian Grand Prix,2016-08-28,spa,race,wehrlein,Pascal Wehrlein,manor,Manor Marussia,22,R,15,0,0,Collision damage
2016,14,Italian Grand Prix,2016-09-04,monza,race,rosberg,Nico Rosberg,mercedes,Mercedes,1,1,2,25,53,Finished
2016,14,Italian Grand Prix,2016-09-04,monza,race,hamilton,Lewis Hamilton,mercedes,Mercedes,2,2,1,18,53,Finished
2016,14,Italian Grand Prix,2016-09-04,monza,race,vettel,Sebastian Vettel,ferrari,Ferrari,3,3,3,15,53,Finished
2016,14,Italian Grand Prix,2016-09-04,monza,race,raikkonen,Kimi Räikkönen,ferrari,Ferrari,4,4,4,12,53,Finished
2016,14,Italian Grand Prix,2016-09-04,monza,race,ricciardo,Daniel Ricciardo,red_bull,Red Bull,5,5,6,10,53,Finished
2016,14,Italian Grand Prix,2016-09-04,monza,race,bottas,Valtteri Bottas,williams,Williams,6,6,5,8,53,Finished
2016,14,Italian Grand Prix,2016-09-04,monza,race,max_verstappen,Max Verstappen,red_bull,Red Bull,7,7,7,6,53,Finished
2016,14,Italian Grand Prix,2016-09-04,monza,race,perez,Sergio Pérez,force_india,Force India,8,8,8,4,53,Finished
2016,14,Italian Grand Prix,2016-09-04,monza,race,massa,Felipe Massa,williams,Williams,9,9,11,2,53,Finished
2016,14,Italian Grand Prix,2016-09-04,monza,race,hulkenberg,Nico Hülkenberg,force_india,Force India,10,10,9,1,53,Finished
2016,14,Italian Grand Prix,2016-09-04,monza,race,grosjean,Romain Grosjean,haas,Haas F1 Team,11,11,17,0,52,+1 Lap
2016,14,Italian Grand Prix,2016-09-04,monza,race,button,Jenson Button,mclaren,McLaren,12,12,14,0,52,+1 Lap
2016,14,Italian Grand Prix,2016-09-04,monza,race,gutierrez,Esteban Gutiérrez,haas,Haas F1 Team,13,13,10,0,52,+1 Lap
2016,14,Italian Grand Prix,2016-09-04,monza,race,alonso,Fernando Alonso,mclaren,McLaren,14,14,12,0,52,+1 Lap
2016,14,Italian Grand Prix,2016-09-04,monza,race,sainz,Carlos Sainz,toro_rosso,Toro Rosso,15,15,15,0,52,+1 Lap
2016,14,Italian Grand Prix,2016-09-04,monza,race,ericsson,Marcus Ericsson,sauber,Sauber,16,16,19,0,52,+1 Lap
2016,14,Italian Grand Prix,2016-09-04,monza,race,kevin_magnussen,Kevin Magnussen,renault,Renault,17,17,21,0,52,+1 Lap
2016,14,Italian Grand Prix,2016-09-04,monza,race,ocon,Esteban Ocon,manor,Manor Marussia,18,18,22,0,51,+2 Laps
2016,14,Italian Grand Prix,2016-09-04,monza,race,kvyat,Daniil Kvyat,toro_rosso,Toro Rosso,19,R,16,0,36,Battery
2016,14,Italian Grand Prix,2016-09-04,monza,race,wehrlein,Pascal Wehrlein,manor,Manor Marussia,20,R,13,0,26,Oil leak
2016,14,Italian Grand Prix,2016-09-04,monza,race,jolyon_palmer,Jolyon Palmer,renault,Renault,21,R,20,0,7,Collision damage
2016,14,Italian Grand Prix,2016-09-04,monza,race,nasr,Felipe Nasr,sauber,Sauber,22,R,18,0,6,Collision damage
2016,15,Singapore Grand Prix,2016-09-18,marina_bay,race,rosberg,Nico Rosberg,mercedes,Mercedes,1,1,1,25,61,Finished
2016,15,Singapore Grand Prix,2016-09-18,marina_bay,race,ricciardo,Daniel Ricciardo,red_bull,Red Bull,2,2,2,18,61,Finished
2016,15,Singapore Grand Prix,2016-09-18,marina_bay,race,hamilton,Lewis Hamilton,mercedes,Mercedes,3,3,3,15,61,Finished
2016,15,Singapore Grand Prix,2016-09-18,marina_bay,race,raikkonen,Kimi Räikkönen,ferrari,Ferrari,4,4,5,12,61,Finished
2016,15,Singapore Grand Prix,2016-09-18,marina_bay,race,vettel,Sebastian Vettel,ferrari,Ferrari,5,5,22,10,61,Finished
2016,15,Singapore Grand Prix,2016-09-18,marina_bay,race,max_verstappen,Max Verstappen,red_bull,Red Bull,6,6,4,8,61,Finished
2016,15,Singapore Grand Prix,2016-09-18,marina_bay,race,alonso,Fernando Alonso,mclaren,McLaren,7,7,9,6,61,Finished
2016,15,Singapore Grand Prix,2016-09-18,marina_bay,race,perez,Sergio Pérez,force_india,Force India,8,8,17,4,61,Finished
2016,15,Singapore Grand Prix,2016-09-18,marina_bay,race,kvyat,Daniil Kvyat,toro_rosso,Toro Rosso,9,9,7,2,61,Finished
2016,15,Singapore Grand Prix,2016-09-18,marina_bay,race,kevin_magnussen,Kevin Magnussen,renault,Renault,10,10,15,1,61,Finished
2016,15,Singapore Grand Prix,2016-09-18,marina_bay,race,gutierrez,Esteban Gutiérrez,haas,Haas F1 Team,11,11,13,0,60,+1 Lap
2016,15,Singapore Grand Prix,2016-09-18,marina_bay,race,massa,Felipe Massa,williams,Williams,12,12,11,0,60,+1 Lap
2016,15,Singapore Grand Prix,2016-09-18,marina_bay,race,nasr,Felipe Nasr,sauber,Sauber,13,13,16,0,60,+1 Lap
2016,15,Singapore Grand Prix,2016-09-18,marina_bay,race,sainz,Carlos Sainz,toro_rosso,Toro Rosso,14,14,6,0,60,+1 Lap
2016,15,Singapore Grand Prix,2016-09-18,marina_bay,race,jolyon_palmer,Jolyon Palmer,renault,Renault,15,15,18,0,60,+1 Lap
2016,15,Singapore Grand Prix,2016-09-18,marina_bay,race,wehrlein,Pascal Wehrlein,manor,Manor Marussia,16,16,19,0,60,+1 Lap
2016,15,Singapore Grand Prix,2016-09-18,marina_bay,race,ericsson,Marcus Ericsson,sauber,Sauber,17,17,14,0,60,+1 Lap
2016,15,Singapore Grand Prix,2016-09-18,marina_bay,race,ocon,Esteban Ocon,manor,Manor Marussia,18,18,21,0,59,+2 Laps
2016,15,Singapore Grand Prix,2016-09-18,marina_bay,race,button,Jenson Button,mclaren,McLaren,19,R,12,0,43,Brakes
2016,15,Singapore Grand Prix,2016-09-18,marina_bay,race,bottas,Valtteri Bottas,williams,Williams,20,R,10,0,35,Overheating
2016,15,Singapore Grand Prix,2016-09-18,marina_bay,race,hulkenberg,Nico Hülkenberg,force_india,Force India,21,R,8,0,0,Collision
2016,15,Singapore Grand Prix,2016-09-18,marina_bay,race,grosjean,Romain Grosjean,haas,Haas F1 Team,22,W,20,0,0,Withdrew
2016,16,Malaysian Grand Prix,2016-10-02,sepang,race,ricciardo,Daniel Ricciardo,red_bull,Red Bull,1,1,4,25,56,Finished
2016,16,Malaysian Grand Prix,2016-10-02,sepang,race,max_verstappen,Max Verstappen,red_bull,Red Bull,2,2,3,18,56,Finished
2016,16,Malaysian Grand Prix,2016-10-02,sepang,race,rosberg,Nico Rosberg,mercedes,Mercedes,3,3,2,15,56,Finished
2016,16,Malaysian Grand Prix,2016-10-02,sepang,race,raikkonen,Kimi Räikkönen,ferrari,Ferrari,4,4,6,12,56,Finished
2016,16,Malaysian Grand Prix,2016-10-02,sepang,race,bottas,Valtteri Bottas,williams,Williams,5,5,11,10,56,Finished
2016,16,Malaysian Grand Prix,2016-10-02,sepang,race,perez,Sergio Pérez,force_india,Force India,6,6,7,8,56,Finished
2016,16,Malaysian Grand Prix,2016-10-02,sepang,race,alonso,Fernando Alonso,mclaren,McLaren,7,7,22,6,56,Finished
2016,16,Malaysian Grand Prix,2016-10-02,sepang,race,hulkenberg,Nico Hülkenberg,force_india,Force India,8,8,8,4,56,Finished
2016,16,Malaysian Grand Prix,2016-10-02,sepang,race,button,Jenson Button,mclaren,McLaren,9,9,9,2,56,Finished
2016,16,Malaysian Grand Prix,2016-10-02,sepang,race,jolyon_palmer,Jolyon Palmer,renault,Renault,10,10,19,1,56,Finished
2016,16,Malaysian Grand Prix,2016-10-02,sepang,race,sainz,Carlos Sainz,toro_rosso,Toro Rosso,11,11,16,0,56,Finished
2016,16,Malaysian Grand Prix,2016-10-02,sepang,race,ericsson,Marcus Ericsson,sauber,Sauber,12,12,17,0,55,+1 Lap
2016,16,Malaysian Grand Prix,2016-10-02,sepang,race,massa,Felipe Massa,williams,Williams,13,13,10,0,55,+1 Lap
2016,16,Malaysian Grand Prix,2016-10-02,sepang,race,kvyat,Daniil Kvyat,toro_rosso,Toro Rosso,14,14,15,0,55,+1 Lap
2016,16,Malaysian Grand Prix,2016-10-02,sepang,race,wehrlein,Pascal Wehrlein,manor,Manor Marussia,15,15,21,0,55,+1 Lap
2016,16,Malaysian Grand Prix,2016-10-02,sepang,race,ocon,Esteban Ocon,manor,Manor Marussia,16,16,20,0,55,+1 Lap
2016,16,Malaysian Grand Prix,2016-10-02,sepang,race,nasr,Felipe Nasr,sauber,Sauber,17,R,18,0,46,Brakes
2016,16,Malaysian Grand Prix,2016-10-02,sepang,race,hamilton,Lewis Hamilton,mercedes,Mercedes,18,R,1,0,40,Engine
2016,16,Malaysian Grand Prix,2016-10-02,sepang,race,gutierrez,Esteban Gutiérrez,haas,Haas F1 Team,19,R,13,0,39,Wheel nut
2016,16,Malaysian Grand Prix,2016-10-02,sepang,race,kevin_magnussen,Kevin Magnussen,renault,Renault,20,R,14,0,17,Power loss
2016,16,Malaysian Grand Prix,2016-10-02,sepang,race,grosjean,Romain Grosjean,haas,Haas F1 Team,21,R,12,0,7,Brakes
2016,16,Malaysian Grand Prix,2016-10-02,sepang,race,vettel,Sebastian Vettel,ferrari,Ferrari,22,R,5,0,0,Collision
2016,17,Japanese Grand Prix,2016-10-09,suzuka,race,rosberg,Nico Rosberg,mercedes,Mercedes,1,1,1,25,53,Finished
2016,17,Japanese Grand Prix,2016-10-09,suzuka,race,max_verstappen,Max Verstappen,red_bull,Red Bull,2,2,3,18,53,Finished
2016,17,Japanese Grand Prix,2016-10-09,suzuka,race,hamilton,Lewis Hamilton,mercedes,Mercedes,3,3,2,15,53,Finished
2016,17,Japanese Grand Prix,2016-10-09,suzuka,race,vettel,Sebastian Vettel,ferrari,Ferrari,4,4,6,12,53,Finished
2016,17,Japanese Grand Prix,2016-10-09,suzuka,race,raikkonen,Kimi Räikkönen,ferrari,Ferrari,5,5,8,10,53,Finished
2016,17,Japanese Grand Prix,2016-10-09,suzuka,race,ricciardo,Daniel Ricciardo,red_bull,Red Bull,6,6,4,8,53,Finished
2016,17,Japanese Grand Prix,2016-10-09,suzuka,race,perez,Sergio Pérez,force_india,Force India,7,7,5,6,53,Finished
2016,17,Japanese Grand Prix,2016-10-09,suzuka,race,hulkenberg,Nico Hülkenberg,force_india,Force India,8,8,9,4,53,Finished
2016,17,Japanese Grand Prix,2016-10-09,suzuka,race,massa,Felipe Massa,williams,Williams,9,9,12,2,53,Finished
2016,17,Japanese Grand Prix,2016-10-09,suzuka,race,bottas,Valtteri Bottas,williams,Williams,10,10,11,1,53,Finished
2016,17,Japanese Grand Prix,2016-10-09,suzuka,race,grosjean,Romain Grosjean,haas,Haas F1 Team,11,11,7,0,53,Finished
2016,17,Japanese Grand Prix,2016-10-09,suzuka,race,jolyon_palmer,Jolyon Palmer,renault,Renault,12,12,16,0,52,+1 Lap
2016,17,Japanese Grand Prix,2016-10-09,suzuka,race,kvyat,Daniil Kvyat,toro_rosso,Toro Rosso,13,13,13,0,52,+1 Lap
2016,17,Japanese Grand Prix,2016-10-09,suzuka,race,kevin_magnussen,Kevin Magnussen,renault,Renault,14,14,17,0,52,+1 Lap
2016,17,Japanese Grand Prix,2016-10-09,suzuka,race,ericsson,Marcus Ericsson,sauber,Sauber,15,15,18,0,52,+1 Lap
2016,17,Japanese Grand Prix,2016-10-09,suzuka,race,alonso,Fernando Alonso,mclaren,McLaren,16,16,15,0,52,+1 Lap
2016,17,Japanese Grand Prix,2016-10-09,suzuka,race,sainz,Carlos Sainz,toro_rosso,Toro Rosso,17,17,14,0,52,+1 Lap
2016,17,Japanese Grand Prix,2016-10-09,suzuka,race,button,Jenson Button,mclaren,McLaren,18,18,22,0,52,+1 Lap
2016,17,Japanese Grand Prix,2016-10-09,suzuka,race,nasr,Felipe Nasr,sauber,Sauber,19,19,19,0,52,+1 Lap
2016,17,Japanese Grand Prix,2016-10-09,suzuka,race,gutierrez,Esteban Gutiérrez,haas,Haas F1 Team,20,20,10,0,52,+1 Lap
2016,17,Japanese Grand Prix,2016-10-09,suzuka,race,ocon,Esteban Ocon,manor,Manor Marussia,21,21,20,0,52,+1 Lap
2016,17,Japanese Grand Prix,2016-10-09,suzuka,race,wehrlein,Pascal Wehrlein,manor,Manor Marussia,22,22,21,0,52,+1 Lap
2016,18,United States Grand Prix,2016-10-23,americas,race,hamilton,Lewis Hamilton,mercedes,Mercedes,1,1,1,25,56,Finished
2016,18,United States Grand Prix,2016-10-23,americas,race,rosberg,Nico Rosberg,mercedes,Mercedes,2,2,2,18,56,Finished
2016,18,United States Grand Prix,2016-10-23,americas,race,ricciardo,Daniel Ricciardo,red_bull,Red Bull,3,3,3,15,56,Finished
2016,18,United States Grand Prix,2016-10-23,americas,race,vettel,Sebastian Vettel,ferrari,Ferrari,4,4,6,12,56,Finished
2016,18,United States Grand Prix,2016-10-23,americas,race,alonso,Fernando Alonso,mclaren,McLaren,5,5,12,10,56,Finished
2016,18,United States Grand Prix,2016-10-23,americas,race,sainz,Carlos Sainz,toro_rosso,Toro Rosso,6,6,10,8,56,Finished
2016,18,United States Grand Prix,2016-10-23,americas,race,massa,Felipe Massa,williams,Williams,7,7,9,6,55,+1 Lap
2016,18,United States Grand Prix,2016-10-23,americas,race,perez,Sergio Pérez,force_india,Force India,8,8,11,4,55,+1 Lap
2016,18,United States Grand Prix,2016-10-23,americas,race,button,Jenson Button,mclaren,McLaren,9,9,19,2,55,+1 Lap
2016,18,United States Grand Prix,2016-10-23,americas,race,grosjean,Romain Grosjean,haas,Haas F1 Team,10,10,17,1,55,+1 Lap
2016,18,United States Grand Prix,2016-10-23,americas,race,kvyat,Daniil Kvyat,toro_rosso,Toro Rosso,11,11,13,0,55,+1 Lap
2016,18,United States Grand Prix,2016-10-23,americas,race,kevin_magnussen,Kevin Magnussen,renault,Renault,12,12,18,0,55,+1 Lap
2016,18,United States Grand Prix,2016-10-23,americas,race,jolyon_palmer,Jolyon Palmer,renault,Renault,13,13,15,0,55,+1 Lap
2016,18,United States Grand Prix,2016-10-23,americas,race,ericsson,Marcus Ericsson,sauber,Sauber,14,14,16,0,55,+1 Lap
2016,18,United States Grand Prix,2016-10-23,americas,race,nasr,Felipe Nasr,sauber,Sauber,15,15,21,0,55,+1 Lap
2016,18,United States Grand Prix,2016-10-23,americas,race,bottas,Valtteri Bottas,williams,Williams,16,16,8,0,55,+1 Lap
2016,18,United States Grand Prix,2016-10-23,americas,race,wehrlein,Pascal Wehrlein,manor,Manor Marussia,17,17,20,0,55,+1 Lap
2016,18,United States Grand Prix,2016-10-23,americas,race,ocon,Esteban Ocon,manor,Manor Marussia,18,18,22,0,54,+2 Laps
2016,18,United States Grand Prix,2016-10-23,americas,race,raikkonen,Kimi Räikkönen,ferrari,Ferrari,19,R,5,0,38,Wheel
2016,18,United States Grand Prix,2016-10-23,americas,race,max_verstappen,Max Verstappen,red_bull,Red Bull,20,R,4,0,28,Gearbox
2016,18,United States Grand Prix,2016-10-23,americas,race,gutierrez,Esteban Gutiérrez,haas,Haas F1 Team,21,R,14,0,16,Brakes
2016,18,United States Grand Prix,2016-10-23,americas,race,hulkenberg,Nico Hülkenberg,force_india,Force India,22,R,7,0,1,Collision
2016,19,Mexican Grand Prix,2016-10-30,rodriguez,race,hamilton,Lewis Hamilton,mercedes,Mercedes,1,1,1,25,71,Finished
2016,19,Mexican Grand Prix,2016-10-30,rodriguez,race,rosberg,Nico Rosberg,mercedes,Mercedes,2,2,2,18,71,Finished
2016,19,Mexican Grand Prix,2016-10-30,rodriguez,race,ricciardo,Daniel Ricciardo,red_bull,Red Bull,3,3,4,15,71,Finished
2016,19,Mexican Grand Prix,2016-10-30,rodriguez,race,max_verstappen,Max Verstappen,red_bull,Red Bull,4,4,3,12,71,Finished
2016,19,Mexican Grand Prix,2016-10-30,rodriguez,race,vettel,Sebastian Vettel,ferrari,Ferrari,5,5,7,10,71,Finished
2016,19,Mexican Grand Prix,2016-10-30,rodriguez,race,raikkonen,Kimi Räikkönen,ferrari,Ferrari,6,6,6,8,71,Finished
2016,19,Mexican Grand Prix,2016-10-30,rodriguez,race,hulkenberg,Nico Hülkenberg,force_india,Force India,7,7,5,6,71,Finished
2016,19,Mexican Grand Prix,2016-10-30,rodriguez,race,bottas,Valtteri Bottas,williams,Williams,8,8,8,4,71,Finished
2016,19,Mexican Grand Prix,2016-10-30,rodriguez,race,massa,Felipe Massa,williams,Williams,9,9,9,2,71,Finished
2016,19,Mexican Grand Prix,2016-10-30,rodriguez,race,perez,Sergio Pérez,force_india,Force India,10,10,12,1,71,Finished
2016,19,Mexican Grand Prix,2016-10-30,rodriguez,race,ericsson,Marcus Ericsson,sauber,Sauber,11,11,15,0,70,+1 Lap
2016,19,Mexican Grand Prix,2016-10-30,rodriguez,race,button,Jenson Button,mclaren,McLaren,12,12,13,0,70,+1 Lap
2016,19,Mexican Grand Prix,2016-10-30,rodriguez,race,alonso,Fernando Alonso,mclaren,McLaren,13,13,11,0,70,+1 Lap
2016,19,Mexican Grand Prix,2016-10-30,rodriguez,race,jolyon_palmer,Jolyon Palmer,renault,Renault,14,14,21,0,70,+1 Lap
2016,19,Mexican Grand Prix,2016-10-30,rodriguez,race,nasr,Felipe Nasr,sauber,Sauber,15,15,19,0,70,+1 Lap
2016,19,Mexican Grand Prix,2016-10-30,rodriguez,race,sainz,Carlos Sainz,toro_rosso,Toro Rosso,16,16,10,0,70,+1 Lap
2016,19,Mexican Grand Prix,2016-10-30,rodriguez,race,kevin_magnussen,Kevin Magnussen,renault,Renault,17,17,14,0,70,+1 Lap
2016,19,Mexican Grand Prix,2016-10-30,rodriguez,race,kvyat,Daniil Kvyat,toro_rosso,Toro Rosso,18,18,18,0,70,+1 Lap
2016,19,Mexican Grand Prix,2016-10-30,rodriguez,race,gutierrez,Esteban Gutiérrez,haas,Haas F1 Team,19,19,17,0,70,+1 Lap
2016,19,Mexican Grand Prix,2016-10-30,rodriguez,race,grosjean,Romain Grosjean,haas,Haas F1 Team,20,20,22,0,70,+1 Lap
2016,19,Mexican Grand Prix,2016-10-30,rodriguez,race,ocon,Esteban Ocon,manor,Manor Marussia,21,21,20,0,69,+2 Laps
2016,19,Mexican Grand Prix,2016-10-30,rodriguez,race,wehrlein,Pascal Wehrlein,manor,Manor Marussia,22,R,16,0,0,Collision
2016,20,Brazilian Grand Prix,2016-11-13,interlagos,race,hamilton,Lewis Hamilton,mercedes,Mercedes,1,1,1,25,71,Finished
2016,20,Brazilian Grand Prix,2016-11-13,interlagos,race,rosberg,Nico Rosberg,mercedes,Mercedes,2,2,2,18,71,Finished
2016,20,Brazilian Grand Prix,2016-11-13,interlagos,race,max_verstappen,Max Verstappen,red_bull,Red Bull,3,3,4,15,71,Finished
2016,20,Brazilian Grand Prix,2016-11-13,interlagos,race,perez,Sergio Pérez,force_india,Force India,4,4,9,12,71,Finished
2016,20,Brazilian Grand Prix,2016-11-13,interlagos,race,vettel,Sebastian Vettel,ferrari,Ferrari,5,5,5,10,71,Finished
2016,20,Brazilian Grand Prix,2016-11-13,interlagos,race,sainz,Carlos Sainz,toro_rosso,Toro Rosso,6,6,15,8,71,Finished
2016,20,Brazilian Grand Prix,2016-11-13,interlagos,race,hulkenberg,Nico Hülkenberg,force_india,Force India,7,7,8,6,71,Finished
2016,20,Brazilian Grand Prix,2016-11-13,interlagos,race,ricciardo,Daniel Ricciardo,red_bull,Red Bull,8,8,6,4,71,Finished
2016,20,Brazilian Grand Prix,2016-11-13,interlagos,race,nasr,Felipe Nasr,sauber,Sauber,9,9,21,2,71,Finished
2016,20,Brazilian Grand Prix,2016-11-13,interlagos,race,alonso,Fernando Alonso,mclaren,McLaren,10,10,10,1,71,Finished
2016,20,Brazilian Grand Prix,2016-11-13,interlagos,race,bottas,Valtteri Bottas,williams,Williams,11,11,11,0,71,Finished
2016,20,Brazilian Grand Prix,2016-11-13,interlagos,race,ocon,Esteban Ocon,manor,Manor Marussia,12,12,22,0,71,Finished
2016,20,Brazilian Grand Prix,2016-11-13,interlagos,race,kvyat,Daniil Kvyat,toro_rosso,Toro Rosso,13,13,14,0,71,Finished
2016,20,Brazilian Grand Prix,2016-11-13,interlagos,race,kevin_magnussen,Kevin Magnussen,renault,Renault,14,14,18,0,71,Finished
2016,20,Brazilian Grand Prix,2016-11-13,interlagos,race,wehrlein,Pascal Wehrlein,manor,Manor Marussia,15,15,19,0,71,Finished
2016,20,Brazilian Grand Prix,2016-11-13,interlagos,race,button,Jenson Button,mclaren,McLaren,16,16,17,0,71,Finished
2016,20,Brazilian Grand Prix,2016-11-13,interlagos,race,gutierrez,Esteban Gutiérrez,haas,Haas F1 Team,17,R,12,0,60,Retired
2016,20,Brazilian Grand Prix,2016-11-13,interlagos,race,massa,Felipe Massa,williams,Williams,18,R,13,0,46,Collision
2016,20,Brazilian Grand Prix,2016-11-13,interlagos,race,jolyon_palmer,Jolyon Palmer,renault,Renault,19,R,16,0,20,Collision damage
2016,20,Brazilian Grand Prix,2016-11-13,interlagos,race,raikkonen,Kimi Räikkönen,ferrari,Ferrari,20,R,3,0,19,Collision
2016,20,Brazilian Grand Prix,2016-11-13,interlagos,race,ericsson,Marcus Ericsson,sauber,Sauber,21,R,20,0,11,Collision
2016,20,Brazilian Grand Prix,2016-11-13,interlagos,race,grosjean,Romain Grosjean,haas,Haas F1 Team,22,W,7,0,0,Withdrew
2016,21,Abu Dhabi Grand Prix,2016-11-27,yas_marina,race,hamilton,Lewis Hamilton,mercedes,Mercedes,1,1,1,25,55,Finished
2016,21,Abu Dhabi Grand Prix,2016-11-27,yas_marina,race,rosberg,Nico Rosberg,mercedes,Mercedes,2,2,2,18,55,Finished
2016,21,Abu Dhabi Grand Prix,2016-11-27,yas_marina,race,vettel,Sebastian Vettel,ferrari,Ferrari,3,3,5,15,55,Finished
2016,21,Abu Dhabi Grand Prix,2016-11-27,yas_marina,race,max_verstappen,Max Verstappen,red_bull,Red Bull,4,4,6,12,55,Finished
2016,21,Abu Dhabi Grand Prix,2016-11-27,yas_marina,race,ricciardo,Daniel Ricciardo,red_bull,Red Bull,5,5,3,10,55,Finished
2016,21,Abu Dhabi Grand Prix,2016-11-27,yas_marina,race,raikkonen,Kimi Räikkönen,ferrari,Ferrari,6,6,4,8,55,Finished
2016,21,Abu Dhabi Grand Prix,2016-11-27,yas_marina,race,hulkenberg,Nico Hülkenberg,force_india,Force India,7,7,7,6,55,Finished
2016,21,Abu Dhabi Grand Prix,2016-11-27,yas_marina,race,perez,Sergio Pérez,force_india,Force India,8,8,8,4,55,Finished
2016,21,Abu Dhabi Grand Prix,2016-11-27,yas_marina,race,massa,Felipe Massa,williams,Williams,9,9,10,2,55,Finished
2016,21,Abu Dhabi Grand Prix,2016-11-27,yas_marina,race,alonso,Fernando Alonso,mclaren,McLaren,10,10,9,1,55,Finished
2016,21,Abu Dhabi Grand Prix,2016-11-27,yas_marina,race,grosjean,Romain Grosjean,haas,Haas F1 Team,11,11,14,0,55,Finished
2016,21,Abu Dhabi Grand Prix,2016-11-27,yas_marina,race,gutierrez,Esteban Gutiérrez,haas,Haas F1 Team,12,12,13,0,55,Finished
2016,21,Abu Dhabi Grand Prix,2016-11-27,yas_marina,race,ocon,Esteban Ocon,manor,Manor Marussia,13,13,20,0,54,+1 Lap
2016,21,Abu Dhabi Grand Prix,2016-11-27,yas_marina,race,wehrlein,Pascal Wehrlein,manor,Manor Marussia,14,14,16,0,54,+1 Lap
2016,21,Abu Dhabi Grand Prix,2016-11-27,yas_marina,race,ericsson,Marcus Ericsson,sauber,Sauber,15,15,22,0,54,+1 Lap
2016,21,Abu Dhabi Grand Prix,2016-11-27,yas_marina,race,nasr,Felipe Nasr,sauber,Sauber,16,16,19,0,54,+1 Lap
2016,21,Abu Dhabi Grand Prix,2016-11-27,yas_marina,race,jolyon_palmer,Jolyon Palmer,renault,Renault,17,17,15,0,54,+1 Lap
2016,21,Abu Dhabi Grand Prix,2016-11-27,yas_marina,race,sainz,Carlos Sainz,toro_rosso,Toro Rosso,18,R,21,0,41,Collision damage
2016,21,Abu Dhabi Grand Prix,2016-11-27,yas_marina,race,kvyat,Daniil Kvyat,toro_rosso,Toro Rosso,19,R,17,0,14,Gearbox
2016,21,Abu Dhabi Grand Prix,2016-11-27,yas_marina,race,button,Jenson Button,mclaren,McLaren,20,R,12,0,12,Suspension
2016,21,Abu Dhabi Grand Prix,2016-11-27,yas_marina,race,bottas,Valtteri Bottas,williams,Williams,21,R,11,0,6,Suspension
2016,21,Abu Dhabi Grand Prix,2016-11-27,yas_marina,race,kevin_magnussen,Kevin Magnussen,renault,Renault,22,R,18,0,5,Suspension
2017,1,Australian Grand Prix,2017-03-26,albert_park,race,vettel,Sebastian Vettel,ferrari,Ferrari,1,1,2,25,57,Finished
2017,1,Australian Grand Prix,2017-03-26,albert_park,race,hamilton,Lewis Hamilton,mercedes,Mercedes,2,2,1,18,57,Finished
2017,1,Australian Grand Prix,2017-03-26,albert_park,race,bottas,Valtteri Bottas,mercedes,Mercedes,3,3,3,15,57,Finished
2017,1,Australian Grand Prix,2017-03-26,albert_park,race,raikkonen,Kimi Räikkönen,ferrari,Ferrari,4,4,4,12,57,Finished
2017,1,Australian Grand Prix,2017-03-26,albert_park,race,max_verstappen,Max Verstappen,red_bull,Red Bull,5,5,5,10,57,Finished
2017,1,Australian Grand Prix,2017-03-26,albert_park,race,massa,Felipe Massa,williams,Williams,6,6,7,8,57,Finished
2017,1,Australian Grand Prix,2017-03-26,albert_park,race,perez,Sergio Pérez,force_india,Force India,7,7,10,6,56,+1 Lap
2017,1,Australian Grand Prix,2017-03-26,albert_park,race,sainz,Carlos Sainz,toro_rosso,Toro Rosso,8,8,8,4,56,+1 Lap
2017,1,Australian Grand Prix,2017-03-26,albert_park,race,kvyat,Daniil Kvyat,toro_rosso,Toro Rosso,9,9,9,2,56,+1 Lap
2017,1,Australian Grand Prix,2017-03-26,albert_park,race,ocon,Esteban Ocon,force_india,Force India,10,10,13,1,56,+1 Lap
2017,1,Australian Grand Prix,2017-03-26,albert_park,race,hulkenberg,Nico Hülkenberg,renault,Renault,11,11,11,0,56,+1 Lap
2017,1,Australian Grand Prix,2017-03-26,albert_park,race,giovinazzi,Antonio Giovinazzi,sauber,Sauber,12,12,16,0,55,+2 Laps
2017,1,Australian Grand Prix,2017-03-26,albert_park,race,vandoorne,Stoffel Vandoorne,mclaren,McLaren,13,13,18,0,55,+2 Laps
2017,1,Australian Grand Prix,2017-03-26,albert_park,race,alonso,Fernando Alonso,mclaren,McLaren,14,R,12,0,50,Vibrations
2017,1,Australian Grand Prix,2017-03-26,albert_park,race,kevin_magnussen,Kevin Magnussen,haas,Haas F1 Team,15,R,17,0,46,Suspension
2017,1,Australian Grand Prix,2017-03-26,albert_park,race,stroll,Lance Stroll,williams,Williams,16,R,20,0,40,Brakes
2017,1,Australian Grand Prix,2017-03-26,albert_park,race,ricciardo,Daniel Ricciardo,red_bull,Red Bull,17,R,0,0,25,Power Unit
2017,1,Australian Grand Prix,2017-03-26,albert_park,race,ericsson,Marcus Ericsson,sauber,Sauber,18,R,14,0,21,Hydraulics
2017,1,Australian Grand Prix,2017-03-26,albert_park,race,jolyon_palmer,Jolyon Palmer,renault,Renault,19,R,19,0,15,Brakes
2017,1,Australian Grand Prix,2017-03-26,albert_park,race,grosjean,Romain Grosjean,haas,Haas F1 Team,20,R,6,0,13,Water leak
2017,2,Chinese Grand Prix,2017-04-09,shanghai,race,hamilton,Lewis Hamilton,mercedes,Mercedes,1,1,1,25,56,Finished
2017,2,Chinese Grand Prix,2017-04-09,shanghai,race,vettel,Sebastian Vettel,ferrari,Ferrari,2,2,2,18,56,Finished
2017,2,Chinese Grand Prix,2017-04-09,shanghai,race,max_verstappen,Max Verstappen,red_bull,Red Bull,3,3,16,15,56,Finished
2017,2,Chinese Grand Prix,2017-04-09,shanghai,race,ricciardo,Daniel Ricciardo,red_bull,Red Bull,4,4,5,12,56,Finished
2017,2,Chinese Grand Prix,2017-04-09,shanghai,race,raikkonen,Kimi Räikkönen,ferrari,Ferrari,5,5,4,10,56,Finished
2017,2,Chinese Grand Prix,2017-04-09,shanghai,race,bottas,Valtteri Bottas,mercedes,Mercedes,6,6,3,8,56,Finished
2017,2,Chinese Grand Prix,2017-04-09,shanghai,race,sainz,Carlos Sainz,toro_rosso,Toro Rosso,7,7,11,6,56,Finished
2017,2,Chinese Grand Prix,2017-04-09,shanghai,race,kevin_magnussen,Kevin Magnussen,haas,Haas F1 Team,8,8,12,4,55,+1 Lap
2017,2,Chinese Grand Prix,2017-04-09,shanghai,race,perez,Sergio Pérez,force_india,Force India,9,9,8,2,55,+1 Lap
2017,2,Chinese Grand Prix,2017-04-09,shanghai,race,ocon,Esteban Ocon,force_india,Force India,10,10,17,1,55,+1 Lap
2017,2,Chinese Grand Prix,2017-04-09,shanghai,race,grosjean,Romain Grosjean,haas,Haas F1 Team,11,11,19,0,55,+1 Lap
2017,2,Chinese Grand Prix,2017-04-09,shanghai,race,hulkenberg,Nico Hülkenberg,renault,Renault,12,12,7,0,55,+1 Lap
2017,2,Chinese Grand Prix,2017-04-09,shanghai,race,jolyon_palmer,Jolyon Palmer,renault,Renault,13,13,20,0,55,+1 Lap
2017,2,Chinese Grand Prix,2017-04-09,shanghai,race,massa,Felipe Massa,williams,Williams,14,14,6,0,55,+1 Lap
2017,2,Chinese Grand Prix,2017-04-09,shanghai,race,ericsson,Marcus Ericsson,sauber,Sauber,15,15,14,0,55,+1 Lap
2017,2,Chinese Grand Prix,2017-04-09,shanghai,race,alonso,Fernando Alonso,mclaren,McLaren,16,R,13,0,33,Driveshaft
2017,2,Chinese Grand Prix,2017-04-09,shanghai,race,kvyat,Daniil Kvyat,toro_rosso,Toro Rosso,17,R,9,0,18,Hydraulics
2017,2,Chinese Grand Prix,2017-04-09,shanghai,race,vandoorne,Stoffel Vandoorne,mclaren,McLaren,18,R,15,0,17,Fuel pressure
2017,2,Chinese Grand Prix,2017-04-09,shanghai,race,giovinazzi,Antonio Giovinazzi,sauber,Sauber,19,R,18,0,3,Accident
2017,2,Chinese Grand Prix,2017-04-09,shanghai,race,stroll,Lance Stroll,williams,Williams,20,R,10,0,0,Collision
2017,3,Bahrain Grand Prix,2017-04-16,bahrain,race,vettel,Sebastian Vettel,ferrari,Ferrari,1,1,3,25,57,Finished
2017,3,Bahrain Grand Prix,2017-04-16,bahrain,race,hamilton,Lewis Hamilton,mercedes,Mercedes,2,2,2,18,57,Finished
2017,3,Bahrain Grand Prix,2017-04-16,bahrain,race,bottas,Valtteri Bottas,mercedes,Mercedes,3,3,1,15,57,Finished
2017,3,Bahrain Grand Prix,2017-04-16,bahrain,race,raikkonen,Kimi Räikkönen,ferrari,Ferrari,4,4,5,12,57,Finished
2017,3,Bahrain Grand Prix,2017-04-16,bahrain,race,ricciardo,Daniel Ricciardo,red_bull,Red Bull,5,5,4,10,57,Finished
2017,3,Bahrain Grand Prix,2017-04-16,bahrain,race,massa,Felipe Massa,williams,Williams,6,6,8,8,57,Finished
2017,3,Bahrain Grand Prix,2017-04-16,bahrain,race,perez,Sergio Pérez,force_india,Force India,7,7,18,6,57,Finished
2017,3,Bahrain Grand Prix,2017-04-16,bahrain,race,grosjean,Romain Grosjean,haas,Haas F1 Team,8,8,9,4,57,Finished
2017,3,Bahrain Grand Prix,2017-04-16,bahrain,race,hulkenberg,Nico Hülkenberg,renault,Renault,9,9,7,2,57,Finished
2017,3,Bahrain Grand Prix,2017-04-16,bahrain,race,ocon,Esteban Ocon,force_india,Force India,10,10,14,1,57,Finished
2017,3,Bahrain Grand Prix,2017-04-16,bahrain,race,wehrlein,Pascal Wehrlein,sauber,Sauber,11,11,13,0,56,+1 Lap
2017,3,Bahrain Grand Prix,2017-04-16,bahrain,race,kvyat,Daniil Kvyat,toro_rosso,Toro Rosso,12,12,11,0,56,+1 Lap
2017,3,Bahrain Grand Prix,2017-04-16,bahrain,race,jolyon_palmer,Jolyon Palmer,renault,Renault,13,13,10,0,56,+1 Lap
2017,3,Bahrain Grand Prix,2017-04-16,bahrain,race,alonso,Fernando Alonso,mclaren,McLaren,14,14,15,0,54,Power Unit
2017,3,Bahrain Grand Prix,2017-04-16,bahrain,race,ericsson,Marcus Ericsson,sauber,Sauber,15,R,19,0,50,Gearbox
2017,3,Bahrain Grand Prix,2017-04-16,bahrain,race,sainz,Carlos Sainz,toro_rosso,Toro Rosso,16,R,16,0,12,Collision
2017,3,Bahrain Grand Prix,2017-04-16,bahrain,race,stroll,Lance Stroll,williams,Williams,17,R,12,0,12,Collision
2017,3,Bahrain Grand Prix,2017-04-16,bahrain,race,max_verstappen,Max Verstappen,red_bull,Red Bull,18,R,6,0,11,Brakes
2017,3,Bahrain Grand Prix,2017-04-16,bahrain,race,kevin_magnussen,Kevin Magnussen,haas,Haas F1 Team,19,R,20,0,8,Electrical
2017,3,Bahrain Grand Prix,2017-04-16,bahrain,race,vandoorne,Stoffel Vandoorne,mclaren,McLaren,20,R,17,0,0,Power Unit
2017,4,Russian Grand Prix,2017-04-30,sochi,race,bottas,Valtteri Bottas,mercedes,Mercedes,1,1,3,25,52,Finished
2017,4,Russian Grand Prix,2017-04-30,sochi,race,vettel,Sebastian Vettel,ferrari,Ferrari,2,2,1,18,52,Finished
2017,4,Russian Grand Prix,2017-04-30,sochi,race,raikkonen,Kimi Räikkönen,ferrari,Ferrari,3,3,2,15,52,Finished
2017,4,Russian Grand Prix,2017-04-30,sochi,race,hamilton,Lewis Hamilton,mercedes,Mercedes,4,4,4,12,52,Finished
2017,4,Russian Grand Prix,2017-04-30,sochi,race,max_verstappen,Max Verstappen,red_bull,Red Bull,5,5,7,10,52,Finished
2017,4,Russian Grand Prix,2017-04-30,sochi,race,perez,Sergio Pérez,force_india,Force India,6,6,9,8,52,Finished
2017,4,Russian Grand Prix,2017-04-30,sochi,race,ocon,Esteban Ocon,force_india,Force India,7,7,10,6,52,Finished
2017,4,Russian Grand Prix,2017-04-30,sochi,race,hulkenberg,Nico Hülkenberg,renault,Renault,8,8,8,4,52,Finished
2017,4,Russian Grand Prix,2017-04-30,sochi,race,massa,Felipe Massa,williams,Williams,9,9,6,2,51,+1 Lap
2017,4,Russian Grand Prix,2017-04-30,sochi,race,sainz,Carlos Sainz,toro_rosso,Toro Rosso,10,10,14,1,51,+1 Lap
2017,4,Russian Grand Prix,2017-04-30,sochi,race,stroll,Lance Stroll,williams,Williams,11,11,11,0,51,+1 Lap
2017,4,Russian Grand Prix,2017-04-30,sochi,race,kvyat,Daniil Kvyat,toro_rosso,Toro Rosso,12,12,12,0,51,+1 Lap
2017,4,Russian Grand Prix,2017-04-30,sochi,race,kevin_magnussen,Kevin Magnussen,haas,Haas F1 Team,13,13,13,0,51,+1 Lap
2017,4,Russian Grand Prix,2017-04-30,sochi,race,vandoorne,Stoffel Vandoorne,mclaren,McLaren,14,14,20,0,51,+1 Lap
2017,4,Russian Grand Prix,2017-04-30,sochi,race,ericsson,Marcus Ericsson,sauber,Sauber,15,15,18,0,51,+1 Lap
2017,4,Russian Grand Prix,2017-04-30,sochi,race,wehrlein,Pascal Wehrlein,sauber,Sauber,16,16,17,0,50,+2 Laps
2017,4,Russian Grand Prix,2017-04-30,sochi,race,ricciardo,Daniel Ricciardo,red_bull,Red Bull,17,R,5,0,5,Brakes
2017,4,Russian Grand Prix,2017-04-30,sochi,race,jolyon_palmer,Jolyon Palmer,renault,Renault,18,R,16,0,0,Collision
2017,4,Russian Grand Prix,2017-04-30,sochi,race,grosjean,Romain Grosjean,haas,Haas F1 Team,19,R,19,0,0,Collision
2017,4,Russian Grand Prix,2017-04-30,sochi,race,alonso,Fernando Alonso,mclaren,McLaren,20,W,15,0,0,Power Unit
2017,5,Spanish Grand Prix,2017-05-14,catalunya,race,hamilton,Lewis Hamilton,mercedes,Mercedes,1,1,1,25,66,Finished
2017,5,Spanish Grand Prix,2017-05-14,catalunya,race,vettel,Sebastian Vettel,ferrari,Ferrari,2,2,2,18,66,Finished
2017,5,Spanish Grand Prix,2017-05-14,catalunya,race,ricciardo,Daniel Ricciardo,red_bull,Red Bull,3,3,6,15,66,Finished
2017,5,Spanish Grand Prix,2017-05-14,catalunya,race,perez,Sergio Pérez,force_india,Force India,4,4,8,12,65,+1 Lap
2017,5,Spanish Grand Prix,2017-05-14,catalunya,race,ocon,Esteban Ocon,force_india,Force India,5,5,10,10,65,+1 Lap
2017,5,Spanish Grand Prix,2017-05-14,catalunya,race,hulkenberg,Nico Hülkenberg,renault,Renault,6,6,13,8,65,+1 Lap
2017,5,Spanish Grand Prix,2017-05-14,catalunya,race,sainz,Carlos Sainz,toro_rosso,Toro Rosso,7,7,12,6,65,+1 Lap
2017,5,Spanish Grand Prix,2017-05-14,catalunya,race,wehrlein,Pascal Wehrlein,sauber,Sauber,8,8,15,4,65,+1 Lap
2017,5,Spanish Grand Prix,2017-05-14,catalunya,race,kvyat,Daniil Kvyat,toro_rosso,Toro Rosso,9,9,19,2,65,+1 Lap
2017,5,Spanish Grand Prix,2017-05-14,catalunya,race,grosjean,Romain Grosjean,haas,Haas F1 Team,10,10,14,1,65,+1 Lap
2017,5,Spanish Grand Prix,2017-05-14,catalunya,race,ericsson,Marcus Ericsson,sauber,Sauber,11,11,16,0,64,+2 Laps
2017,5,Spanish Grand Prix,2017-05-14,catalunya,race,alonso,Fernando Alonso,mclaren,McLaren,12,12,7,0,64,+2 Laps
2017,5,Spanish Grand Prix,2017-05-14,catalunya,race,massa,Felipe Massa,williams,Williams,13,13,9,0,64,+2 Laps
2017,5,Spanish Grand Prix,2017-05-14,catalunya,race,kevin_magnussen,Kevin Magnussen,haas,Haas F1 Team,14,14,11,0,64,+2 Laps
2017,5,Spanish Grand Prix,2017-05-14,catalunya,race,jolyon_palmer,Jolyon Palmer,renault,Renault,15,15,17,0,64,+2 Laps
2017,5,Spanish Grand Prix,2017-05-14,catalunya,race,stroll,Lance Stroll,williams,Williams,16,16,18,0,64,+2 Laps
2017,5,Spanish Grand Prix,2017-05-14,catalunya,race,bottas,Valtteri Bottas,mercedes,Mercedes,17,R,3,0,38,Power Unit
2017,5,Spanish Grand Prix,2017-05-14,catalunya,race,vandoorne,Stoffel Vandoorne,mclaren,McLaren,18,R,20,0,32,Collision
2017,5,Spanish Grand Prix,2017-05-14,catalunya,race,max_verstappen,Max Verstappen,red_bull,Red Bull,19,R,5,0,1,Collision damage
2017,5,Spanish Grand Prix,2017-05-14,catalunya,race,raikkonen,Kimi Räikkönen,ferrari,Ferrari,20,R,4,0,0,Collision damage
2017,6,Monaco Grand Prix,2017-05-28,monaco,race,vettel,Sebastian Vettel,ferrari,Ferrari,1,1,2,25,78,Finished
2017,6,Monaco Grand Prix,2017-05-28,monaco,race,raikkonen,Kimi Räikkönen,ferrari,Ferrari,2,2,1,18,78,Finished
2017,6,Monaco Grand Prix,2017-05-28,monaco,race,ricciardo,Daniel Ricciardo,red_bull,Red Bull,3,3,5,15,78,Finished
2017,6,Monaco Grand Prix,2017-05-28,monaco,race,bottas,Valtteri Bottas,mercedes,Mercedes,4,4,3,12,78,Finished
2017,6,Monaco Grand Prix,2017-05-28,monaco,race,max_verstappen,Max Verstappen,red_bull,Red Bull,5,5,4,10,78,Finished
2017,6,Monaco Grand Prix,2017-05-28,monaco,race,sainz,Carlos Sainz,toro_rosso,Toro Rosso,6,6,6,8,78,Finished
2017,6,Monaco Grand Prix,2017-05-28,monaco,race,hamilton,Lewis Hamilton,mercedes,Mercedes,7,7,13,6,78,Finished
2017,6,Monaco Grand Prix,2017-05-28,monaco,race,grosjean,Romain Grosjean,haas,Haas F1 Team,8,8,8,4,78,Finished
2017,6,Monaco Grand Prix,2017-05-28,monaco,race,massa,Felipe Massa,williams,Williams,9,9,14,2,78,Finished
2017,6,Monaco Grand Prix,2017-05-28,monaco,race,kevin_magnussen,Kevin Magnussen,haas,Haas F1 Team,10,10,11,1,78,Finished
2017,6,Monaco Grand Prix,2017-05-28,monaco,race,jolyon_palmer,Jolyon Palmer,renault,Renault,11,11,16,0,78,Finished
2017,6,Monaco Grand Prix,2017-05-28,monaco,race,ocon,Esteban Ocon,force_india,Force India,12,12,15,0,78,Finished
2017,6,Monaco Grand Prix,2017-05-28,monaco,race,perez,Sergio Pérez,force_india,Force India,13,13,7,0,78,Finished
2017,6,Monaco Grand Prix,2017-05-28,monaco,race,kvyat,Daniil Kvyat,toro_rosso,Toro Rosso,14,14,9,0,71,Collision damage
2017,6,Monaco Grand Prix,2017-05-28,monaco,race,stroll,Lance Stroll,williams,Williams,15,15,17,0,71,Brakes
2017,6,Monaco Grand Prix,2017-05-28,monaco,race,vandoorne,Stoffel Vandoorne,mclaren,McLaren,16,R,12,0,66,Accident
2017,6,Monaco Grand Prix,2017-05-28,monaco,race,ericsson,Marcus Ericsson,sauber,Sauber,17,R,19,0,63,Accident
2017,6,Monaco Grand Prix,2017-05-28,monaco,race,button,Jenson Button,mclaren,McLaren,18,R,20,0,57,Collision damage
2017,6,Monaco Grand Prix,2017-05-28,monaco,race,wehrlein,Pascal Wehrlein,sauber,Sauber,19,R,18,0,57,Collision
2017,6,Monaco Grand Prix,2017-05-28,monaco,race,hulkenberg,Nico Hülkenberg,renault,Renault,20,R,10,0,15,Gearbox
2017,7,Canadian Grand Prix,2017-06-11,villeneuve,race,hamilton,Lewis Hamilton,mercedes,Mercedes,1,1,1,25,70,Finished
2017,7,Canadian Grand Prix,2017-06-11,villeneuve,race,bottas,Valtteri Bottas,mercedes,Mercedes,2,2,3,18,70,Finished
2017,7,Canadian Grand Prix,2017-06-11,villeneuve,race,ricciardo,Daniel Ricciardo,red_bull,Red Bull,3,3,6,15,70,Finished
2017,7,Canadian Grand Prix,2017-06-11,villeneuve,race,vettel,Sebastian Vettel,ferrari,Ferrari,4,4,2,12,70,Finished
2017,7,Canadian Grand Prix,2017-06-11,villeneuve,race,perez,Sergio Pérez,force_india,Force India,5,5,8,10,70,Finished
2017,7,Canadian Grand Prix,2017-06-11,villeneuve,race,ocon,Esteban Ocon,force_india,Force India,6,6,9,8,70,Finished
2017,7,Canadian Grand Prix,2017-06-11,villeneuve,race,raikkonen,Kimi Räikkönen,ferrari,Ferrari,7,7,4,6,70,Finished
2017,7,Canadian Grand Prix,2017-06-11,villeneuve,race,hulkenberg,Nico Hülkenberg,renault,Renault,8,8,10,4,70,Finished
2017,7,Canadian Grand Prix,2017-06-11,villeneuve,race,stroll,Lance Stroll,williams,Williams,9,9,17,2,69,+1 Lap
2017,7,Canadian Grand Prix,2017-06-11,villeneuve,race,grosjean,Romain Grosjean,haas,Haas F1 Team,10,10,14,1,69,+1 Lap
2017,7,Canadian Grand Prix,2017-06-11,villeneuve,race,jolyon_palmer,Jolyon Palmer,renault,Renault,11,11,15,0,69,+1 Lap
2017,7,Canadian Grand Prix,2017-06-11,villeneuve,race,kevin_magnussen,Kevin Magnussen,haas,Haas F1 Team,12,12,18,0,69,+1 Lap
2017,7,Canadian Grand Prix,2017-06-11,villeneuve,race,ericsson,Marcus Ericsson,sauber,Sauber,13,13,19,0,69,+1 Lap
2017,7,Canadian Grand Prix,2017-06-11,villeneuve,race,vandoorne,Stoffel Vandoorne,mclaren,McLaren,14,14,16,0,69,+1 Lap
2017,7,Canadian Grand Prix,2017-06-11,villeneuve,race,wehrlein,Pascal Wehrlein,sauber,Sauber,15,15,20,0,68,+2 Laps
2017,7,Canadian Grand Prix,2017-06-11,villeneuve,race,alonso,Fernando Alonso,mclaren,McLaren,16,16,12,0,66,Power Unit
2017,7,Canadian Grand Prix,2017-06-11,villeneuve,race,kvyat,Daniil Kvyat,toro_rosso,Toro Rosso,17,R,11,0,54,Power Unit
2017,7,Canadian Grand Prix,2017-06-11,villeneuve,race,max_verstappen,Max Verstappen,red_bull,Red Bull,18,R,5,0,10,Electrical
2017,7,Canadian Grand Prix,2017-06-11,villeneuve,race,massa,Felipe Massa,williams,Williams,19,R,7,0,0,Collision
2017,7,Canadian Grand Prix,2017-06-11,villeneuve,race,sainz,Carlos Sainz,toro_rosso,Toro Rosso,20,R,13,0,0,Collision
2017,8,Azerbaijan Grand Prix,2017-06-25,baku,race,ricciardo,Daniel Ricciardo,red_bull,Red Bull,1,1,10,25,51,Finished
2017,8,Azerbaijan Grand Prix,2017-06-25,baku,race,bottas,Valtteri Bottas,mercedes,Mercedes,2,2,2,18,51,Finished
2017,8,Azerbaijan Grand Prix,2017-06-25,baku,race,stroll,Lance Stroll,williams,Williams,3,3,8,15,51,Finished
2017,8,Azerbaijan Grand Prix,2017-06-25,baku,race,vettel,Sebastian Vettel,ferrari,Ferrari,4,4,4,12,51,Finished
2017,8,Azerbaijan Grand Prix,2017-06-25,baku,race,hamilton,Lewis Hamilton,mercedes,Mercedes,5,5,1,10,51,Finished
2017,8,Azerbaijan Grand Prix,2017-06-25,baku,race,ocon,Esteban Ocon,force_india,Force India,6,6,7,8,51,Finished
2017,8,Azerbaijan Grand Prix,2017-06-25,baku,race,kevin_magnussen,Kevin Magnussen,haas,Haas F1 Team,7,7,12,6,51,Finished
2017,8,Azerbaijan Grand Prix,2017-06-25,baku,race,sainz,Carlos Sainz,toro_rosso,Toro Rosso,8,8,15,4,51,Finished
2017,8,Azerbaijan Grand Prix,2017-06-25,baku,race,alonso,Fernando Alonso,mclaren,McLaren,9,9,19,2,51,Finished
2017,8,Azerbaijan Grand Prix,2017-06-25,baku,race,wehrlein,Pascal Wehrlein,sauber,Sauber,10,10,14,1,51,Finished
2017,8,Azerbaijan Grand Prix,2017-06-25,baku,race,ericsson,Marcus Ericsson,sauber,Sauber,11,11,17,0,51,Finished
2017,8,Azerbaijan Grand Prix,2017-06-25,baku,race,vandoorne,Stoffel Vandoorne,mclaren,McLaren,12,12,18,0,51,Finished
2017,8,Azerbaijan Grand Prix,2017-06-25,baku,race,grosjean,Romain Grosjean,haas,Haas F1 Team,13,13,16,0,50,+1 Lap
2017,8,Azerbaijan Grand Prix,2017-06-25,baku,race,raikkonen,Kimi Räikkönen,ferrari,Ferrari,14,14,3,0,46,Water pressure
2017,8,Azerbaijan Grand Prix,2017-06-25,baku,race,perez,Sergio Pérez,force_india,Force India,15,R,6,0,39,Seat
2017,8,Azerbaijan Grand Prix,2017-06-25,baku,race,massa,Felipe Massa,williams,Williams,16,R,9,0,25,Suspension
2017,8,Azerbaijan Grand Prix,2017-06-25,baku,race,hulkenberg,Nico Hülkenberg,renault,Renault,17,R,13,0,24,Accident
2017,8,Azerbaijan Grand Prix,2017-06-25,baku,race,max_verstappen,Max Verstappen,red_bull,Red Bull,18,R,5,0,12,Oil pressure
2017,8,Azerbaijan Grand Prix,2017-06-25,baku,race,kvyat,Daniil Kvyat,toro_rosso,Toro Rosso,19,R,11,0,9,Battery
2017,8,Azerbaijan Grand Prix,2017-06-25,baku,race,jolyon_palmer,Jolyon Palmer,renault,Renault,20,R,20,0,7,Power Unit
2017,9,Austrian Grand Prix,2017-07-09,red_bull_ring,race,bottas,Valtteri Bottas,mercedes,Mercedes,1,1,1,25,71,Finished
2017,9,Austrian Grand Prix,2017-07-09,red_bull_ring,race,vettel,Sebastian Vettel,ferrari,Ferrari,2,2,2,18,71,Finished
2017,9,Austrian Grand Prix,2017-07-09,red_bull_ring,race,ricciardo,Daniel Ricciardo,red_bull,Red Bull,3,3,4,15,71,Finished
2017,9,Austrian Grand Prix,2017-07-09,red_bull_ring,race,hamilton,Lewis Hamilton,mercedes,Mercedes,4,4,8,12,71,Finished
2017,9,Austrian Grand Prix,2017-07-09,red_bull_ring,race,raikkonen,Kimi Räikkönen,ferrari,Ferrari,5,5,3,10,71,Finished
2017,9,Austrian Grand Prix,2017-07-09,red_bull_ring,race,grosjean,Romain Grosjean,haas,Haas F1 Team,6,6,6,8,71,Finished
2017,9,Austrian Grand Prix,2017-07-09,red_bull_ring,race,perez,Sergio Pérez,force_india,Force India,7,7,7,6,70,+1 Lap
2017,9,Austrian Grand Prix,2017-07-09,red_bull_ring,race,ocon,Esteban Ocon,force_india,Force India,8,8,9,4,70,+1 Lap
2017,9,Austrian Grand Prix,2017-07-09,red_bull_ring,race,massa,Felipe Massa,williams,Williams,9,9,17,2,70,+1 Lap
2017,9,Austrian Grand Prix,2017-07-09,red_bull_ring,race,stroll,Lance Stroll,williams,Williams,10,10,18,1,70,+1 Lap
2017,9,Austrian Grand Prix,2017-07-09,red_bull_ring,race,jolyon_palmer,Jolyon Palmer,renault,Renault,11,11,16,0,70,+1 Lap
2017,9,Austrian Grand Prix,2017-07-09,red_bull_ring,race,vandoorne,Stoffel Vandoorne,mclaren,McLaren,12,12,13,0,70,+1 Lap
2017,9,Austrian Grand Prix,2017-07-09,red_bull_ring,race,hulkenberg,Nico Hülkenberg,renault,Renault,13,13,11,0,70,+1 Lap
2017,9,Austrian Grand Prix,2017-07-09,red_bull_ring,race,wehrlein,Pascal Wehrlein,sauber,Sauber,14,14,20,0,70,+1 Lap
2017,9,Austrian Grand Prix,2017-07-09,red_bull_ring,race,ericsson,Marcus Ericsson,sauber,Sauber,15,15,19,0,69,+2 Laps
2017,9,Austrian Grand Prix,2017-07-09,red_bull_ring,race,kvyat,Daniil Kvyat,toro_rosso,Toro Rosso,16,16,14,0,68,+3 Laps
2017,9,Austrian Grand Prix,2017-07-09,red_bull_ring,race,sainz,Carlos Sainz,toro_rosso,Toro Rosso,17,R,10,0,44,Engine
2017,9,Austrian Grand Prix,2017-07-09,red_bull_ring,race,kevin_magnussen,Kevin Magnussen,haas,Haas F1 Team,18,R,15,0,29,Hydraulics
2017,9,Austrian Grand Prix,2017-07-09,red_bull_ring,race,alonso,Fernando Alonso,mclaren,McLaren,19,R,12,0,1,Collision damage
2017,9,Austrian Grand Prix,2017-07-09,red_bull_ring,race,max_verstappen,Max Verstappen,red_bull,Red Bull,20,R,5,0,0,Collision damage
2017,10,British Grand Prix,2017-07-16,silverstone,race,hamilton,Lewis Hamilton,mercedes,Mercedes,1,1,1,25,51,Finished
2017,10,British Grand Prix,2017-07-16,silverstone,race,bottas,Valtteri Bottas,mercedes,Mercedes,2,2,9,18,51,Finished
2017,10,British Grand Prix,2017-07-16,silverstone,race,raikkonen,Kimi Räikkönen,ferrari,Ferrari,3,3,2,15,51,Finished
2017,10,British Grand Prix,2017-07-16,silverstone,race,max_verstappen,Max Verstappen,red_bull,Red Bull,4,4,4,12,51,Finished
2017,10,British Grand Prix,2017-07-16,silverstone,race,ricciardo,Daniel Ricciardo,red_bull,Red Bull,5,5,19,10,51,Finished
2017,10,British Grand Prix,2017-07-16,silverstone,race,hulkenberg,Nico Hülkenberg,renault,Renault,6,6,5,8,51,Finished
2017,10,British Grand Prix,2017-07-16,silverstone,race,vettel,Sebastian Vettel,ferrari,Ferrari,7,7,3,6,51,Finished
2017,10,British Grand Prix,2017-07-16,silverstone,race,ocon,Esteban Ocon,force_india,Force India,8,8,7,4,50,+1 Lap
2017,10,British Grand Prix,2017-07-16,silverstone,race,perez,Sergio Pérez,force_india,Force India,9,9,6,2,50,+1 Lap
2017,10,British Grand Prix,2017-07-16,silverstone,race,massa,Felipe Massa,williams,Williams,10,10,14,1,50,+1 Lap
2017,10,British Grand Prix,2017-07-16,silverstone,race,vandoorne,Stoffel Vandoorne,mclaren,McLaren,11,11,8,0,50,+1 Lap
2017,10,British Grand Prix,2017-07-16,silverstone,race,kevin_magnussen,Kevin Magnussen,haas,Haas F1 Team,12,12,16,0,50,+1 Lap
2017,10,British Grand Prix,2017-07-16,silverstone,race,grosjean,Romain Grosjean,haas,Haas F1 Team,13,13,10,0,50,+1 Lap
2017,10,British Grand Prix,2017-07-16,silverstone,race,ericsson,Marcus Ericsson,sauber,Sauber,14,14,18,0,50,+1 Lap
2017,10,British Grand Prix,2017-07-16,silverstone,race,kvyat,Daniil Kvyat,toro_rosso,Toro Rosso,15,15,12,0,50,+1 Lap
2017,10,British Grand Prix,2017-07-16,silverstone,race,stroll,Lance Stroll,williams,Williams,16,16,15,0,50,+1 Lap
2017,10,British Grand Prix,2017-07-16,silverstone,race,wehrlein,Pascal Wehrlein,sauber,Sauber,17,17,17,0,50,+1 Lap
2017,10,British Grand Prix,2017-07-16,silverstone,race,alonso,Fernando Alonso,mclaren,McLaren,18,R,20,0,32,Power Unit
2017,10,British Grand Prix,2017-07-16,silverstone,race,sainz,Carlos Sainz,toro_rosso,Toro Rosso,19,R,13,0,0,Collision damage
2017,10,British Grand Prix,2017-07-16,silverstone,race,jolyon_palmer,Jolyon Palmer,renault,Renault,20,R,11,0,0,Hydraulics
2017,11,Hungarian Grand Prix,2017-07-30,hungaroring,race,vettel,Sebastian Vettel,ferrari,Ferrari,1,1,1,25,70,Finished
2017,11,Hungarian Grand Prix,2017-07-30,hungaroring,race,raikkonen,Kimi Räikkönen,ferrari,Ferrari,2,2,2,18,70,Finished
2017,11,Hungarian Grand Prix,2017-07-30,hungaroring,race,bottas,Valtteri Bottas,mercedes,Mercedes,3,3,3,15,70,Finished
2017,11,Hungarian Grand Prix,2017-07-30,hungaroring,race,hamilton,Lewis Hamilton,mercedes,Mercedes,4,4,4,12,70,Finished
2017,11,Hungarian Grand Prix,2017-07-30,hungaroring,race,max_verstappen,Max Verstappen,red_bull,Red Bull,5,5,5,10,70,Finished
2017,11,Hungarian Grand Prix,2017-07-30,hungaroring,race,alonso,Fernando Alonso,mclaren,McLaren,6,6,7,8,70,Finished
2017,11,Hungarian Grand Prix,2017-07-30,hungaroring,race,sainz,Carlos Sainz,toro_rosso,Toro Rosso,7,7,9,6,69,+1 Lap
2017,11,Hungarian Grand Prix,2017-07-30,hungaroring,race,perez,Sergio Pérez,force_india,Force India,8,8,13,4,69,+1 Lap
2017,11,Hungarian Grand Prix,2017-07-30,hungaroring,race,ocon,Esteban Ocon,force_india,Force India,9,9,11,2,69,+1 Lap
2017,11,Hungarian Grand Prix,2017-07-30,hungaroring,race,vandoorne,Stoffel Vandoorne,mclaren,McLaren,10,10,8,1,69,+1 Lap
2017,11,Hungarian Grand Prix,2017-07-30,hungaroring,race,kvyat,Daniil Kvyat,toro_rosso,Toro Rosso,11,11,16,0,69,+1 Lap
2017,11,Hungarian Grand Prix,2017-07-30,hungaroring,race,jolyon_palmer,Jolyon Palmer,renault,Renault,12,12,10,0,69,+1 Lap
2017,11,Hungarian Grand Prix,2017-07-30,hungaroring,race,kevin_magnussen,Kevin Magnussen,haas,Haas F1 Team,13,13,15,0,69,+1 Lap
2017,11,Hungarian Grand Prix,2017-07-30,hungaroring,race,stroll,Lance Stroll,williams,Williams,14,14,17,0,69,+1 Lap
2017,11,Hungarian Grand Prix,2017-07-30,hungaroring,race,wehrlein,Pascal Wehrlein,sauber,Sauber,15,15,18,0,68,+2 Laps
2017,11,Hungarian Grand Prix,2017-07-30,hungaroring,race,ericsson,Marcus Ericsson,sauber,Sauber,16,16,20,0,68,+2 Laps
2017,11,Hungarian Grand Prix,2017-07-30,hungaroring,race,hulkenberg,Nico Hülkenberg,renault,Renault,17,17,12,0,67,Brakes
2017,11,Hungarian Grand Prix,2017-07-30,hungaroring,race,resta,Paul di Resta,williams,Williams,18,R,19,0,60,Oil leak
2017,11,Hungarian Grand Prix,2017-07-30,hungaroring,race,grosjean,Romain Grosjean,haas,Haas F1 Team,19,R,14,0,20,Wheel nut
2017,11,Hungarian Grand Prix,2017-07-30,hungaroring,race,ricciardo,Daniel Ricciardo,red_bull,Red Bull,20,R,6,0,0,Collision
2017,12,Belgian Grand Prix,2017-08-27,spa,race,hamilton,Lewis Hamilton,mercedes,Mercedes,1,1,1,25,44,Finished
2017,12,Belgian Grand Prix,2017-08-27,spa,race,vettel,Sebastian Vettel,ferrari,Ferrari,2,2,2,18,44,Finished
2017,12,Belgian Grand Prix,2017-08-27,spa,race,ricciardo,Daniel Ricciardo,red_bull,Red Bull,3,3,6,15,44,Finished
2017,12,Belgian Grand Prix,2017-08-27,spa,race,raikkonen,Kimi Räikkönen,ferrari,Ferrari,4,4,4,12,44,Finished
2017,12,Belgian Grand Prix,2017-08-27,spa,race,bottas,Valtteri Bottas,mercedes,Mercedes,5,5,3,10,44,Finished
2017,12,Belgian Grand Prix,2017-08-27,spa,race,hulkenberg,Nico Hülkenberg,renault,Renault,6,6,7,8,44,Finished
2017,12,Belgian Grand Prix,2017-08-27,spa,race,grosjean,Romain Grosjean,haas,Haas F1 Team,7,7,11,6,44,Finished
2017,12,Belgian Grand Prix,2017-08-27,spa,race,massa,Felipe Massa,williams,Williams,8,8,16,4,44,Finished
2017,12,Belgian Grand Prix,2017-08-27,spa,race,ocon,Esteban Ocon,force_india,Force India,9,9,9,2,44,Finished
2017,12,Belgian Grand Prix,2017-08-27,spa,race,sainz,Carlos Sainz,toro_rosso,Toro Rosso,10,10,13,1,44,Finished
2017,12,Belgian Grand Prix,2017-08-27,spa,race,stroll,Lance Stroll,williams,Williams,11,11,15,0,44,Finished
2017,12,Belgian Grand Prix,2017-08-27,spa,race,kvyat,Daniil Kvyat,toro_rosso,Toro Rosso,12,12,19,0,44,Finished
2017,12,Belgian Grand Prix,2017-08-27,spa,race,jolyon_palmer,Jolyon Palmer,renault,Renault,13,13,14,0,44,Finished
2017,12,Belgian Grand Prix,2017-08-27,spa,race,vandoorne,Stoffel Vandoorne,mclaren,McLaren,14,14,20,0,44,Finished
2017,12,Belgian Grand Prix,2017-08-27,spa,race,kevin_magnussen,Kevin Magnussen,haas,Haas F1 Team,15,15,12,0,44,Finished
2017,12,Belgian Grand Prix,2017-08-27,spa,race,ericsson,Marcus Ericsson,sauber,Sauber,16,16,17,0,44,Finished
2017,12,Belgian Grand Prix,2017-08-27,spa,race,perez,Sergio Pérez,force_india,Force India,17,17,8,0,42,Gearbox
2017,12,Belgian Grand Prix,2017-08-27,spa,race,alonso,Fernando Alonso,mclaren,McLaren,18,R,10,0,25,Engine
2017,12,Belgian Grand Prix,2017-08-27,spa,race,max_verstappen,Max Verstappen,red_bull,Red Bull,19,R,5,0,7,Engine
2017,12,Belgian Grand Prix,2017-08-27,spa,race,wehrlein,Pascal Wehrlein,sauber,Sauber,20,R,18,0,2,Collision
2017,13,Italian Grand Prix,2017-09-03,monza,race,hamilton,Lewis Hamilton,mercedes,Mercedes,1,1,1,25,53,Finished
2017,13,Italian Grand Prix,2017-09-03,monza,race,bottas,Valtteri Bottas,mercedes,Mercedes,2,2,4,18,53,Finished
2017,13,Italian Grand Prix,2017-09-03,monza,race,vettel,Sebastian Vettel,ferrari,Ferrari,3,3,6,15,53,Finished
2017,13,Italian Grand Prix,2017-09-03,monza,race,ricciardo,Daniel Ricciardo,red_bull,Red Bull,4,4,16,12,53,Finished
2017,13,Italian Grand Prix,2017-09-03,monza,race,raikkonen,Kimi Räikkönen,ferrari,Ferrari,5,5,5,10,53,Finished
2017,13,Italian Grand Prix,2017-09-03,monza,race,ocon,Esteban Ocon,force_india,Force India,6,6,3,8,53,Finished
2017,13,Italian Grand Prix,2017-09-03,monza,race,stroll,Lance Stroll,williams,Williams,7,7,2,6,53,Finished
2017,13,Italian Grand Prix,2017-09-03,monza,race,massa,Felipe Massa,williams,Williams,8,8,7,4,53,Finished
2017,13,Italian Grand Prix,2017-09-03,monza,race,perez,Sergio Pérez,force_india,Force India,9,9,10,2,53,Finished
2017,13,Italian Grand Prix,2017-09-03,monza,race,max_verstappen,Max Verstappen,red_bull,Red Bull,10,10,13,1,52,+1 Lap
2017,13,Italian Grand Prix,2017-09-03,monza,race,kevin_magnussen,Kevin Magnussen,haas,Haas F1 Team,11,11,9,0,52,+1 Lap
2017,13,Italian Grand Prix,2017-09-03,monza,race,kvyat,Daniil Kvyat,toro_rosso,Toro Rosso,12,12,8,0,52,+1 Lap
2017,13,Italian Grand Prix,2017-09-03,monza,race,hulkenberg,Nico Hülkenberg,renault,Renault,13,13,14,0,52,+1 Lap
2017,13,Italian Grand Prix,2017-09-03,monza,race,sainz,Carlos Sainz,toro_rosso,Toro Rosso,14,14,15,0,52,+1 Lap
2017,13,Italian Grand Prix,2017-09-03,monza,race,grosjean,Romain Grosjean,haas,Haas F1 Team,15,15,20,0,52,+1 Lap
2017,13,Italian Grand Prix,2017-09-03,monza,race,wehrlein,Pascal Wehrlein,sauber,Sauber,16,16,12,0,51,+2 Laps
2017,13,Italian Grand Prix,2017-09-03,monza,race,alonso,Fernando Alonso,mclaren,McLaren,17,17,19,0,50,Gearbox
2017,13,Italian Grand Prix,2017-09-03,monza,race,ericsson,Marcus Ericsson,sauber,Sauber,18,18,11,0,49,Gearbox
2017,13,Italian Grand Prix,2017-09-03,monza,race,vandoorne,Stoffel Vandoorne,mclaren,McLaren,19,R,18,0,33,Engine
2017,13,Italian Grand Prix,2017-09-03,monza,race,jolyon_palmer,Jolyon Palmer,renault,Renault,20,R,17,0,29,Engine
2017,14,Singapore Grand Prix,2017-09-17,marina_bay,race,hamilton,Lewis Hamilton,mercedes,Mercedes,1,1,5,25,58,Finished
2017,14,Singapore Grand Prix,2017-09-17,marina_bay,race,ricciardo,Daniel Ricciardo,red_bull,Red Bull,2,2,3,18,58,Finished
2017,14,Singapore Grand Prix,2017-09-17,marina_bay,race,bottas,Valtteri Bottas,mercedes,Mercedes,3,3,6,15,58,Finished
2017,14,Singapore Grand Prix,2017-09-17,marina_bay,race,sainz,Carlos Sainz,toro_rosso,Toro Rosso,4,4,10,12,58,Finished
2017,14,Singapore Grand Prix,2017-09-17,marina_bay,race,perez,Sergio Pérez,force_india,Force India,5,5,12,10,58,Finished
2017,14,Singapore Grand Prix,2017-09-17,marina_bay,race,jolyon_palmer,Jolyon Palmer,renault,Renault,6,6,11,8,58,Finished
2017,14,Singapore Grand Prix,2017-09-17,marina_bay,race,vandoorne,Stoffel Vandoorne,mclaren,McLaren,7,7,9,6,58,Finished
2017,14,Singapore Grand Prix,2017-09-17,marina_bay,race,stroll,Lance Stroll,williams,Williams,8,8,18,4,58,Finished
2017,14,Singapore Grand Prix,2017-09-17,marina_bay,race,grosjean,Romain Grosjean,haas,Haas F1 Team,9,9,15,2,58,Finished
2017,14,Singapore Grand Prix,2017-09-17,marina_bay,race,ocon,Esteban Ocon,force_india,Force India,10,10,14,1,58,Finished
2017,14,Singapore Grand Prix,2017-09-17,marina_bay,race,massa,Felipe Massa,williams,Williams,11,11,17,0,58,Finished
2017,14,Singapore Grand Prix,2017-09-17,marina_bay,race,wehrlein,Pascal Wehrlein,sauber,Sauber,12,12,19,0,56,+2 Laps
2017,14,Singapore Grand Prix,2017-09-17,marina_bay,race,kevin_magnussen,Kevin Magnussen,haas,Haas F1 Team,13,R,16,0,50,Engine
2017,14,Singapore Grand Prix,2017-09-17,marina_bay,race,hulkenberg,Nico Hülkenberg,renault,Renault,14,R,7,0,48,Engine
2017,14,Singapore Grand Prix,2017-09-17,marina_bay,race,ericsson,Marcus Ericsson,sauber,Sauber,15,R,20,0,35,Accident
2017,14,Singapore Grand Prix,2017-09-17,marina_bay,race,kvyat,Daniil Kvyat,toro_rosso,Toro Rosso,16,R,13,0,10,Accident
2017,14,Singapore Grand Prix,2017-09-17,marina_bay,race,alonso,Fernando Alonso,mclaren,McLaren,17,R,8,0,8,Collision damage
2017,14,Singapore Grand Prix,2017-09-17,marina_bay,race,vettel,Sebastian Vettel,ferrari,Ferrari,18,R,1,0,0,Accident
2017,14,Singapore Grand Prix,2017-09-17,marina_bay,race,max_verstappen,Max Verstappen,red_bull,Red Bull,19,R,2,0,0,Accident
2017,14,Singapore Grand Prix,2017-09-17,marina_bay,race,raikkonen,Kimi Räikkönen,ferrari,Ferrari,20,R,4,0,0,Accident
2017,15,Malaysian Grand Prix,2017-10-01,sepang,race,max_verstappen,Max Verstappen,red_bull,Red Bull,1,1,3,25,56,Finished
2017,15,Malaysian Grand Prix,2017-10-01,sepang,race,hamilton,Lewis Hamilton,mercedes,Mercedes,2,2,1,18,56,Finished
2017,15,Malaysian Grand Prix,2017-10-01,sepang,race,ricciardo,Daniel Ricciardo,red_bull,Red Bull,3,3,4,15,56,Finished
2017,15,Malaysian Grand Prix,2017-10-01,sepang,race,vettel,Sebastian Vettel,ferrari,Ferrari,4,4,20,12,56,Finished
2017,15,Malaysian Grand Prix,2017-10-01,sepang,race,bottas,Valtteri Bottas,mercedes,Mercedes,5,5,5,10,56,Finished
2017,15,Malaysian Grand Prix,2017-10-01,sepang,race,perez,Sergio Pérez,force_india,Force India,6,6,9,8,56,Finished
2017,15,Malaysian Grand Prix,2017-10-01,sepang,race,vandoorne,Stoffel Vandoorne,mclaren,McLaren,7,7,7,6,55,+1 Lap
2017,15,Malaysian Grand Prix,2017-10-01,sepang,race,stroll,Lance Stroll,williams,Williams,8,8,13,4,55,+1 Lap
2017,15,Malaysian Grand Prix,2017-10-01,sepang,race,massa,Felipe Massa,williams,Williams,9,9,11,2,55,+1 Lap
2017,15,Malaysian Grand Prix,2017-10-01,sepang,race,ocon,Esteban Ocon,force_india,Force India,10,10,6,1,55,+1 Lap
2017,15,Malaysian Grand Prix,2017-10-01,sepang,race,alonso,Fernando Alonso,mclaren,McLaren,11,11,10,0,55,+1 Lap
2017,15,Malaysian Grand Prix,2017-10-01,sepang,race,kevin_magnussen,Kevin Magnussen,haas,Haas F1 Team,12,12,17,0,55,+1 Lap
2017,15,Malaysian Grand Prix,2017-10-01,sepang,race,grosjean,Romain Grosjean,haas,Haas F1 Team,13,13,16,0,55,+1 Lap
2017,15,Malaysian Grand Prix,2017-10-01,sepang,race,gasly,Pierre Gasly,toro_rosso,Toro Rosso,14,14,15,0,55,+1 Lap
2017,15,Malaysian Grand Prix,2017-10-01,sepang,race,jolyon_palmer,Jolyon Palmer,renault,Renault,15,15,12,0,55,+1 Lap
2017,15,Malaysian Grand Prix,2017-10-01,sepang,race,hulkenberg,Nico Hülkenberg,renault,Renault,16,16,8,0,55,+1 Lap
2017,15,Malaysian Grand Prix,2017-10-01,sepang,race,wehrlein,Pascal Wehrlein,sauber,Sauber,17,17,18,0,55,+1 Lap
2017,15,Malaysian Grand Prix,2017-10-01,sepang,race,ericsson,Marcus Ericsson,sauber,Sauber,18,18,19,0,54,+2 Laps
2017,15,Malaysian Grand Prix,2017-10-01,sepang,race,sainz,Carlos Sainz,toro_rosso,Toro Rosso,19,R,14,0,29,Engine
2017,15,Malaysian Grand Prix,2017-10-01,sepang,race,raikkonen,Kimi Räikkönen,ferrari,Ferrari,20,R,0,0,0,Battery
2017,16,Japanese Grand Prix,2017-10-08,suzuka,race,hamilton,Lewis Hamilton,mercedes,Mercedes,1,1,1,25,53,Finished
2017,16,Japanese Grand Prix,2017-10-08,suzuka,race,max_verstappen,Max Verstappen,red_bull,Red Bull,2,2,4,18,53,Finished
2017,16,Japanese Grand Prix,2017-10-08,suzuka,race,ricciardo,Daniel Ricciardo,red_bull,Red Bull,3,3,3,15,53,Finished
2017,16,Japanese Grand Prix,2017-10-08,suzuka,race,bottas,Valtteri Bottas,mercedes,Mercedes,4,4,6,12,53,Finished
2017,16,Japanese Grand Prix,2017-10-08,suzuka,race,raikkonen,Kimi Räikkönen,ferrari,Ferrari,5,5,10,10,53,Finished
2017,16,Japanese Grand Prix,2017-10-08,suzuka,race,ocon,Esteban Ocon,force_india,Force India,6,6,5,8,53,Finished
2017,16,Japanese Grand Prix,2017-10-08,suzuka,race,perez,Sergio Pérez,force_india,Force India,7,7,7,6,53,Finished
2017,16,Japanese Grand Prix,2017-10-08,suzuka,race,kevin_magnussen,Kevin Magnussen,haas,Haas F1 Team,8,8,12,4,53,Finished
2017,16,Japanese Grand Prix,2017-10-08,suzuka,race,grosjean,Romain Grosjean,haas,Haas F1 Team,9,9,13,2,53,Finished
2017,16,Japanese Grand Prix,2017-10-08,suzuka,race,massa,Felipe Massa,williams,Williams,10,10,8,1,52,+1 Lap
2017,16,Japanese Grand Prix,2017-10-08,suzuka,race,alonso,Fernando Alonso,mclaren,McLaren,11,11,20,0,52,+1 Lap
2017,16,Japanese Grand Prix,2017-10-08,suzuka,race,jolyon_palmer,Jolyon Palmer,renault,Renault,12,12,18,0,52,+1 Lap
2017,16,Japanese Grand Prix,2017-10-08,suzuka,race,gasly,Pierre Gasly,toro_rosso,Toro Rosso,13,13,14,0,52,+1 Lap
2017,16,Japanese Grand Prix,2017-10-08,suzuka,race,vandoorne,Stoffel Vandoorne,mclaren,McLaren,14,14,9,0,52,+1 Lap
2017,16,Japanese Grand Prix,2017-10-08,suzuka,race,wehrlein,Pascal Wehrlein,sauber,Sauber,15,15,17,0,51,+2 Laps
2017,16,Japanese Grand Prix,2017-10-08,suzuka,race,stroll,Lance Stroll,williams,Williams,16,R,15,0,45,Wheel
2017,16,Japanese Grand Prix,2017-10-08,suzuka,race,hulkenberg,Nico Hülkenberg,renault,Renault,17,R,11,0,40,Front wing
2017,16,Japanese Grand Prix,2017-10-08,suzuka,race,ericsson,Marcus Ericsson,sauber,Sauber,18,R,16,0,7,Accident
2017,16,Japanese Grand Prix,2017-10-08,suzuka,race,vettel,Sebastian Vettel,ferrari,Ferrari,19,R,2,0,4,Spark plugs
2017,16,Japanese Grand Prix,2017-10-08,suzuka,race,sainz,Carlos Sainz,toro_rosso,Toro Rosso,20,R,19,0,0,Accident
2017,17,United States Grand Prix,2017-10-22,americas,race,hamilton,Lewis Hamilton,mercedes,Mercedes,1,1,1,25,56,Finished
2017,17,United States Grand Prix,2017-10-22,americas,race,vettel,Sebastian Vettel,ferrari,Ferrari,2,2,2,18,56,Finished
2017,17,United States Grand Prix,2017-10-22,americas,race,raikkonen,Kimi Räikkönen,ferrari,Ferrari,3,3,5,15,56,Finished
2017,17,United States Grand Prix,2017-10-22,americas,race,max_verstappen,Max Verstappen,red_bull,Red Bull,4,4,16,12,56,Finished
2017,17,United States Grand Prix,2017-10-22,americas,race,bottas,Valtteri Bottas,mercedes,Mercedes,5,5,3,10,56,Finished
2017,17,United States Grand Prix,2017-10-22,americas,race,ocon,Esteban Ocon,force_india,Force India,6,6,6,8,56,Finished
2017,17,United States Grand Prix,2017-10-22,americas,race,sainz,Carlos Sainz,renault,Renault,7,7,7,6,56,Finished
2017,17,United States Grand Prix,2017-10-22,americas,race,perez,Sergio Pérez,force_india,Force India,8,8,9,4,55,+1 Lap
2017,17,United States Grand Prix,2017-10-22,americas,race,massa,Felipe Massa,williams,Williams,9,9,10,2,55,+1 Lap
2017,17,United States Grand Prix,2017-10-22,americas,race,kvyat,Daniil Kvyat,toro_rosso,Toro Rosso,10,10,11,1,55,+1 Lap
2017,17,United States Grand Prix,2017-10-22,americas,race,stroll,Lance Stroll,williams,Williams,11,11,15,0,55,+1 Lap
2017,17,United States Grand Prix,2017-10-22,americas,race,vandoorne,Stoffel Vandoorne,mclaren,McLaren,12,12,20,0,55,+1 Lap
2017,17,United States Grand Prix,2017-10-22,americas,race,brendon_hartley,Brendon Hartley,toro_rosso,Toro Rosso,13,13,19,0,55,+1 Lap
2017,17,United States Grand Prix,2017-10-22,americas,race,grosjean,Romain Grosjean,haas,Haas F1 Team,14,14,12,0,55,+1 Lap
2017,17,United States Grand Prix,2017-10-22,americas,race,ericsson,Marcus Ericsson,sauber,Sauber,15,15,13,0,55,+1 Lap
2017,17,United States Grand Prix,2017-10-22,americas,race,kevin_magnussen,Kevin Magnussen,haas,Haas F1 Team,16,16,17,0,55,+1 Lap
2017,17,United States Grand Prix,2017-10-22,americas,race,alonso,Fernando Alonso,mclaren,McLaren,17,R,8,0,24,Engine
2017,17,United States Grand Prix,2017-10-22,americas,race,ricciardo,Daniel Ricciardo,red_bull,Red Bull,18,R,4,0,14,Engine
2017,17,United States Grand Prix,2017-10-22,americas,race,wehrlein,Pascal Wehrlein,sauber,Sauber,19,R,14,0,5,Collision
2017,17,United States Grand Prix,2017-10-22,americas,race,hulkenberg,Nico Hülkenberg,renault,Renault,20,R,18,0,3,Engine
2017,18,Mexican Grand Prix,2017-10-29,rodriguez,race,max_verstappen,Max Verstappen,red_bull,Red Bull,1,1,2,25,71,Finished
2017,18,Mexican Grand Prix,2017-10-29,rodriguez,race,bottas,Valtteri Bottas,mercedes,Mercedes,2,2,4,18,71,Finished
2017,18,Mexican Grand Prix,2017-10-29,rodriguez,race,raikkonen,Kimi Räikkönen,ferrari,Ferrari,3,3,5,15,71,Finished
2017,18,Mexican Grand Prix,2017-10-29,rodriguez,race,vettel,Sebastian Vettel,ferrari,Ferrari,4,4,1,12,71,Finished
2017,18,Mexican Grand Prix,2017-10-29,rodriguez,race,ocon,Esteban Ocon,force_india,Force India,5,5,6,10,70,+1 Lap
2017,18,Mexican Grand Prix,2017-10-29,rodriguez,race,stroll,Lance Stroll,williams,Williams,6,6,11,8,70,+1 Lap
2017,18,Mexican Grand Prix,2017-10-29,rodriguez,race,perez,Sergio Pérez,force_india,Force India,7,7,9,6,70,+1 Lap
2017,18,Mexican Grand Prix,2017-10-29,rodriguez,race,kevin_magnussen,Kevin Magnussen,haas,Haas F1 Team,8,8,14,4,70,+1 Lap
2017,18,Mexican Grand Prix,2017-10-29,rodriguez,race,hamilton,Lewis Hamilton,mercedes,Mercedes,9,9,3,2,70,+1 Lap
2017,18,Mexican Grand Prix,2017-10-29,rodriguez,race,alonso,Fernando Alonso,mclaren,McLaren,10,10,18,1,70,+1 Lap
2017,18,Mexican Grand Prix,2017-10-29,rodriguez,race,massa,Felipe Massa,williams,Williams,11,11,10,0,70,+1 Lap
2017,18,Mexican Grand Prix,2017-10-29,rodriguez,race,vandoorne,Stoffel Vandoorne,mclaren,McLaren,12,12,19,0,70,+1 Lap
2017,18,Mexican Grand Prix,2017-10-29,rodriguez,race,gasly,Pierre Gasly,toro_rosso,Toro Rosso,13,13,20,0,70,+1 Lap
2017,18,Mexican Grand Prix,2017-10-29,rodriguez,race,wehrlein,Pascal Wehrlein,sauber,Sauber,14,14,13,0,69,+2 Laps
2017,18,Mexican Grand Prix,2017-10-29,rodriguez,race,grosjean,Romain Grosjean,haas,Haas F1 Team,15,15,15,0,69,+2 Laps
2017,18,Mexican Grand Prix,2017-10-29,rodriguez,race,sainz,Carlos Sainz,renault,Renault,16,R,8,0,59,Engine
2017,18,Mexican Grand Prix,2017-10-29,rodriguez,race,ericsson,Marcus Ericsson,sauber,Sauber,17,R,12,0,55,Engine
2017,18,Mexican Grand Prix,2017-10-29,rodriguez,race,brendon_hartley,Brendon Hartley,toro_rosso,Toro Rosso,18,R,17,0,30,Engine
2017,18,Mexican Grand Prix,2017-10-29,rodriguez,race,hulkenberg,Nico Hülkenberg,renault,Renault,19,R,7,0,24,Electrical
2017,18,Mexican Grand Prix,2017-10-29,rodriguez,race,ricciardo,Daniel Ricciardo,red_bull,Red Bull,20,R,16,0,5,Engine
2017,19,Brazilian Grand Prix,2017-11-12,interlagos,race,vettel,Sebastian Vettel,ferrari,Ferrari,1,1,2,25,71,Finished
2017,19,Brazilian Grand Prix,2017-11-12,interlagos,race,bottas,Valtteri Bottas,mercedes,Mercedes,2,2,1,18,71,Finished
2017,19,Brazilian Grand Prix,2017-11-12,interlagos,race,raikkonen,Kimi Räikkönen,ferrari,Ferrari,3,3,3,15,71,Finished
2017,19,Brazilian Grand Prix,2017-11-12,interlagos,race,hamilton,Lewis Hamilton,mercedes,Mercedes,4,4,20,12,71,Finished
2017,19,Brazilian Grand Prix,2017-11-12,interlagos,race,max_verstappen,Max Verstappen,red_bull,Red Bull,5,5,4,10,71,Finished
2017,19,Brazilian Grand Prix,2017-11-12,interlagos,race,ricciardo,Daniel Ricciardo,red_bull,Red Bull,6,6,14,8,71,Finished
2017,19,Brazilian Grand Prix,2017-11-12,interlagos,race,massa,Felipe Massa,williams,Williams,7,7,9,6,71,Finished
2017,19,Brazilian Grand Prix,2017-11-12,interlagos,race,alonso,Fernando Alonso,mclaren,McLaren,8,8,6,4,71,Finished
2017,19,Brazilian Grand Prix,2017-11-12,interlagos,race,perez,Sergio Pérez,force_india,Force India,9,9,5,2,71,Finished
2017,19,Brazilian Grand Prix,2017-11-12,interlagos,race,hulkenberg,Nico Hülkenberg,renault,Renault,10,10,7,1,70,+1 Lap
2017,19,Brazilian Grand Prix,2017-11-12,interlagos,race,sainz,Carlos Sainz,renault,Renault,11,11,8,0,70,+1 Lap
2017,19,Brazilian Grand Prix,2017-11-12,interlagos,race,gasly,Pierre Gasly,toro_rosso,Toro Rosso,12,12,19,0,70,+1 Lap
2017,19,Brazilian Grand Prix,2017-11-12,interlagos,race,ericsson,Marcus Ericsson,sauber,Sauber,13,13,17,0,70,+1 Lap
2017,19,Brazilian Grand Prix,2017-11-12,interlagos,race,wehrlein,Pascal Wehrlein,sauber,Sauber,14,14,15,0,70,+1 Lap
2017,19,Brazilian Grand Prix,2017-11-12,interlagos,race,grosjean,Romain Grosjean,haas,Haas F1 Team,15,15,11,0,69,+2 Laps
2017,19,Brazilian Grand Prix,2017-11-12,interlagos,race,stroll,Lance Stroll,williams,Williams,16,16,16,0,69,+2 Laps
2017,19,Brazilian Grand Prix,2017-11-12,interlagos,race,brendon_hartley,Brendon Hartley,toro_rosso,Toro Rosso,17,R,18,0,40,Engine
2017,19,Brazilian Grand Prix,2017-11-12,interlagos,race,ocon,Esteban Ocon,force_india,Force India,18,R,10,0,0,Accident
2017,19,Brazilian Grand Prix,2017-11-12,interlagos,race,vandoorne,Stoffel Vandoorne,mclaren,McLaren,19,R,12,0,0,Accident
2017,19,Brazilian Grand Prix,2017-11-12,interlagos,race,kevin_magnussen,Kevin Magnussen,haas,Haas F1 Team,20,R,13,0,0,Accident
2017,20,Abu Dhabi Grand Prix,2017-11-26,yas_marina,race,bottas,Valtteri Bottas,mercedes,Mercedes,1,1,1,25,55,Finished
2017,20,Abu Dhabi Grand Prix,2017-11-26,yas_marina,race,hamilton,Lewis Hamilton,mercedes,Mercedes,2,2,2,18,55,Finished
2017,20,Abu Dhabi Grand Prix,2017-11-26,yas_marina,race,vettel,Sebastian Vettel,ferrari,Ferrari,3,3,3,15,55,Finished
2017,20,Abu Dhabi Grand Prix,2017-11-26,yas_marina,race,raikkonen,Kimi Räikkönen,ferrari,Ferrari,4,4,5,12,55,Finished
2017,20,Abu Dhabi Grand Prix,2017-11-26,yas_marina,race,max_verstappen,Max Verstappen,red_bull,Red Bull,5,5,6,10,55,Finished
2017,20,Abu Dhabi Grand Prix,2017-11-26,yas_marina,race,hulkenberg,Nico Hülkenberg,renault,Renault,6,6,7,8,55,Finished
2017,20,Abu Dhabi Grand Prix,2017-11-26,yas_marina,race,perez,Sergio Pérez,force_india,Force India,7,7,8,6,55,Finished
2017,20,Abu Dhabi Grand Prix,2017-11-26,yas_marina,race,ocon,Esteban Ocon,force_india,Force India,8,8,9,4,55,Finished
2017,20,Abu Dhabi Grand Prix,2017-11-26,yas_marina,race,alonso,Fernando Alonso,mclaren,McLaren,9,9,11,2,54,+1 Lap
2017,20,Abu Dhabi Grand Prix,2017-11-26,yas_marina,race,massa,Felipe Massa,williams,Williams,10,10,10,1,54,+1 Lap
2017,20,Abu Dhabi Grand Prix,2017-11-26,yas_marina,race,grosjean,Romain Grosjean,haas,Haas F1 Team,11,11,16,0,54,+1 Lap
2017,20,Abu Dhabi Grand Prix,2017-11-26,yas_marina,race,vandoorne,Stoffel Vandoorne,mclaren,McLaren,12,12,13,0,54,+1 Lap
2017,20,Abu Dhabi Grand Prix,2017-11-26,yas_marina,race,kevin_magnussen,Kevin Magnussen,haas,Haas F1 Team,13,13,14,0,54,+1 Lap
2017,20,Abu Dhabi Grand Prix,2017-11-26,yas_marina,race,wehrlein,Pascal Wehrlein,sauber,Sauber,14,14,18,0,54,+1 Lap
2017,20,Abu Dhabi Grand Prix,2017-11-26,yas_marina,race,brendon_hartley,Brendon Hartley,toro_rosso,Toro Rosso,15,15,20,0,54,+1 Lap
2017,20,Abu Dhabi Grand Prix,2017-11-26,yas_marina,race,gasly,Pierre Gasly,toro_rosso,Toro Rosso,16,16,17,0,54,+1 Lap
2017,20,Abu Dhabi Grand Prix,2017-11-26,yas_marina,race,ericsson,Marcus Ericsson,sauber,Sauber,17,17,19,0,54,+1 Lap
2017,20,Abu Dhabi Grand Prix,2017-11-26,yas_marina,race,stroll,Lance Stroll,williams,Williams,18,18,15,0,54,+1 Lap
2017,20,Abu Dhabi Grand Prix,2017-11-26,yas_marina,race,sainz,Carlos Sainz,renault,Renault,19,R,12,0,31,Wheel
2017,20,Abu Dhabi Grand Prix,2017-11-26,yas_marina,race,ricciardo,Daniel Ricciardo,red_bull,Red Bull,20,R,4,0,20,Hydraulics
2018,1,Australian Grand Prix,2018-03-25,albert_park,race,vettel,Sebastian Vettel,ferrari,Ferrari,1,1,3,25,58,Finished
2018,1,Australian Grand Prix,2018-03-25,albert_park,race,hamilton,Lewis Hamilton,mercedes,Mercedes,2,2,1,18,58,Finished
2018,1,Australian Grand Prix,2018-03-25,albert_park,race,raikkonen,Kimi Räikkönen,ferrari,Ferrari,3,3,2,15,58,Finished
2018,1,Australian Grand Prix,2018-03-25,albert_park,race,ricciardo,Daniel Ricciardo,red_bull,Red Bull,4,4,8,12,58,Finished
2018,1,Australian Grand Prix,2018-03-25,albert_park,race,alonso,Fernando Alonso,mclaren,McLaren,5,5,10,10,58,Finished
2018,1,Australian Grand Prix,2018-03-25,albert_park,race,max_verstappen,Max Verstappen,red_bull,Red Bull,6,6,4,8,58,Finished
2018,1,Australian Grand Prix,2018-03-25,albert_park,race,hulkenberg,Nico Hülkenberg,renault,Renault,7,7,7,6,58,Finished
2018,1,Australian Grand Prix,2018-03-25,albert_park,race,bottas,Valtteri Bottas,mercedes,Mercedes,8,8,15,4,58,Finished
2018,1,Australian Grand Prix,2018-03-25,albert_park,race,vandoorne,Stoffel Vandoorne,mclaren,McLaren,9,9,11,2,58,Finished
2018,1,Australian Grand Prix,2018-03-25,albert_park,race,sainz,Carlos Sainz,renault,Renault,10,10,9,1,58,Finished
2018,1,Australian Grand Prix,2018-03-25,albert_park,race,perez,Sergio Pérez,force_india,Force India,11,11,12,0,58,Finished
2018,1,Australian Grand Prix,2018-03-25,albert_park,race,ocon,Esteban Ocon,force_india,Force India,12,12,14,0,58,Finished
2018,1,Australian Grand Prix,2018-03-25,albert_park,race,leclerc,Charles Leclerc,sauber,Sauber,13,13,18,0,58,Finished
2018,1,Australian Grand Prix,2018-03-25,albert_park,race,stroll,Lance Stroll,williams,Williams,14,14,13,0,58,Finished
2018,1,Australian Grand Prix,2018-03-25,albert_park,race,brendon_hartley,Brendon Hartley,toro_rosso,Toro Rosso,15,15,16,0,57,+1 Lap
2018,1,Australian Grand Prix,2018-03-25,albert_park,race,grosjean,Romain Grosjean,haas,Haas F1 Team,16,R,6,0,24,Wheel
2018,1,Australian Grand Prix,2018-03-25,albert_park,race,kevin_magnussen,Kevin Magnussen,haas,Haas F1 Team,17,R,5,0,22,Wheel
2018,1,Australian Grand Prix,2018-03-25,albert_park,race,gasly,Pierre Gasly,toro_rosso,Toro Rosso,18,R,20,0,13,Engine
2018,1,Australian Grand Prix,2018-03-25,albert_park,race,ericsson,Marcus Ericsson,sauber,Sauber,19,R,17,0,5,Steering
2018,1,Australian Grand Prix,2018-03-25,albert_park,race,sirotkin,Sergey Sirotkin,williams,Williams,20,R,19,0,4,Brakes
2018,2,Bahrain Grand Prix,2018-04-08,bahrain,race,vettel,Sebastian Vettel,ferrari,Ferrari,1,1,1,25,57,Finished
2018,2,Bahrain Grand Prix,2018-04-08,bahrain,race,bottas,Valtteri Bottas,mercedes,Mercedes,2,2,3,18,57,Finished
2018,2,Bahrain Grand Prix,2018-04-08,bahrain,race,hamilton,Lewis Hamilton,mercedes,Mercedes,3,3,9,15,57,Finished
2018,2,Bahrain Grand Prix,2018-04-08,bahrain,race,gasly,Pierre Gasly,toro_rosso,Toro Rosso,4,4,5,12,57,Finished
2018,2,Bahrain Grand Prix,2018-04-08,bahrain,race,kevin_magnussen,Kevin Magnussen,haas,Haas F1 Team,5,5,6,10,57,Finished
2018,2,Bahrain Grand Prix,2018-04-08,bahrain,race,hulkenberg,Nico Hülkenberg,renault,Renault,6,6,7,8,57,Finished
2018,2,Bahrain Grand Prix,2018-04-08,bahrain,race,alonso,Fernando Alonso,mclaren,McLaren,7,7,13,6,56,+1 Lap
2018,2,Bahrain Grand Prix,2018-04-08,bahrain,race,vandoorne,Stoffel Vandoorne,mclaren,McLaren,8,8,14,4,56,+1 Lap
2018,2,Bahrain Grand Prix,2018-04-08,bahrain,race,ericsson,Marcus Ericsson,sauber,Sauber,9,9,17,2,56,+1 Lap
2018,2,Bahrain Grand Prix,2018-04-08,bahrain,race,ocon,Esteban Ocon,force_india,Force India,10,10,8,1,56,+1 Lap
2018,2,Bahrain Grand Prix,2018-04-08,bahrain,race,sainz,Carlos Sainz,renault,Renault,11,11,10,0,56,+1 Lap
2018,2,Bahrain Grand Prix,2018-04-08,bahrain,race,leclerc,Charles Leclerc,sauber,Sauber,12,12,19,0,56,+1 Lap
2018,2,Bahrain Grand Prix,2018-04-08,bahrain,race,grosjean,Romain Grosjean,haas,Haas F1 Team,13,13,16,0,56,+1 Lap
2018,2,Bahrain Grand Prix,2018-04-08,bahrain,race,stroll,Lance Stroll,williams,Williams,14,14,20,0,56,+1 Lap
2018,2,Bahrain Grand Prix,2018-04-08,bahrain,race,sirotkin,Sergey Sirotkin,williams,Williams,15,15,18,0,56,+1 Lap
2018,2,Bahrain Grand Prix,2018-04-08,bahrain,race,perez,Sergio Pérez,force_india,Force India,16,16,12,0,56,+1 Lap
2018,2,Bahrain Grand Prix,2018-04-08,bahrain,race,brendon_hartley,Brendon Hartley,toro_rosso,Toro Rosso,17,17,11,0,56,+1 Lap
2018,2,Bahrain Grand Prix,2018-04-08,bahrain,race,raikkonen,Kimi Räikkönen,ferrari,Ferrari,18,R,2,0,35,Wheel
2018,2,Bahrain Grand Prix,2018-04-08,bahrain,race,max_verstappen,Max Verstappen,red_bull,Red Bull,19,R,15,0,3,Puncture
2018,2,Bahrain Grand Prix,2018-04-08,bahrain,race,ricciardo,Daniel Ricciardo,red_bull,Red Bull,20,R,4,0,1,Electrical
2018,3,Chinese Grand Prix,2018-04-15,shanghai,race,ricciardo,Daniel Ricciardo,red_bull,Red Bull,1,1,6,25,56,Finished
2018,3,Chinese Grand Prix,2018-04-15,shanghai,race,bottas,Valtteri Bottas,mercedes,Mercedes,2,2,3,18,56,Finished
2018,3,Chinese Grand Prix,2018-04-15,shanghai,race,raikkonen,Kimi Räikkönen,ferrari,Ferrari,3,3,2,15,56,Finished
2018,3,Chinese Grand Prix,2018-04-15,shanghai,race,hamilton,Lewis Hamilton,mercedes,Mercedes,4,4,4,12,56,Finished
2018,3,Chinese Grand Prix,2018-04-15,shanghai,race,max_verstappen,Max Verstappen,red_bull,Red Bull,5,5,5,10,56,Finished
2018,3,Chinese Grand Prix,2018-04-15,shanghai,race,hulkenberg,Nico Hülkenberg,renault,Renault,6,6,7,8,56,Finished
2018,3,Chinese Grand Prix,2018-04-15,shanghai,race,alonso,Fernando Alonso,mclaren,McLaren,7,7,13,6,56,Finished
2018,3,Chinese Grand Prix,2018-04-15,shanghai,race,vettel,Sebastian Vettel,ferrari,Ferrari,8,8,1,4,56,Finished
2018,3,Chinese Grand Prix,2018-04-15,shanghai,race,sainz,Carlos Sainz,renault,Renault,9,9,9,2,56,Finished
2018,3,Chinese Grand Prix,2018-04-15,shanghai,race,kevin_magnussen,Kevin Magnussen,haas,Haas F1 Team,10,10,11,1,56,Finished
2018,3,Chinese Grand Prix,2018-04-15,shanghai,race,ocon,Esteban Ocon,force_india,Force India,11,11,12,0,56,Finished
2018,3,Chinese Grand Prix,2018-04-15,shanghai,race,perez,Sergio Pérez,force_india,Force India,12,12,8,0,56,Finished
2018,3,Chinese Grand Prix,2018-04-15,shanghai,race,vandoorne,Stoffel Vandoorne,mclaren,McLaren,13,13,14,0,56,Finished
2018,3,Chinese Grand Prix,2018-04-15,shanghai,race,stroll,Lance Stroll,williams,Williams,14,14,18,0,56,Finished
2018,3,Chinese Grand Prix,2018-04-15,shanghai,race,sirotkin,Sergey Sirotkin,williams,Williams,15,15,16,0,56,Finished
2018,3,Chinese Grand Prix,2018-04-15,shanghai,race,ericsson,Marcus Ericsson,sauber,Sauber,16,16,20,0,56,Finished
2018,3,Chinese Grand Prix,2018-04-15,shanghai,race,grosjean,Romain Grosjean,haas,Haas F1 Team,17,17,10,0,56,Finished
2018,3,Chinese Grand Prix,2018-04-15,shanghai,race,gasly,Pierre Gasly,toro_rosso,Toro Rosso,18,18,17,0,56,Finished
2018,3,Chinese Grand Prix,2018-04-15,shanghai,race,leclerc,Charles Leclerc,sauber,Sauber,19,19,19,0,56,Finished
2018,3,Chinese Grand Prix,2018-04-15,shanghai,race,brendon_hartley,Brendon Hartley,toro_rosso,Toro Rosso,20,20,15,0,51,Collision damage
2018,4,Azerbaijan Grand Prix,2018-04-29,baku,race,hamilton,Lewis Hamilton,mercedes,Mercedes,1,1,2,25,51,Finished
2018,4,Azerbaijan Grand Prix,2018-04-29,baku,race,raikkonen,Kimi Räikkönen,ferrari,Ferrari,2,2,6,18,51,Finished
2018,4,Azerbaijan Grand Prix,2018-04-29,baku,race,perez,Sergio Pérez,force_india,Force India,3,3,8,15,51,Finished
2018,4,Azerbaijan Grand Prix,2018-04-29,baku,race,vettel,Sebastian Vettel,ferrari,Ferrari,4,4,1,12,51,Finished
2018,4,Azerbaijan Grand Prix,2018-04-29,baku,race,sainz,Carlos Sainz,renault,Renault,5,5,9,10,51,Finished
2018,4,Azerbaijan Grand Prix,2018-04-29,baku,race,leclerc,Charles Leclerc,sauber,Sauber,6,6,13,8,51,Finished
2018,4,Azerbaijan Grand Prix,2018-04-29,baku,race,alonso,Fernando Alonso,mclaren,McLaren,7,7,12,6,51,Finished
2018,4,Azerbaijan Grand Prix,2018-04-29,baku,race,stroll,Lance Stroll,williams,Williams,8,8,10,4,51,Finished
2018,4,Azerbaijan Grand Prix,2018-04-29,baku,race,vandoorne,Stoffel Vandoorne,mclaren,McLaren,9,9,16,2,51,Finished
2018,4,Azerbaijan Grand Prix,2018-04-29,baku,race,brendon_hartley,Brendon Hartley,toro_rosso,Toro Rosso,10,10,19,1,51,Finished
2018,4,Azerbaijan Grand Prix,2018-04-29,baku,race,ericsson,Marcus Ericsson,sauber,Sauber,11,11,18,0,51,Finished
2018,4,Azerbaijan Grand Prix,2018-04-29,baku,race,gasly,Pierre Gasly,toro_rosso,Toro Rosso,12,12,17,0,51,Finished
2018,4,Azerbaijan Grand Prix,2018-04-29,baku,race,kevin_magnussen,Kevin Magnussen,haas,Haas F1 Team,13,13,15,0,51,Finished
2018,4,Azerbaijan Grand Prix,2018-04-29,baku,race,bottas,Valtteri Bottas,mercedes,Mercedes,14,R,3,0,48,Puncture
2018,4,Azerbaijan Grand Prix,2018-04-29,baku,race,grosjean,Romain Grosjean,haas,Haas F1 Team,15,R,20,0,42,Accident
2018,4,Azerbaijan Grand Prix,2018-04-29,baku,race,max_verstappen,Max Verstappen,red_bull,Red Bull,16,R,5,0,39,Collision
2018,4,Azerbaijan Grand Prix,2018-04-29,baku,race,ricciardo,Daniel Ricciardo,red_bull,Red Bull,17,R,4,0,39,Collision
2018,4,Azerbaijan Grand Prix,2018-04-29,baku,race,hulkenberg,Nico Hülkenberg,renault,Renault,18,R,14,0,10,Accident
2018,4,Azerbaijan Grand Prix,2018-04-29,baku,race,ocon,Esteban Ocon,force_india,Force India,19,R,7,0,0,Collision
2018,4,Azerbaijan Grand Prix,2018-04-29,baku,race,sirotkin,Sergey Sirotkin,williams,Williams,20,R,11,0,0,Collision
2018,5,Spanish Grand Prix,2018-05-13,catalunya,race,hamilton,Lewis Hamilton,mercedes,Mercedes,1,1,1,25,66,Finished
2018,5,Spanish Grand Prix,2018-05-13,catalunya,race,bottas,Valtteri Bottas,mercedes,Mercedes,2,2,2,18,66,Finished
2018,5,Spanish Grand Prix,2018-05-13,catalunya,race,max_verstappen,Max Verstappen,red_bull,Red Bull,3,3,5,15,66,Finished
2018,5,Spanish Grand Prix,2018-05-13,catalunya,race,vettel,Sebastian Vettel,ferrari,Ferrari,4,4,3,12,66,Finished
2018,5,Spanish Grand Prix,2018-05-13,catalunya,race,ricciardo,Daniel Ricciardo,red_bull,Red Bull,5,5,6,10,66,Finished
2018,5,Spanish Grand Prix,2018-05-13,catalunya,race,kevin_magnussen,Kevin Magnussen,haas,Haas F1 Team,6,6,7,8,65,+1 Lap
2018,5,Spanish Grand Prix,2018-05-13,catalunya,race,sainz,Carlos Sainz,renault,Renault,7,7,9,6,65,+1 Lap
2018,5,Spanish Grand Prix,2018-05-13,catalunya,race,alonso,Fernando Alonso,mclaren,McLaren,8,8,8,4,65,+1 Lap
2018,5,Spanish Grand Prix,2018-05-13,catalunya,race,perez,Sergio Pérez,force_india,Force India,9,9,15,2,64,+2 Laps
2018,5,Spanish Grand Prix,2018-05-13,catalunya,race,leclerc,Charles Leclerc,sauber,Sauber,10,10,14,1,64,+2 Laps
2018,5,Spanish Grand Prix,2018-05-13,catalunya,race,stroll,Lance Stroll,williams,Williams,11,11,18,0,64,+2 Laps
2018,5,Spanish Grand Prix,2018-05-13,catalunya,race,brendon_hartley,Brendon Hartley,toro_rosso,Toro Rosso,12,12,20,0,64,+2 Laps
2018,5,Spanish Grand Prix,2018-05-13,catalunya,race,ericsson,Marcus Ericsson,sauber,Sauber,13,13,17,0,64,+2 Laps
2018,5,Spanish Grand Prix,2018-05-13,catalunya,race,sirotkin,Sergey Sirotkin,williams,Williams,14,14,19,0,63,+3 Laps
2018,5,Spanish Grand Prix,2018-05-13,catalunya,race,vandoorne,Stoffel Vandoorne,mclaren,McLaren,15,R,11,0,45,Gearbox
2018,5,Spanish Grand Prix,2018-05-13,catalunya,race,ocon,Esteban Ocon,force_india,Force India,16,R,13,0,38,Oil leak
2018,5,Spanish Grand Prix,2018-05-13,catalunya,race,raikkonen,Kimi Räikkönen,ferrari,Ferrari,17,R,4,0,25,Turbo
2018,5,Spanish Grand Prix,2018-05-13,catalunya,race,grosjean,Romain Grosjean,haas,Haas F1 Team,18,R,10,0,0,Collision
2018,5,Spanish Grand Prix,2018-05-13,catalunya,race,gasly,Pierre Gasly,toro_rosso,Toro Rosso,19,R,12,0,0,Collision
2018,5,Spanish Grand Prix,2018-05-13,catalunya,race,hulkenberg,Nico Hülkenberg,renault,Renault,20,R,16,0,0,Collision
2018,6,Monaco Grand Prix,2018-05-27,monaco,race,ricciardo,Daniel Ricciardo,red_bull,Red Bull,1,1,1,25,78,Finished
2018,6,Monaco Grand Prix,2018-05-27,monaco,race,vettel,Sebastian Vettel,ferrari,Ferrari,2,2,2,18,78,Finished
2018,6,Monaco Grand Prix,2018-05-27,monaco,race,hamilton,Lewis Hamilton,mercedes,Mercedes,3,3,3,15,78,Finished
2018,6,Monaco Grand Prix,2018-05-27,monaco,race,raikkonen,Kimi Räikkönen,ferrari,Ferrari,4,4,4,12,78,Finished
2018,6,Monaco Grand Prix,2018-05-27,monaco,race,bottas,Valtteri Bottas,mercedes,Mercedes,5,5,5,10,78,Finished
2018,6,Monaco Grand Prix,2018-05-27,monaco,race,ocon,Esteban Ocon,force_india,Force India,6,6,6,8,78,Finished
2018,6,Monaco Grand Prix,2018-05-27,monaco,race,gasly,Pierre Gasly,toro_rosso,Toro Rosso,7,7,10,6,78,Finished
2018,6,Monaco Grand Prix,2018-05-27,monaco,race,hulkenberg,Nico Hülkenberg,renault,Renault,8,8,11,4,78,Finished
2018,6,Monaco Grand Prix,2018-05-27,monaco,race,max_verstappen,Max Verstappen,red_bull,Red Bull,9,9,20,2,78,Finished
2018,6,Monaco Grand Prix,2018-05-27,monaco,race,sainz,Carlos Sainz,renault,Renault,10,10,8,1,78,Finished
2018,6,Monaco Grand Prix,2018-05-27,monaco,race,ericsson,Marcus Ericsson,sauber,Sauber,11,11,16,0,78,Finished
2018,6,Monaco Grand Prix,2018-05-27,monaco,race,perez,Sergio Pérez,force_india,Force India,12,12,9,0,78,Finished
2018,6,Monaco Grand Prix,2018-05-27,monaco,race,kevin_magnussen,Kevin Magnussen,haas,Haas F1 Team,13,13,19,0,78,Finished
2018,6,Monaco Grand Prix,2018-05-27,monaco,race,vandoorne,Stoffel Vandoorne,mclaren,McLaren,14,14,12,0,77,+1 Lap
2018,6,Monaco Grand Prix,2018-05-27,monaco,race,grosjean,Romain Grosjean,haas,Haas F1 Team,15,15,18,0,77,+1 Lap
2018,6,Monaco Grand Prix,2018-05-27,monaco,race,sirotkin,Sergey Sirotkin,williams,Williams,16,16,13,0,77,+1 Lap
2018,6,Monaco Grand Prix,2018-05-27,monaco,race,stroll,Lance Stroll,williams,Williams,17,17,17,0,76,+2 Laps
2018,6,Monaco Grand Prix,2018-05-27,monaco,race,leclerc,Charles Leclerc,sauber,Sauber,18,R,14,0,70,Collision
2018,6,Monaco Grand Prix,2018-05-27,monaco,race,brendon_hartley,Brendon Hartley,toro_rosso,Toro Rosso,19,R,15,0,70,Collision
2018,6,Monaco Grand Prix,2018-05-27,monaco,race,alonso,Fernando Alonso,mclaren,McLaren,20,R,7,0,52,Gearbox
2018,7,Canadian Grand Prix,2018-06-10,villeneuve,race,vettel,Sebastian Vettel,ferrari,Ferrari,1,1,1,25,68,Finished
2018,7,Canadian Grand Prix,2018-06-10,villeneuve,race,bottas,Valtteri Bottas,mercedes,Mercedes,2,2,2,18,68,Finished
2018,7,Canadian Grand Prix,2018-06-10,villeneuve,race,max_verstappen,Max Verstappen,red_bull,Red Bull,3,3,3,15,68,Finished
2018,7,Canadian Grand Prix,2018-06-10,villeneuve,race,ricciardo,Daniel Ricciardo,red_bull,Red Bull,4,4,6,12,68,Finished
2018,7,Canadian Grand Prix,2018-06-10,villeneuve,race,hamilton,Lewis Hamilton,mercedes,Mercedes,5,5,4,10,68,Finished
2018,7,Canadian Grand Prix,2018-06-10,villeneuve,race,raikkonen,Kimi Räikkönen,ferrari,Ferrari,6,6,5,8,68,Finished
2018,7,Canadian Grand Prix,2018-06-10,villeneuve,race,hulkenberg,Nico Hülkenberg,renault,Renault,7,7,7,6,67,+1 Lap
2018,7,Canadian Grand Prix,2018-06-10,villeneuve,race,sainz,Carlos Sainz,renault,Renault,8,8,9,4,67,+1 Lap
2018,7,Canadian Grand Prix,2018-06-10,villeneuve,race,ocon,Esteban Ocon,force_india,Force India,9,9,8,2,67,+1 Lap
2018,7,Canadian Grand Prix,2018-06-10,villeneuve,race,leclerc,Charles Leclerc,sauber,Sauber,10,10,13,1,67,+1 Lap
2018,7,Canadian Grand Prix,2018-06-10,villeneuve,race,gasly,Pierre Gasly,toro_rosso,Toro Rosso,11,11,16,0,67,+1 Lap
2018,7,Canadian Grand Prix,2018-06-10,villeneuve,race,grosjean,Romain Grosjean,haas,Haas F1 Team,12,12,20,0,67,+1 Lap
2018,7,Canadian Grand Prix,2018-06-10,villeneuve,race,kevin_magnussen,Kevin Magnussen,haas,Haas F1 Team,13,13,11,0,67,+1 Lap
2018,7,Canadian Grand Prix,2018-06-10,villeneuve,race,perez,Sergio Pérez,force_india,Force India,14,14,10,0,67,+1 Lap
2018,7,Canadian Grand Prix,2018-06-10,villeneuve,race,ericsson,Marcus Ericsson,sauber,Sauber,15,15,19,0,66,+2 Laps
2018,7,Canadian Grand Prix,2018-06-10,villeneuve,race,vandoorne,Stoffel Vandoorne,mclaren,McLaren,16,16,15,0,66,+2 Laps
2018,7,Canadian Grand Prix,2018-06-10,villeneuve,race,sirotkin,Sergey Sirotkin,williams,Williams,17,17,18,0,66,+2 Laps
2018,7,Canadian Grand Prix,2018-06-10,villeneuve,race,alonso,Fernando Alonso,mclaren,McLaren,18,R,14,0,40,Exhaust
2018,7,Canadian Grand Prix,2018-06-10,villeneuve,race,brendon_hartley,Brendon Hartley,toro_rosso,Toro Rosso,19,R,12,0,0,Collision
2018,7,Canadian Grand Prix,2018-06-10,villeneuve,race,stroll,Lance Stroll,williams,Williams,20,R,17,0,0,Collision
2018,8,French Grand Prix,2018-06-24,ricard,race,hamilton,Lewis Hamilton,mercedes,Mercedes,1,1,1,25,53,Finished
2018,8,French Grand Prix,2018-06-24,ricard,race,max_verstappen,Max Verstappen,red_bull,Red Bull,2,2,4,18,53,Finished
2018,8,French Grand Prix,2018-06-24,ricard,race,raikkonen,Kimi Räikkönen,ferrari,Ferrari,3,3,6,15,53,Finished
2018,8,French Grand Prix,2018-06-24,ricard,race,ricciardo,Daniel Ricciardo,red_bull,Red Bull,4,4,5,12,53,Finished
2018,8,French Grand Prix,2018-06-24,ricard,race,vettel,Sebastian Vettel,ferrari,Ferrari,5,5,3,10,53,Finished
2018,8,French Grand Prix,2018-06-24,ricard,race,kevin_magnussen,Kevin Magnussen,haas,Haas F1 Team,6,6,9,8,53,Finished
2018,8,French Grand Prix,2018-06-24,ricard,race,bottas,Valtteri Bottas,mercedes,Mercedes,7,7,2,6,53,Finished
2018,8,French Grand Prix,2018-06-24,ricard,race,sainz,Carlos Sainz,renault,Renault,8,8,7,4,53,Finished
2018,8,French Grand Prix,2018-06-24,ricard,race,hulkenberg,Nico Hülkenberg,renault,Renault,9,9,12,2,53,Finished
2018,8,French Grand Prix,2018-06-24,ricard,race,leclerc,Charles Leclerc,sauber,Sauber,10,10,8,1,53,Finished
2018,8,French Grand Prix,2018-06-24,ricard,race,grosjean,Romain Grosjean,haas,Haas F1 Team,11,11,10,0,52,+1 Lap
2018,8,French Grand Prix,2018-06-24,ricard,race,vandoorne,Stoffel Vandoorne,mclaren,McLaren,12,12,17,0,52,+1 Lap
2018,8,French Grand Prix,2018-06-24,ricard,race,ericsson,Marcus Ericsson,sauber,Sauber,13,13,15,0,52,+1 Lap
2018,8,French Grand Prix,2018-06-24,ricard,race,brendon_hartley,Brendon Hartley,toro_rosso,Toro Rosso,14,14,20,0,52,+1 Lap
2018,8,French Grand Prix,2018-06-24,ricard,race,sirotkin,Sergey Sirotkin,williams,Williams,15,15,18,0,52,+1 Lap
2018,8,French Grand Prix,2018-06-24,ricard,race,alonso,Fernando Alonso,mclaren,McLaren,16,16,16,0,50,Wheel
2018,8,French Grand Prix,2018-06-24,ricard,race,stroll,Lance Stroll,williams,Williams,17,17,19,0,48,Puncture
2018,8,French Grand Prix,2018-06-24,ricard,race,perez,Sergio Pérez,force_india,Force India,18,R,13,0,27,Engine
2018,8,French Grand Prix,2018-06-24,ricard,race,ocon,Esteban Ocon,force_india,Force India,19,R,11,0,0,Collision
2018,8,French Grand Prix,2018-06-24,ricard,race,gasly,Pierre Gasly,toro_rosso,Toro Rosso,20,R,14,0,0,Collision
2018,9,Austrian Grand Prix,2018-07-01,red_bull_ring,race,max_verstappen,Max Verstappen,red_bull,Red Bull,1,1,4,25,71,Finished
2018,9,Austrian Grand Prix,2018-07-01,red_bull_ring,race,raikkonen,Kimi Räikkönen,ferrari,Ferrari,2,2,3,18,71,Finished
2018,9,Austrian Grand Prix,2018-07-01,red_bull_ring,race,vettel,Sebastian Vettel,ferrari,Ferrari,3,3,6,15,71,Finished
2018,9,Austrian Grand Prix,2018-07-01,red_bull_ring,race,grosjean,Romain Grosjean,haas,Haas F1 Team,4,4,5,12,70,+1 Lap
2018,9,Austrian Grand Prix,2018-07-01,red_bull_ring,race,kevin_magnussen,Kevin Magnussen,haas,Haas F1 Team,5,5,8,10,70,+1 Lap
2018,9,Austrian Grand Prix,2018-07-01,red_bull_ring,race,ocon,Esteban Ocon,force_india,Force India,6,6,11,8,70,+1 Lap
2018,9,Austrian Grand Prix,2018-07-01,red_bull_ring,race,perez,Sergio Pérez,force_india,Force India,7,7,16,6,70,+1 Lap
2018,9,Austrian Grand Prix,2018-07-01,red_bull_ring,race,alonso,Fernando Alonso,mclaren,McLaren,8,8,13,4,70,+1 Lap
2018,9,Austrian Grand Prix,2018-07-01,red_bull_ring,race,leclerc,Charles Leclerc,sauber,Sauber,9,9,18,2,70,+1 Lap
2018,9,Austrian Grand Prix,2018-07-01,red_bull_ring,race,ericsson,Marcus Ericsson,sauber,Sauber,10,10,20,1,70,+1 Lap
2018,9,Austrian Grand Prix,2018-07-01,red_bull_ring,race,gasly,Pierre Gasly,toro_rosso,Toro Rosso,11,11,12,0,70,+1 Lap
2018,9,Austrian Grand Prix,2018-07-01,red_bull_ring,race,sainz,Carlos Sainz,renault,Renault,12,12,9,0,70,+1 Lap
2018,9,Austrian Grand Prix,2018-07-01,red_bull_ring,race,sirotkin,Sergey Sirotkin,williams,Williams,13,13,17,0,69,+2 Laps
2018,9,Austrian Grand Prix,2018-07-01,red_bull_ring,race,stroll,Lance Stroll,williams,Williams,14,14,14,0,69,+2 Laps
2018,9,Austrian Grand Prix,2018-07-01,red_bull_ring,race,vandoorne,Stoffel Vandoorne,mclaren,McLaren,15,15,15,0,65,Collision damage
2018,9,Austrian Grand Prix,2018-07-01,red_bull_ring,race,hamilton,Lewis Hamilton,mercedes,Mercedes,16,R,2,0,62,Fuel pressure
2018,9,Austrian Grand Prix,2018-07-01,red_bull_ring,race,brendon_hartley,Brendon Hartley,toro_rosso,Toro Rosso,17,R,19,0,54,Hydraulics
2018,9,Austrian Grand Prix,2018-07-01,red_bull_ring,race,ricciardo,Daniel Ricciardo,red_bull,Red Bull,18,R,7,0,53,Exhaust
2018,9,Austrian Grand Prix,2018-07-01,red_bull_ring,race,bottas,Valtteri Bottas,mercedes,Mercedes,19,R,1,0,13,Hydraulics
2018,9,Austrian Grand Prix,2018-07-01,red_bull_ring,race,hulkenberg,Nico Hülkenberg,renault,Renault,20,R,10,0,11,Engine
2018,10,British Grand Prix,2018-07-08,silverstone,race,vettel,Sebastian Vettel,ferrari,Ferrari,1,1,2,25,52,Finished
2018,10,British Grand Prix,2018-07-08,silverstone,race,hamilton,Lewis Hamilton,mercedes,Mercedes,2,2,1,18,52,Finished
2018,10,British Grand Prix,2018-07-08,silverstone,race,raikkonen,Kimi Räikkönen,ferrari,Ferrari,3,3,3,15,52,Finished
2018,10,British Grand Prix,2018-07-08,silverstone,race,bottas,Valtteri Bottas,mercedes,Mercedes,4,4,4,12,52,Finished
2018,10,British Grand Prix,2018-07-08,silverstone,race,ricciardo,Daniel Ricciardo,red_bull,Red Bull,5,5,6,10,52,Finished
2018,10,British Grand Prix,2018-07-08,silverstone,race,hulkenberg,Nico Hülkenberg,renault,Renault,6,6,11,8,52,Finished
2018,10,British Grand Prix,2018-07-08,silverstone,race,ocon,Esteban Ocon,force_india,Force India,7,7,10,6,52,Finished
2018,10,British Grand Prix,2018-07-08,silverstone,race,alonso,Fernando Alonso,mclaren,McLaren,8,8,13,4,52,Finished
2018,10,British Grand Prix,2018-07-08,silverstone,race,kevin_magnussen,Kevin Magnussen,haas,Haas F1 Team,9,9,7,2,52,Finished
2018,10,British Grand Prix,2018-07-08,silverstone,race,perez,Sergio Pérez,force_india,Force India,10,10,12,1,52,Finished
2018,10,British Grand Prix,2018-07-08,silverstone,race,vandoorne,Stoffel Vandoorne,mclaren,McLaren,11,11,17,0,52,Finished
2018,10,British Grand Prix,2018-07-08,silverstone,race,stroll,Lance Stroll,williams,Williams,12,12,19,0,52,Finished
2018,10,British Grand Prix,2018-07-08,silverstone,race,gasly,Pierre Gasly,toro_rosso,Toro Rosso,13,13,14,0,52,Finished
2018,10,British Grand Prix,2018-07-08,silverstone,race,sirotkin,Sergey Sirotkin,williams,Williams,14,14,18,0,52,Finished
2018,10,British Grand Prix,2018-07-08,silverstone,race,max_verstappen,Max Verstappen,red_bull,Red Bull,15,R,5,0,46,Brakes
2018,10,British Grand Prix,2018-07-08,silverstone,race,grosjean,Romain Grosjean,haas,Haas F1 Team,16,R,8,0,37,Collision
2018,10,British Grand Prix,2018-07-08,silverstone,race,sainz,Carlos Sainz,renault,Renault,17,R,16,0,37,Collision
2018,10,British Grand Prix,2018-07-08,silverstone,race,ericsson,Marcus Ericsson,sauber,Sauber,18,R,15,0,31,Accident
2018,10,British Grand Prix,2018-07-08,silverstone,race,leclerc,Charles Leclerc,sauber,Sauber,19,R,9,0,18,Tyre
2018,10,British Grand Prix,2018-07-08,silverstone,race,brendon_hartley,Brendon Hartley,toro_rosso,Toro Rosso,20,R,0,0,1,Power Unit
2018,11,German Grand Prix,2018-07-22,hockenheimring,race,hamilton,Lewis Hamilton,mercedes,Mercedes,1,1,14,25,67,Finished
2018,11,German Grand Prix,2018-07-22,hockenheimring,race,bottas,Valtteri Bottas,mercedes,Mercedes,2,2,2,18,67,Finished
2018,11,German Grand Prix,2018-07-22,hockenheimring,race,raikkonen,Kimi Räikkönen,ferrari,Ferrari,3,3,3,15,67,Finished
2018,11,German Grand Prix,2018-07-22,hockenheimring,race,max_verstappen,Max Verstappen,red_bull,Red Bull,4,4,4,12,67,Finished
2018,11,German Grand Prix,2018-07-22,hockenheimring,race,hulkenberg,Nico Hülkenberg,renault,Renault,5,5,7,10,67,Finished
2018,11,German Grand Prix,2018-07-22,hockenheimring,race,grosjean,Romain Grosjean,haas,Haas F1 Team,6,6,6,8,67,Finished
2018,11,German Grand Prix,2018-07-22,hockenheimring,race,perez,Sergio Pérez,force_india,Force India,7,7,10,6,67,Finished
2018,11,German Grand Prix,2018-07-22,hockenheimring,race,ocon,Esteban Ocon,force_india,Force India,8,8,15,4,67,Finished
2018,11,German Grand Prix,2018-07-22,hockenheimring,race,ericsson,Marcus Ericsson,sauber,Sauber,9,9,13,2,67,Finished
2018,11,German Grand Prix,2018-07-22,hockenheimring,race,brendon_hartley,Brendon Hartley,toro_rosso,Toro Rosso,10,10,17,1,67,Finished
2018,11,German Grand Prix,2018-07-22,hockenheimring,race,kevin_magnussen,Kevin Magnussen,haas,Haas F1 Team,11,11,5,0,67,Finished
2018,11,German Grand Prix,2018-07-22,hockenheimring,race,sainz,Carlos Sainz,renault,Renault,12,12,8,0,67,Finished
2018,11,German Grand Prix,2018-07-22,hockenheimring,race,vandoorne,Stoffel Vandoorne,mclaren,McLaren,13,13,19,0,67,Finished
2018,11,German Grand Prix,2018-07-22,hockenheimring,race,gasly,Pierre Gasly,toro_rosso,Toro Rosso,14,14,16,0,66,+1 Lap
2018,11,German Grand Prix,2018-07-22,hockenheimring,race,leclerc,Charles Leclerc,sauber,Sauber,15,15,9,0,66,+1 Lap
2018,11,German Grand Prix,2018-07-22,hockenheimring,race,alonso,Fernando Alonso,mclaren,McLaren,16,16,11,0,65,Retired
2018,11,German Grand Prix,2018-07-22,hockenheimring,race,stroll,Lance Stroll,williams,Williams,17,R,18,0,53,Engine
2018,11,German Grand Prix,2018-07-22,hockenheimring,race,vettel,Sebastian Vettel,ferrari,Ferrari,18,R,1,0,51,Accident
2018,11,German Grand Prix,2018-07-22,hockenheimring,race,sirotkin,Sergey Sirotkin,williams,Williams,19,R,12,0,51,Engine
2018,11,German Grand Prix,2018-07-22,hockenheimring,race,ricciardo,Daniel Ricciardo,red_bull,Red Bull,20,R,20,0,27,Engine
2018,12,Hungarian Grand Prix,2018-07-29,hungaroring,race,hamilton,Lewis Hamilton,mercedes,Mercedes,1,1,1,25,70,Finished
2018,12,Hungarian Grand Prix,2018-07-29,hungaroring,race,vettel,Sebastian Vettel,ferrari,Ferrari,2,2,4,18,70,Finished
2018,12,Hungarian Grand Prix,2018-07-29,hungaroring,race,raikkonen,Kimi Räikkönen,ferrari,Ferrari,3,3,3,15,70,Finished
2018,12,Hungarian Grand Prix,2018-07-29,hungaroring,race,ricciardo,Daniel Ricciardo,red_bull,Red Bull,4,4,12,12,70,Finished
2018,12,Hungarian Grand Prix,2018-07-29,hungaroring,race,bottas,Valtteri Bottas,mercedes,Mercedes,5,5,2,10,70,Finished
2018,12,Hungarian Grand Prix,2018-07-29,hungaroring,race,gasly,Pierre Gasly,toro_rosso,Toro Rosso,6,6,6,8,70,Finished
2018,12,Hungarian Grand Prix,2018-07-29,hungaroring,race,kevin_magnussen,Kevin Magnussen,haas,Haas F1 Team,7,7,9,6,69,+1 Lap
2018,12,Hungarian Grand Prix,2018-07-29,hungaroring,race,alonso,Fernando Alonso,mclaren,McLaren,8,8,11,4,69,+1 Lap
2018,12,Hungarian Grand Prix,2018-07-29,hungaroring,race,sainz,Carlos Sainz,renault,Renault,9,9,5,2,69,+1 Lap
2018,12,Hungarian Grand Prix,2018-07-29,hungaroring,race,grosjean,Romain Grosjean,haas,Haas F1 Team,10,10,10,1,69,+1 Lap
2018,12,Hungarian Grand Prix,2018-07-29,hungaroring,race,brendon_hartley,Brendon Hartley,toro_rosso,Toro Rosso,11,11,8,0,69,+1 Lap
2018,12,Hungarian Grand Prix,2018-07-29,hungaroring,race,hulkenberg,Nico Hülkenberg,renault,Renault,12,12,13,0,69,+1 Lap
2018,12,Hungarian Grand Prix,2018-07-29,hungaroring,race,ocon,Esteban Ocon,force_india,Force India,13,13,18,0,69,+1 Lap
2018,12,Hungarian Grand Prix,2018-07-29,hungaroring,race,perez,Sergio Pérez,force_india,Force India,14,14,19,0,69,+1 Lap
2018,12,Hungarian Grand Prix,2018-07-29,hungaroring,race,ericsson,Marcus Ericsson,sauber,Sauber,15,15,14,0,68,+2 Laps
2018,12,Hungarian Grand Prix,2018-07-29,hungaroring,race,sirotkin,Sergey Sirotkin,williams,Williams,16,16,20,0,68,+2 Laps
2018,12,Hungarian Grand Prix,2018-07-29,hungaroring,race,stroll,Lance Stroll,williams,Williams,17,17,15,0,68,+2 Laps
2018,12,Hungarian Grand Prix,2018-07-29,hungaroring,race,vandoorne,Stoffel Vandoorne,mclaren,McLaren,18,R,16,0,49,Gearbox
2018,12,Hungarian Grand Prix,2018-07-29,hungaroring,race,max_verstappen,Max Verstappen,red_bull,Red Bull,19,R,7,0,5,Power loss
2018,12,Hungarian Grand Prix,2018-07-29,hungaroring,race,leclerc,Charles Leclerc,sauber,Sauber,20,R,17,0,0,Suspension
2018,13,Belgian Grand Prix,2018-08-26,spa,race,vettel,Sebastian Vettel,ferrari,Ferrari,1,1,2,25,44,Finished
2018,13,Belgian Grand Prix,2018-08-26,spa,race,hamilton,Lewis Hamilton,mercedes,Mercedes,2,2,1,18,44,Finished
2018,13,Belgian Grand Prix,2018-08-26,spa,race,max_verstappen,Max Verstappen,red_bull,Red Bull,3,3,7,15,44,Finished
2018,13,Belgian Grand Prix,2018-08-26,spa,race,bottas,Valtteri Bottas,mercedes,Mercedes,4,4,19,12,44,Finished
2018,13,Belgian Grand Prix,2018-08-26,spa,race,perez,Sergio Pérez,force_india,Force India,5,5,4,10,44,Finished
2018,13,Belgian Grand Prix,2018-08-26,spa,race,ocon,Esteban Ocon,force_india,Force India,6,6,3,8,44,Finished
2018,13,Belgian Grand Prix,2018-08-26,spa,race,grosjean,Romain Grosjean,haas,Haas F1 Team,7,7,5,6,44,Finished
2018,13,Belgian Grand Prix,2018-08-26,spa,race,kevin_magnussen,Kevin Magnussen,haas,Haas F1 Team,8,8,9,4,44,Finished
2018,13,Belgian Grand Prix,2018-08-26,spa,race,gasly,Pierre Gasly,toro_rosso,Toro Rosso,9,9,10,2,44,Finished
2018,13,Belgian Grand Prix,2018-08-26,spa,race,ericsson,Marcus Ericsson,sauber,Sauber,10,10,13,1,43,+1 Lap
2018,13,Belgian Grand Prix,2018-08-26,spa,race,sainz,Carlos Sainz,renault,Renault,11,11,14,0,43,+1 Lap
2018,13,Belgian Grand Prix,2018-08-26,spa,race,sirotkin,Sergey Sirotkin,williams,Williams,12,12,16,0,43,+1 Lap
2018,13,Belgian Grand Prix,2018-08-26,spa,race,stroll,Lance Stroll,williams,Williams,13,13,17,0,43,+1 Lap
2018,13,Belgian Grand Prix,2018-08-26,spa,race,brendon_hartley,Brendon Hartley,toro_rosso,Toro Rosso,14,14,11,0,43,+1 Lap
2018,13,Belgian Grand Prix,2018-08-26,spa,race,vandoorne,Stoffel Vandoorne,mclaren,McLaren,15,15,18,0,43,+1 Lap
2018,13,Belgian Grand Prix,2018-08-26,spa,race,ricciardo,Daniel Ricciardo,red_bull,Red Bull,16,R,8,0,28,Retired
2018,13,Belgian Grand Prix,2018-08-26,spa,race,raikkonen,Kimi Räikkönen,ferrari,Ferrari,17,R,6,0,8,Brakes
2018,13,Belgian Grand Prix,2018-08-26,spa,race,leclerc,Charles Leclerc,sauber,Sauber,18,R,12,0,0,Accident
2018,13,Belgian Grand Prix,2018-08-26,spa,race,alonso,Fernando Alonso,mclaren,McLaren,19,R,15,0,0,Accident
2018,13,Belgian Grand Prix,2018-08-26,spa,race,hulkenberg,Nico Hülkenberg,renault,Renault,20,R,20,0,0,Accident
2018,14,Italian Grand Prix,2018-09-02,monza,race,hamilton,Lewis Hamilton,mercedes,Mercedes,1,1,3,25,53,Finished
2018,14,Italian Grand Prix,2018-09-02,monza,race,raikkonen,Kimi Räikkönen,ferrari,Ferrari,2,2,1,18,53,Finished
2018,14,Italian Grand Prix,2018-09-02,monza,race,bottas,Valtteri Bottas,mercedes,Mercedes,3,3,4,15,53,Finished
2018,14,Italian Grand Prix,2018-09-02,monza,race,vettel,Sebastian Vettel,ferrari,Ferrari,4,4,2,12,53,Finished
2018,14,Italian Grand Prix,2018-09-02,monza,race,max_verstappen,Max Verstappen,red_bull,Red Bull,5,5,5,10,53,Finished
2018,14,Italian Grand Prix,2018-09-02,monza,race,ocon,Esteban Ocon,force_india,Force India,6,6,8,8,53,Finished
2018,14,Italian Grand Prix,2018-09-02,monza,race,perez,Sergio Pérez,force_india,Force India,7,7,14,6,53,Finished
2018,14,Italian Grand Prix,2018-09-02,monza,race,sainz,Carlos Sainz,renault,Renault,8,8,7,4,53,Finished
2018,14,Italian Grand Prix,2018-09-02,monza,race,stroll,Lance Stroll,williams,Williams,9,9,10,2,52,+1 Lap
2018,14,Italian Grand Prix,2018-09-02,monza,race,sirotkin,Sergey Sirotkin,williams,Williams,10,10,12,1,52,+1 Lap
2018,14,Italian Grand Prix,2018-09-02,monza,race,leclerc,Charles Leclerc,sauber,Sauber,11,11,15,0,52,+1 Lap
2018,14,Italian Grand Prix,2018-09-02,monza,race,vandoorne,Stoffel Vandoorne,mclaren,McLaren,12,12,17,0,52,+1 Lap
2018,14,Italian Grand Prix,2018-09-02,monza,race,hulkenberg,Nico Hülkenberg,renault,Renault,13,13,20,0,52,+1 Lap
2018,14,Italian Grand Prix,2018-09-02,monza,race,gasly,Pierre Gasly,toro_rosso,Toro Rosso,14,14,9,0,52,+1 Lap
2018,14,Italian Grand Prix,2018-09-02,monza,race,ericsson,Marcus Ericsson,sauber,Sauber,15,15,18,0,52,+1 Lap
2018,14,Italian Grand Prix,2018-09-02,monza,race,kevin_magnussen,Kevin Magnussen,haas,Haas F1 Team,16,16,11,0,52,+1 Lap
2018,14,Italian Grand Prix,2018-09-02,monza,race,ricciardo,Daniel Ricciardo,red_bull,Red Bull,17,R,19,0,23,Engine
2018,14,Italian Grand Prix,2018-09-02,monza,race,alonso,Fernando Alonso,mclaren,McLaren,18,R,13,0,9,Engine
2018,14,Italian Grand Prix,2018-09-02,monza,race,brendon_hartley,Brendon Hartley,toro_rosso,Toro Rosso,19,R,16,0,0,Brakes
2018,14,Italian Grand Prix,2018-09-02,monza,race,grosjean,Romain Grosjean,haas,Haas F1 Team,20,D,6,0,53,Disqualified
2018,15,Singapore Grand Prix,2018-09-16,marina_bay,race,hamilton,Lewis Hamilton,mercedes,Mercedes,1,1,1,25,61,Finished
2018,15,Singapore Grand Prix,2018-09-16,marina_bay,race,max_verstappen,Max Verstappen,red_bull,Red Bull,2,2,2,18,61,Finished
2018,15,Singapore Grand Prix,2018-09-16,marina_bay,race,vettel,Sebastian Vettel,ferrari,Ferrari,3,3,3,15,61,Finished
2018,15,Singapore Grand Prix,2018-09-16,marina_bay,race,bottas,Valtteri Bottas,mercedes,Mercedes,4,4,4,12,61,Finished
2018,15,Singapore Grand Prix,2018-09-16,marina_bay,race,raikkonen,Kimi Räikkönen,ferrari,Ferrari,5,5,5,10,61,Finished
2018,15,Singapore Grand Prix,2018-09-16,marina_bay,race,ricciardo,Daniel Ricciardo,red_bull,Red Bull,6,6,6,8,61,Finished
2018,15,Singapore Grand Prix,2018-09-16,marina_bay,race,alonso,Fernando Alonso,mclaren,McLaren,7,7,11,6,61,Finished
2018,15,Singapore Grand Prix,2018-09-16,marina_bay,race,sainz,Carlos Sainz,renault,Renault,8,8,12,4,60,+1 Lap
2018,15,Singapore Grand Prix,2018-09-16,marina_bay,race,leclerc,Charles Leclerc,sauber,Sauber,9,9,13,2,60,+1 Lap
2018,15,Singapore Grand Prix,2018-09-16,marina_bay,race,hulkenberg,Nico Hülkenberg,renault,Renault,10,10,10,1,60,+1 Lap
2018,15,Singapore Grand Prix,2018-09-16,marina_bay,race,ericsson,Marcus Ericsson,sauber,Sauber,11,11,14,0,60,+1 Lap
2018,15,Singapore Grand Prix,2018-09-16,marina_bay,race,vandoorne,Stoffel Vandoorne,mclaren,McLaren,12,12,18,0,60,+1 Lap
2018,15,Singapore Grand Prix,2018-09-16,marina_bay,race,gasly,Pierre Gasly,toro_rosso,Toro Rosso,13,13,15,0,60,+1 Lap
2018,15,Singapore Grand Prix,2018-09-16,marina_bay,race,stroll,Lance Stroll,williams,Williams,14,14,20,0,60,+1 Lap
2018,15,Singapore Grand Prix,2018-09-16,marina_bay,race,grosjean,Romain Grosjean,haas,Haas F1 Team,15,15,8,0,60,+1 Lap
2018,15,Singapore Grand Prix,2018-09-16,marina_bay,race,perez,Sergio Pérez,force_india,Force India,16,16,7,0,60,+1 Lap
2018,15,Singapore Grand Prix,2018-09-16,marina_bay,race,brendon_hartley,Brendon Hartley,toro_rosso,Toro Rosso,17,17,17,0,60,+1 Lap
2018,15,Singapore Grand Prix,2018-09-16,marina_bay,race,kevin_magnussen,Kevin Magnussen,haas,Haas F1 Team,18,18,16,0,59,+2 Laps
2018,15,Singapore Grand Prix,2018-09-16,marina_bay,race,sirotkin,Sergey Sirotkin,williams,Williams,19,19,19,0,59,+2 Laps
2018,15,Singapore Grand Prix,2018-09-16,marina_bay,race,ocon,Esteban Ocon,force_india,Force India,20,R,9,0,0,Collision
2018,16,Russian Grand Prix,2018-09-30,sochi,race,hamilton,Lewis Hamilton,mercedes,Mercedes,1,1,2,25,53,Finished
2018,16,Russian Grand Prix,2018-09-30,sochi,race,bottas,Valtteri Bottas,mercedes,Mercedes,2,2,1,18,53,Finished
2018,16,Russian Grand Prix,2018-09-30,sochi,race,vettel,Sebastian Vettel,ferrari,Ferrari,3,3,3,15,53,Finished
2018,16,Russian Grand Prix,2018-09-30,sochi,race,raikkonen,Kimi Räikkönen,ferrari,Ferrari,4,4,4,12,53,Finished
2018,16,Russian Grand Prix,2018-09-30,sochi,race,max_verstappen,Max Verstappen,red_bull,Red Bull,5,5,19,10,53,Finished
2018,16,Russian Grand Prix,2018-09-30,sochi,race,ricciardo,Daniel Ricciardo,red_bull,Red Bull,6,6,18,8,53,Finished
2018,16,Russian Grand Prix,2018-09-30,sochi,race,leclerc,Charles Leclerc,sauber,Sauber,7,7,7,6,53,Finished
2018,16,Russian Grand Prix,2018-09-30,sochi,race,kevin_magnussen,Kevin Magnussen,haas,Haas F1 Team,8,8,5,4,52,+1 Lap
2018,16,Russian Grand Prix,2018-09-30,sochi,race,ocon,Esteban Ocon,force_india,Force India,9,9,6,2,52,+1 Lap
2018,16,Russian Grand Prix,2018-09-30,sochi,race,perez,Sergio Pérez,force_india,Force India,10,10,8,1,52,+1 Lap
2018,16,Russian Grand Prix,2018-09-30,sochi,race,grosjean,Romain Grosjean,haas,Haas F1 Team,11,11,9,0,52,+1 Lap
2018,16,Russian Grand Prix,2018-09-30,sochi,race,hulkenberg,Nico Hülkenberg,renault,Renault,12,12,12,0,52,+1 Lap
2018,16,Russian Grand Prix,2018-09-30,sochi,race,ericsson,Marcus Ericsson,sauber,Sauber,13,13,10,0,52,+1 Lap
2018,16,Russian Grand Prix,2018-09-30,sochi,race,alonso,Fernando Alonso,mclaren,McLaren,14,14,16,0,52,+1 Lap
2018,16,Russian Grand Prix,2018-09-30,sochi,race,stroll,Lance Stroll,williams,Williams,15,15,14,0,52,+1 Lap
2018,16,Russian Grand Prix,2018-09-30,sochi,race,vandoorne,Stoffel Vandoorne,mclaren,McLaren,16,16,15,0,51,+2 Laps
2018,16,Russian Grand Prix,2018-09-30,sochi,race,sainz,Carlos Sainz,renault,Renault,17,17,11,0,51,+2 Laps
2018,16,Russian Grand Prix,2018-09-30,sochi,race,sirotkin,Sergey Sirotkin,williams,Williams,18,18,13,0,51,+2 Laps
2018,16,Russian Grand Prix,2018-09-30,sochi,race,gasly,Pierre Gasly,toro_rosso,Toro Rosso,19,R,17,0,4,Brakes
2018,16,Russian Grand Prix,2018-09-30,sochi,race,brendon_hartley,Brendon Hartley,toro_rosso,Toro Rosso,20,R,20,0,4,Brakes
2018,17,Japanese Grand Prix,2018-10-07,suzuka,race,hamilton,Lewis Hamilton,mercedes,Mercedes,1,1,1,25,53,Finished
2018,17,Japanese Grand Prix,2018-10-07,suzuka,race,bottas,Valtteri Bottas,mercedes,Mercedes,2,2,2,18,53,Finished
2018,17,Japanese Grand Prix,2018-10-07,suzuka,race,max_verstappen,Max Verstappen,red_bull,Red Bull,3,3,3,15,53,Finished
2018,17,Japanese Grand Prix,2018-10-07,suzuka,race,ricciardo,Daniel Ricciardo,red_bull,Red Bull,4,4,15,12,53,Finished
2018,17,Japanese Grand Prix,2018-10-07,suzuka,race,raikkonen,Kimi Räikkönen,ferrari,Ferrari,5,5,4,10,53,Finished
2018,17,Japanese Grand Prix,2018-10-07,suzuka,race,vettel,Sebastian Vettel,ferrari,Ferrari,6,6,8,8,53,Finished
2018,17,Japanese Grand Prix,2018-10-07,suzuka,race,perez,Sergio Pérez,force_india,Force India,7,7,9,6,53,Finished
2018,17,Japanese Grand Prix,2018-10-07,suzuka,race,grosjean,Romain Grosjean,haas,Haas F1 Team,8,8,5,4,53,Finished
2018,17,Japanese Grand Prix,2018-10-07,suzuka,race,ocon,Esteban Ocon,force_india,Force India,9,9,11,2,53,Finished
2018,17,Japanese Grand Prix,2018-10-07,suzuka,race,sainz,Carlos Sainz,renault,Renault,10,10,13,1,52,+1 Lap
2018,17,Japanese Grand Prix,2018-10-07,suzuka,race,gasly,Pierre Gasly,toro_rosso,Toro Rosso,11,11,7,0,52,+1 Lap
2018,17,Japanese Grand Prix,2018-10-07,suzuka,race,ericsson,Marcus Ericsson,sauber,Sauber,12,12,20,0,52,+1 Lap
2018,17,Japanese Grand Prix,2018-10-07,suzuka,race,brendon_hartley,Brendon Hartley,toro_rosso,Toro Rosso,13,13,6,0,52,+1 Lap
2018,17,Japanese Grand Prix,2018-10-07,suzuka,race,alonso,Fernando Alonso,mclaren,McLaren,14,14,18,0,52,+1 Lap
2018,17,Japanese Grand Prix,2018-10-07,suzuka,race,vandoorne,Stoffel Vandoorne,mclaren,McLaren,15,15,19,0,52,+1 Lap
2018,17,Japanese Grand Prix,2018-10-07,suzuka,race,sirotkin,Sergey Sirotkin,williams,Williams,16,16,17,0,52,+1 Lap
2018,17,Japanese Grand Prix,2018-10-07,suzuka,race,stroll,Lance Stroll,williams,Williams,17,17,14,0,52,+1 Lap
2018,17,Japanese Grand Prix,2018-10-07,suzuka,race,leclerc,Charles Leclerc,sauber,Sauber,18,R,10,0,38,Mechanical
2018,17,Japanese Grand Prix,2018-10-07,suzuka,race,hulkenberg,Nico Hülkenberg,renault,Renault,19,R,16,0,37,Engine
2018,17,Japanese Grand Prix,2018-10-07,suzuka,race,kevin_magnussen,Kevin Magnussen,haas,Haas F1 Team,20,R,12,0,8,Collision damage
2018,18,United States Grand Prix,2018-10-21,americas,race,raikkonen,Kimi Räikkönen,ferrari,Ferrari,1,1,2,25,56,Finished
2018,18,United States Grand Prix,2018-10-21,americas,race,max_verstappen,Max Verstappen,red_bull,Red Bull,2,2,18,18,56,Finished
2018,18,United States Grand Prix,2018-10-21,americas,race,hamilton,Lewis Hamilton,mercedes,Mercedes,3,3,1,15,56,Finished
2018,18,United States Grand Prix,2018-10-21,americas,race,vettel,Sebastian Vettel,ferrari,Ferrari,4,4,5,12,56,Finished
2018,18,United States Grand Prix,2018-10-21,americas,race,bottas,Valtteri Bottas,mercedes,Mercedes,5,5,3,10,56,Finished
2018,18,United States Grand Prix,2018-10-21,americas,race,hulkenberg,Nico Hülkenberg,renault,Renault,6,6,7,8,56,Finished
2018,18,United States Grand Prix,2018-10-21,americas,race,sainz,Carlos Sainz,renault,Renault,7,7,11,6,56,Finished
2018,18,United States Grand Prix,2018-10-21,americas,race,perez,Sergio Pérez,force_india,Force India,8,8,10,4,56,Finished
2018,18,United States Grand Prix,2018-10-21,americas,race,brendon_hartley,Brendon Hartley,toro_rosso,Toro Rosso,9,9,20,2,55,+1 Lap
2018,18,United States Grand Prix,2018-10-21,americas,race,ericsson,Marcus Ericsson,sauber,Sauber,10,10,16,1,55,+1 Lap
2018,18,United States Grand Prix,2018-10-21,americas,race,vandoorne,Stoffel Vandoorne,mclaren,McLaren,11,11,17,0,55,+1 Lap
2018,18,United States Grand Prix,2018-10-21,americas,race,gasly,Pierre Gasly,toro_rosso,Toro Rosso,12,12,19,0,55,+1 Lap
2018,18,United States Grand Prix,2018-10-21,americas,race,sirotkin,Sergey Sirotkin,williams,Williams,13,13,14,0,55,+1 Lap
2018,18,United States Grand Prix,2018-10-21,americas,race,stroll,Lance Stroll,williams,Williams,14,14,15,0,54,+2 Laps
2018,18,United States Grand Prix,2018-10-21,americas,race,leclerc,Charles Leclerc,sauber,Sauber,15,R,9,0,31,Collision damage
2018,18,United States Grand Prix,2018-10-21,americas,race,ricciardo,Daniel Ricciardo,red_bull,Red Bull,16,R,4,0,8,Battery
2018,18,United States Grand Prix,2018-10-21,americas,race,grosjean,Romain Grosjean,haas,Haas F1 Team,17,R,8,0,2,Collision damage
2018,18,United States Grand Prix,2018-10-21,americas,race,alonso,Fernando Alonso,mclaren,McLaren,18,R,13,0,1,Collision
2018,18,United States Grand Prix,2018-10-21,americas,race,ocon,Esteban Ocon,force_india,Force India,19,D,6,0,56,Disqualified
2018,18,United States Grand Prix,2018-10-21,americas,race,kevin_magnussen,Kevin Magnussen,haas,Haas F1 Team,20,D,12,0,56,Disqualified
2018,19,Mexican Grand Prix,2018-10-28,rodriguez,race,max_verstappen,Max Verstappen,red_bull,Red Bull,1,1,2,25,71,Finished
2018,19,Mexican Grand Prix,2018-10-28,rodriguez,race,vettel,Sebastian Vettel,ferrari,Ferrari,2,2,4,18,71,Finished
2018,19,Mexican Grand Prix,2018-10-28,rodriguez,race,raikkonen,Kimi Räikkönen,ferrari,Ferrari,3,3,6,15,71,Finished
2018,19,Mexican Grand Prix,2018-10-28,rodriguez,race,hamilton,Lewis Hamilton,mercedes,Mercedes,4,4,3,12,71,Finished
2018,19,Mexican Grand Prix,2018-10-28,rodriguez,race,bottas,Valtteri Bottas,mercedes,Mercedes,5,5,5,10,70,+1 Lap
2018,19,Mexican Grand Prix,2018-10-28,rodriguez,race,hulkenberg,Nico Hülkenberg,renault,Renault,6,6,7,8,69,+2 Laps
2018,19,Mexican Grand Prix,2018-10-28,rodriguez,race,leclerc,Charles Leclerc,sauber,Sauber,7,7,9,6,69,+2 Laps
2018,19,Mexican Grand Prix,2018-10-28,rodriguez,race,vandoorne,Stoffel Vandoorne,mclaren,McLaren,8,8,15,4,69,+2 Laps
2018,19,Mexican Grand Prix,2018-10-28,rodriguez,race,ericsson,Marcus Ericsson,sauber,Sauber,9,9,10,2,69,+2 Laps
2018,19,Mexican Grand Prix,2018-10-28,rodriguez,race,gasly,Pierre Gasly,toro_rosso,Toro Rosso,10,10,20,1,69,+2 Laps
2018,19,Mexican Grand Prix,2018-10-28,rodriguez,race,ocon,Esteban Ocon,force_india,Force India,11,11,11,0,69,+2 Laps
2018,19,Mexican Grand Prix,2018-10-28,rodriguez,race,stroll,Lance Stroll,williams,Williams,12,12,17,0,69,+2 Laps
2018,19,Mexican Grand Prix,2018-10-28,rodriguez,race,sirotkin,Sergey Sirotkin,williams,Williams,13,13,19,0,69,+2 Laps
2018,19,Mexican Grand Prix,2018-10-28,rodriguez,race,brendon_hartley,Brendon Hartley,toro_rosso,Toro Rosso,14,14,14,0,69,+2 Laps
2018,19,Mexican Grand Prix,2018-10-28,rodriguez,race,kevin_magnussen,Kevin Magnussen,haas,Haas F1 Team,15,15,16,0,69,+2 Laps
2018,19,Mexican Grand Prix,2018-10-28,rodriguez,race,grosjean,Romain Grosjean,haas,Haas F1 Team,16,16,18,0,68,+3 Laps
2018,19,Mexican Grand Prix,2018-10-28,rodriguez,race,ricciardo,Daniel Ricciardo,red_bull,Red Bull,17,R,1,0,61,Engine
2018,19,Mexican Grand Prix,2018-10-28,rodriguez,race,perez,Sergio Pérez,force_india,Force India,18,R,13,0,38,Brakes
2018,19,Mexican Grand Prix,2018-10-28,rodriguez,race,sainz,Carlos Sainz,renault,Renault,19,R,8,0,28,Suspension
2018,19,Mexican Grand Prix,2018-10-28,rodriguez,race,alonso,Fernando Alonso,mclaren,McLaren,20,R,12,0,3,Engine
2018,20,Brazilian Grand Prix,2018-11-11,interlagos,race,hamilton,Lewis Hamilton,mercedes,Mercedes,1,1,1,25,71,Finished
2018,20,Brazilian Grand Prix,2018-11-11,interlagos,race,max_verstappen,Max Verstappen,red_bull,Red Bull,2,2,5,18,71,Finished
2018,20,Brazilian Grand Prix,2018-11-11,interlagos,race,raikkonen,Kimi Räikkönen,ferrari,Ferrari,3,3,4,15,71,Finished
2018,20,Brazilian Grand Prix,2018-11-11,interlagos,race,ricciardo,Daniel Ricciardo,red_bull,Red Bull,4,4,11,12,71,Finished
2018,20,Brazilian Grand Prix,2018-11-11,interlagos,race,bottas,Valtteri Bottas,mercedes,Mercedes,5,5,3,10,71,Finished
2018,20,Brazilian Grand Prix,2018-11-11,interlagos,race,vettel,Sebastian Vettel,ferrari,Ferrari,6,6,2,8,71,Finished
2018,20,Brazilian Grand Prix,2018-11-11,interlagos,race,leclerc,Charles Leclerc,sauber,Sauber,7,7,7,6,71,Finished
2018,20,Brazilian Grand Prix,2018-11-11,interlagos,race,grosjean,Romain Grosjean,haas,Haas F1 Team,8,8,8,4,71,Finished
2018,20,Brazilian Grand Prix,2018-11-11,interlagos,race,kevin_magnussen,Kevin Magnussen,haas,Haas F1 Team,9,9,10,2,71,Finished
2018,20,Brazilian Grand Prix,2018-11-11,interlagos,race,perez,Sergio Pérez,force_india,Force India,10,10,12,1,70,+1 Lap
2018,20,Brazilian Grand Prix,2018-11-11,interlagos,race,brendon_hartley,Brendon Hartley,toro_rosso,Toro Rosso,11,11,16,0,70,+1 Lap
2018,20,Brazilian Grand Prix,2018-11-11,interlagos,race,sainz,Carlos Sainz,renault,Renault,12,12,15,0,70,+1 Lap
2018,20,Brazilian Grand Prix,2018-11-11,interlagos,race,gasly,Pierre Gasly,toro_rosso,Toro Rosso,13,13,9,0,70,+1 Lap
2018,20,Brazilian Grand Prix,2018-11-11,interlagos,race,vandoorne,Stoffel Vandoorne,mclaren,McLaren,14,14,20,0,70,+1 Lap
2018,20,Brazilian Grand Prix,2018-11-11,interlagos,race,ocon,Esteban Ocon,force_india,Force India,15,15,18,0,70,+1 Lap
2018,20,Brazilian Grand Prix,2018-11-11,interlagos,race,sirotkin,Sergey Sirotkin,williams,Williams,16,16,14,0,69,+2 Laps
2018,20,Brazilian Grand Prix,2018-11-11,interlagos,race,alonso,Fernando Alonso,mclaren,McLaren,17,17,17,0,69,+2 Laps
2018,20,Brazilian Grand Prix,2018-11-11,interlagos,race,stroll,Lance Stroll,williams,Williams,18,18,19,0,69,+2 Laps
2018,20,Brazilian Grand Prix,2018-11-11,interlagos,race,hulkenberg,Nico Hülkenberg,renault,Renault,19,R,13,0,32,Overheating
2018,20,Brazilian Grand Prix,2018-11-11,interlagos,race,ericsson,Marcus Ericsson,sauber,Sauber,20,R,6,0,20,Collision
2018,21,Abu Dhabi Grand Prix,2018-11-25,yas_marina,race,hamilton,Lewis Hamilton,mercedes,Mercedes,1,1,1,25,55,Finished
2018,21,Abu Dhabi Grand Prix,2018-11-25,yas_marina,race,vettel,Sebastian Vettel,ferrari,Ferrari,2,2,3,18,55,Finished
2018,21,Abu Dhabi Grand Prix,2018-11-25,yas_marina,race,max_verstappen,Max Verstappen,red_bull,Red Bull,3,3,6,15,55,Finished
2018,21,Abu Dhabi Grand Prix,2018-11-25,yas_marina,race,ricciardo,Daniel Ricciardo,red_bull,Red Bull,4,4,5,12,55,Finished
2018,21,Abu Dhabi Grand Prix,2018-11-25,yas_marina,race,bottas,Valtteri Bottas,mercedes,Mercedes,5,5,2,10,55,Finished
2018,21,Abu Dhabi Grand Prix,2018-11-25,yas_marina,race,sainz,Carlos Sainz,renault,Renault,6,6,11,8,55,Finished
2018,21,Abu Dhabi Grand Prix,2018-11-25,yas_marina,race,leclerc,Charles Leclerc,sauber,Sauber,7,7,8,6,55,Finished
2018,21,Abu Dhabi Grand Prix,2018-11-25,yas_marina,race,perez,Sergio Pérez,force_india,Force India,8,8,14,4,55,Finished
2018,21,Abu Dhabi Grand Prix,2018-11-25,yas_marina,race,grosjean,Romain Grosjean,haas,Haas F1 Team,9,9,7,2,54,+1 Lap
2018,21,Abu Dhabi Grand Prix,2018-11-25,yas_marina,race,kevin_magnussen,Kevin Magnussen,haas,Haas F1 Team,10,10,13,1,54,+1 Lap
2018,21,Abu Dhabi Grand Prix,2018-11-25,yas_marina,race,alonso,Fernando Alonso,mclaren,McLaren,11,11,15,0,54,+1 Lap
2018,21,Abu Dhabi Grand Prix,2018-11-25,yas_marina,race,brendon_hartley,Brendon Hartley,toro_rosso,Toro Rosso,12,12,16,0,54,+1 Lap
2018,21,Abu Dhabi Grand Prix,2018-11-25,yas_marina,race,stroll,Lance Stroll,williams,Williams,13,13,20,0,54,+1 Lap
2018,21,Abu Dhabi Grand Prix,2018-11-25,yas_marina,race,vandoorne,Stoffel Vandoorne,mclaren,McLaren,14,14,18,0,54,+1 Lap
2018,21,Abu Dhabi Grand Prix,2018-11-25,yas_marina,race,sirotkin,Sergey Sirotkin,williams,Williams,15,15,19,0,54,+1 Lap
2018,21,Abu Dhabi Grand Prix,2018-11-25,yas_marina,race,gasly,Pierre Gasly,toro_rosso,Toro Rosso,16,R,17,0,46,Engine
2018,21,Abu Dhabi Grand Prix,2018-11-25,yas_marina,race,ocon,Esteban Ocon,force_india,Force India,17,R,9,0,44,Engine
2018,21,Abu Dhabi Grand Prix,2018-11-25,yas_marina,race,ericsson,Marcus Ericsson,sauber,Sauber,18,R,12,0,24,Power loss
2018,21,Abu Dhabi Grand Prix,2018-11-25,yas_marina,race,raikkonen,Kimi Räikkönen,ferrari,Ferrari,19,R,4,0,6,Power loss
2018,21,Abu Dhabi Grand Prix,2018-11-25,yas_marina,race,hulkenberg,Nico Hülkenberg,renault,Renault,20,R,10,0,0,Collision
2019,1,Australian Grand Prix,2019-03-17,albert_park,race,bottas,Valtteri Bottas,mercedes,Mercedes,1,1,2,26,58,Finished
2019,1,Australian Grand Prix,2019-03-17,albert_park,race,hamilton,Lewis Hamilton,mercedes,Mercedes,2,2,1,18,58,Finished
2019,1,Australian Grand Prix,2019-03-17,albert_park,race,max_verstappen,Max Verstappen,red_bull,Red Bull,3,3,4,15,58,Finished
2019,1,Australian Grand Prix,2019-03-17,albert_park,race,vettel,Sebastian Vettel,ferrari,Ferrari,4,4,3,12,58,Finished
2019,1,Australian Grand Prix,2019-03-17,albert_park,race,leclerc,Charles Leclerc,ferrari,Ferrari,5,5,5,10,58,Finished
2019,1,Australian Grand Prix,2019-03-17,albert_park,race,kevin_magnussen,Kevin Magnussen,haas,Haas F1 Team,6,6,7,8,58,Finished
2019,1,Australian Grand Prix,2019-03-17,albert_park,race,hulkenberg,Nico Hülkenberg,renault,Renault,7,7,11,6,57,+1 Lap
2019,1,Australian Grand Prix,2019-03-17,albert_park,race,raikkonen,Kimi Räikkönen,alfa,Alfa Romeo,8,8,9,4,57,+1 Lap
2019,1,Australian Grand Prix,2019-03-17,albert_park,race,stroll,Lance Stroll,racing_point,Racing Point,9,9,16,2,57,+1 Lap
2019,1,Australian Grand Prix,2019-03-17,albert_park,race,kvyat,Daniil Kvyat,toro_rosso,Toro Rosso,10,10,15,1,57,+1 Lap
2019,1,Australian Grand Prix,2019-03-17,albert_park,race,gasly,Pierre Gasly,red_bull,Red Bull,11,11,17,0,57,+1 Lap
2019,1,Australian Grand Prix,2019-03-17,albert_park,race,norris,Lando Norris,mclaren,McLaren,12,12,8,0,57,+1 Lap
2019,1,Australian Grand Prix,2019-03-17,albert_park,race,perez,Sergio Pérez,racing_point,Racing Point,13,13,10,0,57,+1 Lap
2019,1,Australian Grand Prix,2019-03-17,albert_park,race,albon,Alexander Albon,toro_rosso,Toro Rosso,14,14,13,0,57,+1 Lap
2019,1,Australian Grand Prix,2019-03-17,albert_park,race,giovinazzi,Antonio Giovinazzi,alfa,Alfa Romeo,15,15,14,0,57,+1 Lap
2019,1,Australian Grand Prix,2019-03-17,albert_park,race,russell,George Russell,williams,Williams,16,16,19,0,56,+2 Laps
2019,1,Australian Grand Prix,2019-03-17,albert_park,race,kubica,Robert Kubica,williams,Williams,17,17,20,0,55,+3 Laps
2019,1,Australian Grand Prix,2019-03-17,albert_park,race,grosjean,Romain Grosjean,haas,Haas F1 Team,18,R,6,0,29,Wheel
2019,1,Australian Grand Prix,2019-03-17,albert_park,race,ricciardo,Daniel Ricciardo,renault,Renault,19,R,12,0,28,Damage
2019,1,Australian Grand Prix,2019-03-17,albert_park,race,sainz,Carlos Sainz,mclaren,McLaren,20,R,18,0,9,Engine
2019,2,Bahrain Grand Prix,2019-03-31,bahrain,race,hamilton,Lewis Hamilton,mercedes,Mercedes,1,1,3,25,57,Finished
2019,2,Bahrain Grand Prix,2019-03-31,bahrain,race,bottas,Valtteri Bottas,mercedes,Mercedes,2,2,4,18,57,Finished
2019,2,Bahrain Grand Prix,2019-03-31,bahrain,race,leclerc,Charles Leclerc,ferrari,Ferrari,3,3,1,16,57,Finished
2019,2,Bahrain Grand Prix,2019-03-31,bahrain,race,max_verstappen,Max Verstappen,red_bull,Red Bull,4,4,5,12,57,Finished
2019,2,Bahrain Grand Prix,2019-03-31,bahrain,race,vettel,Sebastian Vettel,ferrari,Ferrari,5,5,2,10,57,Finished
2019,2,Bahrain Grand Prix,2019-03-31,bahrain,race,norris,Lando Norris,mclaren,McLaren,6,6,9,8,57,Finished
2019,2,Bahrain Grand Prix,2019-03-31,bahrain,race,raikkonen,Kimi Räikkönen,alfa,Alfa Romeo,7,7,8,6,57,Finished
2019,2,Bahrain Grand Prix,2019-03-31,bahrain,race,gasly,Pierre Gasly,red_bull,Red Bull,8,8,13,4,57,Finished
2019,2,Bahrain Grand Prix,2019-03-31,bahrain,race,albon,Alexander Albon,toro_rosso,Toro Rosso,9,9,12,2,57,Finished
2019,2,Bahrain Grand Prix,2019-03-31,bahrain,race,perez,Sergio Pérez,racing_point,Racing Point,10,10,14,1,57,Finished
2019,2,Bahrain Grand Prix,2019-03-31,bahrain,race,giovinazzi,Antonio Giovinazzi,alfa,Alfa Romeo,11,11,16,0,57,Finished
2019,2,Bahrain Grand Prix,2019-03-31,bahrain,race,kvyat,Daniil Kvyat,toro_rosso,Toro Rosso,12,12,15,0,56,+1 Lap
2019,2,Bahrain Grand Prix,2019-03-31,bahrain,race,kevin_magnussen,Kevin Magnussen,haas,Haas F1 Team,13,13,6,0,56,+1 Lap
2019,2,Bahrain Grand Prix,2019-03-31,bahrain,race,stroll,Lance Stroll,racing_point,Racing Point,14,14,18,0,56,+1 Lap
2019,2,Bahrain Grand Prix,2019-03-31,bahrain,race,russell,George Russell,williams,Williams,15,15,19,0,56,+1 Lap
2019,2,Bahrain Grand Prix,2019-03-31,bahrain,race,kubica,Robert Kubica,williams,Williams,16,16,20,0,55,+2 Laps
2019,2,Bahrain Grand Prix,2019-03-31,bahrain,race,hulkenberg,Nico Hülkenberg,renault,Renault,17,R,17,0,53,Engine
2019,2,Bahrain Grand Prix,2019-03-31,bahrain,race,ricciardo,Daniel Ricciardo,renault,Renault,18,R,10,0,53,Out of fuel
2019,2,Bahrain Grand Prix,2019-03-31,bahrain,race,sainz,Carlos Sainz,mclaren,McLaren,19,R,7,0,53,Collision damage
2019,2,Bahrain Grand Prix,2019-03-31,bahrain,race,grosjean,Romain Grosjean,haas,Haas F1 Team,20,R,11,0,16,Retired
2019,3,Chinese Grand Prix,2019-04-14,shanghai,race,hamilton,Lewis Hamilton,mercedes,Mercedes,1,1,2,25,56,Finished
2019,3,Chinese Grand Prix,2019-04-14,shanghai,race,bottas,Valtteri Bottas,mercedes,Mercedes,2,2,1,18,56,Finished
2019,3,Chinese Grand Prix,2019-04-14,shanghai,race,vettel,Sebastian Vettel,ferrari,Ferrari,3,3,3,15,56,Finished
2019,3,Chinese Grand Prix,2019-04-14,shanghai,race,max_verstappen,Max Verstappen,red_bull,Red Bull,4,4,5,12,56,Finished
2019,3,Chinese Grand Prix,2019-04-14,shanghai,race,leclerc,Charles Leclerc,ferrari,Ferrari,5,5,4,10,56,Finished
2019,3,Chinese Grand Prix,2019-04-14,shanghai,race,gasly,Pierre Gasly,red_bull,Red Bull,6,6,6,9,56,Finished
2019,3,Chinese Grand Prix,2019-04-14,shanghai,race,ricciardo,Daniel Ricciardo,renault,Renault,7,7,7,6,55,+1 Lap
2019,3,Chinese Grand Prix,2019-04-14,shanghai,race,perez,Sergio Pérez,racing_point,Racing Point,8,8,12,4,55,+1 Lap
2019,3,Chinese Grand Prix,2019-04-14,shanghai,race,raikkonen,Kimi Räikkönen,alfa,Alfa Romeo,9,9,13,2,55,+1 Lap
2019,3,Chinese Grand Prix,2019-04-14,shanghai,race,albon,Alexander Albon,toro_rosso,Toro Rosso,10,10,0,1,55,+1 Lap
2019,3,Chinese Grand Prix,2019-04-14,shanghai,race,grosjean,Romain Grosjean,haas,Haas F1 Team,11,11,10,0,55,+1 Lap
2019,3,Chinese Grand Prix,2019-04-14,shanghai,race,stroll,Lance Stroll,racing_point,Racing Point,12,12,16,0,55,+1 Lap
2019,3,Chinese Grand Prix,2019-04-14,shanghai,race,kevin_magnussen,Kevin Magnussen,haas,Haas F1 Team,13,13,9,0,55,+1 Lap
2019,3,Chinese Grand Prix,2019-04-14,shanghai,race,sainz,Carlos Sainz,mclaren,McLaren,14,14,14,0,55,+1 Lap
2019,3,Chinese Grand Prix,2019-04-14,shanghai,race,giovinazzi,Antonio Giovinazzi,alfa,Alfa Romeo,15,15,19,0,55,+1 Lap
2019,3,Chinese Grand Prix,2019-04-14,shanghai,race,russell,George Russell,williams,Williams,16,16,17,0,54,+2 Laps
2019,3,Chinese Grand Prix,2019-04-14,shanghai,race,kubica,Robert Kubica,williams,Williams,17,17,18,0,54,+2 Laps
2019,3,Chinese Grand Prix,2019-04-14,shanghai,race,norris,Lando Norris,mclaren,McLaren,18,18,15,0,50,Collision
2019,3,Chinese Grand Prix,2019-04-14,shanghai,race,kvyat,Daniil Kvyat,toro_rosso,Toro Rosso,19,R,11,0,41,Collision
2019,3,Chinese Grand Prix,2019-04-14,shanghai,race,hulkenberg,Nico Hülkenberg,renault,Renault,20,R,8,0,16,Power Unit
2019,4,Azerbaijan Grand Prix,2019-04-28,baku,race,bottas,Valtteri Bottas,mercedes,Mercedes,1,1,1,25,51,Finished
2019,4,Azerbaijan Grand Prix,2019-04-28,baku,race,hamilton,Lewis Hamilton,mercedes,Mercedes,2,2,2,18,51,Finished
2019,4,Azerbaijan Grand Prix,2019-04-28,baku,race,vettel,Sebastian Vettel,ferrari,Ferrari,3,3,3,15,51,Finished
2019,4,Azerbaijan Grand Prix,2019-04-28,baku,race,max_verstappen,Max Verstappen,red_bull,Red Bull,4,4,4,12,51,Finished
2019,4,Azerbaijan Grand Prix,2019-04-28,baku,race,leclerc,Charles Leclerc,ferrari,Ferrari,5,5,8,11,51,Finished
2019,4,Azerbaijan Grand Prix,2019-04-28,baku,race,perez,Sergio Pérez,racing_point,Racing Point,6,6,5,8,51,Finished
2019,4,Azerbaijan Grand Prix,2019-04-28,baku,race,sainz,Carlos Sainz,mclaren,McLaren,7,7,9,6,51,Finished
2019,4,Azerbaijan Grand Prix,2019-04-28,baku,race,norris,Lando Norris,mclaren,McLaren,8,8,7,4,51,Finished
2019,4,Azerbaijan Grand Prix,2019-04-28,baku,race,stroll,Lance Stroll,racing_point,Racing Point,9,9,13,2,51,Finished
2019,4,Azerbaijan Grand Prix,2019-04-28,baku,race,raikkonen,Kimi Räikkönen,alfa,Alfa Romeo,10,10,0,1,50,+1 Lap
2019,4,Azerbaijan Grand Prix,2019-04-28,baku,race,albon,Alexander Albon,toro_rosso,Toro Rosso,11,11,11,0,50,+1 Lap
2019,4,Azerbaijan Grand Prix,2019-04-28,baku,race,giovinazzi,Antonio Giovinazzi,alfa,Alfa Romeo,12,12,17,0,50,+1 Lap
2019,4,Azerbaijan Grand Prix,2019-04-28,baku,race,kevin_magnussen,Kevin Magnussen,haas,Haas F1 Team,13,13,12,0,50,+1 Lap
2019,4,Azerbaijan Grand Prix,2019-04-28,baku,race,hulkenberg,Nico Hülkenberg,renault,Renault,14,14,15,0,50,+1 Lap
2019,4,Azerbaijan Grand Prix,2019-04-28,baku,race,russell,George Russell,williams,Williams,15,15,16,0,49,+2 Laps
2019,4,Azerbaijan Grand Prix,2019-04-28,baku,race,kubica,Robert Kubica,williams,Williams,16,16,0,0,49,+2 Laps
2019,4,Azerbaijan Grand Prix,2019-04-28,baku,race,gasly,Pierre Gasly,red_bull,Red Bull,17,R,0,0,38,Transmission
2019,4,Azerbaijan Grand Prix,2019-04-28,baku,race,grosjean,Romain Grosjean,haas,Haas F1 Team,18,R,14,0,38,Brakes
2019,4,Azerbaijan Grand Prix,2019-04-28,baku,race,kvyat,Daniil Kvyat,toro_rosso,Toro Rosso,19,R,6,0,33,Collision
2019,4,Azerbaijan Grand Prix,2019-04-28,baku,race,ricciardo,Daniel Ricciardo,renault,Renault,20,R,10,0,31,Collision
2019,5,Spanish Grand Prix,2019-05-12,catalunya,race,hamilton,Lewis Hamilton,mercedes,Mercedes,1,1,2,26,66,Finished
2019,5,Spanish Grand Prix,2019-05-12,catalunya,race,bottas,Valtteri Bottas,mercedes,Mercedes,2,2,1,18,66,Finished
2019,5,Spanish Grand Prix,2019-05-12,catalunya,race,max_verstappen,Max Verstappen,red_bull,Red Bull,3,3,4,15,66,Finished
2019,5,Spanish Grand Prix,2019-05-12,catalunya,race,vettel,Sebastian Vettel,ferrari,Ferrari,4,4,3,12,66,Finished
2019,5,Spanish Grand Prix,2019-05-12,catalunya,race,leclerc,Charles Leclerc,ferrari,Ferrari,5,5,5,10,66,Finished
2019,5,Spanish Grand Prix,2019-05-12,catalunya,race,gasly,Pierre Gasly,red_bull,Red Bull,6,6,6,8,66,Finished
2019,5,Spanish Grand Prix,2019-05-12,catalunya,race,kevin_magnussen,Kevin Magnussen,haas,Haas F1 Team,7,7,8,6,66,Finished
2019,5,Spanish Grand Prix,2019-05-12,catalunya,race,sainz,Carlos Sainz,mclaren,McLaren,8,8,12,4,66,Finished
2019,5,Spanish Grand Prix,2019-05-12,catalunya,race,kvyat,Daniil Kvyat,toro_rosso,Toro Rosso,9,9,9,2,66,Finished
2019,5,Spanish Grand Prix,2019-05-12,catalunya,race,grosjean,Romain Grosjean,haas,Haas F1 Team,10,10,7,1,66,Finished
2019,5,Spanish Grand Prix,2019-05-12,catalunya,race,albon,Alexander Albon,toro_rosso,Toro Rosso,11,11,11,0,66,Finished
2019,5,Spanish Grand Prix,2019-05-12,catalunya,race,ricciardo,Daniel Ricciardo,renault,Renault,12,12,13,0,66,Finished
2019,5,Spanish Grand Prix,2019-05-12,catalunya,race,hulkenberg,Nico Hülkenberg,renault,Renault,13,13,0,0,66,Finished
2019,5,Spanish Grand Prix,2019-05-12,catalunya,race,raikkonen,Kimi Räikkönen,alfa,Alfa Romeo,14,14,14,0,66,Finished
2019,5,Spanish Grand Prix,2019-05-12,catalunya,race,perez,Sergio Pérez,racing_point,Racing Point,15,15,15,0,66,Finished
2019,5,Spanish Grand Prix,2019-05-12,catalunya,race,giovinazzi,Antonio Giovinazzi,alfa,Alfa Romeo,16,16,18,0,66,Finished
2019,5,Spanish Grand Prix,2019-05-12,catalunya,race,russell,George Russell,williams,Williams,17,17,19,0,65,+1 Lap
2019,5,Spanish Grand Prix,2019-05-12,catalunya,race,kubica,Robert Kubica,williams,Williams,18,18,17,0,65,+1 Lap
2019,5,Spanish Grand Prix,2019-05-12,catalunya,race,stroll,Lance Stroll,racing_point,Racing Point,19,R,16,0,44,Collision
2019,5,Spanish Grand Prix,2019-05-12,catalunya,race,norris,Lando Norris,mclaren,McLaren,20,R,10,0,44,Collision
2019,6,Monaco Grand Prix,2019-05-26,monaco,race,hamilton,Lewis Hamilton,mercedes,Mercedes,1,1,1,25,78,Finished
2019,6,Monaco Grand Prix,2019-05-26,monaco,race,vettel,Sebastian Vettel,ferrari,Ferrari,2,2,4,18,78,Finished
2019,6,Monaco Grand Prix,2019-05-26,monaco,race,bottas,Valtteri Bottas,mercedes,Mercedes,3,3,2,15,78,Finished
2019,6,Monaco Grand Prix,2019-05-26,monaco,race,max_verstappen,Max Verstappen,red_bull,Red Bull,4,4,3,12,78,Finished
2019,6,Monaco Grand Prix,2019-05-26,monaco,race,gasly,Pierre Gasly,red_bull,Red Bull,5,5,8,11,78,Finished
2019,6,Monaco Grand Prix,2019-05-26,monaco,race,sainz,Carlos Sainz,mclaren,McLaren,6,6,9,8,78,Finished
2019,6,Monaco Grand Prix,2019-05-26,monaco,race,kvyat,Daniil Kvyat,toro_rosso,Toro Rosso,7,7,7,6,78,Finished
2019,6,Monaco Grand Prix,2019-05-26,monaco,race,albon,Alexander Albon,toro_rosso,Toro Rosso,8,8,10,4,78,Finished
2019,6,Monaco Grand Prix,2019-05-26,monaco,race,ricciardo,Daniel Ricciardo,renault,Renault,9,9,6,2,78,Finished
2019,6,Monaco Grand Prix,2019-05-26,monaco,race,grosjean,Romain Grosjean,haas,Haas F1 Team,10,10,13,1,78,Finished
2019,6,Monaco Grand Prix,2019-05-26,monaco,race,norris,Lando Norris,mclaren,McLaren,11,11,12,0,78,Finished
2019,6,Monaco Grand Prix,2019-05-26,monaco,race,perez,Sergio Pérez,racing_point,Racing Point,12,12,16,0,77,+1 Lap
2019,6,Monaco Grand Prix,2019-05-26,monaco,race,hulkenberg,Nico Hülkenberg,renault,Renault,13,13,11,0,77,+1 Lap
2019,6,Monaco Grand Prix,2019-05-26,monaco,race,kevin_magnussen,Kevin Magnussen,haas,Haas F1 Team,14,14,5,0,77,+1 Lap
2019,6,Monaco Grand Prix,2019-05-26,monaco,race,russell,George Russell,williams,Williams,15,15,19,0,77,+1 Lap
2019,6,Monaco Grand Prix,2019-05-26,monaco,race,stroll,Lance Stroll,racing_point,Racing Point,16,16,17,0,77,+1 Lap
2019,6,Monaco Grand Prix,2019-05-26,monaco,race,raikkonen,Kimi Räikkönen,alfa,Alfa Romeo,17,17,14,0,77,+1 Lap
2019,6,Monaco Grand Prix,2019-05-26,monaco,race,kubica,Robert Kubica,williams,Williams,18,18,20,0,77,+1 Lap
2019,6,Monaco Grand Prix,2019-05-26,monaco,race,giovinazzi,Antonio Giovinazzi,alfa,Alfa Romeo,19,19,18,0,76,+2 Laps
2019,6,Monaco Grand Prix,2019-05-26,monaco,race,leclerc,Charles Leclerc,ferrari,Ferrari,20,R,15,0,16,Collision
2019,7,Canadian Grand Prix,2019-06-09,villeneuve,race,hamilton,Lewis Hamilton,mercedes,Mercedes,1,1,2,25,70,Finished
2019,7,Canadian Grand Prix,2019-06-09,villeneuve,race,vettel,Sebastian Vettel,ferrari,Ferrari,2,2,1,18,70,Finished
2019,7,Canadian Grand Prix,2019-06-09,villeneuve,race,leclerc,Charles Leclerc,ferrari,Ferrari,3,3,3,15,70,Finished
2019,7,Canadian Grand Prix,2019-06-09,villeneuve,race,bottas,Valtteri Bottas,mercedes,Mercedes,4,4,6,13,70,Finished
2019,7,Canadian Grand Prix,2019-06-09,villeneuve,race,max_verstappen,Max Verstappen,red_bull,Red Bull,5,5,9,10,70,Finished
2019,7,Canadian Grand Prix,2019-06-09,villeneuve,race,ricciardo,Daniel Ricciardo,renault,Renault,6,6,4,8,69,+1 Lap
2019,7,Canadian Grand Prix,2019-06-09,villeneuve,race,hulkenberg,Nico Hülkenberg,renault,Renault,7,7,7,6,69,+1 Lap
2019,7,Canadian Grand Prix,2019-06-09,villeneuve,race,gasly,Pierre Gasly,red_bull,Red Bull,8,8,5,4,69,+1 Lap
2019,7,Canadian Grand Prix,2019-06-09,villeneuve,race,stroll,Lance Stroll,racing_point,Racing Point,9,9,17,2,69,+1 Lap
2019,7,Canadian Grand Prix,2019-06-09,villeneuve,race,kvyat,Daniil Kvyat,toro_rosso,Toro Rosso,10,10,10,1,69,+1 Lap
2019,7,Canadian Grand Prix,2019-06-09,villeneuve,race,sainz,Carlos Sainz,mclaren,McLaren,11,11,11,0,69,+1 Lap
2019,7,Canadian Grand Prix,2019-06-09,villeneuve,race,perez,Sergio Pérez,racing_point,Racing Point,12,12,15,0,69,+1 Lap
2019,7,Canadian Grand Prix,2019-06-09,villeneuve,race,giovinazzi,Antonio Giovinazzi,alfa,Alfa Romeo,13,13,12,0,69,+1 Lap
2019,7,Canadian Grand Prix,2019-06-09,villeneuve,race,grosjean,Romain Grosjean,haas,Haas F1 Team,14,14,14,0,69,+1 Lap
2019,7,Canadian Grand Prix,2019-06-09,villeneuve,race,raikkonen,Kimi Räikkönen,alfa,Alfa Romeo,15,15,16,0,69,+1 Lap
2019,7,Canadian Grand Prix,2019-06-09,villeneuve,race,russell,George Russell,williams,Williams,16,16,18,0,68,+2 Laps
2019,7,Canadian Grand Prix,2019-06-09,villeneuve,race,kevin_magnussen,Kevin Magnussen,haas,Haas F1 Team,17,17,0,0,68,+2 Laps
2019,7,Canadian Grand Prix,2019-06-09,villeneuve,race,kubica,Robert Kubica,williams,Williams,18,18,19,0,67,+3 Laps
2019,7,Canadian Grand Prix,2019-06-09,villeneuve,race,albon,Alexander Albon,toro_rosso,Toro Rosso,19,R,13,0,59,Collision damage
2019,7,Canadian Grand Prix,2019-06-09,villeneuve,race,norris,Lando Norris,mclaren,McLaren,20,R,8,0,8,Suspension
2019,8,French Grand Prix,2019-06-23,ricard,race,hamilton,Lewis Hamilton,mercedes,Mercedes,1,1,1,25,53,Finished
2019,8,French Grand Prix,2019-06-23,ricard,race,bottas,Valtteri Bottas,mercedes,Mercedes,2,2,2,18,53,Finished
2019,8,French Grand Prix,2019-06-23,ricard,race,leclerc,Charles Leclerc,ferrari,Ferrari,3,3,3,15,53,Finished
2019,8,French Grand Prix,2019-06-23,ricard,race,max_verstappen,Max Verstappen,red_bull,Red Bull,4,4,4,12,53,Finished
2019,8,French Grand Prix,2019-06-23,ricard,race,vettel,Sebastian Vettel,ferrari,Ferrari,5,5,7,11,53,Finished
2019,8,French Grand Prix,2019-06-23,ricard,race,sainz,Carlos Sainz,mclaren,McLaren,6,6,6,8,53,Finished
2019,8,French Grand Prix,2019-06-23,ricard,race,raikkonen,Kimi Räikkönen,alfa,Alfa Romeo,7,7,12,6,52,+1 Lap
2019,8,French Grand Prix,2019-06-23,ricard,race,hulkenberg,Nico Hülkenberg,renault,Renault,8,8,13,4,52,+1 Lap
2019,8,French Grand Prix,2019-06-23,ricard,race,norris,Lando Norris,mclaren,McLaren,9,9,5,2,52,+1 Lap
2019,8,French Grand Prix,2019-06-23,ricard,race,gasly,Pierre Gasly,red_bull,Red Bull,10,10,9,1,52,+1 Lap
2019,8,French Grand Prix,2019-06-23,ricard,race,ricciardo,Daniel Ricciardo,renault,Renault,11,11,8,0,52,+1 Lap
2019,8,French Grand Prix,2019-06-23,ricard,race,perez,Sergio Pérez,racing_point,Racing Point,12,12,14,0,52,+1 Lap
2019,8,French Grand Prix,2019-06-23,ricard,race,stroll,Lance Stroll,racing_point,Racing Point,13,13,17,0,52,+1 Lap
2019,8,French Grand Prix,2019-06-23,ricard,race,kvyat,Daniil Kvyat,toro_rosso,Toro Rosso,14,14,19,0,52,+1 Lap
2019,8,French Grand Prix,2019-06-23,ricard,race,albon,Alexander Albon,toro_rosso,Toro Rosso,15,15,11,0,52,+1 Lap
2019,8,French Grand Prix,2019-06-23,ricard,race,giovinazzi,Antonio Giovinazzi,alfa,Alfa Romeo,16,16,10,0,52,+1 Lap
2019,8,French Grand Prix,2019-06-23,ricard,race,kevin_magnussen,Kevin Magnussen,haas,Haas F1 Team,17,17,15,0,52,+1 Lap
2019,8,French Grand Prix,2019-06-23,ricard,race,kubica,Robert Kubica,williams,Williams,18,18,18,0,51,+2 Laps
2019,8,French Grand Prix,2019-06-23,ricard,race,russell,George Russell,williams,Williams,19,19,20,0,51,+2 Laps
2019,8,French Grand Prix,2019-06-23,ricard,race,grosjean,Romain Grosjean,haas,Haas F1 Team,20,20,16,0,44,Retired
2019,9,Austrian Grand Prix,2019-06-30,red_bull_ring,race,max_verstappen,Max Verstappen,red_bull,Red Bull,1,1,2,26,71,Finished
2019,9,Austrian Grand Prix,2019-06-30,red_bull_ring,race,leclerc,Charles Leclerc,ferrari,Ferrari,2,2,1,18,71,Finished
2019,9,Austrian Grand Prix,2019-06-30,red_bull_ring,race,bottas,Valtteri Bottas,mercedes,Mercedes,3,3,3,15,71,Finished
2019,9,Austrian Grand Prix,2019-06-30,red_bull_ring,race,vettel,Sebastian Vettel,ferrari,Ferrari,4,4,9,12,71,Finished
2019,9,Austrian Grand Prix,2019-06-30,red_bull_ring,race,hamilton,Lewis Hamilton,mercedes,Mercedes,5,5,4,10,71,Finished
2019,9,Austrian Grand Prix,2019-06-30,red_bull_ring,race,norris,Lando Norris,mclaren,McLaren,6,6,5,8,70,+1 Lap
2019,9,Austrian Grand Prix,2019-06-30,red_bull_ring,race,gasly,Pierre Gasly,red_bull,Red Bull,7,7,8,6,70,+1 Lap
2019,9,Austrian Grand Prix,2019-06-30,red_bull_ring,race,sainz,Carlos Sainz,mclaren,McLaren,8,8,19,4,70,+1 Lap
2019,9,Austrian Grand Prix,2019-06-30,red_bull_ring,race,raikkonen,Kimi Räikkönen,alfa,Alfa Romeo,9,9,6,2,70,+1 Lap
2019,9,Austrian Grand Prix,2019-06-30,red_bull_ring,race,giovinazzi,Antonio Giovinazzi,alfa,Alfa Romeo,10,10,7,1,70,+1 Lap
2019,9,Austrian Grand Prix,2019-06-30,red_bull_ring,race,perez,Sergio Pérez,racing_point,Racing Point,11,11,13,0,70,+1 Lap
2019,9,Austrian Grand Prix,2019-06-30,red_bull_ring,race,ricciardo,Daniel Ricciardo,renault,Renault,12,12,12,0,70,+1 Lap
2019,9,Austrian Grand Prix,2019-06-30,red_bull_ring,race,hulkenberg,Nico Hülkenberg,renault,Renault,13,13,15,0,70,+1 Lap
2019,9,Austrian Grand Prix,2019-06-30,red_bull_ring,race,stroll,Lance Stroll,racing_point,Racing Point,14,14,14,0,70,+1 Lap
2019,9,Austrian Grand Prix,2019-06-30,red_bull_ring,race,albon,Alexander Albon,toro_rosso,Toro Rosso,15,15,18,0,70,+1 Lap
2019,9,Austrian Grand Prix,2019-06-30,red_bull_ring,race,grosjean,Romain Grosjean,haas,Haas F1 Team,16,16,11,0,70,+1 Lap
2019,9,Austrian Grand Prix,2019-06-30,red_bull_ring,race,kvyat,Daniil Kvyat,toro_rosso,Toro Rosso,17,17,16,0,70,+1 Lap
2019,9,Austrian Grand Prix,2019-06-30,red_bull_ring,race,russell,George Russell,williams,Williams,18,18,0,0,69,+2 Laps
2019,9,Austrian Grand Prix,2019-06-30,red_bull_ring,race,kevin_magnussen,Kevin Magnussen,haas,Haas F1 Team,19,19,10,0,69,+2 Laps
2019,9,Austrian Grand Prix,2019-06-30,red_bull_ring,race,kubica,Robert Kubica,williams,Williams,20,20,17,0,68,+3 Laps
2019,10,British Grand Prix,2019-07-14,silverstone,race,hamilton,Lewis Hamilton,mercedes,Mercedes,1,1,2,26,52,Finished
2019,10,British Grand Prix,2019-07-14,silverstone,race,bottas,Valtteri Bottas,mercedes,Mercedes,2,2,1,18,52,Finished
2019,10,British Grand Prix,2019-07-14,silverstone,race,leclerc,Charles Leclerc,ferrari,Ferrari,3,3,3,15,52,Finished
2019,10,British Grand Prix,2019-07-14,silverstone,race,gasly,Pierre Gasly,red_bull,Red Bull,4,4,5,12,52,Finished
2019,10,British Grand Prix,2019-07-14,silverstone,race,max_verstappen,Max Verstappen,red_bull,Red Bull,5,5,4,10,52,Finished
2019,10,British Grand Prix,2019-07-14,silverstone,race,sainz,Carlos Sainz,mclaren,McLaren,6,6,13,8,52,Finished
2019,10,British Grand Prix,2019-07-14,silverstone,race,ricciardo,Daniel Ricciardo,renault,Renault,7,7,7,6,52,Finished
2019,10,British Grand Prix,2019-07-14,silverstone,race,raikkonen,Kimi Räikkönen,alfa,Alfa Romeo,8,8,12,4,52,Finished
2019,10,British Grand Prix,2019-07-14,silverstone,race,kvyat,Daniil Kvyat,toro_rosso,Toro Rosso,9,9,17,2,52,Finished
2019,10,British Grand Prix,2019-07-14,silverstone,race,hulkenberg,Nico Hülkenberg,renault,Renault,10,10,10,1,52,Finished
2019,10,British Grand Prix,2019-07-14,silverstone,race,norris,Lando Norris,mclaren,McLaren,11,11,8,0,52,Finished
2019,10,British Grand Prix,2019-07-14,silverstone,race,albon,Alexander Albon,toro_rosso,Toro Rosso,12,12,9,0,52,Finished
2019,10,British Grand Prix,2019-07-14,silverstone,race,stroll,Lance Stroll,racing_point,Racing Point,13,13,18,0,52,Finished
2019,10,British Grand Prix,2019-07-14,silverstone,race,russell,George Russell,williams,Williams,14,14,19,0,51,+1 Lap
2019,10,British Grand Prix,2019-07-14,silverstone,race,kubica,Robert Kubica,williams,Williams,15,15,20,0,51,+1 Lap
2019,10,British Grand Prix,2019-07-14,silverstone,race,vettel,Sebastian Vettel,ferrari,Ferrari,16,16,6,0,51,+1 Lap
2019,10,British Grand Prix,2019-07-14,silverstone,race,perez,Sergio Pérez,racing_point,Racing Point,17,17,15,0,51,+1 Lap
2019,10,British Grand Prix,2019-07-14,silverstone,race,giovinazzi,Antonio Giovinazzi,alfa,Alfa Romeo,18,R,11,0,18,Spun off
2019,10,British Grand Prix,2019-07-14,silverstone,race,grosjean,Romain Grosjean,haas,Haas F1 Team,19,R,14,0,9,Collision
2019,10,British Grand Prix,2019-07-14,silverstone,race,kevin_magnussen,Kevin Magnussen,haas,Haas F1 Team,20,R,16,0,6,Collision
2019,11,German Grand Prix,2019-07-28,hockenheimring,race,max_verstappen,Max Verstappen,red_bull,Red Bull,1,1,2,26,64,Finished
2019,11,German Grand Prix,2019-07-28,hockenheimring,race,vettel,Sebastian Vettel,ferrari,Ferrari,2,2,20,18,64,Finished
2019,11,German Grand Prix,2019-07-28,hockenheimring,race,kvyat,Daniil Kvyat,toro_rosso,Toro Rosso,3,3,14,15,64,Finished
2019,11,German Grand Prix,2019-07-28,hockenheimring,race,stroll,Lance Stroll,racing_point,Racing Point,4,4,15,12,64,Finished
2019,11,German Grand Prix,2019-07-28,hockenheimring,race,sainz,Carlos Sainz,mclaren,McLaren,5,5,7,10,64,Finished
2019,11,German Grand Prix,2019-07-28,hockenheimring,race,albon,Alexander Albon,toro_rosso,Toro Rosso,6,6,16,8,64,Finished
2019,11,German Grand Prix,2019-07-28,hockenheimring,race,grosjean,Romain Grosjean,haas,Haas F1 Team,7,7,6,6,64,Finished
2019,11,German Grand Prix,2019-07-28,hockenheimring,race,kevin_magnussen,Kevin Magnussen,haas,Haas F1 Team,8,8,12,4,64,Finished
2019,11,German Grand Prix,2019-07-28,hockenheimring,race,hamilton,Lewis Hamilton,mercedes,Mercedes,9,9,1,2,64,Finished
2019,11,German Grand Prix,2019-07-28,hockenheimring,race,kubica,Robert Kubica,williams,Williams,10,10,18,1,64,Finished
2019,11,German Grand Prix,2019-07-28,hockenheimring,race,russell,George Russell,williams,Williams,11,11,17,0,64,Finished
2019,11,German Grand Prix,2019-07-28,hockenheimring,race,raikkonen,Kimi Räikkönen,alfa,Alfa Romeo,12,12,5,0,64,Finished
2019,11,German Grand Prix,2019-07-28,hockenheimring,race,giovinazzi,Antonio Giovinazzi,alfa,Alfa Romeo,13,13,11,0,64,Finished
2019,11,German Grand Prix,2019-07-28,hockenheimring,race,gasly,Pierre Gasly,red_bull,Red Bull,14,14,4,0,61,Collision
2019,11,German Grand Prix,2019-07-28,hockenheimring,race,bottas,Valtteri Bottas,mercedes,Mercedes,15,R,3,0,56,Accident
2019,11,German Grand Prix,2019-07-28,hockenheimring,race,hulkenberg,Nico Hülkenberg,renault,Renault,16,R,9,0,39,Accident
2019,11,German Grand Prix,2019-07-28,hockenheimring,race,leclerc,Charles Leclerc,ferrari,Ferrari,17,R,10,0,27,Accident
2019,11,German Grand Prix,2019-07-28,hockenheimring,race,norris,Lando Norris,mclaren,McLaren,18,R,19,0,25,Power loss
2019,11,German Grand Prix,2019-07-28,hockenheimring,race,ricciardo,Daniel Ricciardo,renault,Renault,19,R,13,0,13,Exhaust
2019,11,German Grand Prix,2019-07-28,hockenheimring,race,perez,Sergio Pérez,racing_point,Racing Point,20,R,8,0,1,Spun off
2019,12,Hungarian Grand Prix,2019-08-04,hungaroring,race,hamilton,Lewis Hamilton,mercedes,Mercedes,1,1,3,25,70,Finished
2019,12,Hungarian Grand Prix,2019-08-04,hungaroring,race,max_verstappen,Max Verstappen,red_bull,Red Bull,2,2,1,19,70,Finished
2019,12,Hungarian Grand Prix,2019-08-04,hungaroring,race,vettel,Sebastian Vettel,ferrari,Ferrari,3,3,5,15,70,Finished
2019,12,Hungarian Grand Prix,2019-08-04,hungaroring,race,leclerc,Charles Leclerc,ferrari,Ferrari,4,4,4,12,70,Finished
2019,12,Hungarian Grand Prix,2019-08-04,hungaroring,race,sainz,Carlos Sainz,mclaren,McLaren,5,5,8,10,69,+1 Lap
2019,12,Hungarian Grand Prix,2019-08-04,hungaroring,race,gasly,Pierre Gasly,red_bull,Red Bull,6,6,6,8,69,+1 Lap
2019,12,Hungarian Grand Prix,2019-08-04,hungaroring,race,raikkonen,Kimi Räikkönen,alfa,Alfa Romeo,7,7,10,6,69,+1 Lap
2019,12,Hungarian Grand Prix,2019-08-04,hungaroring,race,bottas,Valtteri Bottas,mercedes,Mercedes,8,8,2,4,69,+1 Lap
2019,12,Hungarian Grand Prix,2019-08-04,hungaroring,race,norris,Lando Norris,mclaren,McLaren,9,9,7,2,69,+1 Lap
2019,12,Hungarian Grand Prix,2019-08-04,hungaroring,race,albon,Alexander Albon,toro_rosso,Toro Rosso,10,10,12,1,69,+1 Lap
2019,12,Hungarian Grand Prix,2019-08-04,hungaroring,race,perez,Sergio Pérez,racing_point,Racing Point,11,11,16,0,69,+1 Lap
2019,12,Hungarian Grand Prix,2019-08-04,hungaroring,race,hulkenberg,Nico Hülkenberg,renault,Renault,12,12,11,0,69,+1 Lap
2019,12,Hungarian Grand Prix,2019-08-04,hungaroring,race,kevin_magnussen,Kevin Magnussen,haas,Haas F1 Team,13,13,14,0,69,+1 Lap
2019,12,Hungarian Grand Prix,2019-08-04,hungaroring,race,ricciardo,Daniel Ricciardo,renault,Renault,14,14,20,0,69,+1 Lap
2019,12,Hungarian Grand Prix,2019-08-04,hungaroring,race,kvyat,Daniil Kvyat,toro_rosso,Toro Rosso,15,15,13,0,68,+2 Laps
2019,12,Hungarian Grand Prix,2019-08-04,hungaroring,race,russell,George Russell,williams,Williams,16,16,15,0,68,+2 Laps
2019,12,Hungarian Grand Prix,2019-08-04,hungaroring,race,stroll,Lance Stroll,racing_point,Racing Point,17,17,18,0,68,+2 Laps
2019,12,Hungarian Grand Prix,2019-08-04,hungaroring,race,giovinazzi,Antonio Giovinazzi,alfa,Alfa Romeo,18,18,17,0,68,+2 Laps
2019,12,Hungarian Grand Prix,2019-08-04,hungaroring,race,kubica,Robert Kubica,williams,Williams,19,19,19,0,67,+3 Laps
2019,12,Hungarian Grand Prix,2019-08-04,hungaroring,race,grosjean,Romain Grosjean,haas,Haas F1 Team,20,R,9,0,49,Water pressure
2019,13,Belgian Grand Prix,2019-09-01,spa,race,leclerc,Charles Leclerc,ferrari,Ferrari,1,1,1,25,44,Finished
2019,13,Belgian Grand Prix,2019-09-01,spa,race,hamilton,Lewis Hamilton,mercedes,Mercedes,2,2,3,18,44,Finished
2019,13,Belgian Grand Prix,2019-09-01,spa,race,bottas,Valtteri Bottas,mercedes,Mercedes,3,3,4,15,44,Finished
2019,13,Belgian Grand Prix,2019-09-01,spa,race,vettel,Sebastian Vettel,ferrari,Ferrari,4,4,2,13,44,Finished
2019,13,Belgian Grand Prix,2019-09-01,spa,race,albon,Alexander Albon,red_bull,Red Bull,5,5,17,10,44,Finished
2019,13,Belgian Grand Prix,2019-09-01,spa,race,perez,Sergio Pérez,racing_point,Racing Point,6,6,7,8,44,Finished
2019,13,Belgian Grand Prix,2019-09-01,spa,race,kvyat,Daniil Kvyat,toro_rosso,Toro Rosso,7,7,19,6,44,Finished
2019,13,Belgian Grand Prix,2019-09-01,spa,race,hulkenberg,Nico Hülkenberg,renault,Renault,8,8,12,4,44,Finished
2019,13,Belgian Grand Prix,2019-09-01,spa,race,gasly,Pierre Gasly,toro_rosso,Toro Rosso,9,9,13,2,44,Finished
2019,13,Belgian Grand Prix,2019-09-01,spa,race,stroll,Lance Stroll,racing_point,Racing Point,10,10,16,1,44,Finished
2019,13,Belgian Grand Prix,2019-09-01,spa,race,norris,Lando Norris,mclaren,McLaren,11,11,11,0,43,Engine
2019,13,Belgian Grand Prix,2019-09-01,spa,race,kevin_magnussen,Kevin Magnussen,haas,Haas F1 Team,12,12,8,0,43,+1 Lap
2019,13,Belgian Grand Prix,2019-09-01,spa,race,grosjean,Romain Grosjean,haas,Haas F1 Team,13,13,9,0,43,+1 Lap
2019,13,Belgian Grand Prix,2019-09-01,spa,race,ricciardo,Daniel Ricciardo,renault,Renault,14,14,10,0,43,+1 Lap
2019,13,Belgian Grand Prix,2019-09-01,spa,race,russell,George Russell,williams,Williams,15,15,14,0,43,+1 Lap
2019,13,Belgian Grand Prix,2019-09-01,spa,race,raikkonen,Kimi Räikkönen,alfa,Alfa Romeo,16,16,6,0,43,+1 Lap
2019,13,Belgian Grand Prix,2019-09-01,spa,race,kubica,Robert Kubica,williams,Williams,17,17,0,0,43,+1 Lap
2019,13,Belgian Grand Prix,2019-09-01,spa,race,giovinazzi,Antonio Giovinazzi,alfa,Alfa Romeo,18,18,18,0,42,Accident
2019,13,Belgian Grand Prix,2019-09-01,spa,race,sainz,Carlos Sainz,mclaren,McLaren,19,R,15,0,1,Power loss
2019,13,Belgian Grand Prix,2019-09-01,spa,race,max_verstappen,Max Verstappen,red_bull,Red Bull,20,R,5,0,0,Accident
2019,14,Italian Grand Prix,2019-09-08,monza,race,leclerc,Charles Leclerc,ferrari,Ferrari,1,1,1,25,53,Finished
2019,14,Italian Grand Prix,2019-09-08,monza,race,bottas,Valtteri Bottas,mercedes,Mercedes,2,2,3,18,53,Finished
2019,14,Italian Grand Prix,2019-09-08,monza,race,hamilton,Lewis Hamilton,mercedes,Mercedes,3,3,2,16,53,Finished
2019,14,Italian Grand Prix,2019-09-08,monza,race,ricciardo,Daniel Ricciardo,renault,Renault,4,4,5,12,53,Finished
2019,14,Italian Grand Prix,2019-09-08,monza,race,hulkenberg,Nico Hülkenberg,renault,Renault,5,5,6,10,53,Finished
2019,14,Italian Grand Prix,2019-09-08,monza,race,albon,Alexander Albon,red_bull,Red Bull,6,6,8,8,53,Finished
2019,14,Italian Grand Prix,2019-09-08,monza,race,perez,Sergio Pérez,racing_point,Racing Point,7,7,18,6,53,Finished
2019,14,Italian Grand Prix,2019-09-08,monza,race,max_verstappen,Max Verstappen,red_bull,Red Bull,8,8,19,4,53,Finished
2019,14,Italian Grand Prix,2019-09-08,monza,race,giovinazzi,Antonio Giovinazzi,alfa,Alfa Romeo,9,9,10,2,52,+1 Lap
2019,14,Italian Grand Prix,2019-09-08,monza,race,norris,Lando Norris,mclaren,McLaren,10,10,16,1,52,+1 Lap
2019,14,Italian Grand Prix,2019-09-08,monza,race,gasly,Pierre Gasly,toro_rosso,Toro Rosso,11,11,17,0,52,+1 Lap
2019,14,Italian Grand Prix,2019-09-08,monza,race,stroll,Lance Stroll,racing_point,Racing Point,12,12,9,0,52,+1 Lap
2019,14,Italian Grand Prix,2019-09-08,monza,race,vettel,Sebastian Vettel,ferrari,Ferrari,13,13,4,0,52,+1 Lap
2019,14,Italian Grand Prix,2019-09-08,monza,race,russell,George Russell,williams,Williams,14,14,14,0,52,+1 Lap
2019,14,Italian Grand Prix,2019-09-08,monza,race,raikkonen,Kimi Räikkönen,alfa,Alfa Romeo,15,15,0,0,52,+1 Lap
2019,14,Italian Grand Prix,2019-09-08,monza,race,grosjean,Romain Grosjean,haas,Haas F1 Team,16,16,13,0,52,+1 Lap
2019,14,Italian Grand Prix,2019-09-08,monza,race,kubica,Robert Kubica,williams,Williams,17,17,15,0,51,+2 Laps
2019,14,Italian Grand Prix,2019-09-08,monza,race,kevin_magnussen,Kevin Magnussen,haas,Haas F1 Team,18,R,11,0,43,Hydraulics
2019,14,Italian Grand Prix,2019-09-08,monza,race,kvyat,Daniil Kvyat,toro_rosso,Toro Rosso,19,R,12,0,29,Engine
2019,14,Italian Grand Prix,2019-09-08,monza,race,sainz,Carlos Sainz,mclaren,McLaren,20,R,7,0,27,Wheel
2019,15,Singapore Grand Prix,2019-09-22,marina_bay,race,vettel,Sebastian Vettel,ferrari,Ferrari,1,1,3,25,61,Finished
2019,15,Singapore Grand Prix,2019-09-22,marina_bay,race,leclerc,Charles Leclerc,ferrari,Ferrari,2,2,1,18,61,Finished
2019,15,Singapore Grand Prix,2019-09-22,marina_bay,race,max_verstappen,Max Verstappen,red_bull,Red Bull,3,3,4,15,61,Finished
2019,15,Singapore Grand Prix,2019-09-22,marina_bay,race,hamilton,Lewis Hamilton,mercedes,Mercedes,4,4,2,12,61,Finished
2019,15,Singapore Grand Prix,2019-09-22,marina_bay,race,bottas,Valtteri Bottas,mercedes,Mercedes,5,5,5,10,61,Finished
2019,15,Singapore Grand Prix,2019-09-22,marina_bay,race,albon,Alexander Albon,red_bull,Red Bull,6,6,6,8,61,Finished
2019,15,Singapore Grand Prix,2019-09-22,marina_bay,race,norris,Lando Norris,mclaren,McLaren,7,7,9,6,61,Finished
2019,15,Singapore Grand Prix,2019-09-22,marina_bay,race,gasly,Pierre Gasly,toro_rosso,Toro Rosso,8,8,11,4,61,Finished
2019,15,Singapore Grand Prix,2019-09-22,marina_bay,race,hulkenberg,Nico Hülkenberg,renault,Renault,9,9,8,2,61,Finished
2019,15,Singapore Grand Prix,2019-09-22,marina_bay,race,giovinazzi,Antonio Giovinazzi,alfa,Alfa Romeo,10,10,10,1,61,Finished
2019,15,Singapore Grand Prix,2019-09-22,marina_bay,race,grosjean,Romain Grosjean,haas,Haas F1 Team,11,11,17,0,61,Finished
2019,15,Singapore Grand Prix,2019-09-22,marina_bay,race,sainz,Carlos Sainz,mclaren,McLaren,12,12,7,0,61,Finished
2019,15,Singapore Grand Prix,2019-09-22,marina_bay,race,stroll,Lance Stroll,racing_point,Racing Point,13,13,16,0,61,Finished
2019,15,Singapore Grand Prix,2019-09-22,marina_bay,race,ricciardo,Daniel Ricciardo,renault,Renault,14,14,20,0,61,Finished
2019,15,Singapore Grand Prix,2019-09-22,marina_bay,race,kvyat,Daniil Kvyat,toro_rosso,Toro Rosso,15,15,14,0,61,Finished
2019,15,Singapore Grand Prix,2019-09-22,marina_bay,race,kubica,Robert Kubica,williams,Williams,16,16,19,0,61,Finished
2019,15,Singapore Grand Prix,2019-09-22,marina_bay,race,kevin_magnussen,Kevin Magnussen,haas,Haas F1 Team,17,17,13,0,61,Finished
2019,15,Singapore Grand Prix,2019-09-22,marina_bay,race,raikkonen,Kimi Räikkönen,alfa,Alfa Romeo,18,R,12,0,49,Collision
2019,15,Singapore Grand Prix,2019-09-22,marina_bay,race,perez,Sergio Pérez,racing_point,Racing Point,19,R,15,0,42,Engine
2019,15,Singapore Grand Prix,2019-09-22,marina_bay,race,russell,George Russell,williams,Williams,20,R,18,0,34,Collision
2019,16,Russian Grand Prix,2019-09-29,sochi,race,hamilton,Lewis Hamilton,mercedes,Mercedes,1,1,2,26,53,Finished
2019,16,Russian Grand Prix,2019-09-29,sochi,race,bottas,Valtteri Bottas,mercedes,Mercedes,2,2,4,18,53,Finished
2019,16,Russian Grand Prix,2019-09-29,sochi,race,leclerc,Charles Leclerc,ferrari,Ferrari,3,3,1,15,53,Finished
2019,16,Russian Grand Prix,2019-09-29,sochi,race,max_verstappen,Max Verstappen,red_bull,Red Bull,4,4,9,12,53,Finished
2019,16,Russian Grand Prix,2019-09-29,sochi,race,albon,Alexander Albon,red_bull,Red Bull,5,5,0,10,53,Finished
2019,16,Russian Grand Prix,2019-09-29,sochi,race,sainz,Carlos Sainz,mclaren,McLaren,6,6,5,8,53,Finished
2019,16,Russian Grand Prix,2019-09-29,sochi,race,perez,Sergio Pérez,racing_point,Racing Point,7,7,11,6,53,Finished
2019,16,Russian Grand Prix,2019-09-29,sochi,race,norris,Lando Norris,mclaren,McLaren,8,8,7,4,53,Finished
2019,16,Russian Grand Prix,2019-09-29,sochi,race,kevin_magnussen,Kevin Magnussen,haas,Haas F1 Team,9,9,13,2,53,Finished
2019,16,Russian Grand Prix,2019-09-29,sochi,race,hulkenberg,Nico Hülkenberg,renault,Renault,10,10,6,1,53,Finished
2019,16,Russian Grand Prix,2019-09-29,sochi,race,stroll,Lance Stroll,racing_point,Racing Point,11,11,14,0,53,Finished
2019,16,Russian Grand Prix,2019-09-29,sochi,race,kvyat,Daniil Kvyat,toro_rosso,Toro Rosso,12,12,19,0,53,Finished
2019,16,Russian Grand Prix,2019-09-29,sochi,race,raikkonen,Kimi Räikkönen,alfa,Alfa Romeo,13,13,15,0,53,Finished
2019,16,Russian Grand Prix,2019-09-29,sochi,race,gasly,Pierre Gasly,toro_rosso,Toro Rosso,14,14,16,0,53,Finished
2019,16,Russian Grand Prix,2019-09-29,sochi,race,giovinazzi,Antonio Giovinazzi,alfa,Alfa Romeo,15,15,12,0,53,Finished
2019,16,Russian Grand Prix,2019-09-29,sochi,race,kubica,Robert Kubica,williams,Williams,16,R,18,0,28,Brakes
2019,16,Russian Grand Prix,2019-09-29,sochi,race,russell,George Russell,williams,Williams,17,R,17,0,27,Brakes
2019,16,Russian Grand Prix,2019-09-29,sochi,race,vettel,Sebastian Vettel,ferrari,Ferrari,18,R,3,0,26,Power loss
2019,16,Russian Grand Prix,2019-09-29,sochi,race,ricciardo,Daniel Ricciardo,renault,Renault,19,R,10,0,24,Collision
2019,16,Russian Grand Prix,2019-09-29,sochi,race,grosjean,Romain Grosjean,haas,Haas F1 Team,20,R,8,0,0,Collision
2019,17,Japanese Grand Prix,2019-10-13,suzuka,race,bottas,Valtteri Bottas,mercedes,Mercedes,1,1,3,25,52,Finished
2019,17,Japanese Grand Prix,2019-10-13,suzuka,race,vettel,Sebastian Vettel,ferrari,Ferrari,2,2,1,18,52,Finished
2019,17,Japanese Grand Prix,2019-10-13,suzuka,race,hamilton,Lewis Hamilton,mercedes,Mercedes,3,3,4,16,52,Finished
2019,17,Japanese Grand Prix,2019-10-13,suzuka,race,albon,Alexander Albon,red_bull,Red Bull,4,4,6,12,52,Finished
2019,17,Japanese Grand Prix,2019-10-13,suzuka,race,sainz,Carlos Sainz,mclaren,McLaren,5,5,7,10,52,Finished
2019,17,Japanese Grand Prix,2019-10-13,suzuka,race,leclerc,Charles Leclerc,ferrari,Ferrari,6,6,2,8,51,+1 Lap
2019,17,Japanese Grand Prix,2019-10-13,suzuka,race,gasly,Pierre Gasly,toro_rosso,Toro Rosso,7,7,9,6,51,+1 Lap
2019,17,Japanese Grand Prix,2019-10-13,suzuka,race,perez,Sergio Pérez,racing_point,Racing Point,8,8,17,4,51,+1 Lap
2019,17,Japanese Grand Prix,2019-10-13,suzuka,race,stroll,Lance Stroll,racing_point,Racing Point,9,9,12,2,51,+1 Lap
2019,17,Japanese Grand Prix,2019-10-13,suzuka,race,kvyat,Daniil Kvyat,toro_rosso,Toro Rosso,10,10,14,1,51,+1 Lap
2019,17,Japanese Grand Prix,2019-10-13,suzuka,race,norris,Lando Norris,mclaren,McLaren,11,11,8,0,51,+1 Lap
2019,17,Japanese Grand Prix,2019-10-13,suzuka,race,raikkonen,Kimi Räikkönen,alfa,Alfa Romeo,12,12,13,0,51,+1 Lap
2019,17,Japanese Grand Prix,2019-10-13,suzuka,race,grosjean,Romain Grosjean,haas,Haas F1 Team,13,13,10,0,51,+1 Lap
2019,17,Japanese Grand Prix,2019-10-13,suzuka,race,giovinazzi,Antonio Giovinazzi,alfa,Alfa Romeo,14,14,11,0,51,+1 Lap
2019,17,Japanese Grand Prix,2019-10-13,suzuka,race,kevin_magnussen,Kevin Magnussen,haas,Haas F1 Team,15,15,19,0,51,+1 Lap
2019,17,Japanese Grand Prix,2019-10-13,suzuka,race,russell,George Russell,williams,Williams,16,16,18,0,50,+2 Laps
2019,17,Japanese Grand Prix,2019-10-13,suzuka,race,kubica,Robert Kubica,williams,Williams,17,17,0,0,50,+2 Laps
2019,17,Japanese Grand Prix,2019-10-13,suzuka,race,max_verstappen,Max Verstappen,red_bull,Red Bull,18,R,5,0,14,Brakes
2019,17,Japanese Grand Prix,2019-10-13,suzuka,race,ricciardo,Daniel Ricciardo,renault,Renault,19,D,16,0,51,Disqualified
2019,17,Japanese Grand Prix,2019-10-13,suzuka,race,hulkenberg,Nico Hülkenberg,renault,Renault,20,D,15,0,51,Disqualified
2019,18,Mexican Grand Prix,2019-10-27,rodriguez,race,hamilton,Lewis Hamilton,mercedes,Mercedes,1,1,3,25,71,Finished
2019,18,Mexican Grand Prix,2019-10-27,rodriguez,race,vettel,Sebastian Vettel,ferrari,Ferrari,2,2,2,18,71,Finished
2019,18,Mexican Grand Prix,2019-10-27,rodriguez,race,bottas,Valtteri Bottas,mercedes,Mercedes,3,3,6,15,71,Finished
2019,18,Mexican Grand Prix,2019-10-27,rodriguez,race,leclerc,Charles Leclerc,ferrari,Ferrari,4,4,1,13,71,Finished
2019,18,Mexican Grand Prix,2019-10-27,rodriguez,race,albon,Alexander Albon,red_bull,Red Bull,5,5,5,10,71,Finished
2019,18,Mexican Grand Prix,2019-10-27,rodriguez,race,max_verstappen,Max Verstappen,red_bull,Red Bull,6,6,4,8,71,Finished
2019,18,Mexican Grand Prix,2019-10-27,rodriguez,race,perez,Sergio Pérez,racing_point,Racing Point,7,7,11,6,71,Finished
2019,18,Mexican Grand Prix,2019-10-27,rodriguez,race,ricciardo,Daniel Ricciardo,renault,Renault,8,8,13,4,71,Finished
2019,18,Mexican Grand Prix,2019-10-27,rodriguez,race,gasly,Pierre Gasly,toro_rosso,Toro Rosso,9,9,10,2,70,+1 Lap
2019,18,Mexican Grand Prix,2019-10-27,rodriguez,race,hulkenberg,Nico Hülkenberg,renault,Renault,10,10,12,1,70,+1 Lap
2019,18,Mexican Grand Prix,2019-10-27,rodriguez,race,kvyat,Daniil Kvyat,toro_rosso,Toro Rosso,11,11,9,0,70,+1 Lap
2019,18,Mexican Grand Prix,2019-10-27,rodriguez,race,stroll,Lance Stroll,racing_point,Racing Point,12,12,16,0,70,+1 Lap
2019,18,Mexican Grand Prix,2019-10-27,rodriguez,race,sainz,Carlos Sainz,mclaren,McLaren,13,13,7,0,70,+1 Lap
2019,18,Mexican Grand Prix,2019-10-27,rodriguez,race,giovinazzi,Antonio Giovinazzi,alfa,Alfa Romeo,14,14,15,0,70,+1 Lap
2019,18,Mexican Grand Prix,2019-10-27,rodriguez,race,kevin_magnussen,Kevin Magnussen,haas,Haas F1 Team,15,15,17,0,69,+2 Laps
2019,18,Mexican Grand Prix,2019-10-27,rodriguez,race,russell,George Russell,williams,Williams,16,16,19,0,69,+2 Laps
2019,18,Mexican Grand Prix,2019-10-27,rodriguez,race,grosjean,Romain Grosjean,haas,Haas F1 Team,17,17,18,0,69,+2 Laps
2019,18,Mexican Grand Prix,2019-10-27,rodriguez,race,kubica,Robert Kubica,williams,Williams,18,18,20,0,69,+2 Laps
2019,18,Mexican Grand Prix,2019-10-27,rodriguez,race,raikkonen,Kimi Räikkönen,alfa,Alfa Romeo,19,R,14,0,58,Overheating
2019,18,Mexican Grand Prix,2019-10-27,rodriguez,race,norris,Lando Norris,mclaren,McLaren,20,W,8,0,48,Withdrew
2019,19,United States Grand Prix,2019-11-03,americas,race,bottas,Valtteri Bottas,mercedes,Mercedes,1,1,1,25,56,Finished
2019,19,United States Grand Prix,2019-11-03,americas,race,hamilton,Lewis Hamilton,mercedes,Mercedes,2,2,5,18,56,Finished
2019,19,United States Grand Prix,2019-11-03,americas,race,max_verstappen,Max Verstappen,red_bull,Red Bull,3,3,3,15,56,Finished
2019,19,United States Grand Prix,2019-11-03,americas,race,leclerc,Charles Leclerc,ferrari,Ferrari,4,4,4,13,56,Finished
2019,19,United States Grand Prix,2019-11-03,americas,race,albon,Alexander Albon,red_bull,Red Bull,5,5,6,10,56,Finished
2019,19,United States Grand Prix,2019-11-03,americas,race,ricciardo,Daniel Ricciardo,renault,Renault,6,6,9,8,56,Finished
2019,19,United States Grand Prix,2019-11-03,americas,race,norris,Lando Norris,mclaren,McLaren,7,7,8,6,56,Finished
2019,19,United States Grand Prix,2019-11-03,americas,race,sainz,Carlos Sainz,mclaren,McLaren,8,8,7,4,55,+1 Lap
2019,19,United States Grand Prix,2019-11-03,americas,race,hulkenberg,Nico Hülkenberg,renault,Renault,9,9,11,2,55,+1 Lap
2019,19,United States Grand Prix,2019-11-03,americas,race,perez,Sergio Pérez,racing_point,Racing Point,10,10,0,1,55,+1 Lap
2019,19,United States Grand Prix,2019-11-03,americas,race,raikkonen,Kimi Räikkönen,alfa,Alfa Romeo,11,11,17,0,55,+1 Lap
2019,19,United States Grand Prix,2019-11-03,americas,race,kvyat,Daniil Kvyat,toro_rosso,Toro Rosso,12,12,13,0,55,+1 Lap
2019,19,United States Grand Prix,2019-11-03,americas,race,stroll,Lance Stroll,racing_point,Racing Point,13,13,14,0,55,+1 Lap
2019,19,United States Grand Prix,2019-11-03,americas,race,giovinazzi,Antonio Giovinazzi,alfa,Alfa Romeo,14,14,16,0,55,+1 Lap
2019,19,United States Grand Prix,2019-11-03,americas,race,grosjean,Romain Grosjean,haas,Haas F1 Team,15,15,15,0,55,+1 Lap
2019,19,United States Grand Prix,2019-11-03,americas,race,gasly,Pierre Gasly,toro_rosso,Toro Rosso,16,16,10,0,54,Suspension
2019,19,United States Grand Prix,2019-11-03,americas,race,russell,George Russell,williams,Williams,17,17,18,0,54,+2 Laps
2019,19,United States Grand Prix,2019-11-03,americas,race,kevin_magnussen,Kevin Magnussen,haas,Haas F1 Team,18,18,12,0,52,Brakes
2019,19,United States Grand Prix,2019-11-03,americas,race,kubica,Robert Kubica,williams,Williams,19,R,19,0,31,Oil leak
2019,19,United States Grand Prix,2019-11-03,americas,race,vettel,Sebastian Vettel,ferrari,Ferrari,20,R,2,0,7,Suspension
2019,20,Brazilian Grand Prix,2019-11-17,interlagos,race,max_verstappen,Max Verstappen,red_bull,Red Bull,1,1,1,25,71,Finished
2019,20,Brazilian Grand Prix,2019-11-17,interlagos,race,gasly,Pierre Gasly,toro_rosso,Toro Rosso,2,2,6,18,71,Finished
2019,20,Brazilian Grand Prix,2019-11-17,interlagos,race,sainz,Carlos Sainz,mclaren,McLaren,3,3,20,15,71,Finished
2019,20,Brazilian Grand Prix,2019-11-17,interlagos,race,raikkonen,Kimi Räikkönen,alfa,Alfa Romeo,4,4,8,12,71,Finished
2019,20,Brazilian Grand Prix,2019-11-17,interlagos,race,giovinazzi,Antonio Giovinazzi,alfa,Alfa Romeo,5,5,12,10,71,Finished
2019,20,Brazilian Grand Prix,2019-11-17,interlagos,race,ricciardo,Daniel Ricciardo,renault,Renault,6,6,11,8,71,Finished
2019,20,Brazilian Grand Prix,2019-11-17,interlagos,race,hamilton,Lewis Hamilton,mercedes,Mercedes,7,7,3,6,71,Finished
2019,20,Brazilian Grand Prix,2019-11-17,interlagos,race,norris,Lando Norris,mclaren,McLaren,8,8,10,4,71,Finished
2019,20,Brazilian Grand Prix,2019-11-17,interlagos,race,perez,Sergio Pérez,racing_point,Racing Point,9,9,15,2,71,Finished
2019,20,Brazilian Grand Prix,2019-11-17,interlagos,race,kvyat,Daniil Kvyat,toro_rosso,Toro Rosso,10,10,16,1,71,Finished
2019,20,Brazilian Grand Prix,2019-11-17,interlagos,race,kevin_magnussen,Kevin Magnussen,haas,Haas F1 Team,11,11,9,0,71,Finished
2019,20,Brazilian Grand Prix,2019-11-17,interlagos,race,russell,George Russell,williams,Williams,12,12,18,0,71,Finished
2019,20,Brazilian Grand Prix,2019-11-17,interlagos,race,grosjean,Romain Grosjean,haas,Haas F1 Team,13,13,7,0,71,Finished
2019,20,Brazilian Grand Prix,2019-11-17,interlagos,race,albon,Alexander Albon,red_bull,Red Bull,14,14,5,0,71,Finished
2019,20,Brazilian Grand Prix,2019-11-17,interlagos,race,hulkenberg,Nico Hülkenberg,renault,Renault,15,15,13,0,71,Finished
2019,20,Brazilian Grand Prix,2019-11-17,interlagos,race,kubica,Robert Kubica,williams,Williams,16,16,19,0,70,+1 Lap
2019,20,Brazilian Grand Prix,2019-11-17,interlagos,race,vettel,Sebastian Vettel,ferrari,Ferrari,17,17,2,0,65,Collision
2019,20,Brazilian Grand Prix,2019-11-17,interlagos,race,leclerc,Charles Leclerc,ferrari,Ferrari,18,18,14,0,65,Collision
2019,20,Brazilian Grand Prix,2019-11-17,interlagos,race,stroll,Lance Stroll,racing_point,Racing Point,19,19,17,0,65,Suspension
2019,20,Brazilian Grand Prix,2019-11-17,interlagos,race,bottas,Valtteri Bottas,mercedes,Mercedes,20,R,4,0,51,Power Unit
2019,21,Abu Dhabi Grand Prix,2019-12-01,yas_marina,race,hamilton,Lewis Hamilton,mercedes,Mercedes,1,1,1,26,55,Finished
2019,21,Abu Dhabi Grand Prix,2019-12-01,yas_marina,race,max_verstappen,Max Verstappen,red_bull,Red Bull,2,2,2,18,55,Finished
2019,21,Abu Dhabi Grand Prix,2019-12-01,yas_marina,race,leclerc,Charles Leclerc,ferrari,Ferrari,3,3,3,15,55,Finished
2019,21,Abu Dhabi Grand Prix,2019-12-01,yas_marina,race,bottas,Valtteri Bottas,mercedes,Mercedes,4,4,20,12,55,Finished
2019,21,Abu Dhabi Grand Prix,2019-12-01,yas_marina,race,vettel,Sebastian Vettel,ferrari,Ferrari,5,5,4,10,55,Finished
2019,21,Abu Dhabi Grand Prix,2019-12-01,yas_marina,race,albon,Alexander Albon,red_bull,Red Bull,6,6,5,8,55,Finished
2019,21,Abu Dhabi Grand Prix,2019-12-01,yas_marina,race,perez,Sergio Pérez,racing_point,Racing Point,7,7,10,6,54,+1 Lap
2019,21,Abu Dhabi Grand Prix,2019-12-01,yas_marina,race,norris,Lando Norris,mclaren,McLaren,8,8,6,4,54,+1 Lap
2019,21,Abu Dhabi Grand Prix,2019-12-01,yas_marina,race,kvyat,Daniil Kvyat,toro_rosso,Toro Rosso,9,9,13,2,54,+1 Lap
2019,21,Abu Dhabi Grand Prix,2019-12-01,yas_marina,race,sainz,Carlos Sainz,mclaren,McLaren,10,10,8,1,54,+1 Lap
2019,21,Abu Dhabi Grand Prix,2019-12-01,yas_marina,race,ricciardo,Daniel Ricciardo,renault,Renault,11,11,7,0,54,+1 Lap
2019,21,Abu Dhabi Grand Prix,2019-12-01,yas_marina,race,hulkenberg,Nico Hülkenberg,renault,Renault,12,12,9,0,54,+1 Lap
2019,21,Abu Dhabi Grand Prix,2019-12-01,yas_marina,race,raikkonen,Kimi Räikkönen,alfa,Alfa Romeo,13,13,17,0,54,+1 Lap
2019,21,Abu Dhabi Grand Prix,2019-12-01,yas_marina,race,kevin_magnussen,Kevin Magnussen,haas,Haas F1 Team,14,14,14,0,54,+1 Lap
2019,21,Abu Dhabi Grand Prix,2019-12-01,yas_marina,race,grosjean,Romain Grosjean,haas,Haas F1 Team,15,15,15,0,54,+1 Lap
2019,21,Abu Dhabi Grand Prix,2019-12-01,yas_marina,race,giovinazzi,Antonio Giovinazzi,alfa,Alfa Romeo,16,16,16,0,54,+1 Lap
2019,21,Abu Dhabi Grand Prix,2019-12-01,yas_marina,race,russell,George Russell,williams,Williams,17,17,18,0,54,+1 Lap
2019,21,Abu Dhabi Grand Prix,2019-12-01,yas_marina,race,gasly,Pierre Gasly,toro_rosso,Toro Rosso,18,18,11,0,53,+2 Laps
2019,21,Abu Dhabi Grand Prix,2019-12-01,yas_marina,race,kubica,Robert Kubica,williams,Williams,19,19,19,0,53,+2 Laps
2019,21,Abu Dhabi Grand Prix,2019-12-01,yas_marina,race,stroll,Lance Stroll,racing_point,Racing Point,20,R,12,0,45,Brakes
2020,1,Austrian Grand Prix,2020-07-05,red_bull_ring,race,bottas,Valtteri Bottas,mercedes,Mercedes,1,1,1,25,71,Finished
2020,1,Austrian Grand Prix,2020-07-05,red_bull_ring,race,leclerc,Charles Leclerc,ferrari,Ferrari,2,2,7,18,71,Finished
2020,1,Austrian Grand Prix,2020-07-05,red_bull_ring,race,norris,Lando Norris,mclaren,McLaren,3,3,3,16,71,Finished
2020,1,Austrian Grand Prix,2020-07-05,red_bull_ring,race,hamilton,Lewis Hamilton,mercedes,Mercedes,4,4,5,12,71,Finished
2020,1,Austrian Grand Prix,2020-07-05,red_bull_ring,race,sainz,Carlos Sainz,mclaren,McLaren,5,5,8,10,71,Finished
2020,1,Austrian Grand Prix,2020-07-05,red_bull_ring,race,perez,Sergio Pérez,racing_point,Racing Point,6,6,6,8,71,Finished
2020,1,Austrian Grand Prix,2020-07-05,red_bull_ring,race,gasly,Pierre Gasly,alphatauri,AlphaTauri,7,7,12,6,71,Finished
2020,1,Austrian Grand Prix,2020-07-05,red_bull_ring,race,ocon,Esteban Ocon,renault,Renault,8,8,14,4,71,Finished
2020,1,Austrian Grand Prix,2020-07-05,red_bull_ring,race,giovinazzi,Antonio Giovinazzi,alfa,Alfa Romeo,9,9,18,2,71,Finished
2020,1,Austrian Grand Prix,2020-07-05,red_bull_ring,race,vettel,Sebastian Vettel,ferrari,Ferrari,10,10,11,1,71,Finished
2020,1,Austrian Grand Prix,2020-07-05,red_bull_ring,race,latifi,Nicholas Latifi,williams,Williams,11,11,20,0,71,Finished
2020,1,Austrian Grand Prix,2020-07-05,red_bull_ring,race,kvyat,Daniil Kvyat,alphatauri,AlphaTauri,12,12,13,0,69,Suspension
2020,1,Austrian Grand Prix,2020-07-05,red_bull_ring,race,albon,Alexander Albon,red_bull,Red Bull,13,13,4,0,67,Electronics
2020,1,Austrian Grand Prix,2020-07-05,red_bull_ring,race,raikkonen,Kimi Räikkönen,alfa,Alfa Romeo,14,R,19,0,53,Wheel
2020,1,Austrian Grand Prix,2020-07-05,red_bull_ring,race,russell,George Russell,williams,Williams,15,R,17,0,49,Fuel pressure
2020,1,Austrian Grand Prix,2020-07-05,red_bull_ring,race,grosjean,Romain Grosjean,haas,Haas F1 Team,16,R,15,0,49,Brakes
2020,1,Austrian Grand Prix,2020-07-05,red_bull_ring,race,kevin_magnussen,Kevin Magnussen,haas,Haas F1 Team,17,R,16,0,24,Brakes
2020,1,Austrian Grand Prix,2020-07-05,red_bull_ring,race,stroll,Lance Stroll,racing_point,Racing Point,18,R,9,0,20,Engine
2020,1,Austrian Grand Prix,2020-07-05,red_bull_ring,race,ricciardo,Daniel Ricciardo,renault,Renault,19,R,10,0,17,Overheating
2020,1,Austrian Grand Prix,2020-07-05,red_bull_ring,race,max_verstappen,Max Verstappen,red_bull,Red Bull,20,R,2,0,11,Electronics
2020,2,Styrian Grand Prix,2020-07-12,red_bull_ring,race,hamilton,Lewis Hamilton,mercedes,Mercedes,1,1,1,25,71,Finished
2020,2,Styrian Grand Prix,2020-07-12,red_bull_ring,race,bottas,Valtteri Bottas,mercedes,Mercedes,2,2,4,18,71,Finished
2020,2,Styrian Grand Prix,2020-07-12,red_bull_ring,race,max_verstappen,Max Verstappen,red_bull,Red Bull,3,3,2,15,71,Finished
2020,2,Styrian Grand Prix,2020-07-12,red_bull_ring,race,albon,Alexander Albon,red_bull,Red Bull,4,4,6,12,71,Finished
2020,2,Styrian Grand Prix,2020-07-12,red_bull_ring,race,norris,Lando Norris,mclaren,McLaren,5,5,9,10,71,Finished
2020,2,Styrian Grand Prix,2020-07-12,red_bull_ring,race,perez,Sergio Pérez,racing_point,Racing Point,6,6,17,8,71,Finished
2020,2,Styrian Grand Prix,2020-07-12,red_bull_ring,race,stroll,Lance Stroll,racing_point,Racing Point,7,7,12,6,71,Finished
2020,2,Styrian Grand Prix,2020-07-12,red_bull_ring,race,ricciardo,Daniel Ricciardo,renault,Renault,8,8,8,4,71,Finished
2020,2,Styrian Grand Prix,2020-07-12,red_bull_ring,race,sainz,Carlos Sainz,mclaren,McLaren,9,9,3,3,70,+1 Lap
2020,2,Styrian Grand Prix,2020-07-12,red_bull_ring,race,kvyat,Daniil Kvyat,alphatauri,AlphaTauri,10,10,13,1,70,+1 Lap
2020,2,Styrian Grand Prix,2020-07-12,red_bull_ring,race,raikkonen,Kimi Räikkönen,alfa,Alfa Romeo,11,11,16,0,70,+1 Lap
2020,2,Styrian Grand Prix,2020-07-12,red_bull_ring,race,kevin_magnussen,Kevin Magnussen,haas,Haas F1 Team,12,12,15,0,70,+1 Lap
2020,2,Styrian Grand Prix,2020-07-12,red_bull_ring,race,grosjean,Romain Grosjean,haas,Haas F1 Team,13,13,0,0,70,+1 Lap
2020,2,Styrian Grand Prix,2020-07-12,red_bull_ring,race,giovinazzi,Antonio Giovinazzi,alfa,Alfa Romeo,14,14,19,0,70,+1 Lap
2020,2,Styrian Grand Prix,2020-07-12,red_bull_ring,race,gasly,Pierre Gasly,alphatauri,AlphaTauri,15,15,7,0,70,+1 Lap
2020,2,Styrian Grand Prix,2020-07-12,red_bull_ring,race,russell,George Russell,williams,Williams,16,16,11,0,69,+2 Laps
2020,2,Styrian Grand Prix,2020-07-12,red_bull_ring,race,latifi,Nicholas Latifi,williams,Williams,17,17,18,0,69,+2 Laps
2020,2,Styrian Grand Prix,2020-07-12,red_bull_ring,race,ocon,Esteban Ocon,renault,Renault,18,R,5,0,25,Overheating
2020,2,Styrian Grand Prix,2020-07-12,red_bull_ring,race,leclerc,Charles Leclerc,ferrari,Ferrari,19,R,14,0,4,Collision damage
2020,2,Styrian Grand Prix,2020-07-12,red_bull_ring,race,vettel,Sebastian Vettel,ferrari,Ferrari,20,R,10,0,1,Collision damage
2020,3,Hungarian Grand Prix,2020-07-19,hungaroring,race,hamilton,Lewis Hamilton,mercedes,Mercedes,1,1,1,26,70,Finished
2020,3,Hungarian Grand Prix,2020-07-19,hungaroring,race,max_verstappen,Max Verstappen,red_bull,Red Bull,2,2,7,18,70,Finished
2020,3,Hungarian Grand Prix,2020-07-19,hungaroring,race,bottas,Valtteri Bottas,mercedes,Mercedes,3,3,2,15,70,Finished
2020,3,Hungarian Grand Prix,2020-07-19,hungaroring,race,stroll,Lance Stroll,racing_point,Racing Point,4,4,3,12,70,Finished
2020,3,Hungarian Grand Prix,2020-07-19,hungaroring,race,albon,Alexander Albon,red_bull,Red Bull,5,5,13,10,70,Finished
2020,3,Hungarian Grand Prix,2020-07-19,hungaroring,race,vettel,Sebastian Vettel,ferrari,Ferrari,6,6,5,8,69,+1 Lap
2020,3,Hungarian Grand Prix,2020-07-19,hungaroring,race,perez,Sergio Pérez,racing_point,Racing Point,7,7,4,6,69,+1 Lap
2020,3,Hungarian Grand Prix,2020-07-19,hungaroring,race,ricciardo,Daniel Ricciardo,renault,Renault,8,8,11,4,69,+1 Lap
2020,3,Hungarian Grand Prix,2020-07-19,hungaroring,race,sainz,Carlos Sainz,mclaren,McLaren,9,9,9,2,69,+1 Lap
2020,3,Hungarian Grand Prix,2020-07-19,hungaroring,race,kevin_magnussen,Kevin Magnussen,haas,Haas F1 Team,10,10,0,1,69,+1 Lap
2020,3,Hungarian Grand Prix,2020-07-19,hungaroring,race,leclerc,Charles Leclerc,ferrari,Ferrari,11,11,6,0,69,+1 Lap
2020,3,Hungarian Grand Prix,2020-07-19,hungaroring,race,kvyat,Daniil Kvyat,alphatauri,AlphaTauri,12,12,17,0,69,+1 Lap
2020,3,Hungarian Grand Prix,2020-07-19,hungaroring,race,norris,Lando Norris,mclaren,McLaren,13,13,8,0,69,+1 Lap
2020,3,Hungarian Grand Prix,2020-07-19,hungaroring,race,ocon,Esteban Ocon,renault,Renault,14,14,14,0,69,+1 Lap
2020,3,Hungarian Grand Prix,2020-07-19,hungaroring,race,raikkonen,Kimi Räikkönen,alfa,Alfa Romeo,15,15,20,0,69,+1 Lap
2020,3,Hungarian Grand Prix,2020-07-19,hungaroring,race,grosjean,Romain Grosjean,haas,Haas F1 Team,16,16,0,0,69,+1 Lap
2020,3,Hungarian Grand Prix,2020-07-19,hungaroring,race,giovinazzi,Antonio Giovinazzi,alfa,Alfa Romeo,17,17,19,0,69,+1 Lap
2020,3,Hungarian Grand Prix,2020-07-19,hungaroring,race,russell,George Russell,williams,Williams,18,18,12,0,69,+1 Lap
2020,3,Hungarian Grand Prix,2020-07-19,hungaroring,race,latifi,Nicholas Latifi,williams,Williams,19,19,15,0,65,+5 Laps
2020,3,Hungarian Grand Prix,2020-07-19,hungaroring,race,gasly,Pierre Gasly,alphatauri,AlphaTauri,20,R,10,0,15,Engine
2020,4,British Grand Prix,2020-08-02,silverstone,race,hamilton,Lewis Hamilton,mercedes,Mercedes,1,1,1,25,52,Finished
2020,4,British Grand Prix,2020-08-02,silverstone,race,max_verstappen,Max Verstappen,red_bull,Red Bull,2,2,3,19,52,Finished
2020,4,British Grand Prix,2020-08-02,silverstone,race,leclerc,Charles Leclerc,ferrari,Ferrari,3,3,4,15,52,Finished
2020,4,British Grand Prix,2020-08-02,silverstone,race,ricciardo,Daniel Ricciardo,renault,Renault,4,4,8,12,52,Finished
2020,4,British Grand Prix,2020-08-02,silverstone,race,norris,Lando Norris,mclaren,McLaren,5,5,5,10,52,Finished
2020,4,British Grand Prix,2020-08-02,silverstone,race,ocon,Esteban Ocon,renault,Renault,6,6,9,8,52,Finished
2020,4,British Grand Prix,2020-08-02,silverstone,race,gasly,Pierre Gasly,alphatauri,AlphaTauri,7,7,11,6,52,Finished
2020,4,British Grand Prix,2020-08-02,silverstone,race,albon,Alexander Albon,red_bull,Red Bull,8,8,12,4,52,Finished
2020,4,British Grand Prix,2020-08-02,silverstone,race,stroll,Lance Stroll,racing_point,Racing Point,9,9,6,2,52,Finished
2020,4,British Grand Prix,2020-08-02,silverstone,race,vettel,Sebastian Vettel,ferrari,Ferrari,10,10,10,1,52,Finished
2020,4,British Grand Prix,2020-08-02,silverstone,race,bottas,Valtteri Bottas,mercedes,Mercedes,11,11,2,0,52,Finished
2020,4,British Grand Prix,2020-08-02,silverstone,race,russell,George Russell,williams,Williams,12,12,20,0,52,Finished
2020,4,British Grand Prix,2020-08-02,silverstone,race,sainz,Carlos Sainz,mclaren,McLaren,13,13,7,0,52,Finished
2020,4,British Grand Prix,2020-08-02,silverstone,race,giovinazzi,Antonio Giovinazzi,alfa,Alfa Romeo,14,14,15,0,52,Finished
2020,4,British Grand Prix,2020-08-02,silverstone,race,latifi,Nicholas Latifi,williams,Williams,15,15,18,0,52,Finished
2020,4,British Grand Prix,2020-08-02,silverstone,race,grosjean,Romain Grosjean,haas,Haas F1 Team,16,16,17,0,52,Finished
2020,4,British Grand Prix,2020-08-02,silverstone,race,raikkonen,Kimi Räikkönen,alfa,Alfa Romeo,17,17,16,0,51,+1 Lap
2020,4,British Grand Prix,2020-08-02,silverstone,race,kvyat,Daniil Kvyat,alphatauri,AlphaTauri,18,R,19,0,11,Accident
2020,4,British Grand Prix,2020-08-02,silverstone,race,kevin_magnussen,Kevin Magnussen,haas,Haas F1 Team,19,R,14,0,1,Collision
2020,4,British Grand Prix,2020-08-02,silverstone,race,hulkenberg,Nico Hülkenberg,racing_point,Racing Point,20,W,13,0,0,Power Unit
2020,5,70th Anniversary Grand Prix,2020-08-09,silverstone,race,max_verstappen,Max Verstappen,red_bull,Red Bull,1,1,4,25,52,Finished
2020,5,70th Anniversary Grand Prix,2020-08-09,silverstone,race,hamilton,Lewis Hamilton,mercedes,Mercedes,2,2,2,19,52,Finished
2020,5,70th Anniversary Grand Prix,2020-08-09,silverstone,race,bottas,Valtteri Bottas,mercedes,Mercedes,3,3,1,15,52,Finished
2020,5,70th Anniversary Grand Prix,2020-08-09,silverstone,race,leclerc,Charles Leclerc,ferrari,Ferrari,4,4,8,12,52,Finished
2020,5,70th Anniversary Grand Prix,2020-08-09,silverstone,race,albon,Alexander Albon,red_bull,Red Bull,5,5,9,10,52,Finished
2020,5,70th Anniversary Grand Prix,2020-08-09,silverstone,race,stroll,Lance Stroll,racing_point,Racing Point,6,6,6,8,52,Finished
2020,5,70th Anniversary Grand Prix,2020-08-09,silverstone,race,hulkenberg,Nico Hülkenberg,racing_point,Racing Point,7,7,3,6,52,Finished
2020,5,70th Anniversary Grand Prix,2020-08-09,silverstone,race,ocon,Esteban Ocon,renault,Renault,8,8,14,4,52,Finished
2020,5,70th Anniversary Grand Prix,2020-08-09,silverstone,race,norris,Lando Norris,mclaren,McLaren,9,9,10,2,52,Finished
2020,5,70th Anniversary Grand Prix,2020-08-09,silverstone,race,kvyat,Daniil Kvyat,alphatauri,AlphaTauri,10,10,16,1,52,Finished
2020,5,70th Anniversary Grand Prix,2020-08-09,silverstone,race,gasly,Pierre Gasly,alphatauri,AlphaTauri,11,11,7,0,52,Finished
2020,5,70th Anniversary Grand Prix,2020-08-09,silverstone,race,vettel,Sebastian Vettel,ferrari,Ferrari,12,12,11,0,52,Finished
2020,5,70th Anniversary Grand Prix,2020-08-09,silverstone,race,sainz,Carlos Sainz,mclaren,McLaren,13,13,12,0,52,Finished
2020,5,70th Anniversary Grand Prix,2020-08-09,silverstone,race,ricciardo,Daniel Ricciardo,renault,Renault,14,14,5,0,51,+1 Lap
2020,5,70th Anniversary Grand Prix,2020-08-09,silverstone,race,raikkonen,Kimi Räikkönen,alfa,Alfa Romeo,15,15,20,0,51,+1 Lap
2020,5,70th Anniversary Grand Prix,2020-08-09,silverstone,race,grosjean,Romain Grosjean,haas,Haas F1 Team,16,16,13,0,51,+1 Lap
2020,5,70th Anniversary Grand Prix,2020-08-09,silverstone,race,giovinazzi,Antonio Giovinazzi,alfa,Alfa Romeo,17,17,19,0,51,+1 Lap
2020,5,70th Anniversary Grand Prix,2020-08-09,silverstone,race,russell,George Russell,williams,Williams,18,18,15,0,51,+1 Lap
2020,5,70th Anniversary Grand Prix,2020-08-09,silverstone,race,latifi,Nicholas Latifi,williams,Williams,19,19,18,0,51,+1 Lap
2020,5,70th Anniversary Grand Prix,2020-08-09,silverstone,race,kevin_magnussen,Kevin Magnussen,haas,Haas F1 Team,20,R,17,0,43,Retired
2020,6,Spanish Grand Prix,2020-08-16,catalunya,race,hamilton,Lewis Hamilton,mercedes,Mercedes,1,1,1,25,66,Finished
2020,6,Spanish Grand Prix,2020-08-16,catalunya,race,max_verstappen,Max Verstappen,red_bull,Red Bull,2,2,3,18,66,Finished
2020,6,Spanish Grand Prix,2020-08-16,catalunya,race,bottas,Valtteri Bottas,mercedes,Mercedes,3,3,2,16,66,Finished
2020,6,Spanish Grand Prix,2020-08-16,catalunya,race,stroll,Lance Stroll,racing_point,Racing Point,4,4,5,12,65,+1 Lap
2020,6,Spanish Grand Prix,2020-08-16,catalunya,race,perez,Sergio Pérez,racing_point,Racing Point,5,5,4,10,65,+1 Lap
2020,6,Spanish Grand Prix,2020-08-16,catalunya,race,sainz,Carlos Sainz,mclaren,McLaren,6,6,7,8,65,+1 Lap
2020,6,Spanish Grand Prix,2020-08-16,catalunya,race,vettel,Sebastian Vettel,ferrari,Ferrari,7,7,11,6,65,+1 Lap
2020,6,Spanish Grand Prix,2020-08-16,catalunya,race,albon,Alexander Albon,red_bull,Red Bull,8,8,6,4,65,+1 Lap
2020,6,Spanish Grand Prix,2020-08-16,catalunya,race,gasly,Pierre Gasly,alphatauri,AlphaTauri,9,9,10,2,65,+1 Lap
2020,6,Spanish Grand Prix,2020-08-16,catalunya,race,norris,Lando Norris,mclaren,McLaren,10,10,8,1,65,+1 Lap
2020,6,Spanish Grand Prix,2020-08-16,catalunya,race,ricciardo,Daniel Ricciardo,renault,Renault,11,11,13,0,65,+1 Lap
2020,6,Spanish Grand Prix,2020-08-16,catalunya,race,kvyat,Daniil Kvyat,alphatauri,AlphaTauri,12,12,12,0,65,+1 Lap
2020,6,Spanish Grand Prix,2020-08-16,catalunya,race,ocon,Esteban Ocon,renault,Renault,13,13,15,0,65,+1 Lap
2020,6,Spanish Grand Prix,2020-08-16,catalunya,race,raikkonen,Kimi Räikkönen,alfa,Alfa Romeo,14,14,14,0,65,+1 Lap
2020,6,Spanish Grand Prix,2020-08-16,catalunya,race,kevin_magnussen,Kevin Magnussen,haas,Haas F1 Team,15,15,16,0,65,+1 Lap
2020,6,Spanish Grand Prix,2020-08-16,catalunya,race,giovinazzi,Antonio Giovinazzi,alfa,Alfa Romeo,16,16,20,0,65,+1 Lap
2020,6,Spanish Grand Prix,2020-08-16,catalunya,race,russell,George Russell,williams,Williams,17,17,18,0,65,+1 Lap
2020,6,Spanish Grand Prix,2020-08-16,catalunya,race,latifi,Nicholas Latifi,williams,Williams,18,18,19,0,64,+2 Laps
2020,6,Spanish Grand Prix,2020-08-16,catalunya,race,grosjean,Romain Grosjean,haas,Haas F1 Team,19,19,17,0,64,+2 Laps
2020,6,Spanish Grand Prix,2020-08-16,catalunya,race,leclerc,Charles Leclerc,ferrari,Ferrari,20,R,9,0,38,Electronics
2020,7,Belgian Grand Prix,2020-08-30,spa,race,hamilton,Lewis Hamilton,mercedes,Mercedes,1,1,1,25,44,Finished
2020,7,Belgian Grand Prix,2020-08-30,spa,race,bottas,Valtteri Bottas,mercedes,Mercedes,2,2,2,18,44,Finished
2020,7,Belgian Grand Prix,2020-08-30,spa,race,max_verstappen,Max Verstappen,red_bull,Red Bull,3,3,3,15,44,Finished
2020,7,Belgian Grand Prix,2020-08-30,spa,race,ricciardo,Daniel Ricciardo,renault,Renault,4,4,4,13,44,Finished
2020,7,Belgian Grand Prix,2020-08-30,spa,race,ocon,Esteban Ocon,renault,Renault,5,5,6,10,44,Finished
2020,7,Belgian Grand Prix,2020-08-30,spa,race,albon,Alexander Albon,red_bull,Red Bull,6,6,5,8,44,Finished
2020,7,Belgian Grand Prix,2020-08-30,spa,race,norris,Lando Norris,mclaren,McLaren,7,7,10,6,44,Finished
2020,7,Belgian Grand Prix,2020-08-30,spa,race,gasly,Pierre Gasly,alphatauri,AlphaTauri,8,8,12,4,44,Finished
2020,7,Belgian Grand Prix,2020-08-30,spa,race,stroll,Lance Stroll,racing_point,Racing Point,9,9,9,2,44,Finished
2020,7,Belgian Grand Prix,2020-08-30,spa,race,perez,Sergio Pérez,racing_point,Racing Point,10,10,8,1,44,Finished
2020,7,Belgian Grand Prix,2020-08-30,spa,race,kvyat,Daniil Kvyat,alphatauri,AlphaTauri,11,11,11,0,44,Finished
2020,7,Belgian Grand Prix,2020-08-30,spa,race,raikkonen,Kimi Räikkönen,alfa,Alfa Romeo,12,12,16,0,44,Finished
2020,7,Belgian Grand Prix,2020-08-30,spa,race,vettel,Sebastian Vettel,ferrari,Ferrari,13,13,14,0,44,Finished
2020,7,Belgian Grand Prix,2020-08-30,spa,race,leclerc,Charles Leclerc,ferrari,Ferrari,14,14,13,0,44,Finished
2020,7,Belgian Grand Prix,2020-08-30,spa,race,grosjean,Romain Grosjean,haas,Haas F1 Team,15,15,17,0,44,Finished
2020,7,Belgian Grand Prix,2020-08-30,spa,race,latifi,Nicholas Latifi,williams,Williams,16,16,19,0,44,Finished
2020,7,Belgian Grand Prix,2020-08-30,spa,race,kevin_magnussen,Kevin Magnussen,haas,Haas F1 Team,17,17,20,0,44,Finished
2020,7,Belgian Grand Prix,2020-08-30,spa,race,giovinazzi,Antonio Giovinazzi,alfa,Alfa Romeo,18,R,18,0,9,Accident
2020,7,Belgian Grand Prix,2020-08-30,spa,race,russell,George Russell,williams,Williams,19,R,15,0,9,Debris
2020,7,Belgian Grand Prix,2020-08-30,spa,race,sainz,Carlos Sainz,mclaren,McLaren,20,W,7,0,0,Exhaust
2020,8,Italian Grand Prix,2020-09-06,monza,race,gasly,Pierre Gasly,alphatauri,AlphaTauri,1,1,10,25,53,Finished
2020,8,Italian Grand Prix,2020-09-06,monza,race,sainz,Carlos Sainz,mclaren,McLaren,2,2,3,18,53,Finished
2020,8,Italian Grand Prix,2020-09-06,monza,race,stroll,Lance Stroll,racing_point,Racing Point,3,3,8,15,53,Finished
2020,8,Italian Grand Prix,2020-09-06,monza,race,norris,Lando Norris,mclaren,McLaren,4,4,6,12,53,Finished
2020,8,Italian Grand Prix,2020-09-06,monza,race,bottas,Valtteri Bottas,mercedes,Mercedes,5,5,2,10,53,Finished
2020,8,Italian Grand Prix,2020-09-06,monza,race,ricciardo,Daniel Ricciardo,renault,Renault,6,6,7,8,53,Finished
2020,8,Italian Grand Prix,2020-09-06,monza,race,hamilton,Lewis Hamilton,mercedes,Mercedes,7,7,1,7,53,Finished
2020,8,Italian Grand Prix,2020-09-06,monza,race,ocon,Esteban Ocon,renault,Renault,8,8,12,4,53,Finished
2020,8,Italian Grand Prix,2020-09-06,monza,race,kvyat,Daniil Kvyat,alphatauri,AlphaTauri,9,9,11,2,53,Finished
2020,8,Italian Grand Prix,2020-09-06,monza,race,perez,Sergio Pérez,racing_point,Racing Point,10,10,4,1,53,Finished
2020,8,Italian Grand Prix,2020-09-06,monza,race,latifi,Nicholas Latifi,williams,Williams,11,11,20,0,53,Finished
2020,8,Italian Grand Prix,2020-09-06,monza,race,grosjean,Romain Grosjean,haas,Haas F1 Team,12,12,16,0,53,Finished
2020,8,Italian Grand Prix,2020-09-06,monza,race,raikkonen,Kimi Räikkönen,alfa,Alfa Romeo,13,13,14,0,53,Finished
2020,8,Italian Grand Prix,2020-09-06,monza,race,russell,George Russell,williams,Williams,14,14,19,0,53,Finished
2020,8,Italian Grand Prix,2020-09-06,monza,race,albon,Alexander Albon,red_bull,Red Bull,15,15,9,0,53,Finished
2020,8,Italian Grand Prix,2020-09-06,monza,race,giovinazzi,Antonio Giovinazzi,alfa,Alfa Romeo,16,16,18,0,53,Finished
2020,8,Italian Grand Prix,2020-09-06,monza,race,max_verstappen,Max Verstappen,red_bull,Red Bull,17,R,5,0,30,Power Unit
2020,8,Italian Grand Prix,2020-09-06,monza,race,leclerc,Charles Leclerc,ferrari,Ferrari,18,R,13,0,23,Accident
2020,8,Italian Grand Prix,2020-09-06,monza,race,kevin_magnussen,Kevin Magnussen,haas,Haas F1 Team,19,R,15,0,17,Power Unit
2020,8,Italian Grand Prix,2020-09-06,monza,race,vettel,Sebastian Vettel,ferrari,Ferrari,20,R,17,0,6,Brakes
2020,9,Tuscan Grand Prix,2020-09-13,mugello,race,hamilton,Lewis Hamilton,mercedes,Mercedes,1,1,1,26,59,Finished
2020,9,Tuscan Grand Prix,2020-09-13,mugello,race,bottas,Valtteri Bottas,mercedes,Mercedes,2,2,2,18,59,Finished
2020,9,Tuscan Grand Prix,2020-09-13,mugello,race,albon,Alexander Albon,red_bull,Red Bull,3,3,4,15,59,Finished
2020,9,Tuscan Grand Prix,2020-09-13,mugello,race,ricciardo,Daniel Ricciardo,renault,Renault,4,4,8,12,59,Finished
2020,9,Tuscan Grand Prix,2020-09-13,mugello,race,perez,Sergio Pérez,racing_point,Racing Point,5,5,7,10,59,Finished
2020,9,Tuscan Grand Prix,2020-09-13,mugello,race,norris,Lando Norris,mclaren,McLaren,6,6,11,8,59,Finished
2020,9,Tuscan Grand Prix,2020-09-13,mugello,race,kvyat,Daniil Kvyat,alphatauri,AlphaTauri,7,7,12,6,59,Finished
2020,9,Tuscan Grand Prix,2020-09-13,mugello,race,leclerc,Charles Leclerc,ferrari,Ferrari,8,8,5,4,59,Finished
2020,9,Tuscan Grand Prix,2020-09-13,mugello,race,raikkonen,Kimi Räikkönen,alfa,Alfa Romeo,9,9,13,2,59,Finished
2020,9,Tuscan Grand Prix,2020-09-13,mugello,race,vettel,Sebastian Vettel,ferrari,Ferrari,10,10,14,1,59,Finished
2020,9,Tuscan Grand Prix,2020-09-13,mugello,race,russell,George Russell,williams,Williams,11,11,18,0,59,Finished
2020,9,Tuscan Grand Prix,2020-09-13,mugello,race,grosjean,Romain Grosjean,haas,Haas F1 Team,12,12,15,0,59,Finished
2020,9,Tuscan Grand Prix,2020-09-13,mugello,race,stroll,Lance Stroll,racing_point,Racing Point,13,R,6,0,42,Puncture
2020,9,Tuscan Grand Prix,2020-09-13,mugello,race,ocon,Esteban Ocon,renault,Renault,14,R,10,0,7,Brakes
2020,9,Tuscan Grand Prix,2020-09-13,mugello,race,latifi,Nicholas Latifi,williams,Williams,15,R,19,0,6,Collision
2020,9,Tuscan Grand Prix,2020-09-13,mugello,race,kevin_magnussen,Kevin Magnussen,haas,Haas F1 Team,16,R,20,0,5,Collision
2020,9,Tuscan Grand Prix,2020-09-13,mugello,race,giovinazzi,Antonio Giovinazzi,alfa,Alfa Romeo,17,R,17,0,5,Collision
2020,9,Tuscan Grand Prix,2020-09-13,mugello,race,sainz,Carlos Sainz,mclaren,McLaren,18,R,9,0,5,Collision
2020,9,Tuscan Grand Prix,2020-09-13,mugello,race,max_verstappen,Max Verstappen,red_bull,Red Bull,19,R,3,0,0,Collision
2020,9,Tuscan Grand Prix,2020-09-13,mugello,race,gasly,Pierre Gasly,alphatauri,AlphaTauri,20,R,16,0,0,Collision
2020,10,Russian Grand Prix,2020-09-27,sochi,race,bottas,Valtteri Bottas,mercedes,Mercedes,1,1,3,26,53,Finished
2020,10,Russian Grand Prix,2020-09-27,sochi,race,max_verstappen,Max Verstappen,red_bull,Red Bull,2,2,2,18,53,Finished
2020,10,Russian Grand Prix,2020-09-27,sochi,race,hamilton,Lewis Hamilton,mercedes,Mercedes,3,3,1,15,53,Finished
2020,10,Russian Grand Prix,2020-09-27,sochi,race,perez,Sergio Pérez,racing_point,Racing Point,4,4,4,12,53,Finished
2020,10,Russian Grand Prix,2020-09-27,sochi,race,ricciardo,Daniel Ricciardo,renault,Renault,5,5,5,10,53,Finished
2020,10,Russian Grand Prix,2020-09-27,sochi,race,leclerc,Charles Leclerc,ferrari,Ferrari,6,6,10,8,53,Finished
2020,10,Russian Grand Prix,2020-09-27,sochi,race,ocon,Esteban Ocon,renault,Renault,7,7,7,6,53,Finished
2020,10,Russian Grand Prix,2020-09-27,sochi,race,kvyat,Daniil Kvyat,alphatauri,AlphaTauri,8,8,11,4,53,Finished
2020,10,Russian Grand Prix,2020-09-27,sochi,race,gasly,Pierre Gasly,alphatauri,AlphaTauri,9,9,9,2,53,Finished
2020,10,Russian Grand Prix,2020-09-27,sochi,race,albon,Alexander Albon,red_bull,Red Bull,10,10,15,1,53,Finished
2020,10,Russian Grand Prix,2020-09-27,sochi,race,giovinazzi,Antonio Giovinazzi,alfa,Alfa Romeo,11,11,17,0,52,+1 Lap
2020,10,Russian Grand Prix,2020-09-27,sochi,race,kevin_magnussen,Kevin Magnussen,haas,Haas F1 Team,12,12,18,0,52,+1 Lap
2020,10,Russian Grand Prix,2020-09-27,sochi,race,vettel,Sebastian Vettel,ferrari,Ferrari,13,13,14,0,52,+1 Lap
2020,10,Russian Grand Prix,2020-09-27,sochi,race,raikkonen,Kimi Räikkönen,alfa,Alfa Romeo,14,14,19,0,52,+1 Lap
2020,10,Russian Grand Prix,2020-09-27,sochi,race,norris,Lando Norris,mclaren,McLaren,15,15,8,0,52,+1 Lap
2020,10,Russian Grand Prix,2020-09-27,sochi,race,latifi,Nicholas Latifi,williams,Williams,16,16,20,0,52,+1 Lap
2020,10,Russian Grand Prix,2020-09-27,sochi,race,grosjean,Romain Grosjean,haas,Haas F1 Team,17,17,16,0,52,+1 Lap
2020,10,Russian Grand Prix,2020-09-27,sochi,race,russell,George Russell,williams,Williams,18,18,13,0,52,+1 Lap
2020,10,Russian Grand Prix,2020-09-27,sochi,race,sainz,Carlos Sainz,mclaren,McLaren,19,R,6,0,0,Accident
2020,10,Russian Grand Prix,2020-09-27,sochi,race,stroll,Lance Stroll,racing_point,Racing Point,20,R,12,0,0,Collision
2020,11,Eifel Grand Prix,2020-10-11,nurburgring,race,hamilton,Lewis Hamilton,mercedes,Mercedes,1,1,2,25,60,Finished
2020,11,Eifel Grand Prix,2020-10-11,nurburgring,race,max_verstappen,Max Verstappen,red_bull,Red Bull,2,2,3,19,60,Finished
2020,11,Eifel Grand Prix,2020-10-11,nurburgring,race,ricciardo,Daniel Ricciardo,renault,Renault,3,3,6,15,60,Finished
2020,11,Eifel Grand Prix,2020-10-11,nurburgring,race,perez,Sergio Pérez,racing_point,Racing Point,4,4,9,12,60,Finished
2020,11,Eifel Grand Prix,2020-10-11,nurburgring,race,sainz,Carlos Sainz,mclaren,McLaren,5,5,10,10,60,Finished
2020,11,Eifel Grand Prix,2020-10-11,nurburgring,race,gasly,Pierre Gasly,alphatauri,AlphaTauri,6,6,12,8,60,Finished
2020,11,Eifel Grand Prix,2020-10-11,nurburgring,race,leclerc,Charles Leclerc,ferrari,Ferrari,7,7,4,6,60,Finished
2020,11,Eifel Grand Prix,2020-10-11,nurburgring,race,hulkenberg,Nico Hülkenberg,racing_point,Racing Point,8,8,20,4,60,Finished
2020,11,Eifel Grand Prix,2020-10-11,nurburgring,race,grosjean,Romain Grosjean,haas,Haas F1 Team,9,9,16,2,60,Finished
2020,11,Eifel Grand Prix,2020-10-11,nurburgring,race,giovinazzi,Antonio Giovinazzi,alfa,Alfa Romeo,10,10,14,1,60,Finished
2020,11,Eifel Grand Prix,2020-10-11,nurburgring,race,vettel,Sebastian Vettel,ferrari,Ferrari,11,11,11,0,60,Finished
2020,11,Eifel Grand Prix,2020-10-11,nurburgring,race,raikkonen,Kimi Räikkönen,alfa,Alfa Romeo,12,12,19,0,60,Finished
2020,11,Eifel Grand Prix,2020-10-11,nurburgring,race,kevin_magnussen,Kevin Magnussen,haas,Haas F1 Team,13,13,15,0,60,Finished
2020,11,Eifel Grand Prix,2020-10-11,nurburgring,race,latifi,Nicholas Latifi,williams,Williams,14,14,18,0,60,Finished
2020,11,Eifel Grand Prix,2020-10-11,nurburgring,race,kvyat,Daniil Kvyat,alphatauri,AlphaTauri,15,15,13,0,60,Finished
2020,11,Eifel Grand Prix,2020-10-11,nurburgring,race,norris,Lando Norris,mclaren,McLaren,16,R,8,0,42,Power Unit
2020,11,Eifel Grand Prix,2020-10-11,nurburgring,race,albon,Alexander Albon,red_bull,Red Bull,17,R,5,0,23,Radiator
2020,11,Eifel Grand Prix,2020-10-11,nurburgring,race,ocon,Esteban Ocon,renault,Renault,18,R,7,0,22,Gearbox
2020,11,Eifel Grand Prix,2020-10-11,nurburgring,race,bottas,Valtteri Bottas,mercedes,Mercedes,19,R,1,0,18,Power Unit
2020,11,Eifel Grand Prix,2020-10-11,nurburgring,race,russell,George Russell,williams,Williams,20,R,17,0,12,Collision
2020,12,Portuguese Grand Prix,2020-10-25,portimao,race,hamilton,Lewis Hamilton,mercedes,Mercedes,1,1,1,26,66,Finished
2020,12,Portuguese Grand Prix,2020-10-25,portimao,race,bottas,Valtteri Bottas,mercedes,Mercedes,2,2,2,18,66,Finished
2020,12,Portuguese Grand Prix,2020-10-25,portimao,race,max_verstappen,Max Verstappen,red_bull,Red Bull,3,3,3,15,66,Finished
2020,12,Portuguese Grand Prix,2020-10-25,portimao,race,leclerc,Charles Leclerc,ferrari,Ferrari,4,4,4,12,66,Finished
2020,12,Portuguese Grand Prix,2020-10-25,portimao,race,gasly,Pierre Gasly,alphatauri,AlphaTauri,5,5,9,10,65,+1 Lap
2020,12,Portuguese Grand Prix,2020-10-25,portimao,race,sainz,Carlos Sainz,mclaren,McLaren,6,6,7,8,65,+1 Lap
2020,12,Portuguese Grand Prix,2020-10-25,portimao,race,perez,Sergio Pérez,racing_point,Racing Point,7,7,5,6,65,+1 Lap
2020,12,Portuguese Grand Prix,2020-10-25,portimao,race,ocon,Esteban Ocon,renault,Renault,8,8,11,4,65,+1 Lap
2020,12,Portuguese Grand Prix,2020-10-25,portimao,race,ricciardo,Daniel Ricciardo,renault,Renault,9,9,10,2,65,+1 Lap
2020,12,Portuguese Grand Prix,2020-10-25,portimao,race,vettel,Sebastian Vettel,ferrari,Ferrari,10,10,15,1,65,+1 Lap
2020,12,Portuguese Grand Prix,2020-10-25,portimao,race,raikkonen,Kimi Räikkönen,alfa,Alfa Romeo,11,11,16,0,65,+1 Lap
2020,12,Portuguese Grand Prix,2020-10-25,portimao,race,albon,Alexander Albon,red_bull,Red Bull,12,12,6,0,65,+1 Lap
2020,12,Portuguese Grand Prix,2020-10-25,portimao,race,norris,Lando Norris,mclaren,McLaren,13,13,8,0,65,+1 Lap
2020,12,Portuguese Grand Prix,2020-10-25,portimao,race,russell,George Russell,williams,Williams,14,14,14,0,65,+1 Lap
2020,12,Portuguese Grand Prix,2020-10-25,portimao,race,giovinazzi,Antonio Giovinazzi,alfa,Alfa Romeo,15,15,17,0,65,+1 Lap
2020,12,Portuguese Grand Prix,2020-10-25,portimao,race,kevin_magnussen,Kevin Magnussen,haas,Haas F1 Team,16,16,19,0,65,+1 Lap
2020,12,Portuguese Grand Prix,2020-10-25,portimao,race,grosjean,Romain Grosjean,haas,Haas F1 Team,17,17,18,0,65,+1 Lap
2020,12,Portuguese Grand Prix,2020-10-25,portimao,race,latifi,Nicholas Latifi,williams,Williams,18,18,20,0,64,+2 Laps
2020,12,Portuguese Grand Prix,2020-10-25,portimao,race,kvyat,Daniil Kvyat,alphatauri,AlphaTauri,19,19,13,0,64,+2 Laps
2020,12,Portuguese Grand Prix,2020-10-25,portimao,race,stroll,Lance Stroll,racing_point,Racing Point,20,R,12,0,51,Collision damage
2020,13,Emilia Romagna Grand Prix,2020-11-01,imola,race,hamilton,Lewis Hamilton,mercedes,Mercedes,1,1,2,26,63,Finished
2020,13,Emilia Romagna Grand Prix,2020-11-01,imola,race,bottas,Valtteri Bottas,mercedes,Mercedes,2,2,1,18,63,Finished
2020,13,Emilia Romagna Grand Prix,2020-11-01,imola,race,ricciardo,Daniel Ricciardo,renault,Renault,3,3,5,15,63,Finished
2020,13,Emilia Romagna Grand Prix,2020-11-01,imola,race,kvyat,Daniil Kvyat,alphatauri,AlphaTauri,4,4,8,12,63,Finished
2020,13,Emilia Romagna Grand Prix,2020-11-01,imola,race,leclerc,Charles Leclerc,ferrari,Ferrari,5,5,7,10,63,Finished
2020,13,Emilia Romagna Grand Prix,2020-11-01,imola,race,perez,Sergio Pérez,racing_point,Racing Point,6,6,11,8,63,Finished
2020,13,Emilia Romagna Grand Prix,2020-11-01,imola,race,sainz,Carlos Sainz,mclaren,McLaren,7,7,10,6,63,Finished
2020,13,Emilia Romagna Grand Prix,2020-11-01,imola,race,norris,Lando Norris,mclaren,McLaren,8,8,9,4,63,Finished
2020,13,Emilia Romagna Grand Prix,2020-11-01,imola,race,raikkonen,Kimi Räikkönen,alfa,Alfa Romeo,9,9,18,2,63,Finished
2020,13,Emilia Romagna Grand Prix,2020-11-01,imola,race,giovinazzi,Antonio Giovinazzi,alfa,Alfa Romeo,10,10,20,1,63,Finished
2020,13,Emilia Romagna Grand Prix,2020-11-01,imola,race,latifi,Nicholas Latifi,williams,Williams,11,11,19,0,63,Finished
2020,13,Emilia Romagna Grand Prix,2020-11-01,imola,race,vettel,Sebastian Vettel,ferrari,Ferrari,12,12,14,0,63,Finished
2020,13,Emilia Romagna Grand Prix,2020-11-01,imola,race,stroll,Lance Stroll,racing_point,Racing Point,13,13,15,0,63,Finished
2020,13,Emilia Romagna Grand Prix,2020-11-01,imola,race,grosjean,Romain Grosjean,haas,Haas F1 Team,14,14,16,0,63,Finished
2020,13,Emilia Romagna Grand Prix,2020-11-01,imola,race,albon,Alexander Albon,red_bull,Red Bull,15,15,6,0,63,Finished
2020,13,Emilia Romagna Grand Prix,2020-11-01,imola,race,russell,George Russell,williams,Williams,16,R,13,0,51,Accident
2020,13,Emilia Romagna Grand Prix,2020-11-01,imola,race,max_verstappen,Max Verstappen,red_bull,Red Bull,17,R,3,0,50,Puncture
2020,13,Emilia Romagna Grand Prix,2020-11-01,imola,race,kevin_magnussen,Kevin Magnussen,haas,Haas F1 Team,18,R,17,0,47,Illness
2020,13,Emilia Romagna Grand Prix,2020-11-01,imola,race,ocon,Esteban Ocon,renault,Renault,19,R,12,0,27,Gearbox
2020,13,Emilia Romagna Grand Prix,2020-11-01,imola,race,gasly,Pierre Gasly,alphatauri,AlphaTauri,20,R,4,0,8,Water pressure
2020,14,Turkish Grand Prix,2020-11-15,istanbul,race,hamilton,Lewis Hamilton,mercedes,Mercedes,1,1,6,25,58,Finished
2020,14,Turkish Grand Prix,2020-11-15,istanbul,race,perez,Sergio Pérez,racing_point,Racing Point,2,2,3,18,58,Finished
2020,14,Turkish Grand Prix,2020-11-15,istanbul,race,vettel,Sebastian Vettel,ferrari,Ferrari,3,3,11,15,58,Finished
2020,14,Turkish Grand Prix,2020-11-15,istanbul,race,leclerc,Charles Leclerc,ferrari,Ferrari,4,4,12,12,58,Finished
2020,14,Turkish Grand Prix,2020-11-15,istanbul,race,sainz,Carlos Sainz,mclaren,McLaren,5,5,15,10,58,Finished
2020,14,Turkish Grand Prix,2020-11-15,istanbul,race,max_verstappen,Max Verstappen,red_bull,Red Bull,6,6,2,8,58,Finished
2020,14,Turkish Grand Prix,2020-11-15,istanbul,race,albon,Alexander Albon,red_bull,Red Bull,7,7,4,6,58,Finished
2020,14,Turkish Grand Prix,2020-11-15,istanbul,race,norris,Lando Norris,mclaren,McLaren,8,8,14,5,58,Finished
2020,14,Turkish Grand Prix,2020-11-15,istanbul,race,stroll,Lance Stroll,racing_point,Racing Point,9,9,1,2,58,Finished
2020,14,Turkish Grand Prix,2020-11-15,istanbul,race,ricciardo,Daniel Ricciardo,renault,Renault,10,10,5,1,58,Finished
2020,14,Turkish Grand Prix,2020-11-15,istanbul,race,ocon,Esteban Ocon,renault,Renault,11,11,7,0,57,+1 Lap
2020,14,Turkish Grand Prix,2020-11-15,istanbul,race,kvyat,Daniil Kvyat,alphatauri,AlphaTauri,12,12,16,0,57,+1 Lap
2020,14,Turkish Grand Prix,2020-11-15,istanbul,race,gasly,Pierre Gasly,alphatauri,AlphaTauri,13,13,19,0,57,+1 Lap
2020,14,Turkish Grand Prix,2020-11-15,istanbul,race,bottas,Valtteri Bottas,mercedes,Mercedes,14,14,9,0,57,+1 Lap
2020,14,Turkish Grand Prix,2020-11-15,istanbul,race,raikkonen,Kimi Räikkönen,alfa,Alfa Romeo,15,15,8,0,57,+1 Lap
2020,14,Turkish Grand Prix,2020-11-15,istanbul,race,russell,George Russell,williams,Williams,16,16,0,0,57,+1 Lap
2020,14,Turkish Grand Prix,2020-11-15,istanbul,race,kevin_magnussen,Kevin Magnussen,haas,Haas F1 Team,17,17,13,0,55,Withdrew
2020,14,Turkish Grand Prix,2020-11-15,istanbul,race,grosjean,Romain Grosjean,haas,Haas F1 Team,18,R,17,0,49,Collision damage
2020,14,Turkish Grand Prix,2020-11-15,istanbul,race,latifi,Nicholas Latifi,williams,Williams,19,R,0,0,39,Collision damage
2020,14,Turkish Grand Prix,2020-11-15,istanbul,race,giovinazzi,Antonio Giovinazzi,alfa,Alfa Romeo,20,R,10,0,11,Gearbox
2020,15,Bahrain Grand Prix,2020-11-29,bahrain,race,hamilton,Lewis Hamilton,mercedes,Mercedes,1,1,1,25,57,Finished
2020,15,Bahrain Grand Prix,2020-11-29,bahrain,race,max_verstappen,Max Verstappen,red_bull,Red Bull,2,2,3,19,57,Finished
2020,15,Bahrain Grand Prix,2020-11-29,bahrain,race,albon,Alexander Albon,red_bull,Red Bull,3,3,4,15,57,Finished
2020,15,Bahrain Grand Prix,2020-11-29,bahrain,race,norris,Lando Norris,mclaren,McLaren,4,4,9,12,57,Finished
2020,15,Bahrain Grand Prix,2020-11-29,bahrain,race,sainz,Carlos Sainz,mclaren,McLaren,5,5,15,10,57,Finished
2020,15,Bahrain Grand Prix,2020-11-29,bahrain,race,gasly,Pierre Gasly,alphatauri,AlphaTauri,6,6,8,8,57,Finished
2020,15,Bahrain Grand Prix,2020-11-29,bahrain,race,ricciardo,Daniel Ricciardo,renault,Renault,7,7,6,6,57,Finished
2020,15,Bahrain Grand Prix,2020-11-29,bahrain,race,bottas,Valtteri Bottas,mercedes,Mercedes,8,8,2,4,57,Finished
2020,15,Bahrain Grand Prix,2020-11-29,bahrain,race,ocon,Esteban Ocon,renault,Renault,9,9,7,2,57,Finished
2020,15,Bahrain Grand Prix,2020-11-29,bahrain,race,leclerc,Charles Leclerc,ferrari,Ferrari,10,10,12,1,56,+1 Lap
2020,15,Bahrain Grand Prix,2020-11-29,bahrain,race,kvyat,Daniil Kvyat,alphatauri,AlphaTauri,11,11,10,0,56,+1 Lap
2020,15,Bahrain Grand Prix,2020-11-29,bahrain,race,russell,George Russell,williams,Williams,12,12,14,0,56,+1 Lap
2020,15,Bahrain Grand Prix,2020-11-29,bahrain,race,vettel,Sebastian Vettel,ferrari,Ferrari,13,13,11,0,56,+1 Lap
2020,15,Bahrain Grand Prix,2020-11-29,bahrain,race,latifi,Nicholas Latifi,williams,Williams,14,14,20,0,56,+1 Lap
2020,15,Bahrain Grand Prix,2020-11-29,bahrain,race,raikkonen,Kimi Räikkönen,alfa,Alfa Romeo,15,15,17,0,56,+1 Lap
2020,15,Bahrain Grand Prix,2020-11-29,bahrain,race,giovinazzi,Antonio Giovinazzi,alfa,Alfa Romeo,16,16,16,0,56,+1 Lap
2020,15,Bahrain Grand Prix,2020-11-29,bahrain,race,kevin_magnussen,Kevin Magnussen,haas,Haas F1 Team,17,17,18,0,56,+1 Lap
2020,15,Bahrain Grand Prix,2020-11-29,bahrain,race,perez,Sergio Pérez,racing_point,Racing Point,18,18,5,0,53,Engine
2020,15,Bahrain Grand Prix,2020-11-29,bahrain,race,stroll,Lance Stroll,racing_point,Racing Point,19,R,13,0,2,Collision
2020,15,Bahrain Grand Prix,2020-11-29,bahrain,race,grosjean,Romain Grosjean,haas,Haas F1 Team,20,R,19,0,0,Collision
2020,16,Sakhir Grand Prix,2020-12-06,bahrain,race,perez,Sergio Pérez,racing_point,Racing Point,1,1,5,25,87,Finished
2020,16,Sakhir Grand Prix,2020-12-06,bahrain,race,ocon,Esteban Ocon,renault,Renault,2,2,11,18,87,Finished
2020,16,Sakhir Grand Prix,2020-12-06,bahrain,race,stroll,Lance Stroll,racing_point,Racing Point,3,3,10,15,87,Finished
2020,16,Sakhir Grand Prix,2020-12-06,bahrain,race,sainz,Carlos Sainz,mclaren,McLaren,4,4,8,12,87,Finished
2020,16,Sakhir Grand Prix,2020-12-06,bahrain,race,ricciardo,Daniel Ricciardo,renault,Renault,5,5,7,10,87,Finished
2020,16,Sakhir Grand Prix,2020-12-06,bahrain,race,albon,Alexander Albon,red_bull,Red Bull,6,6,12,8,87,Finished
2020,16,Sakhir Grand Prix,2020-12-06,bahrain,race,kvyat,Daniil Kvyat,alphatauri,AlphaTauri,7,7,6,6,87,Finished
2020,16,Sakhir Grand Prix,2020-12-06,bahrain,race,bottas,Valtteri Bottas,mercedes,Mercedes,8,8,1,4,87,Finished
2020,16,Sakhir Grand Prix,2020-12-06,bahrain,race,russell,George Russell,mercedes,Mercedes,9,9,2,3,87,Finished
2020,16,Sakhir Grand Prix,2020-12-06,bahrain,race,norris,Lando Norris,mclaren,McLaren,10,10,19,1,87,Finished
2020,16,Sakhir Grand Prix,2020-12-06,bahrain,race,gasly,Pierre Gasly,alphatauri,AlphaTauri,11,11,9,0,87,Finished
2020,16,Sakhir Grand Prix,2020-12-06,bahrain,race,vettel,Sebastian Vettel,ferrari,Ferrari,12,12,13,0,87,Finished
2020,16,Sakhir Grand Prix,2020-12-06,bahrain,race,giovinazzi,Antonio Giovinazzi,alfa,Alfa Romeo,13,13,14,0,87,Finished
2020,16,Sakhir Grand Prix,2020-12-06,bahrain,race,raikkonen,Kimi Räikkönen,alfa,Alfa Romeo,14,14,18,0,87,Finished
2020,16,Sakhir Grand Prix,2020-12-06,bahrain,race,kevin_magnussen,Kevin Magnussen,haas,Haas F1 Team,15,15,15,0,87,Finished
2020,16,Sakhir Grand Prix,2020-12-06,bahrain,race,aitken,Jack Aitken,williams,Williams,16,16,17,0,87,Finished
2020,16,Sakhir Grand Prix,2020-12-06,bahrain,race,pietro_fittipaldi,Pietro Fittipaldi,haas,Haas F1 Team,17,17,20,0,87,Finished
2020,16,Sakhir Grand Prix,2020-12-06,bahrain,race,latifi,Nicholas Latifi,williams,Williams,18,R,16,0,52,Engine
2020,16,Sakhir Grand Prix,2020-12-06,bahrain,race,max_verstappen,Max Verstappen,red_bull,Red Bull,19,R,3,0,0,Accident
2020,16,Sakhir Grand Prix,2020-12-06,bahrain,race,leclerc,Charles Leclerc,ferrari,Ferrari,20,R,4,0,0,Collision
2020,17,Abu Dhabi Grand Prix,2020-12-13,yas_marina,race,max_verstappen,Max Verstappen,red_bull,Red Bull,1,1,1,25,55,Finished
2020,17,Abu Dhabi Grand Prix,2020-12-13,yas_marina,race,bottas,Valtteri Bottas,mercedes,Mercedes,2,2,2,18,55,Finished
2020,17,Abu Dhabi Grand Prix,2020-12-13,yas_marina,race,hamilton,Lewis Hamilton,mercedes,Mercedes,3,3,3,15,55,Finished
2020,17,Abu Dhabi Grand Prix,2020-12-13,yas_marina,race,albon,Alexander Albon,red_bull,Red Bull,4,4,5,12,55,Finished
2020,17,Abu Dhabi Grand Prix,2020-12-13,yas_marina,race,norris,Lando Norris,mclaren,McLaren,5,5,4,10,55,Finished
2020,17,Abu Dhabi Grand Prix,2020-12-13,yas_marina,race,sainz,Carlos Sainz,mclaren,McLaren,6,6,6,8,55,Finished
2020,17,Abu Dhabi Grand Prix,2020-12-13,yas_marina,race,ricciardo,Daniel Ricciardo,renault,Renault,7,7,11,7,55,Finished
2020,17,Abu Dhabi Grand Prix,2020-12-13,yas_marina,race,gasly,Pierre Gasly,alphatauri,AlphaTauri,8,8,9,4,55,Finished
2020,17,Abu Dhabi Grand Prix,2020-12-13,yas_marina,race,ocon,Esteban Ocon,renault,Renault,9,9,10,2,55,Finished
2020,17,Abu Dhabi Grand Prix,2020-12-13,yas_marina,race,stroll,Lance Stroll,racing_point,Racing Point,10,10,8,1,55,Finished
2020,17,Abu Dhabi Grand Prix,2020-12-13,yas_marina,race,kvyat,Daniil Kvyat,alphatauri,AlphaTauri,11,11,7,0,54,+1 Lap
2020,17,Abu Dhabi Grand Prix,2020-12-13,yas_marina,race,raikkonen,Kimi Räikkönen,alfa,Alfa Romeo,12,12,15,0,54,+1 Lap
2020,17,Abu Dhabi Grand Prix,2020-12-13,yas_marina,race,leclerc,Charles Leclerc,ferrari,Ferrari,13,13,12,0,54,+1 Lap
2020,17,Abu Dhabi Grand Prix,2020-12-13,yas_marina,race,vettel,Sebastian Vettel,ferrari,Ferrari,14,14,13,0,54,+1 Lap
2020,17,Abu Dhabi Grand Prix,2020-12-13,yas_marina,race,russell,George Russell,williams,Williams,15,15,16,0,54,+1 Lap
2020,17,Abu Dhabi Grand Prix,2020-12-13,yas_marina,race,giovinazzi,Antonio Giovinazzi,alfa,Alfa Romeo,16,16,14,0,54,+1 Lap
2020,17,Abu Dhabi Grand Prix,2020-12-13,yas_marina,race,latifi,Nicholas Latifi,williams,Williams,17,17,18,0,54,+1 Lap
2020,17,Abu Dhabi Grand Prix,2020-12-13,yas_marina,race,kevin_magnussen,Kevin Magnussen,haas,Haas F1 Team,18,18,20,0,54,+1 Lap
2020,17,Abu Dhabi Grand Prix,2020-12-13,yas_marina,race,pietro_fittipaldi,Pietro Fittipaldi,haas,Haas F1 Team,19,19,17,0,53,+2 Laps
2020,17,Abu Dhabi Grand Prix,2020-12-13,yas_marina,race,perez,Sergio Pérez,racing_point,Racing Point,20,R,19,0,8,Transmission
2021,1,Bahrain Grand Prix,2021-03-28,bahrain,race,hamilton,Lewis Hamilton,mercedes,Mercedes,1,1,2,25,56,Finished
2021,1,Bahrain Grand Prix,2021-03-28,bahrain,race,max_verstappen,Max Verstappen,red_bull,Red Bull,2,2,1,18,56,Finished
2021,1,Bahrain Grand Prix,2021-03-28,bahrain,race,bottas,Valtteri Bottas,mercedes,Mercedes,3,3,3,16,56,Finished
2021,1,Bahrain Grand Prix,2021-03-28,bahrain,race,norris,Lando Norris,mclaren,McLaren,4,4,7,12,56,Finished
2021,1,Bahrain Grand Prix,2021-03-28,bahrain,race,perez,Sergio Pérez,red_bull,Red Bull,5,5,0,10,56,Finished
2021,1,Bahrain Grand Prix,2021-03-28,bahrain,race,leclerc,Charles Leclerc,ferrari,Ferrari,6,6,4,8,56,Finished
2021,1,Bahrain Grand Prix,2021-03-28,bahrain,race,ricciardo,Daniel Ricciardo,mclaren,McLaren,7,7,6,6,56,Finished
2021,1,Bahrain Grand Prix,2021-03-28,bahrain,race,sainz,Carlos Sainz,ferrari,Ferrari,8,8,8,4,56,Finished
2021,1,Bahrain Grand Prix,2021-03-28,bahrain,race,tsunoda,Yuki Tsunoda,alphatauri,AlphaTauri,9,9,13,2,56,Finished
2021,1,Bahrain Grand Prix,2021-03-28,bahrain,race,stroll,Lance Stroll,aston_martin,Aston Martin,10,10,10,1,56,Finished
2021,1,Bahrain Grand Prix,2021-03-28,bahrain,race,raikkonen,Kimi Räikkönen,alfa,Alfa Romeo,11,11,14,0,56,Finished
2021,1,Bahrain Grand Prix,2021-03-28,bahrain,race,giovinazzi,Antonio Giovinazzi,alfa,Alfa Romeo,12,12,12,0,55,+1 Lap
2021,1,Bahrain Grand Prix,2021-03-28,bahrain,race,ocon,Esteban Ocon,alpine,Alpine F1 Team,13,13,16,0,55,+1 Lap
2021,1,Bahrain Grand Prix,2021-03-28,bahrain,race,russell,George Russell,williams,Williams,14,14,15,0,55,+1 Lap
2021,1,Bahrain Grand Prix,2021-03-28,bahrain,race,vettel,Sebastian Vettel,aston_martin,Aston Martin,15,15,20,0,55,+1 Lap
2021,1,Bahrain Grand Prix,2021-03-28,bahrain,race,mick_schumacher,Mick Schumacher,haas,Haas F1 Team,16,16,18,0,55,+1 Lap
2021,1,Bahrain Grand Prix,2021-03-28,bahrain,race,gasly,Pierre Gasly,alphatauri,AlphaTauri,17,17,5,0,52,Retired
2021,1,Bahrain Grand Prix,2021-03-28,bahrain,race,latifi,Nicholas Latifi,williams,Williams,18,18,17,0,51,Retired
2021,1,Bahrain Grand Prix,2021-03-28,bahrain,race,alonso,Fernando Alonso,alpine,Alpine F1 Team,19,R,9,0,32,Brakes
2021,1,Bahrain Grand Prix,2021-03-28,bahrain,race,mazepin,Nikita Mazepin,haas,Haas F1 Team,20,R,19,0,0,Accident
2021,2,Emilia Romagna Grand Prix,2021-04-18,imola,race,max_verstappen,Max Verstappen,red_bull,Red Bull,1,1,3,25,63,Finished
2021,2,Emilia Romagna Grand Prix,2021-04-18,imola,race,hamilton,Lewis Hamilton,mercedes,Mercedes,2,2,1,19,63,Finished
2021,2,Emilia Romagna Grand Prix,2021-04-18,imola,race,norris,Lando Norris,mclaren,McLaren,3,3,7,15,63,Finished
2021,2,Emilia Romagna Grand Prix,2021-04-18,imola,race,leclerc,Charles Leclerc,ferrari,Ferrari,4,4,4,12,63,Finished
2021,2,Emilia Romagna Grand Prix,2021-04-18,imola,race,sainz,Carlos Sainz,ferrari,Ferrari,5,5,11,10,63,Finished
2021,2,Emilia Romagna Grand Prix,2021-04-18,imola,race,ricciardo,Daniel Ricciardo,mclaren,McLaren,6,6,6,8,63,Finished
2021,2,Emilia Romagna Grand Prix,2021-04-18,imola,race,gasly,Pierre Gasly,alphatauri,AlphaTauri,7,7,5,6,63,Finished
2021,2,Emilia Romagna Grand Prix,2021-04-18,imola,race,stroll,Lance Stroll,aston_martin,Aston Martin,8,8,10,4,63,Finished
2021,2,Emilia Romagna Grand Prix,2021-04-18,imola,race,ocon,Esteban Ocon,alpine,Alpine F1 Team,9,9,9,2,63,Finished
2021,2,Emilia Romagna Grand Prix,2021-04-18,imola,race,alonso,Fernando Alonso,alpine,Alpine F1 Team,10,10,15,1,63,Finished
2021,2,Emilia Romagna Grand Prix,2021-04-18,imola,race,perez,Sergio Pérez,red_bull,Red Bull,11,11,2,0,63,Finished
2021,2,Emilia Romagna Grand Prix,2021-04-18,imola,race,tsunoda,Yuki Tsunoda,alphatauri,AlphaTauri,12,12,20,0,63,Finished
2021,2,Emilia Romagna Grand Prix,2021-04-18,imola,race,raikkonen,Kimi Räikkönen,alfa,Alfa Romeo,13,13,16,0,63,Finished
2021,2,Emilia Romagna Grand Prix,2021-04-18,imola,race,giovinazzi,Antonio Giovinazzi,alfa,Alfa Romeo,14,14,17,0,62,+1 Lap
2021,2,Emilia Romagna Grand Prix,2021-04-18,imola,race,vettel,Sebastian Vettel,aston_martin,Aston Martin,15,15,0,0,61,Gearbox
2021,2,Emilia Romagna Grand Prix,2021-04-18,imola,race,mick_schumacher,Mick Schumacher,haas,Haas F1 Team,16,16,18,0,61,+2 Laps
2021,2,Emilia Romagna Grand Prix,2021-04-18,imola,race,mazepin,Nikita Mazepin,haas,Haas F1 Team,17,17,19,0,61,+2 Laps
2021,2,Emilia Romagna Grand Prix,2021-04-18,imola,race,bottas,Valtteri Bottas,mercedes,Mercedes,18,R,8,0,30,Collision
2021,2,Emilia Romagna Grand Prix,2021-04-18,imola,race,russell,George Russell,williams,Williams,19,R,12,0,30,Collision
2021,2,Emilia Romagna Grand Prix,2021-04-18,imola,race,latifi,Nicholas Latifi,williams,Williams,20,R,14,0,0,Collision
2021,3,Portuguese Grand Prix,2021-05-02,portimao,race,hamilton,Lewis Hamilton,mercedes,Mercedes,1,1,2,25,66,Finished
2021,3,Portuguese Grand Prix,2021-05-02,portimao,race,max_verstappen,Max Verstappen,red_bull,Red Bull,2,2,3,18,66,Finished
2021,3,Portuguese Grand Prix,2021-05-02,portimao,race,bottas,Valtteri Bottas,mercedes,Mercedes,3,3,1,16,66,Finished
2021,3,Portuguese Grand Prix,2021-05-02,portimao,race,perez,Sergio Pérez,red_bull,Red Bull,4,4,4,12,66,Finished
2021,3,Portuguese Grand Prix,2021-05-02,portimao,race,norris,Lando Norris,mclaren,McLaren,5,5,7,10,66,Finished
2021,3,Portuguese Grand Prix,2021-05-02,portimao,race,leclerc,Charles Leclerc,ferrari,Ferrari,6,6,8,8,66,Finished
2021,3,Portuguese Grand Prix,2021-05-02,portimao,race,ocon,Esteban Ocon,alpine,Alpine F1 Team,7,7,6,6,66,Finished
2021,3,Portuguese Grand Prix,2021-05-02,portimao,race,alonso,Fernando Alonso,alpine,Alpine F1 Team,8,8,13,4,66,Finished
2021,3,Portuguese Grand Prix,2021-05-02,portimao,race,ricciardo,Daniel Ricciardo,mclaren,McLaren,9,9,16,2,66,Finished
2021,3,Portuguese Grand Prix,2021-05-02,portimao,race,gasly,Pierre Gasly,alphatauri,AlphaTauri,10,10,9,1,66,Finished
2021,3,Portuguese Grand Prix,2021-05-02,portimao,race,sainz,Carlos Sainz,ferrari,Ferrari,11,11,5,0,66,Finished
2021,3,Portuguese Grand Prix,2021-05-02,portimao,race,giovinazzi,Antonio Giovinazzi,alfa,Alfa Romeo,12,12,12,0,65,+1 Lap
2021,3,Portuguese Grand Prix,2021-05-02,portimao,race,vettel,Sebastian Vettel,aston_martin,Aston Martin,13,13,10,0,65,+1 Lap
2021,3,Portuguese Grand Prix,2021-05-02,portimao,race,stroll,Lance Stroll,aston_martin,Aston Martin,14,14,17,0,65,+1 Lap
2021,3,Portuguese Grand Prix,2021-05-02,portimao,race,tsunoda,Yuki Tsunoda,alphatauri,AlphaTauri,15,15,14,0,65,+1 Lap
2021,3,Portuguese Grand Prix,2021-05-02,portimao,race,russell,George Russell,williams,Williams,16,16,11,0,65,+1 Lap
2021,3,Portuguese Grand Prix,2021-05-02,portimao,race,mick_schumacher,Mick Schumacher,haas,Haas F1 Team,17,17,19,0,64,+2 Laps
2021,3,Portuguese Grand Prix,2021-05-02,portimao,race,latifi,Nicholas Latifi,williams,Williams,18,18,18,0,64,+2 Laps
2021,3,Portuguese Grand Prix,2021-05-02,portimao,race,mazepin,Nikita Mazepin,haas,Haas F1 Team,19,19,20,0,64,+2 Laps
2021,3,Portuguese Grand Prix,2021-05-02,portimao,race,raikkonen,Kimi Räikkönen,alfa,Alfa Romeo,20,R,15,0,1,Collision damage
2021,4,Spanish Grand Prix,2021-05-09,catalunya,race,hamilton,Lewis Hamilton,mercedes,Mercedes,1,1,1,25,66,Finished
2021,4,Spanish Grand Prix,2021-05-09,catalunya,race,max_verstappen,Max Verstappen,red_bull,Red Bull,2,2,2,19,66,Finished
2021,4,Spanish Grand Prix,2021-05-09,catalunya,race,bottas,Valtteri Bottas,mercedes,Mercedes,3,3,3,15,66,Finished
2021,4,Spanish Grand Prix,2021-05-09,catalunya,race,leclerc,Charles Leclerc,ferrari,Ferrari,4,4,4,12,66,Finished
2021,4,Spanish Grand Prix,2021-05-09,catalunya,race,perez,Sergio Pérez,red_bull,Red Bull,5,5,8,10,66,Finished
2021,4,Spanish Grand Prix,2021-05-09,catalunya,race,ricciardo,Daniel Ricciardo,mclaren,McLaren,6,6,7,8,66,Finished
2021,4,Spanish Grand Prix,2021-05-09,catalunya,race,sainz,Carlos Sainz,ferrari,Ferrari,7,7,6,6,66,Finished
2021,4,Spanish Grand Prix,2021-05-09,catalunya,race,norris,Lando Norris,mclaren,McLaren,8,8,9,4,65,+1 Lap
2021,4,Spanish Grand Prix,2021-05-09,catalunya,race,ocon,Esteban Ocon,alpine,Alpine F1 Team,9,9,5,2,65,+1 Lap
2021,4,Spanish Grand Prix,2021-05-09,catalunya,race,gasly,Pierre Gasly,alphatauri,AlphaTauri,10,10,12,1,65,+1 Lap
2021,4,Spanish Grand Prix,2021-05-09,catalunya,race,stroll,Lance Stroll,aston_martin,Aston Martin,11,11,11,0,65,+1 Lap
2021,4,Spanish Grand Prix,2021-05-09,catalunya,race,raikkonen,Kimi Räikkönen,alfa,Alfa Romeo,12,12,17,0,65,+1 Lap
2021,4,Spanish Grand Prix,2021-05-09,catalunya,race,vettel,Sebastian Vettel,aston_martin,Aston Martin,13,13,13,0,65,+1 Lap
2021,4,Spanish Grand Prix,2021-05-09,catalunya,race,russell,George Russell,williams,Williams,14,14,15,0,65,+1 Lap
2021,4,Spanish Grand Prix,2021-05-09,catalunya,race,giovinazzi,Antonio Giovinazzi,alfa,Alfa Romeo,15,15,14,0,65,+1 Lap
2021,4,Spanish Grand Prix,2021-05-09,catalunya,race,latifi,Nicholas Latifi,williams,Williams,16,16,19,0,65,+1 Lap
2021,4,Spanish Grand Prix,2021-05-09,catalunya,race,alonso,Fernando Alonso,alpine,Alpine F1 Team,17,17,10,0,65,+1 Lap
2021,4,Spanish Grand Prix,2021-05-09,catalunya,race,mick_schumacher,Mick Schumacher,haas,Haas F1 Team,18,18,18,0,64,+2 Laps
2021,4,Spanish Grand Prix,2021-05-09,catalunya,race,mazepin,Nikita Mazepin,haas,Haas F1 Team,19,19,20,0,64,+2 Laps
2021,4,Spanish Grand Prix,2021-05-09,catalunya,race,tsunoda,Yuki Tsunoda,alphatauri,AlphaTauri,20,R,16,0,6,Electrical
2021,5,Monaco Grand Prix,2021-05-23,monaco,race,max_verstappen,Max Verstappen,red_bull,Red Bull,1,1,2,25,78,Finished
2021,5,Monaco Grand Prix,2021-05-23,monaco,race,sainz,Carlos Sainz,ferrari,Ferrari,2,2,4,18,78,Finished
2021,5,Monaco Grand Prix,2021-05-23,monaco,race,norris,Lando Norris,mclaren,McLaren,3,3,5,15,78,Finished
2021,5,Monaco Grand Prix,2021-05-23,monaco,race,perez,Sergio Pérez,red_bull,Red Bull,4,4,9,12,78,Finished
2021,5,Monaco Grand Prix,2021-05-23,monaco,race,vettel,Sebastian Vettel,aston_martin,Aston Martin,5,5,8,10,78,Finished
2021,5,Monaco Grand Prix,2021-05-23,monaco,race,gasly,Pierre Gasly,alphatauri,AlphaTauri,6,6,6,8,78,Finished
2021,5,Monaco Grand Prix,2021-05-23,monaco,race,hamilton,Lewis Hamilton,mercedes,Mercedes,7,7,7,7,78,Finished
2021,5,Monaco Grand Prix,2021-05-23,monaco,race,stroll,Lance Stroll,aston_martin,Aston Martin,8,8,13,4,77,+1 Lap
2021,5,Monaco Grand Prix,2021-05-23,monaco,race,ocon,Esteban Ocon,alpine,Alpine F1 Team,9,9,11,2,77,+1 Lap
2021,5,Monaco Grand Prix,2021-05-23,monaco,race,giovinazzi,Antonio Giovinazzi,alfa,Alfa Romeo,10,10,10,1,77,+1 Lap
2021,5,Monaco Grand Prix,2021-05-23,monaco,race,raikkonen,Kimi Räikkönen,alfa,Alfa Romeo,11,11,14,0,77,+1 Lap
2021,5,Monaco Grand Prix,2021-05-23,monaco,race,ricciardo,Daniel Ricciardo,mclaren,McLaren,12,12,12,0,77,+1 Lap
2021,5,Monaco Grand Prix,2021-05-23,monaco,race,alonso,Fernando Alonso,alpine,Alpine F1 Team,13,13,17,0,77,+1 Lap
2021,5,Monaco Grand Prix,2021-05-23,monaco,race,russell,George Russell,williams,Williams,14,14,15,0,77,+1 Lap
2021,5,Monaco Grand Prix,2021-05-23,monaco,race,latifi,Nicholas Latifi,williams,Williams,15,15,18,0,77,+1 Lap
2021,5,Monaco Grand Prix,2021-05-23,monaco,race,tsunoda,Yuki Tsunoda,alphatauri,AlphaTauri,16,16,16,0,77,+1 Lap
2021,5,Monaco Grand Prix,2021-05-23,monaco,race,mazepin,Nikita Mazepin,haas,Haas F1 Team,17,17,19,0,75,+3 Laps
2021,5,Monaco Grand Prix,2021-05-23,monaco,race,mick_schumacher,Mick Schumacher,haas,Haas F1 Team,18,18,20,0,75,+3 Laps
2021,5,Monaco Grand Prix,2021-05-23,monaco,race,bottas,Valtteri Bottas,mercedes,Mercedes,19,R,3,0,29,Wheel nut
2021,5,Monaco Grand Prix,2021-05-23,monaco,race,leclerc,Charles Leclerc,ferrari,Ferrari,20,W,1,0,0,Driveshaft
2021,6,Azerbaijan Grand Prix,2021-06-06,baku,race,perez,Sergio Pérez,red_bull,Red Bull,1,1,6,25,51,Finished
2021,6,Azerbaijan Grand Prix,2021-06-06,baku,race,vettel,Sebastian Vettel,aston_martin,Aston Martin,2,2,11,18,51,Finished
2021,6,Azerbaijan Grand Prix,2021-06-06,baku,race,gasly,Pierre Gasly,alphatauri,AlphaTauri,3,3,4,15,51,Finished
2021,6,Azerbaijan Grand Prix,2021-06-06,baku,race,leclerc,Charles Leclerc,ferrari,Ferrari,4,4,1,12,51,Finished
2021,6,Azerbaijan Grand Prix,2021-06-06,baku,race,norris,Lando Norris,mclaren,McLaren,5,5,9,10,51,Finished
2021,6,Azerbaijan Grand Prix,2021-06-06,baku,race,alonso,Fernando Alonso,alpine,Alpine F1 Team,6,6,8,8,51,Finished
2021,6,Azerbaijan Grand Prix,2021-06-06,baku,race,tsunoda,Yuki Tsunoda,alphatauri,AlphaTauri,7,7,7,6,51,Finished
2021,6,Azerbaijan Grand Prix,2021-06-06,baku,race,sainz,Carlos Sainz,ferrari,Ferrari,8,8,5,4,51,Finished
2021,6,Azerbaijan Grand Prix,2021-06-06,baku,race,ricciardo,Daniel Ricciardo,mclaren,McLaren,9,9,13,2,51,Finished
2021,6,Azerbaijan Grand Prix,2021-06-06,baku,race,raikkonen,Kimi Räikkönen,alfa,Alfa Romeo,10,10,14,1,51,Finished
2021,6,Azerbaijan Grand Prix,2021-06-06,baku,race,giovinazzi,Antonio Giovinazzi,alfa,Alfa Romeo,11,11,20,0,51,Finished
2021,6,Azerbaijan Grand Prix,2021-06-06,baku,race,bottas,Valtteri Bottas,mercedes,Mercedes,12,12,10,0,51,Finished
2021,6,Azerbaijan Grand Prix,2021-06-06,baku,race,mick_schumacher,Mick Schumacher,haas,Haas F1 Team,13,13,17,0,51,Finished
2021,6,Azerbaijan Grand Prix,2021-06-06,baku,race,mazepin,Nikita Mazepin,haas,Haas F1 Team,14,14,18,0,51,Finished
2021,6,Azerbaijan Grand Prix,2021-06-06,baku,race,hamilton,Lewis Hamilton,mercedes,Mercedes,15,15,2,0,51,Finished
2021,6,Azerbaijan Grand Prix,2021-06-06,baku,race,latifi,Nicholas Latifi,williams,Williams,16,16,16,0,51,Finished
2021,6,Azerbaijan Grand Prix,2021-06-06,baku,race,russell,George Russell,williams,Williams,17,R,15,0,48,Gearbox
2021,6,Azerbaijan Grand Prix,2021-06-06,baku,race,max_verstappen,Max Verstappen,red_bull,Red Bull,18,R,3,0,45,Accident
2021,6,Azerbaijan Grand Prix,2021-06-06,baku,race,stroll,Lance Stroll,aston_martin,Aston Martin,19,R,19,0,29,Accident
2021,6,Azerbaijan Grand Prix,2021-06-06,baku,race,ocon,Esteban Ocon,alpine,Alpine F1 Team,20,R,12,0,3,Turbo
2021,7,French Grand Prix,2021-06-20,ricard,race,max_verstappen,Max Verstappen,red_bull,Red Bull,1,1,1,26,53,Finished
2021,7,French Grand Prix,2021-06-20,ricard,race,hamilton,Lewis Hamilton,mercedes,Mercedes,2,2,2,18,53,Finished
2021,7,French Grand Prix,2021-06-20,ricard,race,perez,Sergio Pérez,red_bull,Red Bull,3,3,4,15,53,Finished
2021,7,French Grand Prix,2021-06-20,ricard,race,bottas,Valtteri Bottas,mercedes,Mercedes,4,4,3,12,53,Finished
2021,7,French Grand Prix,2021-06-20,ricard,race,norris,Lando Norris,mclaren,McLaren,5,5,8,10,53,Finished
2021,7,French Grand Prix,2021-06-20,ricard,race,ricciardo,Daniel Ricciardo,mclaren,McLaren,6,6,10,8,53,Finished
2021,7,French Grand Prix,2021-06-20,ricard,race,gasly,Pierre Gasly,alphatauri,AlphaTauri,7,7,6,6,53,Finished
2021,7,French Grand Prix,2021-06-20,ricard,race,alonso,Fernando Alonso,alpine,Alpine F1 Team,8,8,9,4,53,Finished
2021,7,French Grand Prix,2021-06-20,ricard,race,vettel,Sebastian Vettel,aston_martin,Aston Martin,9,9,12,2,53,Finished
2021,7,French Grand Prix,2021-06-20,ricard,race,stroll,Lance Stroll,aston_martin,Aston Martin,10,10,19,1,53,Finished
2021,7,French Grand Prix,2021-06-20,ricard,race,sainz,Carlos Sainz,ferrari,Ferrari,11,11,5,0,53,Finished
2021,7,French Grand Prix,2021-06-20,ricard,race,russell,George Russell,williams,Williams,12,12,14,0,52,+1 Lap
2021,7,French Grand Prix,2021-06-20,ricard,race,tsunoda,Yuki Tsunoda,alphatauri,AlphaTauri,13,13,0,0,52,+1 Lap
2021,7,French Grand Prix,2021-06-20,ricard,race,ocon,Esteban Ocon,alpine,Alpine F1 Team,14,14,11,0,52,+1 Lap
2021,7,French Grand Prix,2021-06-20,ricard,race,giovinazzi,Antonio Giovinazzi,alfa,Alfa Romeo,15,15,13,0,52,+1 Lap
2021,7,French Grand Prix,2021-06-20,ricard,race,leclerc,Charles Leclerc,ferrari,Ferrari,16,16,7,0,52,+1 Lap
2021,7,French Grand Prix,2021-06-20,ricard,race,raikkonen,Kimi Räikkönen,alfa,Alfa Romeo,17,17,17,0,52,+1 Lap
2021,7,French Grand Prix,2021-06-20,ricard,race,latifi,Nicholas Latifi,williams,Williams,18,18,16,0,52,+1 Lap
2021,7,French Grand Prix,2021-06-20,ricard,race,mick_schumacher,Mick Schumacher,haas,Haas F1 Team,19,19,15,0,52,+1 Lap
2021,7,French Grand Prix,2021-06-20,ricard,race,mazepin,Nikita Mazepin,haas,Haas F1 Team,20,20,18,0,52,+1 Lap
2021,8,Styrian Grand Prix,2021-06-27,red_bull_ring,race,max_verstappen,Max Verstappen,red_bull,Red Bull,1,1,1,25,71,Finished
2021,8,Styrian Grand Prix,2021-06-27,red_bull_ring,race,hamilton,Lewis Hamilton,mercedes,Mercedes,2,2,2,19,71,Finished
2021,8,Styrian Grand Prix,2021-06-27,red_bull_ring,race,bottas,Valtteri Bottas,mercedes,Mercedes,3,3,5,15,71,Finished
2021,8,Styrian Grand Prix,2021-06-27,red_bull_ring,race,perez,Sergio Pérez,red_bull,Red Bull,4,4,4,12,71,Finished
2021,8,Styrian Grand Prix,2021-06-27,red_bull_ring,race,norris,Lando Norris,mclaren,McLaren,5,5,3,10,70,+1 Lap
2021,8,Styrian Grand Prix,2021-06-27,red_bull_ring,race,sainz,Carlos Sainz,ferrari,Ferrari,6,6,12,8,70,+1 Lap
2021,8,Styrian Grand Prix,2021-06-27,red_bull_ring,race,leclerc,Charles Leclerc,ferrari,Ferrari,7,7,7,6,70,+1 Lap
2021,8,Styrian Grand Prix,2021-06-27,red_bull_ring,race,stroll,Lance Stroll,aston_martin,Aston Martin,8,8,9,4,70,+1 Lap
2021,8,Styrian Grand Prix,2021-06-27,red_bull_ring,race,alonso,Fernando Alonso,alpine,Alpine F1 Team,9,9,8,2,70,+1 Lap
2021,8,Styrian Grand Prix,2021-06-27,red_bull_ring,race,tsunoda,Yuki Tsunoda,alphatauri,AlphaTauri,10,10,11,1,70,+1 Lap
2021,8,Styrian Grand Prix,2021-06-27,red_bull_ring,race,raikkonen,Kimi Räikkönen,alfa,Alfa Romeo,11,11,18,0,70,+1 Lap
2021,8,Styrian Grand Prix,2021-06-27,red_bull_ring,race,vettel,Sebastian Vettel,aston_martin,Aston Martin,12,12,14,0,70,+1 Lap
2021,8,Styrian Grand Prix,2021-06-27,red_bull_ring,race,ricciardo,Daniel Ricciardo,mclaren,McLaren,13,13,13,0,70,+1 Lap
2021,8,Styrian Grand Prix,2021-06-27,red_bull_ring,race,ocon,Esteban Ocon,alpine,Alpine F1 Team,14,14,17,0,70,+1 Lap
2021,8,Styrian Grand Prix,2021-06-27,red_bull_ring,race,giovinazzi,Antonio Giovinazzi,alfa,Alfa Romeo,15,15,15,0,70,+1 Lap
2021,8,Styrian Grand Prix,2021-06-27,red_bull_ring,race,mick_schumacher,Mick Schumacher,haas,Haas F1 Team,16,16,19,0,69,+2 Laps
2021,8,Styrian Grand Prix,2021-06-27,red_bull_ring,race,latifi,Nicholas Latifi,williams,Williams,17,17,16,0,68,+3 Laps
2021,8,Styrian Grand Prix,2021-06-27,red_bull_ring,race,mazepin,Nikita Mazepin,haas,Haas F1 Team,18,18,20,0,68,+3 Laps
2021,8,Styrian Grand Prix,2021-06-27,red_bull_ring,race,russell,George Russell,williams,Williams,19,R,10,0,36,Engine
2021,8,Styrian Grand Prix,2021-06-27,red_bull_ring,race,gasly,Pierre Gasly,alphatauri,AlphaTauri,20,R,6,0,1,Collision
2021,9,Austrian Grand Prix,2021-07-04,red_bull_ring,race,max_verstappen,Max Verstappen,red_bull,Red Bull,1,1,1,26,71,Finished
2021,9,Austrian Grand Prix,2021-07-04,red_bull_ring,race,bottas,Valtteri Bottas,mercedes,Mercedes,2,2,5,18,71,Finished
2021,9,Austrian Grand Prix,2021-07-04,red_bull_ring,race,norris,Lando Norris,mclaren,McLaren,3,3,2,15,71,Finished
2021,9,Austrian Grand Prix,2021-07-04,red_bull_ring,race,hamilton,Lewis Hamilton,mercedes,Mercedes,4,4,4,12,71,Finished
2021,9,Austrian Grand Prix,2021-07-04,red_bull_ring,race,sainz,Carlos Sainz,ferrari,Ferrari,5,5,10,10,71,Finished
2021,9,Austrian Grand Prix,2021-07-04,red_bull_ring,race,perez,Sergio Pérez,red_bull,Red Bull,6,6,3,8,71,Finished
2021,9,Austrian Grand Prix,2021-07-04,red_bull_ring,race,ricciardo,Daniel Ricciardo,mclaren,McLaren,7,7,13,6,71,Finished
2021,9,Austrian Grand Prix,2021-07-04,red_bull_ring,race,leclerc,Charles Leclerc,ferrari,Ferrari,8,8,12,4,71,Finished
2021,9,Austrian Grand Prix,2021-07-04,red_bull_ring,race,gasly,Pierre Gasly,alphatauri,AlphaTauri,9,9,6,2,71,Finished
2021,9,Austrian Grand Prix,2021-07-04,red_bull_ring,race,alonso,Fernando Alonso,alpine,Alpine F1 Team,10,10,14,1,70,+1 Lap
2021,9,Austrian Grand Prix,2021-07-04,red_bull_ring,race,russell,George Russell,williams,Williams,11,11,8,0,70,+1 Lap
2021,9,Austrian Grand Prix,2021-07-04,red_bull_ring,race,tsunoda,Yuki Tsunoda,alphatauri,AlphaTauri,12,12,7,0,70,+1 Lap
2021,9,Austrian Grand Prix,2021-07-04,red_bull_ring,race,stroll,Lance Stroll,aston_martin,Aston Martin,13,13,9,0,70,+1 Lap
2021,9,Austrian Grand Prix,2021-07-04,red_bull_ring,race,giovinazzi,Antonio Giovinazzi,alfa,Alfa Romeo,14,14,15,0,70,+1 Lap
2021,9,Austrian Grand Prix,2021-07-04,red_bull_ring,race,raikkonen,Kimi Räikkönen,alfa,Alfa Romeo,15,15,16,0,70,+1 Lap
2021,9,Austrian Grand Prix,2021-07-04,red_bull_ring,race,latifi,Nicholas Latifi,williams,Williams,16,16,18,0,70,+1 Lap
2021,9,Austrian Grand Prix,2021-07-04,red_bull_ring,race,vettel,Sebastian Vettel,aston_martin,Aston Martin,17,17,11,0,69,Collision
2021,9,Austrian Grand Prix,2021-07-04,red_bull_ring,race,mick_schumacher,Mick Schumacher,haas,Haas F1 Team,18,18,19,0,69,+2 Laps
2021,9,Austrian Grand Prix,2021-07-04,red_bull_ring,race,mazepin,Nikita Mazepin,haas,Haas F1 Team,19,19,20,0,69,+2 Laps
2021,9,Austrian Grand Prix,2021-07-04,red_bull_ring,race,ocon,Esteban Ocon,alpine,Alpine F1 Team,20,R,17,0,0,Collision
2021,10,British Grand Prix,2021-07-18,silverstone,race,hamilton,Lewis Hamilton,mercedes,Mercedes,1,1,2,25,52,Finished
2021,10,British Grand Prix,2021-07-18,silverstone,race,leclerc,Charles Leclerc,ferrari,Ferrari,2,2,4,18,52,Finished
2021,10,British Grand Prix,2021-07-18,silverstone,race,bottas,Valtteri Bottas,mercedes,Mercedes,3,3,3,15,52,Finished
2021,10,British Grand Prix,2021-07-18,silverstone,race,norris,Lando Norris,mclaren,McLaren,4,4,5,12,52,Finished
2021,10,British Grand Prix,2021-07-18,silverstone,race,ricciardo,Daniel Ricciardo,mclaren,McLaren,5,5,6,10,52,Finished
2021,10,British Grand Prix,2021-07-18,silverstone,race,sainz,Carlos Sainz,ferrari,Ferrari,6,6,10,8,52,Finished
2021,10,British Grand Prix,2021-07-18,silverstone,race,alonso,Fernando Alonso,alpine,Alpine F1 Team,7,7,7,6,52,Finished
2021,10,British Grand Prix,2021-07-18,silverstone,race,stroll,Lance Stroll,aston_martin,Aston Martin,8,8,14,4,52,Finished
2021,10,British Grand Prix,2021-07-18,silverstone,race,ocon,Esteban Ocon,alpine,Alpine F1 Team,9,9,9,2,52,Finished
2021,10,British Grand Prix,2021-07-18,silverstone,race,tsunoda,Yuki Tsunoda,alphatauri,AlphaTauri,10,10,16,1,52,Finished
2021,10,British Grand Prix,2021-07-18,silverstone,race,gasly,Pierre Gasly,alphatauri,AlphaTauri,11,11,11,0,52,Finished
2021,10,British Grand Prix,2021-07-18,silverstone,race,russell,George Russell,williams,Williams,12,12,12,0,51,+1 Lap
2021,10,British Grand Prix,2021-07-18,silverstone,race,giovinazzi,Antonio Giovinazzi,alfa,Alfa Romeo,13,13,15,0,51,+1 Lap
2021,10,British Grand Prix,2021-07-18,silverstone,race,latifi,Nicholas Latifi,williams,Williams,14,14,17,0,51,+1 Lap
2021,10,British Grand Prix,2021-07-18,silverstone,race,raikkonen,Kimi Räikkönen,alfa,Alfa Romeo,15,15,13,0,51,+1 Lap
2021,10,British Grand Prix,2021-07-18,silverstone,race,perez,Sergio Pérez,red_bull,Red Bull,16,16,0,0,51,+1 Lap
2021,10,British Grand Prix,2021-07-18,silverstone,race,mazepin,Nikita Mazepin,haas,Haas F1 Team,17,17,19,0,51,+1 Lap
2021,10,British Grand Prix,2021-07-18,silverstone,race,mick_schumacher,Mick Schumacher,haas,Haas F1 Team,18,18,18,0,51,+1 Lap
2021,10,British Grand Prix,2021-07-18,silverstone,race,vettel,Sebastian Vettel,aston_martin,Aston Martin,19,R,8,0,40,Retired
2021,10,British Grand Prix,2021-07-18,silverstone,race,max_verstappen,Max Verstappen,red_bull,Red Bull,20,R,1,0,0,Collision
2021,11,Hungarian Grand Prix,2021-08-01,hungaroring,race,ocon,Esteban Ocon,alpine,Alpine F1 Team,1,1,8,25,70,Finished
2021,11,Hungarian Grand Prix,2021-08-01,hungaroring,race,hamilton,Lewis Hamilton,mercedes,Mercedes,2,2,1,18,70,Finished
2021,11,Hungarian Grand Prix,2021-08-01,hungaroring,race,sainz,Carlos Sainz,ferrari,Ferrari,3,3,15,15,70,Finished
2021,11,Hungarian Grand Prix,2021-08-01,hungaroring,race,alonso,Fernando Alonso,alpine,Alpine F1 Team,4,4,9,12,70,Finished
2021,11,Hungarian Grand Prix,2021-08-01,hungaroring,race,gasly,Pierre Gasly,alphatauri,AlphaTauri,5,5,5,11,70,Finished
2021,11,Hungarian Grand Prix,2021-08-01,hungaroring,race,tsunoda,Yuki Tsunoda,alphatauri,AlphaTauri,6,6,16,8,70,Finished
2021,11,Hungarian Grand Prix,2021-08-01,hungaroring,race,latifi,Nicholas Latifi,williams,Williams,7,7,18,6,70,Finished
2021,11,Hungarian Grand Prix,2021-08-01,hungaroring,race,russell,George Russell,williams,Williams,8,8,17,4,70,Finished
2021,11,Hungarian Grand Prix,2021-08-01,hungaroring,race,max_verstappen,Max Verstappen,red_bull,Red Bull,9,9,3,2,70,Finished
2021,11,Hungarian Grand Prix,2021-08-01,hungaroring,race,raikkonen,Kimi Räikkönen,alfa,Alfa Romeo,10,10,13,1,69,+1 Lap
2021,11,Hungarian Grand Prix,2021-08-01,hungaroring,race,ricciardo,Daniel Ricciardo,mclaren,McLaren,11,11,11,0,69,+1 Lap
2021,11,Hungarian Grand Prix,2021-08-01,hungaroring,race,mick_schumacher,Mick Schumacher,haas,Haas F1 Team,12,12,20,0,69,+1 Lap
2021,11,Hungarian Grand Prix,2021-08-01,hungaroring,race,giovinazzi,Antonio Giovinazzi,alfa,Alfa Romeo,13,13,0,0,69,+1 Lap
2021,11,Hungarian Grand Prix,2021-08-01,hungaroring,race,mazepin,Nikita Mazepin,haas,Haas F1 Team,14,R,19,0,3,Collision
2021,11,Hungarian Grand Prix,2021-08-01,hungaroring,race,norris,Lando Norris,mclaren,McLaren,15,R,6,0,2,Collision
2021,11,Hungarian Grand Prix,2021-08-01,hungaroring,race,bottas,Valtteri Bottas,mercedes,Mercedes,16,R,2,0,0,Collision
2021,11,Hungarian Grand Prix,2021-08-01,hungaroring,race,perez,Sergio Pérez,red_bull,Red Bull,17,R,4,0,0,Collision
2021,11,Hungarian Grand Prix,2021-08-01,hungaroring,race,leclerc,Charles Leclerc,ferrari,Ferrari,18,R,7,0,0,Collision
2021,11,Hungarian Grand Prix,2021-08-01,hungaroring,race,stroll,Lance Stroll,aston_martin,Aston Martin,19,R,12,0,0,Collision
2021,11,Hungarian Grand Prix,2021-08-01,hungaroring,race,vettel,Sebastian Vettel,aston_martin,Aston Martin,20,D,10,0,70,Disqualified
2021,12,Belgian Grand Prix,2021-08-29,spa,race,max_verstappen,Max Verstappen,red_bull,Red Bull,1,1,1,12.5,1,Finished
2021,12,Belgian Grand Prix,2021-08-29,spa,race,russell,George Russell,williams,Williams,2,2,2,9,1,Finished
2021,12,Belgian Grand Prix,2021-08-29,spa,race,hamilton,Lewis Hamilton,mercedes,Mercedes,3,3,3,7.5,1,Finished
2021,12,Belgian Grand Prix,2021-08-29,spa,race,ricciardo,Daniel Ricciardo,mclaren,McLaren,4,4,4,6,1,Finished
2021,12,Belgian Grand Prix,2021-08-29,spa,race,vettel,Sebastian Vettel,aston_martin,Aston Martin,5,5,5,5,1,Finished
2021,12,Belgian Grand Prix,2021-08-29,spa,race,gasly,Pierre Gasly,alphatauri,AlphaTauri,6,6,6,4,1,Finished
2021,12,Belgian Grand Prix,2021-08-29,spa,race,ocon,Esteban Ocon,alpine,Alpine F1 Team,7,7,8,3,1,Finished
2021,12,Belgian Grand Prix,2021-08-29,spa,race,leclerc,Charles Leclerc,ferrari,Ferrari,8,8,9,2,1,Finished
2021,12,Belgian Grand Prix,2021-08-29,spa,race,latifi,Nicholas Latifi,williams,Williams,9,9,10,1,1,Finished
2021,12,Belgian Grand Prix,2021-08-29,spa,race,sainz,Carlos Sainz,ferrari,Ferrari,10,10,11,0.5,1,Finished
2021,12,Belgian Grand Prix,2021-08-29,spa,race,alonso,Fernando Alonso,alpine,Alpine F1 Team,11,11,12,0,1,Finished
2021,12,Belgian Grand Prix,2021-08-29,spa,race,bottas,Valtteri Bottas,mercedes,Mercedes,12,12,13,0,1,Finished
2021,12,Belgian Grand Prix,2021-08-29,spa,race,giovinazzi,Antonio Giovinazzi,alfa,Alfa Romeo,13,13,14,0,1,Finished
2021,12,Belgian Grand Prix,2021-08-29,spa,race,norris,Lando Norris,mclaren,McLaren,14,14,15,0,1,Finished
2021,12,Belgian Grand Prix,2021-08-29,spa,race,tsunoda,Yuki Tsunoda,alphatauri,AlphaTauri,15,15,16,0,1,Finished
2021,12,Belgian Grand Prix,2021-08-29,spa,race,mick_schumacher,Mick Schumacher,haas,Haas F1 Team,16,16,17,0,1,Finished
2021,12,Belgian Grand Prix,2021-08-29,spa,race,mazepin,Nikita Mazepin,haas,Haas F1 Team,17,17,18,0,1,Finished
2021,12,Belgian Grand Prix,2021-08-29,spa,race,raikkonen,Kimi Räikkönen,alfa,Alfa Romeo,18,18,0,0,1,Finished
2021,12,Belgian Grand Prix,2021-08-29,spa,race,perez,Sergio Pérez,red_bull,Red Bull,19,19,0,0,1,Finished
2021,12,Belgian Grand Prix,2021-08-29,spa,race,stroll,Lance Stroll,aston_martin,Aston Martin,20,20,19,0,1,Finished
2021,13,Dutch Grand Prix,2021-09-05,zandvoort,race,max_verstappen,Max Verstappen,red_bull,Red Bull,1,1,1,25,72,Finished
2021,13,Dutch Grand Prix,2021-09-05,zandvoort,race,hamilton,Lewis Hamilton,mercedes,Mercedes,2,2,2,19,72,Finished
2021,13,Dutch Grand Prix,2021-09-05,zandvoort,race,bottas,Valtteri Bottas,mercedes,Mercedes,3,3,3,15,72,Finished
2021,13,Dutch Grand Prix,2021-09-05,zandvoort,race,gasly,Pierre Gasly,alphatauri,AlphaTauri,4,4,4,12,71,+1 Lap
2021,13,Dutch Grand Prix,2021-09-05,zandvoort,race,leclerc,Charles Leclerc,ferrari,Ferrari,5,5,5,10,71,+1 Lap
2021,13,Dutch Grand Prix,2021-09-05,zandvoort,race,alonso,Fernando Alonso,alpine,Alpine F1 Team,6,6,9,8,71,+1 Lap
2021,13,Dutch Grand Prix,2021-09-05,zandvoort,race,sainz,Carlos Sainz,ferrari,Ferrari,7,7,6,6,71,+1 Lap
2021,13,Dutch Grand Prix,2021-09-05,zandvoort,race,perez,Sergio Pérez,red_bull,Red Bull,8,8,0,4,71,+1 Lap
2021,13,Dutch Grand Prix,2021-09-05,zandvoort,race,ocon,Esteban Ocon,alpine,Alpine F1 Team,9,9,8,2,71,+1 Lap
2021,13,Dutch Grand Prix,2021-09-05,zandvoort,race,norris,Lando Norris,mclaren,McLaren,10,10,13,1,71,+1 Lap
2021,13,Dutch Grand Prix,2021-09-05,zandvoort,race,ricciardo,Daniel Ricciardo,mclaren,McLaren,11,11,10,0,71,+1 Lap
2021,13,Dutch Grand Prix,2021-09-05,zandvoort,race,stroll,Lance Stroll,aston_martin,Aston Martin,12,12,12,0,70,+2 Laps
2021,13,Dutch Grand Prix,2021-09-05,zandvoort,race,vettel,Sebastian Vettel,aston_martin,Aston Martin,13,13,15,0,70,+2 Laps
2021,13,Dutch Grand Prix,2021-09-05,zandvoort,race,giovinazzi,Antonio Giovinazzi,alfa,Alfa Romeo,14,14,7,0,70,+2 Laps
2021,13,Dutch Grand Prix,2021-09-05,zandvoort,race,kubica,Robert Kubica,alfa,Alfa Romeo,15,15,16,0,70,+2 Laps
2021,13,Dutch Grand Prix,2021-09-05,zandvoort,race,latifi,Nicholas Latifi,williams,Williams,16,16,0,0,70,+2 Laps
2021,13,Dutch Grand Prix,2021-09-05,zandvoort,race,russell,George Russell,williams,Williams,17,17,11,0,69,Gearbox
2021,13,Dutch Grand Prix,2021-09-05,zandvoort,race,mick_schumacher,Mick Schumacher,haas,Haas F1 Team,18,18,17,0,69,+3 Laps
2021,13,Dutch Grand Prix,2021-09-05,zandvoort,race,tsunoda,Yuki Tsunoda,alphatauri,AlphaTauri,19,R,14,0,48,Power Unit
2021,13,Dutch Grand Prix,2021-09-05,zandvoort,race,mazepin,Nikita Mazepin,haas,Haas F1 Team,20,R,18,0,41,Hydraulics
2021,14,Italian Grand Prix,2021-09-12,monza,race,ricciardo,Daniel Ricciardo,mclaren,McLaren,1,1,2,26,53,Finished
2021,14,Italian Grand Prix,2021-09-12,monza,race,norris,Lando Norris,mclaren,McLaren,2,2,3,18,53,Finished
2021,14,Italian Grand Prix,2021-09-12,monza,race,bottas,Valtteri Bottas,mercedes,Mercedes,3,3,19,15,53,Finished
2021,14,Italian Grand Prix,2021-09-12,monza,race,leclerc,Charles Leclerc,ferrari,Ferrari,4,4,5,12,53,Finished
2021,14,Italian Grand Prix,2021-09-12,monza,race,perez,Sergio Pérez,red_bull,Red Bull,5,5,8,10,53,Finished
2021,14,Italian Grand Prix,2021-09-12,monza,race,sainz,Carlos Sainz,ferrari,Ferrari,6,6,6,8,53,Finished
2021,14,Italian Grand Prix,2021-09-12,monza,race,stroll,Lance Stroll,aston_martin,Aston Martin,7,7,9,6,53,Finished
2021,14,Italian Grand Prix,2021-09-12,monza,race,alonso,Fernando Alonso,alpine,Alpine F1 Team,8,8,10,4,53,Finished
2021,14,Italian Grand Prix,2021-09-12,monza,race,russell,George Russell,williams,Williams,9,9,14,2,53,Finished
2021,14,Italian Grand Prix,2021-09-12,monza,race,ocon,Esteban Ocon,alpine,Alpine F1 Team,10,10,12,1,53,Finished
2021,14,Italian Grand Prix,2021-09-12,monza,race,latifi,Nicholas Latifi,williams,Williams,11,11,13,0,53,Finished
2021,14,Italian Grand Prix,2021-09-12,monza,race,vettel,Sebastian Vettel,aston_martin,Aston Martin,12,12,11,0,53,Finished
2021,14,Italian Grand Prix,2021-09-12,monza,race,giovinazzi,Antonio Giovinazzi,alfa,Alfa Romeo,13,13,7,0,53,Finished
2021,14,Italian Grand Prix,2021-09-12,monza,race,kubica,Robert Kubica,alfa,Alfa Romeo,14,14,17,0,53,Finished
2021,14,Italian Grand Prix,2021-09-12,monza,race,mick_schumacher,Mick Schumacher,haas,Haas F1 Team,15,15,18,0,53,Finished
2021,14,Italian Grand Prix,2021-09-12,monza,race,mazepin,Nikita Mazepin,haas,Haas F1 Team,16,R,16,0,41,Power Unit
2021,14,Italian Grand Prix,2021-09-12,monza,race,hamilton,Lewis Hamilton,mercedes,Mercedes,17,R,4,0,25,Collision
2021,14,Italian Grand Prix,2021-09-12,monza,race,max_verstappen,Max Verstappen,red_bull,Red Bull,18,R,1,0,25,Collision
2021,14,Italian Grand Prix,2021-09-12,monza,race,gasly,Pierre Gasly,alphatauri,AlphaTauri,19,R,0,0,3,Suspension
2021,14,Italian Grand Prix,2021-09-12,monza,race,tsunoda,Yuki Tsunoda,alphatauri,AlphaTauri,20,W,0,0,0,Brakes
2021,15,Russian Grand Prix,2021-09-26,sochi,race,hamilton,Lewis Hamilton,mercedes,Mercedes,1,1,4,25,53,Finished
2021,15,Russian Grand Prix,2021-09-26,sochi,race,max_verstappen,Max Verstappen,red_bull,Red Bull,2,2,20,18,53,Finished
2021,15,Russian Grand Prix,2021-09-26,sochi,race,sainz,Carlos Sainz,ferrari,Ferrari,3,3,2,15,53,Finished
2021,15,Russian Grand Prix,2021-09-26,sochi,race,ricciardo,Daniel Ricciardo,mclaren,McLaren,4,4,5,12,53,Finished
2021,15,Russian Grand Prix,2021-09-26,sochi,race,bottas,Valtteri Bottas,mercedes,Mercedes,5,5,16,10,53,Finished
2021,15,Russian Grand Prix,2021-09-26,sochi,race,alonso,Fernando Alonso,alpine,Alpine F1 Team,6,6,6,8,53,Finished
2021,15,Russian Grand Prix,2021-09-26,sochi,race,norris,Lando Norris,mclaren,McLaren,7,7,1,7,53,Finished
2021,15,Russian Grand Prix,2021-09-26,sochi,race,raikkonen,Kimi Räikkönen,alfa,Alfa Romeo,8,8,13,4,53,Finished
2021,15,Russian Grand Prix,2021-09-26,sochi,race,perez,Sergio Pérez,red_bull,Red Bull,9,9,8,2,53,Finished
2021,15,Russian Grand Prix,2021-09-26,sochi,race,russell,George Russell,williams,Williams,10,10,3,1,53,Finished
2021,15,Russian Grand Prix,2021-09-26,sochi,race,stroll,Lance Stroll,aston_martin,Aston Martin,11,11,7,0,53,Finished
2021,15,Russian Grand Prix,2021-09-26,sochi,race,vettel,Sebastian Vettel,aston_martin,Aston Martin,12,12,10,0,52,+1 Lap
2021,15,Russian Grand Prix,2021-09-26,sochi,race,gasly,Pierre Gasly,alphatauri,AlphaTauri,13,13,11,0,52,+1 Lap
2021,15,Russian Grand Prix,2021-09-26,sochi,race,ocon,Esteban Ocon,alpine,Alpine F1 Team,14,14,9,0,52,+1 Lap
2021,15,Russian Grand Prix,2021-09-26,sochi,race,leclerc,Charles Leclerc,ferrari,Ferrari,15,15,19,0,52,+1 Lap
2021,15,Russian Grand Prix,2021-09-26,sochi,race,giovinazzi,Antonio Giovinazzi,alfa,Alfa Romeo,16,16,17,0,52,+1 Lap
2021,15,Russian Grand Prix,2021-09-26,sochi,race,tsunoda,Yuki Tsunoda,alphatauri,AlphaTauri,17,17,12,0,52,+1 Lap
2021,15,Russian Grand Prix,2021-09-26,sochi,race,mazepin,Nikita Mazepin,haas,Haas F1 Team,18,18,15,0,51,+2 Laps
2021,15,Russian Grand Prix,2021-09-26,sochi,race,latifi,Nicholas Latifi,williams,Williams,19,19,18,0,47,Accident
2021,15,Russian Grand Prix,2021-09-26,sochi,race,mick_schumacher,Mick Schumacher,haas,Haas F1 Team,20,R,14,0,32,Oil leak
2021,16,Turkish Grand Prix,2021-10-10,istanbul,race,bottas,Valtteri Bottas,mercedes,Mercedes,1,1,1,26,58,Finished
2021,16,Turkish Grand Prix,2021-10-10,istanbul,race,max_verstappen,Max Verstappen,red_bull,Red Bull,2,2,2,18,58,Finished
2021,16,Turkish Grand Prix,2021-10-10,istanbul,race,perez,Sergio Pérez,red_bull,Red Bull,3,3,6,15,58,Finished
2021,16,Turkish Grand Prix,2021-10-10,istanbul,race,leclerc,Charles Leclerc,ferrari,Ferrari,4,4,3,12,58,Finished
2021,16,Turkish Grand Prix,2021-10-10,istanbul,race,hamilton,Lewis Hamilton,mercedes,Mercedes,5,5,11,10,58,Finished
2021,16,Turkish Grand Prix,2021-10-10,istanbul,race,gasly,Pierre Gasly,alphatauri,AlphaTauri,6,6,4,8,58,Finished
2021,16,Turkish Grand Prix,2021-10-10,istanbul,race,norris,Lando Norris,mclaren,McLaren,7,7,7,6,58,Finished
2021,16,Turkish Grand Prix,2021-10-10,istanbul,race,sainz,Carlos Sainz,ferrari,Ferrari,8,8,19,4,58,Finished
2021,16,Turkish Grand Prix,2021-10-10,istanbul,race,stroll,Lance Stroll,aston_martin,Aston Martin,9,9,8,2,58,Finished
2021,16,Turkish Grand Prix,2021-10-10,istanbul,race,ocon,Esteban Ocon,alpine,Alpine F1 Team,10,10,12,1,57,+1 Lap
2021,16,Turkish Grand Prix,2021-10-10,istanbul,race,giovinazzi,Antonio Giovinazzi,alfa,Alfa Romeo,11,11,16,0,57,+1 Lap
2021,16,Turkish Grand Prix,2021-10-10,istanbul,race,raikkonen,Kimi Räikkönen,alfa,Alfa Romeo,12,12,17,0,57,+1 Lap
2021,16,Turkish Grand Prix,2021-10-10,istanbul,race,ricciardo,Daniel Ricciardo,mclaren,McLaren,13,13,20,0,57,+1 Lap
2021,16,Turkish Grand Prix,2021-10-10,istanbul,race,tsunoda,Yuki Tsunoda,alphatauri,AlphaTauri,14,14,9,0,57,+1 Lap
2021,16,Turkish Grand Prix,2021-10-10,istanbul,race,russell,George Russell,williams,Williams,15,15,13,0,57,+1 Lap
2021,16,Turkish Grand Prix,2021-10-10,istanbul,race,alonso,Fernando Alonso,alpine,Alpine F1 Team,16,16,5,0,57,+1 Lap
2021,16,Turkish Grand Prix,2021-10-10,istanbul,race,latifi,Nicholas Latifi,williams,Williams,17,17,15,0,57,+1 Lap
2021,16,Turkish Grand Prix,2021-10-10,istanbul,race,vettel,Sebastian Vettel,aston_martin,Aston Martin,18,18,10,0,57,+1 Lap
2021,16,Turkish Grand Prix,2021-10-10,istanbul,race,mick_schumacher,Mick Schumacher,haas,Haas F1 Team,19,19,14,0,56,+2 Laps
2021,16,Turkish Grand Prix,2021-10-10,istanbul,race,mazepin,Nikita Mazepin,haas,Haas F1 Team,20,20,18,0,56,+2 Laps
2021,17,United States Grand Prix,2021-10-24,americas,race,max_verstappen,Max Verstappen,red_bull,Red Bull,1,1,1,25,56,Finished
2021,17,United States Grand Prix,2021-10-24,americas,race,hamilton,Lewis Hamilton,mercedes,Mercedes,2,2,2,19,56,Finished
2021,17,United States Grand Prix,2021-10-24,americas,race,perez,Sergio Pérez,red_bull,Red Bull,3,3,3,15,56,Finished
2021,17,United States Grand Prix,2021-10-24,americas,race,leclerc,Charles Leclerc,ferrari,Ferrari,4,4,4,12,56,Finished
2021,17,United States Grand Prix,2021-10-24,americas,race,ricciardo,Daniel Ricciardo,mclaren,McLaren,5,5,6,10,56,Finished
2021,17,United States Grand Prix,2021-10-24,americas,race,bottas,Valtteri Bottas,mercedes,Mercedes,6,6,9,8,56,Finished
2021,17,United States Grand Prix,2021-10-24,americas,race,sainz,Carlos Sainz,ferrari,Ferrari,7,7,5,6,56,Finished
2021,17,United States Grand Prix,2021-10-24,americas,race,norris,Lando Norris,mclaren,McLaren,8,8,7,4,56,Finished
2021,17,United States Grand Prix,2021-10-24,americas,race,tsunoda,Yuki Tsunoda,alphatauri,AlphaTauri,9,9,10,2,55,+1 Lap
2021,17,United States Grand Prix,2021-10-24,americas,race,vettel,Sebastian Vettel,aston_martin,Aston Martin,10,10,18,1,55,+1 Lap
2021,17,United States Grand Prix,2021-10-24,americas,race,giovinazzi,Antonio Giovinazzi,alfa,Alfa Romeo,11,11,12,0,55,+1 Lap
2021,17,United States Grand Prix,2021-10-24,americas,race,stroll,Lance Stroll,aston_martin,Aston Martin,12,12,13,0,55,+1 Lap
2021,17,United States Grand Prix,2021-10-24,americas,race,raikkonen,Kimi Räikkönen,alfa,Alfa Romeo,13,13,15,0,55,+1 Lap
2021,17,United States Grand Prix,2021-10-24,americas,race,russell,George Russell,williams,Williams,14,14,20,0,55,+1 Lap
2021,17,United States Grand Prix,2021-10-24,americas,race,latifi,Nicholas Latifi,williams,Williams,15,15,14,0,55,+1 Lap
2021,17,United States Grand Prix,2021-10-24,americas,race,mick_schumacher,Mick Schumacher,haas,Haas F1 Team,16,16,16,0,54,+2 Laps
2021,17,United States Grand Prix,2021-10-24,americas,race,mazepin,Nikita Mazepin,haas,Haas F1 Team,17,17,17,0,54,+2 Laps
2021,17,United States Grand Prix,2021-10-24,americas,race,alonso,Fernando Alonso,alpine,Alpine F1 Team,18,R,19,0,49,Rear wing
2021,17,United States Grand Prix,2021-10-24,americas,race,ocon,Esteban Ocon,alpine,Alpine F1 Team,19,R,11,0,40,Mechanical
2021,17,United States Grand Prix,2021-10-24,americas,race,gasly,Pierre Gasly,alphatauri,AlphaTauri,20,R,8,0,14,Suspension
2021,18,Mexico City Grand Prix,2021-11-07,rodriguez,race,max_verstappen,Max Verstappen,red_bull,Red Bull,1,1,3,25,71,Finished
2021,18,Mexico City Grand Prix,2021-11-07,rodriguez,race,hamilton,Lewis Hamilton,mercedes,Mercedes,2,2,2,18,71,Finished
2021,18,Mexico City Grand Prix,2021-11-07,rodriguez,race,perez,Sergio Pérez,red_bull,Red Bull,3,3,4,15,71,Finished
2021,18,Mexico City Grand Prix,2021-11-07,rodriguez,race,gasly,Pierre Gasly,alphatauri,AlphaTauri,4,4,5,12,71,Finished
2021,18,Mexico City Grand Prix,2021-11-07,rodriguez,race,leclerc,Charles Leclerc,ferrari,Ferrari,5,5,8,10,71,Finished
2021,18,Mexico City Grand Prix,2021-11-07,rodriguez,race,sainz,Carlos Sainz,ferrari,Ferrari,6,6,6,8,70,+1 Lap
2021,18,Mexico City Grand Prix,2021-11-07,rodriguez,race,vettel,Sebastian Vettel,aston_martin,Aston Martin,7,7,9,6,70,+1 Lap
2021,18,Mexico City Grand Prix,2021-11-07,rodriguez,race,raikkonen,Kimi Räikkönen,alfa,Alfa Romeo,8,8,10,4,70,+1 Lap
2021,18,Mexico City Grand Prix,2021-11-07,rodriguez,race,alonso,Fernando Alonso,alpine,Alpine F1 Team,9,9,12,2,70,+1 Lap
2021,18,Mexico City Grand Prix,2021-11-07,rodriguez,race,norris,Lando Norris,mclaren,McLaren,10,10,18,1,70,+1 Lap
2021,18,Mexico City Grand Prix,2021-11-07,rodriguez,race,giovinazzi,Antonio Giovinazzi,alfa,Alfa Romeo,11,11,11,0,70,+1 Lap
2021,18,Mexico City Grand Prix,2021-11-07,rodriguez,race,ricciardo,Daniel Ricciardo,mclaren,McLaren,12,12,7,0,70,+1 Lap
2021,18,Mexico City Grand Prix,2021-11-07,rodriguez,race,ocon,Esteban Ocon,alpine,Alpine F1 Team,13,13,19,0,70,+1 Lap
2021,18,Mexico City Grand Prix,2021-11-07,rodriguez,race,stroll,Lance Stroll,aston_martin,Aston Martin,14,14,20,0,69,+2 Laps
2021,18,Mexico City Grand Prix,2021-11-07,rodriguez,race,bottas,Valtteri Bottas,mercedes,Mercedes,15,15,1,0,69,+2 Laps
2021,18,Mexico City Grand Prix,2021-11-07,rodriguez,race,russell,George Russell,williams,Williams,16,16,16,0,69,+2 Laps
2021,18,Mexico City Grand Prix,2021-11-07,rodriguez,race,latifi,Nicholas Latifi,williams,Williams,17,17,13,0,69,+2 Laps
2021,18,Mexico City Grand Prix,2021-11-07,rodriguez,race,mazepin,Nikita Mazepin,haas,Haas F1 Team,18,18,15,0,68,+3 Laps
2021,18,Mexico City Grand Prix,2021-11-07,rodriguez,race,mick_schumacher,Mick Schumacher,haas,Haas F1 Team,19,R,14,0,0,Collision
2021,18,Mexico City Grand Prix,2021-11-07,rodriguez,race,tsunoda,Yuki Tsunoda,alphatauri,AlphaTauri,20,R,17,0,0,Collision
2021,19,São Paulo Grand Prix,2021-11-14,interlagos,race,hamilton,Lewis Hamilton,mercedes,Mercedes,1,1,10,25,71,Finished
2021,19,São Paulo Grand Prix,2021-11-14,interlagos,race,max_verstappen,Max Verstappen,red_bull,Red Bull,2,2,2,18,71,Finished
2021,19,São Paulo Grand Prix,2021-11-14,interlagos,race,bottas,Valtteri Bottas,mercedes,Mercedes,3,3,1,15,71,Finished
2021,19,São Paulo Grand Prix,2021-11-14,interlagos,race,perez,Sergio Pérez,red_bull,Red Bull,4,4,4,13,71,Finished
2021,19,São Paulo Grand Prix,2021-11-14,interlagos,race,leclerc,Charles Leclerc,ferrari,Ferrari,5,5,6,10,71,Finished
2021,19,São Paulo Grand Prix,2021-11-14,interlagos,race,sainz,Carlos Sainz,ferrari,Ferrari,6,6,3,8,71,Finished
2021,19,São Paulo Grand Prix,2021-11-14,interlagos,race,gasly,Pierre Gasly,alphatauri,AlphaTauri,7,7,7,6,70,+1 Lap
2021,19,São Paulo Grand Prix,2021-11-14,interlagos,race,ocon,Esteban Ocon,alpine,Alpine F1 Team,8,8,8,4,70,+1 Lap
2021,19,São Paulo Grand Prix,2021-11-14,interlagos,race,alonso,Fernando Alonso,alpine,Alpine F1 Team,9,9,12,2,70,+1 Lap
2021,19,São Paulo Grand Prix,2021-11-14,interlagos,race,norris,Lando Norris,mclaren,McLaren,10,10,5,1,70,+1 Lap
2021,19,São Paulo Grand Prix,2021-11-14,interlagos,race,vettel,Sebastian Vettel,aston_martin,Aston Martin,11,11,9,0,70,+1 Lap
2021,19,São Paulo Grand Prix,2021-11-14,interlagos,race,raikkonen,Kimi Räikkönen,alfa,Alfa Romeo,12,12,0,0,70,+1 Lap
2021,19,São Paulo Grand Prix,2021-11-14,interlagos,race,russell,George Russell,williams,Williams,13,13,17,0,70,+1 Lap
2021,19,São Paulo Grand Prix,2021-11-14,interlagos,race,giovinazzi,Antonio Giovinazzi,alfa,Alfa Romeo,14,14,13,0,70,+1 Lap
2021,19,São Paulo Grand Prix,2021-11-14,interlagos,race,tsunoda,Yuki Tsunoda,alphatauri,AlphaTauri,15,15,15,0,70,+1 Lap
2021,19,São Paulo Grand Prix,2021-11-14,interlagos,race,latifi,Nicholas Latifi,williams,Williams,16,16,16,0,70,+1 Lap
2021,19,São Paulo Grand Prix,2021-11-14,interlagos,race,mazepin,Nikita Mazepin,haas,Haas F1 Team,17,17,19,0,69,+2 Laps
2021,19,São Paulo Grand Prix,2021-11-14,interlagos,race,mick_schumacher,Mick Schumacher,haas,Haas F1 Team,18,18,18,0,69,+2 Laps
2021,19,São Paulo Grand Prix,2021-11-14,interlagos,race,ricciardo,Daniel Ricciardo,mclaren,McLaren,19,R,11,0,49,Power loss
2021,19,São Paulo Grand Prix,2021-11-14,interlagos,race,stroll,Lance Stroll,aston_martin,Aston Martin,20,R,14,0,47,Collision damage
2021,20,Qatar Grand Prix,2021-11-21,losail,race,hamilton,Lewis Hamilton,mercedes,Mercedes,1,1,1,25,57,Finished
2021,20,Qatar Grand Prix,2021-11-21,losail,race,max_verstappen,Max Verstappen,red_bull,Red Bull,2,2,7,19,57,Finished
2021,20,Qatar Grand Prix,2021-11-21,losail,race,alonso,Fernando Alonso,alpine,Alpine F1 Team,3,3,3,15,57,Finished
2021,20,Qatar Grand Prix,2021-11-21,losail,race,perez,Sergio Pérez,red_bull,Red Bull,4,4,11,12,57,Finished
2021,20,Qatar Grand Prix,2021-11-21,losail,race,ocon,Esteban Ocon,alpine,Alpine F1 Team,5,5,9,10,57,Finished
2021,20,Qatar Grand Prix,2021-11-21,losail,race,stroll,Lance Stroll,aston_martin,Aston Martin,6,6,12,8,57,Finished
2021,20,Qatar Grand Prix,2021-11-21,losail,race,sainz,Carlos Sainz,ferrari,Ferrari,7,7,5,6,57,Finished
2021,20,Qatar Grand Prix,2021-11-21,losail,race,leclerc,Charles Leclerc,ferrari,Ferrari,8,8,13,4,57,Finished
2021,20,Qatar Grand Prix,2021-11-21,losail,race,norris,Lando Norris,mclaren,McLaren,9,9,4,2,56,+1 Lap
2021,20,Qatar Grand Prix,2021-11-21,losail,race,vettel,Sebastian Vettel,aston_martin,Aston Martin,10,10,10,1,56,+1 Lap
2021,20,Qatar Grand Prix,2021-11-21,losail,race,gasly,Pierre Gasly,alphatauri,AlphaTauri,11,11,2,0,56,+1 Lap
2021,20,Qatar Grand Prix,2021-11-21,losail,race,ricciardo,Daniel Ricciardo,mclaren,McLaren,12,12,14,0,56,+1 Lap
2021,20,Qatar Grand Prix,2021-11-21,losail,race,tsunoda,Yuki Tsunoda,alphatauri,AlphaTauri,13,13,8,0,56,+1 Lap
2021,20,Qatar Grand Prix,2021-11-21,losail,race,raikkonen,Kimi Räikkönen,alfa,Alfa Romeo,14,14,16,0,56,+1 Lap
2021,20,Qatar Grand Prix,2021-11-21,losail,race,giovinazzi,Antonio Giovinazzi,alfa,Alfa Romeo,15,15,18,0,56,+1 Lap
2021,20,Qatar Grand Prix,2021-11-21,losail,race,mick_schumacher,Mick Schumacher,haas,Haas F1 Team,16,16,19,0,56,+1 Lap
2021,20,Qatar Grand Prix,2021-11-21,losail,race,russell,George Russell,williams,Williams,17,17,15,0,55,+2 Laps
2021,20,Qatar Grand Prix,2021-11-21,losail,race,mazepin,Nikita Mazepin,haas,Haas F1 Team,18,18,20,0,55,+2 Laps
2021,20,Qatar Grand Prix,2021-11-21,losail,race,latifi,Nicholas Latifi,williams,Williams,19,R,17,0,50,Puncture
2021,20,Qatar Grand Prix,2021-11-21,losail,race,bottas,Valtteri Bottas,mercedes,Mercedes,20,R,6,0,48,Damage
2021,21,Saudi Arabian Grand Prix,2021-12-05,jeddah,race,hamilton,Lewis Hamilton,mercedes,Mercedes,1,1,1,26,50,Finished
2021,21,Saudi Arabian Grand Prix,2021-12-05,jeddah,race,max_verstappen,Max Verstappen,red_bull,Red Bull,2,2,3,18,50,Finished
2021,21,Saudi Arabian Grand Prix,2021-12-05,jeddah,race,bottas,Valtteri Bottas,mercedes,Mercedes,3,3,2,15,50,Finished
2021,21,Saudi Arabian Grand Prix,2021-12-05,jeddah,race,ocon,Esteban Ocon,alpine,Alpine F1 Team,4,4,9,12,50,Finished
2021,21,Saudi Arabian Grand Prix,2021-12-05,jeddah,race,ricciardo,Daniel Ricciardo,mclaren,McLaren,5,5,11,10,50,Finished
2021,21,Saudi Arabian Grand Prix,2021-12-05,jeddah,race,gasly,Pierre Gasly,alphatauri,AlphaTauri,6,6,6,8,50,Finished
2021,21,Saudi Arabian Grand Prix,2021-12-05,jeddah,race,leclerc,Charles Leclerc,ferrari,Ferrari,7,7,4,6,50,Finished
2021,21,Saudi Arabian Grand Prix,2021-12-05,jeddah,race,sainz,Carlos Sainz,ferrari,Ferrari,8,8,15,4,50,Finished
2021,21,Saudi Arabian Grand Prix,2021-12-05,jeddah,race,giovinazzi,Antonio Giovinazzi,alfa,Alfa Romeo,9,9,10,2,50,Finished
2021,21,Saudi Arabian Grand Prix,2021-12-05,jeddah,race,norris,Lando Norris,mclaren,McLaren,10,10,7,1,50,Finished
2021,21,Saudi Arabian Grand Prix,2021-12-05,jeddah,race,stroll,Lance Stroll,aston_martin,Aston Martin,11,11,18,0,50,Finished
2021,21,Saudi Arabian Grand Prix,2021-12-05,jeddah,race,latifi,Nicholas Latifi,williams,Williams,12,12,16,0,50,Finished
2021,21,Saudi Arabian Grand Prix,2021-12-05,jeddah,race,alonso,Fernando Alonso,alpine,Alpine F1 Team,13,13,13,0,49,+1 Lap
2021,21,Saudi Arabian Grand Prix,2021-12-05,jeddah,race,tsunoda,Yuki Tsunoda,alphatauri,AlphaTauri,14,14,8,0,49,+1 Lap
2021,21,Saudi Arabian Grand Prix,2021-12-05,jeddah,race,raikkonen,Kimi Räikkönen,alfa,Alfa Romeo,15,15,12,0,49,+1 Lap
2021,21,Saudi Arabian Grand Prix,2021-12-05,jeddah,race,vettel,Sebastian Vettel,aston_martin,Aston Martin,16,R,17,0,44,Collision damage
2021,21,Saudi Arabian Grand Prix,2021-12-05,jeddah,race,perez,Sergio Pérez,red_bull,Red Bull,17,R,5,0,14,Collision
2021,21,Saudi Arabian Grand Prix,2021-12-05,jeddah,race,mazepin,Nikita Mazepin,haas,Haas F1 Team,18,R,20,0,14,Collision
2021,21,Saudi Arabian Grand Prix,2021-12-05,jeddah,race,russell,George Russell,williams,Williams,19,R,14,0,14,Collision
2021,21,Saudi Arabian Grand Prix,2021-12-05,jeddah,race,mick_schumacher,Mick Schumacher,haas,Haas F1 Team,20,R,19,0,8,Accident
2021,22,Abu Dhabi Grand Prix,2021-12-12,yas_marina,race,max_verstappen,Max Verstappen,red_bull,Red Bull,1,1,1,26,58,Finished
2021,22,Abu Dhabi Grand Prix,2021-12-12,yas_marina,race,hamilton,Lewis Hamilton,mercedes,Mercedes,2,2,2,18,58,Finished
2021,22,Abu Dhabi Grand Prix,2021-12-12,yas_marina,race,sainz,Carlos Sainz,ferrari,Ferrari,3,3,5,15,58,Finished
2021,22,Abu Dhabi Grand Prix,2021-12-12,yas_marina,race,tsunoda,Yuki Tsunoda,alphatauri,AlphaTauri,4,4,8,12,58,Finished
2021,22,Abu Dhabi Grand Prix,2021-12-12,yas_marina,race,gasly,Pierre Gasly,alphatauri,AlphaTauri,5,5,12,10,58,Finished
2021,22,Abu Dhabi Grand Prix,2021-12-12,yas_marina,race,bottas,Valtteri Bottas,mercedes,Mercedes,6,6,6,8,58,Finished
2021,22,Abu Dhabi Grand Prix,2021-12-12,yas_marina,race,norris,Lando Norris,mclaren,McLaren,7,7,3,6,58,Finished
2021,22,Abu Dhabi Grand Prix,2021-12-12,yas_marina,race,alonso,Fernando Alonso,alpine,Alpine F1 Team,8,8,11,4,58,Finished
2021,22,Abu Dhabi Grand Prix,2021-12-12,yas_marina,race,ocon,Esteban Ocon,alpine,Alpine F1 Team,9,9,9,2,58,Finished
2021,22,Abu Dhabi Grand Prix,2021-12-12,yas_marina,race,leclerc,Charles Leclerc,ferrari,Ferrari,10,10,7,1,58,Finished
2021,22,Abu Dhabi Grand Prix,2021-12-12,yas_marina,race,vettel,Sebastian Vettel,aston_martin,Aston Martin,11,11,15,0,58,Finished
2021,22,Abu Dhabi Grand Prix,2021-12-12,yas_marina,race,ricciardo,Daniel Ricciardo,mclaren,McLaren,12,12,10,0,57,+1 Lap
2021,22,Abu Dhabi Grand Prix,2021-12-12,yas_marina,race,stroll,Lance Stroll,aston_martin,Aston Martin,13,13,13,0,57,+1 Lap
2021,22,Abu Dhabi Grand Prix,2021-12-12,yas_marina,race,mick_schumacher,Mick Schumacher,haas,Haas F1 Team,14,14,19,0,57,+1 Lap
2021,22,Abu Dhabi Grand Prix,2021-12-12,yas_marina,race,perez,Sergio Pérez,red_bull,Red Bull,15,15,4,0,55,Engine
2021,22,Abu Dhabi Grand Prix,2021-12-12,yas_marina,race,latifi,Nicholas Latifi,williams,Williams,16,R,16,0,50,Accident
2021,22,Abu Dhabi Grand Prix,2021-12-12,yas_marina,race,giovinazzi,Antonio Giovinazzi,alfa,Alfa Romeo,17,R,14,0,33,Gearbox
2021,22,Abu Dhabi Grand Prix,2021-12-12,yas_marina,race,russell,George Russell,williams,Williams,18,R,17,0,26,Gearbox
2021,22,Abu Dhabi Grand Prix,2021-12-12,yas_marina,race,raikkonen,Kimi Räikkönen,alfa,Alfa Romeo,19,R,18,0,25,Brakes
2021,22,Abu Dhabi Grand Prix,2021-12-12,yas_marina,race,mazepin,Nikita Mazepin,haas,Haas F1 Team,20,W,20,0,0,Illness
2022,1,Bahrain Grand Prix,2022-03-20,bahrain,race,leclerc,Charles Leclerc,ferrari,Ferrari,1,1,1,26,57,Finished
2022,1,Bahrain Grand Prix,2022-03-20,bahrain,race,sainz,Carlos Sainz,ferrari,Ferrari,2,2,3,18,57,Finished
2022,1,Bahrain Grand Prix,2022-03-20,bahrain,race,hamilton,Lewis Hamilton,mercedes,Mercedes,3,3,5,15,57,Finished
2022,1,Bahrain Grand Prix,2022-03-20,bahrain,race,russell,George Russell,mercedes,Mercedes,4,4,9,12,57,Finished
2022,1,Bahrain Grand Prix,2022-03-20,bahrain,race,kevin_magnussen,Kevin Magnussen,haas,Haas F1 Team,5,5,7,10,57,Finished
2022,1,Bahrain Grand Prix,2022-03-20,bahrain,race,bottas,Valtteri Bottas,alfa,Alfa Romeo,6,6,6,8,57,Finished
2022,1,Bahrain Grand Prix,2022-03-20,bahrain,race,ocon,Esteban Ocon,alpine,Alpine F1 Team,7,7,11,6,57,Finished
2022,1,Bahrain Grand Prix,2022-03-20,bahrain,race,tsunoda,Yuki Tsunoda,alphatauri,AlphaTauri,8,8,16,4,57,Finished
2022,1,Bahrain Grand Prix,2022-03-20,bahrain,race,alonso,Fernando Alonso,alpine,Alpine F1 Team,9,9,8,2,57,Finished
2022,1,Bahrain Grand Prix,2022-03-20,bahrain,race,zhou,Guanyu Zhou,alfa,Alfa Romeo,10,10,15,1,57,Finished
2022,1,Bahrain Grand Prix,2022-03-20,bahrain,race,mick_schumacher,Mick Schumacher,haas,Haas F1 Team,11,11,12,0,57,Finished
2022,1,Bahrain Grand Prix,2022-03-20,bahrain,race,stroll,Lance Stroll,aston_martin,Aston Martin,12,12,19,0,57,Finished
2022,1,Bahrain Grand Prix,2022-03-20,bahrain,race,albon,Alexander Albon,williams,Williams,13,13,14,0,57,Finished
2022,1,Bahrain Grand Prix,2022-03-20,bahrain,race,ricciardo,Daniel Ricciardo,mclaren,McLaren,14,14,18,0,57,Finished
2022,1,Bahrain Grand Prix,2022-03-20,bahrain,race,norris,Lando Norris,mclaren,McLaren,15,15,13,0,57,Finished
2022,1,Bahrain Grand Prix,2022-03-20,bahrain,race,latifi,Nicholas Latifi,williams,Williams,16,16,20,0,57,Finished
2022,1,Bahrain Grand Prix,2022-03-20,bahrain,race,hulkenberg,Nico Hülkenberg,aston_martin,Aston Martin,17,17,17,0,57,Finished
2022,1,Bahrain Grand Prix,2022-03-20,bahrain,race,perez,Sergio Pérez,red_bull,Red Bull,18,18,4,0,56,Fuel pressure
2022,1,Bahrain Grand Prix,2022-03-20,bahrain,race,max_verstappen,Max Verstappen,red_bull,Red Bull,19,19,2,0,54,Fuel pressure
2022,1,Bahrain Grand Prix,2022-03-20,bahrain,race,gasly,Pierre Gasly,alphatauri,AlphaTauri,20,R,10,0,44,Power Unit
2022,2,Saudi Arabian Grand Prix,2022-03-27,jeddah,race,max_verstappen,Max Verstappen,red_bull,Red Bull,1,1,4,25,50,Finished
2022,2,Saudi Arabian Grand Prix,2022-03-27,jeddah,race,leclerc,Charles Leclerc,ferrari,Ferrari,2,2,2,19,50,Finished
2022,2,Saudi Arabian Grand Prix,2022-03-27,jeddah,race,sainz,Carlos Sainz,ferrari,Ferrari,3,3,3,15,50,Finished
2022,2,Saudi Arabian Grand Prix,2022-03-27,jeddah,race,perez,Sergio Pérez,red_bull,Red Bull,4,4,1,12,50,Finished
2022,2,Saudi Arabian Grand Prix,2022-03-27,jeddah,race,russell,George Russell,mercedes,Mercedes,5,5,6,10,50,Finished
2022,2,Saudi Arabian Grand Prix,2022-03-27,jeddah,race,ocon,Esteban Ocon,alpine,Alpine F1 Team,6,6,5,8,50,Finished
2022,2,Saudi Arabian Grand Prix,2022-03-27,jeddah,race,norris,Lando Norris,mclaren,McLaren,7,7,11,6,50,Finished
2022,2,Saudi Arabian Grand Prix,2022-03-27,jeddah,race,gasly,Pierre Gasly,alphatauri,AlphaTauri,8,8,9,4,50,Finished
2022,2,Saudi Arabian Grand Prix,2022-03-27,jeddah,race,kevin_magnussen,Kevin Magnussen,haas,Haas F1 Team,9,9,10,2,50,Finished
2022,2,Saudi Arabian Grand Prix,2022-03-27,jeddah,race,hamilton,Lewis Hamilton,mercedes,Mercedes,10,10,15,1,50,Finished
2022,2,Saudi Arabian Grand Prix,2022-03-27,jeddah,race,zhou,Guanyu Zhou,alfa,Alfa Romeo,11,11,12,0,50,Finished
2022,2,Saudi Arabian Grand Prix,2022-03-27,jeddah,race,hulkenberg,Nico Hülkenberg,aston_martin,Aston Martin,12,12,17,0,50,Finished
2022,2,Saudi Arabian Grand Prix,2022-03-27,jeddah,race,stroll,Lance Stroll,aston_martin,Aston Martin,13,13,13,0,49,+1 Lap
2022,2,Saudi Arabian Grand Prix,2022-03-27,jeddah,race,albon,Alexander Albon,williams,Williams,14,14,16,0,47,Collision damage
2022,2,Saudi Arabian Grand Prix,2022-03-27,jeddah,race,bottas,Valtteri Bottas,alfa,Alfa Romeo,15,R,8,0,36,Cooling system
2022,2,Saudi Arabian Grand Prix,2022-03-27,jeddah,race,alonso,Fernando Alonso,alpine,Alpine F1 Team,16,R,7,0,35,Water pump
2022,2,Saudi Arabian Grand Prix,2022-03-27,jeddah,race,ricciardo,Daniel Ricciardo,mclaren,McLaren,17,R,14,0,35,Gearbox
2022,2,Saudi Arabian Grand Prix,2022-03-27,jeddah,race,latifi,Nicholas Latifi,williams,Williams,18,R,18,0,14,Accident
2022,2,Saudi Arabian Grand Prix,2022-03-27,jeddah,race,tsunoda,Yuki Tsunoda,alphatauri,AlphaTauri,19,R,19,0,0,Power Unit
2022,2,Saudi Arabian Grand Prix,2022-03-27,jeddah,race,mick_schumacher,Mick Schumacher,haas,Haas F1 Team,20,W,0,0,0,Withdrew
2022,3,Australian Grand Prix,2022-04-10,albert_park,race,leclerc,Charles Leclerc,ferrari,Ferrari,1,1,1,26,58,Finished
2022,3,Australian Grand Prix,2022-04-10,albert_park,race,perez,Sergio Pérez,red_bull,Red Bull,2,2,3,18,58,Finished
2022,3,Australian Grand Prix,2022-04-10,albert_park,race,russell,George Russell,mercedes,Mercedes,3,3,6,15,58,Finished
2022,3,Australian Grand Prix,2022-04-10,albert_park,race,hamilton,Lewis Hamilton,mercedes,Mercedes,4,4,5,12,58,Finished
2022,3,Australian Grand Prix,2022-04-10,albert_park,race,norris,Lando Norris,mclaren,McLaren,5,5,4,10,58,Finished
2022,3,Australian Grand Prix,2022-04-10,albert_park,race,ricciardo,Daniel Ricciardo,mclaren,McLaren,6,6,7,8,58,Finished
2022,3,Australian Grand Prix,2022-04-10,albert_park,race,ocon,Esteban Ocon,alpine,Alpine F1 Team,7,7,8,6,58,Finished
2022,3,Australian Grand Prix,2022-04-10,albert_park,race,bottas,Valtteri Bottas,alfa,Alfa Romeo,8,8,12,4,58,Finished
2022,3,Australian Grand Prix,2022-04-10,albert_park,race,gasly,Pierre Gasly,alphatauri,AlphaTauri,9,9,11,2,58,Finished
2022,3,Australian Grand Prix,2022-04-10,albert_park,race,albon,Alexander Albon,williams,Williams,10,10,20,1,58,Finished
2022,3,Australian Grand Prix,2022-04-10,albert_park,race,zhou,Guanyu Zhou,alfa,Alfa Romeo,11,11,14,0,58,Finished
2022,3,Australian Grand Prix,2022-04-10,albert_park,race,stroll,Lance Stroll,aston_martin,Aston Martin,12,12,19,0,58,Finished
2022,3,Australian Grand Prix,2022-04-10,albert_park,race,mick_schumacher,Mick Schumacher,haas,Haas F1 Team,13,13,15,0,57,+1 Lap
2022,3,Australian Grand Prix,2022-04-10,albert_park,race,kevin_magnussen,Kevin Magnussen,haas,Haas F1 Team,14,14,16,0,57,+1 Lap
2022,3,Australian Grand Prix,2022-04-10,albert_park,race,tsunoda,Yuki Tsunoda,alphatauri,AlphaTauri,15,15,13,0,57,+1 Lap
2022,3,Australian Grand Prix,2022-04-10,albert_park,race,latifi,Nicholas Latifi,williams,Williams,16,16,18,0,57,+1 Lap
2022,3,Australian Grand Prix,2022-04-10,albert_park,race,alonso,Fernando Alonso,alpine,Alpine F1 Team,17,17,10,0,57,+1 Lap
2022,3,Australian Grand Prix,2022-04-10,albert_park,race,max_verstappen,Max Verstappen,red_bull,Red Bull,18,R,2,0,38,Fuel leak
2022,3,Australian Grand Prix,2022-04-10,albert_park,race,vettel,Sebastian Vettel,aston_martin,Aston Martin,19,R,17,0,22,Accident
2022,3,Australian Grand Prix,2022-04-10,albert_park,race,sainz,Carlos Sainz,ferrari,Ferrari,20,R,9,0,1,Spun off
2022,4,Emilia Romagna Grand Prix,2022-04-24,imola,race,max_verstappen,Max Verstappen,red_bull,Red Bull,1,1,1,26,63,Finished
2022,4,Emilia Romagna Grand Prix,2022-04-24,imola,race,perez,Sergio Pérez,red_bull,Red Bull,2,2,3,18,63,Finished
2022,4,Emilia Romagna Grand Prix,2022-04-24,imola,race,norris,Lando Norris,mclaren,McLaren,3,3,5,15,63,Finished
2022,4,Emilia Romagna Grand Prix,2022-04-24,imola,race,russell,George Russell,mercedes,Mercedes,4,4,11,12,63,Finished
2022,4,Emilia Romagna Grand Prix,2022-04-24,imola,race,bottas,Valtteri Bottas,alfa,Alfa Romeo,5,5,7,10,63,Finished
2022,4,Emilia Romagna Grand Prix,2022-04-24,imola,race,leclerc,Charles Leclerc,ferrari,Ferrari,6,6,2,8,63,Finished
2022,4,Emilia Romagna Grand Prix,2022-04-24,imola,race,tsunoda,Yuki Tsunoda,alphatauri,AlphaTauri,7,7,12,6,63,Finished
2022,4,Emilia Romagna Grand Prix,2022-04-24,imola,race,vettel,Sebastian Vettel,aston_martin,Aston Martin,8,8,13,4,63,Finished
2022,4,Emilia Romagna Grand Prix,2022-04-24,imola,race,kevin_magnussen,Kevin Magnussen,haas,Haas F1 Team,9,9,8,2,63,Finished
2022,4,Emilia Romagna Grand Prix,2022-04-24,imola,race,stroll,Lance Stroll,aston_martin,Aston Martin,10,10,15,1,62,+1 Lap
2022,4,Emilia Romagna Grand Prix,2022-04-24,imola,race,albon,Alexander Albon,williams,Williams,11,11,18,0,62,+1 Lap
2022,4,Emilia Romagna Grand Prix,2022-04-24,imola,race,gasly,Pierre Gasly,alphatauri,AlphaTauri,12,12,17,0,62,+1 Lap
2022,4,Emilia Romagna Grand Prix,2022-04-24,imola,race,hamilton,Lewis Hamilton,mercedes,Mercedes,13,13,14,0,62,+1 Lap
2022,4,Emilia Romagna Grand Prix,2022-04-24,imola,race,ocon,Esteban Ocon,alpine,Alpine F1 Team,14,14,16,0,62,+1 Lap
2022,4,Emilia Romagna Grand Prix,2022-04-24,imola,race,zhou,Guanyu Zhou,alfa,Alfa Romeo,15,15,0,0,62,+1 Lap
2022,4,Emilia Romagna Grand Prix,2022-04-24,imola,race,latifi,Nicholas Latifi,williams,Williams,16,16,19,0,62,+1 Lap
2022,4,Emilia Romagna Grand Prix,2022-04-24,imola,race,mick_schumacher,Mick Schumacher,haas,Haas F1 Team,17,17,10,0,62,+1 Lap
2022,4,Emilia Romagna Grand Prix,2022-04-24,imola,race,ricciardo,Daniel Ricciardo,mclaren,McLaren,18,18,6,0,62,+1 Lap
2022,4,Emilia Romagna Grand Prix,2022-04-24,imola,race,alonso,Fernando Alonso,alpine,Alpine F1 Team,19,R,9,0,6,Collision damage
2022,4,Emilia Romagna Grand Prix,2022-04-24,imola,race,sainz,Carlos Sainz,ferrari,Ferrari,20,R,4,0,0,Collision
2022,5,Miami Grand Prix,2022-05-08,miami,race,max_verstappen,Max Verstappen,red_bull,Red Bull,1,1,3,26,57,Finished
2022,5,Miami Grand Prix,2022-05-08,miami,race,leclerc,Charles Leclerc,ferrari,Ferrari,2,2,1,18,57,Finished
2022,5,Miami Grand Prix,2022-05-08,miami,race,sainz,Carlos Sainz,ferrari,Ferrari,3,3,2,15,57,Finished
2022,5,Miami Grand Prix,2022-05-08,miami,race,perez,Sergio Pérez,red_bull,Red Bull,4,4,4,12,57,Finished
2022,5,Miami Grand Prix,2022-05-08,miami,race,russell,George Russell,mercedes,Mercedes,5,5,12,10,57,Finished
2022,5,Miami Grand Prix,2022-05-08,miami,race,hamilton,Lewis Hamilton,mercedes,Mercedes,6,6,6,8,57,Finished
2022,5,Miami Grand Prix,2022-05-08,miami,race,bottas,Valtteri Bottas,alfa,Alfa Romeo,7,7,5,6,57,Finished
2022,5,Miami Grand Prix,2022-05-08,miami,race,ocon,Esteban Ocon,alpine,Alpine F1 Team,8,8,20,4,57,Finished
2022,5,Miami Grand Prix,2022-05-08,miami,race,albon,Alexander Albon,williams,Williams,9,9,18,2,57,Finished
2022,5,Miami Grand Prix,2022-05-08,miami,race,stroll,Lance Stroll,aston_martin,Aston Martin,10,10,0,1,57,Finished
2022,5,Miami Grand Prix,2022-05-08,miami,race,alonso,Fernando Alonso,alpine,Alpine F1 Team,11,11,11,0,57,Finished
2022,5,Miami Grand Prix,2022-05-08,miami,race,tsunoda,Yuki Tsunoda,alphatauri,AlphaTauri,12,12,9,0,57,Finished
2022,5,Miami Grand Prix,2022-05-08,miami,race,ricciardo,Daniel Ricciardo,mclaren,McLaren,13,13,14,0,57,Finished
2022,5,Miami Grand Prix,2022-05-08,miami,race,latifi,Nicholas Latifi,williams,Williams,14,14,19,0,57,Finished
2022,5,Miami Grand Prix,2022-05-08,miami,race,mick_schumacher,Mick Schumacher,haas,Haas F1 Team,15,15,15,0,57,Finished
2022,5,Miami Grand Prix,2022-05-08,miami,race,kevin_magnussen,Kevin Magnussen,haas,Haas F1 Team,16,16,16,0,56,Front wing
2022,5,Miami Grand Prix,2022-05-08,miami,race,vettel,Sebastian Vettel,aston_martin,Aston Martin,17,17,0,0,54,Collision
2022,5,Miami Grand Prix,2022-05-08,miami,race,gasly,Pierre Gasly,alphatauri,AlphaTauri,18,R,7,0,45,Suspension
2022,5,Miami Grand Prix,2022-05-08,miami,race,norris,Lando Norris,mclaren,McLaren,19,R,8,0,39,Collision
2022,5,Miami Grand Prix,2022-05-08,miami,race,zhou,Guanyu Zhou,alfa,Alfa Romeo,20,R,17,0,6,Water leak
2022,6,Spanish Grand Prix,2022-05-22,catalunya,race,max_verstappen,Max Verstappen,red_bull,Red Bull,1,1,2,25,66,Finished
2022,6,Spanish Grand Prix,2022-05-22,catalunya,race,perez,Sergio Pérez,red_bull,Red Bull,2,2,5,19,66,Finished
2022,6,Spanish Grand Prix,2022-05-22,catalunya,race,russell,George Russell,mercedes,Mercedes,3,3,4,15,66,Finished
2022,6,Spanish Grand Prix,2022-05-22,catalunya,race,sainz,Carlos Sainz,ferrari,Ferrari,4,4,3,12,66,Finished
2022,6,Spanish Grand Prix,2022-05-22,catalunya,race,hamilton,Lewis Hamilton,mercedes,Mercedes,5,5,6,10,66,Finished
2022,6,Spanish Grand Prix,2022-05-22,catalunya,race,bottas,Valtteri Bottas,alfa,Alfa Romeo,6,6,7,8,66,Finished
2022,6,Spanish Grand Prix,2022-05-22,catalunya,race,ocon,Esteban Ocon,alpine,Alpine F1 Team,7,7,12,6,66,Finished
2022,6,Spanish Grand Prix,2022-05-22,catalunya,race,norris,Lando Norris,mclaren,McLaren,8,8,11,4,66,Finished
2022,6,Spanish Grand Prix,2022-05-22,catalunya,race,alonso,Fernando Alonso,alpine,Alpine F1 Team,9,9,20,2,65,+1 Lap
2022,6,Spanish Grand Prix,2022-05-22,catalunya,race,tsunoda,Yuki Tsunoda,alphatauri,AlphaTauri,10,10,13,1,65,+1 Lap
2022,6,Spanish Grand Prix,2022-05-22,catalunya,race,vettel,Sebastian Vettel,aston_martin,Aston Martin,11,11,16,0,65,+1 Lap
2022,6,Spanish Grand Prix,2022-05-22,catalunya,race,ricciardo,Daniel Ricciardo,mclaren,McLaren,12,12,9,0,65,+1 Lap
2022,6,Spanish Grand Prix,2022-05-22,catalunya,race,gasly,Pierre Gasly,alphatauri,AlphaTauri,13,13,14,0,65,+1 Lap
2022,6,Spanish Grand Prix,2022-05-22,catalunya,race,mick_schumacher,Mick Schumacher,haas,Haas F1 Team,14,14,10,0,65,+1 Lap
2022,6,Spanish Grand Prix,2022-05-22,catalunya,race,stroll,Lance Stroll,aston_martin,Aston Martin,15,15,17,0,65,+1 Lap
2022,6,Spanish Grand Prix,2022-05-22,catalunya,race,latifi,Nicholas Latifi,williams,Williams,16,16,19,0,64,+2 Laps
2022,6,Spanish Grand Prix,2022-05-22,catalunya,race,kevin_magnussen,Kevin Magnussen,haas,Haas F1 Team,17,17,8,0,64,+2 Laps
2022,6,Spanish Grand Prix,2022-05-22,catalunya,race,albon,Alexander Albon,williams,Williams,18,18,18,0,64,+2 Laps
2022,6,Spanish Grand Prix,2022-05-22,catalunya,race,zhou,Guanyu Zhou,alfa,Alfa Romeo,19,R,15,0,28,Power loss
2022,6,Spanish Grand Prix,2022-05-22,catalunya,race,leclerc,Charles Leclerc,ferrari,Ferrari,20,R,1,0,27,Turbo
2022,7,Monaco Grand Prix,2022-05-29,monaco,race,perez,Sergio Pérez,red_bull,Red Bull,1,1,3,25,64,Finished
2022,7,Monaco Grand Prix,2022-05-29,monaco,race,sainz,Carlos Sainz,ferrari,Ferrari,2,2,2,18,64,Finished
2022,7,Monaco Grand Prix,2022-05-29,monaco,race,max_verstappen,Max Verstappen,red_bull,Red Bull,3,3,4,15,64,Finished
2022,7,Monaco Grand Prix,2022-05-29,monaco,race,leclerc,Charles Leclerc,ferrari,Ferrari,4,4,1,12,64,Finished
2022,7,Monaco Grand Prix,2022-05-29,monaco,race,russell,George Russell,mercedes,Mercedes,5,5,6,10,64,Finished
2022,7,Monaco Grand Prix,2022-05-29,monaco,race,norris,Lando Norris,mclaren,McLaren,6,6,5,9,64,Finished
2022,7,Monaco Grand Prix,2022-05-29,monaco,race,alonso,Fernando Alonso,alpine,Alpine F1 Team,7,7,7,6,64,Finished
2022,7,Monaco Grand Prix,2022-05-29,monaco,race,hamilton,Lewis Hamilton,mercedes,Mercedes,8,8,8,4,64,Finished
2022,7,Monaco Grand Prix,2022-05-29,monaco,race,bottas,Valtteri Bottas,alfa,Alfa Romeo,9,9,12,2,64,Finished
2022,7,Monaco Grand Prix,2022-05-29,monaco,race,vettel,Sebastian Vettel,aston_martin,Aston Martin,10,10,9,1,64,Finished
2022,7,Monaco Grand Prix,2022-05-29,monaco,race,gasly,Pierre Gasly,alphatauri,AlphaTauri,11,11,17,0,64,Finished
2022,7,Monaco Grand Prix,2022-05-29,monaco,race,ocon,Esteban Ocon,alpine,Alpine F1 Team,12,12,10,0,64,Finished
2022,7,Monaco Grand Prix,2022-05-29,monaco,race,ricciardo,Daniel Ricciardo,mclaren,McLaren,13,13,14,0,64,Finished
2022,7,Monaco Grand Prix,2022-05-29,monaco,race,stroll,Lance Stroll,aston_martin,Aston Martin,14,14,18,0,64,Finished
2022,7,Monaco Grand Prix,2022-05-29,monaco,race,latifi,Nicholas Latifi,williams,Williams,15,15,19,0,63,+1 Lap
2022,7,Monaco Grand Prix,2022-05-29,monaco,race,zhou,Guanyu Zhou,alfa,Alfa Romeo,16,16,20,0,63,+1 Lap
2022,7,Monaco Grand Prix,2022-05-29,monaco,race,tsunoda,Yuki Tsunoda,alphatauri,AlphaTauri,17,17,11,0,63,+1 Lap
2022,7,Monaco Grand Prix,2022-05-29,monaco,race,albon,Alexander Albon,williams,Williams,18,R,16,0,48,Mechanical
2022,7,Monaco Grand Prix,2022-05-29,monaco,race,mick_schumacher,Mick Schumacher,haas,Haas F1 Team,19,R,15,0,24,Accident
2022,7,Monaco Grand Prix,2022-05-29,monaco,race,kevin_magnussen,Kevin Magnussen,haas,Haas F1 Team,20,R,13,0,19,Water pressure
2022,8,Azerbaijan Grand Prix,2022-06-12,baku,race,max_verstappen,Max Verstappen,red_bull,Red Bull,1,1,3,25,51,Finished
2022,8,Azerbaijan Grand Prix,2022-06-12,baku,race,perez,Sergio Pérez,red_bull,Red Bull,2,2,2,19,51,Finished
2022,8,Azerbaijan Grand Prix,2022-06-12,baku,race,russell,George Russell,mercedes,Mercedes,3,3,5,15,51,Finished
2022,8,Azerbaijan Grand Prix,2022-06-12,baku,race,hamilton,Lewis Hamilton,mercedes,Mercedes,4,4,7,12,51,Finished
2022,8,Azerbaijan Grand Prix,2022-06-12,baku,race,gasly,Pierre Gasly,alphatauri,AlphaTauri,5,5,6,10,51,Finished
2022,8,Azerbaijan Grand Prix,2022-06-12,baku,race,vettel,Sebastian Vettel,aston_martin,Aston Martin,6,6,9,8,51,Finished
2022,8,Azerbaijan Grand Prix,2022-06-12,baku,race,alonso,Fernando Alonso,alpine,Alpine F1 Team,7,7,10,6,51,Finished
2022,8,Azerbaijan Grand Prix,2022-06-12,baku,race,ricciardo,Daniel Ricciardo,mclaren,McLaren,8,8,12,4,51,Finished
2022,8,Azerbaijan Grand Prix,2022-06-12,baku,race,norris,Lando Norris,mclaren,McLaren,9,9,11,2,51,Finished
2022,8,Azerbaijan Grand Prix,2022-06-12,baku,race,ocon,Esteban Ocon,alpine,Alpine F1 Team,10,10,13,1,51,Finished
2022,8,Azerbaijan Grand Prix,2022-06-12,baku,race,bottas,Valtteri Bottas,alfa,Alfa Romeo,11,11,15,0,50,+1 Lap
2022,8,Azerbaijan Grand Prix,2022-06-12,baku,race,albon,Alexander Albon,williams,Williams,12,12,17,0,50,+1 Lap
2022,8,Azerbaijan Grand Prix,2022-06-12,baku,race,tsunoda,Yuki Tsunoda,alphatauri,AlphaTauri,13,13,8,0,50,+1 Lap
2022,8,Azerbaijan Grand Prix,2022-06-12,baku,race,mick_schumacher,Mick Schumacher,haas,Haas F1 Team,14,14,20,0,50,+1 Lap
2022,8,Azerbaijan Grand Prix,2022-06-12,baku,race,latifi,Nicholas Latifi,williams,Williams,15,15,18,0,50,+1 Lap
2022,8,Azerbaijan Grand Prix,2022-06-12,baku,race,stroll,Lance Stroll,aston_martin,Aston Martin,16,16,19,0,46,Vibrations
2022,8,Azerbaijan Grand Prix,2022-06-12,baku,race,kevin_magnussen,Kevin Magnussen,haas,Haas F1 Team,17,R,16,0,31,Power Unit
2022,8,Azerbaijan Grand Prix,2022-06-12,baku,race,zhou,Guanyu Zhou,alfa,Alfa Romeo,18,R,14,0,23,Hydraulics
2022,8,Azerbaijan Grand Prix,2022-06-12,baku,race,leclerc,Charles Leclerc,ferrari,Ferrari,19,R,1,0,21,Power Unit
2022,8,Azerbaijan Grand Prix,2022-06-12,baku,race,sainz,Carlos Sainz,ferrari,Ferrari,20,R,4,0,8,Hydraulics
2022,9,Canadian Grand Prix,2022-06-19,villeneuve,race,max_verstappen,Max Verstappen,red_bull,Red Bull,1,1,1,25,70,Finished
2022,9,Canadian Grand Prix,2022-06-19,villeneuve,race,sainz,Carlos Sainz,ferrari,Ferrari,2,2,3,19,70,Finished
2022,9,Canadian Grand Prix,2022-06-19,villeneuve,race,hamilton,Lewis Hamilton,mercedes,Mercedes,3,3,4,15,70,Finished
2022,9,Canadian Grand Prix,2022-06-19,villeneuve,race,russell,George Russell,mercedes,Mercedes,4,4,8,12,70,Finished
2022,9,Canadian Grand Prix,2022-06-19,villeneuve,race,leclerc,Charles Leclerc,ferrari,Ferrari,5,5,19,10,70,Finished
2022,9,Canadian Grand Prix,2022-06-19,villeneuve,race,ocon,Esteban Ocon,alpine,Alpine F1 Team,6,6,7,8,70,Finished
2022,9,Canadian Grand Prix,2022-06-19,villeneuve,race,bottas,Valtteri Bottas,alfa,Alfa Romeo,7,7,11,6,70,Finished
2022,9,Canadian Grand Prix,2022-06-19,villeneuve,race,zhou,Guanyu Zhou,alfa,Alfa Romeo,8,8,10,4,70,Finished
2022,9,Canadian Grand Prix,2022-06-19,villeneuve,race,alonso,Fernando Alonso,alpine,Alpine F1 Team,9,9,2,2,70,Finished
2022,9,Canadian Grand Prix,2022-06-19,villeneuve,race,stroll,Lance Stroll,aston_martin,Aston Martin,10,10,17,1,70,Finished
2022,9,Canadian Grand Prix,2022-06-19,villeneuve,race,ricciardo,Daniel Ricciardo,mclaren,McLaren,11,11,9,0,70,Finished
2022,9,Canadian Grand Prix,2022-06-19,villeneuve,race,vettel,Sebastian Vettel,aston_martin,Aston Martin,12,12,16,0,70,Finished
2022,9,Canadian Grand Prix,2022-06-19,villeneuve,race,albon,Alexander Albon,williams,Williams,13,13,12,0,70,Finished
2022,9,Canadian Grand Prix,2022-06-19,villeneuve,race,gasly,Pierre Gasly,alphatauri,AlphaTauri,14,14,15,0,70,Finished
2022,9,Canadian Grand Prix,2022-06-19,villeneuve,race,norris,Lando Norris,mclaren,McLaren,15,15,14,0,70,Finished
2022,9,Canadian Grand Prix,2022-06-19,villeneuve,race,latifi,Nicholas Latifi,williams,Williams,16,16,18,0,70,Finished
2022,9,Canadian Grand Prix,2022-06-19,villeneuve,race,kevin_magnussen,Kevin Magnussen,haas,Haas F1 Team,17,17,5,0,70,Finished
2022,9,Canadian Grand Prix,2022-06-19,villeneuve,race,tsunoda,Yuki Tsunoda,alphatauri,AlphaTauri,18,R,20,0,47,Accident
2022,9,Canadian Grand Prix,2022-06-19,villeneuve,race,mick_schumacher,Mick Schumacher,haas,Haas F1 Team,19,R,6,0,18,Engine
2022,9,Canadian Grand Prix,2022-06-19,villeneuve,race,perez,Sergio Pérez,red_bull,Red Bull,20,R,13,0,7,Gearbox
2022,10,British Grand Prix,2022-07-03,silverstone,race,sainz,Carlos Sainz,ferrari,Ferrari,1,1,1,25,52,Finished
2022,10,British Grand Prix,2022-07-03,silverstone,race,perez,Sergio Pérez,red_bull,Red Bull,2,2,4,18,52,Finished
2022,10,British Grand Prix,2022-07-03,silverstone,race,hamilton,Lewis Hamilton,mercedes,Mercedes,3,3,5,16,52,Finished
2022,10,British Grand Prix,2022-07-03,silverstone,race,leclerc,Charles Leclerc,ferrari,Ferrari,4,4,3,12,52,Finished
2022,10,British Grand Prix,2022-07-03,silverstone,race,alonso,Fernando Alonso,alpine,Alpine F1 Team,5,5,7,10,52,Finished
2022,10,British Grand Prix,2022-07-03,silverstone,race,norris,Lando Norris,mclaren,McLaren,6,6,6,8,52,Finished
2022,10,British Grand Prix,2022-07-03,silverstone,race,max_verstappen,Max Verstappen,red_bull,Red Bull,7,7,2,6,52,Finished
2022,10,British Grand Prix,2022-07-03,silverstone,race,mick_schumacher,Mick Schumacher,haas,Haas F1 Team,8,8,19,4,52,Finished
2022,10,British Grand Prix,2022-07-03,silverstone,race,vettel,Sebastian Vettel,aston_martin,Aston Martin,9,9,18,2,52,Finished
2022,10,British Grand Prix,2022-07-03,silverstone,race,kevin_magnussen,Kevin Magnussen,haas,Haas F1 Team,10,10,17,1,52,Finished
2022,10,British Grand Prix,2022-07-03,silverstone,race,stroll,Lance Stroll,aston_martin,Aston Martin,11,11,20,0,52,Finished
2022,10,British Grand Prix,2022-07-03,silverstone,race,latifi,Nicholas Latifi,williams,Williams,12,12,10,0,52,Finished
2022,10,British Grand Prix,2022-07-03,silverstone,race,ricciardo,Daniel Ricciardo,mclaren,McLaren,13,13,14,0,52,Finished
2022,10,British Grand Prix,2022-07-03,silverstone,race,tsunoda,Yuki Tsunoda,alphatauri,AlphaTauri,14,14,13,0,52,Finished
2022,10,British Grand Prix,2022-07-03,silverstone,race,ocon,Esteban Ocon,alpine,Alpine F1 Team,15,R,15,0,37,Fuel pump
2022,10,British Grand Prix,2022-07-03,silverstone,race,gasly,Pierre Gasly,alphatauri,AlphaTauri,16,R,11,0,26,Collision damage
2022,10,British Grand Prix,2022-07-03,silverstone,race,bottas,Valtteri Bottas,alfa,Alfa Romeo,17,R,12,0,20,Gearbox
2022,10,British Grand Prix,2022-07-03,silverstone,race,russell,George Russell,mercedes,Mercedes,18,R,8,0,0,Collision
2022,10,British Grand Prix,2022-07-03,silverstone,race,zhou,Guanyu Zhou,alfa,Alfa Romeo,19,R,9,0,0,Collision
2022,10,British Grand Prix,2022-07-03,silverstone,race,albon,Alexander Albon,williams,Williams,20,R,16,0,0,Collision
2022,11,Austrian Grand Prix,2022-07-10,red_bull_ring,race,leclerc,Charles Leclerc,ferrari,Ferrari,1,1,2,25,71,Finished
2022,11,Austrian Grand Prix,2022-07-10,red_bull_ring,race,max_verstappen,Max Verstappen,red_bull,Red Bull,2,2,1,19,71,Finished
2022,11,Austrian Grand Prix,2022-07-10,red_bull_ring,race,hamilton,Lewis Hamilton,mercedes,Mercedes,3,3,8,15,71,Finished
2022,11,Austrian Grand Prix,2022-07-10,red_bull_ring,race,russell,George Russell,mercedes,Mercedes,4,4,4,12,71,Finished
2022,11,Austrian Grand Prix,2022-07-10,red_bull_ring,race,ocon,Esteban Ocon,alpine,Alpine F1 Team,5,5,6,10,71,Finished
2022,11,Austrian Grand Prix,2022-07-10,red_bull_ring,race,mick_schumacher,Mick Schumacher,haas,Haas F1 Team,6,6,9,8,70,+1 Lap
2022,11,Austrian Grand Prix,2022-07-10,red_bull_ring,race,norris,Lando Norris,mclaren,McLaren,7,7,10,6,70,+1 Lap
2022,11,Austrian Grand Prix,2022-07-10,red_bull_ring,race,kevin_magnussen,Kevin Magnussen,haas,Haas F1 Team,8,8,7,4,70,+1 Lap
2022,11,Austrian Grand Prix,2022-07-10,red_bull_ring,race,ricciardo,Daniel Ricciardo,mclaren,McLaren,9,9,11,2,70,+1 Lap
2022,11,Austrian Grand Prix,2022-07-10,red_bull_ring,race,alonso,Fernando Alonso,alpine,Alpine F1 Team,10,10,19,1,70,+1 Lap
2022,11,Austrian Grand Prix,2022-07-10,red_bull_ring,race,bottas,Valtteri Bottas,alfa,Alfa Romeo,11,11,0,0,70,+1 Lap
2022,11,Austrian Grand Prix,2022-07-10,red_bull_ring,race,albon,Alexander Albon,williams,Williams,12,12,15,0,70,+1 Lap
2022,11,Austrian Grand Prix,2022-07-10,red_bull_ring,race,stroll,Lance Stroll,aston_martin,Aston Martin,13,13,12,0,70,+1 Lap
2022,11,Austrian Grand Prix,2022-07-10,red_bull_ring,race,zhou,Guanyu Zhou,alfa,Alfa Romeo,14,14,13,0,70,+1 Lap
2022,11,Austrian Grand Prix,2022-07-10,red_bull_ring,race,gasly,Pierre Gasly,alphatauri,AlphaTauri,15,15,14,0,70,+1 Lap
2022,11,Austrian Grand Prix,2022-07-10,red_bull_ring,race,tsunoda,Yuki Tsunoda,alphatauri,AlphaTauri,16,16,16,0,70,+1 Lap
2022,11,Austrian Grand Prix,2022-07-10,red_bull_ring,race,vettel,Sebastian Vettel,aston_martin,Aston Martin,17,17,18,0,70,+1 Lap
2022,11,Austrian Grand Prix,2022-07-10,red_bull_ring,race,sainz,Carlos Sainz,ferrari,Ferrari,18,R,3,0,56,Power Unit
2022,11,Austrian Grand Prix,2022-07-10,red_bull_ring,race,latifi,Nicholas Latifi,williams,Williams,19,R,17,0,48,Undertray
2022,11,Austrian Grand Prix,2022-07-10,red_bull_ring,race,perez,Sergio Pérez,red_bull,Red Bull,20,R,5,0,24,Collision damage
2022,12,French Grand Prix,2022-07-24,ricard,race,max_verstappen,Max Verstappen,red_bull,Red Bull,1,1,2,25,53,Finished
2022,12,French Grand Prix,2022-07-24,ricard,race,hamilton,Lewis Hamilton,mercedes,Mercedes,2,2,4,18,53,Finished
2022,12,French Grand Prix,2022-07-24,ricard,race,russell,George Russell,mercedes,Mercedes,3,3,6,15,53,Finished
2022,12,French Grand Prix,2022-07-24,ricard,race,perez,Sergio Pérez,red_bull,Red Bull,4,4,3,12,53,Finished
2022,12,French Grand Prix,2022-07-24,ricard,race,sainz,Carlos Sainz,ferrari,Ferrari,5,5,19,11,53,Finished
2022,12,French Grand Prix,2022-07-24,ricard,race,alonso,Fernando Alonso,alpine,Alpine F1 Team,6,6,7,8,53,Finished
2022,12,French Grand Prix,2022-07-24,ricard,race,norris,Lando Norris,mclaren,McLaren,7,7,5,6,53,Finished
2022,12,French Grand Prix,2022-07-24,ricard,race,ocon,Esteban Ocon,alpine,Alpine F1 Team,8,8,10,4,53,Finished
2022,12,French Grand Prix,2022-07-24,ricard,race,ricciardo,Daniel Ricciardo,mclaren,McLaren,9,9,9,2,53,Finished
2022,12,French Grand Prix,2022-07-24,ricard,race,stroll,Lance Stroll,aston_martin,Aston Martin,10,10,15,1,53,Finished
2022,12,French Grand Prix,2022-07-24,ricard,race,vettel,Sebastian Vettel,aston_martin,Aston Martin,11,11,12,0,53,Finished
2022,12,French Grand Prix,2022-07-24,ricard,race,gasly,Pierre Gasly,alphatauri,AlphaTauri,12,12,14,0,53,Finished
2022,12,French Grand Prix,2022-07-24,ricard,race,albon,Alexander Albon,williams,Williams,13,13,13,0,53,Finished
2022,12,French Grand Prix,2022-07-24,ricard,race,bottas,Valtteri Bottas,alfa,Alfa Romeo,14,14,11,0,53,Finished
2022,12,French Grand Prix,2022-07-24,ricard,race,mick_schumacher,Mick Schumacher,haas,Haas F1 Team,15,15,17,0,53,Finished
2022,12,French Grand Prix,2022-07-24,ricard,race,zhou,Guanyu Zhou,alfa,Alfa Romeo,16,16,16,0,47,+6 Laps
2022,12,French Grand Prix,2022-07-24,ricard,race,latifi,Nicholas Latifi,williams,Williams,17,R,18,0,40,Collision damage
2022,12,French Grand Prix,2022-07-24,ricard,race,kevin_magnussen,Kevin Magnussen,haas,Haas F1 Team,18,R,20,0,37,Collision damage
2022,12,French Grand Prix,2022-07-24,ricard,race,leclerc,Charles Leclerc,ferrari,Ferrari,19,R,1,0,17,Accident
2022,12,French Grand Prix,2022-07-24,ricard,race,tsunoda,Yuki Tsunoda,alphatauri,AlphaTauri,20,R,8,0,17,Undertray
2022,13,Hungarian Grand Prix,2022-07-31,hungaroring,race,max_verstappen,Max Verstappen,red_bull,Red Bull,1,1,10,25,70,Finished
2022,13,Hungarian Grand Prix,2022-07-31,hungaroring,race,hamilton,Lewis Hamilton,mercedes,Mercedes,2,2,7,19,70,Finished
2022,13,Hungarian Grand Prix,2022-07-31,hungaroring,race,russell,George Russell,mercedes,Mercedes,3,3,1,15,70,Finished
2022,13,Hungarian Grand Prix,2022-07-31,hungaroring,race,sainz,Carlos Sainz,ferrari,Ferrari,4,4,2,12,70,Finished
2022,13,Hungarian Grand Prix,2022-07-31,hungaroring,race,perez,Sergio Pérez,red_bull,Red Bull,5,5,11,10,70,Finished
2022,13,Hungarian Grand Prix,2022-07-31,hungaroring,race,leclerc,Charles Leclerc,ferrari,Ferrari,6,6,3,8,70,Finished
2022,13,Hungarian Grand Prix,2022-07-31,hungaroring,race,norris,Lando Norris,mclaren,McLaren,7,7,4,6,70,Finished
2022,13,Hungarian Grand Prix,2022-07-31,hungaroring,race,alonso,Fernando Alonso,alpine,Alpine F1 Team,8,8,6,4,69,+1 Lap
2022,13,Hungarian Grand Prix,2022-07-31,hungaroring,race,ocon,Esteban Ocon,alpine,Alpine F1 Team,9,9,5,2,69,+1 Lap
2022,13,Hungarian Grand Prix,2022-07-31,hungaroring,race,vettel,Sebastian Vettel,aston_martin,Aston Martin,10,10,18,1,69,+1 Lap
2022,13,Hungarian Grand Prix,2022-07-31,hungaroring,race,stroll,Lance Stroll,aston_martin,Aston Martin,11,11,14,0,69,+1 Lap
2022,13,Hungarian Grand Prix,2022-07-31,hungaroring,race,gasly,Pierre Gasly,alphatauri,AlphaTauri,12,12,0,0,69,+1 Lap
2022,13,Hungarian Grand Prix,2022-07-31,hungaroring,race,zhou,Guanyu Zhou,alfa,Alfa Romeo,13,13,12,0,69,+1 Lap
2022,13,Hungarian Grand Prix,2022-07-31,hungaroring,race,mick_schumacher,Mick Schumacher,haas,Haas F1 Team,14,14,15,0,69,+1 Lap
2022,13,Hungarian Grand Prix,2022-07-31,hungaroring,race,ricciardo,Daniel Ricciardo,mclaren,McLaren,15,15,9,0,69,+1 Lap
2022,13,Hungarian Grand Prix,2022-07-31,hungaroring,race,kevin_magnussen,Kevin Magnussen,haas,Haas F1 Team,16,16,13,0,69,+1 Lap
2022,13,Hungarian Grand Prix,2022-07-31,hungaroring,race,albon,Alexander Albon,williams,Williams,17,17,17,0,69,+1 Lap
2022,13,Hungarian Grand Prix,2022-07-31,hungaroring,race,latifi,Nicholas Latifi,williams,Williams,18,18,19,0,69,+1 Lap
2022,13,Hungarian Grand Prix,2022-07-31,hungaroring,race,tsunoda,Yuki Tsunoda,alphatauri,AlphaTauri,19,19,16,0,68,+2 Laps
2022,13,Hungarian Grand Prix,2022-07-31,hungaroring,race,bottas,Valtteri Bottas,alfa,Alfa Romeo,20,20,8,0,65,Power Unit
2022,14,Belgian Grand Prix,2022-08-28,spa,race,max_verstappen,Max Verstappen,red_bull,Red Bull,1,1,14,26,44,Finished
2022,14,Belgian Grand Prix,2022-08-28,spa,race,perez,Sergio Pérez,red_bull,Red Bull,2,2,2,18,44,Finished
2022,14,Belgian Grand Prix,2022-08-28,spa,race,sainz,Carlos Sainz,ferrari,Ferrari,3,3,1,15,44,Finished
2022,14,Belgian Grand Prix,2022-08-28,spa,race,russell,George Russell,mercedes,Mercedes,4,4,5,12,44,Finished
2022,14,Belgian Grand Prix,2022-08-28,spa,race,alonso,Fernando Alonso,alpine,Alpine F1 Team,5,5,3,10,44,Finished
2022,14,Belgian Grand Prix,2022-08-28,spa,race,leclerc,Charles Leclerc,ferrari,Ferrari,6,6,15,8,44,Finished
2022,14,Belgian Grand Prix,2022-08-28,spa,race,ocon,Esteban Ocon,alpine,Alpine F1 Team,7,7,16,6,44,Finished
2022,14,Belgian Grand Prix,2022-08-28,spa,race,vettel,Sebastian Vettel,aston_martin,Aston Martin,8,8,10,4,44,Finished
2022,14,Belgian Grand Prix,2022-08-28,spa,race,gasly,Pierre Gasly,alphatauri,AlphaTauri,9,9,0,2,44,Finished
2022,14,Belgian Grand Prix,2022-08-28,spa,race,albon,Alexander Albon,williams,Williams,10,10,6,1,44,Finished
2022,14,Belgian Grand Prix,2022-08-28,spa,race,stroll,Lance Stroll,aston_martin,Aston Martin,11,11,9,0,44,Finished
2022,14,Belgian Grand Prix,2022-08-28,spa,race,norris,Lando Norris,mclaren,McLaren,12,12,17,0,44,Finished
2022,14,Belgian Grand Prix,2022-08-28,spa,race,tsunoda,Yuki Tsunoda,alphatauri,AlphaTauri,13,13,0,0,44,Finished
2022,14,Belgian Grand Prix,2022-08-28,spa,race,zhou,Guanyu Zhou,alfa,Alfa Romeo,14,14,18,0,44,Finished
2022,14,Belgian Grand Prix,2022-08-28,spa,race,ricciardo,Daniel Ricciardo,mclaren,McLaren,15,15,7,0,44,Finished
2022,14,Belgian Grand Prix,2022-08-28,spa,race,kevin_magnussen,Kevin Magnussen,haas,Haas F1 Team,16,16,12,0,43,+1 Lap
2022,14,Belgian Grand Prix,2022-08-28,spa,race,mick_schumacher,Mick Schumacher,haas,Haas F1 Team,17,17,19,0,43,+1 Lap
2022,14,Belgian Grand Prix,2022-08-28,spa,race,latifi,Nicholas Latifi,williams,Williams,18,18,11,0,43,+1 Lap
2022,14,Belgian Grand Prix,2022-08-28,spa,race,bottas,Valtteri Bottas,alfa,Alfa Romeo,19,R,13,0,1,Accident
2022,14,Belgian Grand Prix,2022-08-28,spa,race,hamilton,Lewis Hamilton,mercedes,Mercedes,20,R,4,0,0,Collision damage
2022,15,Dutch Grand Prix,2022-09-04,zandvoort,race,max_verstappen,Max Verstappen,red_bull,Red Bull,1,1,1,26,72,Finished
2022,15,Dutch Grand Prix,2022-09-04,zandvoort,race,russell,George Russell,mercedes,Mercedes,2,2,6,18,72,Finished
2022,15,Dutch Grand Prix,2022-09-04,zandvoort,race,leclerc,Charles Leclerc,ferrari,Ferrari,3,3,2,15,72,Finished
2022,15,Dutch Grand Prix,2022-09-04,zandvoort,race,hamilton,Lewis Hamilton,mercedes,Mercedes,4,4,4,12,72,Finished
2022,15,Dutch Grand Prix,2022-09-04,zandvoort,race,perez,Sergio Pérez,red_bull,Red Bull,5,5,5,10,72,Finished
2022,15,Dutch Grand Prix,2022-09-04,zandvoort,race,alonso,Fernando Alonso,alpine,Alpine F1 Team,6,6,13,8,72,Finished
2022,15,Dutch Grand Prix,2022-09-04,zandvoort,race,norris,Lando Norris,mclaren,McLaren,7,7,7,6,72,Finished
2022,15,Dutch Grand Prix,2022-09-04,zandvoort,race,sainz,Carlos Sainz,ferrari,Ferrari,8,8,3,4,72,Finished
2022,15,Dutch Grand Prix,2022-09-04,zandvoort,race,ocon,Esteban Ocon,alpine,Alpine F1 Team,9,9,12,2,72,Finished
2022,15,Dutch Grand Prix,2022-09-04,zandvoort,race,stroll,Lance Stroll,aston_martin,Aston Martin,10,10,10,1,72,Finished
2022,15,Dutch Grand Prix,2022-09-04,zandvoort,race,gasly,Pierre Gasly,alphatauri,AlphaTauri,11,11,11,0,72,Finished
2022,15,Dutch Grand Prix,2022-09-04,zandvoort,race,albon,Alexander Albon,williams,Williams,12,12,15,0,72,Finished
2022,15,Dutch Grand Prix,2022-09-04,zandvoort,race,mick_schumacher,Mick Schumacher,haas,Haas F1 Team,13,13,8,0,72,Finished
2022,15,Dutch Grand Prix,2022-09-04,zandvoort,race,vettel,Sebastian Vettel,aston_martin,Aston Martin,14,14,19,0,72,Finished
2022,15,Dutch Grand Prix,2022-09-04,zandvoort,race,kevin_magnussen,Kevin Magnussen,haas,Haas F1 Team,15,15,18,0,72,Finished
2022,15,Dutch Grand Prix,2022-09-04,zandvoort,race,zhou,Guanyu Zhou,alfa,Alfa Romeo,16,16,14,0,72,Finished
2022,15,Dutch Grand Prix,2022-09-04,zandvoort,race,ricciardo,Daniel Ricciardo,mclaren,McLaren,17,17,17,0,72,Finished
2022,15,Dutch Grand Prix,2022-09-04,zandvoort,race,latifi,Nicholas Latifi,williams,Williams,18,18,20,0,71,+1 Lap
2022,15,Dutch Grand Prix,2022-09-04,zandvoort,race,bottas,Valtteri Bottas,alfa,Alfa Romeo,19,R,16,0,53,Engine
2022,15,Dutch Grand Prix,2022-09-04,zandvoort,race,tsunoda,Yuki Tsunoda,alphatauri,AlphaTauri,20,R,9,0,43,Differential
2022,16,Italian Grand Prix,2022-09-11,monza,race,max_verstappen,Max Verstappen,red_bull,Red Bull,1,1,7,25,53,Finished
2022,16,Italian Grand Prix,2022-09-11,monza,race,leclerc,Charles Leclerc,ferrari,Ferrari,2,2,1,18,53,Finished
2022,16,Italian Grand Prix,2022-09-11,monza,race,russell,George Russell,mercedes,Mercedes,3,3,2,15,53,Finished
2022,16,Italian Grand Prix,2022-09-11,monza,race,sainz,Carlos Sainz,ferrari,Ferrari,4,4,18,12,53,Finished
2022,16,Italian Grand Prix,2022-09-11,monza,race,hamilton,Lewis Hamilton,mercedes,Mercedes,5,5,19,10,53,Finished
2022,16,Italian Grand Prix,2022-09-11,monza,race,perez,Sergio Pérez,red_bull,Red Bull,6,6,13,9,53,Finished
2022,16,Italian Grand Prix,2022-09-11,monza,race,norris,Lando Norris,mclaren,McLaren,7,7,3,6,53,Finished
2022,16,Italian Grand Prix,2022-09-11,monza,race,gasly,Pierre Gasly,alphatauri,AlphaTauri,8,8,5,4,53,Finished
2022,16,Italian Grand Prix,2022-09-11,monza,race,de_vries,Nyck de Vries,williams,Williams,9,9,8,2,53,Finished
2022,16,Italian Grand Prix,2022-09-11,monza,race,zhou,Guanyu Zhou,alfa,Alfa Romeo,10,10,9,1,53,Finished
2022,16,Italian Grand Prix,2022-09-11,monza,race,ocon,Esteban Ocon,alpine,Alpine F1 Team,11,11,14,0,53,Finished
2022,16,Italian Grand Prix,2022-09-11,monza,race,mick_schumacher,Mick Schumacher,haas,Haas F1 Team,12,12,17,0,53,Finished
2022,16,Italian Grand Prix,2022-09-11,monza,race,bottas,Valtteri Bottas,alfa,Alfa Romeo,13,13,15,0,52,+1 Lap
2022,16,Italian Grand Prix,2022-09-11,monza,race,tsunoda,Yuki Tsunoda,alphatauri,AlphaTauri,14,14,20,0,52,+1 Lap
2022,16,Italian Grand Prix,2022-09-11,monza,race,latifi,Nicholas Latifi,williams,Williams,15,15,10,0,52,+1 Lap
2022,16,Italian Grand Prix,2022-09-11,monza,race,kevin_magnussen,Kevin Magnussen,haas,Haas F1 Team,16,16,16,0,52,+1 Lap
2022,16,Italian Grand Prix,2022-09-11,monza,race,ricciardo,Daniel Ricciardo,mclaren,McLaren,17,R,4,0,45,Oil leak
2022,16,Italian Grand Prix,2022-09-11,monza,race,stroll,Lance Stroll,aston_martin,Aston Martin,18,R,12,0,39,Engine
2022,16,Italian Grand Prix,2022-09-11,monza,race,alonso,Fernando Alonso,alpine,Alpine F1 Team,19,R,6,0,31,Water pressure
2022,16,Italian Grand Prix,2022-09-11,monza,race,vettel,Sebastian Vettel,aston_martin,Aston Martin,20,R,11,0,10,Engine
2022,17,Singapore Grand Prix,2022-10-02,marina_bay,race,perez,Sergio Pérez,red_bull,Red Bull,1,1,2,25,59,Finished
2022,17,Singapore Grand Prix,2022-10-02,marina_bay,race,leclerc,Charles Leclerc,ferrari,Ferrari,2,2,1,18,59,Finished
2022,17,Singapore Grand Prix,2022-10-02,marina_bay,race,sainz,Carlos Sainz,ferrari,Ferrari,3,3,4,15,59,Finished
2022,17,Singapore Grand Prix,2022-10-02,marina_bay,race,norris,Lando Norris,mclaren,McLaren,4,4,6,12,59,Finished
2022,17,Singapore Grand Prix,2022-10-02,marina_bay,race,ricciardo,Daniel Ricciardo,mclaren,McLaren,5,5,16,10,59,Finished
2022,17,Singapore Grand Prix,2022-10-02,marina_bay,race,stroll,Lance Stroll,aston_martin,Aston Martin,6,6,11,8,59,Finished
2022,17,Singapore Grand Prix,2022-10-02,marina_bay,race,max_verstappen,Max Verstappen,red_bull,Red Bull,7,7,8,6,59,Finished
2022,17,Singapore Grand Prix,2022-10-02,marina_bay,race,vettel,Sebastian Vettel,aston_martin,Aston Martin,8,8,13,4,59,Finished
2022,17,Singapore Grand Prix,2022-10-02,marina_bay,race,hamilton,Lewis Hamilton,mercedes,Mercedes,9,9,3,2,59,Finished
2022,17,Singapore Grand Prix,2022-10-02,marina_bay,race,gasly,Pierre Gasly,alphatauri,AlphaTauri,10,10,7,1,59,Finished
2022,17,Singapore Grand Prix,2022-10-02,marina_bay,race,bottas,Valtteri Bottas,alfa,Alfa Romeo,11,11,15,0,59,Finished
2022,17,Singapore Grand Prix,2022-10-02,marina_bay,race,kevin_magnussen,Kevin Magnussen,haas,Haas F1 Team,12,12,9,0,59,Finished
2022,17,Singapore Grand Prix,2022-10-02,marina_bay,race,mick_schumacher,Mick Schumacher,haas,Haas F1 Team,13,13,12,0,58,+1 Lap
2022,17,Singapore Grand Prix,2022-10-02,marina_bay,race,russell,George Russell,mercedes,Mercedes,14,14,0,0,57,+2 Laps
2022,17,Singapore Grand Prix,2022-10-02,marina_bay,race,tsunoda,Yuki Tsunoda,alphatauri,AlphaTauri,15,R,10,0,34,Accident
2022,17,Singapore Grand Prix,2022-10-02,marina_bay,race,ocon,Esteban Ocon,alpine,Alpine F1 Team,16,R,17,0,26,Engine
2022,17,Singapore Grand Prix,2022-10-02,marina_bay,race,albon,Alexander Albon,williams,Williams,17,R,18,0,25,Collision damage
2022,17,Singapore Grand Prix,2022-10-02,marina_bay,race,alonso,Fernando Alonso,alpine,Alpine F1 Team,18,R,5,0,20,Engine
2022,17,Singapore Grand Prix,2022-10-02,marina_bay,race,latifi,Nicholas Latifi,williams,Williams,19,R,19,0,7,Collision damage
2022,17,Singapore Grand Prix,2022-10-02,marina_bay,race,zhou,Guanyu Zhou,alfa,Alfa Romeo,20,R,14,0,6,Collision
2022,18,Japanese Grand Prix,2022-10-09,suzuka,race,max_verstappen,Max Verstappen,red_bull,Red Bull,1,1,1,25,28,Finished
2022,18,Japanese Grand Prix,2022-10-09,suzuka,race,perez,Sergio Pérez,red_bull,Red Bull,2,2,4,18,28,Finished
2022,18,Japanese Grand Prix,2022-10-09,suzuka,race,leclerc,Charles Leclerc,ferrari,Ferrari,3,3,2,15,28,Finished
2022,18,Japanese Grand Prix,2022-10-09,suzuka,race,ocon,Esteban Ocon,alpine,Alpine F1 Team,4,4,5,12,28,Finished
2022,18,Japanese Grand Prix,2022-10-09,suzuka,race,hamilton,Lewis Hamilton,mercedes,Mercedes,5,5,6,10,28,Finished
2022,18,Japanese Grand Prix,2022-10-09,suzuka,race,vettel,Sebastian Vettel,aston_martin,Aston Martin,6,6,9,8,28,Finished
2022,18,Japanese Grand Prix,2022-10-09,suzuka,race,alonso,Fernando Alonso,alpine,Alpine F1 Team,7,7,7,6,28,Finished
2022,18,Japanese Grand Prix,2022-10-09,suzuka,race,russell,George Russell,mercedes,Mercedes,8,8,8,4,28,Finished
2022,18,Japanese Grand Prix,2022-10-09,suzuka,race,latifi,Nicholas Latifi,williams,Williams,9,9,20,2,28,Finished
2022,18,Japanese Grand Prix,2022-10-09,suzuka,race,norris,Lando Norris,mclaren,McLaren,10,10,10,1,28,Finished
2022,18,Japanese Grand Prix,2022-10-09,suzuka,race,ricciardo,Daniel Ricciardo,mclaren,McLaren,11,11,11,0,28,Finished
2022,18,Japanese Grand Prix,2022-10-09,suzuka,race,stroll,Lance Stroll,aston_martin,Aston Martin,12,12,19,0,28,Finished
2022,18,Japanese Grand Prix,2022-10-09,suzuka,race,tsunoda,Yuki Tsunoda,alphatauri,AlphaTauri,13,13,13,0,28,Finished
2022,18,Japanese Grand Prix,2022-10-09,suzuka,race,kevin_magnussen,Kevin Magnussen,haas,Haas F1 Team,14,14,18,0,28,Finished
2022,18,Japanese Grand Prix,2022-10-09,suzuka,race,bottas,Valtteri Bottas,alfa,Alfa Romeo,15,15,12,0,28,Finished
2022,18,Japanese Grand Prix,2022-10-09,suzuka,race,zhou,Guanyu Zhou,alfa,Alfa Romeo,16,16,14,0,28,Finished
2022,18,Japanese Grand Prix,2022-10-09,suzuka,race,mick_schumacher,Mick Schumacher,haas,Haas F1 Team,17,17,15,0,28,Finished
2022,18,Japanese Grand Prix,2022-10-09,suzuka,race,gasly,Pierre Gasly,alphatauri,AlphaTauri,18,18,17,0,28,Finished
2022,18,Japanese Grand Prix,2022-10-09,suzuka,race,sainz,Carlos Sainz,ferrari,Ferrari,19,R,3,0,0,Accident
2022,18,Japanese Grand Prix,2022-10-09,suzuka,race,albon,Alexander Albon,williams,Williams,20,R,16,0,0,Hydraulics
2022,19,United States Grand Prix,2022-10-23,americas,race,max_verstappen,Max Verstappen,red_bull,Red Bull,1,1,2,25,56,Finished
2022,19,United States Grand Prix,2022-10-23,americas,race,hamilton,Lewis Hamilton,mercedes,Mercedes,2,2,3,18,56,Finished
2022,19,United States Grand Prix,2022-10-23,americas,race,leclerc,Charles Leclerc,ferrari,Ferrari,3,3,12,15,56,Finished
2022,19,United States Grand Prix,2022-10-23,americas,race,perez,Sergio Pérez,red_bull,Red Bull,4,4,9,12,56,Finished
2022,19,United States Grand Prix,2022-10-23,americas,race,russell,George Russell,mercedes,Mercedes,5,5,4,11,56,Finished
2022,19,United States Grand Prix,2022-10-23,americas,race,norris,Lando Norris,mclaren,McLaren,6,6,6,8,56,Finished
2022,19,United States Grand Prix,2022-10-23,americas,race,alonso,Fernando Alonso,alpine,Alpine F1 Team,7,7,14,6,56,Finished
2022,19,United States Grand Prix,2022-10-23,americas,race,vettel,Sebastian Vettel,aston_martin,Aston Martin,8,8,10,4,56,Finished
2022,19,United States Grand Prix,2022-10-23,americas,race,kevin_magnussen,Kevin Magnussen,haas,Haas F1 Team,9,9,13,2,56,Finished
2022,19,United States Grand Prix,2022-10-23,americas,race,tsunoda,Yuki Tsunoda,alphatauri,AlphaTauri,10,10,19,1,56,Finished
2022,19,United States Grand Prix,2022-10-23,americas,race,ocon,Esteban Ocon,alpine,Alpine F1 Team,11,11,0,0,56,Finished
2022,19,United States Grand Prix,2022-10-23,americas,race,zhou,Guanyu Zhou,alfa,Alfa Romeo,12,12,18,0,56,Finished
2022,19,United States Grand Prix,2022-10-23,americas,race,albon,Alexander Albon,williams,Williams,13,13,8,0,56,Finished
2022,19,United States Grand Prix,2022-10-23,americas,race,gasly,Pierre Gasly,alphatauri,AlphaTauri,14,14,11,0,56,Finished
2022,19,United States Grand Prix,2022-10-23,americas,race,mick_schumacher,Mick Schumacher,haas,Haas F1 Team,15,15,16,0,56,Finished
2022,19,United States Grand Prix,2022-10-23,americas,race,ricciardo,Daniel Ricciardo,mclaren,McLaren,16,16,15,0,56,Finished
2022,19,United States Grand Prix,2022-10-23,americas,race,latifi,Nicholas Latifi,williams,Williams,17,17,17,0,56,Finished
2022,19,United States Grand Prix,2022-10-23,americas,race,stroll,Lance Stroll,aston_martin,Aston Martin,18,R,5,0,21,Collision
2022,19,United States Grand Prix,2022-10-23,americas,race,bottas,Valtteri Bottas,alfa,Alfa Romeo,19,R,7,0,16,Spun off
2022,19,United States Grand Prix,2022-10-23,americas,race,sainz,Carlos Sainz,ferrari,Ferrari,20,R,1,0,1,Collision damage
2022,20,Mexico City Grand Prix,2022-10-30,rodriguez,race,max_verstappen,Max Verstappen,red_bull,Red Bull,1,1,1,25,71,Finished
2022,20,Mexico City Grand Prix,2022-10-30,rodriguez,race,hamilton,Lewis Hamilton,mercedes,Mercedes,2,2,3,18,71,Finished
2022,20,Mexico City Grand Prix,2022-10-30,rodriguez,race,perez,Sergio Pérez,red_bull,Red Bull,3,3,4,15,71,Finished
2022,20,Mexico City Grand Prix,2022-10-30,rodriguez,race,russell,George Russell,mercedes,Mercedes,4,4,2,13,71,Finished
2022,20,Mexico City Grand Prix,2022-10-30,rodriguez,race,sainz,Carlos Sainz,ferrari,Ferrari,5,5,5,10,71,Finished
2022,20,Mexico City Grand Prix,2022-10-30,rodriguez,race,leclerc,Charles Leclerc,ferrari,Ferrari,6,6,7,8,71,Finished
2022,20,Mexico City Grand Prix,2022-10-30,rodriguez,race,ricciardo,Daniel Ricciardo,mclaren,McLaren,7,7,11,6,70,+1 Lap
2022,20,Mexico City Grand Prix,2022-10-30,rodriguez,race,ocon,Esteban Ocon,alpine,Alpine F1 Team,8,8,10,4,70,+1 Lap
2022,20,Mexico City Grand Prix,2022-10-30,rodriguez,race,norris,Lando Norris,mclaren,McLaren,9,9,8,2,70,+1 Lap
2022,20,Mexico City Grand Prix,2022-10-30,rodriguez,race,bottas,Valtteri Bottas,alfa,Alfa Romeo,10,10,6,1,70,+1 Lap
2022,20,Mexico City Grand Prix,2022-10-30,rodriguez,race,gasly,Pierre Gasly,alphatauri,AlphaTauri,11,11,14,0,70,+1 Lap
2022,20,Mexico City Grand Prix,2022-10-30,rodriguez,race,albon,Alexander Albon,williams,Williams,12,12,17,0,70,+1 Lap
2022,20,Mexico City Grand Prix,2022-10-30,rodriguez,race,zhou,Guanyu Zhou,alfa,Alfa Romeo,13,13,12,0,70,+1 Lap
2022,20,Mexico City Grand Prix,2022-10-30,rodriguez,race,vettel,Sebastian Vettel,aston_martin,Aston Martin,14,14,16,0,70,+1 Lap
2022,20,Mexico City Grand Prix,2022-10-30,rodriguez,race,stroll,Lance Stroll,aston_martin,Aston Martin,15,15,20,0,70,+1 Lap
2022,20,Mexico City Grand Prix,2022-10-30,rodriguez,race,mick_schumacher,Mick Schumacher,haas,Haas F1 Team,16,16,15,0,70,+1 Lap
2022,20,Mexico City Grand Prix,2022-10-30,rodriguez,race,kevin_magnussen,Kevin Magnussen,haas,Haas F1 Team,17,17,19,0,70,+1 Lap
2022,20,Mexico City Grand Prix,2022-10-30,rodriguez,race,latifi,Nicholas Latifi,williams,Williams,18,18,18,0,69,+2 Laps
2022,20,Mexico City Grand Prix,2022-10-30,rodriguez,race,alonso,Fernando Alonso,alpine,Alpine F1 Team,19,19,9,0,63,Engine
2022,20,Mexico City Grand Prix,2022-10-30,rodriguez,race,tsunoda,Yuki Tsunoda,alphatauri,AlphaTauri,20,R,13,0,50,Collision damage
2022,21,São Paulo Grand Prix,2022-11-13,interlagos,race,russell,George Russell,mercedes,Mercedes,1,1,1,26,71,Finished
2022,21,São Paulo Grand Prix,2022-11-13,interlagos,race,hamilton,Lewis Hamilton,mercedes,Mercedes,2,2,2,18,71,Finished
2022,21,São Paulo Grand Prix,2022-11-13,interlagos,race,sainz,Carlos Sainz,ferrari,Ferrari,3,3,7,15,71,Finished
2022,21,São Paulo Grand Prix,2022-11-13,interlagos,race,leclerc,Charles Leclerc,ferrari,Ferrari,4,4,5,12,71,Finished
2022,21,São Paulo Grand Prix,2022-11-13,interlagos,race,alonso,Fernando Alonso,alpine,Alpine F1 Team,5,5,17,10,71,Finished
2022,21,São Paulo Grand Prix,2022-11-13,interlagos,race,max_verstappen,Max Verstappen,red_bull,Red Bull,6,6,3,8,71,Finished
2022,21,São Paulo Grand Prix,2022-11-13,interlagos,race,perez,Sergio Pérez,red_bull,Red Bull,7,7,4,6,71,Finished
2022,21,São Paulo Grand Prix,2022-11-13,interlagos,race,ocon,Esteban Ocon,alpine,Alpine F1 Team,8,8,16,4,71,Finished
2022,21,São Paulo Grand Prix,2022-11-13,interlagos,race,bottas,Valtteri Bottas,alfa,Alfa Romeo,9,9,14,2,71,Finished
2022,21,São Paulo Grand Prix,2022-11-13,interlagos,race,stroll,Lance Stroll,aston_martin,Aston Martin,10,10,15,1,71,Finished
2022,21,São Paulo Grand Prix,2022-11-13,interlagos,race,vettel,Sebastian Vettel,aston_martin,Aston Martin,11,11,9,0,71,Finished
2022,21,São Paulo Grand Prix,2022-11-13,interlagos,race,zhou,Guanyu Zhou,alfa,Alfa Romeo,12,12,13,0,71,Finished
2022,21,São Paulo Grand Prix,2022-11-13,interlagos,race,mick_schumacher,Mick Schumacher,haas,Haas F1 Team,13,13,12,0,71,Finished
2022,21,São Paulo Grand Prix,2022-11-13,interlagos,race,gasly,Pierre Gasly,alphatauri,AlphaTauri,14,14,10,0,71,Finished
2022,21,São Paulo Grand Prix,2022-11-13,interlagos,race,albon,Alexander Albon,williams,Williams,15,15,19,0,71,Finished
2022,21,São Paulo Grand Prix,2022-11-13,interlagos,race,latifi,Nicholas Latifi,williams,Williams,16,16,18,0,71,Finished
2022,21,São Paulo Grand Prix,2022-11-13,interlagos,race,tsunoda,Yuki Tsunoda,alphatauri,AlphaTauri,17,17,0,0,70,+1 Lap
2022,21,São Paulo Grand Prix,2022-11-13,interlagos,race,norris,Lando Norris,mclaren,McLaren,18,R,6,0,50,Gearbox
2022,21,São Paulo Grand Prix,2022-11-13,interlagos,race,kevin_magnussen,Kevin Magnussen,haas,Haas F1 Team,19,R,8,0,0,Collision
2022,21,São Paulo Grand Prix,2022-11-13,interlagos,race,ricciardo,Daniel Ricciardo,mclaren,McLaren,20,R,11,0,0,Collision
2022,22,Abu Dhabi Grand Prix,2022-11-20,yas_marina,race,max_verstappen,Max Verstappen,red_bull,Red Bull,1,1,1,25,58,Finished
2022,22,Abu Dhabi Grand Prix,2022-11-20,yas_marina,race,leclerc,Charles Leclerc,ferrari,Ferrari,2,2,3,18,58,Finished
2022,22,Abu Dhabi Grand Prix,2022-11-20,yas_marina,race,perez,Sergio Pérez,red_bull,Red Bull,3,3,2,15,58,Finished
2022,22,Abu Dhabi Grand Prix,2022-11-20,yas_marina,race,sainz,Carlos Sainz,ferrari,Ferrari,4,4,4,12,58,Finished
2022,22,Abu Dhabi Grand Prix,2022-11-20,yas_marina,race,russell,George Russell,mercedes,Mercedes,5,5,6,10,58,Finished
2022,22,Abu Dhabi Grand Prix,2022-11-20,yas_marina,race,norris,Lando Norris,mclaren,McLaren,6,6,7,9,58,Finished
2022,22,Abu Dhabi Grand Prix,2022-11-20,yas_marina,race,ocon,Esteban Ocon,alpine,Alpine F1 Team,7,7,8,6,58,Finished
2022,22,Abu Dhabi Grand Prix,2022-11-20,yas_marina,race,stroll,Lance Stroll,aston_martin,Aston Martin,8,8,14,4,58,Finished
2022,22,Abu Dhabi Grand Prix,2022-11-20,yas_marina,race,ricciardo,Daniel Ricciardo,mclaren,McLaren,9,9,13,2,58,Finished
2022,22,Abu Dhabi Grand Prix,2022-11-20,yas_marina,race,vettel,Sebastian Vettel,aston_martin,Aston Martin,10,10,9,1,58,Finished
2022,22,Abu Dhabi Grand Prix,2022-11-20,yas_marina,race,tsunoda,Yuki Tsunoda,alphatauri,AlphaTauri,11,11,11,0,58,Finished
2022,22,Abu Dhabi Grand Prix,2022-11-20,yas_marina,race,zhou,Guanyu Zhou,alfa,Alfa Romeo,12,12,15,0,57,+1 Lap
2022,22,Abu Dhabi Grand Prix,2022-11-20,yas_marina,race,albon,Alexander Albon,williams,Williams,13,13,19,0,57,+1 Lap
2022,22,Abu Dhabi Grand Prix,2022-11-20,yas_marina,race,gasly,Pierre Gasly,alphatauri,AlphaTauri,14,14,17,0,57,+1 Lap
2022,22,Abu Dhabi Grand Prix,2022-11-20,yas_marina,race,bottas,Valtteri Bottas,alfa,Alfa Romeo,15,15,18,0,57,+1 Lap
2022,22,Abu Dhabi Grand Prix,2022-11-20,yas_marina,race,mick_schumacher,Mick Schumacher,haas,Haas F1 Team,16,16,12,0,57,+1 Lap
2022,22,Abu Dhabi Grand Prix,2022-11-20,yas_marina,race,kevin_magnussen,Kevin Magnussen,haas,Haas F1 Team,17,17,16,0,57,+1 Lap
2022,22,Abu Dhabi Grand Prix,2022-11-20,yas_marina,race,hamilton,Lewis Hamilton,mercedes,Mercedes,18,18,5,0,55,Hydraulics
2022,22,Abu Dhabi Grand Prix,2022-11-20,yas_marina,race,latifi,Nicholas Latifi,williams,Williams,19,19,20,0,55,Collision damage
2022,22,Abu Dhabi Grand Prix,2022-11-20,yas_marina,race,alonso,Fernando Alonso,alpine,Alpine F1 Team,20,R,10,0,27,Water leak
2023,1,Bahrain Grand Prix,2023-03-05,bahrain,race,max_verstappen,Max Verstappen,red_bull,Red Bull,1,1,1,25,57,Finished
2023,1,Bahrain Grand Prix,2023-03-05,bahrain,race,perez,Sergio Pérez,red_bull,Red Bull,2,2,2,18,57,Finished
2023,1,Bahrain Grand Prix,2023-03-05,bahrain,race,alonso,Fernando Alonso,aston_martin,Aston Martin,3,3,5,15,57,Finished
2023,1,Bahrain Grand Prix,2023-03-05,bahrain,race,sainz,Carlos Sainz,ferrari,Ferrari,4,4,4,12,57,Finished
2023,1,Bahrain Grand Prix,2023-03-05,bahrain,race,hamilton,Lewis Hamilton,mercedes,Mercedes,5,5,7,10,57,Finished
2023,1,Bahrain Grand Prix,2023-03-05,bahrain,race,stroll,Lance Stroll,aston_martin,Aston Martin,6,6,8,8,57,Finished
2023,1,Bahrain Grand Prix,2023-03-05,bahrain,race,russell,George Russell,mercedes,Mercedes,7,7,6,6,57,Finished
2023,1,Bahrain Grand Prix,2023-03-05,bahrain,race,bottas,Valtteri Bottas,alfa,Alfa Romeo,8,8,12,4,57,Finished
2023,1,Bahrain Grand Prix,2023-03-05,bahrain,race,gasly,Pierre Gasly,alpine,Alpine F1 Team,9,9,20,2,57,Finished
2023,1,Bahrain Grand Prix,2023-03-05,bahrain,race,albon,Alexander Albon,williams,Williams,10,10,15,1,57,Finished
2023,1,Bahrain Grand Prix,2023-03-05,bahrain,race,tsunoda,Yuki Tsunoda,alphatauri,AlphaTauri,11,11,14,0,57,Finished
2023,1,Bahrain Grand Prix,2023-03-05,bahrain,race,sargeant,Logan Sargeant,williams,Williams,12,12,16,0,56,Lapped
2023,1,Bahrain Grand Prix,2023-03-05,bahrain,race,kevin_magnussen,Kevin Magnussen,haas,Haas F1 Team,13,13,17,0,56,Lapped
2023,1,Bahrain Grand Prix,2023-03-05,bahrain,race,de_vries,Nyck de Vries,alphatauri,AlphaTauri,14,14,19,0,56,Lapped
2023,1,Bahrain Grand Prix,2023-03-05,bahrain,race,hulkenberg,Nico Hülkenberg,haas,Haas F1 Team,15,15,10,0,56,Lapped
2023,1,Bahrain Grand Prix,2023-03-05,bahrain,race,zhou,Guanyu Zhou,alfa,Alfa Romeo,16,16,13,0,56,Lapped
2023,1,Bahrain Grand Prix,2023-03-05,bahrain,race,norris,Lando Norris,mclaren,McLaren,17,17,11,0,55,Lapped
2023,1,Bahrain Grand Prix,2023-03-05,bahrain,race,ocon,Esteban Ocon,alpine,Alpine F1 Team,18,R,9,0,41,Retired
2023,1,Bahrain Grand Prix,2023-03-05,bahrain,race,leclerc,Charles Leclerc,ferrari,Ferrari,19,R,3,0,39,Retired
2023,1,Bahrain Grand Prix,2023-03-05,bahrain,race,piastri,Oscar Piastri,mclaren,McLaren,20,R,18,0,13,Retired
2023,2,Saudi Arabian Grand Prix,2023-03-19,jeddah,race,perez,Sergio Pérez,red_bull,Red Bull,1,1,1,25,50,Finished
2023,2,Saudi Arabian Grand Prix,2023-03-19,jeddah,race,max_verstappen,Max Verstappen,red_bull,Red Bull,2,2,15,19,50,Finished
2023,2,Saudi Arabian Grand Prix,2023-03-19,jeddah,race,alonso,Fernando Alonso,aston_martin,Aston Martin,3,3,2,15,50,Finished
2023,2,Saudi Arabian Grand Prix,2023-03-19,jeddah,race,russell,George Russell,mercedes,Mercedes,4,4,3,12,50,Finished
2023,2,Saudi Arabian Grand Prix,2023-03-19,jeddah,race,hamilton,Lewis Hamilton,mercedes,Mercedes,5,5,7,10,50,Finished
2023,2,Saudi Arabian Grand Prix,2023-03-19,jeddah,race,sainz,Carlos Sainz,ferrari,Ferrari,6,6,4,8,50,Finished
2023,2,Saudi Arabian Grand Prix,2023-03-19,jeddah,race,leclerc,Charles Leclerc,ferrari,Ferrari,7,7,12,6,50,Finished
2023,2,Saudi Arabian Grand Prix,2023-03-19,jeddah,race,ocon,Esteban Ocon,alpine,Alpine F1 Team,8,8,6,4,50,Finished
2023,2,Saudi Arabian Grand Prix,2023-03-19,jeddah,race,gasly,Pierre Gasly,alpine,Alpine F1 Team,9,9,9,2,50,Finished
2023,2,Saudi Arabian Grand Prix,2023-03-19,jeddah,race,kevin_magnussen,Kevin Magnussen,haas,Haas F1 Team,10,10,13,1,50,Finished
2023,2,Saudi Arabian Grand Prix,2023-03-19,jeddah,race,tsunoda,Yuki Tsunoda,alphatauri,AlphaTauri,11,11,16,0,50,Finished
2023,2,Saudi Arabian Grand Prix,2023-03-19,jeddah,race,hulkenberg,Nico Hülkenberg,haas,Haas F1 Team,12,12,10,0,50,Finished
2023,2,Saudi Arabian Grand Prix,2023-03-19,jeddah,race,zhou,Guanyu Zhou,alfa,Alfa Romeo,13,13,11,0,50,Finished
2023,2,Saudi Arabian Grand Prix,2023-03-19,jeddah,race,de_vries,Nyck de Vries,alphatauri,AlphaTauri,14,14,18,0,50,Finished
2023,2,Saudi Arabian Grand Prix,2023-03-19,jeddah,race,piastri,Oscar Piastri,mclaren,McLaren,15,15,8,0,50,Finished
2023,2,Saudi Arabian Grand Prix,2023-03-19,jeddah,race,sargeant,Logan Sargeant,williams,Williams,16,16,20,0,50,Finished
2023,2,Saudi Arabian Grand Prix,2023-03-19,jeddah,race,norris,Lando Norris,mclaren,McLaren,17,17,19,0,50,Finished
2023,2,Saudi Arabian Grand Prix,2023-03-19,jeddah,race,bottas,Valtteri Bottas,alfa,Alfa Romeo,18,18,14,0,49,Lapped
2023,2,Saudi Arabian Grand Prix,2023-03-19,jeddah,race,albon,Alexander Albon,williams,Williams,19,R,17,0,27,Retired
2023,2,Saudi Arabian Grand Prix,2023-03-19,jeddah,race,stroll,Lance Stroll,aston_martin,Aston Martin,20,R,5,0,16,Retired
2023,3,Australian Grand Prix,2023-04-02,albert_park,race,max_verstappen,Max Verstappen,red_bull,Red Bull,1,1,1,25,58,Finished
2023,3,Australian Grand Prix,2023-04-02,albert_park,race,hamilton,Lewis Hamilton,mercedes,Mercedes,2,2,3,18,58,Finished
2023,3,Australian Grand Prix,2023-04-02,albert_park,race,alonso,Fernando Alonso,aston_martin,Aston Martin,3,3,4,15,58,Finished
2023,3,Australian Grand Prix,2023-04-02,albert_park,race,stroll,Lance Stroll,aston_martin,Aston Martin,4,4,6,12,58,Finished
2023,3,Australian Grand Prix,2023-04-02,albert_park,race,perez,Sergio Pérez,red_bull,Red Bull,5,5,20,11,58,Finished
2023,3,Australian Grand Prix,2023-04-02,albert_park,race,norris,Lando Norris,mclaren,McLaren,6,6,13,8,58,Finished
2023,3,Australian Grand Prix,2023-04-02,albert_park,race,hulkenberg,Nico Hülkenberg,haas,Haas F1 Team,7,7,10,6,58,Finished
2023,3,Australian Grand Prix,2023-04-02,albert_park,race,piastri,Oscar Piastri,mclaren,McLaren,8,8,16,4,58,Finished
2023,3,Australian Grand Prix,2023-04-02,albert_park,race,zhou,Guanyu Zhou,alfa,Alfa Romeo,9,9,17,2,58,Finished
2023,3,Australian Grand Prix,2023-04-02,albert_park,race,tsunoda,Yuki Tsunoda,alphatauri,AlphaTauri,10,10,12,1,58,Finished
2023,3,Australian Grand Prix,2023-04-02,albert_park,race,bottas,Valtteri Bottas,alfa,Alfa Romeo,11,11,19,0,58,Finished
2023,3,Australian Grand Prix,2023-04-02,albert_park,race,sainz,Carlos Sainz,ferrari,Ferrari,12,12,5,0,58,Finished
2023,3,Australian Grand Prix,2023-04-02,albert_park,race,gasly,Pierre Gasly,alpine,Alpine F1 Team,13,13,9,0,56,Retired
2023,3,Australian Grand Prix,2023-04-02,albert_park,race,ocon,Esteban Ocon,alpine,Alpine F1 Team,14,14,11,0,56,Retired
2023,3,Australian Grand Prix,2023-04-02,albert_park,race,de_vries,Nyck de Vries,alphatauri,AlphaTauri,15,15,15,0,56,Retired
2023,3,Australian Grand Prix,2023-04-02,albert_park,race,sargeant,Logan Sargeant,williams,Williams,16,16,18,0,56,Retired
2023,3,Australian Grand Prix,2023-04-02,albert_park,race,kevin_magnussen,Kevin Magnussen,haas,Haas F1 Team,17,17,14,0,52,Retired
2023,3,Australian Grand Prix,2023-04-02,albert_park,race,russell,George Russell,mercedes,Mercedes,18,R,2,0,17,Retired
2023,3,Australian Grand Prix,2023-04-02,albert_park,race,albon,Alexander Albon,williams,Williams,19,R,8,0,6,Retired
2023,3,Australian Grand Prix,2023-04-02,albert_park,race,leclerc,Charles Leclerc,ferrari,Ferrari,20,R,7,0,0,Retired
2023,4,Azerbaijan Grand Prix,2023-04-30,baku,race,perez,Sergio Pérez,red_bull,Red Bull,1,1,3,25,51,Finished
2023,4,Azerbaijan Grand Prix,2023-04-30,baku,race,max_verstappen,Max Verstappen,red_bull,Red Bull,2,2,2,18,51,Finished
2023,4,Azerbaijan Grand Prix,2023-04-30,baku,race,leclerc,Charles Leclerc,ferrari,Ferrari,3,3,1,15,51,Finished
2023,4,Azerbaijan Grand Prix,2023-04-30,baku,race,alonso,Fernando Alonso,aston_martin,Aston Martin,4,4,6,12,51,Finished
2023,4,Azerbaijan Grand Prix,2023-04-30,baku,race,sainz,Carlos Sainz,ferrari,Ferrari,5,5,4,10,51,Finished
2023,4,Azerbaijan Grand Prix,2023-04-30,baku,race,hamilton,Lewis Hamilton,mercedes,Mercedes,6,6,5,8,51,Finished
2023,4,Azerbaijan Grand Prix,2023-04-30,baku,race,stroll,Lance Stroll,aston_martin,Aston Martin,7,7,9,6,51,Finished
2023,4,Azerbaijan Grand Prix,2023-04-30,baku,race,russell,George Russell,mercedes,Mercedes,8,8,11,5,51,Finished
2023,4,Azerbaijan Grand Prix,2023-04-30,baku,race,norris,Lando Norris,mclaren,McLaren,9,9,7,2,51,Finished
2023,4,Azerbaijan Grand Prix,2023-04-30,baku,race,tsunoda,Yuki Tsunoda,alphatauri,AlphaTauri,10,10,8,1,51,Finished
2023,4,Azerbaijan Grand Prix,2023-04-30,baku,race,piastri,Oscar Piastri,mclaren,McLaren,11,11,10,0,51,Finished
2023,4,Azerbaijan Grand Prix,2023-04-30,baku,race,albon,Alexander Albon,williams,Williams,12,12,12,0,51,Finished
2023,4,Azerbaijan Grand Prix,2023-04-30,baku,race,kevin_magnussen,Kevin Magnussen,haas,Haas F1 Team,13,13,16,0,51,Finished
2023,4,Azerbaijan Grand Prix,2023-04-30,baku,race,gasly,Pierre Gasly,alpine,Alpine F1 Team,14,14,17,0,51,Finished
2023,4,Azerbaijan Grand Prix,2023-04-30,baku,race,ocon,Esteban Ocon,alpine,Alpine F1 Team,15,15,19,0,51,Finished
2023,4,Azerbaijan Grand Prix,2023-04-30,baku,race,sargeant,Logan Sargeant,williams,Williams,16,16,14,0,51,Finished
2023,4,Azerbaijan Grand Prix,2023-04-30,baku,race,hulkenberg,Nico Hülkenberg,haas,Haas F1 Team,17,17,20,0,50,Lapped
2023,4,Azerbaijan Grand Prix,2023-04-30,baku,race,bottas,Valtteri Bottas,alfa,Alfa Romeo,18,18,13,0,50,Lapped
2023,4,Azerbaijan Grand Prix,2023-04-30,baku,race,zhou,Guanyu Zhou,alfa,Alfa Romeo,19,R,15,0,36,Retired
2023,4,Azerbaijan Grand Prix,2023-04-30,baku,race,de_vries,Nyck de Vries,alphatauri,AlphaTauri,20,R,18,0,9,Retired
2023,5,Miami Grand Prix,2023-05-07,miami,race,max_verstappen,Max Verstappen,red_bull,Red Bull,1,1,9,26,57,Finished
2023,5,Miami Grand Prix,2023-05-07,miami,race,perez,Sergio Pérez,red_bull,Red Bull,2,2,1,18,57,Finished
2023,5,Miami Grand Prix,2023-05-07,miami,race,alonso,Fernando Alonso,aston_martin,Aston Martin,3,3,2,15,57,Finished
2023,5,Miami Grand Prix,2023-05-07,miami,race,russell,George Russell,mercedes,Mercedes,4,4,6,12,57,Finished
2023,5,Miami Grand Prix,2023-05-07,miami,race,sainz,Carlos Sainz,ferrari,Ferrari,5,5,3,10,57,Finished
2023,5,Miami Grand Prix,2023-05-07,miami,race,hamilton,Lewis Hamilton,mercedes,Mercedes,6,6,13,8,57,Finished
2023,5,Miami Grand Prix,2023-05-07,miami,race,leclerc,Charles Leclerc,ferrari,Ferrari,7,7,7,6,57,Finished
2023,5,Miami Grand Prix,2023-05-07,miami,race,gasly,Pierre Gasly,alpine,Alpine F1 Team,8,8,5,4,57,Finished
2023,5,Miami Grand Prix,2023-05-07,miami,race,ocon,Esteban Ocon,alpine,Alpine F1 Team,9,9,8,2,57,Finished
2023,5,Miami Grand Prix,2023-05-07,miami,race,kevin_magnussen,Kevin Magnussen,haas,Haas F1 Team,10,10,4,1,57,Finished
2023,5,Miami Grand Prix,2023-05-07,miami,race,tsunoda,Yuki Tsunoda,alphatauri,AlphaTauri,11,11,17,0,57,Finished
2023,5,Miami Grand Prix,2023-05-07,miami,race,stroll,Lance Stroll,aston_martin,Aston Martin,12,12,18,0,57,Finished
2023,5,Miami Grand Prix,2023-05-07,miami,race,bottas,Valtteri Bottas,alfa,Alfa Romeo,13,13,10,0,57,Finished
2023,5,Miami Grand Prix,2023-05-07,miami,race,albon,Alexander Albon,williams,Williams,14,14,11,0,57,Finished
2023,5,Miami Grand Prix,2023-05-07,miami,race,hulkenberg,Nico Hülkenberg,haas,Haas F1 Team,15,15,12,0,57,Finished
2023,5,Miami Grand Prix,2023-05-07,miami,race,zhou,Guanyu Zhou,alfa,Alfa Romeo,16,16,14,0,57,Finished
2023,5,Miami Grand Prix,2023-05-07,miami,race,norris,Lando Norris,mclaren,McLaren,17,17,16,0,57,Finished
2023,5,Miami Grand Prix,2023-05-07,miami,race,de_vries,Nyck de Vries,alphatauri,AlphaTauri,18,18,15,0,57,Finished
2023,5,Miami Grand Prix,2023-05-07,miami,race,piastri,Oscar Piastri,mclaren,McLaren,19,19,19,0,56,Lapped
2023,5,Miami Grand Prix,2023-05-07,miami,race,sargeant,Logan Sargeant,williams,Williams,20,20,20,0,56,Lapped
2023,6,Monaco Grand Prix,2023-05-28,monaco,race,max_verstappen,Max Verstappen,red_bull,Red Bull,1,1,1,25,78,Finished
2023,6,Monaco Grand Prix,2023-05-28,monaco,race,alonso,Fernando Alonso,aston_martin,Aston Martin,2,2,2,18,78,Finished
2023,6,Monaco Grand Prix,2023-05-28,monaco,race,ocon,Esteban Ocon,alpine,Alpine F1 Team,3,3,3,15,78,Finished
2023,6,Monaco Grand Prix,2023-05-28,monaco,race,hamilton,Lewis Hamilton,mercedes,Mercedes,4,4,5,13,78,Finished
2023,6,Monaco Grand Prix,2023-05-28,monaco,race,russell,George Russell,mercedes,Mercedes,5,5,8,10,78,Finished
2023,6,Monaco Grand Prix,2023-05-28,monaco,race,leclerc,Charles Leclerc,ferrari,Ferrari,6,6,6,8,78,Finished
2023,6,Monaco Grand Prix,2023-05-28,monaco,race,gasly,Pierre Gasly,alpine,Alpine F1 Team,7,7,7,6,78,Finished
2023,6,Monaco Grand Prix,2023-05-28,monaco,race,sainz,Carlos Sainz,ferrari,Ferrari,8,8,4,4,78,Finished
2023,6,Monaco Grand Prix,2023-05-28,monaco,race,norris,Lando Norris,mclaren,McLaren,9,9,10,2,77,Lapped
2023,6,Monaco Grand Prix,2023-05-28,monaco,race,piastri,Oscar Piastri,mclaren,McLaren,10,10,11,1,77,Lapped
2023,6,Monaco Grand Prix,2023-05-28,monaco,race,bottas,Valtteri Bottas,alfa,Alfa Romeo,11,11,15,0,77,Lapped
2023,6,Monaco Grand Prix,2023-05-28,monaco,race,de_vries,Nyck de Vries,alphatauri,AlphaTauri,12,12,12,0,77,Lapped
2023,6,Monaco Grand Prix,2023-05-28,monaco,race,zhou,Guanyu Zhou,alfa,Alfa Romeo,13,13,19,0,77,Lapped
2023,6,Monaco Grand Prix,2023-05-28,monaco,race,albon,Alexander Albon,williams,Williams,14,14,13,0,77,Lapped
2023,6,Monaco Grand Prix,2023-05-28,monaco,race,tsunoda,Yuki Tsunoda,alphatauri,AlphaTauri,15,15,9,0,76,Lapped
2023,6,Monaco Grand Prix,2023-05-28,monaco,race,perez,Sergio Pérez,red_bull,Red Bull,16,16,20,0,76,Lapped
2023,6,Monaco Grand Prix,2023-05-28,monaco,race,hulkenberg,Nico Hülkenberg,haas,Haas F1 Team,17,17,18,0,76,Lapped
2023,6,Monaco Grand Prix,2023-05-28,monaco,race,sargeant,Logan Sargeant,williams,Williams,18,18,16,0,76,Lapped
2023,6,Monaco Grand Prix,2023-05-28,monaco,race,kevin_magnussen,Kevin Magnussen,haas,Haas F1 Team,19,19,17,0,70,Retired
2023,6,Monaco Grand Prix,2023-05-28,monaco,race,stroll,Lance Stroll,aston_martin,Aston Martin,20,R,14,0,53,Retired
2023,7,Spanish Grand Prix,2023-06-04,catalunya,race,max_verstappen,Max Verstappen,red_bull,Red Bull,1,1,1,26,66,Finished
2023,7,Spanish Grand Prix,2023-06-04,catalunya,race,hamilton,Lewis Hamilton,mercedes,Mercedes,2,2,4,18,66,Finished
2023,7,Spanish Grand Prix,2023-06-04,catalunya,race,russell,George Russell,mercedes,Mercedes,3,3,12,15,66,Finished
2023,7,Spanish Grand Prix,2023-06-04,catalunya,race,perez,Sergio Pérez,red_bull,Red Bull,4,4,11,12,66,Finished
2023,7,Spanish Grand Prix,2023-06-04,catalunya,race,sainz,Carlos Sainz,ferrari,Ferrari,5,5,2,10,66,Finished
2023,7,Spanish Grand Prix,2023-06-04,catalunya,race,stroll,Lance Stroll,aston_martin,Aston Martin,6,6,5,8,66,Finished
2023,7,Spanish Grand Prix,2023-06-04,catalunya,race,alonso,Fernando Alonso,aston_martin,Aston Martin,7,7,8,6,66,Finished
2023,7,Spanish Grand Prix,2023-06-04,catalunya,race,ocon,Esteban Ocon,alpine,Alpine F1 Team,8,8,6,4,66,Finished
2023,7,Spanish Grand Prix,2023-06-04,catalunya,race,zhou,Guanyu Zhou,alfa,Alfa Romeo,9,9,13,2,66,Finished
2023,7,Spanish Grand Prix,2023-06-04,catalunya,race,gasly,Pierre Gasly,alpine,Alpine F1 Team,10,10,10,1,66,Finished
2023,7,Spanish Grand Prix,2023-06-04,catalunya,race,leclerc,Charles Leclerc,ferrari,Ferrari,11,11,19,0,66,Finished
2023,7,Spanish Grand Prix,2023-06-04,catalunya,race,tsunoda,Yuki Tsunoda,alphatauri,AlphaTauri,12,12,15,0,66,Finished
2023,7,Spanish Grand Prix,2023-06-04,catalunya,race,piastri,Oscar Piastri,mclaren,McLaren,13,13,9,0,65,Lapped
2023,7,Spanish Grand Prix,2023-06-04,catalunya,race,de_vries,Nyck de Vries,alphatauri,AlphaTauri,14,14,14,0,65,Lapped
2023,7,Spanish Grand Prix,2023-06-04,catalunya,race,hulkenberg,Nico Hülkenberg,haas,Haas F1 Team,15,15,7,0,65,Lapped
2023,7,Spanish Grand Prix,2023-06-04,catalunya,race,albon,Alexander Albon,williams,Williams,16,16,18,0,65,Lapped
2023,7,Spanish Grand Prix,2023-06-04,catalunya,race,norris,Lando Norris,mclaren,McLaren,17,17,3,0,65,Lapped
2023,7,Spanish Grand Prix,2023-06-04,catalunya,race,kevin_magnussen,Kevin Magnussen,haas,Haas F1 Team,18,18,17,0,65,Lapped
2023,7,Spanish Grand Prix,2023-06-04,catalunya,race,bottas,Valtteri Bottas,alfa,Alfa Romeo,19,19,16,0,65,Lapped
2023,7,Spanish Grand Prix,2023-06-04,catalunya,race,sargeant,Logan Sargeant,williams,Williams,20,20,20,0,65,Lapped
2023,8,Canadian Grand Prix,2023-06-18,villeneuve,race,max_verstappen,Max Verstappen,red_bull,Red Bull,1,1,1,25,70,Finished
2023,8,Canadian Grand Prix,2023-06-18,villeneuve,race,alonso,Fernando Alonso,aston_martin,Aston Martin,2,2,2,18,70,Finished
2023,8,Canadian Grand Prix,2023-06-18,villeneuve,race,hamilton,Lewis Hamilton,mercedes,Mercedes,3,3,3,15,70,Finished
2023,8,Canadian Grand Prix,2023-06-18,villeneuve,race,leclerc,Charles Leclerc,ferrari,Ferrari,4,4,10,12,70,Finished
2023,8,Canadian Grand Prix,2023-06-18,villeneuve,race,sainz,Carlos Sainz,ferrari,Ferrari,5,5,11,10,70,Finished
2023,8,Canadian Grand Prix,2023-06-18,villeneuve,race,perez,Sergio Pérez,red_bull,Red Bull,6,6,12,9,70,Finished
2023,8,Canadian Grand Prix,2023-06-18,villeneuve,race,albon,Alexander Albon,williams,Williams,7,7,9,6,70,Finished
2023,8,Canadian Grand Prix,2023-06-18,villeneuve,race,ocon,Esteban Ocon,alpine,Alpine F1 Team,8,8,6,4,70,Finished
2023,8,Canadian Grand Prix,2023-06-18,villeneuve,race,stroll,Lance Stroll,aston_martin,Aston Martin,9,9,16,2,70,Finished
2023,8,Canadian Grand Prix,2023-06-18,villeneuve,race,bottas,Valtteri Bottas,alfa,Alfa Romeo,10,10,14,1,70,Finished
2023,8,Canadian Grand Prix,2023-06-18,villeneuve,race,piastri,Oscar Piastri,mclaren,McLaren,11,11,8,0,70,Finished
2023,8,Canadian Grand Prix,2023-06-18,villeneuve,race,gasly,Pierre Gasly,alpine,Alpine F1 Team,12,12,15,0,70,Finished
2023,8,Canadian Grand Prix,2023-06-18,villeneuve,race,norris,Lando Norris,mclaren,McLaren,13,13,7,0,70,Finished
2023,8,Canadian Grand Prix,2023-06-18,villeneuve,race,tsunoda,Yuki Tsunoda,alphatauri,AlphaTauri,14,14,19,0,70,Finished
2023,8,Canadian Grand Prix,2023-06-18,villeneuve,race,hulkenberg,Nico Hülkenberg,haas,Haas F1 Team,15,15,5,0,69,Lapped
2023,8,Canadian Grand Prix,2023-06-18,villeneuve,race,zhou,Guanyu Zhou,alfa,Alfa Romeo,16,16,20,0,69,Lapped
2023,8,Canadian Grand Prix,2023-06-18,villeneuve,race,kevin_magnussen,Kevin Magnussen,haas,Haas F1 Team,17,17,13,0,69,Lapped
2023,8,Canadian Grand Prix,2023-06-18,villeneuve,race,de_vries,Nyck de Vries,alphatauri,AlphaTauri,18,18,17,0,69,Lapped
2023,8,Canadian Grand Prix,2023-06-18,villeneuve,race,russell,George Russell,mercedes,Mercedes,19,R,4,0,53,Retired
2023,8,Canadian Grand Prix,2023-06-18,villeneuve,race,sargeant,Logan Sargeant,williams,Williams,20,R,18,0,6,Retired
2023,9,Austrian Grand Prix,2023-07-02,red_bull_ring,race,max_verstappen,Max Verstappen,red_bull,Red Bull,1,1,1,26,71,Finished
2023,9,Austrian Grand Prix,2023-07-02,red_bull_ring,race,leclerc,Charles Leclerc,ferrari,Ferrari,2,2,2,18,71,Finished
2023,9,Austrian Grand Prix,2023-07-02,red_bull_ring,race,perez,Sergio Pérez,red_bull,Red Bull,3,3,15,15,71,Finished
2023,9,Austrian Grand Prix,2023-07-02,red_bull_ring,race,norris,Lando Norris,mclaren,McLaren,4,4,4,12,71,Finished
2023,9,Austrian Grand Prix,2023-07-02,red_bull_ring,race,alonso,Fernando Alonso,aston_martin,Aston Martin,5,5,7,10,71,Finished
2023,9,Austrian Grand Prix,2023-07-02,red_bull_ring,race,sainz,Carlos Sainz,ferrari,Ferrari,6,6,3,8,71,Finished
2023,9,Austrian Grand Prix,2023-07-02,red_bull_ring,race,russell,George Russell,mercedes,Mercedes,7,7,11,6,71,Finished
2023,9,Austrian Grand Prix,2023-07-02,red_bull_ring,race,hamilton,Lewis Hamilton,mercedes,Mercedes,8,8,5,4,71,Finished
2023,9,Austrian Grand Prix,2023-07-02,red_bull_ring,race,stroll,Lance Stroll,aston_martin,Aston Martin,9,9,6,2,71,Finished
2023,9,Austrian Grand Prix,2023-07-02,red_bull_ring,race,gasly,Pierre Gasly,alpine,Alpine F1 Team,10,10,9,1,71,Finished
2023,9,Austrian Grand Prix,2023-07-02,red_bull_ring,race,albon,Alexander Albon,williams,Williams,11,11,10,0,71,Finished
2023,9,Austrian Grand Prix,2023-07-02,red_bull_ring,race,zhou,Guanyu Zhou,alfa,Alfa Romeo,12,12,17,0,70,Lapped
2023,9,Austrian Grand Prix,2023-07-02,red_bull_ring,race,sargeant,Logan Sargeant,williams,Williams,13,13,18,0,70,Lapped
2023,9,Austrian Grand Prix,2023-07-02,red_bull_ring,race,ocon,Esteban Ocon,alpine,Alpine F1 Team,14,14,12,0,70,Lapped
2023,9,Austrian Grand Prix,2023-07-02,red_bull_ring,race,bottas,Valtteri Bottas,alfa,Alfa Romeo,15,15,14,0,70,Lapped
2023,9,Austrian Grand Prix,2023-07-02,red_bull_ring,race,piastri,Oscar Piastri,mclaren,McLaren,16,16,13,0,70,Lapped
2023,9,Austrian Grand Prix,2023-07-02,red_bull_ring,race,de_vries,Nyck de Vries,alphatauri,AlphaTauri,17,17,20,0,70,Lapped
2023,9,Austrian Grand Prix,2023-07-02,red_bull_ring,race,kevin_magnussen,Kevin Magnussen,haas,Haas F1 Team,18,18,19,0,70,Lapped
2023,9,Austrian Grand Prix,2023-07-02,red_bull_ring,race,tsunoda,Yuki Tsunoda,alphatauri,AlphaTauri,19,19,16,0,70,Lapped
2023,9,Austrian Grand Prix,2023-07-02,red_bull_ring,race,hulkenberg,Nico Hülkenberg,haas,Haas F1 Team,20,R,8,0,12,Retired
2023,10,British Grand Prix,2023-07-09,silverstone,race,max_verstappen,Max Verstappen,red_bull,Red Bull,1,1,1,26,52,Finished
2023,10,British Grand Prix,2023-07-09,silverstone,race,norris,Lando Norris,mclaren,McLaren,2,2,2,18,52,Finished
2023,10,British Grand Prix,2023-07-09,silverstone,race,hamilton,Lewis Hamilton,mercedes,Mercedes,3,3,7,15,52,Finished
2023,10,British Grand Prix,2023-07-09,silverstone,race,piastri,Oscar Piastri,mclaren,McLaren,4,4,3,12,52,Finished
2023,10,British Grand Prix,2023-07-09,silverstone,race,russell,George Russell,mercedes,Mercedes,5,5,6,10,52,Finished
2023,10,British Grand Prix,2023-07-09,silverstone,race,perez,Sergio Pérez,red_bull,Red Bull,6,6,15,8,52,Finished
2023,10,British Grand Prix,2023-07-09,silverstone,race,alonso,Fernando Alonso,aston_martin,Aston Martin,7,7,9,6,52,Finished
2023,10,British Grand Prix,2023-07-09,silverstone,race,albon,Alexander Albon,williams,Williams,8,8,8,4,52,Finished
2023,10,British Grand Prix,2023-07-09,silverstone,race,leclerc,Charles Leclerc,ferrari,Ferrari,9,9,4,2,52,Finished
2023,10,British Grand Prix,2023-07-09,silverstone,race,sainz,Carlos Sainz,ferrari,Ferrari,10,10,5,1,52,Finished
2023,10,British Grand Prix,2023-07-09,silverstone,race,sargeant,Logan Sargeant,williams,Williams,11,11,14,0,52,Finished
2023,10,British Grand Prix,2023-07-09,silverstone,race,bottas,Valtteri Bottas,alfa,Alfa Romeo,12,12,20,0,52,Finished
2023,10,British Grand Prix,2023-07-09,silverstone,race,hulkenberg,Nico Hülkenberg,haas,Haas F1 Team,13,13,11,0,52,Finished
2023,10,British Grand Prix,2023-07-09,silverstone,race,stroll,Lance Stroll,aston_martin,Aston Martin,14,14,12,0,52,Finished
2023,10,British Grand Prix,2023-07-09,silverstone,race,zhou,Guanyu Zhou,alfa,Alfa Romeo,15,15,17,0,52,Finished
2023,10,British Grand Prix,2023-07-09,silverstone,race,tsunoda,Yuki Tsunoda,alphatauri,AlphaTauri,16,16,16,0,52,Finished
2023,10,British Grand Prix,2023-07-09,silverstone,race,de_vries,Nyck de Vries,alphatauri,AlphaTauri,17,17,18,0,52,Finished
2023,10,British Grand Prix,2023-07-09,silverstone,race,gasly,Pierre Gasly,alpine,Alpine F1 Team,18,18,10,0,46,Retired
2023,10,British Grand Prix,2023-07-09,silverstone,race,kevin_magnussen,Kevin Magnussen,haas,Haas F1 Team,19,R,19,0,31,Retired
2023,10,British Grand Prix,2023-07-09,silverstone,race,ocon,Esteban Ocon,alpine,Alpine F1 Team,20,R,13,0,9,Retired
2023,11,Hungarian Grand Prix,2023-07-23,hungaroring,race,max_verstappen,Max Verstappen,red_bull,Red Bull,1,1,2,26,70,Finished
2023,11,Hungarian Grand Prix,2023-07-23,hungaroring,race,norris,Lando Norris,mclaren,McLaren,2,2,3,18,70,Finished
2023,11,Hungarian Grand Prix,2023-07-23,hungaroring,race,perez,Sergio Pérez,red_bull,Red Bull,3,3,9,15,70,Finished
2023,11,Hungarian Grand Prix,2023-07-23,hungaroring,race,hamilton,Lewis Hamilton,mercedes,Mercedes,4,4,1,12,70,Finished
2023,11,Hungarian Grand Prix,2023-07-23,hungaroring,race,piastri,Oscar Piastri,mclaren,McLaren,5,5,4,10,70,Finished
2023,11,Hungarian Grand Prix,2023-07-23,hungaroring,race,russell,George Russell,mercedes,Mercedes,6,6,18,8,70,Finished
2023,11,Hungarian Grand Prix,2023-07-23,hungaroring,race,leclerc,Charles Leclerc,ferrari,Ferrari,7,7,6,6,70,Finished
2023,11,Hungarian Grand Prix,2023-07-23,hungaroring,race,sainz,Carlos Sainz,ferrari,Ferrari,8,8,11,4,70,Finished
2023,11,Hungarian Grand Prix,2023-07-23,hungaroring,race,alonso,Fernando Alonso,aston_martin,Aston Martin,9,9,8,2,70,Finished
2023,11,Hungarian Grand Prix,2023-07-23,hungaroring,race,stroll,Lance Stroll,aston_martin,Aston Martin,10,10,14,1,69,Lapped
2023,11,Hungarian Grand Prix,2023-07-23,hungaroring,race,albon,Alexander Albon,williams,Williams,11,11,16,0,69,Lapped
2023,11,Hungarian Grand Prix,2023-07-23,hungaroring,race,bottas,Valtteri Bottas,alfa,Alfa Romeo,12,12,7,0,69,Lapped
2023,11,Hungarian Grand Prix,2023-07-23,hungaroring,race,ricciardo,Daniel Ricciardo,alphatauri,AlphaTauri,13,13,13,0,69,Lapped
2023,11,Hungarian Grand Prix,2023-07-23,hungaroring,race,hulkenberg,Nico Hülkenberg,haas,Haas F1 Team,14,14,10,0,69,Lapped
2023,11,Hungarian Grand Prix,2023-07-23,hungaroring,race,tsunoda,Yuki Tsunoda,alphatauri,AlphaTauri,15,15,17,0,69,Lapped
2023,11,Hungarian Grand Prix,2023-07-23,hungaroring,race,zhou,Guanyu Zhou,alfa,Alfa Romeo,16,16,5,0,69,Lapped
2023,11,Hungarian Grand Prix,2023-07-23,hungaroring,race,kevin_magnussen,Kevin Magnussen,haas,Haas F1 Team,17,17,19,0,69,Lapped
2023,11,Hungarian Grand Prix,2023-07-23,hungaroring,race,sargeant,Logan Sargeant,williams,Williams,18,18,20,0,67,Retired
2023,11,Hungarian Grand Prix,2023-07-23,hungaroring,race,ocon,Esteban Ocon,alpine,Alpine F1 Team,19,R,12,0,2,Retired
2023,11,Hungarian Grand Prix,2023-07-23,hungaroring,race,gasly,Pierre Gasly,alpine,Alpine F1 Team,20,R,15,0,1,Retired
2023,12,Belgian Grand Prix,2023-07-30,spa,race,max_verstappen,Max Verstappen,red_bull,Red Bull,1,1,6,25,44,Finished
2023,12,Belgian Grand Prix,2023-07-30,spa,race,perez,Sergio Pérez,red_bull,Red Bull,2,2,2,18,44,Finished
2023,12,Belgian Grand Prix,2023-07-30,spa,race,leclerc,Charles Leclerc,ferrari,Ferrari,3,3,1,15,44,Finished
2023,12,Belgian Grand Prix,2023-07-30,spa,race,hamilton,Lewis Hamilton,mercedes,Mercedes,4,4,3,13,44,Finished
2023,12,Belgian Grand Prix,2023-07-30,spa,race,alonso,Fernando Alonso,aston_martin,Aston Martin,5,5,9,10,44,Finished
2023,12,Belgian Grand Prix,2023-07-30,spa,race,russell,George Russell,mercedes,Mercedes,6,6,8,8,44,Finished
2023,12,Belgian Grand Prix,2023-07-30,spa,race,norris,Lando Norris,mclaren,McLaren,7,7,7,6,44,Finished
2023,12,Belgian Grand Prix,2023-07-30,spa,race,ocon,Esteban Ocon,alpine,Alpine F1 Team,8,8,14,4,44,Finished
2023,12,Belgian Grand Prix,2023-07-30,spa,race,stroll,Lance Stroll,aston_martin,Aston Martin,9,9,10,2,44,Finished
2023,12,Belgian Grand Prix,2023-07-30,spa,race,tsunoda,Yuki Tsunoda,alphatauri,AlphaTauri,10,10,11,1,44,Finished
2023,12,Belgian Grand Prix,2023-07-30,spa,race,gasly,Pierre Gasly,alpine,Alpine F1 Team,11,11,12,0,44,Finished
2023,12,Belgian Grand Prix,2023-07-30,spa,race,bottas,Valtteri Bottas,alfa,Alfa Romeo,12,12,13,0,44,Finished
2023,12,Belgian Grand Prix,2023-07-30,spa,race,zhou,Guanyu Zhou,alfa,Alfa Romeo,13,13,17,0,44,Finished
2023,12,Belgian Grand Prix,2023-07-30,spa,race,albon,Alexander Albon,williams,Williams,14,14,15,0,44,Finished
2023,12,Belgian Grand Prix,2023-07-30,spa,race,kevin_magnussen,Kevin Magnussen,haas,Haas F1 Team,15,15,16,0,44,Finished
2023,12,Belgian Grand Prix,2023-07-30,spa,race,ricciardo,Daniel Ricciardo,alphatauri,AlphaTauri,16,16,19,0,44,Finished
2023,12,Belgian Grand Prix,2023-07-30,spa,race,sargeant,Logan Sargeant,williams,Williams,17,17,18,0,44,Finished
2023,12,Belgian Grand Prix,2023-07-30,spa,race,hulkenberg,Nico Hülkenberg,haas,Haas F1 Team,18,18,20,0,44,Finished
2023,12,Belgian Grand Prix,2023-07-30,spa,race,sainz,Carlos Sainz,ferrari,Ferrari,19,R,4,0,23,Retired
2023,12,Belgian Grand Prix,2023-07-30,spa,race,piastri,Oscar Piastri,mclaren,McLaren,20,R,5,0,0,Retired
2023,13,Dutch Grand Prix,2023-08-27,zandvoort,race,max_verstappen,Max Verstappen,red_bull,Red Bull,1,1,1,25,72,Finished
2023,13,Dutch Grand Prix,2023-08-27,zandvoort,race,alonso,Fernando Alonso,aston_martin,Aston Martin,2,2,5,19,72,Finished
2023,13,Dutch Grand Prix,2023-08-27,zandvoort,race,gasly,Pierre Gasly,alpine,Alpine F1 Team,3,3,12,15,72,Finished
2023,13,Dutch Grand Prix,2023-08-27,zandvoort,race,perez,Sergio Pérez,red_bull,Red Bull,4,4,7,12,72,Finished
2023,13,Dutch Grand Prix,2023-08-27,zandvoort,race,sainz,Carlos Sainz,ferrari,Ferrari,5,5,6,10,72,Finished
2023,13,Dutch Grand Prix,2023-08-27,zandvoort,race,hamilton,Lewis Hamilton,mercedes,Mercedes,6,6,13,8,72,Finished
2023,13,Dutch Grand Prix,2023-08-27,zandvoort,race,norris,Lando Norris,mclaren,McLaren,7,7,2,6,72,Finished
2023,13,Dutch Grand Prix,2023-08-27,zandvoort,race,albon,Alexander Albon,williams,Williams,8,8,4,4,72,Finished
2023,13,Dutch Grand Prix,2023-08-27,zandvoort,race,piastri,Oscar Piastri,mclaren,McLaren,9,9,8,2,72,Finished
2023,13,Dutch Grand Prix,2023-08-27,zandvoort,race,ocon,Esteban Ocon,alpine,Alpine F1 Team,10,10,16,1,72,Finished
2023,13,Dutch Grand Prix,2023-08-27,zandvoort,race,stroll,Lance Stroll,aston_martin,Aston Martin,11,11,11,0,72,Finished
2023,13,Dutch Grand Prix,2023-08-27,zandvoort,race,hulkenberg,Nico Hülkenberg,haas,Haas F1 Team,12,12,14,0,72,Finished
2023,13,Dutch Grand Prix,2023-08-27,zandvoort,race,lawson,Liam Lawson,alphatauri,AlphaTauri,13,13,19,0,72,Finished
2023,13,Dutch Grand Prix,2023-08-27,zandvoort,race,bottas,Valtteri Bottas,alfa,Alfa Romeo,14,14,18,0,72,Finished
2023,13,Dutch Grand Prix,2023-08-27,zandvoort,race,tsunoda,Yuki Tsunoda,alphatauri,AlphaTauri,15,15,17,0,72,Finished
2023,13,Dutch Grand Prix,2023-08-27,zandvoort,race,kevin_magnussen,Kevin Magnussen,haas,Haas F1 Team,16,16,0,0,72,Finished
2023,13,Dutch Grand Prix,2023-08-27,zandvoort,race,russell,George Russell,mercedes,Mercedes,17,17,3,0,72,Finished
2023,13,Dutch Grand Prix,2023-08-27,zandvoort,race,zhou,Guanyu Zhou,alfa,Alfa Romeo,18,R,15,0,62,Accident
2023,13,Dutch Grand Prix,2023-08-27,zandvoort,race,leclerc,Charles Leclerc,ferrari,Ferrari,19,R,9,0,41,Undertray
2023,13,Dutch Grand Prix,2023-08-27,zandvoort,race,sargeant,Logan Sargeant,williams,Williams,20,R,10,0,14,Accident
2023,14,Italian Grand Prix,2023-09-03,monza,race,max_verstappen,Max Verstappen,red_bull,Red Bull,1,1,2,25,51,Finished
2023,14,Italian Grand Prix,2023-09-03,monza,race,perez,Sergio Pérez,red_bull,Red Bull,2,2,5,18,51,Finished
2023,14,Italian Grand Prix,2023-09-03,monza,race,sainz,Carlos Sainz,ferrari,Ferrari,3,3,1,15,51,Finished
2023,14,Italian Grand Prix,2023-09-03,monza,race,leclerc,Charles Leclerc,ferrari,Ferrari,4,4,3,12,51,Finished
2023,14,Italian Grand Prix,2023-09-03,monza,race,russell,George Russell,mercedes,Mercedes,5,5,4,10,51,Finished
2023,14,Italian Grand Prix,2023-09-03,monza,race,hamilton,Lewis Hamilton,mercedes,Mercedes,6,6,8,8,51,Finished
2023,14,Italian Grand Prix,2023-09-03,monza,race,albon,Alexander Albon,williams,Williams,7,7,6,6,51,Finished
2023,14,Italian Grand Prix,2023-09-03,monza,race,norris,Lando Norris,mclaren,McLaren,8,8,9,4,51,Finished
2023,14,Italian Grand Prix,2023-09-03,monza,race,alonso,Fernando Alonso,aston_martin,Aston Martin,9,9,10,2,51,Finished
2023,14,Italian Grand Prix,2023-09-03,monza,race,bottas,Valtteri Bottas,alfa,Alfa Romeo,10,10,14,1,51,Finished
2023,14,Italian Grand Prix,2023-09-03,monza,race,lawson,Liam Lawson,alphatauri,AlphaTauri,11,11,12,0,51,Finished
2023,14,Italian Grand Prix,2023-09-03,monza,race,piastri,Oscar Piastri,mclaren,McLaren,12,12,7,0,51,Finished
2023,14,Italian Grand Prix,2023-09-03,monza,race,sargeant,Logan Sargeant,williams,Williams,13,13,15,0,51,Finished
2023,14,Italian Grand Prix,2023-09-03,monza,race,zhou,Guanyu Zhou,alfa,Alfa Romeo,14,14,16,0,51,Finished
2023,14,Italian Grand Prix,2023-09-03,monza,race,gasly,Pierre Gasly,alpine,Alpine F1 Team,15,15,17,0,51,Finished
2023,14,Italian Grand Prix,2023-09-03,monza,race,stroll,Lance Stroll,aston_martin,Aston Martin,16,16,20,0,51,Finished
2023,14,Italian Grand Prix,2023-09-03,monza,race,hulkenberg,Nico Hülkenberg,haas,Haas F1 Team,17,17,13,0,50,Lapped
2023,14,Italian Grand Prix,2023-09-03,monza,race,kevin_magnussen,Kevin Magnussen,haas,Haas F1 Team,18,18,19,0,50,Lapped
2023,14,Italian Grand Prix,2023-09-03,monza,race,ocon,Esteban Ocon,alpine,Alpine F1 Team,19,R,18,0,39,Retired
2023,14,Italian Grand Prix,2023-09-03,monza,race,tsunoda,Yuki Tsunoda,alphatauri,AlphaTauri,20,W,11,0,0,Did not start
2023,15,Singapore Grand Prix,2023-09-17,marina_bay,race,sainz,Carlos Sainz,ferrari,Ferrari,1,1,1,25,62,Finished
2023,15,Singapore Grand Prix,2023-09-17,marina_bay,race,norris,Lando Norris,mclaren,McLaren,2,2,4,18,62,Finished
2023,15,Singapore Grand Prix,2023-09-17,marina_bay,race,hamilton,Lewis Hamilton,mercedes,Mercedes,3,3,5,16,62,Finished
2023,15,Singapore Grand Prix,2023-09-17,marina_bay,race,leclerc,Charles Leclerc,ferrari,Ferrari,4,4,3,12,62,Finished
2023,15,Singapore Grand Prix,2023-09-17,marina_bay,race,max_verstappen,Max Verstappen,red_bull,Red Bull,5,5,11,10,62,Finished
2023,15,Singapore Grand Prix,2023-09-17,marina_bay,race,gasly,Pierre Gasly,alpine,Alpine F1 Team,6,6,12,8,62,Finished
2023,15,Singapore Grand Prix,2023-09-17,marina_bay,race,piastri,Oscar Piastri,mclaren,McLaren,7,7,17,6,62,Finished
2023,15,Singapore Grand Prix,2023-09-17,marina_bay,race,perez,Sergio Pérez,red_bull,Red Bull,8,8,13,4,62,Finished
2023,15,Singapore Grand Prix,2023-09-17,marina_bay,race,lawson,Liam Lawson,alphatauri,AlphaTauri,9,9,10,2,62,Finished
2023,15,Singapore Grand Prix,2023-09-17,marina_bay,race,kevin_magnussen,Kevin Magnussen,haas,Haas F1 Team,10,10,6,1,62,Finished
2023,15,Singapore Grand Prix,2023-09-17,marina_bay,race,albon,Alexander Albon,williams,Williams,11,11,14,0,62,Finished
2023,15,Singapore Grand Prix,2023-09-17,marina_bay,race,zhou,Guanyu Zhou,alfa,Alfa Romeo,12,12,19,0,62,Finished
2023,15,Singapore Grand Prix,2023-09-17,marina_bay,race,hulkenberg,Nico Hülkenberg,haas,Haas F1 Team,13,13,9,0,62,Finished
2023,15,Singapore Grand Prix,2023-09-17,marina_bay,race,sargeant,Logan Sargeant,williams,Williams,14,14,18,0,62,Finished
2023,15,Singapore Grand Prix,2023-09-17,marina_bay,race,alonso,Fernando Alonso,aston_martin,Aston Martin,15,15,7,0,62,Finished
2023,15,Singapore Grand Prix,2023-09-17,marina_bay,race,russell,George Russell,mercedes,Mercedes,16,16,2,0,61,Retired
2023,15,Singapore Grand Prix,2023-09-17,marina_bay,race,bottas,Valtteri Bottas,alfa,Alfa Romeo,17,R,16,0,51,Retired
2023,15,Singapore Grand Prix,2023-09-17,marina_bay,race,ocon,Esteban Ocon,alpine,Alpine F1 Team,18,R,8,0,42,Retired
2023,15,Singapore Grand Prix,2023-09-17,marina_bay,race,tsunoda,Yuki Tsunoda,alphatauri,AlphaTauri,19,R,15,0,0,Retired
2023,15,Singapore Grand Prix,2023-09-17,marina_bay,race,stroll,Lance Stroll,aston_martin,Aston Martin,20,W,0,0,0,Withdrew
2023,16,Japanese Grand Prix,2023-09-24,suzuka,race,max_verstappen,Max Verstappen,red_bull,Red Bull,1,1,1,26,53,Finished
2023,16,Japanese Grand Prix,2023-09-24,suzuka,race,norris,Lando Norris,mclaren,McLaren,2,2,3,18,53,Finished
2023,16,Japanese Grand Prix,2023-09-24,suzuka,race,piastri,Oscar Piastri,mclaren,McLaren,3,3,2,15,53,Finished
2023,16,Japanese Grand Prix,2023-09-24,suzuka,race,leclerc,Charles Leclerc,ferrari,Ferrari,4,4,4,12,53,Finished
2023,16,Japanese Grand Prix,2023-09-24,suzuka,race,hamilton,Lewis Hamilton,mercedes,Mercedes,5,5,7,10,53,Finished
2023,16,Japanese Grand Prix,2023-09-24,suzuka,race,sainz,Carlos Sainz,ferrari,Ferrari,6,6,6,8,53,Finished
2023,16,Japanese Grand Prix,2023-09-24,suzuka,race,russell,George Russell,mercedes,Mercedes,7,7,8,6,53,Finished
2023,16,Japanese Grand Prix,2023-09-24,suzuka,race,alonso,Fernando Alonso,aston_martin,Aston Martin,8,8,10,4,53,Finished
2023,16,Japanese Grand Prix,2023-09-24,suzuka,race,ocon,Esteban Ocon,alpine,Alpine F1 Team,9,9,14,2,53,Finished
2023,16,Japanese Grand Prix,2023-09-24,suzuka,race,gasly,Pierre Gasly,alpine,Alpine F1 Team,10,10,12,1,53,Finished
2023,16,Japanese Grand Prix,2023-09-24,suzuka,race,lawson,Liam Lawson,alphatauri,AlphaTauri,11,11,11,0,52,Lapped
2023,16,Japanese Grand Prix,2023-09-24,suzuka,race,tsunoda,Yuki Tsunoda,alphatauri,AlphaTauri,12,12,9,0,52,Lapped
2023,16,Japanese Grand Prix,2023-09-24,suzuka,race,zhou,Guanyu Zhou,alfa,Alfa Romeo,13,13,19,0,52,Lapped
2023,16,Japanese Grand Prix,2023-09-24,suzuka,race,hulkenberg,Nico Hülkenberg,haas,Haas F1 Team,14,14,18,0,52,Lapped
2023,16,Japanese Grand Prix,2023-09-24,suzuka,race,kevin_magnussen,Kevin Magnussen,haas,Haas F1 Team,15,15,15,0,52,Lapped
2023,16,Japanese Grand Prix,2023-09-24,suzuka,race,albon,Alexander Albon,williams,Williams,16,R,13,0,26,Retired
2023,16,Japanese Grand Prix,2023-09-24,suzuka,race,sargeant,Logan Sargeant,williams,Williams,17,R,20,0,22,Retired
2023,16,Japanese Grand Prix,2023-09-24,suzuka,race,stroll,Lance Stroll,aston_martin,Aston Martin,18,R,17,0,20,Retired
2023,16,Japanese Grand Prix,2023-09-24,suzuka,race,perez,Sergio Pérez,red_bull,Red Bull,19,R,5,0,15,Retired
2023,16,Japanese Grand Prix,2023-09-24,suzuka,race,bottas,Valtteri Bottas,alfa,Alfa Romeo,20,R,16,0,7,Retired
2023,17,Qatar Grand Prix,2023-10-08,losail,race,max_verstappen,Max Verstappen,red_bull,Red Bull,1,1,1,26,57,Finished
2023,17,Qatar Grand Prix,2023-10-08,losail,race,piastri,Oscar Piastri,mclaren,McLaren,2,2,6,18,57,Finished
2023,17,Qatar Grand Prix,2023-10-08,losail,race,norris,Lando Norris,mclaren,McLaren,3,3,10,15,57,Finished
2023,17,Qatar Grand Prix,2023-10-08,losail,race,russell,George Russell,mercedes,Mercedes,4,4,2,12,57,Finished
2023,17,Qatar Grand Prix,2023-10-08,losail,race,leclerc,Charles Leclerc,ferrari,Ferrari,5,5,5,10,57,Finished
2023,17,Qatar Grand Prix,2023-10-08,losail,race,alonso,Fernando Alonso,aston_martin,Aston Martin,6,6,4,8,57,Finished
2023,17,Qatar Grand Prix,2023-10-08,losail,race,ocon,Esteban Ocon,alpine,Alpine F1 Team,7,7,8,6,57,Finished
2023,17,Qatar Grand Prix,2023-10-08,losail,race,bottas,Valtteri Bottas,alfa,Alfa Romeo,8,8,9,4,57,Finished
2023,17,Qatar Grand Prix,2023-10-08,losail,race,zhou,Guanyu Zhou,alfa,Alfa Romeo,9,9,19,2,57,Finished
2023,17,Qatar Grand Prix,2023-10-08,losail,race,perez,Sergio Pérez,red_bull,Red Bull,10,10,20,1,57,Finished
2023,17,Qatar Grand Prix,2023-10-08,losail,race,stroll,Lance Stroll,aston_martin,Aston Martin,11,11,16,0,57,Finished
2023,17,Qatar Grand Prix,2023-10-08,losail,race,gasly,Pierre Gasly,alpine,Alpine F1 Team,12,12,7,0,57,Finished
2023,17,Qatar Grand Prix,2023-10-08,losail,race,albon,Alexander Albon,williams,Williams,13,13,13,0,57,Finished
2023,17,Qatar Grand Prix,2023-10-08,losail,race,kevin_magnussen,Kevin Magnussen,haas,Haas F1 Team,14,14,18,0,56,Lapped
2023,17,Qatar Grand Prix,2023-10-08,losail,race,tsunoda,Yuki Tsunoda,alphatauri,AlphaTauri,15,15,11,0,56,Lapped
2023,17,Qatar Grand Prix,2023-10-08,losail,race,hulkenberg,Nico Hülkenberg,haas,Haas F1 Team,16,16,14,0,56,Lapped
2023,17,Qatar Grand Prix,2023-10-08,losail,race,lawson,Liam Lawson,alphatauri,AlphaTauri,17,17,17,0,56,Lapped
2023,17,Qatar Grand Prix,2023-10-08,losail,race,sargeant,Logan Sargeant,williams,Williams,18,R,15,0,40,Retired
2023,17,Qatar Grand Prix,2023-10-08,losail,race,hamilton,Lewis Hamilton,mercedes,Mercedes,19,R,3,0,0,Retired
2023,17,Qatar Grand Prix,2023-10-08,losail,race,sainz,Carlos Sainz,ferrari,Ferrari,20,W,12,0,0,Did not start
2023,18,United States Grand Prix,2023-10-22,americas,race,max_verstappen,Max Verstappen,red_bull,Red Bull,1,1,6,25,56,Finished
2023,18,United States Grand Prix,2023-10-22,americas,race,norris,Lando Norris,mclaren,McLaren,2,2,2,18,56,Finished
2023,18,United States Grand Prix,2023-10-22,americas,race,sainz,Carlos Sainz,ferrari,Ferrari,3,3,4,15,56,Finished
2023,18,United States Grand Prix,2023-10-22,americas,race,perez,Sergio Pérez,red_bull,Red Bull,4,4,9,12,56,Finished
2023,18,United States Grand Prix,2023-10-22,americas,race,russell,George Russell,mercedes,Mercedes,5,5,5,10,56,Finished
2023,18,United States Grand Prix,2023-10-22,americas,race,gasly,Pierre Gasly,alpine,Alpine F1 Team,6,6,7,8,56,Finished
2023,18,United States Grand Prix,2023-10-22,americas,race,stroll,Lance Stroll,aston_martin,Aston Martin,7,7,20,6,56,Finished
2023,18,United States Grand Prix,2023-10-22,americas,race,tsunoda,Yuki Tsunoda,alphatauri,AlphaTauri,8,8,11,5,56,Finished
2023,18,United States Grand Prix,2023-10-22,americas,race,albon,Alexander Albon,williams,Williams,9,9,15,2,56,Finished
2023,18,United States Grand Prix,2023-10-22,americas,race,sargeant,Logan Sargeant,williams,Williams,10,10,16,1,56,Finished
2023,18,United States Grand Prix,2023-10-22,americas,race,hulkenberg,Nico Hülkenberg,haas,Haas F1 Team,11,11,18,0,56,Finished
2023,18,United States Grand Prix,2023-10-22,americas,race,bottas,Valtteri Bottas,alfa,Alfa Romeo,12,12,13,0,56,Finished
2023,18,United States Grand Prix,2023-10-22,americas,race,zhou,Guanyu Zhou,alfa,Alfa Romeo,13,13,12,0,55,Lapped
2023,18,United States Grand Prix,2023-10-22,americas,race,kevin_magnussen,Kevin Magnussen,haas,Haas F1 Team,14,14,17,0,55,Lapped
2023,18,United States Grand Prix,2023-10-22,americas,race,ricciardo,Daniel Ricciardo,alphatauri,AlphaTauri,15,15,14,0,55,Lapped
2023,18,United States Grand Prix,2023-10-22,americas,race,alonso,Fernando Alonso,aston_martin,Aston Martin,16,R,19,0,49,Retired
2023,18,United States Grand Prix,2023-10-22,americas,race,piastri,Oscar Piastri,mclaren,McLaren,17,R,10,0,10,Retired
2023,18,United States Grand Prix,2023-10-22,americas,race,ocon,Esteban Ocon,alpine,Alpine F1 Team,18,R,8,0,6,Retired
2023,18,United States Grand Prix,2023-10-22,americas,race,hamilton,Lewis Hamilton,mercedes,Mercedes,19,19,3,0,56,Disqualified
2023,18,United States Grand Prix,2023-10-22,americas,race,leclerc,Charles Leclerc,ferrari,Ferrari,20,20,1,0,56,Disqualified
2023,19,Mexico City Grand Prix,2023-10-29,rodriguez,race,max_verstappen,Max Verstappen,red_bull,Red Bull,1,1,3,25,71,Finished
2023,19,Mexico City Grand Prix,2023-10-29,rodriguez,race,hamilton,Lewis Hamilton,mercedes,Mercedes,2,2,6,19,71,Finished
2023,19,Mexico City Grand Prix,2023-10-29,rodriguez,race,leclerc,Charles Leclerc,ferrari,Ferrari,3,3,1,15,71,Finished
2023,19,Mexico City Grand Prix,2023-10-29,rodriguez,race,sainz,Carlos Sainz,ferrari,Ferrari,4,4,2,12,71,Finished
2023,19,Mexico City Grand Prix,2023-10-29,rodriguez,race,norris,Lando Norris,mclaren,McLaren,5,5,17,10,71,Finished
2023,19,Mexico City Grand Prix,2023-10-29,rodriguez,race,russell,George Russell,mercedes,Mercedes,6,6,8,8,71,Finished
2023,19,Mexico City Grand Prix,2023-10-29,rodriguez,race,ricciardo,Daniel Ricciardo,alphatauri,AlphaTauri,7,7,4,6,71,Finished
2023,19,Mexico City Grand Prix,2023-10-29,rodriguez,race,piastri,Oscar Piastri,mclaren,McLaren,8,8,7,4,71,Finished
2023,19,Mexico City Grand Prix,2023-10-29,rodriguez,race,albon,Alexander Albon,williams,Williams,9,9,14,2,71,Finished
2023,19,Mexico City Grand Prix,2023-10-29,rodriguez,race,ocon,Esteban Ocon,alpine,Alpine F1 Team,10,10,15,1,71,Finished
2023,19,Mexico City Grand Prix,2023-10-29,rodriguez,race,gasly,Pierre Gasly,alpine,Alpine F1 Team,11,11,11,0,71,Finished
2023,19,Mexico City Grand Prix,2023-10-29,rodriguez,race,tsunoda,Yuki Tsunoda,alphatauri,AlphaTauri,12,12,18,0,71,Finished
2023,19,Mexico City Grand Prix,2023-10-29,rodriguez,race,hulkenberg,Nico Hülkenberg,haas,Haas F1 Team,13,13,12,0,71,Finished
2023,19,Mexico City Grand Prix,2023-10-29,rodriguez,race,zhou,Guanyu Zhou,alfa,Alfa Romeo,14,14,10,0,71,Finished
2023,19,Mexico City Grand Prix,2023-10-29,rodriguez,race,bottas,Valtteri Bottas,alfa,Alfa Romeo,15,15,9,0,71,Finished
2023,19,Mexico City Grand Prix,2023-10-29,rodriguez,race,sargeant,Logan Sargeant,williams,Williams,16,16,19,0,70,Retired
2023,19,Mexico City Grand Prix,2023-10-29,rodriguez,race,stroll,Lance Stroll,aston_martin,Aston Martin,17,17,0,0,66,Collision damage
2023,19,Mexico City Grand Prix,2023-10-29,rodriguez,race,alonso,Fernando Alonso,aston_martin,Aston Martin,18,W,13,0,47,Withdrew
2023,19,Mexico City Grand Prix,2023-10-29,rodriguez,race,kevin_magnussen,Kevin Magnussen,haas,Haas F1 Team,19,R,16,0,31,Accident
2023,19,Mexico City Grand Prix,2023-10-29,rodriguez,race,perez,Sergio Pérez,red_bull,Red Bull,20,R,5,0,1,Collision damage
2023,20,São Paulo Grand Prix,2023-11-05,interlagos,race,max_verstappen,Max Verstappen,red_bull,Red Bull,1,1,1,25,71,Finished
2023,20,São Paulo Grand Prix,2023-11-05,interlagos,race,norris,Lando Norris,mclaren,McLaren,2,2,6,19,71,Finished
2023,20,São Paulo Grand Prix,2023-11-05,interlagos,race,alonso,Fernando Alonso,aston_martin,Aston Martin,3,3,4,15,71,Finished
2023,20,São Paulo Grand Prix,2023-11-05,interlagos,race,perez,Sergio Pérez,red_bull,Red Bull,4,4,9,12,71,Finished
2023,20,São Paulo Grand Prix,2023-11-05,interlagos,race,stroll,Lance Stroll,aston_martin,Aston Martin,5,5,3,10,71,Finished
2023,20,São Paulo Grand Prix,2023-11-05,interlagos,race,sainz,Carlos Sainz,ferrari,Ferrari,6,6,7,8,71,Finished
2023,20,São Paulo Grand Prix,2023-11-05,interlagos,race,gasly,Pierre Gasly,alpine,Alpine F1 Team,7,7,15,6,71,Finished
2023,20,São Paulo Grand Prix,2023-11-05,interlagos,race,hamilton,Lewis Hamilton,mercedes,Mercedes,8,8,5,4,71,Finished
2023,20,São Paulo Grand Prix,2023-11-05,interlagos,race,tsunoda,Yuki Tsunoda,alphatauri,AlphaTauri,9,9,16,2,71,Finished
2023,20,São Paulo Grand Prix,2023-11-05,interlagos,race,ocon,Esteban Ocon,alpine,Alpine F1 Team,10,10,14,1,70,Lapped
2023,20,São Paulo Grand Prix,2023-11-05,interlagos,race,sargeant,Logan Sargeant,williams,Williams,11,11,19,0,70,Lapped
2023,20,São Paulo Grand Prix,2023-11-05,interlagos,race,hulkenberg,Nico Hülkenberg,haas,Haas F1 Team,12,12,11,0,70,Lapped
2023,20,São Paulo Grand Prix,2023-11-05,interlagos,race,ricciardo,Daniel Ricciardo,alphatauri,AlphaTauri,13,13,17,0,70,Lapped
2023,20,São Paulo Grand Prix,2023-11-05,interlagos,race,piastri,Oscar Piastri,mclaren,McLaren,14,14,10,0,69,Lapped
2023,20,São Paulo Grand Prix,2023-11-05,interlagos,race,russell,George Russell,mercedes,Mercedes,15,R,8,0,57,Retired
2023,20,São Paulo Grand Prix,2023-11-05,interlagos,race,bottas,Valtteri Bottas,alfa,Alfa Romeo,16,R,18,0,39,Retired
2023,20,São Paulo Grand Prix,2023-11-05,interlagos,race,zhou,Guanyu Zhou,alfa,Alfa Romeo,17,R,20,0,22,Retired
2023,20,São Paulo Grand Prix,2023-11-05,interlagos,race,kevin_magnussen,Kevin Magnussen,haas,Haas F1 Team,18,R,12,0,0,Retired
2023,20,São Paulo Grand Prix,2023-11-05,interlagos,race,albon,Alexander Albon,williams,Williams,19,R,13,0,0,Retired
2023,20,São Paulo Grand Prix,2023-11-05,interlagos,race,leclerc,Charles Leclerc,ferrari,Ferrari,20,W,2,0,0,Did not start
2023,21,Las Vegas Grand Prix,2023-11-19,vegas,race,max_verstappen,Max Verstappen,red_bull,Red Bull,1,1,2,25,50,Finished
2023,21,Las Vegas Grand Prix,2023-11-19,vegas,race,leclerc,Charles Leclerc,ferrari,Ferrari,2,2,1,18,50,Finished
2023,21,Las Vegas Grand Prix,2023-11-19,vegas,race,perez,Sergio Pérez,red_bull,Red Bull,3,3,11,15,50,Finished
2023,21,Las Vegas Grand Prix,2023-11-19,vegas,race,ocon,Esteban Ocon,alpine,Alpine F1 Team,4,4,16,12,50,Finished
2023,21,Las Vegas Grand Prix,2023-11-19,vegas,race,stroll,Lance Stroll,aston_martin,Aston Martin,5,5,19,10,50,Finished
2023,21,Las Vegas Grand Prix,2023-11-19,vegas,race,sainz,Carlos Sainz,ferrari,Ferrari,6,6,12,8,50,Finished
2023,21,Las Vegas Grand Prix,2023-11-19,vegas,race,hamilton,Lewis Hamilton,mercedes,Mercedes,7,7,10,6,50,Finished
2023,21,Las Vegas Grand Prix,2023-11-19,vegas,race,russell,George Russell,mercedes,Mercedes,8,8,3,4,50,Finished
2023,21,Las Vegas Grand Prix,2023-11-19,vegas,race,alonso,Fernando Alonso,aston_martin,Aston Martin,9,9,9,2,50,Finished
2023,21,Las Vegas Grand Prix,2023-11-19,vegas,race,piastri,Oscar Piastri,mclaren,McLaren,10,10,18,2,50,Finished
2023,21,Las Vegas Grand Prix,2023-11-19,vegas,race,gasly,Pierre Gasly,alpine,Alpine F1 Team,11,11,4,0,50,Finished
2023,21,Las Vegas Grand Prix,2023-11-19,vegas,race,albon,Alexander Albon,williams,Williams,12,12,5,0,50,Finished
2023,21,Las Vegas Grand Prix,2023-11-19,vegas,race,kevin_magnussen,Kevin Magnussen,haas,Haas F1 Team,13,13,8,0,50,Finished
2023,21,Las Vegas Grand Prix,2023-11-19,vegas,race,ricciardo,Daniel Ricciardo,alphatauri,AlphaTauri,14,14,14,0,50,Finished
2023,21,Las Vegas Grand Prix,2023-11-19,vegas,race,zhou,Guanyu Zhou,alfa,Alfa Romeo,15,15,17,0,50,Finished
2023,21,Las Vegas Grand Prix,2023-11-19,vegas,race,sargeant,Logan Sargeant,williams,Williams,16,16,6,0,50,Finished
2023,21,Las Vegas Grand Prix,2023-11-19,vegas,race,bottas,Valtteri Bottas,alfa,Alfa Romeo,17,17,7,0,50,Finished
2023,21,Las Vegas Grand Prix,2023-11-19,vegas,race,tsunoda,Yuki Tsunoda,alphatauri,AlphaTauri,18,18,20,0,46,Retired
2023,21,Las Vegas Grand Prix,2023-11-19,vegas,race,hulkenberg,Nico Hülkenberg,haas,Haas F1 Team,19,19,13,0,45,Retired
2023,21,Las Vegas Grand Prix,2023-11-19,vegas,race,norris,Lando Norris,mclaren,McLaren,20,R,15,0,2,Retired
2023,22,Abu Dhabi Grand Prix,2023-11-26,yas_marina,race,max_verstappen,Max Verstappen,red_bull,Red Bull,1,1,1,26,58,Finished
2023,22,Abu Dhabi Grand Prix,2023-11-26,yas_marina,race,leclerc,Charles Leclerc,ferrari,Ferrari,2,2,2,18,58,Finished
2023,22,Abu Dhabi Grand Prix,2023-11-26,yas_marina,race,russell,George Russell,mercedes,Mercedes,3,3,4,15,58,Finished
2023,22,Abu Dhabi Grand Prix,2023-11-26,yas_marina,race,perez,Sergio Pérez,red_bull,Red Bull,4,4,9,12,58,Finished
2023,22,Abu Dhabi Grand Prix,2023-11-26,yas_marina,race,norris,Lando Norris,mclaren,McLaren,5,5,5,10,58,Finished
2023,22,Abu Dhabi Grand Prix,2023-11-26,yas_marina,race,piastri,Oscar Piastri,mclaren,McLaren,6,6,3,8,58,Finished
2023,22,Abu Dhabi Grand Prix,2023-11-26,yas_marina,race,alonso,Fernando Alonso,aston_martin,Aston Martin,7,7,7,6,58,Finished
2023,22,Abu Dhabi Grand Prix,2023-11-26,yas_marina,race,tsunoda,Yuki Tsunoda,alphatauri,AlphaTauri,8,8,6,4,58,Finished
2023,22,Abu Dhabi Grand Prix,2023-11-26,yas_marina,race,hamilton,Lewis Hamilton,mercedes,Mercedes,9,9,11,2,58,Finished
2023,22,Abu Dhabi Grand Prix,2023-11-26,yas_marina,race,stroll,Lance Stroll,aston_martin,Aston Martin,10,10,13,1,58,Finished
2023,22,Abu Dhabi Grand Prix,2023-11-26,yas_marina,race,ricciardo,Daniel Ricciardo,alphatauri,AlphaTauri,11,11,15,0,58,Finished
2023,22,Abu Dhabi Grand Prix,2023-11-26,yas_marina,race,ocon,Esteban Ocon,alpine,Alpine F1 Team,12,12,12,0,58,Finished
2023,22,Abu Dhabi Grand Prix,2023-11-26,yas_marina,race,gasly,Pierre Gasly,alpine,Alpine F1 Team,13,13,10,0,58,Finished
2023,22,Abu Dhabi Grand Prix,2023-11-26,yas_marina,race,albon,Alexander Albon,williams,Williams,14,14,14,0,58,Finished
2023,22,Abu Dhabi Grand Prix,2023-11-26,yas_marina,race,hulkenberg,Nico Hülkenberg,haas,Haas F1 Team,15,15,8,0,58,Finished
2023,22,Abu Dhabi Grand Prix,2023-11-26,yas_marina,race,sargeant,Logan Sargeant,williams,Williams,16,16,20,0,58,Finished
2023,22,Abu Dhabi Grand Prix,2023-11-26,yas_marina,race,zhou,Guanyu Zhou,alfa,Alfa Romeo,17,17,19,0,58,Finished
2023,22,Abu Dhabi Grand Prix,2023-11-26,yas_marina,race,sainz,Carlos Sainz,ferrari,Ferrari,18,18,16,0,57,Retired
2023,22,Abu Dhabi Grand Prix,2023-11-26,yas_marina,race,bottas,Valtteri Bottas,alfa,Alfa Romeo,19,19,18,0,57,Lapped
2023,22,Abu Dhabi Grand Prix,2023-11-26,yas_marina,race,kevin_magnussen,Kevin Magnussen,haas,Haas F1 Team,20,20,17,0,57,Lapped
2024,1,Bahrain Grand Prix,2024-03-02,bahrain,race,max_verstappen,Max Verstappen,red_bull,Red Bull,1,1,1,26,57,Finished
2024,1,Bahrain Grand Prix,2024-03-02,bahrain,race,perez,Sergio Pérez,red_bull,Red Bull,2,2,5,18,57,Finished
2024,1,Bahrain Grand Prix,2024-03-02,bahrain,race,sainz,Carlos Sainz,ferrari,Ferrari,3,3,4,15,57,Finished
2024,1,Bahrain Grand Prix,2024-03-02,bahrain,race,leclerc,Charles Leclerc,ferrari,Ferrari,4,4,2,12,57,Finished
2024,1,Bahrain Grand Prix,2024-03-02,bahrain,race,russell,George Russell,mercedes,Mercedes,5,5,3,10,57,Finished
2024,1,Bahrain Grand Prix,2024-03-02,bahrain,race,norris,Lando Norris,mclaren,McLaren,6,6,7,8,57,Finished
2024,1,Bahrain Grand Prix,2024-03-02,bahrain,race,hamilton,Lewis Hamilton,mercedes,Mercedes,7,7,9,6,57,Finished
2024,1,Bahrain Grand Prix,2024-03-02,bahrain,race,piastri,Oscar Piastri,mclaren,McLaren,8,8,8,4,57,Finished
2024,1,Bahrain Grand Prix,2024-03-02,bahrain,race,alonso,Fernando Alonso,aston_martin,Aston Martin,9,9,6,2,57,Finished
2024,1,Bahrain Grand Prix,2024-03-02,bahrain,race,stroll,Lance Stroll,aston_martin,Aston Martin,10,10,12,1,57,Finished
2024,1,Bahrain Grand Prix,2024-03-02,bahrain,race,zhou,Guanyu Zhou,sauber,Sauber,11,11,17,0,56,Lapped
2024,1,Bahrain Grand Prix,2024-03-02,bahrain,race,kevin_magnussen,Kevin Magnussen,haas,Haas F1 Team,12,12,15,0,56,Lapped
2024,1,Bahrain Grand Prix,2024-03-02,bahrain,race,ricciardo,Daniel Ricciardo,rb,RB F1 Team,13,13,14,0,56,Lapped
2024,1,Bahrain Grand Prix,2024-03-02,bahrain,race,tsunoda,Yuki Tsunoda,rb,RB F1 Team,14,14,11,0,56,Lapped
2024,1,Bahrain Grand Prix,2024-03-02,bahrain,race,albon,Alexander Albon,williams,Williams,15,15,13,0,56,Lapped
2024,1,Bahrain Grand Prix,2024-03-02,bahrain,race,hulkenberg,Nico Hülkenberg,haas,Haas F1 Team,16,16,10,0,56,Lapped
2024,1,Bahrain Grand Prix,2024-03-02,bahrain,race,ocon,Esteban Ocon,alpine,Alpine F1 Team,17,17,19,0,56,Lapped
2024,1,Bahrain Grand Prix,2024-03-02,bahrain,race,gasly,Pierre Gasly,alpine,Alpine F1 Team,18,18,20,0,56,Lapped
2024,1,Bahrain Grand Prix,2024-03-02,bahrain,race,bottas,Valtteri Bottas,sauber,Sauber,19,19,16,0,56,Lapped
2024,1,Bahrain Grand Prix,2024-03-02,bahrain,race,sargeant,Logan Sargeant,williams,Williams,20,20,18,0,55,Lapped
2024,2,Saudi Arabian Grand Prix,2024-03-09,jeddah,race,max_verstappen,Max Verstappen,red_bull,Red Bull,1,1,1,25,50,Finished
2024,2,Saudi Arabian Grand Prix,2024-03-09,jeddah,race,perez,Sergio Pérez,red_bull,Red Bull,2,2,3,18,50,Finished
2024,2,Saudi Arabian Grand Prix,2024-03-09,jeddah,race,leclerc,Charles Leclerc,ferrari,Ferrari,3,3,2,16,50,Finished
2024,2,Saudi Arabian Grand Prix,2024-03-09,jeddah,race,piastri,Oscar Piastri,mclaren,McLaren,4,4,5,12,50,Finished
2024,2,Saudi Arabian Grand Prix,2024-03-09,jeddah,race,alonso,Fernando Alonso,aston_martin,Aston Martin,5,5,4,10,50,Finished
2024,2,Saudi Arabian Grand Prix,2024-03-09,jeddah,race,russell,George Russell,mercedes,Mercedes,6,6,7,8,50,Finished
2024,2,Saudi Arabian Grand Prix,2024-03-09,jeddah,race,bearman,Oliver Bearman,ferrari,Ferrari,7,7,11,6,50,Finished
2024,2,Saudi Arabian Grand Prix,2024-03-09,jeddah,race,norris,Lando Norris,mclaren,McLaren,8,8,6,4,50,Finished
2024,2,Saudi Arabian Grand Prix,2024-03-09,jeddah,race,hamilton,Lewis Hamilton,mercedes,Mercedes,9,9,8,2,50,Finished
2024,2,Saudi Arabian Grand Prix,2024-03-09,jeddah,race,hulkenberg,Nico Hülkenberg,haas,Haas F1 Team,10,10,15,1,50,Finished
2024,2,Saudi Arabian Grand Prix,2024-03-09,jeddah,race,albon,Alexander Albon,williams,Williams,11,11,12,0,50,Finished
2024,2,Saudi Arabian Grand Prix,2024-03-09,jeddah,race,kevin_magnussen,Kevin Magnussen,haas,Haas F1 Team,12,12,13,0,50,Finished
2024,2,Saudi Arabian Grand Prix,2024-03-09,jeddah,race,ocon,Esteban Ocon,alpine,Alpine F1 Team,13,13,17,0,49,Lapped
2024,2,Saudi Arabian Grand Prix,2024-03-09,jeddah,race,sargeant,Logan Sargeant,williams,Williams,14,14,19,0,49,Lapped
2024,2,Saudi Arabian Grand Prix,2024-03-09,jeddah,race,tsunoda,Yuki Tsunoda,rb,RB F1 Team,15,15,9,0,49,Lapped
2024,2,Saudi Arabian Grand Prix,2024-03-09,jeddah,race,ricciardo,Daniel Ricciardo,rb,RB F1 Team,16,16,14,0,49,Lapped
2024,2,Saudi Arabian Grand Prix,2024-03-09,jeddah,race,bottas,Valtteri Bottas,sauber,Sauber,17,17,16,0,49,Lapped
2024,2,Saudi Arabian Grand Prix,2024-03-09,jeddah,race,zhou,Guanyu Zhou,sauber,Sauber,18,18,20,0,49,Lapped
2024,2,Saudi Arabian Grand Prix,2024-03-09,jeddah,race,stroll,Lance Stroll,aston_martin,Aston Martin,19,R,10,0,5,Retired
2024,2,Saudi Arabian Grand Prix,2024-03-09,jeddah,race,gasly,Pierre Gasly,alpine,Alpine F1 Team,20,R,18,0,1,Retired
2024,3,Australian Grand Prix,2024-03-24,albert_park,race,sainz,Carlos Sainz,ferrari,Ferrari,1,1,2,25,58,Finished
2024,3,Australian Grand Prix,2024-03-24,albert_park,race,leclerc,Charles Leclerc,ferrari,Ferrari,2,2,4,19,58,Finished
2024,3,Australian Grand Prix,2024-03-24,albert_park,race,norris,Lando Norris,mclaren,McLaren,3,3,3,15,58,Finished
2024,3,Australian Grand Prix,2024-03-24,albert_park,race,piastri,Oscar Piastri,mclaren,McLaren,4,4,5,12,58,Finished
2024,3,Australian Grand Prix,2024-03-24,albert_park,race,perez,Sergio Pérez,red_bull,Red Bull,5,5,6,10,58,Finished
2024,3,Australian Grand Prix,2024-03-24,albert_park,race,stroll,Lance Stroll,aston_martin,Aston Martin,6,6,9,8,58,Finished
2024,3,Australian Grand Prix,2024-03-24,albert_park,race,tsunoda,Yuki Tsunoda,rb,RB F1 Team,7,7,8,6,58,Finished
2024,3,Australian Grand Prix,2024-03-24,albert_park,race,alonso,Fernando Alonso,aston_martin,Aston Martin,8,8,10,4,58,Finished
2024,3,Australian Grand Prix,2024-03-24,albert_park,race,hulkenberg,Nico Hülkenberg,haas,Haas F1 Team,9,9,16,2,58,Finished
2024,3,Australian Grand Prix,2024-03-24,albert_park,race,kevin_magnussen,Kevin Magnussen,haas,Haas F1 Team,10,10,14,1,57,Lapped
2024,3,Australian Grand Prix,2024-03-24,albert_park,race,albon,Alexander Albon,williams,Williams,11,11,12,0,57,Lapped
2024,3,Australian Grand Prix,2024-03-24,albert_park,race,ricciardo,Daniel Ricciardo,rb,RB F1 Team,12,12,18,0,57,Lapped
2024,3,Australian Grand Prix,2024-03-24,albert_park,race,gasly,Pierre Gasly,alpine,Alpine F1 Team,13,13,17,0,57,Lapped
2024,3,Australian Grand Prix,2024-03-24,albert_park,race,bottas,Valtteri Bottas,sauber,Sauber,14,14,13,0,57,Lapped
2024,3,Australian Grand Prix,2024-03-24,albert_park,race,zhou,Guanyu Zhou,sauber,Sauber,15,15,19,0,57,Lapped
2024,3,Australian Grand Prix,2024-03-24,albert_park,race,ocon,Esteban Ocon,alpine,Alpine F1 Team,16,16,15,0,57,Lapped
2024,3,Australian Grand Prix,2024-03-24,albert_park,race,russell,George Russell,mercedes,Mercedes,17,17,7,0,56,Retired
2024,3,Australian Grand Prix,2024-03-24,albert_park,race,hamilton,Lewis Hamilton,mercedes,Mercedes,18,R,11,0,15,Retired
2024,3,Australian Grand Prix,2024-03-24,albert_park,race,max_verstappen,Max Verstappen,red_bull,Red Bull,19,R,1,0,3,Retired
2024,4,Japanese Grand Prix,2024-04-07,suzuka,race,max_verstappen,Max Verstappen,red_bull,Red Bull,1,1,1,26,53,Finished
2024,4,Japanese Grand Prix,2024-04-07,suzuka,race,perez,Sergio Pérez,red_bull,Red Bull,2,2,2,18,53,Finished
2024,4,Japanese Grand Prix,2024-04-07,suzuka,race,sainz,Carlos Sainz,ferrari,Ferrari,3,3,4,15,53,Finished
2024,4,Japanese Grand Prix,2024-04-07,suzuka,race,leclerc,Charles Leclerc,ferrari,Ferrari,4,4,8,12,53,Finished
2024,4,Japanese Grand Prix,2024-04-07,suzuka,race,norris,Lando Norris,mclaren,McLaren,5,5,3,10,53,Finished
2024,4,Japanese Grand Prix,2024-04-07,suzuka,race,alonso,Fernando Alonso,aston_martin,Aston Martin,6,6,5,8,53,Finished
2024,4,Japanese Grand Prix,2024-04-07,suzuka,race,russell,George Russell,mercedes,Mercedes,7,7,9,6,53,Finished
2024,4,Japanese Grand Prix,2024-04-07,suzuka,race,piastri,Oscar Piastri,mclaren,McLaren,8,8,6,4,53,Finished
2024,4,Japanese Grand Prix,2024-04-07,suzuka,race,hamilton,Lewis Hamilton,mercedes,Mercedes,9,9,7,2,53,Finished
2024,4,Japanese Grand Prix,2024-04-07,suzuka,race,tsunoda,Yuki Tsunoda,rb,RB F1 Team,10,10,10,1,52,Lapped
2024,4,Japanese Grand Prix,2024-04-07,suzuka,race,hulkenberg,Nico Hülkenberg,haas,Haas F1 Team,11,11,12,0,52,Lapped
2024,4,Japanese Grand Prix,2024-04-07,suzuka,race,stroll,Lance Stroll,aston_martin,Aston Martin,12,12,16,0,52,Lapped
2024,4,Japanese Grand Prix,2024-04-07,suzuka,race,kevin_magnussen,Kevin Magnussen,haas,Haas F1 Team,13,13,18,0,52,Lapped
2024,4,Japanese Grand Prix,2024-04-07,suzuka,race,bottas,Valtteri Bottas,sauber,Sauber,14,14,13,0,52,Lapped
2024,4,Japanese Grand Prix,2024-04-07,suzuka,race,ocon,Esteban Ocon,alpine,Alpine F1 Team,15,15,15,0,52,Lapped
2024,4,Japanese Grand Prix,2024-04-07,suzuka,race,gasly,Pierre Gasly,alpine,Alpine F1 Team,16,16,17,0,52,Lapped
2024,4,Japanese Grand Prix,2024-04-07,suzuka,race,sargeant,Logan Sargeant,williams,Williams,17,17,19,0,52,Lapped
2024,4,Japanese Grand Prix,2024-04-07,suzuka,race,zhou,Guanyu Zhou,sauber,Sauber,18,R,20,0,12,Retired
2024,4,Japanese Grand Prix,2024-04-07,suzuka,race,ricciardo,Daniel Ricciardo,rb,RB F1 Team,19,R,11,0,0,Retired
2024,4,Japanese Grand Prix,2024-04-07,suzuka,race,albon,Alexander Albon,williams,Williams,20,R,14,0,0,Retired
2024,5,Chinese Grand Prix,2024-04-21,shanghai,race,max_verstappen,Max Verstappen,red_bull,Red Bull,1,1,1,25,56,Finished
2024,5,Chinese Grand Prix,2024-04-21,shanghai,race,norris,Lando Norris,mclaren,McLaren,2,2,4,18,56,Finished
2024,5,Chinese Grand Prix,2024-04-21,shanghai,race,perez,Sergio Pérez,red_bull,Red Bull,3,3,2,15,56,Finished
2024,5,Chinese Grand Prix,2024-04-21,shanghai,race,leclerc,Charles Leclerc,ferrari,Ferrari,4,4,6,12,56,Finished
2024,5,Chinese Grand Prix,2024-04-21,shanghai,race,sainz,Carlos Sainz,ferrari,Ferrari,5,5,7,10,56,Finished
2024,5,Chinese Grand Prix,2024-04-21,shanghai,race,russell,George Russell,mercedes,Mercedes,6,6,8,8,56,Finished
2024,5,Chinese Grand Prix,2024-04-21,shanghai,race,alonso,Fernando Alonso,aston_martin,Aston Martin,7,7,3,7,56,Finished
2024,5,Chinese Grand Prix,2024-04-21,shanghai,race,piastri,Oscar Piastri,mclaren,McLaren,8,8,5,4,56,Finished
2024,5,Chinese Grand Prix,2024-04-21,shanghai,race,hamilton,Lewis Hamilton,mercedes,Mercedes,9,9,18,2,56,Finished
2024,5,Chinese Grand Prix,2024-04-21,shanghai,race,hulkenberg,Nico Hülkenberg,haas,Haas F1 Team,10,10,9,1,56,Finished
2024,5,Chinese Grand Prix,2024-04-21,shanghai,race,ocon,Esteban Ocon,alpine,Alpine F1 Team,11,11,13,0,56,Finished
2024,5,Chinese Grand Prix,2024-04-21,shanghai,race,albon,Alexander Albon,williams,Williams,12,12,14,0,56,Finished
2024,5,Chinese Grand Prix,2024-04-21,shanghai,race,gasly,Pierre Gasly,alpine,Alpine F1 Team,13,13,15,0,56,Finished
2024,5,Chinese Grand Prix,2024-04-21,shanghai,race,zhou,Guanyu Zhou,sauber,Sauber,14,14,16,0,56,Finished
2024,5,Chinese Grand Prix,2024-04-21,shanghai,race,stroll,Lance Stroll,aston_martin,Aston Martin,15,15,11,0,56,Finished
2024,5,Chinese Grand Prix,2024-04-21,shanghai,race,kevin_magnussen,Kevin Magnussen,haas,Haas F1 Team,16,16,17,0,56,Finished
2024,5,Chinese Grand Prix,2024-04-21,shanghai,race,sargeant,Logan Sargeant,williams,Williams,17,17,20,0,56,Finished
2024,5,Chinese Grand Prix,2024-04-21,shanghai,race,ricciardo,Daniel Ricciardo,rb,RB F1 Team,18,R,12,0,33,Retired
2024,5,Chinese Grand Prix,2024-04-21,shanghai,race,tsunoda,Yuki Tsunoda,rb,RB F1 Team,19,R,19,0,26,Retired
2024,5,Chinese Grand Prix,2024-04-21,shanghai,race,bottas,Valtteri Bottas,sauber,Sauber,20,R,10,0,19,Retired
2024,6,Miami Grand Prix,2024-05-05,miami,race,norris,Lando Norris,mclaren,McLaren,1,1,5,25,57,Finished
2024,6,Miami Grand Prix,2024-05-05,miami,race,max_verstappen,Max Verstappen,red_bull,Red Bull,2,2,1,18,57,Finished
2024,6,Miami Grand Prix,2024-05-05,miami,race,leclerc,Charles Leclerc,ferrari,Ferrari,3,3,2,15,57,Finished
2024,6,Miami Grand Prix,2024-05-05,miami,race,perez,Sergio Pérez,red_bull,Red Bull,4,4,4,12,57,Finished
2024,6,Miami Grand Prix,2024-05-05,miami,race,sainz,Carlos Sainz,ferrari,Ferrari,5,5,3,10,57,Finished
2024,6,Miami Grand Prix,2024-05-05,miami,race,hamilton,Lewis Hamilton,mercedes,Mercedes,6,6,8,8,57,Finished
2024,6,Miami Grand Prix,2024-05-05,miami,race,tsunoda,Yuki Tsunoda,rb,RB F1 Team,7,7,10,6,57,Finished
2024,6,Miami Grand Prix,2024-05-05,miami,race,russell,George Russell,mercedes,Mercedes,8,8,7,4,57,Finished
2024,6,Miami Grand Prix,2024-05-05,miami,race,alonso,Fernando Alonso,aston_martin,Aston Martin,9,9,15,2,57,Finished
2024,6,Miami Grand Prix,2024-05-05,miami,race,ocon,Esteban Ocon,alpine,Alpine F1 Team,10,10,13,1,57,Finished
2024,6,Miami Grand Prix,2024-05-05,miami,race,hulkenberg,Nico Hülkenberg,haas,Haas F1 Team,11,11,9,0,57,Finished
2024,6,Miami Grand Prix,2024-05-05,miami,race,gasly,Pierre Gasly,alpine,Alpine F1 Team,12,12,12,0,57,Finished
2024,6,Miami Grand Prix,2024-05-05,miami,race,piastri,Oscar Piastri,mclaren,McLaren,13,13,6,0,57,Finished
2024,6,Miami Grand Prix,2024-05-05,miami,race,zhou,Guanyu Zhou,sauber,Sauber,14,14,19,0,57,Finished
2024,6,Miami Grand Prix,2024-05-05,miami,race,ricciardo,Daniel Ricciardo,rb,RB F1 Team,15,15,20,0,57,Finished
2024,6,Miami Grand Prix,2024-05-05,miami,race,bottas,Valtteri Bottas,sauber,Sauber,16,16,16,0,57,Finished
2024,6,Miami Grand Prix,2024-05-05,miami,race,stroll,Lance Stroll,aston_martin,Aston Martin,17,17,11,0,57,Finished
2024,6,Miami Grand Prix,2024-05-05,miami,race,albon,Alexander Albon,williams,Williams,18,18,14,0,57,Finished
2024,6,Miami Grand Prix,2024-05-05,miami,race,kevin_magnussen,Kevin Magnussen,haas,Haas F1 Team,19,19,18,0,57,Finished
2024,6,Miami Grand Prix,2024-05-05,miami,race,sargeant,Logan Sargeant,williams,Williams,20,R,17,0,27,Retired
2024,7,Emilia Romagna Grand Prix,2024-05-19,imola,race,max_verstappen,Max Verstappen,red_bull,Red Bull,1,1,1,25,63,Finished
2024,7,Emilia Romagna Grand Prix,2024-05-19,imola,race,norris,Lando Norris,mclaren,McLaren,2,2,2,18,63,Finished
2024,7,Emilia Romagna Grand Prix,2024-05-19,imola,race,leclerc,Charles Leclerc,ferrari,Ferrari,3,3,3,15,63,Finished
2024,7,Emilia Romagna Grand Prix,2024-05-19,imola,race,piastri,Oscar Piastri,mclaren,McLaren,4,4,5,12,63,Finished
2024,7,Emilia Romagna Grand Prix,2024-05-19,imola,race,sainz,Carlos Sainz,ferrari,Ferrari,5,5,4,10,63,Finished
2024,7,Emilia Romagna Grand Prix,2024-05-19,imola,race,hamilton,Lewis Hamilton,mercedes,Mercedes,6,6,8,8,63,Finished
2024,7,Emilia Romagna Grand Prix,2024-05-19,imola,race,russell,George Russell,mercedes,Mercedes,7,7,6,7,63,Finished
2024,7,Emilia Romagna Grand Prix,2024-05-19,imola,race,perez,Sergio Pérez,red_bull,Red Bull,8,8,11,4,63,Finished
2024,7,Emilia Romagna Grand Prix,2024-05-19,imola,race,stroll,Lance Stroll,aston_martin,Aston Martin,9,9,13,2,63,Finished
2024,7,Emilia Romagna Grand Prix,2024-05-19,imola,race,tsunoda,Yuki Tsunoda,rb,RB F1 Team,10,10,7,1,62,Lapped
2024,7,Emilia Romagna Grand Prix,2024-05-19,imola,race,hulkenberg,Nico Hülkenberg,haas,Haas F1 Team,11,11,10,0,62,Lapped
2024,7,Emilia Romagna Grand Prix,2024-05-19,imola,race,kevin_magnussen,Kevin Magnussen,haas,Haas F1 Team,12,12,18,0,62,Lapped
2024,7,Emilia Romagna Grand Prix,2024-05-19,imola,race,ricciardo,Daniel Ricciardo,rb,RB F1 Team,13,13,9,0,62,Lapped
2024,7,Emilia Romagna Grand Prix,2024-05-19,imola,race,ocon,Esteban Ocon,alpine,Alpine F1 Team,14,14,12,0,62,Lapped
2024,7,Emilia Romagna Grand Prix,2024-05-19,imola,race,zhou,Guanyu Zhou,sauber,Sauber,15,15,17,0,62,Lapped
2024,7,Emilia Romagna Grand Prix,2024-05-19,imola,race,gasly,Pierre Gasly,alpine,Alpine F1 Team,16,16,15,0,62,Lapped
2024,7,Emilia Romagna Grand Prix,2024-05-19,imola,race,sargeant,Logan Sargeant,williams,Williams,17,17,19,0,62,Lapped
2024,7,Emilia Romagna Grand Prix,2024-05-19,imola,race,bottas,Valtteri Bottas,sauber,Sauber,18,18,16,0,62,Lapped
2024,7,Emilia Romagna Grand Prix,2024-05-19,imola,race,alonso,Fernando Alonso,aston_martin,Aston Martin,19,19,20,0,62,Lapped
2024,7,Emilia Romagna Grand Prix,2024-05-19,imola,race,albon,Alexander Albon,williams,Williams,20,R,14,0,51,Retired
2024,8,Monaco Grand Prix,2024-05-26,monaco,race,leclerc,Charles Leclerc,ferrari,Ferrari,1,1,1,25,78,Finished
2024,8,Monaco Grand Prix,2024-05-26,monaco,race,piastri,Oscar Piastri,mclaren,McLaren,2,2,2,18,78,Finished
2024,8,Monaco Grand Prix,2024-05-26,monaco,race,sainz,Carlos Sainz,ferrari,Ferrari,3,3,3,15,78,Finished
2024,8,Monaco Grand Prix,2024-05-26,monaco,race,norris,Lando Norris,mclaren,McLaren,4,4,4,12,78,Finished
2024,8,Monaco Grand Prix,2024-05-26,monaco,race,russell,George Russell,mercedes,Mercedes,5,5,5,10,78,Finished
2024,8,Monaco Grand Prix,2024-05-26,monaco,race,max_verstappen,Max Verstappen,red_bull,Red Bull,6,6,6,8,78,Finished
2024,8,Monaco Grand Prix,2024-05-26,monaco,race,hamilton,Lewis Hamilton,mercedes,Mercedes,7,7,7,7,78,Finished
2024,8,Monaco Grand Prix,2024-05-26,monaco,race,tsunoda,Yuki Tsunoda,rb,RB F1 Team,8,8,8,4,77,Lapped
2024,8,Monaco Grand Prix,2024-05-26,monaco,race,albon,Alexander Albon,williams,Williams,9,9,9,2,77,Lapped
2024,8,Monaco Grand Prix,2024-05-26,monaco,race,gasly,Pierre Gasly,alpine,Alpine F1 Team,10,10,10,1,77,Lapped
2024,8,Monaco Grand Prix,2024-05-26,monaco,race,alonso,Fernando Alonso,aston_martin,Aston Martin,11,11,14,0,76,Lapped
2024,8,Monaco Grand Prix,2024-05-26,monaco,race,ricciardo,Daniel Ricciardo,rb,RB F1 Team,12,12,12,0,76,Lapped
2024,8,Monaco Grand Prix,2024-05-26,monaco,race,bottas,Valtteri Bottas,sauber,Sauber,13,13,17,0,76,Lapped
2024,8,Monaco Grand Prix,2024-05-26,monaco,race,stroll,Lance Stroll,aston_martin,Aston Martin,14,14,13,0,76,Lapped
2024,8,Monaco Grand Prix,2024-05-26,monaco,race,sargeant,Logan Sargeant,williams,Williams,15,15,15,0,76,Lapped
2024,8,Monaco Grand Prix,2024-05-26,monaco,race,zhou,Guanyu Zhou,sauber,Sauber,16,16,18,0,76,Lapped
2024,8,Monaco Grand Prix,2024-05-26,monaco,race,ocon,Esteban Ocon,alpine,Alpine F1 Team,17,R,11,0,0,Retired
2024,8,Monaco Grand Prix,2024-05-26,monaco,race,perez,Sergio Pérez,red_bull,Red Bull,18,R,16,0,0,Retired
2024,8,Monaco Grand Prix,2024-05-26,monaco,race,hulkenberg,Nico Hülkenberg,haas,Haas F1 Team,19,R,19,0,0,Retired
2024,8,Monaco Grand Prix,2024-05-26,monaco,race,kevin_magnussen,Kevin Magnussen,haas,Haas F1 Team,20,R,20,0,0,Retired
2024,9,Canadian Grand Prix,2024-06-09,villeneuve,race,max_verstappen,Max Verstappen,red_bull,Red Bull,1,1,2,25,70,Finished
2024,9,Canadian Grand Prix,2024-06-09,villeneuve,race,norris,Lando Norris,mclaren,McLaren,2,2,3,18,70,Finished
2024,9,Canadian Grand Prix,2024-06-09,villeneuve,race,russell,George Russell,mercedes,Mercedes,3,3,1,15,70,Finished
2024,9,Canadian Grand Prix,2024-06-09,villeneuve,race,hamilton,Lewis Hamilton,mercedes,Mercedes,4,4,7,13,70,Finished
2024,9,Canadian Grand Prix,2024-06-09,villeneuve,race,piastri,Oscar Piastri,mclaren,McLaren,5,5,4,10,70,Finished
2024,9,Canadian Grand Prix,2024-06-09,villeneuve,race,alonso,Fernando Alonso,aston_martin,Aston Martin,6,6,6,8,70,Finished
2024,9,Canadian Grand Prix,2024-06-09,villeneuve,race,stroll,Lance Stroll,aston_martin,Aston Martin,7,7,9,6,70,Finished
2024,9,Canadian Grand Prix,2024-06-09,villeneuve,race,ricciardo,Daniel Ricciardo,rb,RB F1 Team,8,8,5,4,70,Finished
2024,9,Canadian Grand Prix,2024-06-09,villeneuve,race,gasly,Pierre Gasly,alpine,Alpine F1 Team,9,9,15,2,70,Finished
2024,9,Canadian Grand Prix,2024-06-09,villeneuve,race,ocon,Esteban Ocon,alpine,Alpine F1 Team,10,10,18,1,70,Finished
2024,9,Canadian Grand Prix,2024-06-09,villeneuve,race,hulkenberg,Nico Hülkenberg,haas,Haas F1 Team,11,11,17,0,70,Finished
2024,9,Canadian Grand Prix,2024-06-09,villeneuve,race,kevin_magnussen,Kevin Magnussen,haas,Haas F1 Team,12,12,14,0,70,Finished
2024,9,Canadian Grand Prix,2024-06-09,villeneuve,race,bottas,Valtteri Bottas,sauber,Sauber,13,13,19,0,70,Finished
2024,9,Canadian Grand Prix,2024-06-09,villeneuve,race,tsunoda,Yuki Tsunoda,rb,RB F1 Team,14,14,8,0,70,Finished
2024,9,Canadian Grand Prix,2024-06-09,villeneuve,race,zhou,Guanyu Zhou,sauber,Sauber,15,15,20,0,69,Lapped
2024,9,Canadian Grand Prix,2024-06-09,villeneuve,race,sainz,Carlos Sainz,ferrari,Ferrari,16,R,12,0,52,Retired
2024,9,Canadian Grand Prix,2024-06-09,villeneuve,race,albon,Alexander Albon,williams,Williams,17,R,10,0,52,Retired
2024,9,Canadian Grand Prix,2024-06-09,villeneuve,race,perez,Sergio Pérez,red_bull,Red Bull,18,R,16,0,51,Retired
2024,9,Canadian Grand Prix,2024-06-09,villeneuve,race,leclerc,Charles Leclerc,ferrari,Ferrari,19,R,11,0,40,Retired
2024,9,Canadian Grand Prix,2024-06-09,villeneuve,race,sargeant,Logan Sargeant,williams,Williams,20,R,13,0,23,Retired
2024,10,Spanish Grand Prix,2024-06-23,catalunya,race,max_verstappen,Max Verstappen,red_bull,Red Bull,1,1,2,25,66,Finished
2024,10,Spanish Grand Prix,2024-06-23,catalunya,race,norris,Lando Norris,mclaren,McLaren,2,2,1,19,66,Finished
2024,10,Spanish Grand Prix,2024-06-23,catalunya,race,hamilton,Lewis Hamilton,mercedes,Mercedes,3,3,3,15,66,Finished
2024,10,Spanish Grand Prix,2024-06-23,catalunya,race,russell,George Russell,mercedes,Mercedes,4,4,4,12,66,Finished
2024,10,Spanish Grand Prix,2024-06-23,catalunya,race,leclerc,Charles Leclerc,ferrari,Ferrari,5,5,5,10,66,Finished
2024,10,Spanish Grand Prix,2024-06-23,catalunya,race,sainz,Carlos Sainz,ferrari,Ferrari,6,6,6,8,66,Finished
2024,10,Spanish Grand Prix,2024-06-23,catalunya,race,piastri,Oscar Piastri,mclaren,McLaren,7,7,9,6,66,Finished
2024,10,Spanish Grand Prix,2024-06-23,catalunya,race,perez,Sergio Pérez,red_bull,Red Bull,8,8,11,4,66,Finished
2024,10,Spanish Grand Prix,2024-06-23,catalunya,race,gasly,Pierre Gasly,alpine,Alpine F1 Team,9,9,7,2,66,Finished
2024,10,Spanish Grand Prix,2024-06-23,catalunya,race,ocon,Esteban Ocon,alpine,Alpine F1 Team,10,10,8,1,66,Finished
2024,10,Spanish Grand Prix,2024-06-23,catalunya,race,hulkenberg,Nico Hülkenberg,haas,Haas F1 Team,11,11,13,0,66,Finished
2024,10,Spanish Grand Prix,2024-06-23,catalunya,race,alonso,Fernando Alonso,aston_martin,Aston Martin,12,12,10,0,65,Lapped
2024,10,Spanish Grand Prix,2024-06-23,catalunya,race,zhou,Guanyu Zhou,sauber,Sauber,13,13,15,0,65,Lapped
2024,10,Spanish Grand Prix,2024-06-23,catalunya,race,stroll,Lance Stroll,aston_martin,Aston Martin,14,14,14,0,65,Lapped
2024,10,Spanish Grand Prix,2024-06-23,catalunya,race,ricciardo,Daniel Ricciardo,rb,RB F1 Team,15,15,18,0,65,Lapped
2024,10,Spanish Grand Prix,2024-06-23,catalunya,race,bottas,Valtteri Bottas,sauber,Sauber,16,16,12,0,65,Lapped
2024,10,Spanish Grand Prix,2024-06-23,catalunya,race,kevin_magnussen,Kevin Magnussen,haas,Haas F1 Team,17,17,16,0,65,Lapped
2024,10,Spanish Grand Prix,2024-06-23,catalunya,race,albon,Alexander Albon,williams,Williams,18,18,20,0,65,Lapped
2024,10,Spanish Grand Prix,2024-06-23,catalunya,race,tsunoda,Yuki Tsunoda,rb,RB F1 Team,19,19,17,0,65,Lapped
2024,10,Spanish Grand Prix,2024-06-23,catalunya,race,sargeant,Logan Sargeant,williams,Williams,20,20,19,0,64,Lapped
2024,11,Austrian Grand Prix,2024-06-30,red_bull_ring,race,russell,George Russell,mercedes,Mercedes,1,1,3,25,71,Finished
2024,11,Austrian Grand Prix,2024-06-30,red_bull_ring,race,piastri,Oscar Piastri,mclaren,McLaren,2,2,7,18,71,Finished
2024,11,Austrian Grand Prix,2024-06-30,red_bull_ring,race,sainz,Carlos Sainz,ferrari,Ferrari,3,3,4,15,71,Finished
2024,11,Austrian Grand Prix,2024-06-30,red_bull_ring,race,hamilton,Lewis Hamilton,mercedes,Mercedes,4,4,5,12,71,Finished
2024,11,Austrian Grand Prix,2024-06-30,red_bull_ring,race,max_verstappen,Max Verstappen,red_bull,Red Bull,5,5,1,10,71,Finished
2024,11,Austrian Grand Prix,2024-06-30,red_bull_ring,race,hulkenberg,Nico Hülkenberg,haas,Haas F1 Team,6,6,9,8,71,Finished
2024,11,Austrian Grand Prix,2024-06-30,red_bull_ring,race,perez,Sergio Pérez,red_bull,Red Bull,7,7,8,6,71,Finished
2024,11,Austrian Grand Prix,2024-06-30,red_bull_ring,race,kevin_magnussen,Kevin Magnussen,haas,Haas F1 Team,8,8,12,4,71,Finished
2024,11,Austrian Grand Prix,2024-06-30,red_bull_ring,race,ricciardo,Daniel Ricciardo,rb,RB F1 Team,9,9,11,2,71,Finished
2024,11,Austrian Grand Prix,2024-06-30,red_bull_ring,race,gasly,Pierre Gasly,alpine,Alpine F1 Team,10,10,13,1,71,Finished
2024,11,Austrian Grand Prix,2024-06-30,red_bull_ring,race,leclerc,Charles Leclerc,ferrari,Ferrari,11,11,6,0,71,Finished
2024,11,Austrian Grand Prix,2024-06-30,red_bull_ring,race,ocon,Esteban Ocon,alpine,Alpine F1 Team,12,12,10,0,71,Finished
2024,11,Austrian Grand Prix,2024-06-30,red_bull_ring,race,stroll,Lance Stroll,aston_martin,Aston Martin,13,13,17,0,70,Lapped
2024,11,Austrian Grand Prix,2024-06-30,red_bull_ring,race,tsunoda,Yuki Tsunoda,rb,RB F1 Team,14,14,14,0,70,Lapped
2024,11,Austrian Grand Prix,2024-06-30,red_bull_ring,race,albon,Alexander Albon,williams,Williams,15,15,16,0,70,Lapped
2024,11,Austrian Grand Prix,2024-06-30,red_bull_ring,race,bottas,Valtteri Bottas,sauber,Sauber,16,16,18,0,70,Lapped
2024,11,Austrian Grand Prix,2024-06-30,red_bull_ring,race,zhou,Guanyu Zhou,sauber,Sauber,17,17,20,0,70,Lapped
2024,11,Austrian Grand Prix,2024-06-30,red_bull_ring,race,alonso,Fernando Alonso,aston_martin,Aston Martin,18,18,15,0,70,Lapped
2024,11,Austrian Grand Prix,2024-06-30,red_bull_ring,race,sargeant,Logan Sargeant,williams,Williams,19,19,19,0,69,Lapped
2024,11,Austrian Grand Prix,2024-06-30,red_bull_ring,race,norris,Lando Norris,mclaren,McLaren,20,20,2,0,64,Lapped
2024,12,British Grand Prix,2024-07-07,silverstone,race,hamilton,Lewis Hamilton,mercedes,Mercedes,1,1,2,25,52,Finished
2024,12,British Grand Prix,2024-07-07,silverstone,race,max_verstappen,Max Verstappen,red_bull,Red Bull,2,2,4,18,52,Finished
2024,12,British Grand Prix,2024-07-07,silverstone,race,norris,Lando Norris,mclaren,McLaren,3,3,3,15,52,Finished
2024,12,British Grand Prix,2024-07-07,silverstone,race,piastri,Oscar Piastri,mclaren,McLaren,4,4,5,12,52,Finished
2024,12,British Grand Prix,2024-07-07,silverstone,race,sainz,Carlos Sainz,ferrari,Ferrari,5,5,7,11,52,Finished
2024,12,British Grand Prix,2024-07-07,silverstone,race,hulkenberg,Nico Hülkenberg,haas,Haas F1 Team,6,6,6,8,52,Finished
2024,12,British Grand Prix,2024-07-07,silverstone,race,stroll,Lance Stroll,aston_martin,Aston Martin,7,7,8,6,52,Finished
2024,12,British Grand Prix,2024-07-07,silverstone,race,alonso,Fernando Alonso,aston_martin,Aston Martin,8,8,10,4,52,Finished
2024,12,British Grand Prix,2024-07-07,silverstone,race,albon,Alexander Albon,williams,Williams,9,9,9,2,52,Finished
2024,12,British Grand Prix,2024-07-07,silverstone,race,tsunoda,Yuki Tsunoda,rb,RB F1 Team,10,10,13,1,52,Finished
2024,12,British Grand Prix,2024-07-07,silverstone,race,sargeant,Logan Sargeant,williams,Williams,11,11,12,0,52,Finished
2024,12,British Grand Prix,2024-07-07,silverstone,race,kevin_magnussen,Kevin Magnussen,haas,Haas F1 Team,12,12,17,0,52,Finished
2024,12,British Grand Prix,2024-07-07,silverstone,race,ricciardo,Daniel Ricciardo,rb,RB F1 Team,13,13,15,0,51,Lapped
2024,12,British Grand Prix,2024-07-07,silverstone,race,leclerc,Charles Leclerc,ferrari,Ferrari,14,14,11,0,51,Lapped
2024,12,British Grand Prix,2024-07-07,silverstone,race,bottas,Valtteri Bottas,sauber,Sauber,15,15,16,0,51,Lapped
2024,12,British Grand Prix,2024-07-07,silverstone,race,ocon,Esteban Ocon,alpine,Alpine F1 Team,16,16,18,0,50,Lapped
2024,12,British Grand Prix,2024-07-07,silverstone,race,perez,Sergio Pérez,red_bull,Red Bull,17,17,20,0,50,Lapped
2024,12,British Grand Prix,2024-07-07,silverstone,race,zhou,Guanyu Zhou,sauber,Sauber,18,18,14,0,50,Lapped
2024,12,British Grand Prix,2024-07-07,silverstone,race,russell,George Russell,mercedes,Mercedes,19,R,1,0,33,Retired
2024,12,British Grand Prix,2024-07-07,silverstone,race,gasly,Pierre Gasly,alpine,Alpine F1 Team,20,W,19,0,0,Did not start
2024,13,Hungarian Grand Prix,2024-07-21,hungaroring,race,piastri,Oscar Piastri,mclaren,McLaren,1,1,2,25,70,Finished
2024,13,Hungarian Grand Prix,2024-07-21,hungaroring,race,norris,Lando Norris,mclaren,McLaren,2,2,1,18,70,Finished
2024,13,Hungarian Grand Prix,2024-07-21,hungaroring,race,hamilton,Lewis Hamilton,mercedes,Mercedes,3,3,5,15,70,Finished
2024,13,Hungarian Grand Prix,2024-07-21,hungaroring,race,leclerc,Charles Leclerc,ferrari,Ferrari,4,4,6,12,70,Finished
2024,13,Hungarian Grand Prix,2024-07-21,hungaroring,race,max_verstappen,Max Verstappen,red_bull,Red Bull,5,5,3,10,70,Finished
2024,13,Hungarian Grand Prix,2024-07-21,hungaroring,race,sainz,Carlos Sainz,ferrari,Ferrari,6,6,4,8,70,Finished
2024,13,Hungarian Grand Prix,2024-07-21,hungaroring,race,perez,Sergio Pérez,red_bull,Red Bull,7,7,16,6,70,Finished
2024,13,Hungarian Grand Prix,2024-07-21,hungaroring,race,russell,George Russell,mercedes,Mercedes,8,8,17,5,70,Finished
2024,13,Hungarian Grand Prix,2024-07-21,hungaroring,race,tsunoda,Yuki Tsunoda,rb,RB F1 Team,9,9,10,2,70,Finished
2024,13,Hungarian Grand Prix,2024-07-21,hungaroring,race,stroll,Lance Stroll,aston_martin,Aston Martin,10,10,8,1,70,Finished
2024,13,Hungarian Grand Prix,2024-07-21,hungaroring,race,alonso,Fernando Alonso,aston_martin,Aston Martin,11,11,7,0,70,Finished
2024,13,Hungarian Grand Prix,2024-07-21,hungaroring,race,ricciardo,Daniel Ricciardo,rb,RB F1 Team,12,12,9,0,69,Lapped
2024,13,Hungarian Grand Prix,2024-07-21,hungaroring,race,hulkenberg,Nico Hülkenberg,haas,Haas F1 Team,13,13,11,0,69,Lapped
2024,13,Hungarian Grand Prix,2024-07-21,hungaroring,race,albon,Alexander Albon,williams,Williams,14,14,13,0,69,Lapped
2024,13,Hungarian Grand Prix,2024-07-21,hungaroring,race,kevin_magnussen,Kevin Magnussen,haas,Haas F1 Team,15,15,15,0,69,Lapped
2024,13,Hungarian Grand Prix,2024-07-21,hungaroring,race,bottas,Valtteri Bottas,sauber,Sauber,16,16,12,0,69,Lapped
2024,13,Hungarian Grand Prix,2024-07-21,hungaroring,race,sargeant,Logan Sargeant,williams,Williams,17,17,14,0,69,Lapped
2024,13,Hungarian Grand Prix,2024-07-21,hungaroring,race,ocon,Esteban Ocon,alpine,Alpine F1 Team,18,18,19,0,69,Lapped
2024,13,Hungarian Grand Prix,2024-07-21,hungaroring,race,zhou,Guanyu Zhou,sauber,Sauber,19,19,18,0,69,Lapped
2024,13,Hungarian Grand Prix,2024-07-21,hungaroring,race,gasly,Pierre Gasly,alpine,Alpine F1 Team,20,R,20,0,33,Retired
2024,14,Belgian Grand Prix,2024-07-28,spa,race,hamilton,Lewis Hamilton,mercedes,Mercedes,1,1,3,25,44,Finished
2024,14,Belgian Grand Prix,2024-07-28,spa,race,piastri,Oscar Piastri,mclaren,McLaren,2,2,5,18,44,Finished
2024,14,Belgian Grand Prix,2024-07-28,spa,race,leclerc,Charles Leclerc,ferrari,Ferrari,3,3,1,15,44,Finished
2024,14,Belgian Grand Prix,2024-07-28,spa,race,max_verstappen,Max Verstappen,red_bull,Red Bull,4,4,11,12,44,Finished
2024,14,Belgian Grand Prix,2024-07-28,spa,race,norris,Lando Norris,mclaren,McLaren,5,5,4,10,44,Finished
2024,14,Belgian Grand Prix,2024-07-28,spa,race,sainz,Carlos Sainz,ferrari,Ferrari,6,6,7,8,44,Finished
2024,14,Belgian Grand Prix,2024-07-28,spa,race,perez,Sergio Pérez,red_bull,Red Bull,7,7,2,7,44,Finished
2024,14,Belgian Grand Prix,2024-07-28,spa,race,alonso,Fernando Alonso,aston_martin,Aston Martin,8,8,8,4,44,Finished
2024,14,Belgian Grand Prix,2024-07-28,spa,race,ocon,Esteban Ocon,alpine,Alpine F1 Team,9,9,9,2,44,Finished
2024,14,Belgian Grand Prix,2024-07-28,spa,race,ricciardo,Daniel Ricciardo,rb,RB F1 Team,10,10,13,1,44,Finished
2024,14,Belgian Grand Prix,2024-07-28,spa,race,stroll,Lance Stroll,aston_martin,Aston Martin,11,11,15,0,44,Finished
2024,14,Belgian Grand Prix,2024-07-28,spa,race,albon,Alexander Albon,williams,Williams,12,12,10,0,44,Finished
2024,14,Belgian Grand Prix,2024-07-28,spa,race,gasly,Pierre Gasly,alpine,Alpine F1 Team,13,13,12,0,44,Finished
2024,14,Belgian Grand Prix,2024-07-28,spa,race,kevin_magnussen,Kevin Magnussen,haas,Haas F1 Team,14,14,17,0,44,Finished
2024,14,Belgian Grand Prix,2024-07-28,spa,race,bottas,Valtteri Bottas,sauber,Sauber,15,15,14,0,44,Finished
2024,14,Belgian Grand Prix,2024-07-28,spa,race,tsunoda,Yuki Tsunoda,rb,RB F1 Team,16,16,20,0,44,Finished
2024,14,Belgian Grand Prix,2024-07-28,spa,race,sargeant,Logan Sargeant,williams,Williams,17,17,18,0,44,Finished
2024,14,Belgian Grand Prix,2024-07-28,spa,race,hulkenberg,Nico Hülkenberg,haas,Haas F1 Team,18,18,16,0,44,Finished
2024,14,Belgian Grand Prix,2024-07-28,spa,race,zhou,Guanyu Zhou,sauber,Sauber,19,R,19,0,5,Retired
2024,14,Belgian Grand Prix,2024-07-28,spa,race,russell,George Russell,mercedes,Mercedes,20,20,6,0,44,Disqualified
2024,15,Dutch Grand Prix,2024-08-25,zandvoort,race,norris,Lando Norris,mclaren,McLaren,1,1,1,26,72,Finished
2024,15,Dutch Grand Prix,2024-08-25,zandvoort,race,max_verstappen,Max Verstappen,red_bull,Red Bull,2,2,2,18,72,Finished
2024,15,Dutch Grand Prix,2024-08-25,zandvoort,race,leclerc,Charles Leclerc,ferrari,Ferrari,3,3,6,15,72,Finished
2024,15,Dutch Grand Prix,2024-08-25,zandvoort,race,piastri,Oscar Piastri,mclaren,McLaren,4,4,3,12,72,Finished
2024,15,Dutch Grand Prix,2024-08-25,zandvoort,race,sainz,Carlos Sainz,ferrari,Ferrari,5,5,10,10,72,Finished
2024,15,Dutch Grand Prix,2024-08-25,zandvoort,race,perez,Sergio Pérez,red_bull,Red Bull,6,6,5,8,72,Finished
2024,15,Dutch Grand Prix,2024-08-25,zandvoort,race,russell,George Russell,mercedes,Mercedes,7,7,4,6,72,Finished
2024,15,Dutch Grand Prix,2024-08-25,zandvoort,race,hamilton,Lewis Hamilton,mercedes,Mercedes,8,8,14,4,72,Finished
2024,15,Dutch Grand Prix,2024-08-25,zandvoort,race,gasly,Pierre Gasly,alpine,Alpine F1 Team,9,9,9,2,71,Lapped
2024,15,Dutch Grand Prix,2024-08-25,zandvoort,race,alonso,Fernando Alonso,aston_martin,Aston Martin,10,10,7,1,71,Lapped
2024,15,Dutch Grand Prix,2024-08-25,zandvoort,race,hulkenberg,Nico Hülkenberg,haas,Haas F1 Team,11,11,12,0,71,Lapped
2024,15,Dutch Grand Prix,2024-08-25,zandvoort,race,ricciardo,Daniel Ricciardo,rb,RB F1 Team,12,12,13,0,71,Lapped
2024,15,Dutch Grand Prix,2024-08-25,zandvoort,race,stroll,Lance Stroll,aston_martin,Aston Martin,13,13,8,0,71,Lapped
2024,15,Dutch Grand Prix,2024-08-25,zandvoort,race,albon,Alexander Albon,williams,Williams,14,14,19,0,71,Lapped
2024,15,Dutch Grand Prix,2024-08-25,zandvoort,race,ocon,Esteban Ocon,alpine,Alpine F1 Team,15,15,15,0,71,Lapped
2024,15,Dutch Grand Prix,2024-08-25,zandvoort,race,sargeant,Logan Sargeant,williams,Williams,16,16,18,0,71,Lapped
2024,15,Dutch Grand Prix,2024-08-25,zandvoort,race,tsunoda,Yuki Tsunoda,rb,RB F1 Team,17,17,11,0,71,Lapped
2024,15,Dutch Grand Prix,2024-08-25,zandvoort,race,kevin_magnussen,Kevin Magnussen,haas,Haas F1 Team,18,18,20,0,71,Lapped
2024,15,Dutch Grand Prix,2024-08-25,zandvoort,race,bottas,Valtteri Bottas,sauber,Sauber,19,19,16,0,70,Lapped
2024,15,Dutch Grand Prix,2024-08-25,zandvoort,race,zhou,Guanyu Zhou,sauber,Sauber,20,20,17,0,70,Lapped
2024,16,Italian Grand Prix,2024-09-01,monza,race,leclerc,Charles Leclerc,ferrari,Ferrari,1,1,4,25,53,Finished
2024,16,Italian Grand Prix,2024-09-01,monza,race,piastri,Oscar Piastri,mclaren,McLaren,2,2,2,18,53,Finished
2024,16,Italian Grand Prix,2024-09-01,monza,race,norris,Lando Norris,mclaren,McLaren,3,3,1,16,53,Finished
2024,16,Italian Grand Prix,2024-09-01,monza,race,sainz,Carlos Sainz,ferrari,Ferrari,4,4,5,12,53,Finished
2024,16,Italian Grand Prix,2024-09-01,monza,race,hamilton,Lewis Hamilton,mercedes,Mercedes,5,5,6,10,53,Finished
2024,16,Italian Grand Prix,2024-09-01,monza,race,max_verstappen,Max Verstappen,red_bull,Red Bull,6,6,7,8,53,Finished
2024,16,Italian Grand Prix,2024-09-01,monza,race,russell,George Russell,mercedes,Mercedes,7,7,3,6,53,Finished
2024,16,Italian Grand Prix,2024-09-01,monza,race,perez,Sergio Pérez,red_bull,Red Bull,8,8,8,4,53,Finished
2024,16,Italian Grand Prix,2024-09-01,monza,race,albon,Alexander Albon,williams,Williams,9,9,9,2,53,Finished
2024,16,Italian Grand Prix,2024-09-01,monza,race,kevin_magnussen,Kevin Magnussen,haas,Haas F1 Team,10,10,13,1,53,Finished
2024,16,Italian Grand Prix,2024-09-01,monza,race,alonso,Fernando Alonso,aston_martin,Aston Martin,11,11,11,0,53,Finished
2024,16,Italian Grand Prix,2024-09-01,monza,race,colapinto,Franco Colapinto,williams,Williams,12,12,18,0,53,Finished
2024,16,Italian Grand Prix,2024-09-01,monza,race,ricciardo,Daniel Ricciardo,rb,RB F1 Team,13,13,12,0,53,Finished
2024,16,Italian Grand Prix,2024-09-01,monza,race,ocon,Esteban Ocon,alpine,Alpine F1 Team,14,14,15,0,52,Lapped
2024,16,Italian Grand Prix,2024-09-01,monza,race,gasly,Pierre Gasly,alpine,Alpine F1 Team,15,15,14,0,52,Lapped
2024,16,Italian Grand Prix,2024-09-01,monza,race,bottas,Valtteri Bottas,sauber,Sauber,16,16,19,0,52,Lapped
2024,16,Italian Grand Prix,2024-09-01,monza,race,hulkenberg,Nico Hülkenberg,haas,Haas F1 Team,17,17,10,0,52,Lapped
2024,16,Italian Grand Prix,2024-09-01,monza,race,zhou,Guanyu Zhou,sauber,Sauber,18,18,20,0,52,Lapped
2024,16,Italian Grand Prix,2024-09-01,monza,race,stroll,Lance Stroll,aston_martin,Aston Martin,19,19,17,0,52,Lapped
2024,16,Italian Grand Prix,2024-09-01,monza,race,tsunoda,Yuki Tsunoda,rb,RB F1 Team,20,R,16,0,7,Retired
2024,17,Azerbaijan Grand Prix,2024-09-15,baku,race,piastri,Oscar Piastri,mclaren,McLaren,1,1,2,25,51,Finished
2024,17,Azerbaijan Grand Prix,2024-09-15,baku,race,leclerc,Charles Leclerc,ferrari,Ferrari,2,2,1,18,51,Finished
2024,17,Azerbaijan Grand Prix,2024-09-15,baku,race,russell,George Russell,mercedes,Mercedes,3,3,5,15,51,Finished
2024,17,Azerbaijan Grand Prix,2024-09-15,baku,race,norris,Lando Norris,mclaren,McLaren,4,4,15,13,51,Finished
2024,17,Azerbaijan Grand Prix,2024-09-15,baku,race,max_verstappen,Max Verstappen,red_bull,Red Bull,5,5,6,10,51,Finished
2024,17,Azerbaijan Grand Prix,2024-09-15,baku,race,alonso,Fernando Alonso,aston_martin,Aston Martin,6,6,7,8,51,Finished
2024,17,Azerbaijan Grand Prix,2024-09-15,baku,race,albon,Alexander Albon,williams,Williams,7,7,9,6,51,Finished
2024,17,Azerbaijan Grand Prix,2024-09-15,baku,race,colapinto,Franco Colapinto,williams,Williams,8,8,8,4,51,Finished
2024,17,Azerbaijan Grand Prix,2024-09-15,baku,race,hamilton,Lewis Hamilton,mercedes,Mercedes,9,9,19,2,51,Finished
2024,17,Azerbaijan Grand Prix,2024-09-15,baku,race,bearman,Oliver Bearman,haas,Haas F1 Team,10,10,10,1,51,Finished
2024,17,Azerbaijan Grand Prix,2024-09-15,baku,race,hulkenberg,Nico Hülkenberg,haas,Haas F1 Team,11,11,12,0,51,Finished
2024,17,Azerbaijan Grand Prix,2024-09-15,baku,race,gasly,Pierre Gasly,alpine,Alpine F1 Team,12,12,18,0,51,Finished
2024,17,Azerbaijan Grand Prix,2024-09-15,baku,race,ricciardo,Daniel Ricciardo,rb,RB F1 Team,13,13,14,0,51,Finished
2024,17,Azerbaijan Grand Prix,2024-09-15,baku,race,zhou,Guanyu Zhou,sauber,Sauber,14,14,17,0,51,Finished
2024,17,Azerbaijan Grand Prix,2024-09-15,baku,race,ocon,Esteban Ocon,alpine,Alpine F1 Team,15,15,20,0,50,Lapped
2024,17,Azerbaijan Grand Prix,2024-09-15,baku,race,bottas,Valtteri Bottas,sauber,Sauber,16,16,16,0,50,Lapped
2024,17,Azerbaijan Grand Prix,2024-09-15,baku,race,perez,Sergio Pérez,red_bull,Red Bull,17,17,4,0,49,Retired
2024,17,Azerbaijan Grand Prix,2024-09-15,baku,race,sainz,Carlos Sainz,ferrari,Ferrari,18,18,3,0,49,Retired
2024,17,Azerbaijan Grand Prix,2024-09-15,baku,race,stroll,Lance Stroll,aston_martin,Aston Martin,19,19,13,0,45,Retired
2024,17,Azerbaijan Grand Prix,2024-09-15,baku,race,tsunoda,Yuki Tsunoda,rb,RB F1 Team,20,R,11,0,14,Retired
2024,18,Singapore Grand Prix,2024-09-22,marina_bay,race,norris,Lando Norris,mclaren,McLaren,1,1,1,25,62,Finished
2024,18,Singapore Grand Prix,2024-09-22,marina_bay,race,max_verstappen,Max Verstappen,red_bull,Red Bull,2,2,2,18,62,Finished
2024,18,Singapore Grand Prix,2024-09-22,marina_bay,race,piastri,Oscar Piastri,mclaren,McLaren,3,3,5,15,62,Finished
2024,18,Singapore Grand Prix,2024-09-22,marina_bay,race,russell,George Russell,mercedes,Mercedes,4,4,4,12,62,Finished
2024,18,Singapore Grand Prix,2024-09-22,marina_bay,race,leclerc,Charles Leclerc,ferrari,Ferrari,5,5,9,10,62,Finished
2024,18,Singapore Grand Prix,2024-09-22,marina_bay,race,hamilton,Lewis Hamilton,mercedes,Mercedes,6,6,3,8,62,Finished
2024,18,Singapore Grand Prix,2024-09-22,marina_bay,race,sainz,Carlos Sainz,ferrari,Ferrari,7,7,10,6,62,Finished
2024,18,Singapore Grand Prix,2024-09-22,marina_bay,race,alonso,Fernando Alonso,aston_martin,Aston Martin,8,8,7,4,61,Lapped
2024,18,Singapore Grand Prix,2024-09-22,marina_bay,race,hulkenberg,Nico Hülkenberg,haas,Haas F1 Team,9,9,6,2,61,Lapped
2024,18,Singapore Grand Prix,2024-09-22,marina_bay,race,perez,Sergio Pérez,red_bull,Red Bull,10,10,13,1,61,Lapped
2024,18,Singapore Grand Prix,2024-09-22,marina_bay,race,colapinto,Franco Colapinto,williams,Williams,11,11,12,0,61,Lapped
2024,18,Singapore Grand Prix,2024-09-22,marina_bay,race,tsunoda,Yuki Tsunoda,rb,RB F1 Team,12,12,8,0,61,Lapped
2024,18,Singapore Grand Prix,2024-09-22,marina_bay,race,ocon,Esteban Ocon,alpine,Alpine F1 Team,13,13,15,0,61,Lapped
2024,18,Singapore Grand Prix,2024-09-22,marina_bay,race,stroll,Lance Stroll,aston_martin,Aston Martin,14,14,17,0,61,Lapped
2024,18,Singapore Grand Prix,2024-09-22,marina_bay,race,zhou,Guanyu Zhou,sauber,Sauber,15,15,20,0,61,Lapped
2024,18,Singapore Grand Prix,2024-09-22,marina_bay,race,bottas,Valtteri Bottas,sauber,Sauber,16,16,19,0,61,Lapped
2024,18,Singapore Grand Prix,2024-09-22,marina_bay,race,gasly,Pierre Gasly,alpine,Alpine F1 Team,17,17,18,0,61,Lapped
2024,18,Singapore Grand Prix,2024-09-22,marina_bay,race,ricciardo,Daniel Ricciardo,rb,RB F1 Team,18,18,16,0,61,Lapped
2024,18,Singapore Grand Prix,2024-09-22,marina_bay,race,kevin_magnussen,Kevin Magnussen,haas,Haas F1 Team,19,19,14,0,57,Retired
2024,18,Singapore Grand Prix,2024-09-22,marina_bay,race,albon,Alexander Albon,williams,Williams,20,R,11,0,15,Retired
2024,19,United States Grand Prix,2024-10-20,americas,race,leclerc,Charles Leclerc,ferrari,Ferrari,1,1,4,25,56,Finished
2024,19,United States Grand Prix,2024-10-20,americas,race,sainz,Carlos Sainz,ferrari,Ferrari,2,2,3,18,56,Finished
2024,19,United States Grand Prix,2024-10-20,americas,race,max_verstappen,Max Verstappen,red_bull,Red Bull,3,3,2,15,56,Finished
2024,19,United States Grand Prix,2024-10-20,americas,race,norris,Lando Norris,mclaren,McLaren,4,4,1,12,56,Finished
2024,19,United States Grand Prix,2024-10-20,americas,race,piastri,Oscar Piastri,mclaren,McLaren,5,5,5,10,56,Finished
2024,19,United States Grand Prix,2024-10-20,americas,race,russell,George Russell,mercedes,Mercedes,6,6,20,8,56,Finished
2024,19,United States Grand Prix,2024-10-20,americas,race,perez,Sergio Pérez,red_bull,Red Bull,7,7,9,6,56,Finished
2024,19,United States Grand Prix,2024-10-20,americas,race,hulkenberg,Nico Hülkenberg,haas,Haas F1 Team,8,8,11,4,56,Finished
2024,19,United States Grand Prix,2024-10-20,americas,race,lawson,Liam Lawson,rb,RB F1 Team,9,9,19,2,56,Finished
2024,19,United States Grand Prix,2024-10-20,americas,race,colapinto,Franco Colapinto,williams,Williams,10,10,15,1,56,Finished
2024,19,United States Grand Prix,2024-10-20,americas,race,kevin_magnussen,Kevin Magnussen,haas,Haas F1 Team,11,11,8,0,56,Finished
2024,19,United States Grand Prix,2024-10-20,americas,race,gasly,Pierre Gasly,alpine,Alpine F1 Team,12,12,6,0,56,Finished
2024,19,United States Grand Prix,2024-10-20,americas,race,alonso,Fernando Alonso,aston_martin,Aston Martin,13,13,7,0,55,Lapped
2024,19,United States Grand Prix,2024-10-20,americas,race,tsunoda,Yuki Tsunoda,rb,RB F1 Team,14,14,10,0,55,Lapped
2024,19,United States Grand Prix,2024-10-20,americas,race,stroll,Lance Stroll,aston_martin,Aston Martin,15,15,13,0,55,Lapped
2024,19,United States Grand Prix,2024-10-20,americas,race,albon,Alexander Albon,williams,Williams,16,16,14,0,55,Lapped
2024,19,United States Grand Prix,2024-10-20,americas,race,bottas,Valtteri Bottas,sauber,Sauber,17,17,16,0,55,Lapped
2024,19,United States Grand Prix,2024-10-20,americas,race,ocon,Esteban Ocon,alpine,Alpine F1 Team,18,18,12,0,55,Lapped
2024,19,United States Grand Prix,2024-10-20,americas,race,zhou,Guanyu Zhou,sauber,Sauber,19,19,18,0,55,Lapped
2024,19,United States Grand Prix,2024-10-20,americas,race,hamilton,Lewis Hamilton,mercedes,Mercedes,20,R,17,0,1,Retired
2024,20,Mexico City Grand Prix,2024-10-27,rodriguez,race,sainz,Carlos Sainz,ferrari,Ferrari,1,1,1,25,71,Finished
2024,20,Mexico City Grand Prix,2024-10-27,rodriguez,race,norris,Lando Norris,mclaren,McLaren,2,2,3,18,71,Finished
2024,20,Mexico City Grand Prix,2024-10-27,rodriguez,race,leclerc,Charles Leclerc,ferrari,Ferrari,3,3,4,16,71,Finished
2024,20,Mexico City Grand Prix,2024-10-27,rodriguez,race,hamilton,Lewis Hamilton,mercedes,Mercedes,4,4,6,12,71,Finished
2024,20,Mexico City Grand Prix,2024-10-27,rodriguez,race,russell,George Russell,mercedes,Mercedes,5,5,5,10,71,Finished
2024,20,Mexico City Grand Prix,2024-10-27,rodriguez,race,max_verstappen,Max Verstappen,red_bull,Red Bull,6,6,2,8,71,Finished
2024,20,Mexico City Grand Prix,2024-10-27,rodriguez,race,kevin_magnussen,Kevin Magnussen,haas,Haas F1 Team,7,7,7,6,71,Finished
2024,20,Mexico City Grand Prix,2024-10-27,rodriguez,race,piastri,Oscar Piastri,mclaren,McLaren,8,8,17,4,71,Finished
2024,20,Mexico City Grand Prix,2024-10-27,rodriguez,race,hulkenberg,Nico Hülkenberg,haas,Haas F1 Team,9,9,10,2,70,Lapped
2024,20,Mexico City Grand Prix,2024-10-27,rodriguez,race,gasly,Pierre Gasly,alpine,Alpine F1 Team,10,10,8,1,70,Lapped
2024,20,Mexico City Grand Prix,2024-10-27,rodriguez,race,stroll,Lance Stroll,aston_martin,Aston Martin,11,11,14,0,70,Lapped
2024,20,Mexico City Grand Prix,2024-10-27,rodriguez,race,colapinto,Franco Colapinto,williams,Williams,12,12,16,0,70,Lapped
2024,20,Mexico City Grand Prix,2024-10-27,rodriguez,race,ocon,Esteban Ocon,alpine,Alpine F1 Team,13,13,0,0,70,Lapped
2024,20,Mexico City Grand Prix,2024-10-27,rodriguez,race,bottas,Valtteri Bottas,sauber,Sauber,14,14,15,0,70,Lapped
2024,20,Mexico City Grand Prix,2024-10-27,rodriguez,race,zhou,Guanyu Zhou,sauber,Sauber,15,15,19,0,70,Lapped
2024,20,Mexico City Grand Prix,2024-10-27,rodriguez,race,lawson,Liam Lawson,rb,RB F1 Team,16,16,12,0,70,Lapped
2024,20,Mexico City Grand Prix,2024-10-27,rodriguez,race,perez,Sergio Pérez,red_bull,Red Bull,17,17,18,0,70,Lapped
2024,20,Mexico City Grand Prix,2024-10-27,rodriguez,race,alonso,Fernando Alonso,aston_martin,Aston Martin,18,R,13,0,15,Retired
2024,20,Mexico City Grand Prix,2024-10-27,rodriguez,race,albon,Alexander Albon,williams,Williams,19,R,9,0,0,Retired
2024,20,Mexico City Grand Prix,2024-10-27,rodriguez,race,tsunoda,Yuki Tsunoda,rb,RB F1 Team,20,R,11,0,0,Retired
2024,21,São Paulo Grand Prix,2024-11-03,interlagos,race,max_verstappen,Max Verstappen,red_bull,Red Bull,1,1,17,26,69,Finished
2024,21,São Paulo Grand Prix,2024-11-03,interlagos,race,ocon,Esteban Ocon,alpine,Alpine F1 Team,2,2,4,18,69,Finished
2024,21,São Paulo Grand Prix,2024-11-03,interlagos,race,gasly,Pierre Gasly,alpine,Alpine F1 Team,3,3,13,15,69,Finished
2024,21,São Paulo Grand Prix,2024-11-03,interlagos,race,russell,George Russell,mercedes,Mercedes,4,4,2,12,69,Finished
2024,21,São Paulo Grand Prix,2024-11-03,interlagos,race,leclerc,Charles Leclerc,ferrari,Ferrari,5,5,6,10,69,Finished
2024,21,São Paulo Grand Prix,2024-11-03,interlagos,race,norris,Lando Norris,mclaren,McLaren,6,6,1,8,69,Finished
2024,21,São Paulo Grand Prix,2024-11-03,interlagos,race,tsunoda,Yuki Tsunoda,rb,RB F1 Team,7,7,3,6,69,Finished
2024,21,São Paulo Grand Prix,2024-11-03,interlagos,race,piastri,Oscar Piastri,mclaren,McLaren,8,8,8,4,69,Finished
2024,21,São Paulo Grand Prix,2024-11-03,interlagos,race,lawson,Liam Lawson,rb,RB F1 Team,9,9,5,2,69,Finished
2024,21,São Paulo Grand Prix,2024-11-03,interlagos,race,hamilton,Lewis Hamilton,mercedes,Mercedes,10,10,14,1,69,Finished
2024,21,São Paulo Grand Prix,2024-11-03,interlagos,race,perez,Sergio Pérez,red_bull,Red Bull,11,11,12,0,69,Finished
2024,21,São Paulo Grand Prix,2024-11-03,interlagos,race,bearman,Oliver Bearman,haas,Haas F1 Team,12,12,15,0,69,Finished
2024,21,São Paulo Grand Prix,2024-11-03,interlagos,race,bottas,Valtteri Bottas,sauber,Sauber,13,13,11,0,69,Finished
2024,21,São Paulo Grand Prix,2024-11-03,interlagos,race,alonso,Fernando Alonso,aston_martin,Aston Martin,14,14,9,0,69,Finished
2024,21,São Paulo Grand Prix,2024-11-03,interlagos,race,zhou,Guanyu Zhou,sauber,Sauber,15,15,19,0,69,Finished
2024,21,São Paulo Grand Prix,2024-11-03,interlagos,race,sainz,Carlos Sainz,ferrari,Ferrari,16,R,20,0,38,Retired
2024,21,São Paulo Grand Prix,2024-11-03,interlagos,race,colapinto,Franco Colapinto,williams,Williams,17,R,16,0,30,Retired
2024,21,São Paulo Grand Prix,2024-11-03,interlagos,race,albon,Alexander Albon,williams,Williams,18,W,7,0,0,Did not start
2024,21,São Paulo Grand Prix,2024-11-03,interlagos,race,stroll,Lance Stroll,aston_martin,Aston Martin,19,W,10,0,0,Did not start
2024,21,São Paulo Grand Prix,2024-11-03,interlagos,race,hulkenberg,Nico Hülkenberg,haas,Haas F1 Team,20,D,18,0,0,Disqualified
2024,22,Las Vegas Grand Prix,2024-11-23,vegas,race,russell,George Russell,mercedes,Mercedes,1,1,1,25,50,Finished
2024,22,Las Vegas Grand Prix,2024-11-23,vegas,race,hamilton,Lewis Hamilton,mercedes,Mercedes,2,2,10,18,50,Finished
2024,22,Las Vegas Grand Prix,2024-11-23,vegas,race,sainz,Carlos Sainz,ferrari,Ferrari,3,3,2,15,50,Finished
2024,22,Las Vegas Grand Prix,2024-11-23,vegas,race,leclerc,Charles Leclerc,ferrari,Ferrari,4,4,4,12,50,Finished
2024,22,Las Vegas Grand Prix,2024-11-23,vegas,race,max_verstappen,Max Verstappen,red_bull,Red Bull,5,5,5,10,50,Finished
2024,22,Las Vegas Grand Prix,2024-11-23,vegas,race,norris,Lando Norris,mclaren,McLaren,6,6,6,9,50,Finished
2024,22,Las Vegas Grand Prix,2024-11-23,vegas,race,piastri,Oscar Piastri,mclaren,McLaren,7,7,8,6,50,Finished
2024,22,Las Vegas Grand Prix,2024-11-23,vegas,race,hulkenberg,Nico Hülkenberg,haas,Haas F1 Team,8,8,9,4,50,Finished
2024,22,Las Vegas Grand Prix,2024-11-23,vegas,race,tsunoda,Yuki Tsunoda,rb,RB F1 Team,9,9,7,2,50,Finished
2024,22,Las Vegas Grand Prix,2024-11-23,vegas,race,perez,Sergio Pérez,red_bull,Red Bull,10,10,15,1,50,Finished
2024,22,Las Vegas Grand Prix,2024-11-23,vegas,race,alonso,Fernando Alonso,aston_martin,Aston Martin,11,11,16,0,50,Finished
2024,22,Las Vegas Grand Prix,2024-11-23,vegas,race,kevin_magnussen,Kevin Magnussen,haas,Haas F1 Team,12,12,12,0,50,Finished
2024,22,Las Vegas Grand Prix,2024-11-23,vegas,race,zhou,Guanyu Zhou,sauber,Sauber,13,13,13,0,50,Finished
2024,22,Las Vegas Grand Prix,2024-11-23,vegas,race,colapinto,Franco Colapinto,williams,Williams,14,14,20,0,50,Finished
2024,22,Las Vegas Grand Prix,2024-11-23,vegas,race,stroll,Lance Stroll,aston_martin,Aston Martin,15,15,18,0,50,Finished
2024,22,Las Vegas Grand Prix,2024-11-23,vegas,race,lawson,Liam Lawson,rb,RB F1 Team,16,16,14,0,50,Finished
2024,22,Las Vegas Grand Prix,2024-11-23,vegas,race,ocon,Esteban Ocon,alpine,Alpine F1 Team,17,17,11,0,49,Lapped
2024,22,Las Vegas Grand Prix,2024-11-23,vegas,race,bottas,Valtteri Bottas,sauber,Sauber,18,18,19,0,49,Lapped
2024,22,Las Vegas Grand Prix,2024-11-23,vegas,race,albon,Alexander Albon,williams,Williams,19,R,17,0,25,Retired
2024,22,Las Vegas Grand Prix,2024-11-23,vegas,race,gasly,Pierre Gasly,alpine,Alpine F1 Team,20,R,3,0,15,Retired
2024,23,Qatar Grand Prix,2024-12-01,losail,race,max_verstappen,Max Verstappen,red_bull,Red Bull,1,1,2,25,57,Finished
2024,23,Qatar Grand Prix,2024-12-01,losail,race,leclerc,Charles Leclerc,ferrari,Ferrari,2,2,5,18,57,Finished
2024,23,Qatar Grand Prix,2024-12-01,losail,race,piastri,Oscar Piastri,mclaren,McLaren,3,3,4,15,57,Finished
2024,23,Qatar Grand Prix,2024-12-01,losail,race,russell,George Russell,mercedes,Mercedes,4,4,1,12,57,Finished
2024,23,Qatar Grand Prix,2024-12-01,losail,race,gasly,Pierre Gasly,alpine,Alpine F1 Team,5,5,11,10,57,Finished
2024,23,Qatar Grand Prix,2024-12-01,losail,race,sainz,Carlos Sainz,ferrari,Ferrari,6,6,7,8,57,Finished
2024,23,Qatar Grand Prix,2024-12-01,losail,race,alonso,Fernando Alonso,aston_martin,Aston Martin,7,7,8,6,57,Finished
2024,23,Qatar Grand Prix,2024-12-01,losail,race,zhou,Guanyu Zhou,sauber,Sauber,8,8,12,4,57,Finished
2024,23,Qatar Grand Prix,2024-12-01,losail,race,kevin_magnussen,Kevin Magnussen,haas,Haas F1 Team,9,9,10,2,57,Finished
2024,23,Qatar Grand Prix,2024-12-01,losail,race,norris,Lando Norris,mclaren,McLaren,10,10,3,2,57,Finished
2024,23,Qatar Grand Prix,2024-12-01,losail,race,bottas,Valtteri Bottas,sauber,Sauber,11,11,13,0,57,Finished
2024,23,Qatar Grand Prix,2024-12-01,losail,race,hamilton,Lewis Hamilton,mercedes,Mercedes,12,12,6,0,57,Finished
2024,23,Qatar Grand Prix,2024-12-01,losail,race,tsunoda,Yuki Tsunoda,rb,RB F1 Team,13,13,14,0,57,Finished
2024,23,Qatar Grand Prix,2024-12-01,losail,race,lawson,Liam Lawson,rb,RB F1 Team,14,14,17,0,57,Finished
2024,23,Qatar Grand Prix,2024-12-01,losail,race,albon,Alexander Albon,williams,Williams,15,15,16,0,56,Lapped
2024,23,Qatar Grand Prix,2024-12-01,losail,race,hulkenberg,Nico Hülkenberg,haas,Haas F1 Team,16,R,18,0,39,Retired
2024,23,Qatar Grand Prix,2024-12-01,losail,race,perez,Sergio Pérez,red_bull,Red Bull,17,R,9,0,38,Retired
2024,23,Qatar Grand Prix,2024-12-01,losail,race,stroll,Lance Stroll,aston_martin,Aston Martin,18,R,15,0,8,Retired
2024,23,Qatar Grand Prix,2024-12-01,losail,race,colapinto,Franco Colapinto,williams,Williams,19,R,19,0,0,Retired
2024,23,Qatar Grand Prix,2024-12-01,losail,race,ocon,Esteban Ocon,alpine,Alpine F1 Team,20,R,20,0,0,Retired
2024,24,Abu Dhabi Grand Prix,2024-12-08,yas_marina,race,norris,Lando Norris,mclaren,McLaren,1,1,1,25,58,Finished
2024,24,Abu Dhabi Grand Prix,2024-12-08,yas_marina,race,sainz,Carlos Sainz,ferrari,Ferrari,2,2,3,18,58,Finished
2024,24,Abu Dhabi Grand Prix,2024-12-08,yas_marina,race,leclerc,Charles Leclerc,ferrari,Ferrari,3,3,19,15,58,Finished
2024,24,Abu Dhabi Grand Prix,2024-12-08,yas_marina,race,hamilton,Lewis Hamilton,mercedes,Mercedes,4,4,16,12,58,Finished
2024,24,Abu Dhabi Grand Prix,2024-12-08,yas_marina,race,russell,George Russell,mercedes,Mercedes,5,5,6,10,58,Finished
2024,24,Abu Dhabi Grand Prix,2024-12-08,yas_marina,race,max_verstappen,Max Verstappen,red_bull,Red Bull,6,6,4,8,58,Finished
2024,24,Abu Dhabi Grand Prix,2024-12-08,yas_marina,race,gasly,Pierre Gasly,alpine,Alpine F1 Team,7,7,5,6,58,Finished
2024,24,Abu Dhabi Grand Prix,2024-12-08,yas_marina,race,hulkenberg,Nico Hülkenberg,haas,Haas F1 Team,8,8,7,4,58,Finished
2024,24,Abu Dhabi Grand Prix,2024-12-08,yas_marina,race,alonso,Fernando Alonso,aston_martin,Aston Martin,9,9,8,2,58,Finished
2024,24,Abu Dhabi Grand Prix,2024-12-08,yas_marina,race,piastri,Oscar Piastri,mclaren,McLaren,10,10,2,1,58,Finished
2024,24,Abu Dhabi Grand Prix,2024-12-08,yas_marina,race,albon,Alexander Albon,williams,Williams,11,11,18,0,57,Lapped
2024,24,Abu Dhabi Grand Prix,2024-12-08,yas_marina,race,tsunoda,Yuki Tsunoda,rb,RB F1 Team,12,12,11,0,57,Lapped
2024,24,Abu Dhabi Grand Prix,2024-12-08,yas_marina,race,zhou,Guanyu Zhou,sauber,Sauber,13,13,15,0,57,Lapped
2024,24,Abu Dhabi Grand Prix,2024-12-08,yas_marina,race,stroll,Lance Stroll,aston_martin,Aston Martin,14,14,13,0,57,Lapped
2024,24,Abu Dhabi Grand Prix,2024-12-08,yas_marina,race,doohan,Jack Doohan,alpine,Alpine F1 Team,15,15,17,0,57,Lapped
2024,24,Abu Dhabi Grand Prix,2024-12-08,yas_marina,race,kevin_magnussen,Kevin Magnussen,haas,Haas F1 Team,16,16,14,0,57,Lapped
2024,24,Abu Dhabi Grand Prix,2024-12-08,yas_marina,race,lawson,Liam Lawson,rb,RB F1 Team,17,17,12,0,55,Retired
2024,24,Abu Dhabi Grand Prix,2024-12-08,yas_marina,race,bottas,Valtteri Bottas,sauber,Sauber,18,R,9,0,30,Retired
2024,24,Abu Dhabi Grand Prix,2024-12-08,yas_marina,race,colapinto,Franco Colapinto,williams,Williams,19,R,20,0,26,Retired
2024,24,Abu Dhabi Grand Prix,2024-12-08,yas_marina,race,perez,Sergio Pérez,red_bull,Red Bull,20,R,10,0,0,Retired
2025,1,Australian Grand Prix,2025-03-16,albert_park,race,norris,Lando Norris,mclaren,McLaren,1,1,1,25,57,Finished
2025,1,Australian Grand Prix,2025-03-16,albert_park,race,max_verstappen,Max Verstappen,red_bull,Red Bull,2,2,3,18,57,Finished
2025,1,Australian Grand Prix,2025-03-16,albert_park,race,russell,George Russell,mercedes,Mercedes,3,3,4,15,57,Finished
2025,1,Australian Grand Prix,2025-03-16,albert_park,race,antonelli,Andrea Kimi Antonelli,mercedes,Mercedes,4,4,16,12,57,Finished
2025,1,Australian Grand Prix,2025-03-16,albert_park,race,albon,Alexander Albon,williams,Williams,5,5,6,10,57,Finished
2025,1,Australian Grand Prix,2025-03-16,albert_park,race,stroll,Lance Stroll,aston_martin,Aston Martin,6,6,13,8,57,Finished
2025,1,Australian Grand Prix,2025-03-16,albert_park,race,hulkenberg,Nico Hülkenberg,sauber,Sauber,7,7,17,6,57,Finished
2025,1,Australian Grand Prix,2025-03-16,albert_park,race,leclerc,Charles Leclerc,ferrari,Ferrari,8,8,7,4,57,Finished
2025,1,Australian Grand Prix,2025-03-16,albert_park,race,piastri,Oscar Piastri,mclaren,McLaren,9,9,2,2,57,Finished
2025,1,Australian Grand Prix,2025-03-16,albert_park,race,hamilton,Lewis Hamilton,ferrari,Ferrari,10,10,8,1,57,Finished
2025,1,Australian Grand Prix,2025-03-16,albert_park,race,gasly,Pierre Gasly,alpine,Alpine F1 Team,11,11,9,0,57,Finished
2025,1,Australian Grand Prix,2025-03-16,albert_park,race,tsunoda,Yuki Tsunoda,rb,RB F1 Team,12,12,5,0,57,Finished
2025,1,Australian Grand Prix,2025-03-16,albert_park,race,ocon,Esteban Ocon,haas,Haas F1 Team,13,13,19,0,57,Finished
2025,1,Australian Grand Prix,2025-03-16,albert_park,race,bearman,Oliver Bearman,haas,Haas F1 Team,14,14,20,0,57,Finished
2025,1,Australian Grand Prix,2025-03-16,albert_park,race,lawson,Liam Lawson,red_bull,Red Bull,15,R,18,0,46,Retired
2025,1,Australian Grand Prix,2025-03-16,albert_park,race,bortoleto,Gabriel Bortoleto,sauber,Sauber,16,R,15,0,45,Retired
2025,1,Australian Grand Prix,2025-03-16,albert_park,race,alonso,Fernando Alonso,aston_martin,Aston Martin,17,R,12,0,32,Retired
2025,1,Australian Grand Prix,2025-03-16,albert_park,race,sainz,Carlos Sainz,williams,Williams,18,R,10,0,0,Retired
2025,1,Australian Grand Prix,2025-03-16,albert_park,race,doohan,Jack Doohan,alpine,Alpine F1 Team,19,R,14,0,0,Retired
2025,1,Australian Grand Prix,2025-03-16,albert_park,race,hadjar,Isack Hadjar,rb,RB F1 Team,20,R,11,0,0,Retired
2025,2,Chinese Grand Prix,2025-03-23,shanghai,race,piastri,Oscar Piastri,mclaren,McLaren,1,1,1,25,56,Finished
2025,2,Chinese Grand Prix,2025-03-23,shanghai,race,norris,Lando Norris,mclaren,McLaren,2,2,3,18,56,Finished
2025,2,Chinese Grand Prix,2025-03-23,shanghai,race,russell,George Russell,mercedes,Mercedes,3,3,2,15,56,Finished
2025,2,Chinese Grand Prix,2025-03-23,shanghai,race,max_verstappen,Max Verstappen,red_bull,Red Bull,4,4,4,12,56,Finished
2025,2,Chinese Grand Prix,2025-03-23,shanghai,race,ocon,Esteban Ocon,haas,Haas F1 Team,5,5,11,10,56,Finished
2025,2,Chinese Grand Prix,2025-03-23,shanghai,race,antonelli,Andrea Kimi Antonelli,mercedes,Mercedes,6,6,8,8,56,Finished
2025,2,Chinese Grand Prix,2025-03-23,shanghai,race,albon,Alexander Albon,williams,Williams,7,7,10,6,56,Finished
2025,2,Chinese Grand Prix,2025-03-23,shanghai,race,bearman,Oliver Bearman,haas,Haas F1 Team,8,8,17,4,56,Finished
2025,2,Chinese Grand Prix,2025-03-23,shanghai,race,stroll,Lance Stroll,aston_martin,Aston Martin,9,9,14,2,56,Finished
2025,2,Chinese Grand Prix,2025-03-23,shanghai,race,sainz,Carlos Sainz,williams,Williams,10,10,15,1,56,Finished
2025,2,Chinese Grand Prix,2025-03-23,shanghai,race,hadjar,Isack Hadjar,rb,RB F1 Team,11,11,7,0,56,Finished
2025,2,Chinese Grand Prix,2025-03-23,shanghai,race,lawson,Liam Lawson,red_bull,Red Bull,12,12,20,0,56,Finished
2025,2,Chinese Grand Prix,2025-03-23,shanghai,race,doohan,Jack Doohan,alpine,Alpine F1 Team,13,13,18,0,56,Finished
2025,2,Chinese Grand Prix,2025-03-23,shanghai,race,bortoleto,Gabriel Bortoleto,sauber,Sauber,14,14,19,0,55,Lapped
2025,2,Chinese Grand Prix,2025-03-23,shanghai,race,hulkenberg,Nico Hülkenberg,sauber,Sauber,15,15,12,0,55,Lapped
2025,2,Chinese Grand Prix,2025-03-23,shanghai,race,tsunoda,Yuki Tsunoda,rb,RB F1 Team,16,16,9,0,55,Lapped
2025,2,Chinese Grand Prix,2025-03-23,shanghai,race,alonso,Fernando Alonso,aston_martin,Aston Martin,17,R,13,0,4,Retired
2025,2,Chinese Grand Prix,2025-03-23,shanghai,race,leclerc,Charles Leclerc,ferrari,Ferrari,18,D,6,0,0,Disqualified
2025,2,Chinese Grand Prix,2025-03-23,shanghai,race,hamilton,Lewis Hamilton,ferrari,Ferrari,19,D,5,0,0,Disqualified
2025,2,Chinese Grand Prix,2025-03-23,shanghai,race,gasly,Pierre Gasly,alpine,Alpine F1 Team,20,D,16,0,0,Disqualified
2025,3,Japanese Grand Prix,2025-04-06,suzuka,race,max_verstappen,Max Verstappen,red_bull,Red Bull,1,1,1,25,53,Finished
2025,3,Japanese Grand Prix,2025-04-06,suzuka,race,norris,Lando Norris,mclaren,McLaren,2,2,2,18,53,Finished
2025,3,Japanese Grand Prix,2025-04-06,suzuka,race,piastri,Oscar Piastri,mclaren,McLaren,3,3,3,15,53,Finished
2025,3,Japanese Grand Prix,2025-04-06,suzuka,race,leclerc,Charles Leclerc,ferrari,Ferrari,4,4,4,12,53,Finished
2025,3,Japanese Grand Prix,2025-04-06,suzuka,race,russell,George Russell,mercedes,Mercedes,5,5,5,10,53,Finished
2025,3,Japanese Grand Prix,2025-04-06,suzuka,race,antonelli,Andrea Kimi Antonelli,mercedes,Mercedes,6,6,6,8,53,Finished
2025,3,Japanese Grand Prix,2025-04-06,suzuka,race,hamilton,Lewis Hamilton,ferrari,Ferrari,7,7,8,6,53,Finished
2025,3,Japanese Grand Prix,2025-04-06,suzuka,race,hadjar,Isack Hadjar,rb,RB F1 Team,8,8,7,4,53,Finished
2025,3,Japanese Grand Prix,2025-04-06,suzuka,race,albon,Alexander Albon,williams,Williams,9,9,9,2,53,Finished
2025,3,Japanese Grand Prix,2025-04-06,suzuka,race,bearman,Oliver Bearman,haas,Haas F1 Team,10,10,10,1,53,Finished
2025,3,Japanese Grand Prix,2025-04-06,suzuka,race,alonso,Fernando Alonso,aston_martin,Aston Martin,11,11,12,0,53,Finished
2025,3,Japanese Grand Prix,2025-04-06,suzuka,race,tsunoda,Yuki Tsunoda,red_bull,Red Bull,12,12,14,0,53,Finished
2025,3,Japanese Grand Prix,2025-04-06,suzuka,race,gasly,Pierre Gasly,alpine,Alpine F1 Team,13,13,11,0,53,Finished
2025,3,Japanese Grand Prix,2025-04-06,suzuka,race,sainz,Carlos Sainz,williams,Williams,14,14,15,0,53,Finished
2025,3,Japanese Grand Prix,2025-04-06,suzuka,race,doohan,Jack Doohan,alpine,Alpine F1 Team,15,15,19,0,53,Finished
2025,3,Japanese Grand Prix,2025-04-06,suzuka,race,hulkenberg,Nico Hülkenberg,sauber,Sauber,16,16,16,0,53,Finished
2025,3,Japanese Grand Prix,2025-04-06,suzuka,race,lawson,Liam Lawson,rb,RB F1 Team,17,17,13,0,53,Finished
2025,3,Japanese Grand Prix,2025-04-06,suzuka,race,ocon,Esteban Ocon,haas,Haas F1 Team,18,18,18,0,53,Finished
2025,3,Japanese Grand Prix,2025-04-06,suzuka,race,bortoleto,Gabriel Bortoleto,sauber,Sauber,19,19,17,0,53,Finished
2025,3,Japanese Grand Prix,2025-04-06,suzuka,race,stroll,Lance Stroll,aston_martin,Aston Martin,20,20,20,0,52,Lapped
2025,4,Bahrain Grand Prix,2025-04-13,bahrain,race,piastri,Oscar Piastri,mclaren,McLaren,1,1,1,25,57,Finished
2025,4,Bahrain Grand Prix,2025-04-13,bahrain,race,russell,George Russell,mercedes,Mercedes,2,2,3,18,57,Finished
2025,4,Bahrain Grand Prix,2025-04-13,bahrain,race,norris,Lando Norris,mclaren,McLaren,3,3,6,15,57,Finished
2025,4,Bahrain Grand Prix,2025-04-13,bahrain,race,leclerc,Charles Leclerc,ferrari,Ferrari,4,4,2,12,57,Finished
2025,4,Bahrain Grand Prix,2025-04-13,bahrain,race,hamilton,Lewis Hamilton,ferrari,Ferrari,5,5,9,10,57,Finished
2025,4,Bahrain Grand Prix,2025-04-13,bahrain,race,max_verstappen,Max Verstappen,red_bull,Red Bull,6,6,7,8,57,Finished
2025,4,Bahrain Grand Prix,2025-04-13,bahrain,race,gasly,Pierre Gasly,alpine,Alpine F1 Team,7,7,4,6,57,Finished
2025,4,Bahrain Grand Prix,2025-04-13,bahrain,race,ocon,Esteban Ocon,haas,Haas F1 Team,8,8,14,4,57,Finished
2025,4,Bahrain Grand Prix,2025-04-13,bahrain,race,tsunoda,Yuki Tsunoda,red_bull,Red Bull,9,9,10,2,57,Finished
2025,4,Bahrain Grand Prix,2025-04-13,bahrain,race,bearman,Oliver Bearman,haas,Haas F1 Team,10,10,20,1,57,Finished
2025,4,Bahrain Grand Prix,2025-04-13,bahrain,race,antonelli,Andrea Kimi Antonelli,mercedes,Mercedes,11,11,5,0,57,Finished
2025,4,Bahrain Grand Prix,2025-04-13,bahrain,race,albon,Alexander Albon,williams,Williams,12,12,15,0,57,Finished
2025,4,Bahrain Grand Prix,2025-04-13,bahrain,race,hadjar,Isack Hadjar,rb,RB F1 Team,13,13,12,0,57,Finished
2025,4,Bahrain Grand Prix,2025-04-13,bahrain,race,doohan,Jack Doohan,alpine,Alpine F1 Team,14,14,11,0,57,Finished
2025,4,Bahrain Grand Prix,2025-04-13,bahrain,race,alonso,Fernando Alonso,aston_martin,Aston Martin,15,15,13,0,57,Finished
2025,4,Bahrain Grand Prix,2025-04-13,bahrain,race,lawson,Liam Lawson,rb,RB F1 Team,16,16,17,0,57,Finished
2025,4,Bahrain Grand Prix,2025-04-13,bahrain,race,stroll,Lance Stroll,aston_martin,Aston Martin,17,17,19,0,57,Finished
2025,4,Bahrain Grand Prix,2025-04-13,bahrain,race,bortoleto,Gabriel Bortoleto,sauber,Sauber,18,18,18,0,57,Finished
2025,4,Bahrain Grand Prix,2025-04-13,bahrain,race,sainz,Carlos Sainz,williams,Williams,19,R,8,0,45,Retired
2025,4,Bahrain Grand Prix,2025-04-13,bahrain,race,hulkenberg,Nico Hülkenberg,sauber,Sauber,20,D,16,0,0,Disqualified
2025,5,Saudi Arabian Grand Prix,2025-04-20,jeddah,race,piastri,Oscar Piastri,mclaren,McLaren,1,1,2,25,50,Finished
2025,5,Saudi Arabian Grand Prix,2025-04-20,jeddah,race,max_verstappen,Max Verstappen,red_bull,Red Bull,2,2,1,18,50,Finished
2025,5,Saudi Arabian Grand Prix,2025-04-20,jeddah,race,leclerc,Charles Leclerc,ferrari,Ferrari,3,3,4,15,50,Finished
2025,5,Saudi Arabian Grand Prix,2025-04-20,jeddah,race,norris,Lando Norris,mclaren,McLaren,4,4,10,12,50,Finished
2025,5,Saudi Arabian Grand Prix,2025-04-20,jeddah,race,russell,George Russell,mercedes,Mercedes,5,5,3,10,50,Finished
2025,5,Saudi Arabian Grand Prix,2025-04-20,jeddah,race,antonelli,Andrea Kimi Antonelli,mercedes,Mercedes,6,6,5,8,50,Finished
2025,5,Saudi Arabian Grand Prix,2025-04-20,jeddah,race,hamilton,Lewis Hamilton,ferrari,Ferrari,7,7,7,6,50,Finished
2025,5,Saudi Arabian Grand Prix,2025-04-20,jeddah,race,sainz,Carlos Sainz,williams,Williams,8,8,6,4,50,Finished
2025,5,Saudi Arabian Grand Prix,2025-04-20,jeddah,race,albon,Alexander Albon,williams,Williams,9,9,11,2,50,Finished
2025,5,Saudi Arabian Grand Prix,2025-04-20,jeddah,race,hadjar,Isack Hadjar,rb,RB F1 Team,10,10,14,1,50,Finished
2025,5,Saudi Arabian Grand Prix,2025-04-20,jeddah,race,alonso,Fernando Alonso,aston_martin,Aston Martin,11,11,13,0,50,Finished
2025,5,Saudi Arabian Grand Prix,2025-04-20,jeddah,race,lawson,Liam Lawson,rb,RB F1 Team,12,12,12,0,50,Finished
2025,5,Saudi Arabian Grand Prix,2025-04-20,jeddah,race,bearman,Oliver Bearman,haas,Haas F1 Team,13,13,15,0,50,Finished
2025,5,Saudi Arabian Grand Prix,2025-04-20,jeddah,race,ocon,Esteban Ocon,haas,Haas F1 Team,14,14,19,0,50,Finished
2025,5,Saudi Arabian Grand Prix,2025-04-20,jeddah,race,hulkenberg,Nico Hülkenberg,sauber,Sauber,15,15,18,0,49,Lapped
2025,5,Saudi Arabian Grand Prix,2025-04-20,jeddah,race,stroll,Lance Stroll,aston_martin,Aston Martin,16,16,16,0,49,Lapped
2025,5,Saudi Arabian Grand Prix,2025-04-20,jeddah,race,doohan,Jack Doohan,alpine,Alpine F1 Team,17,17,17,0,49,Lapped
2025,5,Saudi Arabian Grand Prix,2025-04-20,jeddah,race,bortoleto,Gabriel Bortoleto,sauber,Sauber,18,18,20,0,49,Lapped
2025,5,Saudi Arabian Grand Prix,2025-04-20,jeddah,race,tsunoda,Yuki Tsunoda,red_bull,Red Bull,19,R,8,0,1,Retired
2025,5,Saudi Arabian Grand Prix,2025-04-20,jeddah,race,gasly,Pierre Gasly,alpine,Alpine F1 Team,20,R,9,0,0,Retired
2025,6,Miami Grand Prix,2025-05-04,miami,race,piastri,Oscar Piastri,mclaren,McLaren,1,1,4,25,57,Finished
2025,6,Miami Grand Prix,2025-05-04,miami,race,norris,Lando Norris,mclaren,McLaren,2,2,2,18,57,Finished
2025,6,Miami Grand Prix,2025-05-04,miami,race,russell,George Russell,mercedes,Mercedes,3,3,5,15,57,Finished
2025,6,Miami Grand Prix,2025-05-04,miami,race,max_verstappen,Max Verstappen,red_bull,Red Bull,4,4,1,12,57,Finished
2025,6,Miami Grand Prix,2025-05-04,miami,race,albon,Alexander Albon,williams,Williams,5,5,7,10,57,Finished
2025,6,Miami Grand Prix,2025-05-04,miami,race,antonelli,Andrea Kimi Antonelli,mercedes,Mercedes,6,6,3,8,57,Finished
2025,6,Miami Grand Prix,2025-05-04,miami,race,leclerc,Charles Leclerc,ferrari,Ferrari,7,7,8,6,57,Finished
2025,6,Miami Grand Prix,2025-05-04,miami,race,hamilton,Lewis Hamilton,ferrari,Ferrari,8,8,12,4,57,Finished
2025,6,Miami Grand Prix,2025-05-04,miami,race,sainz,Carlos Sainz,williams,Williams,9,9,6,2,57,Finished
2025,6,Miami Grand Prix,2025-05-04,miami,race,tsunoda,Yuki Tsunoda,red_bull,Red Bull,10,10,10,1,57,Finished
2025,6,Miami Grand Prix,2025-05-04,miami,race,hadjar,Isack Hadjar,rb,RB F1 Team,11,11,11,0,57,Finished
2025,6,Miami Grand Prix,2025-05-04,miami,race,ocon,Esteban Ocon,haas,Haas F1 Team,12,12,9,0,57,Finished
2025,6,Miami Grand Prix,2025-05-04,miami,race,gasly,Pierre Gasly,alpine,Alpine F1 Team,13,13,20,0,57,Finished
2025,6,Miami Grand Prix,2025-05-04,miami,race,hulkenberg,Nico Hülkenberg,sauber,Sauber,14,14,16,0,56,Lapped
2025,6,Miami Grand Prix,2025-05-04,miami,race,alonso,Fernando Alonso,aston_martin,Aston Martin,15,15,17,0,56,Lapped
2025,6,Miami Grand Prix,2025-05-04,miami,race,stroll,Lance Stroll,aston_martin,Aston Martin,16,16,18,0,56,Lapped
2025,6,Miami Grand Prix,2025-05-04,miami,race,lawson,Liam Lawson,rb,RB F1 Team,17,R,15,0,36,Retired
2025,6,Miami Grand Prix,2025-05-04,miami,race,bortoleto,Gabriel Bortoleto,sauber,Sauber,18,R,13,0,30,Retired
2025,6,Miami Grand Prix,2025-05-04,miami,race,bearman,Oliver Bearman,haas,Haas F1 Team,19,R,19,0,27,Retired
2025,6,Miami Grand Prix,2025-05-04,miami,race,doohan,Jack Doohan,alpine,Alpine F1 Team,20,R,14,0,0,Retired
2025,7,Emilia Romagna Grand Prix,2025-05-18,imola,race,max_verstappen,Max Verstappen,red_bull,Red Bull,1,1,2,25,63,Finished
2025,7,Emilia Romagna Grand Prix,2025-05-18,imola,race,norris,Lando Norris,mclaren,McLaren,2,2,4,18,63,Finished
2025,7,Emilia Romagna Grand Prix,2025-05-18,imola,race,piastri,Oscar Piastri,mclaren,McLaren,3,3,1,15,63,Finished
2025,7,Emilia Romagna Grand Prix,2025-05-18,imola,race,hamilton,Lewis Hamilton,ferrari,Ferrari,4,4,12,12,63,Finished
2025,7,Emilia Romagna Grand Prix,2025-05-18,imola,race,albon,Alexander Albon,williams,Williams,5,5,7,10,63,Finished
2025,7,Emilia Romagna Grand Prix,2025-05-18,imola,race,leclerc,Charles Leclerc,ferrari,Ferrari,6,6,11,8,63,Finished
2025,7,Emilia Romagna Grand Prix,2025-05-18,imola,race,russell,George Russell,mercedes,Mercedes,7,7,3,6,63,Finished
2025,7,Emilia Romagna Grand Prix,2025-05-18,imola,race,sainz,Carlos Sainz,williams,Williams,8,8,6,4,63,Finished
2025,7,Emilia Romagna Grand Prix,2025-05-18,imola,race,hadjar,Isack Hadjar,rb,RB F1 Team,9,9,9,2,63,Finished
2025,7,Emilia Romagna Grand Prix,2025-05-18,imola,race,tsunoda,Yuki Tsunoda,red_bull,Red Bull,10,10,20,1,63,Finished
2025,7,Emilia Romagna Grand Prix,2025-05-18,imola,race,alonso,Fernando Alonso,aston_martin,Aston Martin,11,11,5,0,63,Finished
2025,7,Emilia Romagna Grand Prix,2025-05-18,imola,race,hulkenberg,Nico Hülkenberg,sauber,Sauber,12,12,17,0,63,Finished
2025,7,Emilia Romagna Grand Prix,2025-05-18,imola,race,gasly,Pierre Gasly,alpine,Alpine F1 Team,13,13,10,0,63,Finished
2025,7,Emilia Romagna Grand Prix,2025-05-18,imola,race,lawson,Liam Lawson,rb,RB F1 Team,14,14,15,0,63,Finished
2025,7,Emilia Romagna Grand Prix,2025-05-18,imola,race,stroll,Lance Stroll,aston_martin,Aston Martin,15,15,8,0,63,Finished
2025,7,Emilia Romagna Grand Prix,2025-05-18,imola,race,colapinto,Franco Colapinto,alpine,Alpine F1 Team,16,16,16,0,63,Finished
2025,7,Emilia Romagna Grand Prix,2025-05-18,imola,race,bearman,Oliver Bearman,haas,Haas F1 Team,17,17,19,0,63,Finished
2025,7,Emilia Romagna Grand Prix,2025-05-18,imola,race,bortoleto,Gabriel Bortoleto,sauber,Sauber,18,18,14,0,63,Finished
2025,7,Emilia Romagna Grand Prix,2025-05-18,imola,race,antonelli,Andrea Kimi Antonelli,mercedes,Mercedes,19,R,13,0,44,Retired
2025,7,Emilia Romagna Grand Prix,2025-05-18,imola,race,ocon,Esteban Ocon,haas,Haas F1 Team,20,R,18,0,27,Retired
2025,8,Monaco Grand Prix,2025-05-25,monaco,race,norris,Lando Norris,mclaren,McLaren,1,1,1,25,78,Finished
2025,8,Monaco Grand Prix,2025-05-25,monaco,race,leclerc,Charles Leclerc,ferrari,Ferrari,2,2,2,18,78,Finished
2025,8,Monaco Grand Prix,2025-05-25,monaco,race,piastri,Oscar Piastri,mclaren,McLaren,3,3,3,15,78,Finished
2025,8,Monaco Grand Prix,2025-05-25,monaco,race,max_verstappen,Max Verstappen,red_bull,Red Bull,4,4,4,12,78,Finished
2025,8,Monaco Grand Prix,2025-05-25,monaco,race,hamilton,Lewis Hamilton,ferrari,Ferrari,5,5,7,10,78,Finished
2025,8,Monaco Grand Prix,2025-05-25,monaco,race,hadjar,Isack Hadjar,rb,RB F1 Team,6,6,5,8,77,Lapped
2025,8,Monaco Grand Prix,2025-05-25,monaco,race,ocon,Esteban Ocon,haas,Haas F1 Team,7,7,8,6,77,Lapped
2025,8,Monaco Grand Prix,2025-05-25,monaco,race,lawson,Liam Lawson,rb,RB F1 Team,8,8,9,4,77,Lapped
2025,8,Monaco Grand Prix,2025-05-25,monaco,race,albon,Alexander Albon,williams,Williams,9,9,10,2,76,Lapped
2025,8,Monaco Grand Prix,2025-05-25,monaco,race,sainz,Carlos Sainz,williams,Williams,10,10,11,1,76,Lapped
2025,8,Monaco Grand Prix,2025-05-25,monaco,race,russell,George Russell,mercedes,Mercedes,11,11,14,0,76,Lapped
2025,8,Monaco Grand Prix,2025-05-25,monaco,race,bearman,Oliver Bearman,haas,Haas F1 Team,12,12,20,0,76,Lapped
2025,8,Monaco Grand Prix,2025-05-25,monaco,race,colapinto,Franco Colapinto,alpine,Alpine F1 Team,13,13,18,0,76,Lapped
2025,8,Monaco Grand Prix,2025-05-25,monaco,race,bortoleto,Gabriel Bortoleto,sauber,Sauber,14,14,16,0,76,Lapped
2025,8,Monaco Grand Prix,2025-05-25,monaco,race,stroll,Lance Stroll,aston_martin,Aston Martin,15,15,19,0,76,Lapped
2025,8,Monaco Grand Prix,2025-05-25,monaco,race,hulkenberg,Nico Hülkenberg,sauber,Sauber,16,16,13,0,76,Lapped
2025,8,Monaco Grand Prix,2025-05-25,monaco,race,tsunoda,Yuki Tsunoda,red_bull,Red Bull,17,17,12,0,76,Lapped
2025,8,Monaco Grand Prix,2025-05-25,monaco,race,antonelli,Andrea Kimi Antonelli,mercedes,Mercedes,18,18,15,0,75,Lapped
2025,8,Monaco Grand Prix,2025-05-25,monaco,race,alonso,Fernando Alonso,aston_martin,Aston Martin,19,R,6,0,36,Retired
2025,8,Monaco Grand Prix,2025-05-25,monaco,race,gasly,Pierre Gasly,alpine,Alpine F1 Team,20,R,17,0,7,Retired
2025,9,Spanish Grand Prix,2025-06-01,catalunya,race,piastri,Oscar Piastri,mclaren,McLaren,1,1,1,25,66,Finished
2025,9,Spanish Grand Prix,2025-06-01,catalunya,race,norris,Lando Norris,mclaren,McLaren,2,2,2,18,66,Finished
2025,9,Spanish Grand Prix,2025-06-01,catalunya,race,leclerc,Charles Leclerc,ferrari,Ferrari,3,3,7,15,66,Finished
2025,9,Spanish Grand Prix,2025-06-01,catalunya,race,russell,George Russell,mercedes,Mercedes,4,4,4,12,66,Finished
2025,9,Spanish Grand Prix,2025-06-01,catalunya,race,hulkenberg,Nico Hülkenberg,sauber,Sauber,5,5,15,10,66,Finished
2025,9,Spanish Grand Prix,2025-06-01,catalunya,race,hamilton,Lewis Hamilton,ferrari,Ferrari,6,6,5,8,66,Finished
2025,9,Spanish Grand Prix,2025-06-01,catalunya,race,hadjar,Isack Hadjar,rb,RB F1 Team,7,7,9,6,66,Finished
2025,9,Spanish Grand Prix,2025-06-01,catalunya,race,gasly,Pierre Gasly,alpine,Alpine F1 Team,8,8,8,4,66,Finished
2025,9,Spanish Grand Prix,2025-06-01,catalunya,race,alonso,Fernando Alonso,aston_martin,Aston Martin,9,9,10,2,66,Finished
2025,9,Spanish Grand Prix,2025-06-01,catalunya,race,max_verstappen,Max Verstappen,red_bull,Red Bull,10,10,3,1,66,Finished
2025,9,Spanish Grand Prix,2025-06-01,catalunya,race,lawson,Liam Lawson,rb,RB F1 Team,11,11,13,0,66,Finished
2025,9,Spanish Grand Prix,2025-06-01,catalunya,race,bortoleto,Gabriel Bortoleto,sauber,Sauber,12,12,12,0,66,Finished
2025,9,Spanish Grand Prix,2025-06-01,catalunya,race,tsunoda,Yuki Tsunoda,red_bull,Red Bull,13,13,19,0,66,Finished
2025,9,Spanish Grand Prix,2025-06-01,catalunya,race,sainz,Carlos Sainz,williams,Williams,14,14,17,0,66,Finished
2025,9,Spanish Grand Prix,2025-06-01,catalunya,race,colapinto,Franco Colapinto,alpine,Alpine F1 Team,15,15,18,0,66,Finished
2025,9,Spanish Grand Prix,2025-06-01,catalunya,race,ocon,Esteban Ocon,haas,Haas F1 Team,16,16,16,0,66,Finished
2025,9,Spanish Grand Prix,2025-06-01,catalunya,race,bearman,Oliver Bearman,haas,Haas F1 Team,17,17,14,0,66,Finished
2025,9,Spanish Grand Prix,2025-06-01,catalunya,race,antonelli,Andrea Kimi Antonelli,mercedes,Mercedes,18,R,6,0,53,Retired
2025,9,Spanish Grand Prix,2025-06-01,catalunya,race,albon,Alexander Albon,williams,Williams,19,R,11,0,27,Retired
2025,10,Canadian Grand Prix,2025-06-15,villeneuve,race,russell,George Russell,mercedes,Mercedes,1,1,1,25,70,Finished
2025,10,Canadian Grand Prix,2025-06-15,villeneuve,race,max_verstappen,Max Verstappen,red_bull,Red Bull,2,2,2,18,70,Finished
2025,10,Canadian Grand Prix,2025-06-15,villeneuve,race,antonelli,Andrea Kimi Antonelli,mercedes,Mercedes,3,3,4,15,70,Finished
2025,10,Canadian Grand Prix,2025-06-15,villeneuve,race,piastri,Oscar Piastri,mclaren,McLaren,4,4,3,12,70,Finished
2025,10,Canadian Grand Prix,2025-06-15,villeneuve,race,leclerc,Charles Leclerc,ferrari,Ferrari,5,5,8,10,70,Finished
2025,10,Canadian Grand Prix,2025-06-15,villeneuve,race,hamilton,Lewis Hamilton,ferrari,Ferrari,6,6,5,8,70,Finished
2025,10,Canadian Grand Prix,2025-06-15,villeneuve,race,alonso,Fernando Alonso,aston_martin,Aston Martin,7,7,6,6,70,Finished
2025,10,Canadian Grand Prix,2025-06-15,villeneuve,race,hulkenberg,Nico Hülkenberg,sauber,Sauber,8,8,11,4,70,Finished
2025,10,Canadian Grand Prix,2025-06-15,villeneuve,race,ocon,Esteban Ocon,haas,Haas F1 Team,9,9,14,2,69,Lapped
2025,10,Canadian Grand Prix,2025-06-15,villeneuve,race,sainz,Carlos Sainz,williams,Williams,10,10,16,1,69,Lapped
2025,10,Canadian Grand Prix,2025-06-15,villeneuve,race,bearman,Oliver Bearman,haas,Haas F1 Team,11,11,13,0,69,Lapped
2025,10,Canadian Grand Prix,2025-06-15,villeneuve,race,tsunoda,Yuki Tsunoda,red_bull,Red Bull,12,12,18,0,69,Lapped
2025,10,Canadian Grand Prix,2025-06-15,villeneuve,race,colapinto,Franco Colapinto,alpine,Alpine F1 Team,13,13,10,0,69,Lapped
2025,10,Canadian Grand Prix,2025-06-15,villeneuve,race,bortoleto,Gabriel Bortoleto,sauber,Sauber,14,14,15,0,69,Lapped
2025,10,Canadian Grand Prix,2025-06-15,villeneuve,race,gasly,Pierre Gasly,alpine,Alpine F1 Team,15,15,20,0,69,Lapped
2025,10,Canadian Grand Prix,2025-06-15,villeneuve,race,hadjar,Isack Hadjar,rb,RB F1 Team,16,16,12,0,69,Lapped
2025,10,Canadian Grand Prix,2025-06-15,villeneuve,race,stroll,Lance Stroll,aston_martin,Aston Martin,17,17,17,0,69,Lapped
2025,10,Canadian Grand Prix,2025-06-15,villeneuve,race,norris,Lando Norris,mclaren,McLaren,18,18,7,0,66,Retired
2025,10,Canadian Grand Prix,2025-06-15,villeneuve,race,lawson,Liam Lawson,rb,RB F1 Team,19,R,19,0,53,Retired
2025,10,Canadian Grand Prix,2025-06-15,villeneuve,race,albon,Alexander Albon,williams,Williams,20,R,9,0,46,Retired
2025,11,Austrian Grand Prix,2025-06-29,red_bull_ring,race,norris,Lando Norris,mclaren,McLaren,1,1,1,25,70,Finished
2025,11,Austrian Grand Prix,2025-06-29,red_bull_ring,race,piastri,Oscar Piastri,mclaren,McLaren,2,2,3,18,70,Finished
2025,11,Austrian Grand Prix,2025-06-29,red_bull_ring,race,leclerc,Charles Leclerc,ferrari,Ferrari,3,3,2,15,70,Finished
2025,11,Austrian Grand Prix,2025-06-29,red_bull_ring,race,hamilton,Lewis Hamilton,ferrari,Ferrari,4,4,4,12,70,Finished
2025,11,Austrian Grand Prix,2025-06-29,red_bull_ring,race,russell,George Russell,mercedes,Mercedes,5,5,5,10,70,Finished
2025,11,Austrian Grand Prix,2025-06-29,red_bull_ring,race,lawson,Liam Lawson,rb,RB F1 Team,6,6,6,8,70,Finished
2025,11,Austrian Grand Prix,2025-06-29,red_bull_ring,race,alonso,Fernando Alonso,aston_martin,Aston Martin,7,7,11,6,69,Lapped
2025,11,Austrian Grand Prix,2025-06-29,red_bull_ring,race,bortoleto,Gabriel Bortoleto,sauber,Sauber,8,8,8,4,69,Lapped
2025,11,Austrian Grand Prix,2025-06-29,red_bull_ring,race,hulkenberg,Nico Hülkenberg,sauber,Sauber,9,9,20,2,69,Lapped
2025,11,Austrian Grand Prix,2025-06-29,red_bull_ring,race,ocon,Esteban Ocon,haas,Haas F1 Team,10,10,17,1,69,Lapped
2025,11,Austrian Grand Prix,2025-06-29,red_bull_ring,race,bearman,Oliver Bearman,haas,Haas F1 Team,11,11,15,0,69,Lapped
2025,11,Austrian Grand Prix,2025-06-29,red_bull_ring,race,hadjar,Isack Hadjar,rb,RB F1 Team,12,12,13,0,69,Lapped
2025,11,Austrian Grand Prix,2025-06-29,red_bull_ring,race,gasly,Pierre Gasly,alpine,Alpine F1 Team,13,13,10,0,69,Lapped
2025,11,Austrian Grand Prix,2025-06-29,red_bull_ring,race,stroll,Lance Stroll,aston_martin,Aston Martin,14,14,16,0,69,Lapped
2025,11,Austrian Grand Prix,2025-06-29,red_bull_ring,race,colapinto,Franco Colapinto,alpine,Alpine F1 Team,15,15,14,0,69,Lapped
2025,11,Austrian Grand Prix,2025-06-29,red_bull_ring,race,tsunoda,Yuki Tsunoda,red_bull,Red Bull,16,16,18,0,68,Lapped
2025,11,Austrian Grand Prix,2025-06-29,red_bull_ring,race,albon,Alexander Albon,williams,Williams,17,R,12,0,15,Retired
2025,11,Austrian Grand Prix,2025-06-29,red_bull_ring,race,max_verstappen,Max Verstappen,red_bull,Red Bull,18,R,7,0,0,Retired
2025,11,Austrian Grand Prix,2025-06-29,red_bull_ring,race,antonelli,Andrea Kimi Antonelli,mercedes,Mercedes,19,R,9,0,0,Retired
2025,11,Austrian Grand Prix,2025-06-29,red_bull_ring,race,sainz,Carlos Sainz,williams,Williams,20,W,19,0,0,Did not start
2025,12,British Grand Prix,2025-07-06,silverstone,race,norris,Lando Norris,mclaren,McLaren,1,1,3,25,52,Finished
2025,12,British Grand Prix,2025-07-06,silverstone,race,piastri,Oscar Piastri,mclaren,McLaren,2,2,2,18,52,Finished
2025,12,British Grand Prix,2025-07-06,silverstone,race,hulkenberg,Nico Hülkenberg,sauber,Sauber,3,3,19,15,52,Finished
2025,12,British Grand Prix,2025-07-06,silverstone,race,hamilton,Lewis Hamilton,ferrari,Ferrari,4,4,5,12,52,Finished
2025,12,British Grand Prix,2025-07-06,silverstone,race,max_verstappen,Max Verstappen,red_bull,Red Bull,5,5,1,10,52,Finished
2025,12,British Grand Prix,2025-07-06,silverstone,race,gasly,Pierre Gasly,alpine,Alpine F1 Team,6,6,8,8,52,Finished
2025,12,British Grand Prix,2025-07-06,silverstone,race,stroll,Lance Stroll,aston_martin,Aston Martin,7,7,17,6,52,Finished
2025,12,British Grand Prix,2025-07-06,silverstone,race,albon,Alexander Albon,williams,Williams,8,8,13,4,52,Finished
2025,12,British Grand Prix,2025-07-06,silverstone,race,alonso,Fernando Alonso,aston_martin,Aston Martin,9,9,7,2,52,Finished
2025,12,British Grand Prix,2025-07-06,silverstone,race,russell,George Russell,mercedes,Mercedes,10,10,4,1,52,Finished
2025,12,British Grand Prix,2025-07-06,silverstone,race,bearman,Oliver Bearman,haas,Haas F1 Team,11,11,18,0,52,Finished
2025,12,British Grand Prix,2025-07-06,silverstone,race,sainz,Carlos Sainz,williams,Williams,12,12,9,0,52,Finished
2025,12,British Grand Prix,2025-07-06,silverstone,race,ocon,Esteban Ocon,haas,Haas F1 Team,13,13,14,0,52,Finished
2025,12,British Grand Prix,2025-07-06,silverstone,race,leclerc,Charles Leclerc,ferrari,Ferrari,14,14,6,0,52,Finished
2025,12,British Grand Prix,2025-07-06,silverstone,race,tsunoda,Yuki Tsunoda,red_bull,Red Bull,15,15,11,0,51,Lapped
2025,12,British Grand Prix,2025-07-06,silverstone,race,antonelli,Andrea Kimi Antonelli,mercedes,Mercedes,16,R,10,0,23,Retired
2025,12,British Grand Prix,2025-07-06,silverstone,race,hadjar,Isack Hadjar,rb,RB F1 Team,17,R,12,0,17,Retired
2025,12,British Grand Prix,2025-07-06,silverstone,race,bortoleto,Gabriel Bortoleto,sauber,Sauber,18,R,16,0,3,Retired
2025,12,British Grand Prix,2025-07-06,silverstone,race,lawson,Liam Lawson,rb,RB F1 Team,19,R,15,0,0,Retired
2025,12,British Grand Prix,2025-07-06,silverstone,race,colapinto,Franco Colapinto,alpine,Alpine F1 Team,20,W,20,0,0,Did not start
2025,13,Belgian Grand Prix,2025-07-27,spa,race,piastri,Oscar Piastri,mclaren,McLaren,1,1,2,25,44,Finished
2025,13,Belgian Grand Prix,2025-07-27,spa,race,norris,Lando Norris,mclaren,McLaren,2,2,1,18,44,Finished
2025,13,Belgian Grand Prix,2025-07-27,spa,race,leclerc,Charles Leclerc,ferrari,Ferrari,3,3,3,15,44,Finished
2025,13,Belgian Grand Prix,2025-07-27,spa,race,max_verstappen,Max Verstappen,red_bull,Red Bull,4,4,4,12,44,Finished
2025,13,Belgian Grand Prix,2025-07-27,spa,race,russell,George Russell,mercedes,Mercedes,5,5,6,10,44,Finished
2025,13,Belgian Grand Prix,2025-07-27,spa,race,albon,Alexander Albon,williams,Williams,6,6,5,8,44,Finished
2025,13,Belgian Grand Prix,2025-07-27,spa,race,hamilton,Lewis Hamilton,ferrari,Ferrari,7,7,18,6,44,Finished
2025,13,Belgian Grand Prix,2025-07-27,spa,race,lawson,Liam Lawson,rb,RB F1 Team,8,8,9,4,44,Finished
2025,13,Belgian Grand Prix,2025-07-27,spa,race,bortoleto,Gabriel Bortoleto,sauber,Sauber,9,9,10,2,44,Finished
2025,13,Belgian Grand Prix,2025-07-27,spa,race,gasly,Pierre Gasly,alpine,Alpine F1 Team,10,10,13,1,44,Finished
2025,13,Belgian Grand Prix,2025-07-27,spa,race,bearman,Oliver Bearman,haas,Haas F1 Team,11,11,12,0,44,Finished
2025,13,Belgian Grand Prix,2025-07-27,spa,race,hulkenberg,Nico Hülkenberg,sauber,Sauber,12,12,14,0,44,Finished
2025,13,Belgian Grand Prix,2025-07-27,spa,race,tsunoda,Yuki Tsunoda,red_bull,Red Bull,13,13,7,0,44,Finished
2025,13,Belgian Grand Prix,2025-07-27,spa,race,stroll,Lance Stroll,aston_martin,Aston Martin,14,14,16,0,44,Finished
2025,13,Belgian Grand Prix,2025-07-27,spa,race,ocon,Esteban Ocon,haas,Haas F1 Team,15,15,11,0,44,Finished
2025,13,Belgian Grand Prix,2025-07-27,spa,race,antonelli,Andrea Kimi Antonelli,mercedes,Mercedes,16,16,19,0,44,Finished
2025,13,Belgian Grand Prix,2025-07-27,spa,race,alonso,Fernando Alonso,aston_martin,Aston Martin,17,17,20,0,44,Finished
2025,13,Belgian Grand Prix,2025-07-27,spa,race,sainz,Carlos Sainz,williams,Williams,18,18,17,0,44,Finished
2025,13,Belgian Grand Prix,2025-07-27,spa,race,colapinto,Franco Colapinto,alpine,Alpine F1 Team,19,19,15,0,44,Finished
2025,13,Belgian Grand Prix,2025-07-27,spa,race,hadjar,Isack Hadjar,rb,RB F1 Team,20,20,8,0,43,Lapped
2025,14,Hungarian Grand Prix,2025-08-03,hungaroring,race,norris,Lando Norris,mclaren,McLaren,1,1,3,25,70,Finished
2025,14,Hungarian Grand Prix,2025-08-03,hungaroring,race,piastri,Oscar Piastri,mclaren,McLaren,2,2,2,18,70,Finished
2025,14,Hungarian Grand Prix,2025-08-03,hungaroring,race,russell,George Russell,mercedes,Mercedes,3,3,4,15,70,Finished
2025,14,Hungarian Grand Prix,2025-08-03,hungaroring,race,leclerc,Charles Leclerc,ferrari,Ferrari,4,4,1,12,70,Finished
2025,14,Hungarian Grand Prix,2025-08-03,hungaroring,race,alonso,Fernando Alonso,aston_martin,Aston Martin,5,5,5,10,70,Finished
2025,14,Hungarian Grand Prix,2025-08-03,hungaroring,race,bortoleto,Gabriel Bortoleto,sauber,Sauber,6,6,7,8,70,Finished
2025,14,Hungarian Grand Prix,2025-08-03,hungaroring,race,stroll,Lance Stroll,aston_martin,Aston Martin,7,7,6,6,70,Finished
2025,14,Hungarian Grand Prix,2025-08-03,hungaroring,race,lawson,Liam Lawson,rb,RB F1 Team,8,8,9,4,70,Finished
2025,14,Hungarian Grand Prix,2025-08-03,hungaroring,race,max_verstappen,Max Verstappen,red_bull,Red Bull,9,9,8,2,70,Finished
2025,14,Hungarian Grand Prix,2025-08-03,hungaroring,race,antonelli,Andrea Kimi Antonelli,mercedes,Mercedes,10,10,15,1,69,Lapped
2025,14,Hungarian Grand Prix,2025-08-03,hungaroring,race,hadjar,Isack Hadjar,rb,RB F1 Team,11,11,10,0,69,Lapped
2025,14,Hungarian Grand Prix,2025-08-03,hungaroring,race,hamilton,Lewis Hamilton,ferrari,Ferrari,12,12,12,0,69,Lapped
2025,14,Hungarian Grand Prix,2025-08-03,hungaroring,race,hulkenberg,Nico Hülkenberg,sauber,Sauber,13,13,18,0,69,Lapped
2025,14,Hungarian Grand Prix,2025-08-03,hungaroring,race,sainz,Carlos Sainz,williams,Williams,14,14,13,0,69,Lapped
2025,14,Hungarian Grand Prix,2025-08-03,hungaroring,race,albon,Alexander Albon,williams,Williams,15,15,19,0,69,Lapped
2025,14,Hungarian Grand Prix,2025-08-03,hungaroring,race,ocon,Esteban Ocon,haas,Haas F1 Team,16,16,17,0,69,Lapped
2025,14,Hungarian Grand Prix,2025-08-03,hungaroring,race,tsunoda,Yuki Tsunoda,red_bull,Red Bull,17,17,20,0,69,Lapped
2025,14,Hungarian Grand Prix,2025-08-03,hungaroring,race,colapinto,Franco Colapinto,alpine,Alpine F1 Team,18,18,14,0,69,Lapped
2025,14,Hungarian Grand Prix,2025-08-03,hungaroring,race,gasly,Pierre Gasly,alpine,Alpine F1 Team,19,19,16,0,69,Lapped
2025,14,Hungarian Grand Prix,2025-08-03,hungaroring,race,bearman,Oliver Bearman,haas,Haas F1 Team,20,R,11,0,48,Retired
2025,15,Dutch Grand Prix,2025-08-31,zandvoort,race,piastri,Oscar Piastri,mclaren,McLaren,1,1,1,25,72,Finished
2025,15,Dutch Grand Prix,2025-08-31,zandvoort,race,max_verstappen,Max Verstappen,red_bull,Red Bull,2,2,3,18,72,Finished
2025,15,Dutch Grand Prix,2025-08-31,zandvoort,race,hadjar,Isack Hadjar,rb,RB F1 Team,3,3,4,15,72,Finished
2025,15,Dutch Grand Prix,2025-08-31,zandvoort,race,russell,George Russell,mercedes,Mercedes,4,4,5,12,72,Finished
2025,15,Dutch Grand Prix,2025-08-31,zandvoort,race,albon,Alexander Albon,williams,Williams,5,5,15,10,72,Finished
2025,15,Dutch Grand Prix,2025-08-31,zandvoort,race,bearman,Oliver Bearman,haas,Haas F1 Team,6,6,20,8,72,Finished
2025,15,Dutch Grand Prix,2025-08-31,zandvoort,race,stroll,Lance Stroll,aston_martin,Aston Martin,7,7,19,6,72,Finished
2025,15,Dutch Grand Prix,2025-08-31,zandvoort,race,alonso,Fernando Alonso,aston_martin,Aston Martin,8,8,10,4,72,Finished
2025,15,Dutch Grand Prix,2025-08-31,zandvoort,race,tsunoda,Yuki Tsunoda,red_bull,Red Bull,9,9,12,2,72,Finished
2025,15,Dutch Grand Prix,2025-08-31,zandvoort,race,ocon,Esteban Ocon,haas,Haas F1 Team,10,10,18,1,72,Finished
2025,15,Dutch Grand Prix,2025-08-31,zandvoort,race,colapinto,Franco Colapinto,alpine,Alpine F1 Team,11,11,16,0,72,Finished
2025,15,Dutch Grand Prix,2025-08-31,zandvoort,race,lawson,Liam Lawson,rb,RB F1 Team,12,12,8,0,72,Finished
2025,15,Dutch Grand Prix,2025-08-31,zandvoort,race,sainz,Carlos Sainz,williams,Williams,13,13,9,0,72,Finished
2025,15,Dutch Grand Prix,2025-08-31,zandvoort,race,hulkenberg,Nico Hülkenberg,sauber,Sauber,14,14,17,0,72,Finished
2025,15,Dutch Grand Prix,2025-08-31,zandvoort,race,bortoleto,Gabriel Bortoleto,sauber,Sauber,15,15,13,0,72,Finished
2025,15,Dutch Grand Prix,2025-08-31,zandvoort,race,antonelli,Andrea Kimi Antonelli,mercedes,Mercedes,16,16,11,0,72,Finished
2025,15,Dutch Grand Prix,2025-08-31,zandvoort,race,gasly,Pierre Gasly,alpine,Alpine F1 Team,17,17,14,0,72,Finished
2025,15,Dutch Grand Prix,2025-08-31,zandvoort,race,norris,Lando Norris,mclaren,McLaren,18,18,2,0,64,Retired
2025,15,Dutch Grand Prix,2025-08-31,zandvoort,race,leclerc,Charles Leclerc,ferrari,Ferrari,19,R,6,0,52,Retired
2025,15,Dutch Grand Prix,2025-08-31,zandvoort,race,hamilton,Lewis Hamilton,ferrari,Ferrari,20,R,7,0,22,Retired
2025,16,Italian Grand Prix,2025-09-07,monza,race,max_verstappen,Max Verstappen,red_bull,Red Bull,1,1,1,25,53,Finished
2025,16,Italian Grand Prix,2025-09-07,monza,race,norris,Lando Norris,mclaren,McLaren,2,2,2,18,53,Finished
2025,16,Italian Grand Prix,2025-09-07,monza,race,piastri,Oscar Piastri,mclaren,McLaren,3,3,3,15,53,Finished
2025,16,Italian Grand Prix,2025-09-07,monza,race,leclerc,Charles Leclerc,ferrari,Ferrari,4,4,4,12,53,Finished
2025,16,Italian Grand Prix,2025-09-07,monza,race,russell,George Russell,mercedes,Mercedes,5,5,5,10,53,Finished
2025,16,Italian Grand Prix,2025-09-07,monza,race,hamilton,Lewis Hamilton,ferrari,Ferrari,6,6,10,8,53,Finished
2025,16,Italian Grand Prix,2025-09-07,monza,race,albon,Alexander Albon,williams,Williams,7,7,14,6,53,Finished
2025,16,Italian Grand Prix,2025-09-07,monza,race,bortoleto,Gabriel Bortoleto,sauber,Sauber,8,8,7,4,53,Finished
2025,16,Italian Grand Prix,2025-09-07,monza,race,antonelli,Andrea Kimi Antonelli,mercedes,Mercedes,9,9,6,2,53,Finished
2025,16,Italian Grand Prix,2025-09-07,monza,race,hadjar,Isack Hadjar,rb,RB F1 Team,10,10,19,1,53,Finished
2025,16,Italian Grand Prix,2025-09-07,monza,race,sainz,Carlos Sainz,williams,Williams,11,11,13,0,53,Finished
2025,16,Italian Grand Prix,2025-09-07,monza,race,bearman,Oliver Bearman,haas,Haas F1 Team,12,12,11,0,53,Finished
2025,16,Italian Grand Prix,2025-09-07,monza,race,tsunoda,Yuki Tsunoda,red_bull,Red Bull,13,13,9,0,53,Finished
2025,16,Italian Grand Prix,2025-09-07,monza,race,lawson,Liam Lawson,rb,RB F1 Team,14,14,18,0,53,Finished
2025,16,Italian Grand Prix,2025-09-07,monza,race,ocon,Esteban Ocon,haas,Haas F1 Team,15,15,15,0,52,Lapped
2025,16,Italian Grand Prix,2025-09-07,monza,race,gasly,Pierre Gasly,alpine,Alpine F1 Team,16,16,20,0,52,Lapped
2025,16,Italian Grand Prix,2025-09-07,monza,race,colapinto,Franco Colapinto,alpine,Alpine F1 Team,17,17,17,0,52,Lapped
2025,16,Italian Grand Prix,2025-09-07,monza,race,stroll,Lance Stroll,aston_martin,Aston Martin,18,18,16,0,52,Lapped
2025,16,Italian Grand Prix,2025-09-07,monza,race,alonso,Fernando Alonso,aston_martin,Aston Martin,19,R,8,0,24,Retired
2025,16,Italian Grand Prix,2025-09-07,monza,race,hulkenberg,Nico Hülkenberg,sauber,Sauber,20,W,12,0,0,Did not start
2025,17,Azerbaijan Grand Prix,2025-09-21,baku,race,max_verstappen,Max Verstappen,red_bull,Red Bull,1,1,1,25,51,Finished
2025,17,Azerbaijan Grand Prix,2025-09-21,baku,race,russell,George Russell,mercedes,Mercedes,2,2,5,18,51,Finished
2025,17,Azerbaijan Grand Prix,2025-09-21,baku,race,sainz,Carlos Sainz,williams,Williams,3,3,2,15,51,Finished
2025,17,Azerbaijan Grand Prix,2025-09-21,baku,race,antonelli,Andrea Kimi Antonelli,mercedes,Mercedes,4,4,4,12,51,Finished
2025,17,Azerbaijan Grand Prix,2025-09-21,baku,race,lawson,Liam Lawson,rb,RB F1 Team,5,5,3,10,51,Finished
2025,17,Azerbaijan Grand Prix,2025-09-21,baku,race,tsunoda,Yuki Tsunoda,red_bull,Red Bull,6,6,6,8,51,Finished
2025,17,Azerbaijan Grand Prix,2025-09-21,baku,race,norris,Lando Norris,mclaren,McLaren,7,7,7,6,51,Finished
2025,17,Azerbaijan Grand Prix,2025-09-21,baku,race,hamilton,Lewis Hamilton,ferrari,Ferrari,8,8,12,4,51,Finished
2025,17,Azerbaijan Grand Prix,2025-09-21,baku,race,leclerc,Charles Leclerc,ferrari,Ferrari,9,9,10,2,51,Finished
2025,17,Azerbaijan Grand Prix,2025-09-21,baku,race,hadjar,Isack Hadjar,rb,RB F1 Team,10,10,8,1,51,Finished
2025,17,Azerbaijan Grand Prix,2025-09-21,baku,race,bortoleto,Gabriel Bortoleto,sauber,Sauber,11,11,13,0,51,Finished
2025,17,Azerbaijan Grand Prix,2025-09-21,baku,race,bearman,Oliver Bearman,haas,Haas F1 Team,12,12,15,0,51,Finished
2025,17,Azerbaijan Grand Prix,2025-09-21,baku,race,albon,Alexander Albon,williams,Williams,13,13,19,0,51,Finished
2025,17,Azerbaijan Grand Prix,2025-09-21,baku,race,ocon,Esteban Ocon,haas,Haas F1 Team,14,14,20,0,51,Finished
2025,17,Azerbaijan Grand Prix,2025-09-21,baku,race,alonso,Fernando Alonso,aston_martin,Aston Martin,15,15,11,0,51,Finished
2025,17,Azerbaijan Grand Prix,2025-09-21,baku,race,hulkenberg,Nico Hülkenberg,sauber,Sauber,16,16,17,0,51,Finished
2025,17,Azerbaijan Grand Prix,2025-09-21,baku,race,stroll,Lance Stroll,aston_martin,Aston Martin,17,17,14,0,51,Finished
2025,17,Azerbaijan Grand Prix,2025-09-21,baku,race,gasly,Pierre Gasly,alpine,Alpine F1 Team,18,18,18,0,50,Lapped
2025,17,Azerbaijan Grand Prix,2025-09-21,baku,race,colapinto,Franco Colapinto,alpine,Alpine F1 Team,19,19,16,0,50,Lapped
2025,17,Azerbaijan Grand Prix,2025-09-21,baku,race,piastri,Oscar Piastri,mclaren,McLaren,20,R,9,0,0,Retired
2025,18,Singapore Grand Prix,2025-10-05,marina_bay,race,russell,George Russell,mercedes,Mercedes,1,1,1,25,62,Finished
2025,18,Singapore Grand Prix,2025-10-05,marina_bay,race,max_verstappen,Max Verstappen,red_bull,Red Bull,2,2,2,18,62,Finished
2025,18,Singapore Grand Prix,2025-10-05,marina_bay,race,norris,Lando Norris,mclaren,McLaren,3,3,5,15,62,Finished
2025,18,Singapore Grand Prix,2025-10-05,marina_bay,race,piastri,Oscar Piastri,mclaren,McLaren,4,4,3,12,62,Finished
2025,18,Singapore Grand Prix,2025-10-05,marina_bay,race,antonelli,Andrea Kimi Antonelli,mercedes,Mercedes,5,5,4,10,62,Finished
2025,18,Singapore Grand Prix,2025-10-05,marina_bay,race,leclerc,Charles Leclerc,ferrari,Ferrari,6,6,7,8,62,Finished
2025,18,Singapore Grand Prix,2025-10-05,marina_bay,race,alonso,Fernando Alonso,aston_martin,Aston Martin,7,7,10,6,62,Finished
2025,18,Singapore Grand Prix,2025-10-05,marina_bay,race,hamilton,Lewis Hamilton,ferrari,Ferrari,8,8,6,4,62,Finished
2025,18,Singapore Grand Prix,2025-10-05,marina_bay,race,bearman,Oliver Bearman,haas,Haas F1 Team,9,9,9,2,62,Finished
2025,18,Singapore Grand Prix,2025-10-05,marina_bay,race,sainz,Carlos Sainz,williams,Williams,10,10,18,1,61,Lapped
2025,18,Singapore Grand Prix,2025-10-05,marina_bay,race,hadjar,Isack Hadjar,rb,RB F1 Team,11,11,8,0,61,Lapped
2025,18,Singapore Grand Prix,2025-10-05,marina_bay,race,tsunoda,Yuki Tsunoda,red_bull,Red Bull,12,12,13,0,61,Lapped
2025,18,Singapore Grand Prix,2025-10-05,marina_bay,race,stroll,Lance Stroll,aston_martin,Aston Martin,13,13,15,0,61,Lapped
2025,18,Singapore Grand Prix,2025-10-05,marina_bay,race,albon,Alexander Albon,williams,Williams,14,14,20,0,61,Lapped
2025,18,Singapore Grand Prix,2025-10-05,marina_bay,race,lawson,Liam Lawson,rb,RB F1 Team,15,15,12,0,61,Lapped
2025,18,Singapore Grand Prix,2025-10-05,marina_bay,race,colapinto,Franco Colapinto,alpine,Alpine F1 Team,16,16,16,0,61,Lapped
2025,18,Singapore Grand Prix,2025-10-05,marina_bay,race,bortoleto,Gabriel Bortoleto,sauber,Sauber,17,17,14,0,61,Lapped
2025,18,Singapore Grand Prix,2025-10-05,marina_bay,race,ocon,Esteban Ocon,haas,Haas F1 Team,18,18,17,0,61,Lapped
2025,18,Singapore Grand Prix,2025-10-05,marina_bay,race,gasly,Pierre Gasly,alpine,Alpine F1 Team,19,19,19,0,61,Lapped
2025,18,Singapore Grand Prix,2025-10-05,marina_bay,race,hulkenberg,Nico Hülkenberg,sauber,Sauber,20,20,11,0,61,Lapped
2025,19,United States Grand Prix,2025-10-19,americas,race,max_verstappen,Max Verstappen,red_bull,Red Bull,1,1,1,25,56,Finished
2025,19,United States Grand Prix,2025-10-19,americas,race,norris,Lando Norris,mclaren,McLaren,2,2,2,18,56,Finished
2025,19,United States Grand Prix,2025-10-19,americas,race,leclerc,Charles Leclerc,ferrari,Ferrari,3,3,3,15,56,Finished
2025,19,United States Grand Prix,2025-10-19,americas,race,hamilton,Lewis Hamilton,ferrari,Ferrari,4,4,5,12,56,Finished
2025,19,United States Grand Prix,2025-10-19,americas,race,piastri,Oscar Piastri,mclaren,McLaren,5,5,6,10,56,Finished
2025,19,United States Grand Prix,2025-10-19,americas,race,russell,George Russell,mercedes,Mercedes,6,6,4,8,56,Finished
2025,19,United States Grand Prix,2025-10-19,americas,race,tsunoda,Yuki Tsunoda,red_bull,Red Bull,7,7,13,6,56,Finished
2025,19,United States Grand Prix,2025-10-19,americas,race,hulkenberg,Nico Hülkenberg,sauber,Sauber,8,8,11,4,56,Finished
2025,19,United States Grand Prix,2025-10-19,americas,race,bearman,Oliver Bearman,haas,Haas F1 Team,9,9,8,2,56,Finished
2025,19,United States Grand Prix,2025-10-19,americas,race,alonso,Fernando Alonso,aston_martin,Aston Martin,10,10,10,1,56,Finished
2025,19,United States Grand Prix,2025-10-19,americas,race,lawson,Liam Lawson,rb,RB F1 Team,11,11,12,0,56,Finished
2025,19,United States Grand Prix,2025-10-19,americas,race,stroll,Lance Stroll,aston_martin,Aston Martin,12,12,19,0,56,Finished
2025,19,United States Grand Prix,2025-10-19,americas,race,antonelli,Andrea Kimi Antonelli,mercedes,Mercedes,13,13,7,0,56,Finished
2025,19,United States Grand Prix,2025-10-19,americas,race,albon,Alexander Albon,williams,Williams,14,14,18,0,56,Finished
2025,19,United States Grand Prix,2025-10-19,americas,race,ocon,Esteban Ocon,haas,Haas F1 Team,15,15,17,0,56,Finished
2025,19,United States Grand Prix,2025-10-19,americas,race,hadjar,Isack Hadjar,rb,RB F1 Team,16,16,20,0,56,Finished
2025,19,United States Grand Prix,2025-10-19,americas,race,colapinto,Franco Colapinto,alpine,Alpine F1 Team,17,17,15,0,55,Lapped
2025,19,United States Grand Prix,2025-10-19,americas,race,bortoleto,Gabriel Bortoleto,sauber,Sauber,18,18,16,0,55,Lapped
2025,19,United States Grand Prix,2025-10-19,americas,race,gasly,Pierre Gasly,alpine,Alpine F1 Team,19,19,14,0,55,Lapped
2025,19,United States Grand Prix,2025-10-19,americas,race,sainz,Carlos Sainz,williams,Williams,20,R,9,0,5,Retired
2025,20,Mexico City Grand Prix,2025-10-26,rodriguez,race,norris,Lando Norris,mclaren,McLaren,1,1,1,25,71,Finished
2025,20,Mexico City Grand Prix,2025-10-26,rodriguez,race,leclerc,Charles Leclerc,ferrari,Ferrari,2,2,2,18,71,Finished
2025,20,Mexico City Grand Prix,2025-10-26,rodriguez,race,max_verstappen,Max Verstappen,red_bull,Red Bull,3,3,5,15,71,Finished
2025,20,Mexico City Grand Prix,2025-10-26,rodriguez,race,bearman,Oliver Bearman,haas,Haas F1 Team,4,4,9,12,71,Finished
2025,20,Mexico City Grand Prix,2025-10-26,rodriguez,race,piastri,Oscar Piastri,mclaren,McLaren,5,5,7,10,71,Finished
2025,20,Mexico City Grand Prix,2025-10-26,rodriguez,race,antonelli,Andrea Kimi Antonelli,mercedes,Mercedes,6,6,6,8,71,Finished
2025,20,Mexico City Grand Prix,2025-10-26,rodriguez,race,russell,George Russell,mercedes,Mercedes,7,7,4,6,71,Finished
2025,20,Mexico City Grand Prix,2025-10-26,rodriguez,race,hamilton,Lewis Hamilton,ferrari,Ferrari,8,8,3,4,71,Finished
2025,20,Mexico City Grand Prix,2025-10-26,rodriguez,race,ocon,Esteban Ocon,haas,Haas F1 Team,9,9,11,2,71,Finished
2025,20,Mexico City Grand Prix,2025-10-26,rodriguez,race,bortoleto,Gabriel Bortoleto,sauber,Sauber,10,10,16,1,71,Finished
2025,20,Mexico City Grand Prix,2025-10-26,rodriguez,race,tsunoda,Yuki Tsunoda,red_bull,Red Bull,11,11,10,0,71,Finished
2025,20,Mexico City Grand Prix,2025-10-26,rodriguez,race,albon,Alexander Albon,williams,Williams,12,12,17,0,70,Lapped
2025,20,Mexico City Grand Prix,2025-10-26,rodriguez,race,hadjar,Isack Hadjar,rb,RB F1 Team,13,13,8,0,70,Lapped
2025,20,Mexico City Grand Prix,2025-10-26,rodriguez,race,stroll,Lance Stroll,aston_martin,Aston Martin,14,14,19,0,70,Lapped
2025,20,Mexico City Grand Prix,2025-10-26,rodriguez,race,gasly,Pierre Gasly,alpine,Alpine F1 Team,15,15,18,0,70,Lapped
2025,20,Mexico City Grand Prix,2025-10-26,rodriguez,race,colapinto,Franco Colapinto,alpine,Alpine F1 Team,16,16,20,0,70,Lapped
2025,20,Mexico City Grand Prix,2025-10-26,rodriguez,race,sainz,Carlos Sainz,williams,Williams,17,17,12,0,67,Retired
2025,20,Mexico City Grand Prix,2025-10-26,rodriguez,race,alonso,Fernando Alonso,aston_martin,Aston Martin,18,R,14,0,34,Retired
2025,20,Mexico City Grand Prix,2025-10-26,rodriguez,race,hulkenberg,Nico Hülkenberg,sauber,Sauber,19,R,13,0,25,Retired
2025,20,Mexico City Grand Prix,2025-10-26,rodriguez,race,lawson,Liam Lawson,rb,RB F1 Team,20,R,15,0,5,Retired
2025,21,São Paulo Grand Prix,2025-11-09,interlagos,race,norris,Lando Norris,mclaren,McLaren,1,1,1,25,71,Finished
2025,21,São Paulo Grand Prix,2025-11-09,interlagos,race,antonelli,Andrea Kimi Antonelli,mercedes,Mercedes,2,2,2,18,71,Finished
2025,21,São Paulo Grand Prix,2025-11-09,interlagos,race,max_verstappen,Max Verstappen,red_bull,Red Bull,3,3,19,15,71,Finished
2025,21,São Paulo Grand Prix,2025-11-09,interlagos,race,russell,George Russell,mercedes,Mercedes,4,4,6,12,71,Finished
2025,21,São Paulo Grand Prix,2025-11-09,interlagos,race,piastri,Oscar Piastri,mclaren,McLaren,5,5,4,10,71,Finished
2025,21,São Paulo Grand Prix,2025-11-09,interlagos,race,bearman,Oliver Bearman,haas,Haas F1 Team,6,6,8,8,71,Finished
2025,21,São Paulo Grand Prix,2025-11-09,interlagos,race,lawson,Liam Lawson,rb,RB F1 Team,7,7,7,6,71,Finished
2025,21,São Paulo Grand Prix,2025-11-09,interlagos,race,hadjar,Isack Hadjar,rb,RB F1 Team,8,8,5,4,71,Finished
2025,21,São Paulo Grand Prix,2025-11-09,interlagos,race,hulkenberg,Nico Hülkenberg,sauber,Sauber,9,9,10,2,71,Finished
2025,21,São Paulo Grand Prix,2025-11-09,interlagos,race,gasly,Pierre Gasly,alpine,Alpine F1 Team,10,10,9,1,71,Finished
2025,21,São Paulo Grand Prix,2025-11-09,interlagos,race,albon,Alexander Albon,williams,Williams,11,11,12,0,71,Finished
2025,21,São Paulo Grand Prix,2025-11-09,interlagos,race,ocon,Esteban Ocon,haas,Haas F1 Team,12,12,20,0,71,Finished
2025,21,São Paulo Grand Prix,2025-11-09,interlagos,race,sainz,Carlos Sainz,williams,Williams,13,13,15,0,71,Finished
2025,21,São Paulo Grand Prix,2025-11-09,interlagos,race,alonso,Fernando Alonso,aston_martin,Aston Martin,14,14,11,0,71,Finished
2025,21,São Paulo Grand Prix,2025-11-09,interlagos,race,colapinto,Franco Colapinto,alpine,Alpine F1 Team,15,15,16,0,71,Finished
2025,21,São Paulo Grand Prix,2025-11-09,interlagos,race,stroll,Lance Stroll,aston_martin,Aston Martin,16,16,14,0,71,Finished
2025,21,São Paulo Grand Prix,2025-11-09,interlagos,race,tsunoda,Yuki Tsunoda,red_bull,Red Bull,17,17,17,0,71,Finished
2025,21,São Paulo Grand Prix,2025-11-09,interlagos,race,hamilton,Lewis Hamilton,ferrari,Ferrari,18,R,13,0,37,Retired
2025,21,São Paulo Grand Prix,2025-11-09,interlagos,race,leclerc,Charles Leclerc,ferrari,Ferrari,19,R,3,0,5,Retired
2025,21,São Paulo Grand Prix,2025-11-09,interlagos,race,bortoleto,Gabriel Bortoleto,sauber,Sauber,20,R,18,0,0,Retired
2025,22,Las Vegas Grand Prix,2025-11-23,vegas,race,max_verstappen,Max Verstappen,red_bull,Red Bull,1,1,2,25,50,Finished
2025,22,Las Vegas Grand Prix,2025-11-23,vegas,race,russell,George Russell,mercedes,Mercedes,2,2,4,18,50,Finished
2025,22,Las Vegas Grand Prix,2025-11-23,vegas,race,antonelli,Andrea Kimi Antonelli,mercedes,Mercedes,3,3,17,15,50,Finished
2025,22,Las Vegas Grand Prix,2025-11-23,vegas,race,leclerc,Charles Leclerc,ferrari,Ferrari,4,4,9,12,50,Finished
2025,22,Las Vegas Grand Prix,2025-11-23,vegas,race,sainz,Carlos Sainz,williams,Williams,5,5,3,10,50,Finished
2025,22,Las Vegas Grand Prix,2025-11-23,vegas,race,hadjar,Isack Hadjar,rb,RB F1 Team,6,6,8,8,50,Finished
2025,22,Las Vegas Grand Prix,2025-11-23,vegas,race,hulkenberg,Nico Hülkenberg,sauber,Sauber,7,7,11,6,50,Finished
2025,22,Las Vegas Grand Prix,2025-11-23,vegas,race,hamilton,Lewis Hamilton,ferrari,Ferrari,8,8,19,4,50,Finished
2025,22,Las Vegas Grand Prix,2025-11-23,vegas,race,ocon,Esteban Ocon,haas,Haas F1 Team,9,9,13,2,50,Finished
2025,22,Las Vegas Grand Prix,2025-11-23,vegas,race,bearman,Oliver Bearman,haas,Haas F1 Team,10,10,14,1,50,Finished
2025,22,Las Vegas Grand Prix,2025-11-23,vegas,race,alonso,Fernando Alonso,aston_martin,Aston Martin,11,11,7,0,50,Finished
2025,22,Las Vegas Grand Prix,2025-11-23,vegas,race,tsunoda,Yuki Tsunoda,red_bull,Red Bull,12,12,20,0,50,Finished
2025,22,Las Vegas Grand Prix,2025-11-23,vegas,race,gasly,Pierre Gasly,alpine,Alpine F1 Team,13,13,10,0,50,Finished
2025,22,Las Vegas Grand Prix,2025-11-23,vegas,race,lawson,Liam Lawson,rb,RB F1 Team,14,14,6,0,49,Lapped
2025,22,Las Vegas Grand Prix,2025-11-23,vegas,race,colapinto,Franco Colapinto,alpine,Alpine F1 Team,15,15,15,0,49,Lapped
2025,22,Las Vegas Grand Prix,2025-11-23,vegas,race,albon,Alexander Albon,williams,Williams,16,R,16,0,35,Retired
2025,22,Las Vegas Grand Prix,2025-11-23,vegas,race,bortoleto,Gabriel Bortoleto,sauber,Sauber,17,R,18,0,2,Retired
2025,22,Las Vegas Grand Prix,2025-11-23,vegas,race,stroll,Lance Stroll,aston_martin,Aston Martin,18,R,12,0,0,Retired
2025,22,Las Vegas Grand Prix,2025-11-23,vegas,race,norris,Lando Norris,mclaren,McLaren,19,D,1,0,50,Disqualified
2025,22,Las Vegas Grand Prix,2025-11-23,vegas,race,piastri,Oscar Piastri,mclaren,McLaren,20,D,5,0,50,Disqualified
2025,23,Qatar Grand Prix,2025-11-30,losail,race,max_verstappen,Max Verstappen,red_bull,Red Bull,1,1,3,25,57,Finished
2025,23,Qatar Grand Prix,2025-11-30,losail,race,piastri,Oscar Piastri,mclaren,McLaren,2,2,1,18,57,Finished
2025,23,Qatar Grand Prix,2025-11-30,losail,race,sainz,Carlos Sainz,williams,Williams,3,3,7,15,57,Finished
2025,23,Qatar Grand Prix,2025-11-30,losail,race,norris,Lando Norris,mclaren,McLaren,4,4,2,12,57,Finished
2025,23,Qatar Grand Prix,2025-11-30,losail,race,antonelli,Andrea Kimi Antonelli,mercedes,Mercedes,5,5,5,10,57,Finished
2025,23,Qatar Grand Prix,2025-11-30,losail,race,russell,George Russell,mercedes,Mercedes,6,6,4,8,57,Finished
2025,23,Qatar Grand Prix,2025-11-30,losail,race,alonso,Fernando Alonso,aston_martin,Aston Martin,7,7,8,6,57,Finished
2025,23,Qatar Grand Prix,2025-11-30,losail,race,leclerc,Charles Leclerc,ferrari,Ferrari,8,8,10,4,57,Finished
2025,23,Qatar Grand Prix,2025-11-30,losail,race,lawson,Liam Lawson,rb,RB F1 Team,9,9,12,2,57,Finished
2025,23,Qatar Grand Prix,2025-11-30,losail,race,tsunoda,Yuki Tsunoda,red_bull,Red Bull,10,10,15,1,57,Finished
2025,23,Qatar Grand Prix,2025-11-30,losail,race,albon,Alexander Albon,williams,Williams,11,11,14,0,57,Finished
2025,23,Qatar Grand Prix,2025-11-30,losail,race,hamilton,Lewis Hamilton,ferrari,Ferrari,12,12,17,0,57,Finished
2025,23,Qatar Grand Prix,2025-11-30,losail,race,bortoleto,Gabriel Bortoleto,sauber,Sauber,13,13,19,0,57,Finished
2025,23,Qatar Grand Prix,2025-11-30,losail,race,colapinto,Franco Colapinto,alpine,Alpine F1 Team,14,14,20,0,56,Lapped
2025,23,Qatar Grand Prix,2025-11-30,losail,race,ocon,Esteban Ocon,haas,Haas F1 Team,15,15,16,0,56,Lapped
2025,23,Qatar Grand Prix,2025-11-30,losail,race,gasly,Pierre Gasly,alpine,Alpine F1 Team,16,16,9,0,56,Lapped
2025,23,Qatar Grand Prix,2025-11-30,losail,race,stroll,Lance Stroll,aston_martin,Aston Martin,17,17,18,0,55,Retired
2025,23,Qatar Grand Prix,2025-11-30,losail,race,hadjar,Isack Hadjar,rb,RB F1 Team,18,18,6,0,55,Retired
2025,23,Qatar Grand Prix,2025-11-30,losail,race,bearman,Oliver Bearman,haas,Haas F1 Team,19,R,13,0,41,Retired
2025,23,Qatar Grand Prix,2025-11-30,losail,race,hulkenberg,Nico Hülkenberg,sauber,Sauber,20,R,11,0,6,Retired
2025,24,Abu Dhabi Grand Prix,2025-12-07,yas_marina,race,max_verstappen,Max Verstappen,red_bull,Red Bull,1,1,1,25,58,Finished
2025,24,Abu Dhabi Grand Prix,2025-12-07,yas_marina,race,piastri,Oscar Piastri,mclaren,McLaren,2,2,3,18,58,Finished
2025,24,Abu Dhabi Grand Prix,2025-12-07,yas_marina,race,norris,Lando Norris,mclaren,McLaren,3,3,2,15,58,Finished
2025,24,Abu Dhabi Grand Prix,2025-12-07,yas_marina,race,leclerc,Charles Leclerc,ferrari,Ferrari,4,4,5,12,58,Finished
2025,24,Abu Dhabi Grand Prix,2025-12-07,yas_marina,race,russell,George Russell,mercedes,Mercedes,5,5,4,10,58,Finished
2025,24,Abu Dhabi Grand Prix,2025-12-07,yas_marina,race,alonso,Fernando Alonso,aston_martin,Aston Martin,6,6,6,8,58,Finished
2025,24,Abu Dhabi Grand Prix,2025-12-07,yas_marina,race,ocon,Esteban Ocon,haas,Haas F1 Team,7,7,8,6,58,Finished
2025,24,Abu Dhabi Grand Prix,2025-12-07,yas_marina,race,hamilton,Lewis Hamilton,ferrari,Ferrari,8,8,16,4,58,Finished
2025,24,Abu Dhabi Grand Prix,2025-12-07,yas_marina,race,hulkenberg,Nico Hülkenberg,sauber,Sauber,9,9,18,2,58,Finished
2025,24,Abu Dhabi Grand Prix,2025-12-07,yas_marina,race,stroll,Lance Stroll,aston_martin,Aston Martin,10,10,15,1,58,Finished
2025,24,Abu Dhabi Grand Prix,2025-12-07,yas_marina,race,bortoleto,Gabriel Bortoleto,sauber,Sauber,11,11,7,0,58,Finished
2025,24,Abu Dhabi Grand Prix,2025-12-07,yas_marina,race,bearman,Oliver Bearman,haas,Haas F1 Team,12,12,11,0,58,Finished
2025,24,Abu Dhabi Grand Prix,2025-12-07,yas_marina,race,sainz,Carlos Sainz,williams,Williams,13,13,12,0,58,Finished
2025,24,Abu Dhabi Grand Prix,2025-12-07,yas_marina,race,tsunoda,Yuki Tsunoda,red_bull,Red Bull,14,14,10,0,58,Finished
2025,24,Abu Dhabi Grand Prix,2025-12-07,yas_marina,race,antonelli,Andrea Kimi Antonelli,mercedes,Mercedes,15,15,14,0,58,Finished
2025,24,Abu Dhabi Grand Prix,2025-12-07,yas_marina,race,albon,Alexander Albon,williams,Williams,16,16,17,0,58,Finished
2025,24,Abu Dhabi Grand Prix,2025-12-07,yas_marina,race,hadjar,Isack Hadjar,rb,RB F1 Team,17,17,9,0,57,Lapped
2025,24,Abu Dhabi Grand Prix,2025-12-07,yas_marina,race,lawson,Liam Lawson,rb,RB F1 Team,18,18,13,0,57,Lapped
2025,24,Abu Dhabi Grand Prix,2025-12-07,yas_marina,race,gasly,Pierre Gasly,alpine,Alpine F1 Team,19,19,19,0,57,Lapped
2025,24,Abu Dhabi Grand Prix,2025-12-07,yas_marina,race,colapinto,Franco Colapinto,alpine,Alpine F1 Team,20,20,20,0,57,Lapped
2026,1,Australian Grand Prix,2026-03-08,albert_park,race,russell,George Russell,mercedes,Mercedes,1,1,1,25,58,Finished
2026,1,Australian Grand Prix,2026-03-08,albert_park,race,antonelli,Andrea Kimi Antonelli,mercedes,Mercedes,2,2,2,18,58,Finished
2026,1,Australian Grand Prix,2026-03-08,albert_park,race,leclerc,Charles Leclerc,ferrari,Ferrari,3,3,4,15,58,Finished
2026,1,Australian Grand Prix,2026-03-08,albert_park,race,hamilton,Lewis Hamilton,ferrari,Ferrari,4,4,7,12,58,Finished
2026,1,Australian Grand Prix,2026-03-08,albert_park,race,norris,Lando Norris,mclaren,McLaren,5,5,6,10,58,Finished
2026,1,Australian Grand Prix,2026-03-08,albert_park,race,max_verstappen,Max Verstappen,red_bull,Red Bull,6,6,20,8,58,Finished
2026,1,Australian Grand Prix,2026-03-08,albert_park,race,bearman,Oliver Bearman,haas,Haas F1 Team,7,7,12,6,57,Lapped
2026,1,Australian Grand Prix,2026-03-08,albert_park,race,arvid_lindblad,Arvid Lindblad,rb,RB F1 Team,8,8,9,4,57,Lapped
2026,1,Australian Grand Prix,2026-03-08,albert_park,race,bortoleto,Gabriel Bortoleto,audi,Audi,9,9,10,2,57,Lapped
2026,1,Australian Grand Prix,2026-03-08,albert_park,race,gasly,Pierre Gasly,alpine,Alpine F1 Team,10,10,14,1,57,Lapped
2026,1,Australian Grand Prix,2026-03-08,albert_park,race,ocon,Esteban Ocon,haas,Haas F1 Team,11,11,13,0,57,Lapped
2026,1,Australian Grand Prix,2026-03-08,albert_park,race,albon,Alexander Albon,williams,Williams,12,12,15,0,57,Lapped
2026,1,Australian Grand Prix,2026-03-08,albert_park,race,lawson,Liam Lawson,rb,RB F1 Team,13,13,8,0,57,Lapped
2026,1,Australian Grand Prix,2026-03-08,albert_park,race,colapinto,Franco Colapinto,alpine,Alpine F1 Team,14,14,16,0,56,Lapped
2026,1,Australian Grand Prix,2026-03-08,albert_park,race,sainz,Carlos Sainz,williams,Williams,15,15,21,0,56,Lapped
2026,1,Australian Grand Prix,2026-03-08,albert_park,race,perez,Sergio Pérez,cadillac,Cadillac F1 Team,16,16,18,0,55,Lapped
2026,1,Australian Grand Prix,2026-03-08,albert_park,race,stroll,Lance Stroll,aston_martin,Aston Martin,17,R,22,0,43,Lapped
2026,1,Australian Grand Prix,2026-03-08,albert_park,race,alonso,Fernando Alonso,aston_martin,Aston Martin,18,R,17,0,21,Retired
2026,1,Australian Grand Prix,2026-03-08,albert_park,race,bottas,Valtteri Bottas,cadillac,Cadillac F1 Team,19,R,19,0,15,Retired
2026,1,Australian Grand Prix,2026-03-08,albert_park,race,hadjar,Isack Hadjar,red_bull,Red Bull,20,R,3,0,10,Retired
2026,1,Australian Grand Prix,2026-03-08,albert_park,race,piastri,Oscar Piastri,mclaren,McLaren,21,W,5,0,0,Did not start
2026,1,Australian Grand Prix,2026-03-08,albert_park,race,hulkenberg,Nico Hülkenberg,audi,Audi,22,W,11,0,0,Did not start
2026,2,Chinese Grand Prix,2026-03-15,shanghai,race,antonelli,Andrea Kimi Antonelli,mercedes,Mercedes,1,1,1,25,56,Finished
2026,2,Chinese Grand Prix,2026-03-15,shanghai,race,russell,George Russell,mercedes,Mercedes,2,2,2,18,56,Finished
2026,2,Chinese Grand Prix,2026-03-15,shanghai,race,hamilton,Lewis Hamilton,ferrari,Ferrari,3,3,3,15,56,Finished
2026,2,Chinese Grand Prix,2026-03-15,shanghai,race,leclerc,Charles Leclerc,ferrari,Ferrari,4,4,4,12,56,Finished
2026,2,Chinese Grand Prix,2026-03-15,shanghai,race,bearman,Oliver Bearman,haas,Haas F1 Team,5,5,10,10,56,Finished
2026,2,Chinese Grand Prix,2026-03-15,shanghai,race,gasly,Pierre Gasly,alpine,Alpine F1 Team,6,6,7,8,56,Finished
2026,2,Chinese Grand Prix,2026-03-15,shanghai,race,lawson,Liam Lawson,rb,RB F1 Team,7,7,14,6,56,Finished
2026,2,Chinese Grand Prix,2026-03-15,shanghai,race,hadjar,Isack Hadjar,red_bull,Red Bull,8,8,9,4,56,Finished
2026,2,Chinese Grand Prix,2026-03-15,shanghai,race,sainz,Carlos Sainz,williams,Williams,9,9,17,2,55,Lapped
2026,2,Chinese Grand Prix,2026-03-15,shanghai,race,colapinto,Franco Colapinto,alpine,Alpine F1 Team,10,10,12,1,55,Lapped
2026,2,Chinese Grand Prix,2026-03-15,shanghai,race,hulkenberg,Nico Hülkenberg,audi,Audi,11,11,11,0,55,Lapped
2026,2,Chinese Grand Prix,2026-03-15,shanghai,race,arvid_lindblad,Arvid Lindblad,rb,RB F1 Team,12,12,15,0,55,Lapped
2026,2,Chinese Grand Prix,2026-03-15,shanghai,race,bottas,Valtteri Bottas,cadillac,Cadillac F1 Team,13,13,19,0,55,Lapped
2026,2,Chinese Grand Prix,2026-03-15,shanghai,race,ocon,Esteban Ocon,haas,Haas F1 Team,14,14,13,0,55,Lapped
2026,2,Chinese Grand Prix,2026-03-15,shanghai,race,perez,Sergio Pérez,cadillac,Cadillac F1 Team,15,15,21,0,55,Lapped
2026,2,Chinese Grand Prix,2026-03-15,shanghai,race,max_verstappen,Max Verstappen,red_bull,Red Bull,16,R,8,0,45,Retired
2026,2,Chinese Grand Prix,2026-03-15,shanghai,race,alonso,Fernando Alonso,aston_martin,Aston Martin,17,R,18,0,32,Retired
2026,2,Chinese Grand Prix,2026-03-15,shanghai,race,stroll,Lance Stroll,aston_martin,Aston Martin,18,R,20,0,9,Retired
2026,2,Chinese Grand Prix,2026-03-15,shanghai,race,piastri,Oscar Piastri,mclaren,McLaren,19,W,5,0,0,Did not start
2026,2,Chinese Grand Prix,2026-03-15,shanghai,race,norris,Lando Norris,mclaren,McLaren,20,W,6,0,0,Did not start
2026,2,Chinese Grand Prix,2026-03-15,shanghai,race,bortoleto,Gabriel Bortoleto,audi,Audi,21,W,16,0,0,Did not start
2026,2,Chinese Grand Prix,2026-03-15,shanghai,race,albon,Alexander Albon,williams,Williams,22,W,22,0,0,Did not start
2026,3,Japanese Grand Prix,2026-03-29,suzuka,race,antonelli,Andrea Kimi Antonelli,mercedes,Mercedes,1,1,1,25,53,Finished
2026,3,Japanese Grand Prix,2026-03-29,suzuka,race,piastri,Oscar Piastri,mclaren,McLaren,2,2,3,18,53,Finished
2026,3,Japanese Grand Prix,2026-03-29,suzuka,race,leclerc,Charles Leclerc,ferrari,Ferrari,3,3,4,15,53,Finished
2026,3,Japanese Grand Prix,2026-03-29,suzuka,race,russell,George Russell,mercedes,Mercedes,4,4,2,12,53,Finished
2026,3,Japanese Grand Prix,2026-03-29,suzuka,race,norris,Lando Norris,mclaren,McLaren,5,5,5,10,53,Finished
2026,3,Japanese Grand Prix,2026-03-29,suzuka,race,hamilton,Lewis Hamilton,ferrari,Ferrari,6,6,6,8,53,Finished
2026,3,Japanese Grand Prix,2026-03-29,suzuka,race,gasly,Pierre Gasly,alpine,Alpine F1 Team,7,7,7,6,53,Finished
2026,3,Japanese Grand Prix,2026-03-29,suzuka,race,max_verstappen,Max Verstappen,red_bull,Red Bull,8,8,11,4,53,Finished
2026,3,Japanese Grand Prix,2026-03-29,suzuka,race,lawson,Liam Lawson,rb,RB F1 Team,9,9,14,2,53,Finished
2026,3,Japanese Grand Prix,2026-03-29,suzuka,race,ocon,Esteban Ocon,haas,Haas F1 Team,10,10,12,1,53,Finished
2026,3,Japanese Grand Prix,2026-03-29,suzuka,race,hulkenberg,Nico Hülkenberg,audi,Audi,11,11,13,0,53,Finished
2026,3,Japanese Grand Prix,2026-03-29,suzuka,race,hadjar,Isack Hadjar,red_bull,Red Bull,12,12,8,0,53,Finished
2026,3,Japanese Grand Prix,2026-03-29,suzuka,race,bortoleto,Gabriel Bortoleto,audi,Audi,13,13,9,0,53,Finished
2026,3,Japanese Grand Prix,2026-03-29,suzuka,race,arvid_lindblad,Arvid Lindblad,rb,RB F1 Team,14,14,10,0,53,Finished
2026,3,Japanese Grand Prix,2026-03-29,suzuka,race,sainz,Carlos Sainz,williams,Williams,15,15,16,0,53,Finished
2026,3,Japanese Grand Prix,2026-03-29,suzuka,race,colapinto,Franco Colapinto,alpine,Alpine F1 Team,16,16,15,0,53,Finished
2026,3,Japanese Grand Prix,2026-03-29,suzuka,race,perez,Sergio Pérez,cadillac,Cadillac F1 Team,17,17,19,0,53,Finished
2026,3,Japanese Grand Prix,2026-03-29,suzuka,race,alonso,Fernando Alonso,aston_martin,Aston Martin,18,18,21,0,52,Lapped
2026,3,Japanese Grand Prix,2026-03-29,suzuka,race,bottas,Valtteri Bottas,cadillac,Cadillac F1 Team,19,19,20,0,52,Lapped
2026,3,Japanese Grand Prix,2026-03-29,suzuka,race,albon,Alexander Albon,williams,Williams,20,20,17,0,51,Lapped
2026,3,Japanese Grand Prix,2026-03-29,suzuka,race,stroll,Lance Stroll,aston_martin,Aston Martin,21,R,22,0,30,Retired
2026,3,Japanese Grand Prix,2026-03-29,suzuka,race,bearman,Oliver Bearman,haas,Haas F1 Team,22,R,18,0,20,Retired
2026,4,Miami Grand Prix,2026-05-03,miami,race,antonelli,Andrea Kimi Antonelli,mercedes,Mercedes,1,1,1,25,57,Finished
2026,4,Miami Grand Prix,2026-05-03,miami,race,norris,Lando Norris,mclaren,McLaren,2,2,4,18,57,Finished
2026,4,Miami Grand Prix,2026-05-03,miami,race,piastri,Oscar Piastri,mclaren,McLaren,3,3,7,15,57,Finished
2026,4,Miami Grand Prix,2026-05-03,miami,race,russell,George Russell,mercedes,Mercedes,4,4,5,12,57,Finished
2026,4,Miami Grand Prix,2026-05-03,miami,race,max_verstappen,Max Verstappen,red_bull,Red Bull,5,5,2,10,57,Finished
2026,4,Miami Grand Prix,2026-05-03,miami,race,hamilton,Lewis Hamilton,ferrari,Ferrari,6,6,6,8,57,Finished
2026,4,Miami Grand Prix,2026-05-03,miami,race,colapinto,Franco Colapinto,alpine,Alpine F1 Team,7,7,8,6,57,Finished
2026,4,Miami Grand Prix,2026-05-03,miami,race,leclerc,Charles Leclerc,ferrari,Ferrari,8,8,3,4,57,Finished
2026,4,Miami Grand Prix,2026-05-03,miami,race,sainz,Carlos Sainz,williams,Williams,9,9,13,2,57,Finished
2026,4,Miami Grand Prix,2026-05-03,miami,race,albon,Alexander Albon,williams,Williams,10,10,15,1,57,Finished
2026,4,Miami Grand Prix,2026-05-03,miami,race,bearman,Oliver Bearman,haas,Haas F1 Team,11,11,12,0,56,Lapped
2026,4,Miami Grand Prix,2026-05-03,miami,race,bortoleto,Gabriel Bortoleto,audi,Audi,12,12,21,0,56,Lapped
2026,4,Miami Grand Prix,2026-05-03,miami,race,ocon,Esteban Ocon,haas,Haas F1 Team,13,13,14,0,56,Lapped
2026,4,Miami Grand Prix,2026-05-03,miami,race,arvid_lindblad,Arvid Lindblad,rb,RB F1 Team,14,14,16,0,56,Lapped
2026,4,Miami Grand Prix,2026-05-03,miami,race,alonso,Fernando Alonso,aston_martin,Aston Martin,15,15,17,0,56,Lapped
2026,4,Miami Grand Prix,2026-05-03,miami,race,perez,Sergio Pérez,cadillac,Cadillac F1 Team,16,16,20,0,56,Lapped
2026,4,Miami Grand Prix,2026-05-03,miami,race,stroll,Lance Stroll,aston_martin,Aston Martin,17,17,18,0,56,Lapped
2026,4,Miami Grand Prix,2026-05-03,miami,race,bottas,Valtteri Bottas,cadillac,Cadillac F1 Team,18,18,19,0,55,Lapped
2026,4,Miami Grand Prix,2026-05-03,miami,race,hulkenberg,Nico Hülkenberg,audi,Audi,19,R,10,0,7,Retired
2026,4,Miami Grand Prix,2026-05-03,miami,race,lawson,Liam Lawson,rb,RB F1 Team,20,R,11,0,6,Retired
2026,4,Miami Grand Prix,2026-05-03,miami,race,gasly,Pierre Gasly,alpine,Alpine F1 Team,21,R,9,0,4,Retired
2026,4,Miami Grand Prix,2026-05-03,miami,race,hadjar,Isack Hadjar,red_bull,Red Bull,22,R,22,0,4,Retired
2026,5,Canadian Grand Prix,2026-05-24,villeneuve,race,antonelli,Andrea Kimi Antonelli,mercedes,Mercedes,1,1,2,25,68,Finished
2026,5,Canadian Grand Prix,2026-05-24,villeneuve,race,hamilton,Lewis Hamilton,ferrari,Ferrari,2,2,5,18,68,Finished
2026,5,Canadian Grand Prix,2026-05-24,villeneuve,race,max_verstappen,Max Verstappen,red_bull,Red Bull,3,3,6,15,68,Finished
2026,5,Canadian Grand Prix,2026-05-24,villeneuve,race,leclerc,Charles Leclerc,ferrari,Ferrari,4,4,8,12,68,Finished
2026,5,Canadian Grand Prix,2026-05-24,villeneuve,race,hadjar,Isack Hadjar,red_bull,Red Bull,5,5,7,10,67,Lapped
2026,5,Canadian Grand Prix,2026-05-24,villeneuve,race,colapinto,Franco Colapinto,alpine,Alpine F1 Team,6,6,10,8,67,Lapped
2026,5,Canadian Grand Prix,2026-05-24,villeneuve,race,lawson,Liam Lawson,rb,RB F1 Team,7,7,12,6,67,Lapped
2026,5,Canadian Grand Prix,2026-05-24,villeneuve,race,gasly,Pierre Gasly,alpine,Alpine F1 Team,8,8,14,4,67,Lapped
2026,5,Canadian Grand Prix,2026-05-24,villeneuve,race,sainz,Carlos Sainz,williams,Williams,9,9,15,2,67,Lapped
2026,5,Canadian Grand Prix,2026-05-24,villeneuve,race,bearman,Oliver Bearman,haas,Haas F1 Team,10,10,16,1,67,Lapped
2026,5,Canadian Grand Prix,2026-05-24,villeneuve,race,piastri,Oscar Piastri,mclaren,McLaren,11,11,4,0,66,Lapped
2026,5,Canadian Grand Prix,2026-05-24,villeneuve,race,hulkenberg,Nico Hülkenberg,audi,Audi,12,12,11,0,66,Lapped
2026,5,Canadian Grand Prix,2026-05-24,villeneuve,race,bortoleto,Gabriel Bortoleto,audi,Audi,13,13,13,0,66,Lapped
2026,5,Canadian Grand Prix,2026-05-24,villeneuve,race,ocon,Esteban Ocon,haas,Haas F1 Team,14,14,17,0,66,Lapped
2026,5,Canadian Grand Prix,2026-05-24,villeneuve,race,stroll,Lance Stroll,aston_martin,Aston Martin,15,15,22,0,64,Lapped
2026,5,Canadian Grand Prix,2026-05-24,villeneuve,race,bottas,Valtteri Bottas,cadillac,Cadillac F1 Team,16,16,21,0,64,Lapped
2026,5,Canadian Grand Prix,2026-05-24,villeneuve,race,perez,Sergio Pérez,cadillac,Cadillac F1 Team,17,R,20,0,39,Retired
2026,5,Canadian Grand Prix,2026-05-24,villeneuve,race,norris,Lando Norris,mclaren,McLaren,18,R,3,0,38,Retired
2026,5,Canadian Grand Prix,2026-05-24,villeneuve,race,russell,George Russell,mercedes,Mercedes,19,R,1,0,29,Retired
2026,5,Canadian Grand Prix,2026-05-24,villeneuve,race,alonso,Fernando Alonso,aston_martin,Aston Martin,20,R,19,0,23,Retired
2026,5,Canadian Grand Prix,2026-05-24,villeneuve,race,albon,Alexander Albon,williams,Williams,21,R,18,0,11,Retired
2026,5,Canadian Grand Prix,2026-05-24,villeneuve,race,arvid_lindblad,Arvid Lindblad,rb,RB F1 Team,22,W,9,0,0,Did not start
2026,6,Monaco Grand Prix,2026-06-07,monaco,race,antonelli,Andrea Kimi Antonelli,mercedes,Mercedes,1,1,1,25,78,Finished
2026,6,Monaco Grand Prix,2026-06-07,monaco,race,hamilton,Lewis Hamilton,ferrari,Ferrari,2,2,3,18,78,Finished
2026,6,Monaco Grand Prix,2026-06-07,monaco,race,hadjar,Isack Hadjar,red_bull,Red Bull,3,3,5,15,78,Finished
2026,6,Monaco Grand Prix,2026-06-07,monaco,race,piastri,Oscar Piastri,mclaren,McLaren,4,4,7,12,78,Finished
2026,6,Monaco Grand Prix,2026-06-07,monaco,race,lawson,Liam Lawson,rb,RB F1 Team,5,5,10,10,78,Finished
2026,6,Monaco Grand Prix,2026-06-07,monaco,race,arvid_lindblad,Arvid Lindblad,rb,RB F1 Team,6,6,15,8,78,Finished
2026,6,Monaco Grand Prix,2026-06-07,monaco,race,gasly,Pierre Gasly,alpine,Alpine F1 Team,7,7,9,6,78,Finished
2026,6,Monaco Grand Prix,2026-06-07,monaco,race,albon,Alexander Albon,williams,Williams,8,8,11,4,78,Finished
2026,6,Monaco Grand Prix,2026-06-07,monaco,race,ocon,Esteban Ocon,haas,Haas F1 Team,9,9,17,2,78,Finished
2026,6,Monaco Grand Prix,2026-06-07,monaco,race,alonso,Fernando Alonso,aston_martin,Aston Martin,10,10,21,1,78,Finished
2026,6,Monaco Grand Prix,2026-06-07,monaco,race,bortoleto,Gabriel Bortoleto,audi,Audi,11,11,16,0,78,Finished
2026,6,Monaco Grand Prix,2026-06-07,monaco,race,russell,George Russell,mercedes,Mercedes,12,12,6,0,78,Finished
2026,6,Monaco Grand Prix,2026-06-07,monaco,race,hulkenberg,Nico Hülkenberg,audi,Audi,13,13,13,0,78,Finished
2026,6,Monaco Grand Prix,2026-06-07,monaco,race,colapinto,Franco Colapinto,alpine,Alpine F1 Team,14,14,14,0,78,Finished
2026,6,Monaco Grand Prix,2026-06-07,monaco,race,perez,Sergio Pérez,cadillac,Cadillac F1 Team,15,15,18,0,78,Finished
2026,6,Monaco Grand Prix,2026-06-07,monaco,race,sainz,Carlos Sainz,williams,Williams,16,16,12,0,70,Retired
2026,6,Monaco Grand Prix,2026-06-07,monaco,race,leclerc,Charles Leclerc,ferrari,Ferrari,17,R,4,0,64,Retired
2026,6,Monaco Grand Prix,2026-06-07,monaco,race,stroll,Lance Stroll,aston_martin,Aston Martin,18,R,22,0,56,Retired
2026,6,Monaco Grand Prix,2026-06-07,monaco,race,norris,Lando Norris,mclaren,McLaren,19,R,8,0,43,Retired
2026,6,Monaco Grand Prix,2026-06-07,monaco,race,bearman,Oliver Bearman,haas,Haas F1 Team,20,R,19,0,27,Retired
2026,6,Monaco Grand Prix,2026-06-07,monaco,race,bottas,Valtteri Bottas,cadillac,Cadillac F1 Team,21,R,20,0,15,Retired
2026,6,Monaco Grand Prix,2026-06-07,monaco,race,max_verstappen,Max Verstappen,red_bull,Red Bull,22,R,2,0,0,Retired
2026,7,Barcelona Grand Prix,2026-06-14,catalunya,race,hamilton,Lewis Hamilton,ferrari,Ferrari,1,1,2,25,66,Finished
2026,7,Barcelona Grand Prix,2026-06-14,catalunya,race,russell,George Russell,mercedes,Mercedes,2,2,1,18,66,Finished
2026,7,Barcelona Grand Prix,2026-06-14,catalunya,race,norris,Lando Norris,mclaren,McLaren,3,3,4,15,66,Finished
2026,7,Barcelona Grand Prix,2026-06-14,catalunya,race,max_verstappen,Max Verstappen,red_bull,Red Bull,4,4,5,12,66,Finished
2026,7,Barcelona Grand Prix,2026-06-14,catalunya,race,piastri,Oscar Piastri,mclaren,McLaren,5,5,7,10,66,Finished
2026,7,Barcelona Grand Prix,2026-06-14,catalunya,race,hadjar,Isack Hadjar,red_bull,Red Bull,6,6,6,8,65,Lapped
2026,7,Barcelona Grand Prix,2026-06-14,catalunya,race,gasly,Pierre Gasly,alpine,Alpine F1 Team,7,7,14,6,65,Lapped
2026,7,Barcelona Grand Prix,2026-06-14,catalunya,race,lawson,Liam Lawson,rb,RB F1 Team,8,8,8,4,65,Lapped
2026,7,Barcelona Grand Prix,2026-06-14,catalunya,race,arvid_lindblad,Arvid Lindblad,rb,RB F1 Team,9,9,11,2,65,Lapped
2026,7,Barcelona Grand Prix,2026-06-14,catalunya,race,colapinto,Franco Colapinto,alpine,Alpine F1 Team,10,10,13,1,65,Lapped
2026,7,Barcelona Grand Prix,2026-06-14,catalunya,race,bortoleto,Gabriel Bortoleto,audi,Audi,11,11,12,0,64,Lapped
2026,7,Barcelona Grand Prix,2026-06-14,catalunya,race,sainz,Carlos Sainz,williams,Williams,12,12,16,0,64,Lapped
2026,7,Barcelona Grand Prix,2026-06-14,catalunya,race,ocon,Esteban Ocon,haas,Haas F1 Team,13,13,17,0,64,Lapped
2026,7,Barcelona Grand Prix,2026-06-14,catalunya,race,perez,Sergio Pérez,cadillac,Cadillac F1 Team,14,14,19,0,63,Lapped
2026,7,Barcelona Grand Prix,2026-06-14,catalunya,race,leclerc,Charles Leclerc,ferrari,Ferrari,15,15,10,0,62,Retired
2026,7,Barcelona Grand Prix,2026-06-14,catalunya,race,antonelli,Andrea Kimi Antonelli,mercedes,Mercedes,16,16,3,0,61,Retired
2026,7,Barcelona Grand Prix,2026-06-14,catalunya,race,bearman,Oliver Bearman,haas,Haas F1 Team,17,17,15,0,60,Retired
2026,7,Barcelona Grand Prix,2026-06-14,catalunya,race,albon,Alexander Albon,williams,Williams,18,R,18,0,55,Lapped
2026,7,Barcelona Grand Prix,2026-06-14,catalunya,race,alonso,Fernando Alonso,aston_martin,Aston Martin,19,R,22,0,37,Retired
2026,7,Barcelona Grand Prix,2026-06-14,catalunya,race,hulkenberg,Nico Hülkenberg,audi,Audi,20,R,9,0,29,Retired
2026,7,Barcelona Grand Prix,2026-06-14,catalunya,race,bottas,Valtteri Bottas,cadillac,Cadillac F1 Team,21,R,20,0,15,Retired
2026,7,Barcelona Grand Prix,2026-06-14,catalunya,race,stroll,Lance Stroll,aston_martin,Aston Martin,22,R,21,0,5,Retired
2026,8,Austrian Grand Prix,2026-06-28,red_bull_ring,race,russell,George Russell,mercedes,Mercedes,1,1,1,25,71,Finished
2026,8,Austrian Grand Prix,2026-06-28,red_bull_ring,race,max_verstappen,Max Verstappen,red_bull,Red Bull,2,2,5,18,71,Finished
2026,8,Austrian Grand Prix,2026-06-28,red_bull_ring,race,antonelli,Andrea Kimi Antonelli,mercedes,Mercedes,3,3,4,15,71,Finished
2026,8,Austrian Grand Prix,2026-06-28,red_bull_ring,race,piastri,Oscar Piastri,mclaren,McLaren,4,4,7,12,71,Finished
2026,8,Austrian Grand Prix,2026-06-28,red_bull_ring,race,hamilton,Lewis Hamilton,ferrari,Ferrari,5,5,3,10,71,Finished
2026,8,Austrian Grand Prix,2026-06-28,red_bull_ring,race,hadjar,Isack Hadjar,red_bull,Red Bull,6,6,8,8,71,Finished
2026,8,Austrian Grand Prix,2026-06-28,red_bull_ring,race,norris,Lando Norris,mclaren,McLaren,7,7,6,6,71,Finished
2026,8,Austrian Grand Prix,2026-06-28,red_bull_ring,race,leclerc,Charles Leclerc,ferrari,Ferrari,8,8,2,4,71,Finished
2026,8,Austrian Grand Prix,2026-06-28,red_bull_ring,race,lawson,Liam Lawson,rb,RB F1 Team,9,9,9,2,70,Lapped
2026,8,Austrian Grand Prix,2026-06-28,red_bull_ring,race,arvid_lindblad,Arvid Lindblad,rb,RB F1 Team,10,10,10,1,70,Lapped
2026,8,Austrian Grand Prix,2026-06-28,red_bull_ring,race,bortoleto,Gabriel Bortoleto,audi,Audi,11,11,12,0,70,Lapped
2026,8,Austrian Grand Prix,2026-06-28,red_bull_ring,race,hulkenberg,Nico Hülkenberg,audi,Audi,12,12,14,0,70,Lapped
2026,8,Austrian Grand Prix,2026-06-28,red_bull_ring,race,gasly,Pierre Gasly,alpine,Alpine F1 Team,13,13,11,0,70,Lapped
2026,8,Austrian Grand Prix,2026-06-28,red_bull_ring,race,bearman,Oliver Bearman,haas,Haas F1 Team,14,14,13,0,70,Lapped
2026,8,Austrian Grand Prix,2026-06-28,red_bull_ring,race,colapinto,Franco Colapinto,alpine,Alpine F1 Team,15,15,16,0,70,Lapped
2026,8,Austrian Grand Prix,2026-06-28,red_bull_ring,race,ocon,Esteban Ocon,haas,Haas F1 Team,16,16,15,0,69,Lapped
2026,8,Austrian Grand Prix,2026-06-28,red_bull_ring,race,albon,Alexander Albon,williams,Williams,17,17,18,0,69,Lapped
2026,8,Austrian Grand Prix,2026-06-28,red_bull_ring,race,alonso,Fernando Alonso,aston_martin,Aston Martin,18,18,21,0,68,Lapped
2026,8,Austrian Grand Prix,2026-06-28,red_bull_ring,race,stroll,Lance Stroll,aston_martin,Aston Martin,19,R,22,0,45,Retired
2026,8,Austrian Grand Prix,2026-06-28,red_bull_ring,race,sainz,Carlos Sainz,williams,Williams,20,R,17,0,23,Retired
2026,8,Austrian Grand Prix,2026-06-28,red_bull_ring,race,perez,Sergio Pérez,cadillac,Cadillac F1 Team,21,R,19,0,4,Retired
2026,8,Austrian Grand Prix,2026-06-28,red_bull_ring,race,bottas,Valtteri Bottas,cadillac,Cadillac F1 Team,22,R,20,0,2,Retired
2026,9,British Grand Prix,2026-07-05,silverstone,race,leclerc,Charles Leclerc,ferrari,Ferrari,1,1,2,25,52,Finished
2026,9,British Grand Prix,2026-07-05,silverstone,race,russell,George Russell,mercedes,Mercedes,2,2,4,18,52,Finished
2026,9,British Grand Prix,2026-07-05,silverstone,race,hamilton,Lewis Hamilton,ferrari,Ferrari,3,3,3,15,52,Finished
2026,9,British Grand Prix,2026-07-05,silverstone,race,norris,Lando Norris,mclaren,McLaren,4,4,6,12,52,Finished
2026,9,British Grand Prix,2026-07-05,silverstone,race,hadjar,Isack Hadjar,red_bull,Red Bull,5,5,5,10,52,Finished
2026,9,British Grand Prix,2026-07-05,silverstone,race,lawson,Liam Lawson,rb,RB F1 Team,6,6,10,8,52,Finished
2026,9,British Grand Prix,2026-07-05,silverstone,race,arvid_lindblad,Arvid Lindblad,rb,RB F1 Team,7,7,9,6,52,Finished
2026,9,British Grand Prix,2026-07-05,silverstone,race,bortoleto,Gabriel Bortoleto,audi,Audi,8,8,11,4,52,Finished
2026,9,British Grand Prix,2026-07-05,silverstone,race,colapinto,Franco Colapinto,alpine,Alpine F1 Team,9,9,19,2,52,Finished
2026,9,British Grand Prix,2026-07-05,silverstone,race,gasly,Pierre Gasly,alpine,Alpine F1 Team,10,10,15,1,52,Finished
2026,9,British Grand Prix,2026-07-05,silverstone,race,piastri,Oscar Piastri,mclaren,McLaren,11,11,8,0,52,Finished
2026,9,British Grand Prix,2026-07-05,silverstone,race,bearman,Oliver Bearman,haas,Haas F1 Team,12,12,13,0,52,Finished
2026,9,British Grand Prix,2026-07-05,silverstone,race,ocon,Esteban Ocon,haas,Haas F1 Team,13,13,17,0,52,Finished
2026,9,British Grand Prix,2026-07-05,silverstone,race,perez,Sergio Pérez,cadillac,Cadillac F1 Team,14,14,20,0,52,Finished
2026,9,British Grand Prix,2026-07-05,silverstone,race,antonelli,Andrea Kimi Antonelli,mercedes,Mercedes,15,15,1,0,52,Finished
2026,9,British Grand Prix,2026-07-05,silverstone,race,bottas,Valtteri Bottas,cadillac,Cadillac F1 Team,16,16,18,0,52,Finished
2026,9,British Grand Prix,2026-07-05,silverstone,race,sainz,Carlos Sainz,williams,Williams,17,17,14,0,51,Lapped
2026,9,British Grand Prix,2026-07-05,silverstone,race,alonso,Fernando Alonso,aston_martin,Aston Martin,18,18,21,0,51,Lapped
2026,9,British Grand Prix,2026-07-05,silverstone,race,stroll,Lance Stroll,aston_martin,Aston Martin,19,19,22,0,51,Lapped
2026,9,British Grand Prix,2026-07-05,silverstone,race,max_verstappen,Max Verstappen,red_bull,Red Bull,20,20,7,0,46,Retired
2026,9,British Grand Prix,2026-07-05,silverstone,race,albon,Alexander Albon,williams,Williams,21,R,16,0,43,Retired
2026,9,British Grand Prix,2026-07-05,silverstone,race,hulkenberg,Nico Hülkenberg,audi,Audi,22,R,12,0,36,Retired
2026,10,Belgian Grand Prix,2026-07-19,spa,race,antonelli,Andrea Kimi Antonelli,mercedes,Mercedes,1,1,1,25,44,Finished
2026,10,Belgian Grand Prix,2026-07-19,spa,race,leclerc,Charles Leclerc,ferrari,Ferrari,2,2,4,18,44,Finished
2026,10,Belgian Grand Prix,2026-07-19,spa,race,max_verstappen,Max Verstappen,red_bull,Red Bull,3,3,2,15,44,Finished
2026,10,Belgian Grand Prix,2026-07-19,spa,race,hamilton,Lewis Hamilton,ferrari,Ferrari,4,4,5,12,44,Finished
2026,10,Belgian Grand Prix,2026-07-19,spa,race,piastri,Oscar Piastri,mclaren,McLaren,5,5,6,10,44,Finished
2026,10,Belgian Grand Prix,2026-07-19,spa,race,hadjar,Isack Hadjar,red_bull,Red Bull,6,6,21,8,44,Finished
2026,10,Belgian Grand Prix,2026-07-19,spa,race,norris,Lando Norris,mclaren,McLaren,7,7,13,6,44,Finished
2026,10,Belgian Grand Prix,2026-07-19,spa,race,bortoleto,Gabriel Bortoleto,audi,Audi,8,8,8,4,44,Finished
2026,10,Belgian Grand Prix,2026-07-19,spa,race,arvid_lindblad,Arvid Lindblad,rb,RB F1 Team,9,9,7,2,44,Finished
2026,10,Belgian Grand Prix,2026-07-19,spa,race,colapinto,Franco Colapinto,alpine,Alpine F1 Team,10,10,11,1,44,Finished
2026,10,Belgian Grand Prix,2026-07-19,spa,race,gasly,Pierre Gasly,alpine,Alpine F1 Team,11,11,10,0,44,Finished
2026,10,Belgian Grand Prix,2026-07-19,spa,race,lawson,Liam Lawson,rb,RB F1 Team,12,12,9,0,44,Finished
2026,10,Belgian Grand Prix,2026-07-19,spa,race,hulkenberg,Nico Hülkenberg,audi,Audi,13,13,12,0,44,Finished
2026,10,Belgian Grand Prix,2026-07-19,spa,race,bearman,Oliver Bearman,haas,Haas F1 Team,14,14,14,0,44,Finished
2026,10,Belgian Grand Prix,2026-07-19,spa,race,albon,Alexander Albon,williams,Williams,15,15,15,0,44,Finished
2026,10,Belgian Grand Prix,2026-07-19,spa,race,sainz,Carlos Sainz,williams,Williams,16,16,19,0,44,Finished
2026,10,Belgian Grand Prix,2026-07-19,spa,race,ocon,Esteban Ocon,haas,Haas F1 Team,17,17,16,0,44,Finished
2026,10,Belgian Grand Prix,2026-07-19,spa,race,bottas,Valtteri Bottas,cadillac,Cadillac F1 Team,18,18,17,0,43,Lapped
2026,10,Belgian Grand Prix,2026-07-19,spa,race,alonso,Fernando Alonso,aston_martin,Aston Martin,19,19,22,0,42,Lapped
2026,10,Belgian Grand Prix,2026-07-19,spa,race,stroll,Lance Stroll,aston_martin,Aston Martin,20,R,20,0,25,Retired
2026,10,Belgian Grand Prix,2026-07-19,spa,race,perez,Sergio Pérez,cadillac,Cadillac F1 Team,21,R,18,0,13,Retired
2026,10,Belgian Grand Prix,2026-07-19,spa,race,russell,George Russell,mercedes,Mercedes,22,R,3,0,0,Retired
2026,11,Hungarian Grand Prix,2026-07-26,hungaroring,race,norris,Lando Norris,mclaren,McLaren,1,1,1,25,70,Finished
2026,11,Hungarian Grand Prix,2026-07-26,hungaroring,race,max_verstappen,Max Verstappen,red_bull,Red Bull,2,2,4,18,70,Finished
2026,11,Hungarian Grand Prix,2026-07-26,hungaroring,race,antonelli,Andrea Kimi Antonelli,mercedes,Mercedes,3,3,7,15,70,Finished
2026,11,Hungarian Grand Prix,2026-07-26,hungaroring,race,leclerc,Charles Leclerc,ferrari,Ferrari,4,4,2,12,70,Finished
2026,11,Hungarian Grand Prix,2026-07-26,hungaroring,race,hamilton,Lewis Hamilton,ferrari,Ferrari,5,5,5,10,70,Finished
2026,11,Hungarian Grand Prix,2026-07-26,hungaroring,race,hadjar,Isack Hadjar,red_bull,Red Bull,6,6,8,8,70,Finished
2026,11,Hungarian Grand Prix,2026-07-26,hungaroring,race,russell,George Russell,mercedes,Mercedes,7,7,6,6,70,Finished
2026,11,Hungarian Grand Prix,2026-07-26,hungaroring,race,lawson,Liam Lawson,rb,RB F1 Team,8,8,11,4,69,Lapped
2026,11,Hungarian Grand Prix,2026-07-26,hungaroring,race,hulkenberg,Nico Hülkenberg,audi,Audi,9,9,10,2,69,Lapped
2026,11,Hungarian Grand Prix,2026-07-26,hungaroring,race,arvid_lindblad,Arvid Lindblad,rb,RB F1 Team,10,10,9,1,69,Lapped
2026,11,Hungarian Grand Prix,2026-07-26,hungaroring,race,bortoleto,Gabriel Bortoleto,audi,Audi,11,11,14,0,69,Lapped
2026,11,Hungarian Grand Prix,2026-07-26,hungaroring,race,gasly,Pierre Gasly,alpine,Alpine F1 Team,12,12,12,0,69,Lapped
2026,11,Hungarian Grand Prix,2026-07-26,hungaroring,race,stroll,Lance Stroll,aston_martin,Aston Martin,13,13,20,0,69,Lapped
2026,11,Hungarian Grand Prix,2026-07-26,hungaroring,race,alonso,Fernando Alonso,aston_martin,Aston Martin,14,14,16,0,69,Lapped
2026,11,Hungarian Grand Prix,2026-07-26,hungaroring,race,colapinto,Franco Colapinto,alpine,Alpine F1 Team,15,15,13,0,68,Lapped
2026,11,Hungarian Grand Prix,2026-07-26,hungaroring,race,ocon,Esteban Ocon,haas,Haas F1 Team,16,16,15,0,68,Lapped
2026,11,Hungarian Grand Prix,2026-07-26,hungaroring,race,albon,Alexander Albon,williams,Williams,17,17,19,0,68,Lapped
2026,11,Hungarian Grand Prix,2026-07-26,hungaroring,race,sainz,Carlos Sainz,williams,Williams,18,18,18,0,68,Lapped
2026,11,Hungarian Grand Prix,2026-07-26,hungaroring,race,bearman,Oliver Bearman,haas,Haas F1 Team,19,19,17,0,68,Lapped
2026,11,Hungarian Grand Prix,2026-07-26,hungaroring,race,piastri,Oscar Piastri,mclaren,McLaren,20,R,3,0,55,Retired
2026,11,Hungarian Grand Prix,2026-07-26,hungaroring,race,perez,Sergio Pérez,cadillac,Cadillac F1 Team,21,R,22,0,48,Retired
2026,11,Hungarian Grand Prix,2026-07-26,hungaroring,race,bottas,Valtteri Bottas,cadillac,Cadillac F1 Team,22,R,21,0,13,Retired
2026,12,Dutch Grand Prix,2026-08-23,zandvoort,race,norris,Lando Norris,mclaren,McLaren,1,1,1,25,72,Finished
2026,12,Dutch Grand Prix,2026-08-23,zandvoort,race,antonelli,Andrea Kimi Antonelli,mercedes,Mercedes,2,2,3,18,72,Finished
2026,12,Dutch Grand Prix,2026-08-23,zandvoort,race,russell,George Russell,mercedes,Mercedes,3,3,2,15,72,Finished
2026,12,Dutch Grand Prix,2026-08-23,zandvoort,race,hamilton,Lewis Hamilton,ferrari,Ferrari,4,4,5,12,72,Finished
2026,12,Dutch Grand Prix,2026-08-23,zandvoort,race,leclerc,Charles Leclerc,ferrari,Ferrari,5,5,6,10,72,Finished
2026,12,Dutch Grand Prix,2026-08-23,zandvoort,race,piastri,Oscar Piastri,mclaren,McLaren,6,6,4,8,72,Finished
2026,12,Dutch Grand Prix,2026-08-23,zandvoort,race,lawson,Liam Lawson,red_bull,Red Bull,7,7,8,6,72,Finished
2026,12,Dutch Grand Prix,2026-08-23,zandvoort,race,hulkenberg,Nico Hülkenberg,audi,Audi,8,8,13,4,71,Lapped
2026,12,Dutch Grand Prix,2026-08-23,zandvoort,race,alonso,Fernando Alonso,aston_martin,Aston Martin,9,9,18,2,71,Lapped
2026,12,Dutch Grand Prix,2026-08-23,zandvoort,race,gasly,Pierre Gasly,alpine,Alpine F1 Team,10,10,11,1,71,Lapped
2026,12,Dutch Grand Prix,2026-08-23,zandvoort,race,tsunoda,Yuki Tsunoda,rb,RB F1 Team,11,11,12,0,71,Lapped
2026,12,Dutch Grand Prix,2026-08-23,zandvoort,race,arvid_lindblad,Arvid Lindblad,rb,RB F1 Team,12,12,10,0,71,Lapped
2026,12,Dutch Grand Prix,2026-08-23,zandvoort,race,bortoleto,Gabriel Bortoleto,audi,Audi,13,13,9,0,71,Lapped
2026,12,Dutch Grand Prix,2026-08-23,zandvoort,race,colapinto,Franco Colapinto,alpine,Alpine F1 Team,14,14,14,0,70,Lapped
2026,12,Dutch Grand Prix,2026-08-23,zandvoort,race,perez,Sergio Pérez,cadillac,Cadillac F1 Team,15,15,22,0,70,Lapped
2026,12,Dutch Grand Prix,2026-08-23,zandvoort,race,sainz,Carlos Sainz,williams,Williams,16,16,17,0,70,Lapped
2026,12,Dutch Grand Prix,2026-08-23,zandvoort,race,albon,Alexander Albon,williams,Williams,17,17,16,0,66,Retired
2026,12,Dutch Grand Prix,2026-08-23,zandvoort,race,bottas,Valtteri Bottas,cadillac,Cadillac F1 Team,18,R,21,0,61,Retired
2026,12,Dutch Grand Prix,2026-08-23,zandvoort,race,ocon,Esteban Ocon,haas,Haas F1 Team,19,R,15,0,52,Retired
2026,12,Dutch Grand Prix,2026-08-23,zandvoort,race,stroll,Lance Stroll,aston_martin,Aston Martin,20,R,19,0,45,Retired
2026,12,Dutch Grand Prix,2026-08-23,zandvoort,race,bearman,Oliver Bearman,haas,Haas F1 Team,21,R,20,0,2,Retired
2026,12,Dutch Grand Prix,2026-08-23,zandvoort,race,max_verstappen,Max Verstappen,red_bull,Red Bull,22,R,7,0,0,Retired
2026,13,Italian Grand Prix,2026-09-06,monza,race,antonelli,Andrea Kimi Antonelli,mercedes,Mercedes,1,1,19,25,53,Finished
2026,13,Italian Grand Prix,2026-09-06,monza,race,russell,George Russell,mercedes,Mercedes,2,2,2,18,53,Finished
2026,13,Italian Grand Prix,2026-09-06,monza,race,max_verstappen,Max Verstappen,red_bull,Red Bull,3,3,5,15,53,Finished
2026,13,Italian Grand Prix,2026-09-06,monza,race,norris,Lando Norris,mclaren,McLaren,4,4,8,12,53,Finished
2026,13,Italian Grand Prix,2026-09-06,monza,race,piastri,Oscar Piastri,mclaren,McLaren,5,5,6,10,53,Finished
2026,13,Italian Grand Prix,2026-09-06,monza,race,hamilton,Lewis Hamilton,ferrari,Ferrari,6,6,4,8,53,Finished
2026,13,Italian Grand Prix,2026-09-06,monza,race,gasly,Pierre Gasly,alpine,Alpine F1 Team,7,7,1,6,53,Finished
2026,13,Italian Grand Prix,2026-09-06,monza,race,arvid_lindblad,Arvid Lindblad,rb,RB F1 Team,8,8,9,4,53,Finished
2026,13,Italian Grand Prix,2026-09-06,monza,race,colapinto,Franco Colapinto,alpine,Alpine F1 Team,9,9,7,2,53,Finished
2026,13,Italian Grand Prix,2026-09-06,monza,race,tsunoda,Yuki Tsunoda,rb,RB F1 Team,10,10,15,1,53,Finished
2026,13,Italian Grand Prix,2026-09-06,monza,race,bortoleto,Gabriel Bortoleto,audi,Audi,11,11,10,0,53,Finished
2026,13,Italian Grand Prix,2026-09-06,monza,race,hulkenberg,Nico Hülkenberg,audi,Audi,12,12,12,0,53,Finished
2026,13,Italian Grand Prix,2026-09-06,monza,race,sainz,Carlos Sainz,williams,Williams,13,13,13,0,53,Finished
2026,13,Italian Grand Prix,2026-09-06,monza,race,lawson,Liam Lawson,red_bull,Red Bull,14,14,22,0,53,Finished
2026,13,Italian Grand Prix,2026-09-06,monza,race,bearman,Oliver Bearman,haas,Haas F1 Team,15,15,11,0,53,Finished
2026,13,Italian Grand Prix,2026-09-06,monza,race,ocon,Esteban Ocon,haas,Haas F1 Team,16,16,14,0,52,Lapped
2026,13,Italian Grand Prix,2026-09-06,monza,race,albon,Alexander Albon,williams,Williams,17,17,20,0,52,Lapped
2026,13,Italian Grand Prix,2026-09-06,monza,race,perez,Sergio Pérez,cadillac,Cadillac F1 Team,18,18,17,0,52,Lapped
2026,13,Italian Grand Prix,2026-09-06,monza,race,bottas,Valtteri Bottas,cadillac,Cadillac F1 Team,19,19,16,0,51,Lapped
2026,13,Italian Grand Prix,2026-09-06,monza,race,stroll,Lance Stroll,aston_martin,Aston Martin,20,R,18,0,26,Retired
2026,13,Italian Grand Prix,2026-09-06,monza,race,alonso,Fernando Alonso,aston_martin,Aston Martin,21,R,21,0,23,Retired
2026,13,Italian Grand Prix,2026-09-06,monza,race,leclerc,Charles Leclerc,ferrari,Ferrari,22,R,3,0,1,Retired
2026,14,Spanish Grand Prix,2026-09-13,madring,race,antonelli,Andrea Kimi Antonelli,mercedes,Mercedes,1,1,2,25,57,Finished
2026,14,Spanish Grand Prix,2026-09-13,madring,race,max_verstappen,Max Verstappen,red_bull,Red Bull,2,2,3,18,57,Finished
2026,14,Spanish Grand Prix,2026-09-13,madring,race,norris,Lando Norris,mclaren,McLaren,3,3,1,15,57,Finished
2026,14,Spanish Grand Prix,2026-09-13,madring,race,leclerc,Charles Leclerc,ferrari,Ferrari,4,4,5,12,57,Finished
2026,14,Spanish Grand Prix,2026-09-13,madring,race,russell,George Russell,mercedes,Mercedes,5,5,6,10,57,Finished
2026,14,Spanish Grand Prix,2026-09-13,madring,race,lawson,Liam Lawson,red_bull,Red Bull,6,6,8,8,57,Finished
2026,14,Spanish Grand Prix,2026-09-13,madring,race,colapinto,Franco Colapinto,alpine,Alpine F1 Team,7,7,9,6,57,Finished
2026,14,Spanish Grand Prix,2026-09-13,madring,race,piastri,Oscar Piastri,mclaren,McLaren,8,8,7,4,57,Finished
2026,14,Spanish Grand Prix,2026-09-13,madring,race,arvid_lindblad,Arvid Lindblad,rb,RB F1 Team,9,9,10,2,56,Lapped
2026,14,Spanish Grand Prix,2026-09-13,madring,race,hulkenberg,Nico Hülkenberg,audi,Audi,10,10,11,1,56,Lapped
2026,14,Spanish Grand Prix,2026-09-13,madring,race,ocon,Esteban Ocon,haas,Haas F1 Team,11,11,13,0,56,Lapped
2026,14,Spanish Grand Prix,2026-09-13,madring,race,gasly,Pierre Gasly,alpine,Alpine F1 Team,12,12,14,0,56,Lapped
2026,14,Spanish Grand Prix,2026-09-13,madring,race,bortoleto,Gabriel Bortoleto,audi,Audi,13,13,12,0,56,Lapped
2026,14,Spanish Grand Prix,2026-09-13,madring,race,tsunoda,Yuki Tsunoda,rb,RB F1 Team,14,14,15,0,56,Lapped
2026,14,Spanish Grand Prix,2026-09-13,madring,race,albon,Alexander Albon,williams,Williams,15,15,16,0,56,Lapped
2026,14,Spanish Grand Prix,2026-09-13,madring,race,bearman,Oliver Bearman,haas,Haas F1 Team,16,16,22,0,56,Lapped
2026,14,Spanish Grand Prix,2026-09-13,madring,race,alonso,Fernando Alonso,aston_martin,Aston Martin,17,17,17,0,55,Lapped
2026,14,Spanish Grand Prix,2026-09-13,madring,race,bottas,Valtteri Bottas,cadillac,Cadillac F1 Team,18,18,19,0,54,Lapped
2026,14,Spanish Grand Prix,2026-09-13,madring,race,sainz,Carlos Sainz,williams,Williams,19,R,20,0,43,Retired
2026,14,Spanish Grand Prix,2026-09-13,madring,race,perez,Sergio Pérez,cadillac,Cadillac F1 Team,20,R,18,0,31,Retired
2026,14,Spanish Grand Prix,2026-09-13,madring,race,stroll,Lance Stroll,aston_martin,Aston Martin,21,R,21,0,12,Retired
2026,14,Spanish Grand Prix,2026-09-13,madring,race,hamilton,Lewis Hamilton,ferrari,Ferrari,22,R,4,0,6,Retired
2026,15,Azerbaijan Grand Prix,2026-09-26,baku,race,russell,George Russell,mercedes,Mercedes,1,1,1,25,51,Finished
2026,15,Azerbaijan Grand Prix,2026-09-26,baku,race,max_verstappen,Max Verstappen,red_bull,Red Bull,2,2,8,18,51,Finished
2026,15,Azerbaijan Grand Prix,2026-09-26,baku,race,hadjar,Isack Hadjar,red_bull,Red Bull,3,3,4,15,51,Finished
2026,15,Azerbaijan Grand Prix,2026-09-26,baku,race,leclerc,Charles Leclerc,ferrari,Ferrari,4,4,2,12,51,Finished
2026,15,Azerbaijan Grand Prix,2026-09-26,baku,race,antonelli,Andrea Kimi Antonelli,mercedes,Mercedes,5,5,16,10,51,Finished
2026,15,Azerbaijan Grand Prix,2026-09-26,baku,race,hamilton,Lewis Hamilton,ferrari,Ferrari,6,6,6,8,51,Finished
2026,15,Azerbaijan Grand Prix,2026-09-26,baku,race,arvid_lindblad,Arvid Lindblad,rb,RB F1 Team,7,7,15,6,51,Finished
2026,15,Azerbaijan Grand Prix,2026-09-26,baku,race,ocon,Esteban Ocon,haas,Haas F1 Team,8,8,13,4,51,Finished
2026,15,Azerbaijan Grand Prix,2026-09-26,baku,race,bearman,Oliver Bearman,haas,Haas F1 Team,9,9,10,2,51,Finished
2026,15,Azerbaijan Grand Prix,2026-09-26,baku,race,sainz,Carlos Sainz,williams,Williams,10,10,14,1,51,Finished
2026,15,Azerbaijan Grand Prix,2026-09-26,baku,race,hulkenberg,Nico Hülkenberg,audi,Audi,11,11,18,0,51,Finished
2026,15,Azerbaijan Grand Prix,2026-09-26,baku,race,lawson,Liam Lawson,rb,RB F1 Team,12,12,11,0,51,Finished
2026,15,Azerbaijan Grand Prix,2026-09-26,baku,race,piastri,Oscar Piastri,mclaren,McLaren,13,13,3,0,51,Finished
2026,15,Azerbaijan Grand Prix,2026-09-26,baku,race,perez,Sergio Pérez,cadillac,Cadillac F1 Team,14,14,20,0,51,Finished
2026,15,Azerbaijan Grand Prix,2026-09-26,baku,race,bortoleto,Gabriel Bortoleto,audi,Audi,15,15,17,0,51,Finished
2026,15,Azerbaijan Grand Prix,2026-09-26,baku,race,bottas,Valtteri Bottas,cadillac,Cadillac F1 Team,16,16,19,0,49,Retired
2026,15,Azerbaijan Grand Prix,2026-09-26,baku,race,colapinto,Franco Colapinto,alpine,Alpine F1 Team,17,R,9,0,36,Retired
2026,15,Azerbaijan Grand Prix,2026-09-26,baku,race,gasly,Pierre Gasly,alpine,Alpine F1 Team,18,R,7,0,35,Retired
2026,15,Azerbaijan Grand Prix,2026-09-26,baku,race,norris,Lando Norris,mclaren,McLaren,19,R,5,0,35,Retired
2026,15,Azerbaijan Grand Prix,2026-09-26,baku,race,albon,Alexander Albon,williams,Williams,20,R,12,0,29,Retired
2026,15,Azerbaijan Grand Prix,2026-09-26,baku,race,alonso,Fernando Alonso,aston_martin,Aston Martin,21,R,21,0,20,Retired
2026,15,Azerbaijan Grand Prix,2026-09-26,baku,race,stroll,Lance Stroll,aston_martin,Aston Martin,22,R,22,0,7,Retired
2026,16,Bahrain Grand Prix in Malaysia,2026-10-04,sepang,race,max_verstappen,Max Verstappen,red_bull,Red Bull,1,1,1,25,55,Finished
2026,16,Bahrain Grand Prix in Malaysia,2026-10-04,sepang,race,antonelli,Andrea Kimi Antonelli,mercedes,Mercedes,2,2,3,18,55,Finished
2026,16,Bahrain Grand Prix in Malaysia,2026-10-04,sepang,race,hamilton,Lewis Hamilton,ferrari,Ferrari,3,3,2,15,55,Finished
2026,16,Bahrain Grand Prix in Malaysia,2026-10-04,sepang,race,leclerc,Charles Leclerc,ferrari,Ferrari,4,4,4,12,55,Finished
2026,16,Bahrain Grand Prix in Malaysia,2026-10-04,sepang,race,hadjar,Isack Hadjar,red_bull,Red Bull,5,5,8,10,55,Finished
2026,16,Bahrain Grand Prix in Malaysia,2026-10-04,sepang,race,piastri,Oscar Piastri,mclaren,McLaren,6,6,6,8,55,Finished
2026,16,Bahrain Grand Prix in Malaysia,2026-10-04,sepang,race,lawson,Liam Lawson,rb,RB F1 Team,7,7,11,6,55,Finished
2026,16,Bahrain Grand Prix in Malaysia,2026-10-04,sepang,race,alonso,Fernando Alonso,aston_martin,Aston Martin,8,8,12,4,55,Finished
2026,16,Bahrain Grand Prix in Malaysia,2026-10-04,sepang,race,norris,Lando Norris,mclaren,McLaren,9,9,5,2,55,Finished
2026,16,Bahrain Grand Prix in Malaysia,2026-10-04,sepang,race,arvid_lindblad,Arvid Lindblad,rb,RB F1 Team,10,10,22,1,55,Finished
2026,16,Bahrain Grand Prix in Malaysia,2026-10-04,sepang,race,hulkenberg,Nico Hülkenberg,audi,Audi,11,11,15,0,55,Finished
2026,16,Bahrain Grand Prix in Malaysia,2026-10-04,sepang,race,stroll,Lance Stroll,aston_martin,Aston Martin,12,12,14,0,55,Finished
2026,16,Bahrain Grand Prix in Malaysia,2026-10-04,sepang,race,colapinto,Franco Colapinto,alpine,Alpine F1 Team,13,13,21,0,55,Finished
2026,16,Bahrain Grand Prix in Malaysia,2026-10-04,sepang,race,bearman,Oliver Bearman,haas,Haas F1 Team,14,14,16,0,55,Finished
2026,16,Bahrain Grand Prix in Malaysia,2026-10-04,sepang,race,ocon,Esteban Ocon,haas,Haas F1 Team,15,15,17,0,55,Finished
2026,16,Bahrain Grand Prix in Malaysia,2026-10-04,sepang,race,gasly,Pierre Gasly,alpine,Alpine F1 Team,16,16,9,0,55,Finished
2026,16,Bahrain Grand Prix in Malaysia,2026-10-04,sepang,race,sainz,Carlos Sainz,williams,Williams,17,17,13,0,55,Finished
2026,16,Bahrain Grand Prix in Malaysia,2026-10-04,sepang,race,bortoleto,Gabriel Bortoleto,audi,Audi,18,18,10,0,55,Finished
2026,16,Bahrain Grand Prix in Malaysia,2026-10-04,sepang,race,perez,Sergio Pérez,cadillac,Cadillac F1 Team,19,19,20,0,55,Finished
2026,16,Bahrain Grand Prix in Malaysia,2026-10-04,sepang,race,russell,George Russell,mercedes,Mercedes,20,20,7,0,49,Retired
2026,16,Bahrain Grand Prix in Malaysia,2026-10-04,sepang,race,albon,Alexander Albon,williams,Williams,21,R,18,0,41,Retired
2026,16,Bahrain Grand Prix in Malaysia,2026-10-04,sepang,race,bottas,Valtteri Bottas,cadillac,Cadillac F1 Team,22,R,19,0,7,Retired
