season_year,race_round_number,race_name,race_date,circuit_name,driver_name,driver_nationality,constructor_name,grid_position,final_position,points,laps_completed,race_time,fastest_lap,status
2019,1,Australian Grand Prix,2019-03-17,Albert Park Grand Prix Circuit,Valtteri Bottas,Finnish,Mercedes,2,1,26.0,58,1:25:27.325,1:25.580,Finished
2019,1,Australian Grand Prix,2019-03-17,Albert Park Grand Prix Circuit,Lewis Hamilton,British,Mercedes,1,2,18.0,58,+20.886,1:26.057,Finished
2019,1,Australian Grand Prix,2019-03-17,Albert Park Grand Prix Circuit,Max Verstappen,Dutch,Red Bull,4,3,15.0,58,+22.520,1:26.256,Finished
2019,1,Australian Grand Prix,2019-03-17,Albert Park Grand Prix Circuit,Sebastian Vettel,German,Ferrari,3,4,12.0,58,+57.109,1:27.954,Finished
2019,1,Australian Grand Prix,2019-03-17,Albert Park Grand Prix Circuit,Charles Leclerc,Monegasque,Ferrari,5,5,10.0,58,+58.203,1:26.926,Finished
2019,1,Australian Grand Prix,2019-03-17,Albert Park Grand Prix Circuit,Kevin Magnussen,Danish,Haas F1 Team,7,6,8.0,58,+1:27.156,1:28.182,Finished
2019,1,Australian Grand Prix,2019-03-17,Albert Park Grand Prix Circuit,Nico Hülkenberg,German,Renault,11,7,6.0,57,N/A,1:28.444,+1 Lap
2019,1,Australian Grand Prix,2019-03-17,Albert Park Grand Prix Circuit,Kimi Räikkönen,Finnish,Alfa Romeo,9,8,4.0,57,N/A,1:28.270,+1 Lap
2019,1,Australian Grand Prix,2019-03-17,Albert Park Grand Prix Circuit,Lance Stroll,Canadian,Racing Point,16,9,2.0,57,N/A,1:27.568,+1 Lap
2019,1,Australian Grand Prix,2019-03-17,Albert Park Grand Prix Circuit,Daniil Kvyat,Russian,Toro Rosso,15,10,1.0,57,N/A,1:27.448,+1 Lap
2019,1,Australian Grand Prix,2019-03-17,Albert Park Grand Prix Circuit,Pierre Gasly,French,Red Bull,17,11,0.0,57,N/A,1:27.229,+1 Lap
2019,1,Australian Grand Prix,2019-03-17,Albert Park Grand Prix Circuit,Lando Norris,British,McLaren,8,12,0.0,57,N/A,1:28.555,+1 Lap
2019,1,Australian Grand Prix,2019-03-17,Albert Park Grand Prix Circuit,Sergio Pérez,Mexican,Racing Point,10,13,0.0,57,N/A,1:28.485,+1 Lap
2019,1,Australian Grand Prix,2019-03-17,Albert Park Grand Prix Circuit,Alexander Albon,Thai,Toro Rosso,13,14,0.0,57,N/A,1:28.188,+1 Lap
2019,1,Australian Grand Prix,2019-03-17,Albert Park Grand Prix Circuit,Antonio Giovinazzi,Italian,Alfa Romeo,14,15,0.0,57,N/A,1:28.479,+1 Lap
2019,1,Australian Grand Prix,2019-03-17,Albert Park Grand Prix Circuit,George Russell,British,Williams,19,16,0.0,56,N/A,1:28.713,+2 Laps
2019,1,Australian Grand Prix,2019-03-17,Albert Park Grand Prix Circuit,Robert Kubica,Polish,Williams,20,17,0.0,55,N/A,1:29.284,+3 Laps
2019,1,Australian Grand Prix,2019-03-17,Albert Park Grand Prix Circuit,Romain Grosjean,French,Haas F1 Team,6,18,0.0,29,N/A,1:28.462,Wheel
2019,1,Australian Grand Prix,2019-03-17,Albert Park Grand Prix Circuit,Daniel Ricciardo,Australian,Renault,12,19,0.0,28,N/A,1:29.848,Damage
2019,1,Australian Grand Prix,2019-03-17,Albert Park Grand Prix Circuit,Carlos Sainz,Spanish,McLaren,18,20,0.0,9,N/A,1:30.899,Engine
2019,2,Bahrain Grand Prix,2019-03-31,Bahrain International Circuit,Lewis Hamilton,British,Mercedes,3,1,25.0,57,1:34:21.295,1:33.528,Finished
2019,2,Bahrain Grand Prix,2019-03-31,Bahrain International Circuit,Valtteri Bottas,Finnish,Mercedes,4,2,18.0,57,+2.980,1:34.209,Finished
2019,2,Bahrain Grand Prix,2019-03-31,Bahrain International Circuit,Charles Leclerc,Monegasque,Ferrari,1,3,16.0,57,+6.131,1:33.411,Finished
2019,2,Bahrain Grand Prix,2019-03-31,Bahrain International Circuit,Max Verstappen,Dutch,Red Bull,5,4,12.0,57,+6.408,1:35.311,Finished
2019,2,Bahrain Grand Prix,2019-03-31,Bahrain International Circuit,Sebastian Vettel,German,Ferrari,2,5,10.0,57,+36.068,1:34.895,Finished
2019,2,Bahrain Grand Prix,2019-03-31,Bahrain International Circuit,Lando Norris,British,McLaren,9,6,8.0,57,+45.754,1:35.777,Finished
2019,2,Bahrain Grand Prix,2019-03-31,Bahrain International Circuit,Kimi Räikkönen,Finnish,Alfa Romeo,8,7,6.0,57,+47.470,1:35.589,Finished
2019,2,Bahrain Grand Prix,2019-03-31,Bahrain International Circuit,Pierre Gasly,French,Red Bull,13,8,4.0,57,+58.094,1:35.291,Finished
2019,2,Bahrain Grand Prix,2019-03-31,Bahrain International Circuit,Alexander Albon,Thai,Toro Rosso,12,9,2.0,57,+1:02.697,1:36.752,Finished
2019,2,Bahrain Grand Prix,2019-03-31,Bahrain International Circuit,Sergio Pérez,Mexican,Racing Point,14,10,1.0,57,+1:03.696,1:36.330,Finished
2019,2,Bahrain Grand Prix,2019-03-31,Bahrain International Circuit,Antonio Giovinazzi,Italian,Alfa Romeo,16,11,0.0,57,+1:04.599,1:35.237,Finished
2019,2,Bahrain Grand Prix,2019-03-31,Bahrain International Circuit,Daniil Kvyat,Russian,Toro Rosso,15,12,0.0,56,N/A,1:34.934,+1 Lap
2019,2,Bahrain Grand Prix,2019-03-31,Bahrain International Circuit,Kevin Magnussen,Danish,Haas F1 Team,6,13,0.0,56,N/A,1:35.892,+1 Lap
2019,2,Bahrain Grand Prix,2019-03-31,Bahrain International Circuit,Lance Stroll,Canadian,Racing Point,18,14,0.0,56,N/A,1:37.037,+1 Lap
2019,2,Bahrain Grand Prix,2019-03-31,Bahrain International Circuit,George Russell,British,Williams,19,15,0.0,56,N/A,1:37.313,+1 Lap
2019,2,Bahrain Grand Prix,2019-03-31,Bahrain International Circuit,Robert Kubica,Polish,Williams,20,16,0.0,55,N/A,1:37.903,+2 Laps
2019,2,Bahrain Grand Prix,2019-03-31,Bahrain International Circuit,Nico Hülkenberg,German,Renault,17,17,0.0,53,N/A,1:35.215,Engine
2019,2,Bahrain Grand Prix,2019-03-31,Bahrain International Circuit,Daniel Ricciardo,Australian,Renault,10,18,0.0,53,N/A,1:36.697,Out of fuel
2019,2,Bahrain Grand Prix,2019-03-31,Bahrain International Circuit,Carlos Sainz,Spanish,McLaren,7,19,0.0,53,N/A,1:35.586,Collision damage
2019,2,Bahrain Grand Prix,2019-03-31,Bahrain International Circuit,Romain Grosjean,French,Haas F1 Team,11,20,0.0,16,N/A,1:37.262,Retired
2019,3,Chinese Grand Prix,2019-04-14,Shanghai International Circuit,Lewis Hamilton,British,Mercedes,2,1,25.0,56,1:32:06.350,1:35.892,Finished
2019,3,Chinese Grand Prix,2019-04-14,Shanghai International Circuit,Valtteri Bottas,Finnish,Mercedes,1,2,18.0,56,+6.552,1:34.872,Finished
2019,3,Chinese Grand Prix,2019-04-14,Shanghai International Circuit,Sebastian Vettel,German,Ferrari,3,3,15.0,56,+13.774,1:34.836,Finished
2019,3,Chinese Grand Prix,2019-04-14,Shanghai International Circuit,Max Verstappen,Dutch,Red Bull,5,4,12.0,56,+27.627,1:36.143,Finished
2019,3,Chinese Grand Prix,2019-04-14,Shanghai International Circuit,Charles Leclerc,Monegasque,Ferrari,4,5,10.0,56,+31.276,1:34.860,Finished
2019,3,Chinese Grand Prix,2019-04-14,Shanghai International Circuit,Pierre Gasly,French,Red Bull,6,6,9.0,56,+1:29.307,1:34.742,Finished
2019,3,Chinese Grand Prix,2019-04-14,Shanghai International Circuit,Daniel Ricciardo,Australian,Renault,7,7,6.0,55,N/A,1:38.632,+1 Lap
2019,3,Chinese Grand Prix,2019-04-14,Shanghai International Circuit,Sergio Pérez,Mexican,Racing Point,12,8,4.0,55,N/A,1:38.702,+1 Lap
2019,3,Chinese Grand Prix,2019-04-14,Shanghai International Circuit,Kimi Räikkönen,Finnish,Alfa Romeo,13,9,2.0,55,N/A,1:37.812,+1 Lap
2019,3,Chinese Grand Prix,2019-04-14,Shanghai International Circuit,Alexander Albon,Thai,Toro Rosso,20,10,1.0,55,N/A,1:38.901,+1 Lap
2019,3,Chinese Grand Prix,2019-04-14,Shanghai International Circuit,Romain Grosjean,French,Haas F1 Team,10,11,0.0,55,N/A,1:36.873,+1 Lap
2019,3,Chinese Grand Prix,2019-04-14,Shanghai International Circuit,Lance Stroll,Canadian,Racing Point,16,12,0.0,55,N/A,1:36.678,+1 Lap
2019,3,Chinese Grand Prix,2019-04-14,Shanghai International Circuit,Kevin Magnussen,Danish,Haas F1 Team,9,13,0.0,55,N/A,1:37.471,+1 Lap
2019,3,Chinese Grand Prix,2019-04-14,Shanghai International Circuit,Carlos Sainz,Spanish,McLaren,14,14,0.0,55,N/A,1:37.502,+1 Lap
2019,3,Chinese Grand Prix,2019-04-14,Shanghai International Circuit,Antonio Giovinazzi,Italian,Alfa Romeo,19,15,0.0,55,N/A,1:38.048,+1 Lap
2019,3,Chinese Grand Prix,2019-04-14,Shanghai International Circuit,George Russell,British,Williams,17,16,0.0,54,N/A,1:37.283,+2 Laps
2019,3,Chinese Grand Prix,2019-04-14,Shanghai International Circuit,Robert Kubica,Polish,Williams,18,17,0.0,54,N/A,1:39.772,+2 Laps
2019,3,Chinese Grand Prix,2019-04-14,Shanghai International Circuit,Lando Norris,British,McLaren,15,18,0.0,50,N/A,1:38.346,Collision
2019,3,Chinese Grand Prix,2019-04-14,Shanghai International Circuit,Daniil Kvyat,Russian,Toro Rosso,11,19,0.0,41,N/A,1:37.975,Collision
2019,3,Chinese Grand Prix,2019-04-14,Shanghai International Circuit,Nico Hülkenberg,German,Renault,8,20,0.0,16,N/A,1:39.677,Power Unit
2019,4,Azerbaijan Grand Prix,2019-04-28,Baku City Circuit,Valtteri Bottas,Finnish,Mercedes,1,1,25.0,51,1:31:52.942,1:44.024,Finished
2019,4,Azerbaijan Grand Prix,2019-04-28,Baku City Circuit,Lewis Hamilton,British,Mercedes,2,2,18.0,51,+1.524,1:44.166,Finished
2019,4,Azerbaijan Grand Prix,2019-04-28,Baku City Circuit,Sebastian Vettel,German,Ferrari,3,3,15.0,51,+11.739,1:44.629,Finished
2019,4,Azerbaijan Grand Prix,2019-04-28,Baku City Circuit,Max Verstappen,Dutch,Red Bull,4,4,12.0,51,+17.493,1:44.794,Finished
2019,4,Azerbaijan Grand Prix,2019-04-28,Baku City Circuit,Charles Leclerc,Monegasque,Ferrari,8,5,11.0,51,+1:09.107,1:43.009,Finished
2019,4,Azerbaijan Grand Prix,2019-04-28,Baku City Circuit,Sergio Pérez,Mexican,Racing Point,5,6,8.0,51,+1:16.416,1:45.524,Finished
2019,4,Azerbaijan Grand Prix,2019-04-28,Baku City Circuit,Carlos Sainz,Spanish,McLaren,9,7,6.0,51,+1:23.826,1:45.807,Finished
2019,4,Azerbaijan Grand Prix,2019-04-28,Baku City Circuit,Lando Norris,British,McLaren,7,8,4.0,51,+1:40.268,1:45.394,Finished
2019,4,Azerbaijan Grand Prix,2019-04-28,Baku City Circuit,Lance Stroll,Canadian,Racing Point,13,9,2.0,51,+1:43.816,1:46.009,Finished
2019,4,Azerbaijan Grand Prix,2019-04-28,Baku City Circuit,Kimi Räikkönen,Finnish,Alfa Romeo,20,10,1.0,50,N/A,1:46.479,+1 Lap
2019,4,Azerbaijan Grand Prix,2019-04-28,Baku City Circuit,Alexander Albon,Thai,Toro Rosso,11,11,0.0,50,N/A,1:45.754,+1 Lap
2019,4,Azerbaijan Grand Prix,2019-04-28,Baku City Circuit,Antonio Giovinazzi,Italian,Alfa Romeo,17,12,0.0,50,N/A,1:45.969,+1 Lap
2019,4,Azerbaijan Grand Prix,2019-04-28,Baku City Circuit,Kevin Magnussen,Danish,Haas F1 Team,12,13,0.0,50,N/A,1:46.682,+1 Lap
2019,4,Azerbaijan Grand Prix,2019-04-28,Baku City Circuit,Nico Hülkenberg,German,Renault,15,14,0.0,50,N/A,1:47.407,+1 Lap
2019,4,Azerbaijan Grand Prix,2019-04-28,Baku City Circuit,George Russell,British,Williams,16,15,0.0,49,N/A,1:47.251,+2 Laps
2019,4,Azerbaijan Grand Prix,2019-04-28,Baku City Circuit,Robert Kubica,Polish,Williams,20,16,0.0,49,N/A,1:47.709,+2 Laps
2019,4,Azerbaijan Grand Prix,2019-04-28,Baku City Circuit,Pierre Gasly,French,Red Bull,20,17,0.0,38,N/A,1:45.712,Transmission
2019,4,Azerbaijan Grand Prix,2019-04-28,Baku City Circuit,Romain Grosjean,French,Haas F1 Team,14,18,0.0,38,N/A,1:48.517,Brakes
2019,4,Azerbaijan Grand Prix,2019-04-28,Baku City Circuit,Daniil Kvyat,Russian,Toro Rosso,6,19,0.0,33,N/A,1:47.681,Collision
2019,4,Azerbaijan Grand Prix,2019-04-28,Baku City Circuit,Daniel Ricciardo,Australian,Renault,10,20,0.0,31,N/A,1:46.767,Collision
2019,5,Spanish Grand Prix,2019-05-12,Circuit de Barcelona-Catalunya,Lewis Hamilton,British,Mercedes,2,1,26.0,66,1:35:50.443,1:18.492,Finished
2019,5,Spanish Grand Prix,2019-05-12,Circuit de Barcelona-Catalunya,Valtteri Bottas,Finnish,Mercedes,1,2,18.0,66,+4.074,1:18.737,Finished
2019,5,Spanish Grand Prix,2019-05-12,Circuit de Barcelona-Catalunya,Max Verstappen,Dutch,Red Bull,4,3,15.0,66,+7.679,1:19.769,Finished
2019,5,Spanish Grand Prix,2019-05-12,Circuit de Barcelona-Catalunya,Sebastian Vettel,German,Ferrari,3,4,12.0,66,+9.167,1:19.820,Finished
2019,5,Spanish Grand Prix,2019-05-12,Circuit de Barcelona-Catalunya,Charles Leclerc,Monegasque,Ferrari,5,5,10.0,66,+13.361,1:20.002,Finished
2019,5,Spanish Grand Prix,2019-05-12,Circuit de Barcelona-Catalunya,Pierre Gasly,French,Red Bull,6,6,8.0,66,+19.576,1:20.536,Finished
2019,5,Spanish Grand Prix,2019-05-12,Circuit de Barcelona-Catalunya,Kevin Magnussen,Danish,Haas F1 Team,8,7,6.0,66,+28.159,1:20.770,Finished
2019,5,Spanish Grand Prix,2019-05-12,Circuit de Barcelona-Catalunya,Carlos Sainz,Spanish,McLaren,12,8,4.0,66,+32.342,1:20.859,Finished
2019,5,Spanish Grand Prix,2019-05-12,Circuit de Barcelona-Catalunya,Daniil Kvyat,Russian,Toro Rosso,9,9,2.0,66,+33.056,1:20.726,Finished
2019,5,Spanish Grand Prix,2019-05-12,Circuit de Barcelona-Catalunya,Romain Grosjean,French,Haas F1 Team,7,10,1.0,66,+34.641,1:21.057,Finished
2019,5,Spanish Grand Prix,2019-05-12,Circuit de Barcelona-Catalunya,Alexander Albon,Thai,Toro Rosso,11,11,0.0,66,+35.445,1:21.028,Finished
2019,5,Spanish Grand Prix,2019-05-12,Circuit de Barcelona-Catalunya,Daniel Ricciardo,Australian,Renault,13,12,0.0,66,+36.758,1:20.615,Finished
2019,5,Spanish Grand Prix,2019-05-12,Circuit de Barcelona-Catalunya,Nico Hülkenberg,German,Renault,20,13,0.0,66,+39.241,1:21.282,Finished
2019,5,Spanish Grand Prix,2019-05-12,Circuit de Barcelona-Catalunya,Kimi Räikkönen,Finnish,Alfa Romeo,14,14,0.0,66,+41.803,1:21.382,Finished
2019,5,Spanish Grand Prix,2019-05-12,Circuit de Barcelona-Catalunya,Sergio Pérez,Mexican,Racing Point,15,15,0.0,66,+46.877,1:21.859,Finished
2019,5,Spanish Grand Prix,2019-05-12,Circuit de Barcelona-Catalunya,Antonio Giovinazzi,Italian,Alfa Romeo,18,16,0.0,66,+47.691,1:21.833,Finished
2019,5,Spanish Grand Prix,2019-05-12,Circuit de Barcelona-Catalunya,George Russell,British,Williams,19,17,0.0,65,N/A,1:22.382,+1 Lap
2019,5,Spanish Grand Prix,2019-05-12,Circuit de Barcelona-Catalunya,Robert Kubica,Polish,Williams,17,18,0.0,65,N/A,1:23.202,+1 Lap
2019,5,Spanish Grand Prix,2019-05-12,Circuit de Barcelona-Catalunya,Lance Stroll,Canadian,Racing Point,16,19,0.0,44,N/A,1:23.226,Collision
2019,5,Spanish Grand Prix,2019-05-12,Circuit de Barcelona-Catalunya,Lando Norris,British,McLaren,10,20,0.0,44,N/A,1:22.561,Collision
2019,6,Monaco Grand Prix,2019-05-26,Circuit de Monaco,Lewis Hamilton,British,Mercedes,1,1,25.0,78,1:43:28.437,1:16.167,Finished
2019,6,Monaco Grand Prix,2019-05-26,Circuit de Monaco,Sebastian Vettel,German,Ferrari,4,2,18.0,78,+2.602,1:16.277,Finished
2019,6,Monaco Grand Prix,2019-05-26,Circuit de Monaco,Valtteri Bottas,Finnish,Mercedes,2,3,15.0,78,+3.162,1:15.163,Finished
2019,6,Monaco Grand Prix,2019-05-26,Circuit de Monaco,Max Verstappen,Dutch,Red Bull,3,4,12.0,78,+5.537,1:16.229,Finished
2019,6,Monaco Grand Prix,2019-05-26,Circuit de Monaco,Pierre Gasly,French,Red Bull,8,5,11.0,78,+9.946,1:14.279,Finished
2019,6,Monaco Grand Prix,2019-05-26,Circuit de Monaco,Carlos Sainz,Spanish,McLaren,9,6,8.0,78,+53.454,1:15.891,Finished
2019,6,Monaco Grand Prix,2019-05-26,Circuit de Monaco,Daniil Kvyat,Russian,Toro Rosso,7,7,6.0,78,+54.574,1:16.288,Finished
2019,6,Monaco Grand Prix,2019-05-26,Circuit de Monaco,Alexander Albon,Thai,Toro Rosso,10,8,4.0,78,+55.200,1:15.607,Finished
2019,6,Monaco Grand Prix,2019-05-26,Circuit de Monaco,Daniel Ricciardo,Australian,Renault,6,9,2.0,78,+1:00.894,1:15.697,Finished
2019,6,Monaco Grand Prix,2019-05-26,Circuit de Monaco,Romain Grosjean,French,Haas F1 Team,13,10,1.0,78,+1:01.034,1:16.746,Finished
2019,6,Monaco Grand Prix,2019-05-26,Circuit de Monaco,Lando Norris,British,McLaren,12,11,0.0,78,+1:06.801,1:16.413,Finished
2019,6,Monaco Grand Prix,2019-05-26,Circuit de Monaco,Sergio Pérez,Mexican,Racing Point,16,12,0.0,77,N/A,1:16.613,+1 Lap
2019,6,Monaco Grand Prix,2019-05-26,Circuit de Monaco,Nico Hülkenberg,German,Renault,11,13,0.0,77,N/A,1:16.276,+1 Lap
2019,6,Monaco Grand Prix,2019-05-26,Circuit de Monaco,Kevin Magnussen,Danish,Haas F1 Team,5,14,0.0,77,N/A,1:16.992,+1 Lap
2019,6,Monaco Grand Prix,2019-05-26,Circuit de Monaco,George Russell,British,Williams,19,15,0.0,77,N/A,1:17.038,+1 Lap
2019,6,Monaco Grand Prix,2019-05-26,Circuit de Monaco,Lance Stroll,Canadian,Racing Point,17,16,0.0,77,N/A,1:16.379,+1 Lap
2019,6,Monaco Grand Prix,2019-05-26,Circuit de Monaco,Kimi Räikkönen,Finnish,Alfa Romeo,14,17,0.0,77,N/A,1:16.436,+1 Lap
2019,6,Monaco Grand Prix,2019-05-26,Circuit de Monaco,Robert Kubica,Polish,Williams,20,18,0.0,77,N/A,1:17.388,+1 Lap
2019,6,Monaco Grand Prix,2019-05-26,Circuit de Monaco,Antonio Giovinazzi,Italian,Alfa Romeo,18,19,0.0,76,N/A,1:16.299,+2 Laps
2019,6,Monaco Grand Prix,2019-05-26,Circuit de Monaco,Charles Leclerc,Monegasque,Ferrari,15,20,0.0,16,N/A,1:19.151,Collision
2019,7,Canadian Grand Prix,2019-06-09,Circuit Gilles Villeneuve,Lewis Hamilton,British,Mercedes,2,1,25.0,70,1:29:07.084,1:14.813,Finished
2019,7,Canadian Grand Prix,2019-06-09,Circuit Gilles Villeneuve,Sebastian Vettel,German,Ferrari,1,2,18.0,70,+3.658,1:14.875,Finished
2019,7,Canadian Grand Prix,2019-06-09,Circuit Gilles Villeneuve,Charles Leclerc,Monegasque,Ferrari,3,3,15.0,70,+4.696,1:14.356,Finished
2019,7,Canadian Grand Prix,2019-06-09,Circuit Gilles Villeneuve,Valtteri Bottas,Finnish,Mercedes,6,4,13.0,70,+51.043,1:13.078,Finished
2019,7,Canadian Grand Prix,2019-06-09,Circuit Gilles Villeneuve,Max Verstappen,Dutch,Red Bull,9,5,10.0,70,+57.655,1:14.767,Finished
2019,7,Canadian Grand Prix,2019-06-09,Circuit Gilles Villeneuve,Daniel Ricciardo,Australian,Renault,4,6,8.0,69,N/A,1:16.075,+1 Lap
2019,7,Canadian Grand Prix,2019-06-09,Circuit Gilles Villeneuve,Nico Hülkenberg,German,Renault,7,7,6.0,69,N/A,1:15.995,+1 Lap
2019,7,Canadian Grand Prix,2019-06-09,Circuit Gilles Villeneuve,Pierre Gasly,French,Red Bull,5,8,4.0,69,N/A,1:16.157,+1 Lap
2019,7,Canadian Grand Prix,2019-06-09,Circuit Gilles Villeneuve,Lance Stroll,Canadian,Racing Point,17,9,2.0,69,N/A,1:16.043,+1 Lap
2019,7,Canadian Grand Prix,2019-06-09,Circuit Gilles Villeneuve,Daniil Kvyat,Russian,Toro Rosso,10,10,1.0,69,N/A,1:16.198,+1 Lap
2019,7,Canadian Grand Prix,2019-06-09,Circuit Gilles Villeneuve,Carlos Sainz,Spanish,McLaren,11,11,0.0,69,N/A,1:16.471,+1 Lap
2019,7,Canadian Grand Prix,2019-06-09,Circuit Gilles Villeneuve,Sergio Pérez,Mexican,Racing Point,15,12,0.0,69,N/A,1:16.314,+1 Lap
2019,7,Canadian Grand Prix,2019-06-09,Circuit Gilles Villeneuve,Antonio Giovinazzi,Italian,Alfa Romeo,12,13,0.0,69,N/A,1:16.365,+1 Lap
2019,7,Canadian Grand Prix,2019-06-09,Circuit Gilles Villeneuve,Romain Grosjean,French,Haas F1 Team,14,14,0.0,69,N/A,1:16.245,+1 Lap
2019,7,Canadian Grand Prix,2019-06-09,Circuit Gilles Villeneuve,Kimi Räikkönen,Finnish,Alfa Romeo,16,15,0.0,69,N/A,1:15.442,+1 Lap
2019,7,Canadian Grand Prix,2019-06-09,Circuit Gilles Villeneuve,George Russell,British,Williams,18,16,0.0,68,N/A,1:17.241,+2 Laps
2019,7,Canadian Grand Prix,2019-06-09,Circuit Gilles Villeneuve,Kevin Magnussen,Danish,Haas F1 Team,20,17,0.0,68,N/A,1:17.309,+2 Laps
2019,7,Canadian Grand Prix,2019-06-09,Circuit Gilles Villeneuve,Robert Kubica,Polish,Williams,19,18,0.0,67,N/A,1:17.285,+3 Laps
2019,7,Canadian Grand Prix,2019-06-09,Circuit Gilles Villeneuve,Alexander Albon,Thai,Toro Rosso,13,19,0.0,59,N/A,1:17.151,Collision damage
2019,7,Canadian Grand Prix,2019-06-09,Circuit Gilles Villeneuve,Lando Norris,British,McLaren,8,20,0.0,8,N/A,1:18.023,Suspension
2019,8,French Grand Prix,2019-06-23,Circuit Paul Ricard,Lewis Hamilton,British,Mercedes,1,1,25.0,53,1:24:31.198,1:32.764,Finished
2019,8,French Grand Prix,2019-06-23,Circuit Paul Ricard,Valtteri Bottas,Finnish,Mercedes,2,2,18.0,53,+18.056,1:33.586,Finished
2019,8,French Grand Prix,2019-06-23,Circuit Paul Ricard,Charles Leclerc,Monegasque,Ferrari,3,3,15.0,53,+18.985,1:33.828,Finished
2019,8,French Grand Prix,2019-06-23,Circuit Paul Ricard,Max Verstappen,Dutch,Red Bull,4,4,12.0,53,+34.905,1:34.162,Finished
2019,8,French Grand Prix,2019-06-23,Circuit Paul Ricard,Sebastian Vettel,German,Ferrari,7,5,11.0,53,+1:02.796,1:32.740,Finished
2019,8,French Grand Prix,2019-06-23,Circuit Paul Ricard,Carlos Sainz,Spanish,McLaren,6,6,8.0,53,+1:35.462,1:34.561,Finished
2019,8,French Grand Prix,2019-06-23,Circuit Paul Ricard,Kimi Räikkönen,Finnish,Alfa Romeo,12,7,6.0,52,N/A,1:34.873,+1 Lap
2019,8,French Grand Prix,2019-06-23,Circuit Paul Ricard,Nico Hülkenberg,German,Renault,13,8,4.0,52,N/A,1:34.950,+1 Lap
2019,8,French Grand Prix,2019-06-23,Circuit Paul Ricard,Lando Norris,British,McLaren,5,9,2.0,52,N/A,1:34.754,+1 Lap
2019,8,French Grand Prix,2019-06-23,Circuit Paul Ricard,Pierre Gasly,French,Red Bull,9,10,1.0,52,N/A,1:35.197,+1 Lap
2019,8,French Grand Prix,2019-06-23,Circuit Paul Ricard,Daniel Ricciardo,Australian,Renault,8,11,0.0,52,N/A,1:35.150,+1 Lap
2019,8,French Grand Prix,2019-06-23,Circuit Paul Ricard,Sergio Pérez,Mexican,Racing Point,14,12,0.0,52,N/A,1:35.014,+1 Lap
2019,8,French Grand Prix,2019-06-23,Circuit Paul Ricard,Lance Stroll,Canadian,Racing Point,17,13,0.0,52,N/A,1:34.924,+1 Lap
2019,8,French Grand Prix,2019-06-23,Circuit Paul Ricard,Daniil Kvyat,Russian,Toro Rosso,19,14,0.0,52,N/A,1:35.225,+1 Lap
2019,8,French Grand Prix,2019-06-23,Circuit Paul Ricard,Alexander Albon,Thai,Toro Rosso,11,15,0.0,52,N/A,1:35.029,+1 Lap
2019,8,French Grand Prix,2019-06-23,Circuit Paul Ricard,Antonio Giovinazzi,Italian,Alfa Romeo,10,16,0.0,52,N/A,1:35.115,+1 Lap
2019,8,French Grand Prix,2019-06-23,Circuit Paul Ricard,Kevin Magnussen,Danish,Haas F1 Team,15,17,0.0,52,N/A,1:35.692,+1 Lap
2019,8,French Grand Prix,2019-06-23,Circuit Paul Ricard,Robert Kubica,Polish,Williams,18,18,0.0,51,N/A,1:36.608,+2 Laps
2019,8,French Grand Prix,2019-06-23,Circuit Paul Ricard,George Russell,British,Williams,20,19,0.0,51,N/A,1:35.830,+2 Laps
2019,8,French Grand Prix,2019-06-23,Circuit Paul Ricard,Romain Grosjean,French,Haas F1 Team,16,20,0.0,44,N/A,1:35.691,Retired
2019,9,Austrian Grand Prix,2019-06-30,Red Bull Ring,Max Verstappen,Dutch,Red Bull,2,1,26.0,71,1:22:01.822,1:07.475,Finished
2019,9,Austrian Grand Prix,2019-06-30,Red Bull Ring,Charles Leclerc,Monegasque,Ferrari,1,2,18.0,71,+2.724,1:07.994,Finished
2019,9,Austrian Grand Prix,2019-06-30,Red Bull Ring,Valtteri Bottas,Finnish,Mercedes,3,3,15.0,71,+18.960,1:08.565,Finished
2019,9,Austrian Grand Prix,2019-06-30,Red Bull Ring,Sebastian Vettel,German,Ferrari,9,4,12.0,71,+19.610,1:07.676,Finished
2019,9,Austrian Grand Prix,2019-06-30,Red Bull Ring,Lewis Hamilton,British,Mercedes,4,5,10.0,71,+22.805,1:08.050,Finished
2019,9,Austrian Grand Prix,2019-06-30,Red Bull Ring,Lando Norris,British,McLaren,5,6,8.0,70,N/A,1:08.699,+1 Lap
2019,9,Austrian Grand Prix,2019-06-30,Red Bull Ring,Pierre Gasly,French,Red Bull,8,7,6.0,70,N/A,1:08.790,+1 Lap
2019,9,Austrian Grand Prix,2019-06-30,Red Bull Ring,Carlos Sainz,Spanish,McLaren,19,8,4.0,70,N/A,1:08.117,+1 Lap
2019,9,Austrian Grand Prix,2019-06-30,Red Bull Ring,Kimi Räikkönen,Finnish,Alfa Romeo,6,9,2.0,70,N/A,1:09.126,+1 Lap
2019,9,Austrian Grand Prix,2019-06-30,Red Bull Ring,Antonio Giovinazzi,Italian,Alfa Romeo,7,10,1.0,70,N/A,1:09.051,+1 Lap
2019,9,Austrian Grand Prix,2019-06-30,Red Bull Ring,Sergio Pérez,Mexican,Racing Point,13,11,0.0,70,N/A,1:09.061,+1 Lap
2019,9,Austrian Grand Prix,2019-06-30,Red Bull Ring,Daniel Ricciardo,Australian,Renault,12,12,0.0,70,N/A,1:08.019,+1 Lap
2019,9,Austrian Grand Prix,2019-06-30,Red Bull Ring,Nico Hülkenberg,German,Renault,15,13,0.0,70,N/A,1:09.248,+1 Lap
2019,9,Austrian Grand Prix,2019-06-30,Red Bull Ring,Lance Stroll,Canadian,Racing Point,14,14,0.0,70,N/A,1:09.288,+1 Lap
2019,9,Austrian Grand Prix,2019-06-30,Red Bull Ring,Alexander Albon,Thai,Toro Rosso,18,15,0.0,70,N/A,1:08.946,+1 Lap
2019,9,Austrian Grand Prix,2019-06-30,Red Bull Ring,Romain Grosjean,French,Haas F1 Team,11,16,0.0,70,N/A,1:08.987,+1 Lap
2019,9,Austrian Grand Prix,2019-06-30,Red Bull Ring,Daniil Kvyat,Russian,Toro Rosso,16,17,0.0,70,N/A,1:09.498,+1 Lap
2019,9,Austrian Grand Prix,2019-06-30,Red Bull Ring,George Russell,British,Williams,20,18,0.0,69,N/A,1:09.926,+2 Laps
2019,9,Austrian Grand Prix,2019-06-30,Red Bull Ring,Kevin Magnussen,Danish,Haas F1 Team,10,19,0.0,69,N/A,1:08.903,+2 Laps
2019,9,Austrian Grand Prix,2019-06-30,Red Bull Ring,Robert Kubica,Polish,Williams,17,20,0.0,68,N/A,1:10.964,+3 Laps
2019,10,British Grand Prix,2019-07-14,Silverstone Circuit,Lewis Hamilton,British,Mercedes,2,1,26.0,52,1:21:08.452,1:27.369,Finished
2019,10,British Grand Prix,2019-07-14,Silverstone Circuit,Valtteri Bottas,Finnish,Mercedes,1,2,18.0,52,+24.928,1:27.406,Finished
2019,10,British Grand Prix,2019-07-14,Silverstone Circuit,Charles Leclerc,Monegasque,Ferrari,3,3,15.0,52,+30.117,1:29.313,Finished
2019,10,British Grand Prix,2019-07-14,Silverstone Circuit,Pierre Gasly,French,Red Bull,5,4,12.0,52,+34.692,1:29.544,Finished
2019,10,British Grand Prix,2019-07-14,Silverstone Circuit,Max Verstappen,Dutch,Red Bull,4,5,10.0,52,+39.458,1:29.272,Finished
2019,10,British Grand Prix,2019-07-14,Silverstone Circuit,Carlos Sainz,Spanish,McLaren,13,6,8.0,52,+53.639,1:29.757,Finished
2019,10,British Grand Prix,2019-07-14,Silverstone Circuit,Daniel Ricciardo,Australian,Renault,7,7,6.0,52,+54.401,1:29.624,Finished
2019,10,British Grand Prix,2019-07-14,Silverstone Circuit,Kimi Räikkönen,Finnish,Alfa Romeo,12,8,4.0,52,+1:05.540,1:30.034,Finished
2019,10,British Grand Prix,2019-07-14,Silverstone Circuit,Daniil Kvyat,Russian,Toro Rosso,17,9,2.0,52,+1:06.720,1:29.910,Finished
2019,10,British Grand Prix,2019-07-14,Silverstone Circuit,Nico Hülkenberg,German,Renault,10,10,1.0,52,+1:12.733,1:29.949,Finished
2019,10,British Grand Prix,2019-07-14,Silverstone Circuit,Lando Norris,British,McLaren,8,11,0.0,52,+1:14.281,1:29.636,Finished
2019,10,British Grand Prix,2019-07-14,Silverstone Circuit,Alexander Albon,Thai,Toro Rosso,9,12,0.0,52,+1:15.617,1:30.872,Finished
2019,10,British Grand Prix,2019-07-14,Silverstone Circuit,Lance Stroll,Canadian,Racing Point,18,13,0.0,52,+1:21.086,1:29.390,Finished
2019,10,British Grand Prix,2019-07-14,Silverstone Circuit,George Russell,British,Williams,19,14,0.0,51,N/A,1:31.013,+1 Lap
2019,10,British Grand Prix,2019-07-14,Silverstone Circuit,Robert Kubica,Polish,Williams,20,15,0.0,51,N/A,1:31.509,+1 Lap
2019,10,British Grand Prix,2019-07-14,Silverstone Circuit,Sebastian Vettel,German,Ferrari,6,16,0.0,51,N/A,1:28.733,+1 Lap
2019,10,British Grand Prix,2019-07-14,Silverstone Circuit,Sergio Pérez,Mexican,Racing Point,15,17,0.0,51,N/A,1:29.456,+1 Lap
2019,10,British Grand Prix,2019-07-14,Silverstone Circuit,Antonio Giovinazzi,Italian,Alfa Romeo,11,18,0.0,18,N/A,1:32.464,Spun off
2019,10,British Grand Prix,2019-07-14,Silverstone Circuit,Romain Grosjean,French,Haas F1 Team,14,19,0.0,9,N/A,1:34.350,Collision
2019,10,British Grand Prix,2019-07-14,Silverstone Circuit,Kevin Magnussen,Danish,Haas F1 Team,16,20,0.0,6,N/A,1:33.425,Collision
2019,11,German Grand Prix,2019-07-28,Hockenheimring,Max Verstappen,Dutch,Red Bull,2,1,26.0,64,1:44:31.275,1:16.645,Finished
2019,11,German Grand Prix,2019-07-28,Hockenheimring,Sebastian Vettel,German,Ferrari,20,2,18.0,64,+7.333,1:16.794,Finished
2019,11,German Grand Prix,2019-07-28,Hockenheimring,Daniil Kvyat,Russian,Toro Rosso,14,3,15.0,64,+8.305,1:17.708,Finished
2019,11,German Grand Prix,2019-07-28,Hockenheimring,Lance Stroll,Canadian,Racing Point,15,4,12.0,64,+8.966,1:17.831,Finished
2019,11,German Grand Prix,2019-07-28,Hockenheimring,Carlos Sainz,Spanish,McLaren,7,5,10.0,64,+9.583,1:17.841,Finished
2019,11,German Grand Prix,2019-07-28,Hockenheimring,Alexander Albon,Thai,Toro Rosso,16,6,8.0,64,+10.052,1:17.850,Finished
2019,11,German Grand Prix,2019-07-28,Hockenheimring,Romain Grosjean,French,Haas F1 Team,6,7,6.0,64,+16.838,1:17.746,Finished
2019,11,German Grand Prix,2019-07-28,Hockenheimring,Kevin Magnussen,Danish,Haas F1 Team,12,8,4.0,64,+18.765,1:17.507,Finished
2019,11,German Grand Prix,2019-07-28,Hockenheimring,Lewis Hamilton,British,Mercedes,1,9,2.0,64,+19.667,1:18.811,Finished
2019,11,German Grand Prix,2019-07-28,Hockenheimring,Robert Kubica,Polish,Williams,18,10,1.0,64,+24.987,1:19.062,Finished
2019,11,German Grand Prix,2019-07-28,Hockenheimring,George Russell,British,Williams,17,11,0.0,64,+26.404,1:17.485,Finished
2019,11,German Grand Prix,2019-07-28,Hockenheimring,Kimi Räikkönen,Finnish,Alfa Romeo,5,12,0.0,64,+42.214,1:19.563,Finished
2019,11,German Grand Prix,2019-07-28,Hockenheimring,Antonio Giovinazzi,Italian,Alfa Romeo,11,13,0.0,64,+43.849,1:19.300,Finished
2019,11,German Grand Prix,2019-07-28,Hockenheimring,Pierre Gasly,French,Red Bull,4,14,0.0,61,N/A,1:17.495,Collision
2019,11,German Grand Prix,2019-07-28,Hockenheimring,Valtteri Bottas,Finnish,Mercedes,3,15,0.0,56,N/A,1:18.272,Accident
2019,11,German Grand Prix,2019-07-28,Hockenheimring,Nico Hülkenberg,German,Renault,9,16,0.0,39,N/A,1:29.576,Accident
2019,11,German Grand Prix,2019-07-28,Hockenheimring,Charles Leclerc,Monegasque,Ferrari,10,17,0.0,27,N/A,1:27.697,Accident
2019,11,German Grand Prix,2019-07-28,Hockenheimring,Lando Norris,British,McLaren,19,18,0.0,25,N/A,1:31.081,Power loss
2019,11,German Grand Prix,2019-07-28,Hockenheimring,Daniel Ricciardo,Australian,Renault,13,19,0.0,13,N/A,1:32.654,Exhaust
2019,11,German Grand Prix,2019-07-28,Hockenheimring,Sergio Pérez,Mexican,Racing Point,8,20,0.0,1,N/A,N/A,Spun off
2019,12,Hungarian Grand Prix,2019-08-04,Hungaroring,Lewis Hamilton,British,Mercedes,3,1,25.0,70,1:35:03.796,1:18.528,Finished
2019,12,Hungarian Grand Prix,2019-08-04,Hungaroring,Max Verstappen,Dutch,Red Bull,1,2,19.0,70,+17.796,1:17.103,Finished
2019,12,Hungarian Grand Prix,2019-08-04,Hungaroring,Sebastian Vettel,German,Ferrari,5,3,15.0,70,+1:01.433,1:19.786,Finished
2019,12,Hungarian Grand Prix,2019-08-04,Hungaroring,Charles Leclerc,Monegasque,Ferrari,4,4,12.0,70,+1:05.250,1:20.493,Finished
2019,12,Hungarian Grand Prix,2019-08-04,Hungaroring,Carlos Sainz,Spanish,McLaren,8,5,10.0,69,N/A,1:21.002,+1 Lap
2019,12,Hungarian Grand Prix,2019-08-04,Hungaroring,Pierre Gasly,French,Red Bull,6,6,8.0,69,N/A,1:21.045,+1 Lap
2019,12,Hungarian Grand Prix,2019-08-04,Hungaroring,Kimi Räikkönen,Finnish,Alfa Romeo,10,7,6.0,69,N/A,1:20.880,+1 Lap
2019,12,Hungarian Grand Prix,2019-08-04,Hungaroring,Valtteri Bottas,Finnish,Mercedes,2,8,4.0,69,N/A,1:19.331,+1 Lap
2019,12,Hungarian Grand Prix,2019-08-04,Hungaroring,Lando Norris,British,McLaren,7,9,2.0,69,N/A,1:21.188,+1 Lap
2019,12,Hungarian Grand Prix,2019-08-04,Hungaroring,Alexander Albon,Thai,Toro Rosso,12,10,1.0,69,N/A,1:20.621,+1 Lap
2019,12,Hungarian Grand Prix,2019-08-04,Hungaroring,Sergio Pérez,Mexican,Racing Point,16,11,0.0,69,N/A,1:21.734,+1 Lap
2019,12,Hungarian Grand Prix,2019-08-04,Hungaroring,Nico Hülkenberg,German,Renault,11,12,0.0,69,N/A,1:21.650,+1 Lap
2019,12,Hungarian Grand Prix,2019-08-04,Hungaroring,Kevin Magnussen,Danish,Haas F1 Team,14,13,0.0,69,N/A,1:21.008,+1 Lap
2019,12,Hungarian Grand Prix,2019-08-04,Hungaroring,Daniel Ricciardo,Australian,Renault,20,14,0.0,69,N/A,1:20.839,+1 Lap
2019,12,Hungarian Grand Prix,2019-08-04,Hungaroring,Daniil Kvyat,Russian,Toro Rosso,13,15,0.0,68,N/A,1:21.932,+2 Laps
2019,12,Hungarian Grand Prix,2019-08-04,Hungaroring,George Russell,British,Williams,15,16,0.0,68,N/A,1:22.386,+2 Laps
2019,12,Hungarian Grand Prix,2019-08-04,Hungaroring,Lance Stroll,Canadian,Racing Point,18,17,0.0,68,N/A,1:20.603,+2 Laps
2019,12,Hungarian Grand Prix,2019-08-04,Hungaroring,Antonio Giovinazzi,Italian,Alfa Romeo,17,18,0.0,68,N/A,1:23.134,+2 Laps
2019,12,Hungarian Grand Prix,2019-08-04,Hungaroring,Robert Kubica,Polish,Williams,19,19,0.0,67,N/A,1:23.436,+3 Laps
2019,12,Hungarian Grand Prix,2019-08-04,Hungaroring,Romain Grosjean,French,Haas F1 Team,9,20,0.0,49,N/A,1:22.809,Water pressure
2019,13,Belgian Grand Prix,2019-09-01,Circuit de Spa-Francorchamps,Charles Leclerc,Monegasque,Ferrari,1,1,25.0,44,1:23:45.710,1:46.664,Finished
2019,13,Belgian Grand Prix,2019-09-01,Circuit de Spa-Francorchamps,Lewis Hamilton,British,Mercedes,3,2,18.0,44,+0.981,1:46.580,Finished
2019,13,Belgian Grand Prix,2019-09-01,Circuit de Spa-Francorchamps,Valtteri Bottas,Finnish,Mercedes,4,3,15.0,44,+12.585,1:46.465,Finished
2019,13,Belgian Grand Prix,2019-09-01,Circuit de Spa-Francorchamps,Sebastian Vettel,German,Ferrari,2,4,13.0,44,+26.422,1:46.409,Finished
2019,13,Belgian Grand Prix,2019-09-01,Circuit de Spa-Francorchamps,Alexander Albon,Thai,Red Bull,17,5,10.0,44,+1:21.325,1:47.507,Finished
2019,13,Belgian Grand Prix,2019-09-01,Circuit de Spa-Francorchamps,Sergio Pérez,Mexican,Racing Point,7,6,8.0,44,+1:24.448,1:48.781,Finished
2019,13,Belgian Grand Prix,2019-09-01,Circuit de Spa-Francorchamps,Daniil Kvyat,Russian,Toro Rosso,19,7,6.0,44,+1:29.657,1:48.143,Finished
2019,13,Belgian Grand Prix,2019-09-01,Circuit de Spa-Francorchamps,Nico Hülkenberg,German,Renault,12,8,4.0,44,+1:46.639,1:48.349,Finished
2019,13,Belgian Grand Prix,2019-09-01,Circuit de Spa-Francorchamps,Pierre Gasly,French,Toro Rosso,13,9,2.0,44,+1:49.168,1:49.700,Finished
2019,13,Belgian Grand Prix,2019-09-01,Circuit de Spa-Francorchamps,Lance Stroll,Canadian,Racing Point,16,10,1.0,44,+1:49.838,1:48.357,Finished
2019,13,Belgian Grand Prix,2019-09-01,Circuit de Spa-Francorchamps,Lando Norris,British,McLaren,11,11,0.0,43,N/A,1:48.321,Engine
2019,13,Belgian Grand Prix,2019-09-01,Circuit de Spa-Francorchamps,Kevin Magnussen,Danish,Haas F1 Team,8,12,0.0,43,N/A,1:48.677,+1 Lap
2019,13,Belgian Grand Prix,2019-09-01,Circuit de Spa-Francorchamps,Romain Grosjean,French,Haas F1 Team,9,13,0.0,43,N/A,1:49.274,+1 Lap
2019,13,Belgian Grand Prix,2019-09-01,Circuit de Spa-Francorchamps,Daniel Ricciardo,Australian,Renault,10,14,0.0,43,N/A,1:50.451,+1 Lap
2019,13,Belgian Grand Prix,2019-09-01,Circuit de Spa-Francorchamps,George Russell,British,Williams,14,15,0.0,43,N/A,1:48.860,+1 Lap
2019,13,Belgian Grand Prix,2019-09-01,Circuit de Spa-Francorchamps,Kimi Räikkönen,Finnish,Alfa Romeo,6,16,0.0,43,N/A,1:48.753,+1 Lap
2019,13,Belgian Grand Prix,2019-09-01,Circuit de Spa-Francorchamps,Robert Kubica,Polish,Williams,20,17,0.0,43,N/A,1:49.220,+1 Lap
2019,13,Belgian Grand Prix,2019-09-01,Circuit de Spa-Francorchamps,Antonio Giovinazzi,Italian,Alfa Romeo,18,18,0.0,42,N/A,1:47.560,Accident
2019,13,Belgian Grand Prix,2019-09-01,Circuit de Spa-Francorchamps,Carlos Sainz,Spanish,McLaren,15,19,0.0,1,N/A,N/A,Power loss
2019,13,Belgian Grand Prix,2019-09-01,Circuit de Spa-Francorchamps,Max Verstappen,Dutch,Red Bull,5,20,0.0,0,N/A,N/A,Accident
2019,14,Italian Grand Prix,2019-09-08,Autodromo Nazionale di Monza,Charles Leclerc,Monegasque,Ferrari,1,1,25.0,53,1:15:26.665,1:23.009,Finished
2019,14,Italian Grand Prix,2019-09-08,Autodromo Nazionale di Monza,Valtteri Bottas,Finnish,Mercedes,3,2,18.0,53,+0.835,1:22.859,Finished
2019,14,Italian Grand Prix,2019-09-08,Autodromo Nazionale di Monza,Lewis Hamilton,British,Mercedes,2,3,16.0,53,+35.199,1:21.779,Finished
2019,14,Italian Grand Prix,2019-09-08,Autodromo Nazionale di Monza,Daniel Ricciardo,Australian,Renault,5,4,12.0,53,+45.515,1:23.466,Finished
2019,14,Italian Grand Prix,2019-09-08,Autodromo Nazionale di Monza,Nico Hülkenberg,German,Renault,6,5,10.0,53,+58.165,1:23.641,Finished
2019,14,Italian Grand Prix,2019-09-08,Autodromo Nazionale di Monza,Alexander Albon,Thai,Red Bull,8,6,8.0,53,+59.315,1:23.364,Finished
2019,14,Italian Grand Prix,2019-09-08,Autodromo Nazionale di Monza,Sergio Pérez,Mexican,Racing Point,18,7,6.0,53,+1:13.802,1:23.770,Finished
2019,14,Italian Grand Prix,2019-09-08,Autodromo Nazionale di Monza,Max Verstappen,Dutch,Red Bull,19,8,4.0,53,+1:14.492,1:23.143,Finished
2019,14,Italian Grand Prix,2019-09-08,Autodromo Nazionale di Monza,Antonio Giovinazzi,Italian,Alfa Romeo,10,9,2.0,52,N/A,1:24.503,+1 Lap
2019,14,Italian Grand Prix,2019-09-08,Autodromo Nazionale di Monza,Lando Norris,British,McLaren,16,10,1.0,52,N/A,1:24.044,+1 Lap
2019,14,Italian Grand Prix,2019-09-08,Autodromo Nazionale di Monza,Pierre Gasly,French,Toro Rosso,17,11,0.0,52,N/A,1:23.885,+1 Lap
2019,14,Italian Grand Prix,2019-09-08,Autodromo Nazionale di Monza,Lance Stroll,Canadian,Racing Point,9,12,0.0,52,N/A,1:24.165,+1 Lap
2019,14,Italian Grand Prix,2019-09-08,Autodromo Nazionale di Monza,Sebastian Vettel,German,Ferrari,4,13,0.0,52,N/A,1:22.799,+1 Lap
2019,14,Italian Grand Prix,2019-09-08,Autodromo Nazionale di Monza,George Russell,British,Williams,14,14,0.0,52,N/A,1:24.842,+1 Lap
2019,14,Italian Grand Prix,2019-09-08,Autodromo Nazionale di Monza,Kimi Räikkönen,Finnish,Alfa Romeo,20,15,0.0,52,N/A,1:24.419,+1 Lap
2019,14,Italian Grand Prix,2019-09-08,Autodromo Nazionale di Monza,Romain Grosjean,French,Haas F1 Team,13,16,0.0,52,N/A,1:24.985,+1 Lap
2019,14,Italian Grand Prix,2019-09-08,Autodromo Nazionale di Monza,Robert Kubica,Polish,Williams,15,17,0.0,51,N/A,1:24.989,+2 Laps
2019,14,Italian Grand Prix,2019-09-08,Autodromo Nazionale di Monza,Kevin Magnussen,Danish,Haas F1 Team,11,18,0.0,43,N/A,1:24.443,Hydraulics
2019,14,Italian Grand Prix,2019-09-08,Autodromo Nazionale di Monza,Daniil Kvyat,Russian,Toro Rosso,12,19,0.0,29,N/A,1:25.772,Engine
2019,14,Italian Grand Prix,2019-09-08,Autodromo Nazionale di Monza,Carlos Sainz,Spanish,McLaren,7,20,0.0,27,N/A,1:25.637,Wheel
2019,15,Singapore Grand Prix,2019-09-22,Marina Bay Street Circuit,Sebastian Vettel,German,Ferrari,3,1,25.0,61,1:58:33.667,1:44.802,Finished
2019,15,Singapore Grand Prix,2019-09-22,Marina Bay Street Circuit,Charles Leclerc,Monegasque,Ferrari,1,2,18.0,61,+2.641,1:44.723,Finished
2019,15,Singapore Grand Prix,2019-09-22,Marina Bay Street Circuit,Max Verstappen,Dutch,Red Bull,4,3,15.0,61,+3.821,1:45.176,Finished
2019,15,Singapore Grand Prix,2019-09-22,Marina Bay Street Circuit,Lewis Hamilton,British,Mercedes,2,4,12.0,61,+4.608,1:44.914,Finished
2019,15,Singapore Grand Prix,2019-09-22,Marina Bay Street Circuit,Valtteri Bottas,Finnish,Mercedes,5,5,10.0,61,+6.119,1:43.534,Finished
2019,15,Singapore Grand Prix,2019-09-22,Marina Bay Street Circuit,Alexander Albon,Thai,Red Bull,6,6,8.0,61,+11.663,1:45.260,Finished
2019,15,Singapore Grand Prix,2019-09-22,Marina Bay Street Circuit,Lando Norris,British,McLaren,9,7,6.0,61,+14.769,1:45.716,Finished
2019,15,Singapore Grand Prix,2019-09-22,Marina Bay Street Circuit,Pierre Gasly,French,Toro Rosso,11,8,4.0,61,+15.547,1:45.769,Finished
2019,15,Singapore Grand Prix,2019-09-22,Marina Bay Street Circuit,Nico Hülkenberg,German,Renault,8,9,2.0,61,+16.718,1:45.765,Finished
2019,15,Singapore Grand Prix,2019-09-22,Marina Bay Street Circuit,Antonio Giovinazzi,Italian,Alfa Romeo,10,10,1.0,61,+27.855,1:45.630,Finished
2019,15,Singapore Grand Prix,2019-09-22,Marina Bay Street Circuit,Romain Grosjean,French,Haas F1 Team,17,11,0.0,61,+35.436,1:46.274,Finished
2019,15,Singapore Grand Prix,2019-09-22,Marina Bay Street Circuit,Carlos Sainz,Spanish,McLaren,7,12,0.0,61,+35.974,1:45.969,Finished
2019,15,Singapore Grand Prix,2019-09-22,Marina Bay Street Circuit,Lance Stroll,Canadian,Racing Point,16,13,0.0,61,+36.419,1:44.896,Finished
2019,15,Singapore Grand Prix,2019-09-22,Marina Bay Street Circuit,Daniel Ricciardo,Australian,Renault,20,14,0.0,61,+37.660,1:45.915,Finished
2019,15,Singapore Grand Prix,2019-09-22,Marina Bay Street Circuit,Daniil Kvyat,Russian,Toro Rosso,14,15,0.0,61,+38.178,1:44.371,Finished
2019,15,Singapore Grand Prix,2019-09-22,Marina Bay Street Circuit,Robert Kubica,Polish,Williams,19,16,0.0,61,+47.024,1:46.793,Finished
2019,15,Singapore Grand Prix,2019-09-22,Marina Bay Street Circuit,Kevin Magnussen,Danish,Haas F1 Team,13,17,0.0,61,+1:26.522,1:42.301,Finished
2019,15,Singapore Grand Prix,2019-09-22,Marina Bay Street Circuit,Kimi Räikkönen,Finnish,Alfa Romeo,12,18,0.0,49,N/A,1:47.062,Collision
2019,15,Singapore Grand Prix,2019-09-22,Marina Bay Street Circuit,Sergio Pérez,Mexican,Racing Point,15,19,0.0,42,N/A,1:46.683,Engine
2019,15,Singapore Grand Prix,2019-09-22,Marina Bay Street Circuit,George Russell,British,Williams,18,20,0.0,34,N/A,1:48.285,Collision
2019,16,Russian Grand Prix,2019-09-29,Sochi Autodrom,Lewis Hamilton,British,Mercedes,2,1,26.0,53,1:33:38.992,1:35.761,Finished
2019,16,Russian Grand Prix,2019-09-29,Sochi Autodrom,Valtteri Bottas,Finnish,Mercedes,4,2,18.0,53,+3.829,1:36.316,Finished
2019,16,Russian Grand Prix,2019-09-29,Sochi Autodrom,Charles Leclerc,Monegasque,Ferrari,1,3,15.0,53,+5.212,1:36.193,Finished
2019,16,Russian Grand Prix,2019-09-29,Sochi Autodrom,Max Verstappen,Dutch,Red Bull,9,4,12.0,53,+14.210,1:36.937,Finished
2019,16,Russian Grand Prix,2019-09-29,Sochi Autodrom,Alexander Albon,Thai,Red Bull,20,5,10.0,53,+38.348,1:36.762,Finished
2019,16,Russian Grand Prix,2019-09-29,Sochi Autodrom,Carlos Sainz,Spanish,McLaren,5,6,8.0,53,+45.889,1:38.020,Finished
2019,16,Russian Grand Prix,2019-09-29,Sochi Autodrom,Sergio Pérez,Mexican,Racing Point,11,7,6.0,53,+48.728,1:38.043,Finished
2019,16,Russian Grand Prix,2019-09-29,Sochi Autodrom,Lando Norris,British,McLaren,7,8,4.0,53,+57.749,1:38.301,Finished
2019,16,Russian Grand Prix,2019-09-29,Sochi Autodrom,Kevin Magnussen,Danish,Haas F1 Team,13,9,2.0,53,+58.779,1:38.130,Finished
2019,16,Russian Grand Prix,2019-09-29,Sochi Autodrom,Nico Hülkenberg,German,Renault,6,10,1.0,53,+59.841,1:38.519,Finished
2019,16,Russian Grand Prix,2019-09-29,Sochi Autodrom,Lance Stroll,Canadian,Racing Point,14,11,0.0,53,+1:00.821,1:38.611,Finished
2019,16,Russian Grand Prix,2019-09-29,Sochi Autodrom,Daniil Kvyat,Russian,Toro Rosso,19,12,0.0,53,+1:02.496,1:38.228,Finished
2019,16,Russian Grand Prix,2019-09-29,Sochi Autodrom,Kimi Räikkönen,Finnish,Alfa Romeo,15,13,0.0,53,+1:08.910,1:38.589,Finished
2019,16,Russian Grand Prix,2019-09-29,Sochi Autodrom,Pierre Gasly,French,Toro Rosso,16,14,0.0,53,+1:10.076,1:38.606,Finished
2019,16,Russian Grand Prix,2019-09-29,Sochi Autodrom,Antonio Giovinazzi,Italian,Alfa Romeo,12,15,0.0,53,+1:13.346,1:38.696,Finished
2019,16,Russian Grand Prix,2019-09-29,Sochi Autodrom,Robert Kubica,Polish,Williams,18,16,0.0,28,N/A,1:42.327,Brakes
2019,16,Russian Grand Prix,2019-09-29,Sochi Autodrom,George Russell,British,Williams,17,17,0.0,27,N/A,1:41.705,Brakes
2019,16,Russian Grand Prix,2019-09-29,Sochi Autodrom,Sebastian Vettel,German,Ferrari,3,18,0.0,26,N/A,1:38.245,Power loss
2019,16,Russian Grand Prix,2019-09-29,Sochi Autodrom,Daniel Ricciardo,Australian,Renault,10,19,0.0,24,N/A,1:41.284,Collision
2019,16,Russian Grand Prix,2019-09-29,Sochi Autodrom,Romain Grosjean,French,Haas F1 Team,8,20,0.0,0,N/A,N/A,Collision
2019,17,Japanese Grand Prix,2019-10-13,Suzuka Circuit,Valtteri Bottas,Finnish,Mercedes,3,1,25.0,52,1:21:46.755,1:31.862,Finished
2019,17,Japanese Grand Prix,2019-10-13,Suzuka Circuit,Sebastian Vettel,German,Ferrari,1,2,18.0,52,+13.343,1:32.122,Finished
2019,17,Japanese Grand Prix,2019-10-13,Suzuka Circuit,Lewis Hamilton,British,Mercedes,4,3,16.0,52,+13.858,1:30.983,Finished
2019,17,Japanese Grand Prix,2019-10-13,Suzuka Circuit,Alexander Albon,Thai,Red Bull,6,4,12.0,52,+59.537,1:32.775,Finished
2019,17,Japanese Grand Prix,2019-10-13,Suzuka Circuit,Carlos Sainz,Spanish,McLaren,7,5,10.0,52,+1:09.101,1:33.563,Finished
2019,17,Japanese Grand Prix,2019-10-13,Suzuka Circuit,Charles Leclerc,Monegasque,Ferrari,2,6,8.0,51,N/A,1:31.611,+1 Lap
2019,17,Japanese Grand Prix,2019-10-13,Suzuka Circuit,Pierre Gasly,French,Toro Rosso,9,7,6.0,51,N/A,1:35.321,+1 Lap
2019,17,Japanese Grand Prix,2019-10-13,Suzuka Circuit,Sergio Pérez,Mexican,Racing Point,17,8,4.0,51,N/A,1:32.621,+1 Lap
2019,17,Japanese Grand Prix,2019-10-13,Suzuka Circuit,Lance Stroll,Canadian,Racing Point,12,9,2.0,51,N/A,1:34.713,+1 Lap
2019,17,Japanese Grand Prix,2019-10-13,Suzuka Circuit,Daniil Kvyat,Russian,Toro Rosso,14,10,1.0,51,N/A,1:33.239,+1 Lap
2019,17,Japanese Grand Prix,2019-10-13,Suzuka Circuit,Lando Norris,British,McLaren,8,11,0.0,51,N/A,1:34.116,+1 Lap
2019,17,Japanese Grand Prix,2019-10-13,Suzuka Circuit,Kimi Räikkönen,Finnish,Alfa Romeo,13,12,0.0,51,N/A,1:33.190,+1 Lap
2019,17,Japanese Grand Prix,2019-10-13,Suzuka Circuit,Romain Grosjean,French,Haas F1 Team,10,13,0.0,51,N/A,1:34.988,+1 Lap
2019,17,Japanese Grand Prix,2019-10-13,Suzuka Circuit,Antonio Giovinazzi,Italian,Alfa Romeo,11,14,0.0,51,N/A,1:32.369,+1 Lap
2019,17,Japanese Grand Prix,2019-10-13,Suzuka Circuit,Kevin Magnussen,Danish,Haas F1 Team,19,15,0.0,51,N/A,1:31.732,+1 Lap
2019,17,Japanese Grand Prix,2019-10-13,Suzuka Circuit,George Russell,British,Williams,18,16,0.0,50,N/A,1:35.458,+2 Laps
2019,17,Japanese Grand Prix,2019-10-13,Suzuka Circuit,Robert Kubica,Polish,Williams,20,17,0.0,50,N/A,1:36.332,+2 Laps
2019,17,Japanese Grand Prix,2019-10-13,Suzuka Circuit,Max Verstappen,Dutch,Red Bull,5,18,0.0,14,N/A,1:37.249,Brakes
2019,17,Japanese Grand Prix,2019-10-13,Suzuka Circuit,Daniel Ricciardo,Australian,Renault,16,19,0.0,51,N/A,1:33.481,Disqualified
2019,17,Japanese Grand Prix,2019-10-13,Suzuka Circuit,Nico Hülkenberg,German,Renault,15,20,0.0,51,N/A,1:34.921,Disqualified
2019,18,Mexican Grand Prix,2019-10-27,Autódromo Hermanos Rodríguez,Lewis Hamilton,British,Mercedes,3,1,25.0,71,1:36:48.904,1:19.461,Finished
2019,18,Mexican Grand Prix,2019-10-27,Autódromo Hermanos Rodríguez,Sebastian Vettel,German,Ferrari,2,2,18.0,71,+1.766,1:19.381,Finished
2019,18,Mexican Grand Prix,2019-10-27,Autódromo Hermanos Rodríguez,Valtteri Bottas,Finnish,Mercedes,6,3,15.0,71,+3.553,1:19.494,Finished
2019,18,Mexican Grand Prix,2019-10-27,Autódromo Hermanos Rodríguez,Charles Leclerc,Monegasque,Ferrari,1,4,13.0,71,+6.368,1:19.232,Finished
2019,18,Mexican Grand Prix,2019-10-27,Autódromo Hermanos Rodríguez,Alexander Albon,Thai,Red Bull,5,5,10.0,71,+21.399,1:19.325,Finished
2019,18,Mexican Grand Prix,2019-10-27,Autódromo Hermanos Rodríguez,Max Verstappen,Dutch,Red Bull,4,6,8.0,71,+1:08.807,1:20.406,Finished
2019,18,Mexican Grand Prix,2019-10-27,Autódromo Hermanos Rodríguez,Sergio Pérez,Mexican,Racing Point,11,7,6.0,71,+1:13.819,1:20.485,Finished
2019,18,Mexican Grand Prix,2019-10-27,Autódromo Hermanos Rodríguez,Daniel Ricciardo,Australian,Renault,13,8,4.0,71,+1:14.924,1:20.146,Finished
2019,18,Mexican Grand Prix,2019-10-27,Autódromo Hermanos Rodríguez,Pierre Gasly,French,Toro Rosso,10,9,2.0,70,N/A,1:19.530,+1 Lap
2019,18,Mexican Grand Prix,2019-10-27,Autódromo Hermanos Rodríguez,Nico Hülkenberg,German,Renault,12,10,1.0,70,N/A,1:20.791,+1 Lap
2019,18,Mexican Grand Prix,2019-10-27,Autódromo Hermanos Rodríguez,Daniil Kvyat,Russian,Toro Rosso,9,11,0.0,70,N/A,1:19.905,+1 Lap
2019,18,Mexican Grand Prix,2019-10-27,Autódromo Hermanos Rodríguez,Lance Stroll,Canadian,Racing Point,16,12,0.0,70,N/A,1:20.922,+1 Lap
2019,18,Mexican Grand Prix,2019-10-27,Autódromo Hermanos Rodríguez,Carlos Sainz,Spanish,McLaren,7,13,0.0,70,N/A,1:20.311,+1 Lap
2019,18,Mexican Grand Prix,2019-10-27,Autódromo Hermanos Rodríguez,Antonio Giovinazzi,Italian,Alfa Romeo,15,14,0.0,70,N/A,1:21.014,+1 Lap
2019,18,Mexican Grand Prix,2019-10-27,Autódromo Hermanos Rodríguez,Kevin Magnussen,Danish,Haas F1 Team,17,15,0.0,69,N/A,1:21.682,+2 Laps
2019,18,Mexican Grand Prix,2019-10-27,Autódromo Hermanos Rodríguez,George Russell,British,Williams,19,16,0.0,69,N/A,1:21.286,+2 Laps
2019,18,Mexican Grand Prix,2019-10-27,Autódromo Hermanos Rodríguez,Romain Grosjean,French,Haas F1 Team,18,17,0.0,69,N/A,1:21.581,+2 Laps
2019,18,Mexican Grand Prix,2019-10-27,Autódromo Hermanos Rodríguez,Robert Kubica,Polish,Williams,20,18,0.0,69,N/A,1:20.696,+2 Laps
2019,18,Mexican Grand Prix,2019-10-27,Autódromo Hermanos Rodríguez,Kimi Räikkönen,Finnish,Alfa Romeo,14,19,0.0,58,N/A,1:20.082,Overheating
2019,18,Mexican Grand Prix,2019-10-27,Autódromo Hermanos Rodríguez,Lando Norris,British,McLaren,8,20,0.0,48,N/A,1:21.643,Withdrew
2019,19,United States Grand Prix,2019-11-03,Circuit of the Americas,Valtteri Bottas,Finnish,Mercedes,1,1,25.0,56,1:33:55.653,1:36.957,Finished
2019,19,United States Grand Prix,2019-11-03,Circuit of the Americas,Lewis Hamilton,British,Mercedes,5,2,18.0,56,+4.148,1:38.446,Finished
2019,19,United States Grand Prix,2019-11-03,Circuit of the Americas,Max Verstappen,Dutch,Red Bull,3,3,15.0,56,+5.002,1:38.214,Finished
2019,19,United States Grand Prix,2019-11-03,Circuit of the Americas,Charles Leclerc,Monegasque,Ferrari,4,4,13.0,56,+52.239,1:36.169,Finished
2019,19,United States Grand Prix,2019-11-03,Circuit of the Americas,Alexander Albon,Thai,Red Bull,6,5,10.0,56,+1:18.038,1:38.029,Finished
2019,19,United States Grand Prix,2019-11-03,Circuit of the Americas,Daniel Ricciardo,Australian,Renault,9,6,8.0,56,+1:30.366,1:40.564,Finished
2019,19,United States Grand Prix,2019-11-03,Circuit of the Americas,Lando Norris,British,McLaren,8,7,6.0,56,+1:30.764,1:38.074,Finished
2019,19,United States Grand Prix,2019-11-03,Circuit of the Americas,Carlos Sainz,Spanish,McLaren,7,8,4.0,55,N/A,1:40.844,+1 Lap
2019,19,United States Grand Prix,2019-11-03,Circuit of the Americas,Nico Hülkenberg,German,Renault,11,9,2.0,55,N/A,1:38.437,+1 Lap
2019,19,United States Grand Prix,2019-11-03,Circuit of the Americas,Sergio Pérez,Mexican,Racing Point,20,10,1.0,55,N/A,1:40.165,+1 Lap
2019,19,United States Grand Prix,2019-11-03,Circuit of the Americas,Kimi Räikkönen,Finnish,Alfa Romeo,17,11,0.0,55,N/A,1:39.608,+1 Lap
2019,19,United States Grand Prix,2019-11-03,Circuit of the Americas,Daniil Kvyat,Russian,Toro Rosso,13,12,0.0,55,N/A,1:38.969,+1 Lap
2019,19,United States Grand Prix,2019-11-03,Circuit of the Americas,Lance Stroll,Canadian,Racing Point,14,13,0.0,55,N/A,1:40.380,+1 Lap
2019,19,United States Grand Prix,2019-11-03,Circuit of the Americas,Antonio Giovinazzi,Italian,Alfa Romeo,16,14,0.0,55,N/A,1:39.964,+1 Lap
2019,19,United States Grand Prix,2019-11-03,Circuit of the Americas,Romain Grosjean,French,Haas F1 Team,15,15,0.0,55,N/A,1:41.270,+1 Lap
2019,19,United States Grand Prix,2019-11-03,Circuit of the Americas,Pierre Gasly,French,Toro Rosso,10,16,0.0,54,N/A,1:40.850,Suspension
2019,19,United States Grand Prix,2019-11-03,Circuit of the Americas,George Russell,British,Williams,18,17,0.0,54,N/A,1:41.239,+2 Laps
2019,19,United States Grand Prix,2019-11-03,Circuit of the Americas,Kevin Magnussen,Danish,Haas F1 Team,12,18,0.0,52,N/A,1:40.347,Brakes
2019,19,United States Grand Prix,2019-11-03,Circuit of the Americas,Robert Kubica,Polish,Williams,19,19,0.0,31,N/A,1:43.830,Oil leak
2019,19,United States Grand Prix,2019-11-03,Circuit of the Americas,Sebastian Vettel,German,Ferrari,2,20,0.0,7,N/A,1:42.165,Suspension
2019,20,Brazilian Grand Prix,2019-11-17,Autódromo José Carlos Pace,Max Verstappen,Dutch,Red Bull,1,1,25.0,71,1:33:14.678,1:10.862,Finished
2019,20,Brazilian Grand Prix,2019-11-17,Autódromo José Carlos Pace,Pierre Gasly,French,Toro Rosso,6,2,18.0,71,+6.077,1:12.425,Finished
2019,20,Brazilian Grand Prix,2019-11-17,Autódromo José Carlos Pace,Carlos Sainz,Spanish,McLaren,20,3,15.0,71,+8.896,1:13.158,Finished
2019,20,Brazilian Grand Prix,2019-11-17,Autódromo José Carlos Pace,Kimi Räikkönen,Finnish,Alfa Romeo,8,4,12.0,71,+9.452,1:13.135,Finished
2019,20,Brazilian Grand Prix,2019-11-17,Autódromo José Carlos Pace,Antonio Giovinazzi,Italian,Alfa Romeo,12,5,10.0,71,+10.201,1:13.020,Finished
2019,20,Brazilian Grand Prix,2019-11-17,Autódromo José Carlos Pace,Daniel Ricciardo,Australian,Renault,11,6,8.0,71,+10.541,1:12.733,Finished
2019,20,Brazilian Grand Prix,2019-11-17,Autódromo José Carlos Pace,Lewis Hamilton,British,Mercedes,3,7,6.0,71,+11.139,1:11.082,Finished
2019,20,Brazilian Grand Prix,2019-11-17,Autódromo José Carlos Pace,Lando Norris,British,McLaren,10,8,4.0,71,+11.204,1:12.328,Finished
2019,20,Brazilian Grand Prix,2019-11-17,Autódromo José Carlos Pace,Sergio Pérez,Mexican,Racing Point,15,9,2.0,71,+11.529,1:12.840,Finished
2019,20,Brazilian Grand Prix,2019-11-17,Autódromo José Carlos Pace,Daniil Kvyat,Russian,Toro Rosso,16,10,1.0,71,+11.931,1:12.385,Finished
2019,20,Brazilian Grand Prix,2019-11-17,Autódromo José Carlos Pace,Kevin Magnussen,Danish,Haas F1 Team,9,11,0.0,71,+12.732,1:13.262,Finished
2019,20,Brazilian Grand Prix,2019-11-17,Autódromo José Carlos Pace,George Russell,British,Williams,18,12,0.0,71,+13.599,1:13.752,Finished
2019,20,Brazilian Grand Prix,2019-11-17,Autódromo José Carlos Pace,Romain Grosjean,French,Haas F1 Team,7,13,0.0,71,+14.247,1:13.619,Finished
2019,20,Brazilian Grand Prix,2019-11-17,Autódromo José Carlos Pace,Alexander Albon,Thai,Red Bull,5,14,0.0,71,+14.927,1:11.087,Finished
2019,20,Brazilian Grand Prix,2019-11-17,Autódromo José Carlos Pace,Nico Hülkenberg,German,Renault,13,15,0.0,71,+18.059,1:12.934,Finished
2019,20,Brazilian Grand Prix,2019-11-17,Autódromo José Carlos Pace,Robert Kubica,Polish,Williams,19,16,0.0,70,N/A,1:14.553,+1 Lap
2019,20,Brazilian Grand Prix,2019-11-17,Autódromo José Carlos Pace,Sebastian Vettel,German,Ferrari,2,17,0.0,65,N/A,1:11.384,Collision
2019,20,Brazilian Grand Prix,2019-11-17,Autódromo José Carlos Pace,Charles Leclerc,Monegasque,Ferrari,14,18,0.0,65,N/A,1:11.423,Collision
2019,20,Brazilian Grand Prix,2019-11-17,Autódromo José Carlos Pace,Lance Stroll,Canadian,Racing Point,17,19,0.0,65,N/A,1:12.603,Suspension
2019,20,Brazilian Grand Prix,2019-11-17,Autódromo José Carlos Pace,Valtteri Bottas,Finnish,Mercedes,4,20,0.0,51,N/A,1:10.698,Power Unit
2019,21,Abu Dhabi Grand Prix,2019-12-01,Yas Marina Circuit,Lewis Hamilton,British,Mercedes,1,1,26.0,55,1:34:05.715,1:39.283,Finished
2019,21,Abu Dhabi Grand Prix,2019-12-01,Yas Marina Circuit,Max Verstappen,Dutch,Red Bull,2,2,18.0,55,+16.772,1:41.119,Finished
2019,21,Abu Dhabi Grand Prix,2019-12-01,Yas Marina Circuit,Charles Leclerc,Monegasque,Ferrari,3,3,15.0,55,+43.435,1:40.442,Finished
2019,21,Abu Dhabi Grand Prix,2019-12-01,Yas Marina Circuit,Valtteri Bottas,Finnish,Mercedes,20,4,12.0,55,+44.379,1:39.715,Finished
2019,21,Abu Dhabi Grand Prix,2019-12-01,Yas Marina Circuit,Sebastian Vettel,German,Ferrari,4,5,10.0,55,+1:04.357,1:40.128,Finished
2019,21,Abu Dhabi Grand Prix,2019-12-01,Yas Marina Circuit,Alexander Albon,Thai,Red Bull,5,6,8.0,55,+1:09.205,1:42.219,Finished
2019,21,Abu Dhabi Grand Prix,2019-12-01,Yas Marina Circuit,Sergio Pérez,Mexican,Racing Point,10,7,6.0,54,N/A,1:42.639,+1 Lap
2019,21,Abu Dhabi Grand Prix,2019-12-01,Yas Marina Circuit,Lando Norris,British,McLaren,6,8,4.0,54,N/A,1:43.026,+1 Lap
2019,21,Abu Dhabi Grand Prix,2019-12-01,Yas Marina Circuit,Daniil Kvyat,Russian,Toro Rosso,13,9,2.0,54,N/A,1:42.222,+1 Lap
2019,21,Abu Dhabi Grand Prix,2019-12-01,Yas Marina Circuit,Carlos Sainz,Spanish,McLaren,8,10,1.0,54,N/A,1:41.294,+1 Lap
2019,21,Abu Dhabi Grand Prix,2019-12-01,Yas Marina Circuit,Daniel Ricciardo,Australian,Renault,7,11,0.0,54,N/A,1:41.190,+1 Lap
2019,21,Abu Dhabi Grand Prix,2019-12-01,Yas Marina Circuit,Nico Hülkenberg,German,Renault,9,12,0.0,54,N/A,1:43.274,+1 Lap
2019,21,Abu Dhabi Grand Prix,2019-12-01,Yas Marina Circuit,Kimi Räikkönen,Finnish,Alfa Romeo,17,13,0.0,54,N/A,1:43.142,+1 Lap
2019,21,Abu Dhabi Grand Prix,2019-12-01,Yas Marina Circuit,Kevin Magnussen,Danish,Haas F1 Team,14,14,0.0,54,N/A,1:43.790,+1 Lap
2019,21,Abu Dhabi Grand Prix,2019-12-01,Yas Marina Circuit,Romain Grosjean,French,Haas F1 Team,15,15,0.0,54,N/A,1:43.666,+1 Lap
2019,21,Abu Dhabi Grand Prix,2019-12-01,Yas Marina Circuit,Antonio Giovinazzi,Italian,Alfa Romeo,16,16,0.0,54,N/A,1:43.256,+1 Lap
2019,21,Abu Dhabi Grand Prix,2019-12-01,Yas Marina Circuit,George Russell,British,Williams,18,17,0.0,54,N/A,1:43.074,+1 Lap
2019,21,Abu Dhabi Grand Prix,2019-12-01,Yas Marina Circuit,Pierre Gasly,French,Toro Rosso,11,18,0.0,53,N/A,1:42.414,+2 Laps
2019,21,Abu Dhabi Grand Prix,2019-12-01,Yas Marina Circuit,Robert Kubica,Polish,Williams,19,19,0.0,53,N/A,1:44.500,+2 Laps
2019,21,Abu Dhabi Grand Prix,2019-12-01,Yas Marina Circuit,Lance Stroll,Canadian,Racing Point,12,20,0.0,45,N/A,1:43.326,Brakes
2020,1,Austrian Grand Prix,2020-07-05,Red Bull Ring,Valtteri Bottas,Finnish,Mercedes,1,1,25.0,71,1:30:55.739,1:07.657,Finished
2020,1,Austrian Grand Prix,2020-07-05,Red Bull Ring,Charles Leclerc,Monegasque,Ferrari,7,2,18.0,71,+2.700,1:07.901,Finished
2020,1,Austrian Grand Prix,2020-07-05,Red Bull Ring,Lando Norris,British,McLaren,3,3,16.0,71,+5.491,1:07.475,Finished
2020,1,Austrian Grand Prix,2020-07-05,Red Bull Ring,Lewis Hamilton,British,Mercedes,5,4,12.0,71,+5.689,1:07.712,Finished
2020,1,Austrian Grand Prix,2020-07-05,Red Bull Ring,Carlos Sainz,Spanish,McLaren,8,5,10.0,71,+8.903,1:07.974,Finished
2020,1,Austrian Grand Prix,2020-07-05,Red Bull Ring,Sergio Pérez,Mexican,Racing Point,6,6,8.0,71,+15.092,1:08.305,Finished
2020,1,Austrian Grand Prix,2020-07-05,Red Bull Ring,Pierre Gasly,French,AlphaTauri,12,7,6.0,71,+16.682,1:09.025,Finished
2020,1,Austrian Grand Prix,2020-07-05,Red Bull Ring,Esteban Ocon,French,Renault,14,8,4.0,71,+17.456,1:08.932,Finished
2020,1,Austrian Grand Prix,2020-07-05,Red Bull Ring,Antonio Giovinazzi,Italian,Alfa Romeo,18,9,2.0,71,+21.146,1:08.796,Finished
2020,1,Austrian Grand Prix,2020-07-05,Red Bull Ring,Sebastian Vettel,German,Ferrari,11,10,1.0,71,+24.545,1:08.623,Finished
2020,1,Austrian Grand Prix,2020-07-05,Red Bull Ring,Nicholas Latifi,Canadian,Williams,20,11,0.0,71,+31.650,1:09.662,Finished
2020,1,Austrian Grand Prix,2020-07-05,Red Bull Ring,Daniil Kvyat,Russian,AlphaTauri,13,12,0.0,69,N/A,1:09.135,Suspension
2020,1,Austrian Grand Prix,2020-07-05,Red Bull Ring,Alexander Albon,Thai,Red Bull,4,13,0.0,67,N/A,1:08.432,Electronics
2020,1,Austrian Grand Prix,2020-07-05,Red Bull Ring,Kimi Räikkönen,Finnish,Alfa Romeo,19,14,0.0,53,N/A,1:09.031,Wheel
2020,1,Austrian Grand Prix,2020-07-05,Red Bull Ring,George Russell,British,Williams,17,15,0.0,49,N/A,1:09.317,Fuel pressure
2020,1,Austrian Grand Prix,2020-07-05,Red Bull Ring,Romain Grosjean,French,Haas F1 Team,15,16,0.0,49,N/A,1:10.228,Brakes
2020,1,Austrian Grand Prix,2020-07-05,Red Bull Ring,Kevin Magnussen,Danish,Haas F1 Team,16,17,0.0,24,N/A,1:10.720,Brakes
2020,1,Austrian Grand Prix,2020-07-05,Red Bull Ring,Lance Stroll,Canadian,Racing Point,9,18,0.0,20,N/A,1:10.326,Engine
2020,1,Austrian Grand Prix,2020-07-05,Red Bull Ring,Daniel Ricciardo,Australian,Renault,10,19,0.0,17,N/A,1:10.610,Overheating
2020,1,Austrian Grand Prix,2020-07-05,Red Bull Ring,Max Verstappen,Dutch,Red Bull,2,20,0.0,11,N/A,1:09.351,Electronics
2020,2,Styrian Grand Prix,2020-07-12,Red Bull Ring,Lewis Hamilton,British,Mercedes,1,1,25.0,71,1:22:50.683,1:06.719,Finished
2020,2,Styrian Grand Prix,2020-07-12,Red Bull Ring,Valtteri Bottas,Finnish,Mercedes,4,2,18.0,71,+13.719,1:07.534,Finished
2020,2,Styrian Grand Prix,2020-07-12,Red Bull Ring,Max Verstappen,Dutch,Red Bull,2,3,15.0,71,+33.698,1:06.145,Finished
2020,2,Styrian Grand Prix,2020-07-12,Red Bull Ring,Alexander Albon,Thai,Red Bull,6,4,12.0,71,+44.400,1:07.299,Finished
2020,2,Styrian Grand Prix,2020-07-12,Red Bull Ring,Lando Norris,British,McLaren,9,5,10.0,71,+1:01.470,1:07.193,Finished
2020,2,Styrian Grand Prix,2020-07-12,Red Bull Ring,Sergio Pérez,Mexican,Racing Point,17,6,8.0,71,+1:02.387,1:07.188,Finished
2020,2,Styrian Grand Prix,2020-07-12,Red Bull Ring,Lance Stroll,Canadian,Racing Point,12,7,6.0,71,+1:02.453,1:07.833,Finished
2020,2,Styrian Grand Prix,2020-07-12,Red Bull Ring,Daniel Ricciardo,Australian,Renault,8,8,4.0,71,+1:02.591,1:07.832,Finished
2020,2,Styrian Grand Prix,2020-07-12,Red Bull Ring,Carlos Sainz,Spanish,McLaren,3,9,3.0,70,N/A,1:05.619,+1 Lap
2020,2,Styrian Grand Prix,2020-07-12,Red Bull Ring,Daniil Kvyat,Russian,AlphaTauri,13,10,1.0,70,N/A,1:08.378,+1 Lap
2020,2,Styrian Grand Prix,2020-07-12,Red Bull Ring,Kimi Räikkönen,Finnish,Alfa Romeo,16,11,0.0,70,N/A,1:08.382,+1 Lap
2020,2,Styrian Grand Prix,2020-07-12,Red Bull Ring,Kevin Magnussen,Danish,Haas F1 Team,15,12,0.0,70,N/A,1:08.009,+1 Lap
2020,2,Styrian Grand Prix,2020-07-12,Red Bull Ring,Romain Grosjean,French,Haas F1 Team,20,13,0.0,70,N/A,1:08.047,+1 Lap
2020,2,Styrian Grand Prix,2020-07-12,Red Bull Ring,Antonio Giovinazzi,Italian,Alfa Romeo,19,14,0.0,70,N/A,1:08.512,+1 Lap
2020,2,Styrian Grand Prix,2020-07-12,Red Bull Ring,Pierre Gasly,French,AlphaTauri,7,15,0.0,70,N/A,1:07.827,+1 Lap
2020,2,Styrian Grand Prix,2020-07-12,Red Bull Ring,George Russell,British,Williams,11,16,0.0,69,N/A,1:08.601,+2 Laps
2020,2,Styrian Grand Prix,2020-07-12,Red Bull Ring,Nicholas Latifi,Canadian,Williams,18,17,0.0,69,N/A,1:08.806,+2 Laps
2020,2,Styrian Grand Prix,2020-07-12,Red Bull Ring,Esteban Ocon,French,Renault,5,18,0.0,25,N/A,1:09.321,Overheating
2020,2,Styrian Grand Prix,2020-07-12,Red Bull Ring,Charles Leclerc,Monegasque,Ferrari,14,19,0.0,4,N/A,1:35.379,Collision damage
2020,2,Styrian Grand Prix,2020-07-12,Red Bull Ring,Sebastian Vettel,German,Ferrari,10,20,0.0,1,N/A,N/A,Collision damage
2020,3,Hungarian Grand Prix,2020-07-19,Hungaroring,Lewis Hamilton,British,Mercedes,1,1,26.0,70,1:36:12.473,1:16.627,Finished
2020,3,Hungarian Grand Prix,2020-07-19,Hungaroring,Max Verstappen,Dutch,Red Bull,7,2,18.0,70,+8.702,1:19.184,Finished
2020,3,Hungarian Grand Prix,2020-07-19,Hungaroring,Valtteri Bottas,Finnish,Mercedes,2,3,15.0,70,+9.452,1:17.665,Finished
2020,3,Hungarian Grand Prix,2020-07-19,Hungaroring,Lance Stroll,Canadian,Racing Point,3,4,12.0,70,+57.579,1:18.973,Finished
2020,3,Hungarian Grand Prix,2020-07-19,Hungaroring,Alexander Albon,Thai,Red Bull,13,5,10.0,70,+1:18.316,1:19.440,Finished
2020,3,Hungarian Grand Prix,2020-07-19,Hungaroring,Sebastian Vettel,German,Ferrari,5,6,8.0,69,N/A,1:20.363,+1 Lap
2020,3,Hungarian Grand Prix,2020-07-19,Hungaroring,Sergio Pérez,Mexican,Racing Point,4,7,6.0,69,N/A,1:20.090,+1 Lap
2020,3,Hungarian Grand Prix,2020-07-19,Hungaroring,Daniel Ricciardo,Australian,Renault,11,8,4.0,69,N/A,1:19.532,+1 Lap
2020,3,Hungarian Grand Prix,2020-07-19,Hungaroring,Carlos Sainz,Spanish,McLaren,9,9,2.0,69,N/A,1:20.477,+1 Lap
2020,3,Hungarian Grand Prix,2020-07-19,Hungaroring,Kevin Magnussen,Danish,Haas F1 Team,20,10,1.0,69,N/A,1:19.457,+1 Lap
2020,3,Hungarian Grand Prix,2020-07-19,Hungaroring,Charles Leclerc,Monegasque,Ferrari,6,11,0.0,69,N/A,1:20.821,+1 Lap
2020,3,Hungarian Grand Prix,2020-07-19,Hungaroring,Daniil Kvyat,Russian,AlphaTauri,17,12,0.0,69,N/A,1:20.946,+1 Lap
2020,3,Hungarian Grand Prix,2020-07-19,Hungaroring,Lando Norris,British,McLaren,8,13,0.0,69,N/A,1:19.945,+1 Lap
2020,3,Hungarian Grand Prix,2020-07-19,Hungaroring,Esteban Ocon,French,Renault,14,14,0.0,69,N/A,1:20.261,+1 Lap
2020,3,Hungarian Grand Prix,2020-07-19,Hungaroring,Kimi Räikkönen,Finnish,Alfa Romeo,20,15,0.0,69,N/A,1:20.889,+1 Lap
2020,3,Hungarian Grand Prix,2020-07-19,Hungaroring,Romain Grosjean,French,Haas F1 Team,20,16,0.0,69,N/A,1:20.232,+1 Lap
2020,3,Hungarian Grand Prix,2020-07-19,Hungaroring,Antonio Giovinazzi,Italian,Alfa Romeo,19,17,0.0,69,N/A,1:20.096,+1 Lap
2020,3,Hungarian Grand Prix,2020-07-19,Hungaroring,George Russell,British,Williams,12,18,0.0,69,N/A,1:19.984,+1 Lap
2020,3,Hungarian Grand Prix,2020-07-19,Hungaroring,Nicholas Latifi,Canadian,Williams,15,19,0.0,65,N/A,1:21.198,+5 Laps
2020,3,Hungarian Grand Prix,2020-07-19,Hungaroring,Pierre Gasly,French,AlphaTauri,10,20,0.0,15,N/A,1:23.939,Engine
2020,4,British Grand Prix,2020-08-02,Silverstone Circuit,Lewis Hamilton,British,Mercedes,1,1,25.0,52,1:28:01.283,1:29.238,Finished
2020,4,British Grand Prix,2020-08-02,Silverstone Circuit,Max Verstappen,Dutch,Red Bull,3,2,19.0,52,+5.856,1:27.097,Finished
2020,4,British Grand Prix,2020-08-02,Silverstone Circuit,Charles Leclerc,Monegasque,Ferrari,4,3,15.0,52,+18.474,1:29.813,Finished
2020,4,British Grand Prix,2020-08-02,Silverstone Circuit,Daniel Ricciardo,Australian,Renault,8,4,12.0,52,+19.650,1:29.482,Finished
2020,4,British Grand Prix,2020-08-02,Silverstone Circuit,Lando Norris,British,McLaren,5,5,10.0,52,+22.277,1:30.058,Finished
2020,4,British Grand Prix,2020-08-02,Silverstone Circuit,Esteban Ocon,French,Renault,9,6,8.0,52,+26.937,1:29.491,Finished
2020,4,British Grand Prix,2020-08-02,Silverstone Circuit,Pierre Gasly,French,AlphaTauri,11,7,6.0,52,+31.188,1:29.603,Finished
2020,4,British Grand Prix,2020-08-02,Silverstone Circuit,Alexander Albon,Thai,Red Bull,12,8,4.0,52,+32.670,1:28.689,Finished
2020,4,British Grand Prix,2020-08-02,Silverstone Circuit,Lance Stroll,Canadian,Racing Point,6,9,2.0,52,+37.311,1:30.475,Finished
2020,4,British Grand Prix,2020-08-02,Silverstone Circuit,Sebastian Vettel,German,Ferrari,10,10,1.0,52,+41.857,1:30.537,Finished
2020,4,British Grand Prix,2020-08-02,Silverstone Circuit,Valtteri Bottas,Finnish,Mercedes,2,11,0.0,52,+42.167,1:29.265,Finished
2020,4,British Grand Prix,2020-08-02,Silverstone Circuit,George Russell,British,Williams,20,12,0.0,52,+52.004,1:30.862,Finished
2020,4,British Grand Prix,2020-08-02,Silverstone Circuit,Carlos Sainz,Spanish,McLaren,7,13,0.0,52,+53.370,1:29.948,Finished
2020,4,British Grand Prix,2020-08-02,Silverstone Circuit,Antonio Giovinazzi,Italian,Alfa Romeo,15,14,0.0,52,+54.205,1:30.977,Finished
2020,4,British Grand Prix,2020-08-02,Silverstone Circuit,Nicholas Latifi,Canadian,Williams,18,15,0.0,52,+54.549,1:30.501,Finished
2020,4,British Grand Prix,2020-08-02,Silverstone Circuit,Romain Grosjean,French,Haas F1 Team,17,16,0.0,52,+55.050,1:29.782,Finished
2020,4,British Grand Prix,2020-08-02,Silverstone Circuit,Kimi Räikkönen,Finnish,Alfa Romeo,16,17,0.0,51,N/A,1:29.973,+1 Lap
2020,4,British Grand Prix,2020-08-02,Silverstone Circuit,Daniil Kvyat,Russian,AlphaTauri,19,18,0.0,11,N/A,1:32.443,Accident
2020,4,British Grand Prix,2020-08-02,Silverstone Circuit,Kevin Magnussen,Danish,Haas F1 Team,14,19,0.0,1,N/A,N/A,Collision
2020,4,British Grand Prix,2020-08-02,Silverstone Circuit,Nico Hülkenberg,German,Racing Point,13,20,0.0,0,N/A,N/A,Power Unit
2020,5,70th Anniversary Grand Prix,2020-08-09,Silverstone Circuit,Max Verstappen,Dutch,Red Bull,4,1,25.0,52,1:19:41.993,1:29.465,Finished
2020,5,70th Anniversary Grand Prix,2020-08-09,Silverstone Circuit,Lewis Hamilton,British,Mercedes,2,2,19.0,52,+11.326,1:28.451,Finished
2020,5,70th Anniversary Grand Prix,2020-08-09,Silverstone Circuit,Valtteri Bottas,Finnish,Mercedes,1,3,15.0,52,+19.231,1:29.765,Finished
2020,5,70th Anniversary Grand Prix,2020-08-09,Silverstone Circuit,Charles Leclerc,Monegasque,Ferrari,8,4,12.0,52,+29.289,1:30.552,Finished
2020,5,70th Anniversary Grand Prix,2020-08-09,Silverstone Circuit,Alexander Albon,Thai,Red Bull,9,5,10.0,52,+39.146,1:29.477,Finished
2020,5,70th Anniversary Grand Prix,2020-08-09,Silverstone Circuit,Lance Stroll,Canadian,Racing Point,6,6,8.0,52,+42.538,1:30.877,Finished
2020,5,70th Anniversary Grand Prix,2020-08-09,Silverstone Circuit,Nico Hülkenberg,German,Racing Point,3,7,6.0,52,+55.951,1:30.087,Finished
2020,5,70th Anniversary Grand Prix,2020-08-09,Silverstone Circuit,Esteban Ocon,French,Renault,14,8,4.0,52,+1:04.773,1:30.575,Finished
2020,5,70th Anniversary Grand Prix,2020-08-09,Silverstone Circuit,Lando Norris,British,McLaren,10,9,2.0,52,+1:05.544,1:30.698,Finished
2020,5,70th Anniversary Grand Prix,2020-08-09,Silverstone Circuit,Daniil Kvyat,Russian,AlphaTauri,16,10,1.0,52,+1:09.669,1:30.738,Finished
2020,5,70th Anniversary Grand Prix,2020-08-09,Silverstone Circuit,Pierre Gasly,French,AlphaTauri,7,11,0.0,52,+1:10.642,1:30.092,Finished
2020,5,70th Anniversary Grand Prix,2020-08-09,Silverstone Circuit,Sebastian Vettel,German,Ferrari,11,12,0.0,52,+1:13.370,1:30.785,Finished
2020,5,70th Anniversary Grand Prix,2020-08-09,Silverstone Circuit,Carlos Sainz,Spanish,McLaren,12,13,0.0,52,+1:14.070,1:30.556,Finished
2020,5,70th Anniversary Grand Prix,2020-08-09,Silverstone Circuit,Daniel Ricciardo,Australian,Renault,5,14,0.0,51,N/A,1:31.168,+1 Lap
2020,5,70th Anniversary Grand Prix,2020-08-09,Silverstone Circuit,Kimi Räikkönen,Finnish,Alfa Romeo,20,15,0.0,51,N/A,1:31.756,+1 Lap
2020,5,70th Anniversary Grand Prix,2020-08-09,Silverstone Circuit,Romain Grosjean,French,Haas F1 Team,13,16,0.0,51,N/A,1:30.793,+1 Lap
2020,5,70th Anniversary Grand Prix,2020-08-09,Silverstone Circuit,Antonio Giovinazzi,Italian,Alfa Romeo,19,17,0.0,51,N/A,1:31.826,+1 Lap
2020,5,70th Anniversary Grand Prix,2020-08-09,Silverstone Circuit,George Russell,British,Williams,15,18,0.0,51,N/A,1:31.408,+1 Lap
2020,5,70th Anniversary Grand Prix,2020-08-09,Silverstone Circuit,Nicholas Latifi,Canadian,Williams,18,19,0.0,51,N/A,1:29.950,+1 Lap
2020,5,70th Anniversary Grand Prix,2020-08-09,Silverstone Circuit,Kevin Magnussen,Danish,Haas F1 Team,17,20,0.0,43,N/A,1:31.830,Retired
2020,6,Spanish Grand Prix,2020-08-16,Circuit de Barcelona-Catalunya,Lewis Hamilton,British,Mercedes,1,1,25.0,66,1:31:45.279,1:19.822,Finished
2020,6,Spanish Grand Prix,2020-08-16,Circuit de Barcelona-Catalunya,Max Verstappen,Dutch,Red Bull,3,2,18.0,66,+24.177,1:21.477,Finished
2020,6,Spanish Grand Prix,2020-08-16,Circuit de Barcelona-Catalunya,Valtteri Bottas,Finnish,Mercedes,2,3,16.0,66,+44.752,1:18.183,Finished
2020,6,Spanish Grand Prix,2020-08-16,Circuit de Barcelona-Catalunya,Lance Stroll,Canadian,Racing Point,5,4,12.0,65,N/A,1:22.024,+1 Lap
2020,6,Spanish Grand Prix,2020-08-16,Circuit de Barcelona-Catalunya,Sergio Pérez,Mexican,Racing Point,4,5,10.0,65,N/A,1:22.515,+1 Lap
2020,6,Spanish Grand Prix,2020-08-16,Circuit de Barcelona-Catalunya,Carlos Sainz,Spanish,McLaren,7,6,8.0,65,N/A,1:21.771,+1 Lap
2020,6,Spanish Grand Prix,2020-08-16,Circuit de Barcelona-Catalunya,Sebastian Vettel,German,Ferrari,11,7,6.0,65,N/A,1:22.707,+1 Lap
2020,6,Spanish Grand Prix,2020-08-16,Circuit de Barcelona-Catalunya,Alexander Albon,Thai,Red Bull,6,8,4.0,65,N/A,1:22.194,+1 Lap
2020,6,Spanish Grand Prix,2020-08-16,Circuit de Barcelona-Catalunya,Pierre Gasly,French,AlphaTauri,10,9,2.0,65,N/A,1:22.543,+1 Lap
2020,6,Spanish Grand Prix,2020-08-16,Circuit de Barcelona-Catalunya,Lando Norris,British,McLaren,8,10,1.0,65,N/A,1:22.392,+1 Lap
2020,6,Spanish Grand Prix,2020-08-16,Circuit de Barcelona-Catalunya,Daniel Ricciardo,Australian,Renault,13,11,0.0,65,N/A,1:22.464,+1 Lap
2020,6,Spanish Grand Prix,2020-08-16,Circuit de Barcelona-Catalunya,Daniil Kvyat,Russian,AlphaTauri,12,12,0.0,65,N/A,1:22.336,+1 Lap
2020,6,Spanish Grand Prix,2020-08-16,Circuit de Barcelona-Catalunya,Esteban Ocon,French,Renault,15,13,0.0,65,N/A,1:22.174,+1 Lap
2020,6,Spanish Grand Prix,2020-08-16,Circuit de Barcelona-Catalunya,Kimi Räikkönen,Finnish,Alfa Romeo,14,14,0.0,65,N/A,1:21.888,+1 Lap
2020,6,Spanish Grand Prix,2020-08-16,Circuit de Barcelona-Catalunya,Kevin Magnussen,Danish,Haas F1 Team,16,15,0.0,65,N/A,1:23.474,+1 Lap
2020,6,Spanish Grand Prix,2020-08-16,Circuit de Barcelona-Catalunya,Antonio Giovinazzi,Italian,Alfa Romeo,20,16,0.0,65,N/A,1:21.801,+1 Lap
2020,6,Spanish Grand Prix,2020-08-16,Circuit de Barcelona-Catalunya,George Russell,British,Williams,18,17,0.0,65,N/A,1:22.503,+1 Lap
2020,6,Spanish Grand Prix,2020-08-16,Circuit de Barcelona-Catalunya,Nicholas Latifi,Canadian,Williams,19,18,0.0,64,N/A,1:22.030,+2 Laps
2020,6,Spanish Grand Prix,2020-08-16,Circuit de Barcelona-Catalunya,Romain Grosjean,French,Haas F1 Team,17,19,0.0,64,N/A,1:20.409,+2 Laps
2020,6,Spanish Grand Prix,2020-08-16,Circuit de Barcelona-Catalunya,Charles Leclerc,Monegasque,Ferrari,9,20,0.0,38,N/A,1:23.968,Electronics
2020,7,Belgian Grand Prix,2020-08-30,Circuit de Spa-Francorchamps,Lewis Hamilton,British,Mercedes,1,1,25.0,44,1:24:08.761,1:47.758,Finished
2020,7,Belgian Grand Prix,2020-08-30,Circuit de Spa-Francorchamps,Valtteri Bottas,Finnish,Mercedes,2,2,18.0,44,+8.448,1:47.983,Finished
2020,7,Belgian Grand Prix,2020-08-30,Circuit de Spa-Francorchamps,Max Verstappen,Dutch,Red Bull,3,3,15.0,44,+15.455,1:48.305,Finished
2020,7,Belgian Grand Prix,2020-08-30,Circuit de Spa-Francorchamps,Daniel Ricciardo,Australian,Renault,4,4,13.0,44,+18.877,1:47.483,Finished
2020,7,Belgian Grand Prix,2020-08-30,Circuit de Spa-Francorchamps,Esteban Ocon,French,Renault,6,5,10.0,44,+40.650,1:48.540,Finished
2020,7,Belgian Grand Prix,2020-08-30,Circuit de Spa-Francorchamps,Alexander Albon,Thai,Red Bull,5,6,8.0,44,+42.712,1:48.736,Finished
2020,7,Belgian Grand Prix,2020-08-30,Circuit de Spa-Francorchamps,Lando Norris,British,McLaren,10,7,6.0,44,+43.774,1:48.552,Finished
2020,7,Belgian Grand Prix,2020-08-30,Circuit de Spa-Francorchamps,Pierre Gasly,French,AlphaTauri,12,8,4.0,44,+47.371,1:47.839,Finished
2020,7,Belgian Grand Prix,2020-08-30,Circuit de Spa-Francorchamps,Lance Stroll,Canadian,Racing Point,9,9,2.0,44,+52.603,1:49.136,Finished
2020,7,Belgian Grand Prix,2020-08-30,Circuit de Spa-Francorchamps,Sergio Pérez,Mexican,Racing Point,8,10,1.0,44,+53.179,1:48.389,Finished
2020,7,Belgian Grand Prix,2020-08-30,Circuit de Spa-Francorchamps,Daniil Kvyat,Russian,AlphaTauri,11,11,0.0,44,+1:10.200,1:49.832,Finished
2020,7,Belgian Grand Prix,2020-08-30,Circuit de Spa-Francorchamps,Kimi Räikkönen,Finnish,Alfa Romeo,16,12,0.0,44,+1:11.504,1:49.822,Finished
2020,7,Belgian Grand Prix,2020-08-30,Circuit de Spa-Francorchamps,Sebastian Vettel,German,Ferrari,14,13,0.0,44,+1:12.894,1:49.958,Finished
2020,7,Belgian Grand Prix,2020-08-30,Circuit de Spa-Francorchamps,Charles Leclerc,Monegasque,Ferrari,13,14,0.0,44,+1:14.920,1:47.840,Finished
2020,7,Belgian Grand Prix,2020-08-30,Circuit de Spa-Francorchamps,Romain Grosjean,French,Haas F1 Team,17,15,0.0,44,+1:16.793,1:50.018,Finished
2020,7,Belgian Grand Prix,2020-08-30,Circuit de Spa-Francorchamps,Nicholas Latifi,Canadian,Williams,19,16,0.0,44,+1:17.795,1:48.048,Finished
2020,7,Belgian Grand Prix,2020-08-30,Circuit de Spa-Francorchamps,Kevin Magnussen,Danish,Haas F1 Team,20,17,0.0,44,+1:25.540,1:48.083,Finished
2020,7,Belgian Grand Prix,2020-08-30,Circuit de Spa-Francorchamps,Antonio Giovinazzi,Italian,Alfa Romeo,18,18,0.0,9,N/A,1:51.793,Accident
2020,7,Belgian Grand Prix,2020-08-30,Circuit de Spa-Francorchamps,George Russell,British,Williams,15,19,0.0,9,N/A,1:51.754,Debris
2020,7,Belgian Grand Prix,2020-08-30,Circuit de Spa-Francorchamps,Carlos Sainz,Spanish,McLaren,7,20,0.0,0,N/A,N/A,Exhaust
2020,8,Italian Grand Prix,2020-09-06,Autodromo Nazionale di Monza,Pierre Gasly,French,AlphaTauri,10,1,25.0,53,1:47:06.056,1:24.037,Finished
2020,8,Italian Grand Prix,2020-09-06,Autodromo Nazionale di Monza,Carlos Sainz,Spanish,McLaren,3,2,18.0,53,+0.415,1:23.882,Finished
2020,8,Italian Grand Prix,2020-09-06,Autodromo Nazionale di Monza,Lance Stroll,Canadian,Racing Point,8,3,15.0,53,+3.358,1:23.897,Finished
2020,8,Italian Grand Prix,2020-09-06,Autodromo Nazionale di Monza,Lando Norris,British,McLaren,6,4,12.0,53,+6.000,1:24.232,Finished
2020,8,Italian Grand Prix,2020-09-06,Autodromo Nazionale di Monza,Valtteri Bottas,Finnish,Mercedes,2,5,10.0,53,+7.108,1:23.961,Finished
2020,8,Italian Grand Prix,2020-09-06,Autodromo Nazionale di Monza,Daniel Ricciardo,Australian,Renault,7,6,8.0,53,+8.391,1:23.898,Finished
2020,8,Italian Grand Prix,2020-09-06,Autodromo Nazionale di Monza,Lewis Hamilton,British,Mercedes,1,7,7.0,53,+17.245,1:22.746,Finished
2020,8,Italian Grand Prix,2020-09-06,Autodromo Nazionale di Monza,Esteban Ocon,French,Renault,12,8,4.0,53,+18.691,1:24.490,Finished
2020,8,Italian Grand Prix,2020-09-06,Autodromo Nazionale di Monza,Daniil Kvyat,Russian,AlphaTauri,11,9,2.0,53,+22.208,1:24.479,Finished
2020,8,Italian Grand Prix,2020-09-06,Autodromo Nazionale di Monza,Sergio Pérez,Mexican,Racing Point,4,10,1.0,53,+23.224,1:24.336,Finished
2020,8,Italian Grand Prix,2020-09-06,Autodromo Nazionale di Monza,Nicholas Latifi,Canadian,Williams,20,11,0.0,53,+32.876,1:24.999,Finished
2020,8,Italian Grand Prix,2020-09-06,Autodromo Nazionale di Monza,Romain Grosjean,French,Haas F1 Team,16,12,0.0,53,+35.164,1:24.785,Finished
2020,8,Italian Grand Prix,2020-09-06,Autodromo Nazionale di Monza,Kimi Räikkönen,Finnish,Alfa Romeo,14,13,0.0,53,+36.312,1:24.835,Finished
2020,8,Italian Grand Prix,2020-09-06,Autodromo Nazionale di Monza,George Russell,British,Williams,19,14,0.0,53,+36.593,1:24.421,Finished
2020,8,Italian Grand Prix,2020-09-06,Autodromo Nazionale di Monza,Alexander Albon,Thai,Red Bull,9,15,0.0,53,+37.533,1:24.926,Finished
2020,8,Italian Grand Prix,2020-09-06,Autodromo Nazionale di Monza,Antonio Giovinazzi,Italian,Alfa Romeo,18,16,0.0,53,+55.199,1:24.856,Finished
2020,8,Italian Grand Prix,2020-09-06,Autodromo Nazionale di Monza,Max Verstappen,Dutch,Red Bull,5,17,0.0,30,N/A,1:25.539,Power Unit
2020,8,Italian Grand Prix,2020-09-06,Autodromo Nazionale di Monza,Charles Leclerc,Monegasque,Ferrari,13,18,0.0,23,N/A,1:26.026,Accident
2020,8,Italian Grand Prix,2020-09-06,Autodromo Nazionale di Monza,Kevin Magnussen,Danish,Haas F1 Team,15,19,0.0,17,N/A,1:25.787,Power Unit
2020,8,Italian Grand Prix,2020-09-06,Autodromo Nazionale di Monza,Sebastian Vettel,German,Ferrari,17,20,0.0,6,N/A,1:27.107,Brakes
2020,9,Tuscan Grand Prix,2020-09-13,Autodromo Internazionale del Mugello,Lewis Hamilton,British,Mercedes,1,1,26.0,59,2:19:35.060,1:18.833,Finished
2020,9,Tuscan Grand Prix,2020-09-13,Autodromo Internazionale del Mugello,Valtteri Bottas,Finnish,Mercedes,2,2,18.0,59,+4.880,1:19.432,Finished
2020,9,Tuscan Grand Prix,2020-09-13,Autodromo Internazionale del Mugello,Alexander Albon,Thai,Red Bull,4,3,15.0,59,+8.064,1:20.039,Finished
2020,9,Tuscan Grand Prix,2020-09-13,Autodromo Internazionale del Mugello,Daniel Ricciardo,Australian,Renault,8,4,12.0,59,+10.417,1:20.426,Finished
2020,9,Tuscan Grand Prix,2020-09-13,Autodromo Internazionale del Mugello,Sergio Pérez,Mexican,Racing Point,7,5,10.0,59,+15.650,1:20.632,Finished
2020,9,Tuscan Grand Prix,2020-09-13,Autodromo Internazionale del Mugello,Lando Norris,British,McLaren,11,6,8.0,59,+18.883,1:21.198,Finished
2020,9,Tuscan Grand Prix,2020-09-13,Autodromo Internazionale del Mugello,Daniil Kvyat,Russian,AlphaTauri,12,7,6.0,59,+21.756,1:21.458,Finished
2020,9,Tuscan Grand Prix,2020-09-13,Autodromo Internazionale del Mugello,Charles Leclerc,Monegasque,Ferrari,5,8,4.0,59,+28.345,1:21.229,Finished
2020,9,Tuscan Grand Prix,2020-09-13,Autodromo Internazionale del Mugello,Kimi Räikkönen,Finnish,Alfa Romeo,13,9,2.0,59,+29.770,1:21.164,Finished
2020,9,Tuscan Grand Prix,2020-09-13,Autodromo Internazionale del Mugello,Sebastian Vettel,German,Ferrari,14,10,1.0,59,+29.983,1:21.202,Finished
2020,9,Tuscan Grand Prix,2020-09-13,Autodromo Internazionale del Mugello,George Russell,British,Williams,18,11,0.0,59,+32.404,1:21.645,Finished
2020,9,Tuscan Grand Prix,2020-09-13,Autodromo Internazionale del Mugello,Romain Grosjean,French,Haas F1 Team,15,12,0.0,59,+42.036,1:22.263,Finished
2020,9,Tuscan Grand Prix,2020-09-13,Autodromo Internazionale del Mugello,Lance Stroll,Canadian,Racing Point,6,13,0.0,42,N/A,1:22.068,Puncture
2020,9,Tuscan Grand Prix,2020-09-13,Autodromo Internazionale del Mugello,Esteban Ocon,French,Renault,10,14,0.0,7,N/A,2:11.793,Brakes
2020,9,Tuscan Grand Prix,2020-09-13,Autodromo Internazionale del Mugello,Nicholas Latifi,Canadian,Williams,19,15,0.0,6,N/A,2:11.365,Collision
2020,9,Tuscan Grand Prix,2020-09-13,Autodromo Internazionale del Mugello,Kevin Magnussen,Danish,Haas F1 Team,20,16,0.0,5,N/A,2:13.812,Collision
2020,9,Tuscan Grand Prix,2020-09-13,Autodromo Internazionale del Mugello,Antonio Giovinazzi,Italian,Alfa Romeo,17,17,0.0,5,N/A,2:13.809,Collision
2020,9,Tuscan Grand Prix,2020-09-13,Autodromo Internazionale del Mugello,Carlos Sainz,Spanish,McLaren,9,18,0.0,5,N/A,2:14.103,Collision
2020,9,Tuscan Grand Prix,2020-09-13,Autodromo Internazionale del Mugello,Max Verstappen,Dutch,Red Bull,3,19,0.0,0,N/A,N/A,Collision
2020,9,Tuscan Grand Prix,2020-09-13,Autodromo Internazionale del Mugello,Pierre Gasly,French,AlphaTauri,16,20,0.0,0,N/A,N/A,Collision
2020,10,Russian Grand Prix,2020-09-27,Sochi Autodrom,Valtteri Bottas,Finnish,Mercedes,3,1,26.0,53,1:34:00.364,1:37.030,Finished
2020,10,Russian Grand Prix,2020-09-27,Sochi Autodrom,Max Verstappen,Dutch,Red Bull,2,2,18.0,53,+7.729,1:37.332,Finished
2020,10,Russian Grand Prix,2020-09-27,Sochi Autodrom,Lewis Hamilton,British,Mercedes,1,3,15.0,53,+22.729,1:38.075,Finished
2020,10,Russian Grand Prix,2020-09-27,Sochi Autodrom,Sergio Pérez,Mexican,Racing Point,4,4,12.0,53,+30.558,1:38.141,Finished
2020,10,Russian Grand Prix,2020-09-27,Sochi Autodrom,Daniel Ricciardo,Australian,Renault,5,5,10.0,53,+52.065,1:37.886,Finished
2020,10,Russian Grand Prix,2020-09-27,Sochi Autodrom,Charles Leclerc,Monegasque,Ferrari,10,6,8.0,53,+1:02.186,1:39.053,Finished
2020,10,Russian Grand Prix,2020-09-27,Sochi Autodrom,Esteban Ocon,French,Renault,7,7,6.0,53,+1:08.006,1:39.216,Finished
2020,10,Russian Grand Prix,2020-09-27,Sochi Autodrom,Daniil Kvyat,Russian,AlphaTauri,11,8,4.0,53,+1:08.740,1:39.133,Finished
2020,10,Russian Grand Prix,2020-09-27,Sochi Autodrom,Pierre Gasly,French,AlphaTauri,9,9,2.0,53,+1:29.766,1:37.231,Finished
2020,10,Russian Grand Prix,2020-09-27,Sochi Autodrom,Alexander Albon,Thai,Red Bull,15,10,1.0,53,+1:37.860,1:38.377,Finished
2020,10,Russian Grand Prix,2020-09-27,Sochi Autodrom,Antonio Giovinazzi,Italian,Alfa Romeo,17,11,0.0,52,N/A,1:39.766,+1 Lap
2020,10,Russian Grand Prix,2020-09-27,Sochi Autodrom,Kevin Magnussen,Danish,Haas F1 Team,18,12,0.0,52,N/A,1:40.380,+1 Lap
2020,10,Russian Grand Prix,2020-09-27,Sochi Autodrom,Sebastian Vettel,German,Ferrari,14,13,0.0,52,N/A,1:39.588,+1 Lap
2020,10,Russian Grand Prix,2020-09-27,Sochi Autodrom,Kimi Räikkönen,Finnish,Alfa Romeo,19,14,0.0,52,N/A,1:38.858,+1 Lap
2020,10,Russian Grand Prix,2020-09-27,Sochi Autodrom,Lando Norris,British,McLaren,8,15,0.0,52,N/A,1:37.377,+1 Lap
2020,10,Russian Grand Prix,2020-09-27,Sochi Autodrom,Nicholas Latifi,Canadian,Williams,20,16,0.0,52,N/A,1:41.044,+1 Lap
2020,10,Russian Grand Prix,2020-09-27,Sochi Autodrom,Romain Grosjean,French,Haas F1 Team,16,17,0.0,52,N/A,1:39.614,+1 Lap
2020,10,Russian Grand Prix,2020-09-27,Sochi Autodrom,George Russell,British,Williams,13,18,0.0,52,N/A,1:37.352,+1 Lap
2020,10,Russian Grand Prix,2020-09-27,Sochi Autodrom,Carlos Sainz,Spanish,McLaren,6,19,0.0,0,N/A,N/A,Accident
2020,10,Russian Grand Prix,2020-09-27,Sochi Autodrom,Lance Stroll,Canadian,Racing Point,12,20,0.0,0,N/A,N/A,Collision
2020,11,Eifel Grand Prix,2020-10-11,Nürburgring,Lewis Hamilton,British,Mercedes,2,1,25.0,60,1:35:49.641,1:28.145,Finished
2020,11,Eifel Grand Prix,2020-10-11,Nürburgring,Max Verstappen,Dutch,Red Bull,3,2,19.0,60,+4.470,1:28.139,Finished
2020,11,Eifel Grand Prix,2020-10-11,Nürburgring,Daniel Ricciardo,Australian,Renault,6,3,15.0,60,+14.613,1:29.584,Finished
2020,11,Eifel Grand Prix,2020-10-11,Nürburgring,Sergio Pérez,Mexican,Racing Point,9,4,12.0,60,+16.070,1:29.700,Finished
2020,11,Eifel Grand Prix,2020-10-11,Nürburgring,Carlos Sainz,Spanish,McLaren,10,5,10.0,60,+21.905,1:30.129,Finished
2020,11,Eifel Grand Prix,2020-10-11,Nürburgring,Pierre Gasly,French,AlphaTauri,12,6,8.0,60,+22.766,1:30.110,Finished
2020,11,Eifel Grand Prix,2020-10-11,Nürburgring,Charles Leclerc,Monegasque,Ferrari,4,7,6.0,60,+30.814,1:30.712,Finished
2020,11,Eifel Grand Prix,2020-10-11,Nürburgring,Nico Hülkenberg,German,Racing Point,20,8,4.0,60,+32.596,1:30.733,Finished
2020,11,Eifel Grand Prix,2020-10-11,Nürburgring,Romain Grosjean,French,Haas F1 Team,16,9,2.0,60,+39.081,1:31.562,Finished
2020,11,Eifel Grand Prix,2020-10-11,Nürburgring,Antonio Giovinazzi,Italian,Alfa Romeo,14,10,1.0,60,+40.035,1:30.909,Finished
2020,11,Eifel Grand Prix,2020-10-11,Nürburgring,Sebastian Vettel,German,Ferrari,11,11,0.0,60,+40.810,1:30.408,Finished
2020,11,Eifel Grand Prix,2020-10-11,Nürburgring,Kimi Räikkönen,Finnish,Alfa Romeo,19,12,0.0,60,+41.476,1:30.512,Finished
2020,11,Eifel Grand Prix,2020-10-11,Nürburgring,Kevin Magnussen,Danish,Haas F1 Team,15,13,0.0,60,+49.585,1:30.456,Finished
2020,11,Eifel Grand Prix,2020-10-11,Nürburgring,Nicholas Latifi,Canadian,Williams,18,14,0.0,60,+54.449,1:31.377,Finished
2020,11,Eifel Grand Prix,2020-10-11,Nürburgring,Daniil Kvyat,Russian,AlphaTauri,13,15,0.0,60,+55.588,1:32.214,Finished
2020,11,Eifel Grand Prix,2020-10-11,Nürburgring,Lando Norris,British,McLaren,8,16,0.0,42,N/A,1:32.328,Power Unit
2020,11,Eifel Grand Prix,2020-10-11,Nürburgring,Alexander Albon,Thai,Red Bull,5,17,0.0,23,N/A,1:32.330,Radiator
2020,11,Eifel Grand Prix,2020-10-11,Nürburgring,Esteban Ocon,French,Renault,7,18,0.0,22,N/A,1:33.189,Gearbox
2020,11,Eifel Grand Prix,2020-10-11,Nürburgring,Valtteri Bottas,Finnish,Mercedes,1,19,0.0,18,N/A,1:31.884,Power Unit
2020,11,Eifel Grand Prix,2020-10-11,Nürburgring,George Russell,British,Williams,17,20,0.0,12,N/A,1:34.526,Collision
2020,12,Portuguese Grand Prix,2020-10-25,Autódromo Internacional do Algarve,Lewis Hamilton,British,Mercedes,1,1,26.0,66,1:29:56.828,1:18.750,Finished
2020,12,Portuguese Grand Prix,2020-10-25,Autódromo Internacional do Algarve,Valtteri Bottas,Finnish,Mercedes,2,2,18.0,66,+25.592,1:19.345,Finished
2020,12,Portuguese Grand Prix,2020-10-25,Autódromo Internacional do Algarve,Max Verstappen,Dutch,Red Bull,3,3,15.0,66,+34.508,1:19.854,Finished
2020,12,Portuguese Grand Prix,2020-10-25,Autódromo Internacional do Algarve,Charles Leclerc,Monegasque,Ferrari,4,4,12.0,66,+1:05.312,1:20.408,Finished
2020,12,Portuguese Grand Prix,2020-10-25,Autódromo Internacional do Algarve,Pierre Gasly,French,AlphaTauri,9,5,10.0,65,N/A,1:20.551,+1 Lap
2020,12,Portuguese Grand Prix,2020-10-25,Autódromo Internacional do Algarve,Carlos Sainz,Spanish,McLaren,7,6,8.0,65,N/A,1:20.268,+1 Lap
2020,12,Portuguese Grand Prix,2020-10-25,Autódromo Internacional do Algarve,Sergio Pérez,Mexican,Racing Point,5,7,6.0,65,N/A,1:20.802,+1 Lap
2020,12,Portuguese Grand Prix,2020-10-25,Autódromo Internacional do Algarve,Esteban Ocon,French,Renault,11,8,4.0,65,N/A,1:20.859,+1 Lap
2020,12,Portuguese Grand Prix,2020-10-25,Autódromo Internacional do Algarve,Daniel Ricciardo,Australian,Renault,10,9,2.0,65,N/A,1:20.906,+1 Lap
2020,12,Portuguese Grand Prix,2020-10-25,Autódromo Internacional do Algarve,Sebastian Vettel,German,Ferrari,15,10,1.0,65,N/A,1:20.731,+1 Lap
2020,12,Portuguese Grand Prix,2020-10-25,Autódromo Internacional do Algarve,Kimi Räikkönen,Finnish,Alfa Romeo,16,11,0.0,65,N/A,1:21.058,+1 Lap
2020,12,Portuguese Grand Prix,2020-10-25,Autódromo Internacional do Algarve,Alexander Albon,Thai,Red Bull,6,12,0.0,65,N/A,1:19.890,+1 Lap
2020,12,Portuguese Grand Prix,2020-10-25,Autódromo Internacional do Algarve,Lando Norris,British,McLaren,8,13,0.0,65,N/A,1:19.360,+1 Lap
2020,12,Portuguese Grand Prix,2020-10-25,Autódromo Internacional do Algarve,George Russell,British,Williams,14,14,0.0,65,N/A,1:20.882,+1 Lap
2020,12,Portuguese Grand Prix,2020-10-25,Autódromo Internacional do Algarve,Antonio Giovinazzi,Italian,Alfa Romeo,17,15,0.0,65,N/A,1:21.893,+1 Lap
2020,12,Portuguese Grand Prix,2020-10-25,Autódromo Internacional do Algarve,Kevin Magnussen,Danish,Haas F1 Team,19,16,0.0,65,N/A,1:21.460,+1 Lap
2020,12,Portuguese Grand Prix,2020-10-25,Autódromo Internacional do Algarve,Romain Grosjean,French,Haas F1 Team,18,17,0.0,65,N/A,1:21.664,+1 Lap
2020,12,Portuguese Grand Prix,2020-10-25,Autódromo Internacional do Algarve,Nicholas Latifi,Canadian,Williams,20,18,0.0,64,N/A,1:21.859,+2 Laps
2020,12,Portuguese Grand Prix,2020-10-25,Autódromo Internacional do Algarve,Daniil Kvyat,Russian,AlphaTauri,13,19,0.0,64,N/A,1:20.449,+2 Laps
2020,12,Portuguese Grand Prix,2020-10-25,Autódromo Internacional do Algarve,Lance Stroll,Canadian,Racing Point,12,20,0.0,51,N/A,1:21.694,Collision damage
2020,13,Emilia Romagna Grand Prix,2020-11-01,Autodromo Enzo e Dino Ferrari,Lewis Hamilton,British,Mercedes,2,1,26.0,63,1:28:32.430,1:15.484,Finished
2020,13,Emilia Romagna Grand Prix,2020-11-01,Autodromo Enzo e Dino Ferrari,Valtteri Bottas,Finnish,Mercedes,1,2,18.0,63,+5.783,1:15.902,Finished
2020,13,Emilia Romagna Grand Prix,2020-11-01,Autodromo Enzo e Dino Ferrari,Daniel Ricciardo,Australian,Renault,5,3,15.0,63,+14.320,1:17.552,Finished
2020,13,Emilia Romagna Grand Prix,2020-11-01,Autodromo Enzo e Dino Ferrari,Daniil Kvyat,Russian,AlphaTauri,8,4,12.0,63,+15.141,1:17.666,Finished
2020,13,Emilia Romagna Grand Prix,2020-11-01,Autodromo Enzo e Dino Ferrari,Charles Leclerc,Monegasque,Ferrari,7,5,10.0,63,+19.111,1:18.173,Finished
2020,13,Emilia Romagna Grand Prix,2020-11-01,Autodromo Enzo e Dino Ferrari,Sergio Pérez,Mexican,Racing Point,11,6,8.0,63,+19.652,1:18.084,Finished
2020,13,Emilia Romagna Grand Prix,2020-11-01,Autodromo Enzo e Dino Ferrari,Carlos Sainz,Spanish,McLaren,10,7,6.0,63,+20.230,1:18.118,Finished
2020,13,Emilia Romagna Grand Prix,2020-11-01,Autodromo Enzo e Dino Ferrari,Lando Norris,British,McLaren,9,8,4.0,63,+21.131,1:18.069,Finished
2020,13,Emilia Romagna Grand Prix,2020-11-01,Autodromo Enzo e Dino Ferrari,Kimi Räikkönen,Finnish,Alfa Romeo,18,9,2.0,63,+22.224,1:18.088,Finished
2020,13,Emilia Romagna Grand Prix,2020-11-01,Autodromo Enzo e Dino Ferrari,Antonio Giovinazzi,Italian,Alfa Romeo,20,10,1.0,63,+26.398,1:18.794,Finished
2020,13,Emilia Romagna Grand Prix,2020-11-01,Autodromo Enzo e Dino Ferrari,Nicholas Latifi,Canadian,Williams,19,11,0.0,63,+27.135,1:18.719,Finished
2020,13,Emilia Romagna Grand Prix,2020-11-01,Autodromo Enzo e Dino Ferrari,Sebastian Vettel,German,Ferrari,14,12,0.0,63,+28.453,1:17.767,Finished
2020,13,Emilia Romagna Grand Prix,2020-11-01,Autodromo Enzo e Dino Ferrari,Lance Stroll,Canadian,Racing Point,15,13,0.0,63,+29.163,1:18.360,Finished
2020,13,Emilia Romagna Grand Prix,2020-11-01,Autodromo Enzo e Dino Ferrari,Romain Grosjean,French,Haas F1 Team,16,14,0.0,63,+32.935,1:18.822,Finished
2020,13,Emilia Romagna Grand Prix,2020-11-01,Autodromo Enzo e Dino Ferrari,Alexander Albon,Thai,Red Bull,6,15,0.0,63,+57.284,1:16.177,Finished
2020,13,Emilia Romagna Grand Prix,2020-11-01,Autodromo Enzo e Dino Ferrari,George Russell,British,Williams,13,16,0.0,51,N/A,1:18.811,Accident
2020,13,Emilia Romagna Grand Prix,2020-11-01,Autodromo Enzo e Dino Ferrari,Max Verstappen,Dutch,Red Bull,3,17,0.0,50,N/A,1:17.637,Puncture
2020,13,Emilia Romagna Grand Prix,2020-11-01,Autodromo Enzo e Dino Ferrari,Kevin Magnussen,Danish,Haas F1 Team,17,18,0.0,47,N/A,1:19.273,Illness
2020,13,Emilia Romagna Grand Prix,2020-11-01,Autodromo Enzo e Dino Ferrari,Esteban Ocon,French,Renault,12,19,0.0,27,N/A,1:19.606,Gearbox
2020,13,Emilia Romagna Grand Prix,2020-11-01,Autodromo Enzo e Dino Ferrari,Pierre Gasly,French,AlphaTauri,4,20,0.0,8,N/A,1:20.403,Water pressure
2020,14,Turkish Grand Prix,2020-11-15,Istanbul Park,Lewis Hamilton,British,Mercedes,6,1,25.0,58,1:42:19.313,1:39.413,Finished
2020,14,Turkish Grand Prix,2020-11-15,Istanbul Park,Sergio Pérez,Mexican,Racing Point,3,2,18.0,58,+31.633,1:40.392,Finished
2020,14,Turkish Grand Prix,2020-11-15,Istanbul Park,Sebastian Vettel,German,Ferrari,11,3,15.0,58,+31.960,1:39.662,Finished
2020,14,Turkish Grand Prix,2020-11-15,Istanbul Park,Charles Leclerc,Monegasque,Ferrari,12,4,12.0,58,+33.858,1:39.961,Finished
2020,14,Turkish Grand Prix,2020-11-15,Istanbul Park,Carlos Sainz,Spanish,McLaren,15,5,10.0,58,+34.363,1:38.754,Finished
2020,14,Turkish Grand Prix,2020-11-15,Istanbul Park,Max Verstappen,Dutch,Red Bull,2,6,8.0,58,+44.873,1:38.431,Finished
2020,14,Turkish Grand Prix,2020-11-15,Istanbul Park,Alexander Albon,Thai,Red Bull,4,7,6.0,58,+46.484,1:39.099,Finished
2020,14,Turkish Grand Prix,2020-11-15,Istanbul Park,Lando Norris,British,McLaren,14,8,5.0,58,+1:01.259,1:36.806,Finished
2020,14,Turkish Grand Prix,2020-11-15,Istanbul Park,Lance Stroll,Canadian,Racing Point,1,9,2.0,58,+1:12.353,1:39.921,Finished
2020,14,Turkish Grand Prix,2020-11-15,Istanbul Park,Daniel Ricciardo,Australian,Renault,5,10,1.0,58,+1:35.460,1:40.677,Finished
2020,14,Turkish Grand Prix,2020-11-15,Istanbul Park,Esteban Ocon,French,Renault,7,11,0.0,57,N/A,1:41.006,+1 Lap
2020,14,Turkish Grand Prix,2020-11-15,Istanbul Park,Daniil Kvyat,Russian,AlphaTauri,16,12,0.0,57,N/A,1:41.019,+1 Lap
2020,14,Turkish Grand Prix,2020-11-15,Istanbul Park,Pierre Gasly,French,AlphaTauri,19,13,0.0,57,N/A,1:39.586,+1 Lap
2020,14,Turkish Grand Prix,2020-11-15,Istanbul Park,Valtteri Bottas,Finnish,Mercedes,9,14,0.0,57,N/A,1:38.193,+1 Lap
2020,14,Turkish Grand Prix,2020-11-15,Istanbul Park,Kimi Räikkönen,Finnish,Alfa Romeo,8,15,0.0,57,N/A,1:39.743,+1 Lap
2020,14,Turkish Grand Prix,2020-11-15,Istanbul Park,George Russell,British,Williams,20,16,0.0,57,N/A,1:40.814,+1 Lap
2020,14,Turkish Grand Prix,2020-11-15,Istanbul Park,Kevin Magnussen,Danish,Haas F1 Team,13,17,0.0,55,N/A,1:40.948,Withdrew
2020,14,Turkish Grand Prix,2020-11-15,Istanbul Park,Romain Grosjean,French,Haas F1 Team,17,18,0.0,49,N/A,1:43.281,Collision damage
2020,14,Turkish Grand Prix,2020-11-15,Istanbul Park,Nicholas Latifi,Canadian,Williams,20,19,0.0,39,N/A,1:43.495,Collision damage
2020,14,Turkish Grand Prix,2020-11-15,Istanbul Park,Antonio Giovinazzi,Italian,Alfa Romeo,10,20,0.0,11,N/A,1:51.122,Gearbox
2020,15,Bahrain Grand Prix,2020-11-29,Bahrain International Circuit,Lewis Hamilton,British,Mercedes,1,1,25.0,57,2:59:47.515,1:32.864,Finished
2020,15,Bahrain Grand Prix,2020-11-29,Bahrain International Circuit,Max Verstappen,Dutch,Red Bull,3,2,19.0,57,+1.254,1:32.014,Finished
2020,15,Bahrain Grand Prix,2020-11-29,Bahrain International Circuit,Alexander Albon,Thai,Red Bull,4,3,15.0,57,+8.005,1:33.684,Finished
2020,15,Bahrain Grand Prix,2020-11-29,Bahrain International Circuit,Lando Norris,British,McLaren,9,4,12.0,57,+11.337,1:33.588,Finished
2020,15,Bahrain Grand Prix,2020-11-29,Bahrain International Circuit,Carlos Sainz,Spanish,McLaren,15,5,10.0,57,+11.787,1:33.411,Finished
2020,15,Bahrain Grand Prix,2020-11-29,Bahrain International Circuit,Pierre Gasly,French,AlphaTauri,8,6,8.0,57,+11.942,1:34.817,Finished
2020,15,Bahrain Grand Prix,2020-11-29,Bahrain International Circuit,Daniel Ricciardo,Australian,Renault,6,7,6.0,57,+19.368,1:32.827,Finished
2020,15,Bahrain Grand Prix,2020-11-29,Bahrain International Circuit,Valtteri Bottas,Finnish,Mercedes,2,8,4.0,57,+19.680,1:33.352,Finished
2020,15,Bahrain Grand Prix,2020-11-29,Bahrain International Circuit,Esteban Ocon,French,Renault,7,9,2.0,57,+22.803,1:34.354,Finished
2020,15,Bahrain Grand Prix,2020-11-29,Bahrain International Circuit,Charles Leclerc,Monegasque,Ferrari,12,10,1.0,56,N/A,1:33.625,+1 Lap
2020,15,Bahrain Grand Prix,2020-11-29,Bahrain International Circuit,Daniil Kvyat,Russian,AlphaTauri,10,11,0.0,56,N/A,1:34.141,+1 Lap
2020,15,Bahrain Grand Prix,2020-11-29,Bahrain International Circuit,George Russell,British,Williams,14,12,0.0,56,N/A,1:35.042,+1 Lap
2020,15,Bahrain Grand Prix,2020-11-29,Bahrain International Circuit,Sebastian Vettel,German,Ferrari,11,13,0.0,56,N/A,1:33.861,+1 Lap
2020,15,Bahrain Grand Prix,2020-11-29,Bahrain International Circuit,Nicholas Latifi,Canadian,Williams,20,14,0.0,56,N/A,1:34.591,+1 Lap
2020,15,Bahrain Grand Prix,2020-11-29,Bahrain International Circuit,Kimi Räikkönen,Finnish,Alfa Romeo,17,15,0.0,56,N/A,1:33.573,+1 Lap
2020,15,Bahrain Grand Prix,2020-11-29,Bahrain International Circuit,Antonio Giovinazzi,Italian,Alfa Romeo,16,16,0.0,56,N/A,1:34.536,+1 Lap
2020,15,Bahrain Grand Prix,2020-11-29,Bahrain International Circuit,Kevin Magnussen,Danish,Haas F1 Team,18,17,0.0,56,N/A,1:35.241,+1 Lap
2020,15,Bahrain Grand Prix,2020-11-29,Bahrain International Circuit,Sergio Pérez,Mexican,Racing Point,5,18,0.0,53,N/A,1:33.629,Engine
2020,15,Bahrain Grand Prix,2020-11-29,Bahrain International Circuit,Lance Stroll,Canadian,Racing Point,13,19,0.0,2,N/A,N/A,Collision
2020,15,Bahrain Grand Prix,2020-11-29,Bahrain International Circuit,Romain Grosjean,French,Haas F1 Team,19,20,0.0,0,N/A,N/A,Collision
2020,16,Sakhir Grand Prix,2020-12-06,Bahrain International Circuit,Sergio Pérez,Mexican,Racing Point,5,1,25.0,87,1:31:15.114,56.789,Finished
2020,16,Sakhir Grand Prix,2020-12-06,Bahrain International Circuit,Esteban Ocon,French,Renault,11,2,18.0,87,+10.518,57.350,Finished
2020,16,Sakhir Grand Prix,2020-12-06,Bahrain International Circuit,Lance Stroll,Canadian,Racing Point,10,3,15.0,87,+11.869,57.388,Finished
2020,16,Sakhir Grand Prix,2020-12-06,Bahrain International Circuit,Carlos Sainz,Spanish,McLaren,8,4,12.0,87,+12.580,57.165,Finished
2020,16,Sakhir Grand Prix,2020-12-06,Bahrain International Circuit,Daniel Ricciardo,Australian,Renault,7,5,10.0,87,+13.330,56.979,Finished
2020,16,Sakhir Grand Prix,2020-12-06,Bahrain International Circuit,Alexander Albon,Thai,Red Bull,12,6,8.0,87,+13.842,57.056,Finished
2020,16,Sakhir Grand Prix,2020-12-06,Bahrain International Circuit,Daniil Kvyat,Russian,AlphaTauri,6,7,6.0,87,+14.534,57.001,Finished
2020,16,Sakhir Grand Prix,2020-12-06,Bahrain International Circuit,Valtteri Bottas,Finnish,Mercedes,1,8,4.0,87,+15.389,56.563,Finished
2020,16,Sakhir Grand Prix,2020-12-06,Bahrain International Circuit,George Russell,British,Mercedes,2,9,3.0,87,+18.556,55.404,Finished
2020,16,Sakhir Grand Prix,2020-12-06,Bahrain International Circuit,Lando Norris,British,McLaren,19,10,1.0,87,+19.541,57.270,Finished
2020,16,Sakhir Grand Prix,2020-12-06,Bahrain International Circuit,Pierre Gasly,French,AlphaTauri,9,11,0.0,87,+20.527,57.220,Finished
2020,16,Sakhir Grand Prix,2020-12-06,Bahrain International Circuit,Sebastian Vettel,German,Ferrari,13,12,0.0,87,+22.611,56.905,Finished
2020,16,Sakhir Grand Prix,2020-12-06,Bahrain International Circuit,Antonio Giovinazzi,Italian,Alfa Romeo,14,13,0.0,87,+24.111,56.887,Finished
2020,16,Sakhir Grand Prix,2020-12-06,Bahrain International Circuit,Kimi Räikkönen,Finnish,Alfa Romeo,18,14,0.0,87,+26.153,57.375,Finished
2020,16,Sakhir Grand Prix,2020-12-06,Bahrain International Circuit,Kevin Magnussen,Danish,Haas F1 Team,15,15,0.0,87,+32.370,57.516,Finished
2020,16,Sakhir Grand Prix,2020-12-06,Bahrain International Circuit,Jack Aitken,British,Williams,17,16,0.0,87,+33.674,57.392,Finished
2020,16,Sakhir Grand Prix,2020-12-06,Bahrain International Circuit,Pietro Fittipaldi,Brazilian,Haas F1 Team,20,17,0.0,87,+36.858,57.742,Finished
2020,16,Sakhir Grand Prix,2020-12-06,Bahrain International Circuit,Nicholas Latifi,Canadian,Williams,16,18,0.0,52,N/A,58.206,Engine
2020,16,Sakhir Grand Prix,2020-12-06,Bahrain International Circuit,Max Verstappen,Dutch,Red Bull,3,19,0.0,0,N/A,N/A,Accident
2020,16,Sakhir Grand Prix,2020-12-06,Bahrain International Circuit,Charles Leclerc,Monegasque,Ferrari,4,20,0.0,0,N/A,N/A,Collision
2020,17,Abu Dhabi Grand Prix,2020-12-13,Yas Marina Circuit,Max Verstappen,Dutch,Red Bull,1,1,25.0,55,1:36:28.645,1:40.958,Finished
2020,17,Abu Dhabi Grand Prix,2020-12-13,Yas Marina Circuit,Valtteri Bottas,Finnish,Mercedes,2,2,18.0,55,+15.976,1:41.131,Finished
2020,17,Abu Dhabi Grand Prix,2020-12-13,Yas Marina Circuit,Lewis Hamilton,British,Mercedes,3,3,15.0,55,+18.415,1:41.420,Finished
2020,17,Abu Dhabi Grand Prix,2020-12-13,Yas Marina Circuit,Alexander Albon,Thai,Red Bull,5,4,12.0,55,+19.987,1:41.227,Finished
2020,17,Abu Dhabi Grand Prix,2020-12-13,Yas Marina Circuit,Lando Norris,British,McLaren,4,5,10.0,55,+1:00.729,1:41.964,Finished
2020,17,Abu Dhabi Grand Prix,2020-12-13,Yas Marina Circuit,Carlos Sainz,Spanish,McLaren,6,6,8.0,55,+1:05.662,1:41.947,Finished
2020,17,Abu Dhabi Grand Prix,2020-12-13,Yas Marina Circuit,Daniel Ricciardo,Australian,Renault,11,7,7.0,55,+1:13.748,1:40.926,Finished
2020,17,Abu Dhabi Grand Prix,2020-12-13,Yas Marina Circuit,Pierre Gasly,French,AlphaTauri,9,8,4.0,55,+1:29.718,1:42.474,Finished
2020,17,Abu Dhabi Grand Prix,2020-12-13,Yas Marina Circuit,Esteban Ocon,French,Renault,10,9,2.0,55,+11.351,1:42.894,Finished
2020,17,Abu Dhabi Grand Prix,2020-12-13,Yas Marina Circuit,Lance Stroll,Canadian,Racing Point,8,10,1.0,55,+1.669,1:41.866,Finished
2020,17,Abu Dhabi Grand Prix,2020-12-13,Yas Marina Circuit,Daniil Kvyat,Russian,AlphaTauri,7,11,0.0,54,N/A,1:42.704,+1 Lap
2020,17,Abu Dhabi Grand Prix,2020-12-13,Yas Marina Circuit,Kimi Räikkönen,Finnish,Alfa Romeo,15,12,0.0,54,N/A,1:42.148,+1 Lap
2020,17,Abu Dhabi Grand Prix,2020-12-13,Yas Marina Circuit,Charles Leclerc,Monegasque,Ferrari,12,13,0.0,54,N/A,1:41.908,+1 Lap
2020,17,Abu Dhabi Grand Prix,2020-12-13,Yas Marina Circuit,Sebastian Vettel,German,Ferrari,13,14,0.0,54,N/A,1:41.475,+1 Lap
2020,17,Abu Dhabi Grand Prix,2020-12-13,Yas Marina Circuit,George Russell,British,Williams,16,15,0.0,54,N/A,1:43.328,+1 Lap
2020,17,Abu Dhabi Grand Prix,2020-12-13,Yas Marina Circuit,Antonio Giovinazzi,Italian,Alfa Romeo,14,16,0.0,54,N/A,1:41.675,+1 Lap
2020,17,Abu Dhabi Grand Prix,2020-12-13,Yas Marina Circuit,Nicholas Latifi,Canadian,Williams,18,17,0.0,54,N/A,1:42.497,+1 Lap
2020,17,Abu Dhabi Grand Prix,2020-12-13,Yas Marina Circuit,Kevin Magnussen,Danish,Haas F1 Team,20,18,0.0,54,N/A,1:41.999,+1 Lap
2020,17,Abu Dhabi Grand Prix,2020-12-13,Yas Marina Circuit,Pietro Fittipaldi,Brazilian,Haas F1 Team,17,19,0.0,53,N/A,1:41.707,+2 Laps
2020,17,Abu Dhabi Grand Prix,2020-12-13,Yas Marina Circuit,Sergio Pérez,Mexican,Racing Point,19,20,0.0,8,N/A,1:43.263,Transmission
2021,1,Bahrain Grand Prix,2021-03-28,Bahrain International Circuit,Lewis Hamilton,British,Mercedes,2,1,25.0,56,1:32:03.897,1:34.015,Finished
2021,1,Bahrain Grand Prix,2021-03-28,Bahrain International Circuit,Max Verstappen,Dutch,Red Bull,1,2,18.0,56,+0.745,1:33.228,Finished
2021,1,Bahrain Grand Prix,2021-03-28,Bahrain International Circuit,Valtteri Bottas,Finnish,Mercedes,3,3,16.0,56,+37.383,1:32.090,Finished
2021,1,Bahrain Grand Prix,2021-03-28,Bahrain International Circuit,Lando Norris,British,McLaren,7,4,12.0,56,+46.466,1:34.396,Finished
2021,1,Bahrain Grand Prix,2021-03-28,Bahrain International Circuit,Sergio Pérez,Mexican,Red Bull,20,5,10.0,56,+52.047,1:33.970,Finished
2021,1,Bahrain Grand Prix,2021-03-28,Bahrain International Circuit,Charles Leclerc,Monegasque,Ferrari,4,6,8.0,56,+59.090,1:34.988,Finished
2021,1,Bahrain Grand Prix,2021-03-28,Bahrain International Circuit,Daniel Ricciardo,Australian,McLaren,6,7,6.0,56,+1:06.004,1:34.932,Finished
2021,1,Bahrain Grand Prix,2021-03-28,Bahrain International Circuit,Carlos Sainz,Spanish,Ferrari,8,8,4.0,56,+1:07.100,1:34.509,Finished
2021,1,Bahrain Grand Prix,2021-03-28,Bahrain International Circuit,Yuki Tsunoda,Japanese,AlphaTauri,13,9,2.0,56,+1:25.692,1:34.761,Finished
2021,1,Bahrain Grand Prix,2021-03-28,Bahrain International Circuit,Lance Stroll,Canadian,Aston Martin,10,10,1.0,56,+1:26.713,1:34.865,Finished
2021,1,Bahrain Grand Prix,2021-03-28,Bahrain International Circuit,Kimi Räikkönen,Finnish,Alfa Romeo,14,11,0.0,56,+1:28.864,1:35.192,Finished
2021,1,Bahrain Grand Prix,2021-03-28,Bahrain International Circuit,Antonio Giovinazzi,Italian,Alfa Romeo,12,12,0.0,55,N/A,1:35.122,+1 Lap
2021,1,Bahrain Grand Prix,2021-03-28,Bahrain International Circuit,Esteban Ocon,French,Alpine F1 Team,16,13,0.0,55,N/A,1:35.250,+1 Lap
2021,1,Bahrain Grand Prix,2021-03-28,Bahrain International Circuit,George Russell,British,Williams,15,14,0.0,55,N/A,1:35.036,+1 Lap
2021,1,Bahrain Grand Prix,2021-03-28,Bahrain International Circuit,Sebastian Vettel,German,Aston Martin,20,15,0.0,55,N/A,1:35.566,+1 Lap
2021,1,Bahrain Grand Prix,2021-03-28,Bahrain International Circuit,Mick Schumacher,German,Haas F1 Team,18,16,0.0,55,N/A,1:36.134,+1 Lap
2021,1,Bahrain Grand Prix,2021-03-28,Bahrain International Circuit,Pierre Gasly,French,AlphaTauri,5,17,0.0,52,N/A,1:34.090,Retired
2021,1,Bahrain Grand Prix,2021-03-28,Bahrain International Circuit,Nicholas Latifi,Canadian,Williams,17,18,0.0,51,N/A,1:36.602,Retired
2021,1,Bahrain Grand Prix,2021-03-28,Bahrain International Circuit,Fernando Alonso,Spanish,Alpine F1 Team,9,19,0.0,32,N/A,1:36.063,Brakes
2021,1,Bahrain Grand Prix,2021-03-28,Bahrain International Circuit,Nikita Mazepin,Russian,Haas F1 Team,19,20,0.0,0,N/A,N/A,Accident
2021,2,Emilia Romagna Grand Prix,2021-04-18,Autodromo Enzo e Dino Ferrari,Max Verstappen,Dutch,Red Bull,3,1,25.0,63,2:02:34.598,1:17.524,Finished
2021,2,Emilia Romagna Grand Prix,2021-04-18,Autodromo Enzo e Dino Ferrari,Lewis Hamilton,British,Mercedes,1,2,19.0,63,+22.000,1:16.702,Finished
2021,2,Emilia Romagna Grand Prix,2021-04-18,Autodromo Enzo e Dino Ferrari,Lando Norris,British,McLaren,7,3,15.0,63,+23.702,1:18.259,Finished
2021,2,Emilia Romagna Grand Prix,2021-04-18,Autodromo Enzo e Dino Ferrari,Charles Leclerc,Monegasque,Ferrari,4,4,12.0,63,+25.579,1:18.379,Finished
2021,2,Emilia Romagna Grand Prix,2021-04-18,Autodromo Enzo e Dino Ferrari,Carlos Sainz,Spanish,Ferrari,11,5,10.0,63,+27.036,1:18.490,Finished
2021,2,Emilia Romagna Grand Prix,2021-04-18,Autodromo Enzo e Dino Ferrari,Daniel Ricciardo,Australian,McLaren,6,6,8.0,63,+51.220,1:19.341,Finished
2021,2,Emilia Romagna Grand Prix,2021-04-18,Autodromo Enzo e Dino Ferrari,Pierre Gasly,French,AlphaTauri,5,7,6.0,63,+52.818,1:18.994,Finished
2021,2,Emilia Romagna Grand Prix,2021-04-18,Autodromo Enzo e Dino Ferrari,Lance Stroll,Canadian,Aston Martin,10,8,4.0,63,+56.909,1:18.782,Finished
2021,2,Emilia Romagna Grand Prix,2021-04-18,Autodromo Enzo e Dino Ferrari,Esteban Ocon,French,Alpine F1 Team,9,9,2.0,63,+1:05.704,1:19.422,Finished
2021,2,Emilia Romagna Grand Prix,2021-04-18,Autodromo Enzo e Dino Ferrari,Fernando Alonso,Spanish,Alpine F1 Team,15,10,1.0,63,+1:06.561,1:19.417,Finished
2021,2,Emilia Romagna Grand Prix,2021-04-18,Autodromo Enzo e Dino Ferrari,Sergio Pérez,Mexican,Red Bull,2,11,0.0,63,+1:07.151,1:19.396,Finished
2021,2,Emilia Romagna Grand Prix,2021-04-18,Autodromo Enzo e Dino Ferrari,Yuki Tsunoda,Japanese,AlphaTauri,20,12,0.0,63,+1:13.184,1:18.334,Finished
2021,2,Emilia Romagna Grand Prix,2021-04-18,Autodromo Enzo e Dino Ferrari,Kimi Räikkönen,Finnish,Alfa Romeo,16,13,0.0,63,+1:34.773,1:18.353,Finished
2021,2,Emilia Romagna Grand Prix,2021-04-18,Autodromo Enzo e Dino Ferrari,Antonio Giovinazzi,Italian,Alfa Romeo,17,14,0.0,62,N/A,1:19.470,+1 Lap
2021,2,Emilia Romagna Grand Prix,2021-04-18,Autodromo Enzo e Dino Ferrari,Sebastian Vettel,German,Aston Martin,20,15,0.0,61,N/A,1:19.074,Gearbox
2021,2,Emilia Romagna Grand Prix,2021-04-18,Autodromo Enzo e Dino Ferrari,Mick Schumacher,German,Haas F1 Team,18,16,0.0,61,N/A,1:19.193,+2 Laps
2021,2,Emilia Romagna Grand Prix,2021-04-18,Autodromo Enzo e Dino Ferrari,Nikita Mazepin,Russian,Haas F1 Team,19,17,0.0,61,N/A,1:20.402,+2 Laps
2021,2,Emilia Romagna Grand Prix,2021-04-18,Autodromo Enzo e Dino Ferrari,Valtteri Bottas,Finnish,Mercedes,8,18,0.0,30,N/A,1:28.485,Collision
2021,2,Emilia Romagna Grand Prix,2021-04-18,Autodromo Enzo e Dino Ferrari,George Russell,British,Williams,12,19,0.0,30,N/A,1:26.543,Collision
2021,2,Emilia Romagna Grand Prix,2021-04-18,Autodromo Enzo e Dino Ferrari,Nicholas Latifi,Canadian,Williams,14,20,0.0,0,N/A,N/A,Collision
2021,3,Portuguese Grand Prix,2021-05-02,Autódromo Internacional do Algarve,Lewis Hamilton,British,Mercedes,2,1,25.0,66,1:34:31.421,1:20.933,Finished
2021,3,Portuguese Grand Prix,2021-05-02,Autódromo Internacional do Algarve,Max Verstappen,Dutch,Red Bull,3,2,18.0,66,+29.148,1:20.695,Finished
2021,3,Portuguese Grand Prix,2021-05-02,Autódromo Internacional do Algarve,Valtteri Bottas,Finnish,Mercedes,1,3,16.0,66,+33.530,1:19.865,Finished
2021,3,Portuguese Grand Prix,2021-05-02,Autódromo Internacional do Algarve,Sergio Pérez,Mexican,Red Bull,4,4,12.0,66,+39.735,1:20.643,Finished
2021,3,Portuguese Grand Prix,2021-05-02,Autódromo Internacional do Algarve,Lando Norris,British,McLaren,7,5,10.0,66,+51.369,1:21.696,Finished
2021,3,Portuguese Grand Prix,2021-05-02,Autódromo Internacional do Algarve,Charles Leclerc,Monegasque,Ferrari,8,6,8.0,66,+55.781,1:21.496,Finished
2021,3,Portuguese Grand Prix,2021-05-02,Autódromo Internacional do Algarve,Esteban Ocon,French,Alpine F1 Team,6,7,6.0,66,+1:03.749,1:21.886,Finished
2021,3,Portuguese Grand Prix,2021-05-02,Autódromo Internacional do Algarve,Fernando Alonso,Spanish,Alpine F1 Team,13,8,4.0,66,+1.808,1:21.032,Finished
2021,3,Portuguese Grand Prix,2021-05-02,Autódromo Internacional do Algarve,Daniel Ricciardo,Australian,McLaren,16,9,2.0,66,+1:15.369,1:21.987,Finished
2021,3,Portuguese Grand Prix,2021-05-02,Autódromo Internacional do Algarve,Pierre Gasly,French,AlphaTauri,9,10,1.0,66,+1:16.463,1:22.014,Finished
2021,3,Portuguese Grand Prix,2021-05-02,Autódromo Internacional do Algarve,Carlos Sainz,Spanish,Ferrari,5,11,0.0,66,+1:18.955,1:22.325,Finished
2021,3,Portuguese Grand Prix,2021-05-02,Autódromo Internacional do Algarve,Antonio Giovinazzi,Italian,Alfa Romeo,12,12,0.0,65,N/A,1:22.167,+1 Lap
2021,3,Portuguese Grand Prix,2021-05-02,Autódromo Internacional do Algarve,Sebastian Vettel,German,Aston Martin,10,13,0.0,65,N/A,1:22.416,+1 Lap
2021,3,Portuguese Grand Prix,2021-05-02,Autódromo Internacional do Algarve,Lance Stroll,Canadian,Aston Martin,17,14,0.0,65,N/A,1:21.970,+1 Lap
2021,3,Portuguese Grand Prix,2021-05-02,Autódromo Internacional do Algarve,Yuki Tsunoda,Japanese,AlphaTauri,14,15,0.0,65,N/A,1:22.058,+1 Lap
2021,3,Portuguese Grand Prix,2021-05-02,Autódromo Internacional do Algarve,George Russell,British,Williams,11,16,0.0,65,N/A,1:22.654,+1 Lap
2021,3,Portuguese Grand Prix,2021-05-02,Autódromo Internacional do Algarve,Mick Schumacher,German,Haas F1 Team,19,17,0.0,64,N/A,1:22.755,+2 Laps
2021,3,Portuguese Grand Prix,2021-05-02,Autódromo Internacional do Algarve,Nicholas Latifi,Canadian,Williams,18,18,0.0,64,N/A,1:23.155,+2 Laps
2021,3,Portuguese Grand Prix,2021-05-02,Autódromo Internacional do Algarve,Nikita Mazepin,Russian,Haas F1 Team,20,19,0.0,64,N/A,1:23.641,+2 Laps
2021,3,Portuguese Grand Prix,2021-05-02,Autódromo Internacional do Algarve,Kimi Räikkönen,Finnish,Alfa Romeo,15,20,0.0,1,N/A,N/A,Collision damage
2021,4,Spanish Grand Prix,2021-05-09,Circuit de Barcelona-Catalunya,Lewis Hamilton,British,Mercedes,1,1,25.0,66,1:33:07.680,1:20.665,Finished
2021,4,Spanish Grand Prix,2021-05-09,Circuit de Barcelona-Catalunya,Max Verstappen,Dutch,Red Bull,2,2,19.0,66,+15.841,1:18.149,Finished
2021,4,Spanish Grand Prix,2021-05-09,Circuit de Barcelona-Catalunya,Valtteri Bottas,Finnish,Mercedes,3,3,15.0,66,+26.610,1:19.430,Finished
2021,4,Spanish Grand Prix,2021-05-09,Circuit de Barcelona-Catalunya,Charles Leclerc,Monegasque,Ferrari,4,4,12.0,66,+54.616,1:20.459,Finished
2021,4,Spanish Grand Prix,2021-05-09,Circuit de Barcelona-Catalunya,Sergio Pérez,Mexican,Red Bull,8,5,10.0,66,+1:03.671,1:19.483,Finished
2021,4,Spanish Grand Prix,2021-05-09,Circuit de Barcelona-Catalunya,Daniel Ricciardo,Australian,McLaren,7,6,8.0,66,+1:13.768,1:21.853,Finished
2021,4,Spanish Grand Prix,2021-05-09,Circuit de Barcelona-Catalunya,Carlos Sainz,Spanish,Ferrari,6,7,6.0,66,+1:14.670,1:21.568,Finished
2021,4,Spanish Grand Prix,2021-05-09,Circuit de Barcelona-Catalunya,Lando Norris,British,McLaren,9,8,4.0,65,N/A,1:21.279,+1 Lap
2021,4,Spanish Grand Prix,2021-05-09,Circuit de Barcelona-Catalunya,Esteban Ocon,French,Alpine F1 Team,5,9,2.0,65,N/A,1:23.311,+1 Lap
2021,4,Spanish Grand Prix,2021-05-09,Circuit de Barcelona-Catalunya,Pierre Gasly,French,AlphaTauri,12,10,1.0,65,N/A,1:21.375,+1 Lap
2021,4,Spanish Grand Prix,2021-05-09,Circuit de Barcelona-Catalunya,Lance Stroll,Canadian,Aston Martin,11,11,0.0,65,N/A,1:22.607,+1 Lap
2021,4,Spanish Grand Prix,2021-05-09,Circuit de Barcelona-Catalunya,Kimi Räikkönen,Finnish,Alfa Romeo,17,12,0.0,65,N/A,1:22.868,+1 Lap
2021,4,Spanish Grand Prix,2021-05-09,Circuit de Barcelona-Catalunya,Sebastian Vettel,German,Aston Martin,13,13,0.0,65,N/A,1:22.820,+1 Lap
2021,4,Spanish Grand Prix,2021-05-09,Circuit de Barcelona-Catalunya,George Russell,British,Williams,15,14,0.0,65,N/A,1:23.208,+1 Lap
2021,4,Spanish Grand Prix,2021-05-09,Circuit de Barcelona-Catalunya,Antonio Giovinazzi,Italian,Alfa Romeo,14,15,0.0,65,N/A,1:22.802,+1 Lap
2021,4,Spanish Grand Prix,2021-05-09,Circuit de Barcelona-Catalunya,Nicholas Latifi,Canadian,Williams,19,16,0.0,65,N/A,1:22.905,+1 Lap
2021,4,Spanish Grand Prix,2021-05-09,Circuit de Barcelona-Catalunya,Fernando Alonso,Spanish,Alpine F1 Team,10,17,0.0,65,N/A,1:21.182,+1 Lap
2021,4,Spanish Grand Prix,2021-05-09,Circuit de Barcelona-Catalunya,Mick Schumacher,German,Haas F1 Team,18,18,0.0,64,N/A,1:22.637,+2 Laps
2021,4,Spanish Grand Prix,2021-05-09,Circuit de Barcelona-Catalunya,Nikita Mazepin,Russian,Haas F1 Team,20,19,0.0,64,N/A,1:24.040,+2 Laps
2021,4,Spanish Grand Prix,2021-05-09,Circuit de Barcelona-Catalunya,Yuki Tsunoda,Japanese,AlphaTauri,16,20,0.0,6,N/A,1:24.825,Electrical
2021,5,Monaco Grand Prix,2021-05-23,Circuit de Monaco,Max Verstappen,Dutch,Red Bull,2,1,25.0,78,1:38:56.820,1:14.649,Finished
2021,5,Monaco Grand Prix,2021-05-23,Circuit de Monaco,Carlos Sainz,Spanish,Ferrari,4,2,18.0,78,+8.968,1:14.621,Finished
2021,5,Monaco Grand Prix,2021-05-23,Circuit de Monaco,Lando Norris,British,McLaren,5,3,15.0,78,+19.427,1:14.670,Finished
2021,5,Monaco Grand Prix,2021-05-23,Circuit de Monaco,Sergio Pérez,Mexican,Red Bull,9,4,12.0,78,+20.490,1:14.552,Finished
2021,5,Monaco Grand Prix,2021-05-23,Circuit de Monaco,Sebastian Vettel,German,Aston Martin,8,5,10.0,78,+52.591,1:15.316,Finished
2021,5,Monaco Grand Prix,2021-05-23,Circuit de Monaco,Pierre Gasly,French,AlphaTauri,6,6,8.0,78,+53.896,1:15.412,Finished
2021,5,Monaco Grand Prix,2021-05-23,Circuit de Monaco,Lewis Hamilton,British,Mercedes,7,7,7.0,78,+1:08.231,1:12.909,Finished
2021,5,Monaco Grand Prix,2021-05-23,Circuit de Monaco,Lance Stroll,Canadian,Aston Martin,13,8,4.0,77,N/A,1:14.674,+1 Lap
2021,5,Monaco Grand Prix,2021-05-23,Circuit de Monaco,Esteban Ocon,French,Alpine F1 Team,11,9,2.0,77,N/A,1:15.316,+1 Lap
2021,5,Monaco Grand Prix,2021-05-23,Circuit de Monaco,Antonio Giovinazzi,Italian,Alfa Romeo,10,10,1.0,77,N/A,1:15.331,+1 Lap
2021,5,Monaco Grand Prix,2021-05-23,Circuit de Monaco,Kimi Räikkönen,Finnish,Alfa Romeo,14,11,0.0,77,N/A,1:14.971,+1 Lap
2021,5,Monaco Grand Prix,2021-05-23,Circuit de Monaco,Daniel Ricciardo,Australian,McLaren,12,12,0.0,77,N/A,1:14.578,+1 Lap
2021,5,Monaco Grand Prix,2021-05-23,Circuit de Monaco,Fernando Alonso,Spanish,Alpine F1 Team,17,13,0.0,77,N/A,1:15.026,+1 Lap
2021,5,Monaco Grand Prix,2021-05-23,Circuit de Monaco,George Russell,British,Williams,15,14,0.0,77,N/A,1:15.539,+1 Lap
2021,5,Monaco Grand Prix,2021-05-23,Circuit de Monaco,Nicholas Latifi,Canadian,Williams,18,15,0.0,77,N/A,1:15.573,+1 Lap
2021,5,Monaco Grand Prix,2021-05-23,Circuit de Monaco,Yuki Tsunoda,Japanese,AlphaTauri,16,16,0.0,77,N/A,1:14.037,+1 Lap
2021,5,Monaco Grand Prix,2021-05-23,Circuit de Monaco,Nikita Mazepin,Russian,Haas F1 Team,19,17,0.0,75,N/A,1:16.866,+3 Laps
2021,5,Monaco Grand Prix,2021-05-23,Circuit de Monaco,Mick Schumacher,German,Haas F1 Team,20,18,0.0,75,N/A,1:16.425,+3 Laps
2021,5,Monaco Grand Prix,2021-05-23,Circuit de Monaco,Valtteri Bottas,Finnish,Mercedes,3,19,0.0,29,N/A,1:15.706,Wheel nut
2021,5,Monaco Grand Prix,2021-05-23,Circuit de Monaco,Charles Leclerc,Monegasque,Ferrari,1,20,0.0,0,N/A,N/A,Driveshaft
2021,6,Azerbaijan Grand Prix,2021-06-06,Baku City Circuit,Sergio Pérez,Mexican,Red Bull,6,1,25.0,51,2:13:36.410,1:44.687,Finished
2021,6,Azerbaijan Grand Prix,2021-06-06,Baku City Circuit,Sebastian Vettel,German,Aston Martin,11,2,18.0,51,+1.385,1:44.890,Finished
2021,6,Azerbaijan Grand Prix,2021-06-06,Baku City Circuit,Pierre Gasly,French,AlphaTauri,4,3,15.0,51,+2.762,1:45.220,Finished
2021,6,Azerbaijan Grand Prix,2021-06-06,Baku City Circuit,Charles Leclerc,Monegasque,Ferrari,1,4,12.0,51,+3.828,1:45.382,Finished
2021,6,Azerbaijan Grand Prix,2021-06-06,Baku City Circuit,Lando Norris,British,McLaren,9,5,10.0,51,+4.754,1:45.326,Finished
2021,6,Azerbaijan Grand Prix,2021-06-06,Baku City Circuit,Fernando Alonso,Spanish,Alpine F1 Team,8,6,8.0,51,+6.382,1:45.624,Finished
2021,6,Azerbaijan Grand Prix,2021-06-06,Baku City Circuit,Yuki Tsunoda,Japanese,AlphaTauri,7,7,6.0,51,+6.624,1:44.939,Finished
2021,6,Azerbaijan Grand Prix,2021-06-06,Baku City Circuit,Carlos Sainz,Spanish,Ferrari,5,8,4.0,51,+7.709,1:45.700,Finished
2021,6,Azerbaijan Grand Prix,2021-06-06,Baku City Circuit,Daniel Ricciardo,Australian,McLaren,13,9,2.0,51,+8.874,1:45.713,Finished
2021,6,Azerbaijan Grand Prix,2021-06-06,Baku City Circuit,Kimi Räikkönen,Finnish,Alfa Romeo,14,10,1.0,51,+9.576,1:45.601,Finished
2021,6,Azerbaijan Grand Prix,2021-06-06,Baku City Circuit,Antonio Giovinazzi,Italian,Alfa Romeo,20,11,0.0,51,+10.254,1:45.575,Finished
2021,6,Azerbaijan Grand Prix,2021-06-06,Baku City Circuit,Valtteri Bottas,Finnish,Mercedes,10,12,0.0,51,+11.264,1:45.665,Finished
2021,6,Azerbaijan Grand Prix,2021-06-06,Baku City Circuit,Mick Schumacher,German,Haas F1 Team,17,13,0.0,51,+14.241,1:47.624,Finished
2021,6,Azerbaijan Grand Prix,2021-06-06,Baku City Circuit,Nikita Mazepin,Russian,Haas F1 Team,18,14,0.0,51,+14.315,1:47.747,Finished
2021,6,Azerbaijan Grand Prix,2021-06-06,Baku City Circuit,Lewis Hamilton,British,Mercedes,2,15,0.0,51,+17.668,1:44.769,Finished
2021,6,Azerbaijan Grand Prix,2021-06-06,Baku City Circuit,Nicholas Latifi,Canadian,Williams,16,16,0.0,51,+43.379,1:46.608,Finished
2021,6,Azerbaijan Grand Prix,2021-06-06,Baku City Circuit,George Russell,British,Williams,15,17,0.0,48,N/A,1:45.959,Gearbox
2021,6,Azerbaijan Grand Prix,2021-06-06,Baku City Circuit,Max Verstappen,Dutch,Red Bull,3,18,0.0,45,N/A,1:44.481,Accident
2021,6,Azerbaijan Grand Prix,2021-06-06,Baku City Circuit,Lance Stroll,Canadian,Aston Martin,19,19,0.0,29,N/A,1:46.207,Accident
2021,6,Azerbaijan Grand Prix,2021-06-06,Baku City Circuit,Esteban Ocon,French,Alpine F1 Team,12,20,0.0,3,N/A,1:50.850,Turbo
2021,7,French Grand Prix,2021-06-20,Circuit Paul Ricard,Max Verstappen,Dutch,Red Bull,1,1,26.0,53,1:27:25.770,1:36.404,Finished
2021,7,French Grand Prix,2021-06-20,Circuit Paul Ricard,Lewis Hamilton,British,Mercedes,2,2,18.0,53,+2.904,1:37.410,Finished
2021,7,French Grand Prix,2021-06-20,Circuit Paul Ricard,Sergio Pérez,Mexican,Red Bull,4,3,15.0,53,+8.811,1:36.693,Finished
2021,7,French Grand Prix,2021-06-20,Circuit Paul Ricard,Valtteri Bottas,Finnish,Mercedes,3,4,12.0,53,+14.618,1:36.960,Finished
2021,7,French Grand Prix,2021-06-20,Circuit Paul Ricard,Lando Norris,British,McLaren,8,5,10.0,53,+1:04.032,1:37.425,Finished
2021,7,French Grand Prix,2021-06-20,Circuit Paul Ricard,Daniel Ricciardo,Australian,McLaren,10,6,8.0,53,+1:15.857,1:38.324,Finished
2021,7,French Grand Prix,2021-06-20,Circuit Paul Ricard,Pierre Gasly,French,AlphaTauri,6,7,6.0,53,+1:16.596,1:38.103,Finished
2021,7,French Grand Prix,2021-06-20,Circuit Paul Ricard,Fernando Alonso,Spanish,Alpine F1 Team,9,8,4.0,53,+1:17.695,1:37.646,Finished
2021,7,French Grand Prix,2021-06-20,Circuit Paul Ricard,Sebastian Vettel,German,Aston Martin,12,9,2.0,53,+1:19.666,1:37.138,Finished
2021,7,French Grand Prix,2021-06-20,Circuit Paul Ricard,Lance Stroll,Canadian,Aston Martin,19,10,1.0,53,+1:31.946,1:37.828,Finished
2021,7,French Grand Prix,2021-06-20,Circuit Paul Ricard,Carlos Sainz,Spanish,Ferrari,5,11,0.0,53,+1:39.337,1:38.931,Finished
2021,7,French Grand Prix,2021-06-20,Circuit Paul Ricard,George Russell,British,Williams,14,12,0.0,52,N/A,1:38.314,+1 Lap
2021,7,French Grand Prix,2021-06-20,Circuit Paul Ricard,Yuki Tsunoda,Japanese,AlphaTauri,20,13,0.0,52,N/A,1:38.980,+1 Lap
2021,7,French Grand Prix,2021-06-20,Circuit Paul Ricard,Esteban Ocon,French,Alpine F1 Team,11,14,0.0,52,N/A,1:38.645,+1 Lap
2021,7,French Grand Prix,2021-06-20,Circuit Paul Ricard,Antonio Giovinazzi,Italian,Alfa Romeo,13,15,0.0,52,N/A,1:38.702,+1 Lap
2021,7,French Grand Prix,2021-06-20,Circuit Paul Ricard,Charles Leclerc,Monegasque,Ferrari,7,16,0.0,52,N/A,1:37.681,+1 Lap
2021,7,French Grand Prix,2021-06-20,Circuit Paul Ricard,Kimi Räikkönen,Finnish,Alfa Romeo,17,17,0.0,52,N/A,1:37.992,+1 Lap
2021,7,French Grand Prix,2021-06-20,Circuit Paul Ricard,Nicholas Latifi,Canadian,Williams,16,18,0.0,52,N/A,1:38.313,+1 Lap
2021,7,French Grand Prix,2021-06-20,Circuit Paul Ricard,Mick Schumacher,German,Haas F1 Team,15,19,0.0,52,N/A,1:38.847,+1 Lap
2021,7,French Grand Prix,2021-06-20,Circuit Paul Ricard,Nikita Mazepin,Russian,Haas F1 Team,18,20,0.0,52,N/A,1:39.317,+1 Lap
2021,8,Styrian Grand Prix,2021-06-27,Red Bull Ring,Max Verstappen,Dutch,Red Bull,1,1,25.0,71,1:22:18.925,1:08.017,Finished
2021,8,Styrian Grand Prix,2021-06-27,Red Bull Ring,Lewis Hamilton,British,Mercedes,2,2,19.0,71,+35.743,1:07.058,Finished
2021,8,Styrian Grand Prix,2021-06-27,Red Bull Ring,Valtteri Bottas,Finnish,Mercedes,5,3,15.0,71,+46.907,1:08.619,Finished
2021,8,Styrian Grand Prix,2021-06-27,Red Bull Ring,Sergio Pérez,Mexican,Red Bull,4,4,12.0,71,+47.434,1:07.894,Finished
2021,8,Styrian Grand Prix,2021-06-27,Red Bull Ring,Lando Norris,British,McLaren,3,5,10.0,70,N/A,1:08.903,+1 Lap
2021,8,Styrian Grand Prix,2021-06-27,Red Bull Ring,Carlos Sainz,Spanish,Ferrari,12,6,8.0,70,N/A,1:08.609,+1 Lap
2021,8,Styrian Grand Prix,2021-06-27,Red Bull Ring,Charles Leclerc,Monegasque,Ferrari,7,7,6.0,70,N/A,1:08.738,+1 Lap
2021,8,Styrian Grand Prix,2021-06-27,Red Bull Ring,Lance Stroll,Canadian,Aston Martin,9,8,4.0,70,N/A,1:09.787,+1 Lap
2021,8,Styrian Grand Prix,2021-06-27,Red Bull Ring,Fernando Alonso,Spanish,Alpine F1 Team,8,9,2.0,70,N/A,1:09.749,+1 Lap
2021,8,Styrian Grand Prix,2021-06-27,Red Bull Ring,Yuki Tsunoda,Japanese,AlphaTauri,11,10,1.0,70,N/A,1:09.650,+1 Lap
2021,8,Styrian Grand Prix,2021-06-27,Red Bull Ring,Kimi Räikkönen,Finnish,Alfa Romeo,18,11,0.0,70,N/A,1:09.128,+1 Lap
2021,8,Styrian Grand Prix,2021-06-27,Red Bull Ring,Sebastian Vettel,German,Aston Martin,14,12,0.0,70,N/A,1:09.821,+1 Lap
2021,8,Styrian Grand Prix,2021-06-27,Red Bull Ring,Daniel Ricciardo,Australian,McLaren,13,13,0.0,70,N/A,1:09.305,+1 Lap
2021,8,Styrian Grand Prix,2021-06-27,Red Bull Ring,Esteban Ocon,French,Alpine F1 Team,17,14,0.0,70,N/A,1:09.576,+1 Lap
2021,8,Styrian Grand Prix,2021-06-27,Red Bull Ring,Antonio Giovinazzi,Italian,Alfa Romeo,15,15,0.0,70,N/A,1:09.723,+1 Lap
2021,8,Styrian Grand Prix,2021-06-27,Red Bull Ring,Mick Schumacher,German,Haas F1 Team,19,16,0.0,69,N/A,1:10.005,+2 Laps
2021,8,Styrian Grand Prix,2021-06-27,Red Bull Ring,Nicholas Latifi,Canadian,Williams,16,17,0.0,68,N/A,1:10.104,+3 Laps
2021,8,Styrian Grand Prix,2021-06-27,Red Bull Ring,Nikita Mazepin,Russian,Haas F1 Team,20,18,0.0,68,N/A,1:10.951,+3 Laps
2021,8,Styrian Grand Prix,2021-06-27,Red Bull Ring,George Russell,British,Williams,10,19,0.0,36,N/A,1:10.499,Engine
2021,8,Styrian Grand Prix,2021-06-27,Red Bull Ring,Pierre Gasly,French,AlphaTauri,6,20,0.0,1,N/A,N/A,Collision
2021,9,Austrian Grand Prix,2021-07-04,Red Bull Ring,Max Verstappen,Dutch,Red Bull,1,1,26.0,71,1:23:54.543,1:06.200,Finished
2021,9,Austrian Grand Prix,2021-07-04,Red Bull Ring,Valtteri Bottas,Finnish,Mercedes,5,2,18.0,71,+17.973,1:08.374,Finished
2021,9,Austrian Grand Prix,2021-07-04,Red Bull Ring,Lando Norris,British,McLaren,2,3,15.0,71,+20.019,1:08.471,Finished
2021,9,Austrian Grand Prix,2021-07-04,Red Bull Ring,Lewis Hamilton,British,Mercedes,4,4,12.0,71,+46.452,1:08.126,Finished
2021,9,Austrian Grand Prix,2021-07-04,Red Bull Ring,Carlos Sainz,Spanish,Ferrari,10,5,10.0,71,+57.144,1:07.762,Finished
2021,9,Austrian Grand Prix,2021-07-04,Red Bull Ring,Sergio Pérez,Mexican,Red Bull,3,6,8.0,71,+57.915,1:08.192,Finished
2021,9,Austrian Grand Prix,2021-07-04,Red Bull Ring,Daniel Ricciardo,Australian,McLaren,13,7,6.0,71,+1:00.395,1:08.820,Finished
2021,9,Austrian Grand Prix,2021-07-04,Red Bull Ring,Charles Leclerc,Monegasque,Ferrari,12,8,4.0,71,+1:01.195,1:08.698,Finished
2021,9,Austrian Grand Prix,2021-07-04,Red Bull Ring,Pierre Gasly,French,AlphaTauri,6,9,2.0,71,+1:01.844,1:08.146,Finished
2021,9,Austrian Grand Prix,2021-07-04,Red Bull Ring,Fernando Alonso,Spanish,Alpine F1 Team,14,10,1.0,70,N/A,1:08.405,+1 Lap
2021,9,Austrian Grand Prix,2021-07-04,Red Bull Ring,George Russell,British,Williams,8,11,0.0,70,N/A,1:08.900,+1 Lap
2021,9,Austrian Grand Prix,2021-07-04,Red Bull Ring,Yuki Tsunoda,Japanese,AlphaTauri,7,12,0.0,70,N/A,1:08.455,+1 Lap
2021,9,Austrian Grand Prix,2021-07-04,Red Bull Ring,Lance Stroll,Canadian,Aston Martin,9,13,0.0,70,N/A,1:08.659,+1 Lap
2021,9,Austrian Grand Prix,2021-07-04,Red Bull Ring,Antonio Giovinazzi,Italian,Alfa Romeo,15,14,0.0,70,N/A,1:09.042,+1 Lap
2021,9,Austrian Grand Prix,2021-07-04,Red Bull Ring,Kimi Räikkönen,Finnish,Alfa Romeo,16,15,0.0,70,N/A,1:08.874,+1 Lap
2021,9,Austrian Grand Prix,2021-07-04,Red Bull Ring,Nicholas Latifi,Canadian,Williams,18,16,0.0,70,N/A,1:08.520,+1 Lap
2021,9,Austrian Grand Prix,2021-07-04,Red Bull Ring,Sebastian Vettel,German,Aston Martin,11,17,0.0,69,N/A,1:08.420,Collision
2021,9,Austrian Grand Prix,2021-07-04,Red Bull Ring,Mick Schumacher,German,Haas F1 Team,19,18,0.0,69,N/A,1:09.394,+2 Laps
2021,9,Austrian Grand Prix,2021-07-04,Red Bull Ring,Nikita Mazepin,Russian,Haas F1 Team,20,19,0.0,69,N/A,1:09.757,+2 Laps
2021,9,Austrian Grand Prix,2021-07-04,Red Bull Ring,Esteban Ocon,French,Alpine F1 Team,17,20,0.0,0,N/A,N/A,Collision
2021,10,British Grand Prix,2021-07-18,Silverstone Circuit,Lewis Hamilton,British,Mercedes,2,1,25.0,52,1:58:23.284,1:29.699,Finished
2021,10,British Grand Prix,2021-07-18,Silverstone Circuit,Charles Leclerc,Monegasque,Ferrari,4,2,18.0,52,+3.871,1:30.569,Finished
2021,10,British Grand Prix,2021-07-18,Silverstone Circuit,Valtteri Bottas,Finnish,Mercedes,3,3,15.0,52,+11.125,1:30.524,Finished
2021,10,British Grand Prix,2021-07-18,Silverstone Circuit,Lando Norris,British,McLaren,5,4,12.0,52,+28.573,1:31.420,Finished
2021,10,British Grand Prix,2021-07-18,Silverstone Circuit,Daniel Ricciardo,Australian,McLaren,6,5,10.0,52,+42.624,1:31.284,Finished
2021,10,British Grand Prix,2021-07-18,Silverstone Circuit,Carlos Sainz,Spanish,Ferrari,10,6,8.0,52,+43.454,1:31.223,Finished
2021,10,British Grand Prix,2021-07-18,Silverstone Circuit,Fernando Alonso,Spanish,Alpine F1 Team,7,7,6.0,52,+1:12.093,1:31.698,Finished
2021,10,British Grand Prix,2021-07-18,Silverstone Circuit,Lance Stroll,Canadian,Aston Martin,14,8,4.0,52,+1:14.289,1:31.992,Finished
2021,10,British Grand Prix,2021-07-18,Silverstone Circuit,Esteban Ocon,French,Alpine F1 Team,9,9,2.0,52,+1:16.162,1:32.210,Finished
2021,10,British Grand Prix,2021-07-18,Silverstone Circuit,Yuki Tsunoda,Japanese,AlphaTauri,16,10,1.0,52,+1:22.065,1:30.826,Finished
2021,10,British Grand Prix,2021-07-18,Silverstone Circuit,Pierre Gasly,French,AlphaTauri,11,11,0.0,52,+1:25.327,1:30.266,Finished
2021,10,British Grand Prix,2021-07-18,Silverstone Circuit,George Russell,British,Williams,12,12,0.0,51,N/A,1:32.049,+1 Lap
2021,10,British Grand Prix,2021-07-18,Silverstone Circuit,Antonio Giovinazzi,Italian,Alfa Romeo,15,13,0.0,51,N/A,1:32.346,+1 Lap
2021,10,British Grand Prix,2021-07-18,Silverstone Circuit,Nicholas Latifi,Canadian,Williams,17,14,0.0,51,N/A,1:32.477,+1 Lap
2021,10,British Grand Prix,2021-07-18,Silverstone Circuit,Kimi Räikkönen,Finnish,Alfa Romeo,13,15,0.0,51,N/A,1:31.895,+1 Lap
2021,10,British Grand Prix,2021-07-18,Silverstone Circuit,Sergio Pérez,Mexican,Red Bull,20,16,0.0,51,N/A,1:28.617,+1 Lap
2021,10,British Grand Prix,2021-07-18,Silverstone Circuit,Nikita Mazepin,Russian,Haas F1 Team,19,17,0.0,51,N/A,1:32.909,+1 Lap
2021,10,British Grand Prix,2021-07-18,Silverstone Circuit,Mick Schumacher,German,Haas F1 Team,18,18,0.0,51,N/A,1:32.862,+1 Lap
2021,10,British Grand Prix,2021-07-18,Silverstone Circuit,Sebastian Vettel,German,Aston Martin,8,19,0.0,40,N/A,1:33.059,Retired
2021,10,British Grand Prix,2021-07-18,Silverstone Circuit,Max Verstappen,Dutch,Red Bull,1,20,0.0,0,N/A,N/A,Collision
2021,11,Hungarian Grand Prix,2021-08-01,Hungaroring,Esteban Ocon,French,Alpine F1 Team,8,1,25.0,70,2:04:43.199,1:21.421,Finished
2021,11,Hungarian Grand Prix,2021-08-01,Hungaroring,Lewis Hamilton,British,Mercedes,1,2,18.0,70,+2.736,1:18.715,Finished
2021,11,Hungarian Grand Prix,2021-08-01,Hungaroring,Carlos Sainz,Spanish,Ferrari,15,3,15.0,70,+15.018,1:21.423,Finished
2021,11,Hungarian Grand Prix,2021-08-01,Hungaroring,Fernando Alonso,Spanish,Alpine F1 Team,9,4,12.0,70,+15.651,1:20.359,Finished
2021,11,Hungarian Grand Prix,2021-08-01,Hungaroring,Pierre Gasly,French,AlphaTauri,5,5,11.0,70,+1:03.614,1:18.394,Finished
2021,11,Hungarian Grand Prix,2021-08-01,Hungaroring,Yuki Tsunoda,Japanese,AlphaTauri,16,6,8.0,70,+1:15.803,1:22.450,Finished
2021,11,Hungarian Grand Prix,2021-08-01,Hungaroring,Nicholas Latifi,Canadian,Williams,18,7,6.0,70,+1:17.910,1:22.831,Finished
2021,11,Hungarian Grand Prix,2021-08-01,Hungaroring,George Russell,British,Williams,17,8,4.0,70,+1:19.094,1:22.112,Finished
2021,11,Hungarian Grand Prix,2021-08-01,Hungaroring,Max Verstappen,Dutch,Red Bull,3,9,2.0,70,+1:20.244,1:20.945,Finished
2021,11,Hungarian Grand Prix,2021-08-01,Hungaroring,Kimi Räikkönen,Finnish,Alfa Romeo,13,10,1.0,69,N/A,1:21.518,+1 Lap
2021,11,Hungarian Grand Prix,2021-08-01,Hungaroring,Daniel Ricciardo,Australian,McLaren,11,11,0.0,69,N/A,1:22.802,+1 Lap
2021,11,Hungarian Grand Prix,2021-08-01,Hungaroring,Mick Schumacher,German,Haas F1 Team,20,12,0.0,69,N/A,1:22.711,+1 Lap
2021,11,Hungarian Grand Prix,2021-08-01,Hungaroring,Antonio Giovinazzi,Italian,Alfa Romeo,20,13,0.0,69,N/A,1:22.736,+1 Lap
2021,11,Hungarian Grand Prix,2021-08-01,Hungaroring,Nikita Mazepin,Russian,Haas F1 Team,19,14,0.0,3,N/A,N/A,Collision
2021,11,Hungarian Grand Prix,2021-08-01,Hungaroring,Lando Norris,British,McLaren,6,15,0.0,2,N/A,N/A,Collision
2021,11,Hungarian Grand Prix,2021-08-01,Hungaroring,Valtteri Bottas,Finnish,Mercedes,2,16,0.0,0,N/A,N/A,Collision
2021,11,Hungarian Grand Prix,2021-08-01,Hungaroring,Sergio Pérez,Mexican,Red Bull,4,17,0.0,0,N/A,N/A,Collision
2021,11,Hungarian Grand Prix,2021-08-01,Hungaroring,Charles Leclerc,Monegasque,Ferrari,7,18,0.0,0,N/A,N/A,Collision
2021,11,Hungarian Grand Prix,2021-08-01,Hungaroring,Lance Stroll,Canadian,Aston Martin,12,19,0.0,0,N/A,N/A,Collision
2021,11,Hungarian Grand Prix,2021-08-01,Hungaroring,Sebastian Vettel,German,Aston Martin,10,20,0.0,70,N/A,1:21.459,Disqualified
2021,12,Belgian Grand Prix,2021-08-29,Circuit de Spa-Francorchamps,Max Verstappen,Dutch,Red Bull,1,1,12.5,1,3:27.071,N/A,Finished
2021,12,Belgian Grand Prix,2021-08-29,Circuit de Spa-Francorchamps,George Russell,British,Williams,2,2,9.0,1,+1.995,N/A,Finished
2021,12,Belgian Grand Prix,2021-08-29,Circuit de Spa-Francorchamps,Lewis Hamilton,British,Mercedes,3,3,7.5,1,+2.601,N/A,Finished
2021,12,Belgian Grand Prix,2021-08-29,Circuit de Spa-Francorchamps,Daniel Ricciardo,Australian,McLaren,4,4,6.0,1,+4.496,N/A,Finished
2021,12,Belgian Grand Prix,2021-08-29,Circuit de Spa-Francorchamps,Sebastian Vettel,German,Aston Martin,5,5,5.0,1,+7.479,N/A,Finished
2021,12,Belgian Grand Prix,2021-08-29,Circuit de Spa-Francorchamps,Pierre Gasly,French,AlphaTauri,6,6,4.0,1,+10.177,N/A,Finished
2021,12,Belgian Grand Prix,2021-08-29,Circuit de Spa-Francorchamps,Esteban Ocon,French,Alpine F1 Team,8,7,3.0,1,+11.579,N/A,Finished
2021,12,Belgian Grand Prix,2021-08-29,Circuit de Spa-Francorchamps,Charles Leclerc,Monegasque,Ferrari,9,8,2.0,1,+12.608,N/A,Finished
2021,12,Belgian Grand Prix,2021-08-29,Circuit de Spa-Francorchamps,Nicholas Latifi,Canadian,Williams,10,9,1.0,1,+15.485,N/A,Finished
2021,12,Belgian Grand Prix,2021-08-29,Circuit de Spa-Francorchamps,Carlos Sainz,Spanish,Ferrari,11,10,0.5,1,+16.166,N/A,Finished
2021,12,Belgian Grand Prix,2021-08-29,Circuit de Spa-Francorchamps,Fernando Alonso,Spanish,Alpine F1 Team,12,11,0.0,1,+20.590,N/A,Finished
2021,12,Belgian Grand Prix,2021-08-29,Circuit de Spa-Francorchamps,Valtteri Bottas,Finnish,Mercedes,13,12,0.0,1,+22.414,N/A,Finished
2021,12,Belgian Grand Prix,2021-08-29,Circuit de Spa-Francorchamps,Antonio Giovinazzi,Italian,Alfa Romeo,14,13,0.0,1,+24.163,N/A,Finished
2021,12,Belgian Grand Prix,2021-08-29,Circuit de Spa-Francorchamps,Lando Norris,British,McLaren,15,14,0.0,1,+27.110,N/A,Finished
2021,12,Belgian Grand Prix,2021-08-29,Circuit de Spa-Francorchamps,Yuki Tsunoda,Japanese,AlphaTauri,16,15,0.0,1,+28.329,N/A,Finished
2021,12,Belgian Grand Prix,2021-08-29,Circuit de Spa-Francorchamps,Mick Schumacher,German,Haas F1 Team,17,16,0.0,1,+29.507,N/A,Finished
2021,12,Belgian Grand Prix,2021-08-29,Circuit de Spa-Francorchamps,Nikita Mazepin,Russian,Haas F1 Team,18,17,0.0,1,+31.993,N/A,Finished
2021,12,Belgian Grand Prix,2021-08-29,Circuit de Spa-Francorchamps,Kimi Räikkönen,Finnish,Alfa Romeo,20,18,0.0,1,+36.054,N/A,Finished
2021,12,Belgian Grand Prix,2021-08-29,Circuit de Spa-Francorchamps,Sergio Pérez,Mexican,Red Bull,20,19,0.0,1,+38.205,N/A,Finished
2021,12,Belgian Grand Prix,2021-08-29,Circuit de Spa-Francorchamps,Lance Stroll,Canadian,Aston Martin,19,20,0.0,1,+44.108,N/A,Finished
2021,13,Dutch Grand Prix,2021-09-05,Circuit Park Zandvoort,Max Verstappen,Dutch,Red Bull,1,1,25.0,72,1:30:05.395,1:13.275,Finished
2021,13,Dutch Grand Prix,2021-09-05,Circuit Park Zandvoort,Lewis Hamilton,British,Mercedes,2,2,19.0,72,+20.932,1:11.097,Finished
2021,13,Dutch Grand Prix,2021-09-05,Circuit Park Zandvoort,Valtteri Bottas,Finnish,Mercedes,3,3,15.0,72,+56.460,1:12.549,Finished
2021,13,Dutch Grand Prix,2021-09-05,Circuit Park Zandvoort,Pierre Gasly,French,AlphaTauri,4,4,12.0,71,N/A,1:14.818,+1 Lap
2021,13,Dutch Grand Prix,2021-09-05,Circuit Park Zandvoort,Charles Leclerc,Monegasque,Ferrari,5,5,10.0,71,N/A,1:14.780,+1 Lap
2021,13,Dutch Grand Prix,2021-09-05,Circuit Park Zandvoort,Fernando Alonso,Spanish,Alpine F1 Team,9,6,8.0,71,N/A,1:14.323,+1 Lap
2021,13,Dutch Grand Prix,2021-09-05,Circuit Park Zandvoort,Carlos Sainz,Spanish,Ferrari,6,7,6.0,71,N/A,1:15.260,+1 Lap
2021,13,Dutch Grand Prix,2021-09-05,Circuit Park Zandvoort,Sergio Pérez,Mexican,Red Bull,20,8,4.0,71,N/A,1:13.461,+1 Lap
2021,13,Dutch Grand Prix,2021-09-05,Circuit Park Zandvoort,Esteban Ocon,French,Alpine F1 Team,8,9,2.0,71,N/A,1:14.675,+1 Lap
2021,13,Dutch Grand Prix,2021-09-05,Circuit Park Zandvoort,Lando Norris,British,McLaren,13,10,1.0,71,N/A,1:14.236,+1 Lap
2021,13,Dutch Grand Prix,2021-09-05,Circuit Park Zandvoort,Daniel Ricciardo,Australian,McLaren,10,11,0.0,71,N/A,1:14.920,+1 Lap
2021,13,Dutch Grand Prix,2021-09-05,Circuit Park Zandvoort,Lance Stroll,Canadian,Aston Martin,12,12,0.0,70,N/A,1:15.611,+2 Laps
2021,13,Dutch Grand Prix,2021-09-05,Circuit Park Zandvoort,Sebastian Vettel,German,Aston Martin,15,13,0.0,70,N/A,1:13.958,+2 Laps
2021,13,Dutch Grand Prix,2021-09-05,Circuit Park Zandvoort,Antonio Giovinazzi,Italian,Alfa Romeo,7,14,0.0,70,N/A,1:15.125,+2 Laps
2021,13,Dutch Grand Prix,2021-09-05,Circuit Park Zandvoort,Robert Kubica,Polish,Alfa Romeo,16,15,0.0,70,N/A,1:15.442,+2 Laps
2021,13,Dutch Grand Prix,2021-09-05,Circuit Park Zandvoort,Nicholas Latifi,Canadian,Williams,20,16,0.0,70,N/A,1:15.790,+2 Laps
2021,13,Dutch Grand Prix,2021-09-05,Circuit Park Zandvoort,George Russell,British,Williams,11,17,0.0,69,N/A,1:15.628,Gearbox
2021,13,Dutch Grand Prix,2021-09-05,Circuit Park Zandvoort,Mick Schumacher,German,Haas F1 Team,17,18,0.0,69,N/A,1:15.927,+3 Laps
2021,13,Dutch Grand Prix,2021-09-05,Circuit Park Zandvoort,Yuki Tsunoda,Japanese,AlphaTauri,14,19,0.0,48,N/A,1:15.783,Power Unit
2021,13,Dutch Grand Prix,2021-09-05,Circuit Park Zandvoort,Nikita Mazepin,Russian,Haas F1 Team,18,20,0.0,41,N/A,1:16.066,Hydraulics
2021,14,Italian Grand Prix,2021-09-12,Autodromo Nazionale di Monza,Daniel Ricciardo,Australian,McLaren,2,1,26.0,53,1:21:54.365,1:24.812,Finished
2021,14,Italian Grand Prix,2021-09-12,Autodromo Nazionale di Monza,Lando Norris,British,McLaren,3,2,18.0,53,+1.747,1:24.971,Finished
2021,14,Italian Grand Prix,2021-09-12,Autodromo Nazionale di Monza,Valtteri Bottas,Finnish,Mercedes,19,3,15.0,53,+4.921,1:24.827,Finished
2021,14,Italian Grand Prix,2021-09-12,Autodromo Nazionale di Monza,Charles Leclerc,Monegasque,Ferrari,5,4,12.0,53,+7.309,1:25.319,Finished
2021,14,Italian Grand Prix,2021-09-12,Autodromo Nazionale di Monza,Sergio Pérez,Mexican,Red Bull,8,5,10.0,53,+8.723,1:25.156,Finished
2021,14,Italian Grand Prix,2021-09-12,Autodromo Nazionale di Monza,Carlos Sainz,Spanish,Ferrari,6,6,8.0,53,+10.535,1:25.559,Finished
2021,14,Italian Grand Prix,2021-09-12,Autodromo Nazionale di Monza,Lance Stroll,Canadian,Aston Martin,9,7,6.0,53,+15.804,1:25.853,Finished
2021,14,Italian Grand Prix,2021-09-12,Autodromo Nazionale di Monza,Fernando Alonso,Spanish,Alpine F1 Team,10,8,4.0,53,+17.201,1:25.472,Finished
2021,14,Italian Grand Prix,2021-09-12,Autodromo Nazionale di Monza,George Russell,British,Williams,14,9,2.0,53,+19.742,1:25.835,Finished
2021,14,Italian Grand Prix,2021-09-12,Autodromo Nazionale di Monza,Esteban Ocon,French,Alpine F1 Team,12,10,1.0,53,+20.868,1:25.566,Finished
2021,14,Italian Grand Prix,2021-09-12,Autodromo Nazionale di Monza,Nicholas Latifi,Canadian,Williams,13,11,0.0,53,+23.743,1:25.953,Finished
2021,14,Italian Grand Prix,2021-09-12,Autodromo Nazionale di Monza,Sebastian Vettel,German,Aston Martin,11,12,0.0,53,+24.621,1:25.938,Finished
2021,14,Italian Grand Prix,2021-09-12,Autodromo Nazionale di Monza,Antonio Giovinazzi,Italian,Alfa Romeo,7,13,0.0,53,+27.216,1:25.718,Finished
2021,14,Italian Grand Prix,2021-09-12,Autodromo Nazionale di Monza,Robert Kubica,Polish,Alfa Romeo,17,14,0.0,53,+29.769,1:25.849,Finished
2021,14,Italian Grand Prix,2021-09-12,Autodromo Nazionale di Monza,Mick Schumacher,German,Haas F1 Team,18,15,0.0,53,+51.088,1:26.707,Finished
2021,14,Italian Grand Prix,2021-09-12,Autodromo Nazionale di Monza,Nikita Mazepin,Russian,Haas F1 Team,16,16,0.0,41,N/A,1:27.202,Power Unit
2021,14,Italian Grand Prix,2021-09-12,Autodromo Nazionale di Monza,Lewis Hamilton,British,Mercedes,4,17,0.0,25,N/A,1:25.870,Collision
2021,14,Italian Grand Prix,2021-09-12,Autodromo Nazionale di Monza,Max Verstappen,Dutch,Red Bull,1,18,0.0,25,N/A,1:25.173,Collision
2021,14,Italian Grand Prix,2021-09-12,Autodromo Nazionale di Monza,Pierre Gasly,French,AlphaTauri,20,19,0.0,3,N/A,1:29.005,Suspension
2021,14,Italian Grand Prix,2021-09-12,Autodromo Nazionale di Monza,Yuki Tsunoda,Japanese,AlphaTauri,20,20,0.0,0,N/A,N/A,Brakes
2021,15,Russian Grand Prix,2021-09-26,Sochi Autodrom,Lewis Hamilton,British,Mercedes,4,1,25.0,53,1:30:41.001,1:37.575,Finished
2021,15,Russian Grand Prix,2021-09-26,Sochi Autodrom,Max Verstappen,Dutch,Red Bull,20,2,18.0,53,+53.271,1:38.396,Finished
2021,15,Russian Grand Prix,2021-09-26,Sochi Autodrom,Carlos Sainz,Spanish,Ferrari,2,3,15.0,53,+1:02.475,1:39.294,Finished
2021,15,Russian Grand Prix,2021-09-26,Sochi Autodrom,Daniel Ricciardo,Australian,McLaren,5,4,12.0,53,+1:05.607,1:39.124,Finished
2021,15,Russian Grand Prix,2021-09-26,Sochi Autodrom,Valtteri Bottas,Finnish,Mercedes,16,5,10.0,53,+1:07.533,1:38.216,Finished
2021,15,Russian Grand Prix,2021-09-26,Sochi Autodrom,Fernando Alonso,Spanish,Alpine F1 Team,6,6,8.0,53,+1:21.321,1:38.686,Finished
2021,15,Russian Grand Prix,2021-09-26,Sochi Autodrom,Lando Norris,British,McLaren,1,7,7.0,53,+1:27.224,1:37.423,Finished
2021,15,Russian Grand Prix,2021-09-26,Sochi Autodrom,Kimi Räikkönen,Finnish,Alfa Romeo,13,8,4.0,53,+1:28.955,1:40.289,Finished
2021,15,Russian Grand Prix,2021-09-26,Sochi Autodrom,Sergio Pérez,Mexican,Red Bull,8,9,2.0,53,+1:30.076,1:39.215,Finished
2021,15,Russian Grand Prix,2021-09-26,Sochi Autodrom,George Russell,British,Williams,3,10,1.0,53,+1:40.551,1:40.596,Finished
2021,15,Russian Grand Prix,2021-09-26,Sochi Autodrom,Lance Stroll,Canadian,Aston Martin,7,11,0.0,53,+1:46.198,1:40.464,Finished
2021,15,Russian Grand Prix,2021-09-26,Sochi Autodrom,Sebastian Vettel,German,Aston Martin,10,12,0.0,52,N/A,1:39.251,+1 Lap
2021,15,Russian Grand Prix,2021-09-26,Sochi Autodrom,Pierre Gasly,French,AlphaTauri,11,13,0.0,52,N/A,1:38.279,+1 Lap
2021,15,Russian Grand Prix,2021-09-26,Sochi Autodrom,Esteban Ocon,French,Alpine F1 Team,9,14,0.0,52,N/A,1:40.598,+1 Lap
2021,15,Russian Grand Prix,2021-09-26,Sochi Autodrom,Charles Leclerc,Monegasque,Ferrari,19,15,0.0,52,N/A,1:38.994,+1 Lap
2021,15,Russian Grand Prix,2021-09-26,Sochi Autodrom,Antonio Giovinazzi,Italian,Alfa Romeo,17,16,0.0,52,N/A,1:39.058,+1 Lap
2021,15,Russian Grand Prix,2021-09-26,Sochi Autodrom,Yuki Tsunoda,Japanese,AlphaTauri,12,17,0.0,52,N/A,1:39.960,+1 Lap
2021,15,Russian Grand Prix,2021-09-26,Sochi Autodrom,Nikita Mazepin,Russian,Haas F1 Team,15,18,0.0,51,N/A,1:41.713,+2 Laps
2021,15,Russian Grand Prix,2021-09-26,Sochi Autodrom,Nicholas Latifi,Canadian,Williams,18,19,0.0,47,N/A,1:40.000,Accident
2021,15,Russian Grand Prix,2021-09-26,Sochi Autodrom,Mick Schumacher,German,Haas F1 Team,14,20,0.0,32,N/A,1:40.276,Oil leak
2021,16,Turkish Grand Prix,2021-10-10,Istanbul Park,Valtteri Bottas,Finnish,Mercedes,1,1,26.0,58,1:31:04.103,1:30.432,Finished
2021,16,Turkish Grand Prix,2021-10-10,Istanbul Park,Max Verstappen,Dutch,Red Bull,2,2,18.0,58,+14.584,1:32.759,Finished
2021,16,Turkish Grand Prix,2021-10-10,Istanbul Park,Sergio Pérez,Mexican,Red Bull,6,3,15.0,58,+33.471,1:32.459,Finished
2021,16,Turkish Grand Prix,2021-10-10,Istanbul Park,Charles Leclerc,Monegasque,Ferrari,3,4,12.0,58,+37.814,1:32.737,Finished
2021,16,Turkish Grand Prix,2021-10-10,Istanbul Park,Lewis Hamilton,British,Mercedes,11,5,10.0,58,+41.812,1:32.763,Finished
2021,16,Turkish Grand Prix,2021-10-10,Istanbul Park,Pierre Gasly,French,AlphaTauri,4,6,8.0,58,+44.292,1:32.814,Finished
2021,16,Turkish Grand Prix,2021-10-10,Istanbul Park,Lando Norris,British,McLaren,7,7,6.0,58,+47.213,1:32.446,Finished
2021,16,Turkish Grand Prix,2021-10-10,Istanbul Park,Carlos Sainz,Spanish,Ferrari,19,8,4.0,58,+51.526,1:31.921,Finished
2021,16,Turkish Grand Prix,2021-10-10,Istanbul Park,Lance Stroll,Canadian,Aston Martin,8,9,2.0,58,+1:22.018,1:32.608,Finished
2021,16,Turkish Grand Prix,2021-10-10,Istanbul Park,Esteban Ocon,French,Alpine F1 Team,12,10,1.0,57,N/A,1:34.584,+1 Lap
2021,16,Turkish Grand Prix,2021-10-10,Istanbul Park,Antonio Giovinazzi,Italian,Alfa Romeo,16,11,0.0,57,N/A,1:32.904,+1 Lap
2021,16,Turkish Grand Prix,2021-10-10,Istanbul Park,Kimi Räikkönen,Finnish,Alfa Romeo,17,12,0.0,57,N/A,1:32.586,+1 Lap
2021,16,Turkish Grand Prix,2021-10-10,Istanbul Park,Daniel Ricciardo,Australian,McLaren,20,13,0.0,57,N/A,1:33.255,+1 Lap
2021,16,Turkish Grand Prix,2021-10-10,Istanbul Park,Yuki Tsunoda,Japanese,AlphaTauri,9,14,0.0,57,N/A,1:32.844,+1 Lap
2021,16,Turkish Grand Prix,2021-10-10,Istanbul Park,George Russell,British,Williams,13,15,0.0,57,N/A,1:33.399,+1 Lap
2021,16,Turkish Grand Prix,2021-10-10,Istanbul Park,Fernando Alonso,Spanish,Alpine F1 Team,5,16,0.0,57,N/A,1:33.252,+1 Lap
2021,16,Turkish Grand Prix,2021-10-10,Istanbul Park,Nicholas Latifi,Canadian,Williams,15,17,0.0,57,N/A,1:33.672,+1 Lap
2021,16,Turkish Grand Prix,2021-10-10,Istanbul Park,Sebastian Vettel,German,Aston Martin,10,18,0.0,57,N/A,1:32.730,+1 Lap
2021,16,Turkish Grand Prix,2021-10-10,Istanbul Park,Mick Schumacher,German,Haas F1 Team,14,19,0.0,56,N/A,1:34.209,+2 Laps
2021,16,Turkish Grand Prix,2021-10-10,Istanbul Park,Nikita Mazepin,Russian,Haas F1 Team,18,20,0.0,56,N/A,1:35.438,+2 Laps
2021,17,United States Grand Prix,2021-10-24,Circuit of the Americas,Max Verstappen,Dutch,Red Bull,1,1,25.0,56,1:34:36.552,1:39.096,Finished
2021,17,United States Grand Prix,2021-10-24,Circuit of the Americas,Lewis Hamilton,British,Mercedes,2,2,19.0,56,+1.333,1:38.485,Finished
2021,17,United States Grand Prix,2021-10-24,Circuit of the Americas,Sergio Pérez,Mexican,Red Bull,3,3,15.0,56,+42.223,1:39.566,Finished
2021,17,United States Grand Prix,2021-10-24,Circuit of the Americas,Charles Leclerc,Monegasque,Ferrari,4,4,12.0,56,+52.246,1:39.303,Finished
2021,17,United States Grand Prix,2021-10-24,Circuit of the Americas,Daniel Ricciardo,Australian,McLaren,6,5,10.0,56,+1:16.854,1:40.345,Finished
2021,17,United States Grand Prix,2021-10-24,Circuit of the Americas,Valtteri Bottas,Finnish,Mercedes,9,6,8.0,56,+1:20.128,1:40.147,Finished
2021,17,United States Grand Prix,2021-10-24,Circuit of the Americas,Carlos Sainz,Spanish,Ferrari,5,7,6.0,56,+1:23.545,1:40.377,Finished
2021,17,United States Grand Prix,2021-10-24,Circuit of the Americas,Lando Norris,British,McLaren,7,8,4.0,56,+1:24.395,1:40.228,Finished
2021,17,United States Grand Prix,2021-10-24,Circuit of the Americas,Yuki Tsunoda,Japanese,AlphaTauri,10,9,2.0,55,N/A,1:41.151,+1 Lap
2021,17,United States Grand Prix,2021-10-24,Circuit of the Americas,Sebastian Vettel,German,Aston Martin,18,10,1.0,55,N/A,1:40.481,+1 Lap
2021,17,United States Grand Prix,2021-10-24,Circuit of the Americas,Antonio Giovinazzi,Italian,Alfa Romeo,12,11,0.0,55,N/A,1:41.145,+1 Lap
2021,17,United States Grand Prix,2021-10-24,Circuit of the Americas,Lance Stroll,Canadian,Aston Martin,13,12,0.0,55,N/A,1:41.189,+1 Lap
2021,17,United States Grand Prix,2021-10-24,Circuit of the Americas,Kimi Räikkönen,Finnish,Alfa Romeo,15,13,0.0,55,N/A,1:41.340,+1 Lap
2021,17,United States Grand Prix,2021-10-24,Circuit of the Americas,George Russell,British,Williams,20,14,0.0,55,N/A,1:41.120,+1 Lap
2021,17,United States Grand Prix,2021-10-24,Circuit of the Americas,Nicholas Latifi,Canadian,Williams,14,15,0.0,55,N/A,1:41.818,+1 Lap
2021,17,United States Grand Prix,2021-10-24,Circuit of the Americas,Mick Schumacher,German,Haas F1 Team,16,16,0.0,54,N/A,1:41.395,+2 Laps
2021,17,United States Grand Prix,2021-10-24,Circuit of the Americas,Nikita Mazepin,Russian,Haas F1 Team,17,17,0.0,54,N/A,1:42.886,+2 Laps
2021,17,United States Grand Prix,2021-10-24,Circuit of the Americas,Fernando Alonso,Spanish,Alpine F1 Team,19,18,0.0,49,N/A,1:40.067,Rear wing
2021,17,United States Grand Prix,2021-10-24,Circuit of the Americas,Esteban Ocon,French,Alpine F1 Team,11,19,0.0,40,N/A,1:42.194,Mechanical
2021,17,United States Grand Prix,2021-10-24,Circuit of the Americas,Pierre Gasly,French,AlphaTauri,8,20,0.0,14,N/A,1:42.015,Suspension
2021,18,Mexico City Grand Prix,2021-11-07,Autódromo Hermanos Rodríguez,Max Verstappen,Dutch,Red Bull,3,1,25.0,71,1:38:39.086,1:18.999,Finished
2021,18,Mexico City Grand Prix,2021-11-07,Autódromo Hermanos Rodríguez,Lewis Hamilton,British,Mercedes,2,2,18.0,71,+16.555,1:19.820,Finished
2021,18,Mexico City Grand Prix,2021-11-07,Autódromo Hermanos Rodríguez,Sergio Pérez,Mexican,Red Bull,4,3,15.0,71,+17.752,1:19.468,Finished
2021,18,Mexico City Grand Prix,2021-11-07,Autódromo Hermanos Rodríguez,Pierre Gasly,French,AlphaTauri,5,4,12.0,71,+1:03.845,1:20.510,Finished
2021,18,Mexico City Grand Prix,2021-11-07,Autódromo Hermanos Rodríguez,Charles Leclerc,Monegasque,Ferrari,8,5,10.0,71,+1:21.037,1:20.665,Finished
2021,18,Mexico City Grand Prix,2021-11-07,Autódromo Hermanos Rodríguez,Carlos Sainz,Spanish,Ferrari,6,6,8.0,70,N/A,1:20.081,+1 Lap
2021,18,Mexico City Grand Prix,2021-11-07,Autódromo Hermanos Rodríguez,Sebastian Vettel,German,Aston Martin,9,7,6.0,70,N/A,1:20.460,+1 Lap
2021,18,Mexico City Grand Prix,2021-11-07,Autódromo Hermanos Rodríguez,Kimi Räikkönen,Finnish,Alfa Romeo,10,8,4.0,70,N/A,1:20.713,+1 Lap
2021,18,Mexico City Grand Prix,2021-11-07,Autódromo Hermanos Rodríguez,Fernando Alonso,Spanish,Alpine F1 Team,12,9,2.0,70,N/A,1:20.711,+1 Lap
2021,18,Mexico City Grand Prix,2021-11-07,Autódromo Hermanos Rodríguez,Lando Norris,British,McLaren,18,10,1.0,70,N/A,1:20.617,+1 Lap
2021,18,Mexico City Grand Prix,2021-11-07,Autódromo Hermanos Rodríguez,Antonio Giovinazzi,Italian,Alfa Romeo,11,11,0.0,70,N/A,1:21.523,+1 Lap
2021,18,Mexico City Grand Prix,2021-11-07,Autódromo Hermanos Rodríguez,Daniel Ricciardo,Australian,McLaren,7,12,0.0,70,N/A,1:21.069,+1 Lap
2021,18,Mexico City Grand Prix,2021-11-07,Autódromo Hermanos Rodríguez,Esteban Ocon,French,Alpine F1 Team,19,13,0.0,70,N/A,1:21.348,+1 Lap
2021,18,Mexico City Grand Prix,2021-11-07,Autódromo Hermanos Rodríguez,Lance Stroll,Canadian,Aston Martin,20,14,0.0,69,N/A,1:20.930,+2 Laps
2021,18,Mexico City Grand Prix,2021-11-07,Autódromo Hermanos Rodríguez,Valtteri Bottas,Finnish,Mercedes,1,15,0.0,69,N/A,1:17.774,+2 Laps
2021,18,Mexico City Grand Prix,2021-11-07,Autódromo Hermanos Rodríguez,George Russell,British,Williams,16,16,0.0,69,N/A,1:22.016,+2 Laps
2021,18,Mexico City Grand Prix,2021-11-07,Autódromo Hermanos Rodríguez,Nicholas Latifi,Canadian,Williams,13,17,0.0,69,N/A,1:21.546,+2 Laps
2021,18,Mexico City Grand Prix,2021-11-07,Autódromo Hermanos Rodríguez,Nikita Mazepin,Russian,Haas F1 Team,15,18,0.0,68,N/A,1:21.402,+3 Laps
2021,18,Mexico City Grand Prix,2021-11-07,Autódromo Hermanos Rodríguez,Mick Schumacher,German,Haas F1 Team,14,19,0.0,0,N/A,N/A,Collision
2021,18,Mexico City Grand Prix,2021-11-07,Autódromo Hermanos Rodríguez,Yuki Tsunoda,Japanese,AlphaTauri,17,20,0.0,0,N/A,N/A,Collision
2021,19,São Paulo Grand Prix,2021-11-14,Autódromo José Carlos Pace,Lewis Hamilton,British,Mercedes,10,1,25.0,71,1:32:22.851,1:11.982,Finished
2021,19,São Paulo Grand Prix,2021-11-14,Autódromo José Carlos Pace,Max Verstappen,Dutch,Red Bull,2,2,18.0,71,+10.496,1:12.486,Finished
2021,19,São Paulo Grand Prix,2021-11-14,Autódromo José Carlos Pace,Valtteri Bottas,Finnish,Mercedes,1,3,15.0,71,+13.576,1:12.526,Finished
2021,19,São Paulo Grand Prix,2021-11-14,Autódromo José Carlos Pace,Sergio Pérez,Mexican,Red Bull,4,4,13.0,71,+39.940,1:11.010,Finished
2021,19,São Paulo Grand Prix,2021-11-14,Autódromo José Carlos Pace,Charles Leclerc,Monegasque,Ferrari,6,5,10.0,71,+49.517,1:12.822,Finished
2021,19,São Paulo Grand Prix,2021-11-14,Autódromo José Carlos Pace,Carlos Sainz,Spanish,Ferrari,3,6,8.0,71,+51.820,1:12.710,Finished
2021,19,São Paulo Grand Prix,2021-11-14,Autódromo José Carlos Pace,Pierre Gasly,French,AlphaTauri,7,7,6.0,70,N/A,1:13.227,+1 Lap
2021,19,São Paulo Grand Prix,2021-11-14,Autódromo José Carlos Pace,Esteban Ocon,French,Alpine F1 Team,8,8,4.0,70,N/A,1:14.430,+1 Lap
2021,19,São Paulo Grand Prix,2021-11-14,Autódromo José Carlos Pace,Fernando Alonso,Spanish,Alpine F1 Team,12,9,2.0,70,N/A,1:13.922,+1 Lap
2021,19,São Paulo Grand Prix,2021-11-14,Autódromo José Carlos Pace,Lando Norris,British,McLaren,5,10,1.0,70,N/A,1:13.761,+1 Lap
2021,19,São Paulo Grand Prix,2021-11-14,Autódromo José Carlos Pace,Sebastian Vettel,German,Aston Martin,9,11,0.0,70,N/A,1:13.634,+1 Lap
2021,19,São Paulo Grand Prix,2021-11-14,Autódromo José Carlos Pace,Kimi Räikkönen,Finnish,Alfa Romeo,20,12,0.0,70,N/A,1:12.621,+1 Lap
2021,19,São Paulo Grand Prix,2021-11-14,Autódromo José Carlos Pace,George Russell,British,Williams,17,13,0.0,70,N/A,1:14.355,+1 Lap
2021,19,São Paulo Grand Prix,2021-11-14,Autódromo José Carlos Pace,Antonio Giovinazzi,Italian,Alfa Romeo,13,14,0.0,70,N/A,1:14.227,+1 Lap
2021,19,São Paulo Grand Prix,2021-11-14,Autódromo José Carlos Pace,Yuki Tsunoda,Japanese,AlphaTauri,15,15,0.0,70,N/A,1:14.204,+1 Lap
2021,19,São Paulo Grand Prix,2021-11-14,Autódromo José Carlos Pace,Nicholas Latifi,Canadian,Williams,16,16,0.0,70,N/A,1:14.616,+1 Lap
2021,19,São Paulo Grand Prix,2021-11-14,Autódromo José Carlos Pace,Nikita Mazepin,Russian,Haas F1 Team,19,17,0.0,69,N/A,1:14.954,+2 Laps
2021,19,São Paulo Grand Prix,2021-11-14,Autódromo José Carlos Pace,Mick Schumacher,German,Haas F1 Team,18,18,0.0,69,N/A,1:13.793,+2 Laps
2021,19,São Paulo Grand Prix,2021-11-14,Autódromo José Carlos Pace,Daniel Ricciardo,Australian,McLaren,11,19,0.0,49,N/A,1:14.443,Power loss
2021,19,São Paulo Grand Prix,2021-11-14,Autódromo José Carlos Pace,Lance Stroll,Canadian,Aston Martin,14,20,0.0,47,N/A,1:15.344,Collision damage
2021,20,Qatar Grand Prix,2021-11-21,Losail International Circuit,Lewis Hamilton,British,Mercedes,1,1,25.0,57,1:24:28.471,1:25.084,Finished
2021,20,Qatar Grand Prix,2021-11-21,Losail International Circuit,Max Verstappen,Dutch,Red Bull,7,2,19.0,57,+25.743,1:23.196,Finished
2021,20,Qatar Grand Prix,2021-11-21,Losail International Circuit,Fernando Alonso,Spanish,Alpine F1 Team,3,3,15.0,57,+59.457,1:26.682,Finished
2021,20,Qatar Grand Prix,2021-11-21,Losail International Circuit,Sergio Pérez,Mexican,Red Bull,11,4,12.0,57,+1:02.306,1:25.613,Finished
2021,20,Qatar Grand Prix,2021-11-21,Losail International Circuit,Esteban Ocon,French,Alpine F1 Team,9,5,10.0,57,+1:20.570,1:27.061,Finished
2021,20,Qatar Grand Prix,2021-11-21,Losail International Circuit,Lance Stroll,Canadian,Aston Martin,12,6,8.0,57,+1:21.274,1:27.356,Finished
2021,20,Qatar Grand Prix,2021-11-21,Losail International Circuit,Carlos Sainz,Spanish,Ferrari,5,7,6.0,57,+1:21.911,1:26.570,Finished
2021,20,Qatar Grand Prix,2021-11-21,Losail International Circuit,Charles Leclerc,Monegasque,Ferrari,13,8,4.0,57,+1:23.126,1:26.555,Finished
2021,20,Qatar Grand Prix,2021-11-21,Losail International Circuit,Lando Norris,British,McLaren,4,9,2.0,56,N/A,1:25.746,+1 Lap
2021,20,Qatar Grand Prix,2021-11-21,Losail International Circuit,Sebastian Vettel,German,Aston Martin,10,10,1.0,56,N/A,1:26.434,+1 Lap
2021,20,Qatar Grand Prix,2021-11-21,Losail International Circuit,Pierre Gasly,French,AlphaTauri,2,11,0.0,56,N/A,1:27.019,+1 Lap
2021,20,Qatar Grand Prix,2021-11-21,Losail International Circuit,Daniel Ricciardo,Australian,McLaren,14,12,0.0,56,N/A,1:27.198,+1 Lap
2021,20,Qatar Grand Prix,2021-11-21,Losail International Circuit,Yuki Tsunoda,Japanese,AlphaTauri,8,13,0.0,56,N/A,1:27.043,+1 Lap
2021,20,Qatar Grand Prix,2021-11-21,Losail International Circuit,Kimi Räikkönen,Finnish,Alfa Romeo,16,14,0.0,56,N/A,1:26.358,+1 Lap
2021,20,Qatar Grand Prix,2021-11-21,Losail International Circuit,Antonio Giovinazzi,Italian,Alfa Romeo,18,15,0.0,56,N/A,1:27.823,+1 Lap
2021,20,Qatar Grand Prix,2021-11-21,Losail International Circuit,Mick Schumacher,German,Haas F1 Team,19,16,0.0,56,N/A,1:28.412,+1 Lap
2021,20,Qatar Grand Prix,2021-11-21,Losail International Circuit,George Russell,British,Williams,15,17,0.0,55,N/A,1:25.768,+2 Laps
2021,20,Qatar Grand Prix,2021-11-21,Losail International Circuit,Nikita Mazepin,Russian,Haas F1 Team,20,18,0.0,55,N/A,1:27.340,+2 Laps
2021,20,Qatar Grand Prix,2021-11-21,Losail International Circuit,Nicholas Latifi,Canadian,Williams,17,19,0.0,50,N/A,1:28.732,Puncture
2021,20,Qatar Grand Prix,2021-11-21,Losail International Circuit,Valtteri Bottas,Finnish,Mercedes,6,20,0.0,48,N/A,1:27.246,Damage
2021,21,Saudi Arabian Grand Prix,2021-12-05,Jeddah Corniche Circuit,Lewis Hamilton,British,Mercedes,1,1,26.0,50,2:06:15.118,1:30.734,Finished
2021,21,Saudi Arabian Grand Prix,2021-12-05,Jeddah Corniche Circuit,Max Verstappen,Dutch,Red Bull,3,2,18.0,50,+11.825,1:31.488,Finished
2021,21,Saudi Arabian Grand Prix,2021-12-05,Jeddah Corniche Circuit,Valtteri Bottas,Finnish,Mercedes,2,3,15.0,50,+27.531,1:31.408,Finished
2021,21,Saudi Arabian Grand Prix,2021-12-05,Jeddah Corniche Circuit,Esteban Ocon,French,Alpine F1 Team,9,4,12.0,50,+27.633,1:31.797,Finished
2021,21,Saudi Arabian Grand Prix,2021-12-05,Jeddah Corniche Circuit,Daniel Ricciardo,Australian,McLaren,11,5,10.0,50,+40.121,1:32.716,Finished
2021,21,Saudi Arabian Grand Prix,2021-12-05,Jeddah Corniche Circuit,Pierre Gasly,French,AlphaTauri,6,6,8.0,50,+41.613,1:32.297,Finished
2021,21,Saudi Arabian Grand Prix,2021-12-05,Jeddah Corniche Circuit,Charles Leclerc,Monegasque,Ferrari,4,7,6.0,50,+44.475,1:31.601,Finished
2021,21,Saudi Arabian Grand Prix,2021-12-05,Jeddah Corniche Circuit,Carlos Sainz,Spanish,Ferrari,15,8,4.0,50,+46.606,1:31.851,Finished
2021,21,Saudi Arabian Grand Prix,2021-12-05,Jeddah Corniche Circuit,Antonio Giovinazzi,Italian,Alfa Romeo,10,9,2.0,50,+58.505,1:32.865,Finished
2021,21,Saudi Arabian Grand Prix,2021-12-05,Jeddah Corniche Circuit,Lando Norris,British,McLaren,7,10,1.0,50,+1:01.358,1:31.914,Finished
2021,21,Saudi Arabian Grand Prix,2021-12-05,Jeddah Corniche Circuit,Lance Stroll,Canadian,Aston Martin,18,11,0.0,50,+1:17.212,1:32.804,Finished
2021,21,Saudi Arabian Grand Prix,2021-12-05,Jeddah Corniche Circuit,Nicholas Latifi,Canadian,Williams,16,12,0.0,50,+1:23.249,1:32.751,Finished
2021,21,Saudi Arabian Grand Prix,2021-12-05,Jeddah Corniche Circuit,Fernando Alonso,Spanish,Alpine F1 Team,13,13,0.0,49,N/A,1:31.633,+1 Lap
2021,21,Saudi Arabian Grand Prix,2021-12-05,Jeddah Corniche Circuit,Yuki Tsunoda,Japanese,AlphaTauri,8,14,0.0,49,N/A,1:32.506,+1 Lap
2021,21,Saudi Arabian Grand Prix,2021-12-05,Jeddah Corniche Circuit,Kimi Räikkönen,Finnish,Alfa Romeo,12,15,0.0,49,N/A,1:32.778,+1 Lap
2021,21,Saudi Arabian Grand Prix,2021-12-05,Jeddah Corniche Circuit,Sebastian Vettel,German,Aston Martin,17,16,0.0,44,N/A,1:34.030,Collision damage
2021,21,Saudi Arabian Grand Prix,2021-12-05,Jeddah Corniche Circuit,Sergio Pérez,Mexican,Red Bull,5,17,0.0,14,N/A,1:34.138,Collision
2021,21,Saudi Arabian Grand Prix,2021-12-05,Jeddah Corniche Circuit,Nikita Mazepin,Russian,Haas F1 Team,20,18,0.0,14,N/A,1:37.043,Collision
2021,21,Saudi Arabian Grand Prix,2021-12-05,Jeddah Corniche Circuit,George Russell,British,Williams,14,19,0.0,14,N/A,1:36.130,Collision
2021,21,Saudi Arabian Grand Prix,2021-12-05,Jeddah Corniche Circuit,Mick Schumacher,German,Haas F1 Team,19,20,0.0,8,N/A,1:36.043,Accident
2021,22,Abu Dhabi Grand Prix,2021-12-12,Yas Marina Circuit,Max Verstappen,Dutch,Red Bull,1,1,26.0,58,1:30:17.345,1:26.103,Finished
2021,22,Abu Dhabi Grand Prix,2021-12-12,Yas Marina Circuit,Lewis Hamilton,British,Mercedes,2,2,18.0,58,+2.256,1:26.615,Finished
2021,22,Abu Dhabi Grand Prix,2021-12-12,Yas Marina Circuit,Carlos Sainz,Spanish,Ferrari,5,3,15.0,58,+5.173,1:27.618,Finished
2021,22,Abu Dhabi Grand Prix,2021-12-12,Yas Marina Circuit,Yuki Tsunoda,Japanese,AlphaTauri,8,4,12.0,58,+5.692,1:27.496,Finished
2021,22,Abu Dhabi Grand Prix,2021-12-12,Yas Marina Circuit,Pierre Gasly,French,AlphaTauri,12,5,10.0,58,+6.531,1:27.342,Finished
2021,22,Abu Dhabi Grand Prix,2021-12-12,Yas Marina Circuit,Valtteri Bottas,Finnish,Mercedes,6,6,8.0,58,+7.463,1:26.862,Finished
2021,22,Abu Dhabi Grand Prix,2021-12-12,Yas Marina Circuit,Lando Norris,British,McLaren,3,7,6.0,58,+59.200,1:26.762,Finished
2021,22,Abu Dhabi Grand Prix,2021-12-12,Yas Marina Circuit,Fernando Alonso,Spanish,Alpine F1 Team,11,8,4.0,58,+1:01.708,1:27.607,Finished
2021,22,Abu Dhabi Grand Prix,2021-12-12,Yas Marina Circuit,Esteban Ocon,French,Alpine F1 Team,9,9,2.0,58,+1:04.026,1:28.249,Finished
2021,22,Abu Dhabi Grand Prix,2021-12-12,Yas Marina Circuit,Charles Leclerc,Monegasque,Ferrari,7,10,1.0,58,+1:06.057,1:28.433,Finished
2021,22,Abu Dhabi Grand Prix,2021-12-12,Yas Marina Circuit,Sebastian Vettel,German,Aston Martin,15,11,0.0,58,+1:07.527,1:28.303,Finished
2021,22,Abu Dhabi Grand Prix,2021-12-12,Yas Marina Circuit,Daniel Ricciardo,Australian,McLaren,10,12,0.0,57,N/A,1:28.723,+1 Lap
2021,22,Abu Dhabi Grand Prix,2021-12-12,Yas Marina Circuit,Lance Stroll,Canadian,Aston Martin,13,13,0.0,57,N/A,1:28.567,+1 Lap
2021,22,Abu Dhabi Grand Prix,2021-12-12,Yas Marina Circuit,Mick Schumacher,German,Haas F1 Team,19,14,0.0,57,N/A,1:29.457,+1 Lap
2021,22,Abu Dhabi Grand Prix,2021-12-12,Yas Marina Circuit,Sergio Pérez,Mexican,Red Bull,4,15,0.0,55,N/A,1:26.419,Engine
2021,22,Abu Dhabi Grand Prix,2021-12-12,Yas Marina Circuit,Nicholas Latifi,Canadian,Williams,16,16,0.0,50,N/A,1:29.293,Accident
2021,22,Abu Dhabi Grand Prix,2021-12-12,Yas Marina Circuit,Antonio Giovinazzi,Italian,Alfa Romeo,14,17,0.0,33,N/A,1:29.442,Gearbox
2021,22,Abu Dhabi Grand Prix,2021-12-12,Yas Marina Circuit,George Russell,British,Williams,17,18,0.0,26,N/A,1:30.647,Gearbox
2021,22,Abu Dhabi Grand Prix,2021-12-12,Yas Marina Circuit,Kimi Räikkönen,Finnish,Alfa Romeo,18,19,0.0,25,N/A,1:29.698,Brakes
2021,22,Abu Dhabi Grand Prix,2021-12-12,Yas Marina Circuit,Nikita Mazepin,Russian,Haas F1 Team,20,20,0.0,0,N/A,N/A,Illness
2022,1,Bahrain Grand Prix,2022-03-20,Bahrain International Circuit,Charles Leclerc,Monegasque,Ferrari,1,1,26.0,57,1:37:33.584,1:34.570,Finished
2022,1,Bahrain Grand Prix,2022-03-20,Bahrain International Circuit,Carlos Sainz,Spanish,Ferrari,3,2,18.0,57,+5.598,1:35.740,Finished
2022,1,Bahrain Grand Prix,2022-03-20,Bahrain International Circuit,Lewis Hamilton,British,Mercedes,5,3,15.0,57,+9.675,1:36.228,Finished
2022,1,Bahrain Grand Prix,2022-03-20,Bahrain International Circuit,George Russell,British,Mercedes,9,4,12.0,57,+11.211,1:36.302,Finished
2022,1,Bahrain Grand Prix,2022-03-20,Bahrain International Circuit,Kevin Magnussen,Danish,Haas F1 Team,7,5,10.0,57,+14.754,1:36.623,Finished
2022,1,Bahrain Grand Prix,2022-03-20,Bahrain International Circuit,Valtteri Bottas,Finnish,Alfa Romeo,6,6,8.0,57,+16.119,1:36.599,Finished
2022,1,Bahrain Grand Prix,2022-03-20,Bahrain International Circuit,Esteban Ocon,French,Alpine F1 Team,11,7,6.0,57,+19.423,1:37.110,Finished
2022,1,Bahrain Grand Prix,2022-03-20,Bahrain International Circuit,Yuki Tsunoda,Japanese,AlphaTauri,16,8,4.0,57,+20.386,1:37.104,Finished
2022,1,Bahrain Grand Prix,2022-03-20,Bahrain International Circuit,Fernando Alonso,Spanish,Alpine F1 Team,8,9,2.0,57,+22.390,1:36.733,Finished
2022,1,Bahrain Grand Prix,2022-03-20,Bahrain International Circuit,Guanyu Zhou,Chinese,Alfa Romeo,15,10,1.0,57,+23.064,1:36.685,Finished
2022,1,Bahrain Grand Prix,2022-03-20,Bahrain International Circuit,Mick Schumacher,German,Haas F1 Team,12,11,0.0,57,+32.574,1:36.956,Finished
2022,1,Bahrain Grand Prix,2022-03-20,Bahrain International Circuit,Lance Stroll,Canadian,Aston Martin,19,12,0.0,57,+45.873,1:37.146,Finished
2022,1,Bahrain Grand Prix,2022-03-20,Bahrain International Circuit,Alexander Albon,Thai,Williams,14,13,0.0,57,+53.932,1:37.355,Finished
2022,1,Bahrain Grand Prix,2022-03-20,Bahrain International Circuit,Daniel Ricciardo,Australian,McLaren,18,14,0.0,57,+54.975,1:37.261,Finished
2022,1,Bahrain Grand Prix,2022-03-20,Bahrain International Circuit,Lando Norris,British,McLaren,13,15,0.0,57,+56.335,1:36.988,Finished
2022,1,Bahrain Grand Prix,2022-03-20,Bahrain International Circuit,Nicholas Latifi,Canadian,Williams,20,16,0.0,57,+1:01.795,1:38.251,Finished
2022,1,Bahrain Grand Prix,2022-03-20,Bahrain International Circuit,Nico Hülkenberg,German,Aston Martin,17,17,0.0,57,+1:03.829,1:38.201,Finished
2022,1,Bahrain Grand Prix,2022-03-20,Bahrain International Circuit,Sergio Pérez,Mexican,Red Bull,4,18,0.0,56,N/A,1:36.089,Fuel pressure
2022,1,Bahrain Grand Prix,2022-03-20,Bahrain International Circuit,Max Verstappen,Dutch,Red Bull,2,19,0.0,54,N/A,1:35.440,Fuel pressure
2022,1,Bahrain Grand Prix,2022-03-20,Bahrain International Circuit,Pierre Gasly,French,AlphaTauri,10,20,0.0,44,N/A,1:37.324,Power Unit
2022,2,Saudi Arabian Grand Prix,2022-03-27,Jeddah Corniche Circuit,Max Verstappen,Dutch,Red Bull,4,1,25.0,50,1:24:19.293,1:31.772,Finished
2022,2,Saudi Arabian Grand Prix,2022-03-27,Jeddah Corniche Circuit,Charles Leclerc,Monegasque,Ferrari,2,2,19.0,50,+0.549,1:31.634,Finished
2022,2,Saudi Arabian Grand Prix,2022-03-27,Jeddah Corniche Circuit,Carlos Sainz,Spanish,Ferrari,3,3,15.0,50,+8.097,1:31.905,Finished
2022,2,Saudi Arabian Grand Prix,2022-03-27,Jeddah Corniche Circuit,Sergio Pérez,Mexican,Red Bull,1,4,12.0,50,+10.800,1:32.042,Finished
2022,2,Saudi Arabian Grand Prix,2022-03-27,Jeddah Corniche Circuit,George Russell,British,Mercedes,6,5,10.0,50,+32.732,1:32.821,Finished
2022,2,Saudi Arabian Grand Prix,2022-03-27,Jeddah Corniche Circuit,Esteban Ocon,French,Alpine F1 Team,5,6,8.0,50,+56.017,1:33.103,Finished
2022,2,Saudi Arabian Grand Prix,2022-03-27,Jeddah Corniche Circuit,Lando Norris,British,McLaren,11,7,6.0,50,+56.124,1:32.753,Finished
2022,2,Saudi Arabian Grand Prix,2022-03-27,Jeddah Corniche Circuit,Pierre Gasly,French,AlphaTauri,9,8,4.0,50,+1:02.946,1:33.468,Finished
2022,2,Saudi Arabian Grand Prix,2022-03-27,Jeddah Corniche Circuit,Kevin Magnussen,Danish,Haas F1 Team,10,9,2.0,50,+1:04.308,1:32.779,Finished
2022,2,Saudi Arabian Grand Prix,2022-03-27,Jeddah Corniche Circuit,Lewis Hamilton,British,Mercedes,15,10,1.0,50,+1:13.948,1:32.997,Finished
2022,2,Saudi Arabian Grand Prix,2022-03-27,Jeddah Corniche Circuit,Guanyu Zhou,Chinese,Alfa Romeo,12,11,0.0,50,+1:22.215,1:33.924,Finished
2022,2,Saudi Arabian Grand Prix,2022-03-27,Jeddah Corniche Circuit,Nico Hülkenberg,German,Aston Martin,17,12,0.0,50,+1:31.742,1:33.651,Finished
2022,2,Saudi Arabian Grand Prix,2022-03-27,Jeddah Corniche Circuit,Lance Stroll,Canadian,Aston Martin,13,13,0.0,49,N/A,1:34.446,+1 Lap
2022,2,Saudi Arabian Grand Prix,2022-03-27,Jeddah Corniche Circuit,Alexander Albon,Thai,Williams,16,14,0.0,47,N/A,1:34.368,Collision damage
2022,2,Saudi Arabian Grand Prix,2022-03-27,Jeddah Corniche Circuit,Valtteri Bottas,Finnish,Alfa Romeo,8,15,0.0,36,N/A,1:33.979,Cooling system
2022,2,Saudi Arabian Grand Prix,2022-03-27,Jeddah Corniche Circuit,Fernando Alonso,Spanish,Alpine F1 Team,7,16,0.0,35,N/A,1:33.831,Water pump
2022,2,Saudi Arabian Grand Prix,2022-03-27,Jeddah Corniche Circuit,Daniel Ricciardo,Australian,McLaren,14,17,0.0,35,N/A,1:34.487,Gearbox
2022,2,Saudi Arabian Grand Prix,2022-03-27,Jeddah Corniche Circuit,Nicholas Latifi,Canadian,Williams,18,18,0.0,14,N/A,1:37.530,Accident
2022,2,Saudi Arabian Grand Prix,2022-03-27,Jeddah Corniche Circuit,Yuki Tsunoda,Japanese,AlphaTauri,19,19,0.0,0,N/A,N/A,Power Unit
2022,2,Saudi Arabian Grand Prix,2022-03-27,Jeddah Corniche Circuit,Mick Schumacher,German,Haas F1 Team,20,20,0.0,0,N/A,N/A,Withdrew
2022,3,Australian Grand Prix,2022-04-10,Albert Park Grand Prix Circuit,Charles Leclerc,Monegasque,Ferrari,1,1,26.0,58,1:27:46.548,1:20.260,Finished
2022,3,Australian Grand Prix,2022-04-10,Albert Park Grand Prix Circuit,Sergio Pérez,Mexican,Red Bull,3,2,18.0,58,+20.524,1:21.094,Finished
2022,3,Australian Grand Prix,2022-04-10,Albert Park Grand Prix Circuit,George Russell,British,Mercedes,6,3,15.0,58,+25.593,1:21.495,Finished
2022,3,Australian Grand Prix,2022-04-10,Albert Park Grand Prix Circuit,Lewis Hamilton,British,Mercedes,5,4,12.0,58,+28.543,1:21.886,Finished
2022,3,Australian Grand Prix,2022-04-10,Albert Park Grand Prix Circuit,Lando Norris,British,McLaren,4,5,10.0,58,+53.303,1:22.248,Finished
2022,3,Australian Grand Prix,2022-04-10,Albert Park Grand Prix Circuit,Daniel Ricciardo,Australian,McLaren,7,6,8.0,58,+53.737,1:22.451,Finished
2022,3,Australian Grand Prix,2022-04-10,Albert Park Grand Prix Circuit,Esteban Ocon,French,Alpine F1 Team,8,7,6.0,58,+1:01.683,1:22.469,Finished
2022,3,Australian Grand Prix,2022-04-10,Albert Park Grand Prix Circuit,Valtteri Bottas,Finnish,Alfa Romeo,12,8,4.0,58,+1:08.439,1:21.651,Finished
2022,3,Australian Grand Prix,2022-04-10,Albert Park Grand Prix Circuit,Pierre Gasly,French,AlphaTauri,11,9,2.0,58,+1:16.221,1:22.731,Finished
2022,3,Australian Grand Prix,2022-04-10,Albert Park Grand Prix Circuit,Alexander Albon,Thai,Williams,20,10,1.0,58,+1:19.382,1:22.589,Finished
2022,3,Australian Grand Prix,2022-04-10,Albert Park Grand Prix Circuit,Guanyu Zhou,Chinese,Alfa Romeo,14,11,0.0,58,+1:21.695,1:22.541,Finished
2022,3,Australian Grand Prix,2022-04-10,Albert Park Grand Prix Circuit,Lance Stroll,Canadian,Aston Martin,19,12,0.0,58,+1:28.598,1:23.592,Finished
2022,3,Australian Grand Prix,2022-04-10,Albert Park Grand Prix Circuit,Mick Schumacher,German,Haas F1 Team,15,13,0.0,57,N/A,1:23.006,+1 Lap
2022,3,Australian Grand Prix,2022-04-10,Albert Park Grand Prix Circuit,Kevin Magnussen,Danish,Haas F1 Team,16,14,0.0,57,N/A,1:23.071,+1 Lap
2022,3,Australian Grand Prix,2022-04-10,Albert Park Grand Prix Circuit,Yuki Tsunoda,Japanese,AlphaTauri,13,15,0.0,57,N/A,1:23.342,+1 Lap
2022,3,Australian Grand Prix,2022-04-10,Albert Park Grand Prix Circuit,Nicholas Latifi,Canadian,Williams,18,16,0.0,57,N/A,1:23.882,+1 Lap
2022,3,Australian Grand Prix,2022-04-10,Albert Park Grand Prix Circuit,Fernando Alonso,Spanish,Alpine F1 Team,10,17,0.0,57,N/A,1:20.846,+1 Lap
2022,3,Australian Grand Prix,2022-04-10,Albert Park Grand Prix Circuit,Max Verstappen,Dutch,Red Bull,2,18,0.0,38,N/A,1:21.677,Fuel leak
2022,3,Australian Grand Prix,2022-04-10,Albert Park Grand Prix Circuit,Sebastian Vettel,German,Aston Martin,17,19,0.0,22,N/A,1:25.189,Accident
2022,3,Australian Grand Prix,2022-04-10,Albert Park Grand Prix Circuit,Carlos Sainz,Spanish,Ferrari,9,20,0.0,1,N/A,N/A,Spun off
2022,4,Emilia Romagna Grand Prix,2022-04-24,Autodromo Enzo e Dino Ferrari,Max Verstappen,Dutch,Red Bull,1,1,26.0,63,1:32:07.986,1:18.446,Finished
2022,4,Emilia Romagna Grand Prix,2022-04-24,Autodromo Enzo e Dino Ferrari,Sergio Pérez,Mexican,Red Bull,3,2,18.0,63,+16.527,1:18.949,Finished
2022,4,Emilia Romagna Grand Prix,2022-04-24,Autodromo Enzo e Dino Ferrari,Lando Norris,British,McLaren,5,3,15.0,63,+34.834,1:20.903,Finished
2022,4,Emilia Romagna Grand Prix,2022-04-24,Autodromo Enzo e Dino Ferrari,George Russell,British,Mercedes,11,4,12.0,63,+42.506,1:20.962,Finished
2022,4,Emilia Romagna Grand Prix,2022-04-24,Autodromo Enzo e Dino Ferrari,Valtteri Bottas,Finnish,Alfa Romeo,7,5,10.0,63,+43.181,1:20.758,Finished
2022,4,Emilia Romagna Grand Prix,2022-04-24,Autodromo Enzo e Dino Ferrari,Charles Leclerc,Monegasque,Ferrari,2,6,8.0,63,+56.072,1:18.574,Finished
2022,4,Emilia Romagna Grand Prix,2022-04-24,Autodromo Enzo e Dino Ferrari,Yuki Tsunoda,Japanese,AlphaTauri,12,7,6.0,63,+1:01.110,1:20.544,Finished
2022,4,Emilia Romagna Grand Prix,2022-04-24,Autodromo Enzo e Dino Ferrari,Sebastian Vettel,German,Aston Martin,13,8,4.0,63,+1:10.892,1:21.211,Finished
2022,4,Emilia Romagna Grand Prix,2022-04-24,Autodromo Enzo e Dino Ferrari,Kevin Magnussen,Danish,Haas F1 Team,8,9,2.0,63,+1:15.260,1:21.238,Finished
2022,4,Emilia Romagna Grand Prix,2022-04-24,Autodromo Enzo e Dino Ferrari,Lance Stroll,Canadian,Aston Martin,15,10,1.0,62,N/A,1:21.750,+1 Lap
2022,4,Emilia Romagna Grand Prix,2022-04-24,Autodromo Enzo e Dino Ferrari,Alexander Albon,Thai,Williams,18,11,0.0,62,N/A,1:21.757,+1 Lap
2022,4,Emilia Romagna Grand Prix,2022-04-24,Autodromo Enzo e Dino Ferrari,Pierre Gasly,French,AlphaTauri,17,12,0.0,62,N/A,1:21.713,+1 Lap
2022,4,Emilia Romagna Grand Prix,2022-04-24,Autodromo Enzo e Dino Ferrari,Lewis Hamilton,British,Mercedes,14,13,0.0,62,N/A,1:21.419,+1 Lap
2022,4,Emilia Romagna Grand Prix,2022-04-24,Autodromo Enzo e Dino Ferrari,Esteban Ocon,French,Alpine F1 Team,16,14,0.0,62,N/A,1:21.887,+1 Lap
2022,4,Emilia Romagna Grand Prix,2022-04-24,Autodromo Enzo e Dino Ferrari,Guanyu Zhou,Chinese,Alfa Romeo,20,15,0.0,62,N/A,1:21.286,+1 Lap
2022,4,Emilia Romagna Grand Prix,2022-04-24,Autodromo Enzo e Dino Ferrari,Nicholas Latifi,Canadian,Williams,19,16,0.0,62,N/A,1:21.338,+1 Lap
2022,4,Emilia Romagna Grand Prix,2022-04-24,Autodromo Enzo e Dino Ferrari,Mick Schumacher,German,Haas F1 Team,10,17,0.0,62,N/A,1:18.999,+1 Lap
2022,4,Emilia Romagna Grand Prix,2022-04-24,Autodromo Enzo e Dino Ferrari,Daniel Ricciardo,Australian,McLaren,6,18,0.0,62,N/A,1:21.577,+1 Lap
2022,4,Emilia Romagna Grand Prix,2022-04-24,Autodromo Enzo e Dino Ferrari,Fernando Alonso,Spanish,Alpine F1 Team,9,19,0.0,6,N/A,1:39.685,Collision damage
2022,4,Emilia Romagna Grand Prix,2022-04-24,Autodromo Enzo e Dino Ferrari,Carlos Sainz,Spanish,Ferrari,4,20,0.0,0,N/A,N/A,Collision
2022,5,Miami Grand Prix,2022-05-08,Miami International Autodrome,Max Verstappen,Dutch,Red Bull,3,1,26.0,57,1:34:24.258,1:31.361,Finished
2022,5,Miami Grand Prix,2022-05-08,Miami International Autodrome,Charles Leclerc,Monegasque,Ferrari,1,2,18.0,57,+3.786,1:31.488,Finished
2022,5,Miami Grand Prix,2022-05-08,Miami International Autodrome,Carlos Sainz,Spanish,Ferrari,2,3,15.0,57,+8.229,1:31.790,Finished
2022,5,Miami Grand Prix,2022-05-08,Miami International Autodrome,Sergio Pérez,Mexican,Red Bull,4,4,12.0,57,+10.638,1:31.819,Finished
2022,5,Miami Grand Prix,2022-05-08,Miami International Autodrome,George Russell,British,Mercedes,12,5,10.0,57,+18.582,1:32.195,Finished
2022,5,Miami Grand Prix,2022-05-08,Miami International Autodrome,Lewis Hamilton,British,Mercedes,6,6,8.0,57,+21.368,1:32.941,Finished
2022,5,Miami Grand Prix,2022-05-08,Miami International Autodrome,Valtteri Bottas,Finnish,Alfa Romeo,5,7,6.0,57,+25.073,1:33.184,Finished
2022,5,Miami Grand Prix,2022-05-08,Miami International Autodrome,Esteban Ocon,French,Alpine F1 Team,20,8,4.0,57,+28.386,1:33.163,Finished
2022,5,Miami Grand Prix,2022-05-08,Miami International Autodrome,Alexander Albon,Thai,Williams,18,9,2.0,57,+32.365,1:33.447,Finished
2022,5,Miami Grand Prix,2022-05-08,Miami International Autodrome,Lance Stroll,Canadian,Aston Martin,20,10,1.0,57,+37.026,1:33.312,Finished
2022,5,Miami Grand Prix,2022-05-08,Miami International Autodrome,Fernando Alonso,Spanish,Alpine F1 Team,11,11,0.0,57,+37.128,1:33.331,Finished
2022,5,Miami Grand Prix,2022-05-08,Miami International Autodrome,Yuki Tsunoda,Japanese,AlphaTauri,9,12,0.0,57,+40.146,1:33.035,Finished
2022,5,Miami Grand Prix,2022-05-08,Miami International Autodrome,Daniel Ricciardo,Australian,McLaren,14,13,0.0,57,+40.902,1:33.265,Finished
2022,5,Miami Grand Prix,2022-05-08,Miami International Autodrome,Nicholas Latifi,Canadian,Williams,19,14,0.0,57,+49.936,1:34.169,Finished
2022,5,Miami Grand Prix,2022-05-08,Miami International Autodrome,Mick Schumacher,German,Haas F1 Team,15,15,0.0,57,+1:13.305,1:32.528,Finished
2022,5,Miami Grand Prix,2022-05-08,Miami International Autodrome,Kevin Magnussen,Danish,Haas F1 Team,16,16,0.0,56,N/A,1:33.511,Front wing
2022,5,Miami Grand Prix,2022-05-08,Miami International Autodrome,Sebastian Vettel,German,Aston Martin,20,17,0.0,54,N/A,1:33.479,Collision
2022,5,Miami Grand Prix,2022-05-08,Miami International Autodrome,Pierre Gasly,French,AlphaTauri,7,18,0.0,45,N/A,1:34.487,Suspension
2022,5,Miami Grand Prix,2022-05-08,Miami International Autodrome,Lando Norris,British,McLaren,8,19,0.0,39,N/A,1:33.411,Collision
2022,5,Miami Grand Prix,2022-05-08,Miami International Autodrome,Guanyu Zhou,Chinese,Alfa Romeo,17,20,0.0,6,N/A,1:35.731,Water leak
2022,6,Spanish Grand Prix,2022-05-22,Circuit de Barcelona-Catalunya,Max Verstappen,Dutch,Red Bull,2,1,25.0,66,1:37:20.475,1:25.456,Finished
2022,6,Spanish Grand Prix,2022-05-22,Circuit de Barcelona-Catalunya,Sergio Pérez,Mexican,Red Bull,5,2,19.0,66,+13.072,1:24.108,Finished
2022,6,Spanish Grand Prix,2022-05-22,Circuit de Barcelona-Catalunya,George Russell,British,Mercedes,4,3,15.0,66,+32.927,1:24.636,Finished
2022,6,Spanish Grand Prix,2022-05-22,Circuit de Barcelona-Catalunya,Carlos Sainz,Spanish,Ferrari,3,4,12.0,66,+45.208,1:25.985,Finished
2022,6,Spanish Grand Prix,2022-05-22,Circuit de Barcelona-Catalunya,Lewis Hamilton,British,Mercedes,6,5,10.0,66,+54.534,1:24.253,Finished
2022,6,Spanish Grand Prix,2022-05-22,Circuit de Barcelona-Catalunya,Valtteri Bottas,Finnish,Alfa Romeo,7,6,8.0,66,+59.976,1:26.395,Finished
2022,6,Spanish Grand Prix,2022-05-22,Circuit de Barcelona-Catalunya,Esteban Ocon,French,Alpine F1 Team,12,7,6.0,66,+1:15.397,1:25.935,Finished
2022,6,Spanish Grand Prix,2022-05-22,Circuit de Barcelona-Catalunya,Lando Norris,British,McLaren,11,8,4.0,66,+1:23.235,1:25.619,Finished
2022,6,Spanish Grand Prix,2022-05-22,Circuit de Barcelona-Catalunya,Fernando Alonso,Spanish,Alpine F1 Team,20,9,2.0,65,N/A,1:26.599,+1 Lap
2022,6,Spanish Grand Prix,2022-05-22,Circuit de Barcelona-Catalunya,Yuki Tsunoda,Japanese,AlphaTauri,13,10,1.0,65,N/A,1:26.828,+1 Lap
2022,6,Spanish Grand Prix,2022-05-22,Circuit de Barcelona-Catalunya,Sebastian Vettel,German,Aston Martin,16,11,0.0,65,N/A,1:27.629,+1 Lap
2022,6,Spanish Grand Prix,2022-05-22,Circuit de Barcelona-Catalunya,Daniel Ricciardo,Australian,McLaren,9,12,0.0,65,N/A,1:27.285,+1 Lap
2022,6,Spanish Grand Prix,2022-05-22,Circuit de Barcelona-Catalunya,Pierre Gasly,French,AlphaTauri,14,13,0.0,65,N/A,1:26.987,+1 Lap
2022,6,Spanish Grand Prix,2022-05-22,Circuit de Barcelona-Catalunya,Mick Schumacher,German,Haas F1 Team,10,14,0.0,65,N/A,1:27.447,+1 Lap
2022,6,Spanish Grand Prix,2022-05-22,Circuit de Barcelona-Catalunya,Lance Stroll,Canadian,Aston Martin,17,15,0.0,65,N/A,1:26.876,+1 Lap
2022,6,Spanish Grand Prix,2022-05-22,Circuit de Barcelona-Catalunya,Nicholas Latifi,Canadian,Williams,19,16,0.0,64,N/A,1:27.246,+2 Laps
2022,6,Spanish Grand Prix,2022-05-22,Circuit de Barcelona-Catalunya,Kevin Magnussen,Danish,Haas F1 Team,8,17,0.0,64,N/A,1:27.537,+2 Laps
2022,6,Spanish Grand Prix,2022-05-22,Circuit de Barcelona-Catalunya,Alexander Albon,Thai,Williams,18,18,0.0,64,N/A,1:28.281,+2 Laps
2022,6,Spanish Grand Prix,2022-05-22,Circuit de Barcelona-Catalunya,Guanyu Zhou,Chinese,Alfa Romeo,15,19,0.0,28,N/A,1:28.415,Power loss
2022,6,Spanish Grand Prix,2022-05-22,Circuit de Barcelona-Catalunya,Charles Leclerc,Monegasque,Ferrari,1,20,0.0,27,N/A,1:27.030,Turbo
2022,7,Monaco Grand Prix,2022-05-29,Circuit de Monaco,Sergio Pérez,Mexican,Red Bull,3,1,25.0,64,1:56:30.265,1:16.028,Finished
2022,7,Monaco Grand Prix,2022-05-29,Circuit de Monaco,Carlos Sainz,Spanish,Ferrari,2,2,18.0,64,+1.154,1:16.421,Finished
2022,7,Monaco Grand Prix,2022-05-29,Circuit de Monaco,Max Verstappen,Dutch,Red Bull,4,3,15.0,64,+1.491,1:16.052,Finished
2022,7,Monaco Grand Prix,2022-05-29,Circuit de Monaco,Charles Leclerc,Monegasque,Ferrari,1,4,12.0,64,+2.922,1:16.249,Finished
2022,7,Monaco Grand Prix,2022-05-29,Circuit de Monaco,George Russell,British,Mercedes,6,5,10.0,64,+11.968,1:16.830,Finished
2022,7,Monaco Grand Prix,2022-05-29,Circuit de Monaco,Lando Norris,British,McLaren,5,6,9.0,64,+12.231,1:14.693,Finished
2022,7,Monaco Grand Prix,2022-05-29,Circuit de Monaco,Fernando Alonso,Spanish,Alpine F1 Team,7,7,6.0,64,+46.358,1:15.882,Finished
2022,7,Monaco Grand Prix,2022-05-29,Circuit de Monaco,Lewis Hamilton,British,Mercedes,8,8,4.0,64,+50.388,1:17.203,Finished
2022,7,Monaco Grand Prix,2022-05-29,Circuit de Monaco,Valtteri Bottas,Finnish,Alfa Romeo,12,9,2.0,64,+52.525,1:17.600,Finished
2022,7,Monaco Grand Prix,2022-05-29,Circuit de Monaco,Sebastian Vettel,German,Aston Martin,9,10,1.0,64,+53.536,1:17.558,Finished
2022,7,Monaco Grand Prix,2022-05-29,Circuit de Monaco,Pierre Gasly,French,AlphaTauri,17,11,0.0,64,+54.289,1:17.344,Finished
2022,7,Monaco Grand Prix,2022-05-29,Circuit de Monaco,Esteban Ocon,French,Alpine F1 Team,10,12,0.0,64,+55.644,1:17.571,Finished
2022,7,Monaco Grand Prix,2022-05-29,Circuit de Monaco,Daniel Ricciardo,Australian,McLaren,14,13,0.0,64,+57.635,1:17.532,Finished
2022,7,Monaco Grand Prix,2022-05-29,Circuit de Monaco,Lance Stroll,Canadian,Aston Martin,18,14,0.0,64,+1:00.802,1:17.672,Finished
2022,7,Monaco Grand Prix,2022-05-29,Circuit de Monaco,Nicholas Latifi,Canadian,Williams,19,15,0.0,63,N/A,1:18.579,+1 Lap
2022,7,Monaco Grand Prix,2022-05-29,Circuit de Monaco,Guanyu Zhou,Chinese,Alfa Romeo,20,16,0.0,63,N/A,1:18.200,+1 Lap
2022,7,Monaco Grand Prix,2022-05-29,Circuit de Monaco,Yuki Tsunoda,Japanese,AlphaTauri,11,17,0.0,63,N/A,1:15.334,+1 Lap
2022,7,Monaco Grand Prix,2022-05-29,Circuit de Monaco,Alexander Albon,Thai,Williams,16,18,0.0,48,N/A,1:18.023,Mechanical
2022,7,Monaco Grand Prix,2022-05-29,Circuit de Monaco,Mick Schumacher,German,Haas F1 Team,15,19,0.0,24,N/A,1:24.778,Accident
2022,7,Monaco Grand Prix,2022-05-29,Circuit de Monaco,Kevin Magnussen,Danish,Haas F1 Team,13,20,0.0,19,N/A,1:33.754,Water pressure
2022,8,Azerbaijan Grand Prix,2022-06-12,Baku City Circuit,Max Verstappen,Dutch,Red Bull,3,1,25.0,51,1:34:05.941,1:46.050,Finished
2022,8,Azerbaijan Grand Prix,2022-06-12,Baku City Circuit,Sergio Pérez,Mexican,Red Bull,2,2,19.0,51,+20.823,1:46.046,Finished
2022,8,Azerbaijan Grand Prix,2022-06-12,Baku City Circuit,George Russell,British,Mercedes,5,3,15.0,51,+45.995,1:47.177,Finished
2022,8,Azerbaijan Grand Prix,2022-06-12,Baku City Circuit,Lewis Hamilton,British,Mercedes,7,4,12.0,51,+1:11.679,1:47.044,Finished
2022,8,Azerbaijan Grand Prix,2022-06-12,Baku City Circuit,Pierre Gasly,French,AlphaTauri,6,5,10.0,51,+1:17.299,1:48.519,Finished
2022,8,Azerbaijan Grand Prix,2022-06-12,Baku City Circuit,Sebastian Vettel,German,Aston Martin,9,6,8.0,51,+1:24.099,1:48.206,Finished
2022,8,Azerbaijan Grand Prix,2022-06-12,Baku City Circuit,Fernando Alonso,Spanish,Alpine F1 Team,10,7,6.0,51,+1:28.596,1:47.989,Finished
2022,8,Azerbaijan Grand Prix,2022-06-12,Baku City Circuit,Daniel Ricciardo,Australian,McLaren,12,8,4.0,51,+1:32.207,1:48.276,Finished
2022,8,Azerbaijan Grand Prix,2022-06-12,Baku City Circuit,Lando Norris,British,McLaren,11,9,2.0,51,+1:32.556,1:47.997,Finished
2022,8,Azerbaijan Grand Prix,2022-06-12,Baku City Circuit,Esteban Ocon,French,Alpine F1 Team,13,10,1.0,51,+1:48.184,1:48.297,Finished
2022,8,Azerbaijan Grand Prix,2022-06-12,Baku City Circuit,Valtteri Bottas,Finnish,Alfa Romeo,15,11,0.0,50,N/A,1:48.179,+1 Lap
2022,8,Azerbaijan Grand Prix,2022-06-12,Baku City Circuit,Alexander Albon,Thai,Williams,17,12,0.0,50,N/A,1:47.966,+1 Lap
2022,8,Azerbaijan Grand Prix,2022-06-12,Baku City Circuit,Yuki Tsunoda,Japanese,AlphaTauri,8,13,0.0,50,N/A,1:47.523,+1 Lap
2022,8,Azerbaijan Grand Prix,2022-06-12,Baku City Circuit,Mick Schumacher,German,Haas F1 Team,20,14,0.0,50,N/A,1:48.410,+1 Lap
2022,8,Azerbaijan Grand Prix,2022-06-12,Baku City Circuit,Nicholas Latifi,Canadian,Williams,18,15,0.0,50,N/A,1:49.583,+1 Lap
2022,8,Azerbaijan Grand Prix,2022-06-12,Baku City Circuit,Lance Stroll,Canadian,Aston Martin,19,16,0.0,46,N/A,1:48.038,Vibrations
2022,8,Azerbaijan Grand Prix,2022-06-12,Baku City Circuit,Kevin Magnussen,Danish,Haas F1 Team,16,17,0.0,31,N/A,1:48.789,Power Unit
2022,8,Azerbaijan Grand Prix,2022-06-12,Baku City Circuit,Guanyu Zhou,Chinese,Alfa Romeo,14,18,0.0,23,N/A,1:48.723,Hydraulics
2022,8,Azerbaijan Grand Prix,2022-06-12,Baku City Circuit,Charles Leclerc,Monegasque,Ferrari,1,19,0.0,21,N/A,1:47.531,Power Unit
2022,8,Azerbaijan Grand Prix,2022-06-12,Baku City Circuit,Carlos Sainz,Spanish,Ferrari,4,20,0.0,8,N/A,1:48.978,Hydraulics
2022,9,Canadian Grand Prix,2022-06-19,Circuit Gilles Villeneuve,Max Verstappen,Dutch,Red Bull,1,1,25.0,70,1:36:21.757,1:15.839,Finished
2022,9,Canadian Grand Prix,2022-06-19,Circuit Gilles Villeneuve,Carlos Sainz,Spanish,Ferrari,3,2,19.0,70,+0.993,1:15.749,Finished
2022,9,Canadian Grand Prix,2022-06-19,Circuit Gilles Villeneuve,Lewis Hamilton,British,Mercedes,4,3,15.0,70,+7.006,1:16.167,Finished
2022,9,Canadian Grand Prix,2022-06-19,Circuit Gilles Villeneuve,George Russell,British,Mercedes,8,4,12.0,70,+12.313,1:16.418,Finished
2022,9,Canadian Grand Prix,2022-06-19,Circuit Gilles Villeneuve,Charles Leclerc,Monegasque,Ferrari,19,5,10.0,70,+15.168,1:15.901,Finished
2022,9,Canadian Grand Prix,2022-06-19,Circuit Gilles Villeneuve,Esteban Ocon,French,Alpine F1 Team,7,6,8.0,70,+23.890,1:17.110,Finished
2022,9,Canadian Grand Prix,2022-06-19,Circuit Gilles Villeneuve,Valtteri Bottas,Finnish,Alfa Romeo,11,7,6.0,70,+25.247,1:17.010,Finished
2022,9,Canadian Grand Prix,2022-06-19,Circuit Gilles Villeneuve,Guanyu Zhou,Chinese,Alfa Romeo,10,8,4.0,70,+26.952,1:16.927,Finished
2022,9,Canadian Grand Prix,2022-06-19,Circuit Gilles Villeneuve,Fernando Alonso,Spanish,Alpine F1 Team,2,9,2.0,70,+29.945,1:16.578,Finished
2022,9,Canadian Grand Prix,2022-06-19,Circuit Gilles Villeneuve,Lance Stroll,Canadian,Aston Martin,17,10,1.0,70,+38.222,1:17.421,Finished
2022,9,Canadian Grand Prix,2022-06-19,Circuit Gilles Villeneuve,Daniel Ricciardo,Australian,McLaren,9,11,0.0,70,+43.047,1:17.932,Finished
2022,9,Canadian Grand Prix,2022-06-19,Circuit Gilles Villeneuve,Sebastian Vettel,German,Aston Martin,16,12,0.0,70,+44.245,1:17.956,Finished
2022,9,Canadian Grand Prix,2022-06-19,Circuit Gilles Villeneuve,Alexander Albon,Thai,Williams,12,13,0.0,70,+44.893,1:17.951,Finished
2022,9,Canadian Grand Prix,2022-06-19,Circuit Gilles Villeneuve,Pierre Gasly,French,AlphaTauri,15,14,0.0,70,+45.183,1:17.810,Finished
2022,9,Canadian Grand Prix,2022-06-19,Circuit Gilles Villeneuve,Lando Norris,British,McLaren,14,15,0.0,70,+52.145,1:17.495,Finished
2022,9,Canadian Grand Prix,2022-06-19,Circuit Gilles Villeneuve,Nicholas Latifi,Canadian,Williams,18,16,0.0,70,+59.978,1:18.540,Finished
2022,9,Canadian Grand Prix,2022-06-19,Circuit Gilles Villeneuve,Kevin Magnussen,Danish,Haas F1 Team,5,17,0.0,70,+1:08.180,1:18.046,Finished
2022,9,Canadian Grand Prix,2022-06-19,Circuit Gilles Villeneuve,Yuki Tsunoda,Japanese,AlphaTauri,20,18,0.0,47,N/A,1:18.309,Accident
2022,9,Canadian Grand Prix,2022-06-19,Circuit Gilles Villeneuve,Mick Schumacher,German,Haas F1 Team,6,19,0.0,18,N/A,1:18.967,Engine
2022,9,Canadian Grand Prix,2022-06-19,Circuit Gilles Villeneuve,Sergio Pérez,Mexican,Red Bull,13,20,0.0,7,N/A,1:18.844,Gearbox
2022,10,British Grand Prix,2022-07-03,Silverstone Circuit,Carlos Sainz,Spanish,Ferrari,1,1,25.0,52,2:17:50.311,1:30.813,Finished
2022,10,British Grand Prix,2022-07-03,Silverstone Circuit,Sergio Pérez,Mexican,Red Bull,4,2,18.0,52,+3.779,1:30.937,Finished
2022,10,British Grand Prix,2022-07-03,Silverstone Circuit,Lewis Hamilton,British,Mercedes,5,3,16.0,52,+6.225,1:30.510,Finished
2022,10,British Grand Prix,2022-07-03,Silverstone Circuit,Charles Leclerc,Monegasque,Ferrari,3,4,12.0,52,+8.546,1:31.282,Finished
2022,10,British Grand Prix,2022-07-03,Silverstone Circuit,Fernando Alonso,Spanish,Alpine F1 Team,7,5,10.0,52,+9.571,1:31.609,Finished
2022,10,British Grand Prix,2022-07-03,Silverstone Circuit,Lando Norris,British,McLaren,6,6,8.0,52,+11.943,1:31.645,Finished
2022,10,British Grand Prix,2022-07-03,Silverstone Circuit,Max Verstappen,Dutch,Red Bull,2,7,6.0,52,+18.777,1:32.354,Finished
2022,10,British Grand Prix,2022-07-03,Silverstone Circuit,Mick Schumacher,German,Haas F1 Team,19,8,4.0,52,+18.995,1:32.109,Finished
2022,10,British Grand Prix,2022-07-03,Silverstone Circuit,Sebastian Vettel,German,Aston Martin,18,9,2.0,52,+22.356,1:32.471,Finished
2022,10,British Grand Prix,2022-07-03,Silverstone Circuit,Kevin Magnussen,Danish,Haas F1 Team,17,10,1.0,52,+24.590,1:32.661,Finished
2022,10,British Grand Prix,2022-07-03,Silverstone Circuit,Lance Stroll,Canadian,Aston Martin,20,11,0.0,52,+26.147,1:32.379,Finished
2022,10,British Grand Prix,2022-07-03,Silverstone Circuit,Nicholas Latifi,Canadian,Williams,10,12,0.0,52,+32.511,1:33.286,Finished
2022,10,British Grand Prix,2022-07-03,Silverstone Circuit,Daniel Ricciardo,Australian,McLaren,14,13,0.0,52,+32.817,1:32.644,Finished
2022,10,British Grand Prix,2022-07-03,Silverstone Circuit,Yuki Tsunoda,Japanese,AlphaTauri,13,14,0.0,52,+40.910,1:33.832,Finished
2022,10,British Grand Prix,2022-07-03,Silverstone Circuit,Esteban Ocon,French,Alpine F1 Team,15,15,0.0,37,N/A,1:33.537,Fuel pump
2022,10,British Grand Prix,2022-07-03,Silverstone Circuit,Pierre Gasly,French,AlphaTauri,11,16,0.0,26,N/A,1:34.614,Collision damage
2022,10,British Grand Prix,2022-07-03,Silverstone Circuit,Valtteri Bottas,Finnish,Alfa Romeo,12,17,0.0,20,N/A,1:35.103,Gearbox
2022,10,British Grand Prix,2022-07-03,Silverstone Circuit,George Russell,British,Mercedes,8,18,0.0,0,N/A,N/A,Collision
2022,10,British Grand Prix,2022-07-03,Silverstone Circuit,Guanyu Zhou,Chinese,Alfa Romeo,9,19,0.0,0,N/A,N/A,Collision
2022,10,British Grand Prix,2022-07-03,Silverstone Circuit,Alexander Albon,Thai,Williams,16,20,0.0,0,N/A,N/A,Collision
2022,11,Austrian Grand Prix,2022-07-10,Red Bull Ring,Charles Leclerc,Monegasque,Ferrari,2,1,25.0,71,1:24:24.312,1:07.583,Finished
2022,11,Austrian Grand Prix,2022-07-10,Red Bull Ring,Max Verstappen,Dutch,Red Bull,1,2,19.0,71,+1.532,1:07.275,Finished
2022,11,Austrian Grand Prix,2022-07-10,Red Bull Ring,Lewis Hamilton,British,Mercedes,8,3,15.0,71,+41.217,1:09.000,Finished
2022,11,Austrian Grand Prix,2022-07-10,Red Bull Ring,George Russell,British,Mercedes,4,4,12.0,71,+58.972,1:09.075,Finished
2022,11,Austrian Grand Prix,2022-07-10,Red Bull Ring,Esteban Ocon,French,Alpine F1 Team,6,5,10.0,71,+1:08.436,1:09.559,Finished
2022,11,Austrian Grand Prix,2022-07-10,Red Bull Ring,Mick Schumacher,German,Haas F1 Team,9,6,8.0,70,N/A,1:09.625,+1 Lap
2022,11,Austrian Grand Prix,2022-07-10,Red Bull Ring,Lando Norris,British,McLaren,10,7,6.0,70,N/A,1:09.304,+1 Lap
2022,11,Austrian Grand Prix,2022-07-10,Red Bull Ring,Kevin Magnussen,Danish,Haas F1 Team,7,8,4.0,70,N/A,1:09.938,+1 Lap
2022,11,Austrian Grand Prix,2022-07-10,Red Bull Ring,Daniel Ricciardo,Australian,McLaren,11,9,2.0,70,N/A,1:09.924,+1 Lap
2022,11,Austrian Grand Prix,2022-07-10,Red Bull Ring,Fernando Alonso,Spanish,Alpine F1 Team,19,10,1.0,70,N/A,1:08.558,+1 Lap
2022,11,Austrian Grand Prix,2022-07-10,Red Bull Ring,Valtteri Bottas,Finnish,Alfa Romeo,20,11,0.0,70,N/A,1:09.266,+1 Lap
2022,11,Austrian Grand Prix,2022-07-10,Red Bull Ring,Alexander Albon,Thai,Williams,15,12,0.0,70,N/A,1:09.669,+1 Lap
2022,11,Austrian Grand Prix,2022-07-10,Red Bull Ring,Lance Stroll,Canadian,Aston Martin,12,13,0.0,70,N/A,1:10.048,+1 Lap
2022,11,Austrian Grand Prix,2022-07-10,Red Bull Ring,Guanyu Zhou,Chinese,Alfa Romeo,13,14,0.0,70,N/A,1:09.380,+1 Lap
2022,11,Austrian Grand Prix,2022-07-10,Red Bull Ring,Pierre Gasly,French,AlphaTauri,14,15,0.0,70,N/A,1:10.104,+1 Lap
2022,11,Austrian Grand Prix,2022-07-10,Red Bull Ring,Yuki Tsunoda,Japanese,AlphaTauri,16,16,0.0,70,N/A,1:10.023,+1 Lap
2022,11,Austrian Grand Prix,2022-07-10,Red Bull Ring,Sebastian Vettel,German,Aston Martin,18,17,0.0,70,N/A,1:10.001,+1 Lap
2022,11,Austrian Grand Prix,2022-07-10,Red Bull Ring,Carlos Sainz,Spanish,Ferrari,3,18,0.0,56,N/A,1:08.649,Power Unit
2022,11,Austrian Grand Prix,2022-07-10,Red Bull Ring,Nicholas Latifi,Canadian,Williams,17,19,0.0,48,N/A,1:10.890,Undertray
2022,11,Austrian Grand Prix,2022-07-10,Red Bull Ring,Sergio Pérez,Mexican,Red Bull,5,20,0.0,24,N/A,1:11.843,Collision damage
2022,12,French Grand Prix,2022-07-24,Circuit Paul Ricard,Max Verstappen,Dutch,Red Bull,2,1,25.0,53,1:30:02.112,1:37.491,Finished
2022,12,French Grand Prix,2022-07-24,Circuit Paul Ricard,Lewis Hamilton,British,Mercedes,4,2,18.0,53,+10.587,1:37.668,Finished
2022,12,French Grand Prix,2022-07-24,Circuit Paul Ricard,George Russell,British,Mercedes,6,3,15.0,53,+16.495,1:37.548,Finished
2022,12,French Grand Prix,2022-07-24,Circuit Paul Ricard,Sergio Pérez,Mexican,Red Bull,3,4,12.0,53,+17.310,1:37.780,Finished
2022,12,French Grand Prix,2022-07-24,Circuit Paul Ricard,Carlos Sainz,Spanish,Ferrari,19,5,11.0,53,+28.872,1:35.781,Finished
2022,12,French Grand Prix,2022-07-24,Circuit Paul Ricard,Fernando Alonso,Spanish,Alpine F1 Team,7,6,8.0,53,+42.879,1:38.160,Finished
2022,12,French Grand Prix,2022-07-24,Circuit Paul Ricard,Lando Norris,British,McLaren,5,7,6.0,53,+52.026,1:39.037,Finished
2022,12,French Grand Prix,2022-07-24,Circuit Paul Ricard,Esteban Ocon,French,Alpine F1 Team,10,8,4.0,53,+56.959,1:38.684,Finished
2022,12,French Grand Prix,2022-07-24,Circuit Paul Ricard,Daniel Ricciardo,Australian,McLaren,9,9,2.0,53,+1:00.372,1:39.133,Finished
2022,12,French Grand Prix,2022-07-24,Circuit Paul Ricard,Lance Stroll,Canadian,Aston Martin,15,10,1.0,53,+1:02.549,1:39.185,Finished
2022,12,French Grand Prix,2022-07-24,Circuit Paul Ricard,Sebastian Vettel,German,Aston Martin,12,11,0.0,53,+1:04.494,1:39.044,Finished
2022,12,French Grand Prix,2022-07-24,Circuit Paul Ricard,Pierre Gasly,French,AlphaTauri,14,12,0.0,53,+1:05.448,1:38.786,Finished
2022,12,French Grand Prix,2022-07-24,Circuit Paul Ricard,Alexander Albon,Thai,Williams,13,13,0.0,53,+1:08.565,1:39.199,Finished
2022,12,French Grand Prix,2022-07-24,Circuit Paul Ricard,Valtteri Bottas,Finnish,Alfa Romeo,11,14,0.0,53,+1:16.666,1:37.963,Finished
2022,12,French Grand Prix,2022-07-24,Circuit Paul Ricard,Mick Schumacher,German,Haas F1 Team,17,15,0.0,53,+1:20.394,1:39.068,Finished
2022,12,French Grand Prix,2022-07-24,Circuit Paul Ricard,Guanyu Zhou,Chinese,Alfa Romeo,16,16,0.0,47,N/A,1:39.368,+6 Laps
2022,12,French Grand Prix,2022-07-24,Circuit Paul Ricard,Nicholas Latifi,Canadian,Williams,18,17,0.0,40,N/A,1:39.650,Collision damage
2022,12,French Grand Prix,2022-07-24,Circuit Paul Ricard,Kevin Magnussen,Danish,Haas F1 Team,20,18,0.0,37,N/A,1:39.265,Collision damage
2022,12,French Grand Prix,2022-07-24,Circuit Paul Ricard,Charles Leclerc,Monegasque,Ferrari,1,19,0.0,17,N/A,1:38.088,Accident
2022,12,French Grand Prix,2022-07-24,Circuit Paul Ricard,Yuki Tsunoda,Japanese,AlphaTauri,8,20,0.0,17,N/A,1:40.216,Undertray
2022,13,Hungarian Grand Prix,2022-07-31,Hungaroring,Max Verstappen,Dutch,Red Bull,10,1,25.0,70,1:39:35.912,1:22.126,Finished
2022,13,Hungarian Grand Prix,2022-07-31,Hungaroring,Lewis Hamilton,British,Mercedes,7,2,19.0,70,+7.834,1:21.386,Finished
2022,13,Hungarian Grand Prix,2022-07-31,Hungaroring,George Russell,British,Mercedes,1,3,15.0,70,+12.337,1:22.766,Finished
2022,13,Hungarian Grand Prix,2022-07-31,Hungaroring,Carlos Sainz,Spanish,Ferrari,2,4,12.0,70,+14.579,1:22.000,Finished
2022,13,Hungarian Grand Prix,2022-07-31,Hungaroring,Sergio Pérez,Mexican,Red Bull,11,5,10.0,70,+15.688,1:21.940,Finished
2022,13,Hungarian Grand Prix,2022-07-31,Hungaroring,Charles Leclerc,Monegasque,Ferrari,3,6,8.0,70,+16.047,1:21.622,Finished
2022,13,Hungarian Grand Prix,2022-07-31,Hungaroring,Lando Norris,British,McLaren,4,7,6.0,70,+1:18.300,1:23.043,Finished
2022,13,Hungarian Grand Prix,2022-07-31,Hungaroring,Fernando Alonso,Spanish,Alpine F1 Team,6,8,4.0,69,N/A,1:23.979,+1 Lap
2022,13,Hungarian Grand Prix,2022-07-31,Hungaroring,Esteban Ocon,French,Alpine F1 Team,5,9,2.0,69,N/A,1:24.149,+1 Lap
2022,13,Hungarian Grand Prix,2022-07-31,Hungaroring,Sebastian Vettel,German,Aston Martin,18,10,1.0,69,N/A,1:22.824,+1 Lap
2022,13,Hungarian Grand Prix,2022-07-31,Hungaroring,Lance Stroll,Canadian,Aston Martin,14,11,0.0,69,N/A,1:22.437,+1 Lap
2022,13,Hungarian Grand Prix,2022-07-31,Hungaroring,Pierre Gasly,French,AlphaTauri,20,12,0.0,69,N/A,1:23.199,+1 Lap
2022,13,Hungarian Grand Prix,2022-07-31,Hungaroring,Guanyu Zhou,Chinese,Alfa Romeo,12,13,0.0,69,N/A,1:22.029,+1 Lap
2022,13,Hungarian Grand Prix,2022-07-31,Hungaroring,Mick Schumacher,German,Haas F1 Team,15,14,0.0,69,N/A,1:23.151,+1 Lap
2022,13,Hungarian Grand Prix,2022-07-31,Hungaroring,Daniel Ricciardo,Australian,McLaren,9,15,0.0,69,N/A,1:23.654,+1 Lap
2022,13,Hungarian Grand Prix,2022-07-31,Hungaroring,Kevin Magnussen,Danish,Haas F1 Team,13,16,0.0,69,N/A,1:23.511,+1 Lap
2022,13,Hungarian Grand Prix,2022-07-31,Hungaroring,Alexander Albon,Thai,Williams,17,17,0.0,69,N/A,1:23.047,+1 Lap
2022,13,Hungarian Grand Prix,2022-07-31,Hungaroring,Nicholas Latifi,Canadian,Williams,19,18,0.0,69,N/A,1:22.478,+1 Lap
2022,13,Hungarian Grand Prix,2022-07-31,Hungaroring,Yuki Tsunoda,Japanese,AlphaTauri,16,19,0.0,68,N/A,1:23.538,+2 Laps
2022,13,Hungarian Grand Prix,2022-07-31,Hungaroring,Valtteri Bottas,Finnish,Alfa Romeo,8,20,0.0,65,N/A,1:24.002,Power Unit
2022,14,Belgian Grand Prix,2022-08-28,Circuit de Spa-Francorchamps,Max Verstappen,Dutch,Red Bull,14,1,26.0,44,1:25:52.894,1:49.354,Finished
2022,14,Belgian Grand Prix,2022-08-28,Circuit de Spa-Francorchamps,Sergio Pérez,Mexican,Red Bull,2,2,18.0,44,+17.841,1:50.764,Finished
2022,14,Belgian Grand Prix,2022-08-28,Circuit de Spa-Francorchamps,Carlos Sainz,Spanish,Ferrari,1,3,15.0,44,+26.886,1:51.977,Finished
2022,14,Belgian Grand Prix,2022-08-28,Circuit de Spa-Francorchamps,George Russell,British,Mercedes,5,4,12.0,44,+29.140,1:50.793,Finished
2022,14,Belgian Grand Prix,2022-08-28,Circuit de Spa-Francorchamps,Fernando Alonso,Spanish,Alpine F1 Team,3,5,10.0,44,+1:13.256,1:52.868,Finished
2022,14,Belgian Grand Prix,2022-08-28,Circuit de Spa-Francorchamps,Charles Leclerc,Monegasque,Ferrari,15,6,8.0,44,+1:14.936,1:49.984,Finished
2022,14,Belgian Grand Prix,2022-08-28,Circuit de Spa-Francorchamps,Esteban Ocon,French,Alpine F1 Team,16,7,6.0,44,+1:15.640,1:51.717,Finished
2022,14,Belgian Grand Prix,2022-08-28,Circuit de Spa-Francorchamps,Sebastian Vettel,German,Aston Martin,10,8,4.0,44,+1:18.107,1:52.515,Finished
2022,14,Belgian Grand Prix,2022-08-28,Circuit de Spa-Francorchamps,Pierre Gasly,French,AlphaTauri,20,9,2.0,44,+1:32.181,1:53.002,Finished
2022,14,Belgian Grand Prix,2022-08-28,Circuit de Spa-Francorchamps,Alexander Albon,Thai,Williams,6,10,1.0,44,+1:41.900,1:53.055,Finished
2022,14,Belgian Grand Prix,2022-08-28,Circuit de Spa-Francorchamps,Lance Stroll,Canadian,Aston Martin,9,11,0.0,44,+1:43.078,1:52.880,Finished
2022,14,Belgian Grand Prix,2022-08-28,Circuit de Spa-Francorchamps,Lando Norris,British,McLaren,17,12,0.0,44,+1:44.739,1:51.678,Finished
2022,14,Belgian Grand Prix,2022-08-28,Circuit de Spa-Francorchamps,Yuki Tsunoda,Japanese,AlphaTauri,20,13,0.0,44,+1:45.217,1:52.436,Finished
2022,14,Belgian Grand Prix,2022-08-28,Circuit de Spa-Francorchamps,Guanyu Zhou,Chinese,Alfa Romeo,18,14,0.0,44,+1:46.252,1:52.317,Finished
2022,14,Belgian Grand Prix,2022-08-28,Circuit de Spa-Francorchamps,Daniel Ricciardo,Australian,McLaren,7,15,0.0,44,+1:47.163,1:53.080,Finished
2022,14,Belgian Grand Prix,2022-08-28,Circuit de Spa-Francorchamps,Kevin Magnussen,Danish,Haas F1 Team,12,16,0.0,43,N/A,1:53.332,+1 Lap
2022,14,Belgian Grand Prix,2022-08-28,Circuit de Spa-Francorchamps,Mick Schumacher,German,Haas F1 Team,19,17,0.0,43,N/A,1:52.646,+1 Lap
2022,14,Belgian Grand Prix,2022-08-28,Circuit de Spa-Francorchamps,Nicholas Latifi,Canadian,Williams,11,18,0.0,43,N/A,1:52.256,+1 Lap
2022,14,Belgian Grand Prix,2022-08-28,Circuit de Spa-Francorchamps,Valtteri Bottas,Finnish,Alfa Romeo,13,19,0.0,1,N/A,N/A,Accident
2022,14,Belgian Grand Prix,2022-08-28,Circuit de Spa-Francorchamps,Lewis Hamilton,British,Mercedes,4,20,0.0,0,N/A,N/A,Collision damage
2022,15,Dutch Grand Prix,2022-09-04,Circuit Park Zandvoort,Max Verstappen,Dutch,Red Bull,1,1,26.0,72,1:36:42.773,1:13.652,Finished
2022,15,Dutch Grand Prix,2022-09-04,Circuit Park Zandvoort,George Russell,British,Mercedes,6,2,18.0,72,+4.071,1:13.671,Finished
2022,15,Dutch Grand Prix,2022-09-04,Circuit Park Zandvoort,Charles Leclerc,Monegasque,Ferrari,2,3,15.0,72,+10.929,1:14.413,Finished
2022,15,Dutch Grand Prix,2022-09-04,Circuit Park Zandvoort,Lewis Hamilton,British,Mercedes,4,4,12.0,72,+13.016,1:13.854,Finished
2022,15,Dutch Grand Prix,2022-09-04,Circuit Park Zandvoort,Sergio Pérez,Mexican,Red Bull,5,5,10.0,72,+18.168,1:14.404,Finished
2022,15,Dutch Grand Prix,2022-09-04,Circuit Park Zandvoort,Fernando Alonso,Spanish,Alpine F1 Team,13,6,8.0,72,+18.754,1:14.144,Finished
2022,15,Dutch Grand Prix,2022-09-04,Circuit Park Zandvoort,Lando Norris,British,McLaren,7,7,6.0,72,+19.306,1:14.706,Finished
2022,15,Dutch Grand Prix,2022-09-04,Circuit Park Zandvoort,Carlos Sainz,Spanish,Ferrari,3,8,4.0,72,+20.916,1:14.643,Finished
2022,15,Dutch Grand Prix,2022-09-04,Circuit Park Zandvoort,Esteban Ocon,French,Alpine F1 Team,12,9,2.0,72,+21.117,1:15.084,Finished
2022,15,Dutch Grand Prix,2022-09-04,Circuit Park Zandvoort,Lance Stroll,Canadian,Aston Martin,10,10,1.0,72,+22.459,1:15.043,Finished
2022,15,Dutch Grand Prix,2022-09-04,Circuit Park Zandvoort,Pierre Gasly,French,AlphaTauri,11,11,0.0,72,+27.009,1:15.165,Finished
2022,15,Dutch Grand Prix,2022-09-04,Circuit Park Zandvoort,Alexander Albon,Thai,Williams,15,12,0.0,72,+30.390,1:15.534,Finished
2022,15,Dutch Grand Prix,2022-09-04,Circuit Park Zandvoort,Mick Schumacher,German,Haas F1 Team,8,13,0.0,72,+32.995,1:15.233,Finished
2022,15,Dutch Grand Prix,2022-09-04,Circuit Park Zandvoort,Sebastian Vettel,German,Aston Martin,19,14,0.0,72,+36.007,1:14.862,Finished
2022,15,Dutch Grand Prix,2022-09-04,Circuit Park Zandvoort,Kevin Magnussen,Danish,Haas F1 Team,18,15,0.0,72,+36.869,1:15.369,Finished
2022,15,Dutch Grand Prix,2022-09-04,Circuit Park Zandvoort,Guanyu Zhou,Chinese,Alfa Romeo,14,16,0.0,72,+37.320,1:15.940,Finished
2022,15,Dutch Grand Prix,2022-09-04,Circuit Park Zandvoort,Daniel Ricciardo,Australian,McLaren,17,17,0.0,72,+37.764,1:15.577,Finished
2022,15,Dutch Grand Prix,2022-09-04,Circuit Park Zandvoort,Nicholas Latifi,Canadian,Williams,20,18,0.0,71,N/A,1:16.066,+1 Lap
2022,15,Dutch Grand Prix,2022-09-04,Circuit Park Zandvoort,Valtteri Bottas,Finnish,Alfa Romeo,16,19,0.0,53,N/A,1:16.844,Engine
2022,15,Dutch Grand Prix,2022-09-04,Circuit Park Zandvoort,Yuki Tsunoda,Japanese,AlphaTauri,9,20,0.0,43,N/A,1:17.138,Differential
2022,16,Italian Grand Prix,2022-09-11,Autodromo Nazionale di Monza,Max Verstappen,Dutch,Red Bull,7,1,25.0,53,1:20:27.511,1:24.745,Finished
2022,16,Italian Grand Prix,2022-09-11,Autodromo Nazionale di Monza,Charles Leclerc,Monegasque,Ferrari,1,2,18.0,53,+2.446,1:24.336,Finished
2022,16,Italian Grand Prix,2022-09-11,Autodromo Nazionale di Monza,George Russell,British,Mercedes,2,3,15.0,53,+3.405,1:25.288,Finished
2022,16,Italian Grand Prix,2022-09-11,Autodromo Nazionale di Monza,Carlos Sainz,Spanish,Ferrari,18,4,12.0,53,+5.061,1:24.446,Finished
2022,16,Italian Grand Prix,2022-09-11,Autodromo Nazionale di Monza,Lewis Hamilton,British,Mercedes,19,5,10.0,53,+5.380,1:24.434,Finished
2022,16,Italian Grand Prix,2022-09-11,Autodromo Nazionale di Monza,Sergio Pérez,Mexican,Red Bull,13,6,9.0,53,+6.091,1:24.030,Finished
2022,16,Italian Grand Prix,2022-09-11,Autodromo Nazionale di Monza,Lando Norris,British,McLaren,3,7,6.0,53,+6.207,1:24.718,Finished
2022,16,Italian Grand Prix,2022-09-11,Autodromo Nazionale di Monza,Pierre Gasly,French,AlphaTauri,5,8,4.0,53,+6.396,1:26.718,Finished
2022,16,Italian Grand Prix,2022-09-11,Autodromo Nazionale di Monza,Nyck de Vries,Dutch,Williams,8,9,2.0,53,+7.122,1:26.624,Finished
2022,16,Italian Grand Prix,2022-09-11,Autodromo Nazionale di Monza,Guanyu Zhou,Chinese,Alfa Romeo,9,10,1.0,53,+7.910,1:26.361,Finished
2022,16,Italian Grand Prix,2022-09-11,Autodromo Nazionale di Monza,Esteban Ocon,French,Alpine F1 Team,14,11,0.0,53,+8.323,1:26.593,Finished
2022,16,Italian Grand Prix,2022-09-11,Autodromo Nazionale di Monza,Mick Schumacher,German,Haas F1 Team,17,12,0.0,53,+8.549,1:25.298,Finished
2022,16,Italian Grand Prix,2022-09-11,Autodromo Nazionale di Monza,Valtteri Bottas,Finnish,Alfa Romeo,15,13,0.0,52,N/A,1:25.706,+1 Lap
2022,16,Italian Grand Prix,2022-09-11,Autodromo Nazionale di Monza,Yuki Tsunoda,Japanese,AlphaTauri,20,14,0.0,52,N/A,1:26.857,+1 Lap
2022,16,Italian Grand Prix,2022-09-11,Autodromo Nazionale di Monza,Nicholas Latifi,Canadian,Williams,10,15,0.0,52,N/A,1:26.798,+1 Lap
2022,16,Italian Grand Prix,2022-09-11,Autodromo Nazionale di Monza,Kevin Magnussen,Danish,Haas F1 Team,16,16,0.0,52,N/A,1:26.798,+1 Lap
2022,16,Italian Grand Prix,2022-09-11,Autodromo Nazionale di Monza,Daniel Ricciardo,Australian,McLaren,4,17,0.0,45,N/A,1:26.603,Oil leak
2022,16,Italian Grand Prix,2022-09-11,Autodromo Nazionale di Monza,Lance Stroll,Canadian,Aston Martin,12,18,0.0,39,N/A,1:27.467,Engine
2022,16,Italian Grand Prix,2022-09-11,Autodromo Nazionale di Monza,Fernando Alonso,Spanish,Alpine F1 Team,6,19,0.0,31,N/A,1:27.203,Water pressure
2022,16,Italian Grand Prix,2022-09-11,Autodromo Nazionale di Monza,Sebastian Vettel,German,Aston Martin,11,20,0.0,10,N/A,1:27.501,Engine
2022,17,Singapore Grand Prix,2022-10-02,Marina Bay Street Circuit,Sergio Pérez,Mexican,Red Bull,2,1,25.0,59,2:02:20.238,1:48.165,Finished
2022,17,Singapore Grand Prix,2022-10-02,Marina Bay Street Circuit,Charles Leclerc,Monegasque,Ferrari,1,2,18.0,59,+2.595,1:48.753,Finished
2022,17,Singapore Grand Prix,2022-10-02,Marina Bay Street Circuit,Carlos Sainz,Spanish,Ferrari,4,3,15.0,59,+10.305,1:48.414,Finished
2022,17,Singapore Grand Prix,2022-10-02,Marina Bay Street Circuit,Lando Norris,British,McLaren,6,4,12.0,59,+21.133,1:49.212,Finished
2022,17,Singapore Grand Prix,2022-10-02,Marina Bay Street Circuit,Daniel Ricciardo,Australian,McLaren,16,5,10.0,59,+53.282,1:51.006,Finished
2022,17,Singapore Grand Prix,2022-10-02,Marina Bay Street Circuit,Lance Stroll,Canadian,Aston Martin,11,6,8.0,59,+56.330,1:50.283,Finished
2022,17,Singapore Grand Prix,2022-10-02,Marina Bay Street Circuit,Max Verstappen,Dutch,Red Bull,8,7,6.0,59,+58.825,1:49.142,Finished
2022,17,Singapore Grand Prix,2022-10-02,Marina Bay Street Circuit,Sebastian Vettel,German,Aston Martin,13,8,4.0,59,+1:00.032,1:50.669,Finished
2022,17,Singapore Grand Prix,2022-10-02,Marina Bay Street Circuit,Lewis Hamilton,British,Mercedes,3,9,2.0,59,+1:01.515,1:50.622,Finished
2022,17,Singapore Grand Prix,2022-10-02,Marina Bay Street Circuit,Pierre Gasly,French,AlphaTauri,7,10,1.0,59,+1:09.576,1:50.569,Finished
2022,17,Singapore Grand Prix,2022-10-02,Marina Bay Street Circuit,Valtteri Bottas,Finnish,Alfa Romeo,15,11,0.0,59,+1:28.844,1:51.864,Finished
2022,17,Singapore Grand Prix,2022-10-02,Marina Bay Street Circuit,Kevin Magnussen,Danish,Haas F1 Team,9,12,0.0,59,+1:32.610,1:52.067,Finished
2022,17,Singapore Grand Prix,2022-10-02,Marina Bay Street Circuit,Mick Schumacher,German,Haas F1 Team,12,13,0.0,58,N/A,1:50.290,+1 Lap
2022,17,Singapore Grand Prix,2022-10-02,Marina Bay Street Circuit,George Russell,British,Mercedes,20,14,0.0,57,N/A,1:46.458,+2 Laps
2022,17,Singapore Grand Prix,2022-10-02,Marina Bay Street Circuit,Yuki Tsunoda,Japanese,AlphaTauri,10,15,0.0,34,N/A,1:58.716,Accident
2022,17,Singapore Grand Prix,2022-10-02,Marina Bay Street Circuit,Esteban Ocon,French,Alpine F1 Team,17,16,0.0,26,N/A,2:01.105,Engine
2022,17,Singapore Grand Prix,2022-10-02,Marina Bay Street Circuit,Alexander Albon,Thai,Williams,18,17,0.0,25,N/A,2:02.121,Collision damage
2022,17,Singapore Grand Prix,2022-10-02,Marina Bay Street Circuit,Fernando Alonso,Spanish,Alpine F1 Team,5,18,0.0,20,N/A,2:00.463,Engine
2022,17,Singapore Grand Prix,2022-10-02,Marina Bay Street Circuit,Nicholas Latifi,Canadian,Williams,19,19,0.0,7,N/A,2:05.585,Collision damage
2022,17,Singapore Grand Prix,2022-10-02,Marina Bay Street Circuit,Guanyu Zhou,Chinese,Alfa Romeo,14,20,0.0,6,N/A,2:05.556,Collision
2022,18,Japanese Grand Prix,2022-10-09,Suzuka Circuit,Max Verstappen,Dutch,Red Bull,1,1,25.0,28,3:01:44.004,1:44.911,Finished
2022,18,Japanese Grand Prix,2022-10-09,Suzuka Circuit,Sergio Pérez,Mexican,Red Bull,4,2,18.0,28,+27.066,1:46.120,Finished
2022,18,Japanese Grand Prix,2022-10-09,Suzuka Circuit,Charles Leclerc,Monegasque,Ferrari,2,3,15.0,28,+31.763,1:44.489,Finished
2022,18,Japanese Grand Prix,2022-10-09,Suzuka Circuit,Esteban Ocon,French,Alpine F1 Team,5,4,12.0,28,+39.685,1:46.559,Finished
2022,18,Japanese Grand Prix,2022-10-09,Suzuka Circuit,Lewis Hamilton,British,Mercedes,6,5,10.0,28,+40.326,1:45.530,Finished
2022,18,Japanese Grand Prix,2022-10-09,Suzuka Circuit,Sebastian Vettel,German,Aston Martin,9,6,8.0,28,+46.358,1:46.964,Finished
2022,18,Japanese Grand Prix,2022-10-09,Suzuka Circuit,Fernando Alonso,Spanish,Alpine F1 Team,7,7,6.0,28,+46.369,1:44.412,Finished
2022,18,Japanese Grand Prix,2022-10-09,Suzuka Circuit,George Russell,British,Mercedes,8,8,4.0,28,+47.661,1:47.004,Finished
2022,18,Japanese Grand Prix,2022-10-09,Suzuka Circuit,Nicholas Latifi,Canadian,Williams,20,9,2.0,28,+1:10.143,1:48.371,Finished
2022,18,Japanese Grand Prix,2022-10-09,Suzuka Circuit,Lando Norris,British,McLaren,10,10,1.0,28,+1:10.782,1:48.175,Finished
2022,18,Japanese Grand Prix,2022-10-09,Suzuka Circuit,Daniel Ricciardo,Australian,McLaren,11,11,0.0,28,+1:12.877,1:47.843,Finished
2022,18,Japanese Grand Prix,2022-10-09,Suzuka Circuit,Lance Stroll,Canadian,Aston Martin,19,12,0.0,28,+1:13.904,1:45.205,Finished
2022,18,Japanese Grand Prix,2022-10-09,Suzuka Circuit,Yuki Tsunoda,Japanese,AlphaTauri,13,13,0.0,28,+1:15.599,1:45.893,Finished
2022,18,Japanese Grand Prix,2022-10-09,Suzuka Circuit,Kevin Magnussen,Danish,Haas F1 Team,18,14,0.0,28,+1:26.016,1:48.072,Finished
2022,18,Japanese Grand Prix,2022-10-09,Suzuka Circuit,Valtteri Bottas,Finnish,Alfa Romeo,12,15,0.0,28,+1:26.496,1:47.820,Finished
2022,18,Japanese Grand Prix,2022-10-09,Suzuka Circuit,Guanyu Zhou,Chinese,Alfa Romeo,14,16,0.0,28,+1:27.043,1:44.411,Finished
2022,18,Japanese Grand Prix,2022-10-09,Suzuka Circuit,Mick Schumacher,German,Haas F1 Team,15,17,0.0,28,+1:32.523,1:45.387,Finished
2022,18,Japanese Grand Prix,2022-10-09,Suzuka Circuit,Pierre Gasly,French,AlphaTauri,17,18,0.0,28,+1:48.091,1:46.545,Finished
2022,18,Japanese Grand Prix,2022-10-09,Suzuka Circuit,Carlos Sainz,Spanish,Ferrari,3,19,0.0,0,N/A,N/A,Accident
2022,18,Japanese Grand Prix,2022-10-09,Suzuka Circuit,Alexander Albon,Thai,Williams,16,20,0.0,0,N/A,N/A,Hydraulics
2022,19,United States Grand Prix,2022-10-23,Circuit of the Americas,Max Verstappen,Dutch,Red Bull,2,1,25.0,56,1:42:11.687,1:39.541,Finished
2022,19,United States Grand Prix,2022-10-23,Circuit of the Americas,Lewis Hamilton,British,Mercedes,3,2,18.0,56,+5.023,1:39.830,Finished
2022,19,United States Grand Prix,2022-10-23,Circuit of the Americas,Charles Leclerc,Monegasque,Ferrari,12,3,15.0,56,+7.501,1:39.731,Finished
2022,19,United States Grand Prix,2022-10-23,Circuit of the Americas,Sergio Pérez,Mexican,Red Bull,9,4,12.0,56,+8.293,1:39.563,Finished
2022,19,United States Grand Prix,2022-10-23,Circuit of the Americas,George Russell,British,Mercedes,4,5,11.0,56,+44.815,1:38.788,Finished
2022,19,United States Grand Prix,2022-10-23,Circuit of the Americas,Lando Norris,British,McLaren,6,6,8.0,56,+53.785,1:41.322,Finished
2022,19,United States Grand Prix,2022-10-23,Circuit of the Americas,Fernando Alonso,Spanish,Alpine F1 Team,14,7,6.0,56,+55.078,1:41.538,Finished
2022,19,United States Grand Prix,2022-10-23,Circuit of the Americas,Sebastian Vettel,German,Aston Martin,10,8,4.0,56,+1:05.354,1:42.546,Finished
2022,19,United States Grand Prix,2022-10-23,Circuit of the Americas,Kevin Magnussen,Danish,Haas F1 Team,13,9,2.0,56,+1:05.834,1:42.206,Finished
2022,19,United States Grand Prix,2022-10-23,Circuit of the Americas,Yuki Tsunoda,Japanese,AlphaTauri,19,10,1.0,56,+1:10.919,1:41.243,Finished
2022,19,United States Grand Prix,2022-10-23,Circuit of the Americas,Esteban Ocon,French,Alpine F1 Team,20,11,0.0,56,+1:12.875,1:42.394,Finished
2022,19,United States Grand Prix,2022-10-23,Circuit of the Americas,Guanyu Zhou,Chinese,Alfa Romeo,18,12,0.0,56,+1:16.164,1:42.471,Finished
2022,19,United States Grand Prix,2022-10-23,Circuit of the Americas,Alexander Albon,Thai,Williams,8,13,0.0,56,+1:20.057,1:41.674,Finished
2022,19,United States Grand Prix,2022-10-23,Circuit of the Americas,Pierre Gasly,French,AlphaTauri,11,14,0.0,56,+1:21.763,1:42.320,Finished
2022,19,United States Grand Prix,2022-10-23,Circuit of the Americas,Mick Schumacher,German,Haas F1 Team,16,15,0.0,56,+1:24.490,1:41.804,Finished
2022,19,United States Grand Prix,2022-10-23,Circuit of the Americas,Daniel Ricciardo,Australian,McLaren,15,16,0.0,56,+1:30.487,1:42.420,Finished
2022,19,United States Grand Prix,2022-10-23,Circuit of the Americas,Nicholas Latifi,Canadian,Williams,17,17,0.0,56,+1:43.588,1:43.485,Finished
2022,19,United States Grand Prix,2022-10-23,Circuit of the Americas,Lance Stroll,Canadian,Aston Martin,5,18,0.0,21,N/A,1:43.080,Collision
2022,19,United States Grand Prix,2022-10-23,Circuit of the Americas,Valtteri Bottas,Finnish,Alfa Romeo,7,19,0.0,16,N/A,1:43.391,Spun off
2022,19,United States Grand Prix,2022-10-23,Circuit of the Americas,Carlos Sainz,Spanish,Ferrari,1,20,0.0,1,N/A,N/A,Collision damage
2022,20,Mexico City Grand Prix,2022-10-30,Autódromo Hermanos Rodríguez,Max Verstappen,Dutch,Red Bull,1,1,25.0,71,1:38:36.729,1:22.046,Finished
2022,20,Mexico City Grand Prix,2022-10-30,Autódromo Hermanos Rodríguez,Lewis Hamilton,British,Mercedes,3,2,18.0,71,+15.186,1:22.062,Finished
2022,20,Mexico City Grand Prix,2022-10-30,Autódromo Hermanos Rodríguez,Sergio Pérez,Mexican,Red Bull,4,3,15.0,71,+18.097,1:21.775,Finished
2022,20,Mexico City Grand Prix,2022-10-30,Autódromo Hermanos Rodríguez,George Russell,British,Mercedes,2,4,13.0,71,+49.431,1:20.153,Finished
2022,20,Mexico City Grand Prix,2022-10-30,Autódromo Hermanos Rodríguez,Carlos Sainz,Spanish,Ferrari,5,5,10.0,71,+58.123,1:22.199,Finished
2022,20,Mexico City Grand Prix,2022-10-30,Autódromo Hermanos Rodríguez,Charles Leclerc,Monegasque,Ferrari,7,6,8.0,71,+1:08.774,1:22.603,Finished
2022,20,Mexico City Grand Prix,2022-10-30,Autódromo Hermanos Rodríguez,Daniel Ricciardo,Australian,McLaren,11,7,6.0,70,N/A,1:22.022,+1 Lap
2022,20,Mexico City Grand Prix,2022-10-30,Autódromo Hermanos Rodríguez,Esteban Ocon,French,Alpine F1 Team,10,8,4.0,70,N/A,1:23.279,+1 Lap
2022,20,Mexico City Grand Prix,2022-10-30,Autódromo Hermanos Rodríguez,Lando Norris,British,McLaren,8,9,2.0,70,N/A,1:23.402,+1 Lap
2022,20,Mexico City Grand Prix,2022-10-30,Autódromo Hermanos Rodríguez,Valtteri Bottas,Finnish,Alfa Romeo,6,10,1.0,70,N/A,1:23.363,+1 Lap
2022,20,Mexico City Grand Prix,2022-10-30,Autódromo Hermanos Rodríguez,Pierre Gasly,French,AlphaTauri,14,11,0.0,70,N/A,1:22.277,+1 Lap
2022,20,Mexico City Grand Prix,2022-10-30,Autódromo Hermanos Rodríguez,Alexander Albon,Thai,Williams,17,12,0.0,70,N/A,1:22.914,+1 Lap
2022,20,Mexico City Grand Prix,2022-10-30,Autódromo Hermanos Rodríguez,Guanyu Zhou,Chinese,Alfa Romeo,12,13,0.0,70,N/A,1:22.260,+1 Lap
2022,20,Mexico City Grand Prix,2022-10-30,Autódromo Hermanos Rodríguez,Sebastian Vettel,German,Aston Martin,16,14,0.0,70,N/A,1:23.086,+1 Lap
2022,20,Mexico City Grand Prix,2022-10-30,Autódromo Hermanos Rodríguez,Lance Stroll,Canadian,Aston Martin,20,15,0.0,70,N/A,1:22.463,+1 Lap
2022,20,Mexico City Grand Prix,2022-10-30,Autódromo Hermanos Rodríguez,Mick Schumacher,German,Haas F1 Team,15,16,0.0,70,N/A,1:23.641,+1 Lap
2022,20,Mexico City Grand Prix,2022-10-30,Autódromo Hermanos Rodríguez,Kevin Magnussen,Danish,Haas F1 Team,19,17,0.0,70,N/A,1:23.300,+1 Lap
2022,20,Mexico City Grand Prix,2022-10-30,Autódromo Hermanos Rodríguez,Nicholas Latifi,Canadian,Williams,18,18,0.0,69,N/A,1:23.709,+2 Laps
2022,20,Mexico City Grand Prix,2022-10-30,Autódromo Hermanos Rodríguez,Fernando Alonso,Spanish,Alpine F1 Team,9,19,0.0,63,N/A,1:22.866,Engine
2022,20,Mexico City Grand Prix,2022-10-30,Autódromo Hermanos Rodríguez,Yuki Tsunoda,Japanese,AlphaTauri,13,20,0.0,50,N/A,1:23.403,Collision damage
2022,21,São Paulo Grand Prix,2022-11-13,Autódromo José Carlos Pace,George Russell,British,Mercedes,1,1,26.0,71,1:38:34.044,1:13.785,Finished
2022,21,São Paulo Grand Prix,2022-11-13,Autódromo José Carlos Pace,Lewis Hamilton,British,Mercedes,2,2,18.0,71,+1.529,1:13.942,Finished
2022,21,São Paulo Grand Prix,2022-11-13,Autódromo José Carlos Pace,Carlos Sainz,Spanish,Ferrari,7,3,15.0,71,+4.051,1:13.953,Finished
2022,21,São Paulo Grand Prix,2022-11-13,Autódromo José Carlos Pace,Charles Leclerc,Monegasque,Ferrari,5,4,12.0,71,+8.441,1:14.253,Finished
2022,21,São Paulo Grand Prix,2022-11-13,Autódromo José Carlos Pace,Fernando Alonso,Spanish,Alpine F1 Team,17,5,10.0,71,+9.561,1:14.164,Finished
2022,21,São Paulo Grand Prix,2022-11-13,Autódromo José Carlos Pace,Max Verstappen,Dutch,Red Bull,3,6,8.0,71,+10.056,1:14.195,Finished
2022,21,São Paulo Grand Prix,2022-11-13,Autódromo José Carlos Pace,Sergio Pérez,Mexican,Red Bull,4,7,6.0,71,+14.080,1:14.283,Finished
2022,21,São Paulo Grand Prix,2022-11-13,Autódromo José Carlos Pace,Esteban Ocon,French,Alpine F1 Team,16,8,4.0,71,+18.690,1:15.093,Finished
2022,21,São Paulo Grand Prix,2022-11-13,Autódromo José Carlos Pace,Valtteri Bottas,Finnish,Alfa Romeo,14,9,2.0,71,+22.552,1:15.511,Finished
2022,21,São Paulo Grand Prix,2022-11-13,Autódromo José Carlos Pace,Lance Stroll,Canadian,Aston Martin,15,10,1.0,71,+23.552,1:14.831,Finished
2022,21,São Paulo Grand Prix,2022-11-13,Autódromo José Carlos Pace,Sebastian Vettel,German,Aston Martin,9,11,0.0,71,+26.183,1:15.549,Finished
2022,21,São Paulo Grand Prix,2022-11-13,Autódromo José Carlos Pace,Guanyu Zhou,Chinese,Alfa Romeo,13,12,0.0,71,+29.325,1:15.802,Finished
2022,21,São Paulo Grand Prix,2022-11-13,Autódromo José Carlos Pace,Mick Schumacher,German,Haas F1 Team,12,13,0.0,71,+29.899,1:15.251,Finished
2022,21,São Paulo Grand Prix,2022-11-13,Autódromo José Carlos Pace,Pierre Gasly,French,AlphaTauri,10,14,0.0,71,+31.867,1:15.327,Finished
2022,21,São Paulo Grand Prix,2022-11-13,Autódromo José Carlos Pace,Alexander Albon,Thai,Williams,19,15,0.0,71,+36.016,1:15.613,Finished
2022,21,São Paulo Grand Prix,2022-11-13,Autódromo José Carlos Pace,Nicholas Latifi,Canadian,Williams,18,16,0.0,71,+37.038,1:15.327,Finished
2022,21,São Paulo Grand Prix,2022-11-13,Autódromo José Carlos Pace,Yuki Tsunoda,Japanese,AlphaTauri,20,17,0.0,70,N/A,1:15.508,+1 Lap
2022,21,São Paulo Grand Prix,2022-11-13,Autódromo José Carlos Pace,Lando Norris,British,McLaren,6,18,0.0,50,N/A,1:15.855,Gearbox
2022,21,São Paulo Grand Prix,2022-11-13,Autódromo José Carlos Pace,Kevin Magnussen,Danish,Haas F1 Team,8,19,0.0,0,N/A,N/A,Collision
2022,21,São Paulo Grand Prix,2022-11-13,Autódromo José Carlos Pace,Daniel Ricciardo,Australian,McLaren,11,20,0.0,0,N/A,N/A,Collision
2022,22,Abu Dhabi Grand Prix,2022-11-20,Yas Marina Circuit,Max Verstappen,Dutch,Red Bull,1,1,25.0,58,1:27:45.914,1:29.392,Finished
2022,22,Abu Dhabi Grand Prix,2022-11-20,Yas Marina Circuit,Charles Leclerc,Monegasque,Ferrari,3,2,18.0,58,+8.771,1:29.719,Finished
2022,22,Abu Dhabi Grand Prix,2022-11-20,Yas Marina Circuit,Sergio Pérez,Mexican,Red Bull,2,3,15.0,58,+10.093,1:28.972,Finished
2022,22,Abu Dhabi Grand Prix,2022-11-20,Yas Marina Circuit,Carlos Sainz,Spanish,Ferrari,4,4,12.0,58,+24.892,1:28.879,Finished
2022,22,Abu Dhabi Grand Prix,2022-11-20,Yas Marina Circuit,George Russell,British,Mercedes,6,5,10.0,58,+35.888,1:28.836,Finished
2022,22,Abu Dhabi Grand Prix,2022-11-20,Yas Marina Circuit,Lando Norris,British,McLaren,7,6,9.0,58,+56.234,1:28.391,Finished
2022,22,Abu Dhabi Grand Prix,2022-11-20,Yas Marina Circuit,Esteban Ocon,French,Alpine F1 Team,8,7,6.0,58,+57.240,1:29.333,Finished
2022,22,Abu Dhabi Grand Prix,2022-11-20,Yas Marina Circuit,Lance Stroll,Canadian,Aston Martin,14,8,4.0,58,+1:16.931,1:29.620,Finished
2022,22,Abu Dhabi Grand Prix,2022-11-20,Yas Marina Circuit,Daniel Ricciardo,Australian,McLaren,13,9,2.0,58,+1:23.268,1:30.785,Finished
2022,22,Abu Dhabi Grand Prix,2022-11-20,Yas Marina Circuit,Sebastian Vettel,German,Aston Martin,9,10,1.0,58,+1:23.898,1:30.312,Finished
2022,22,Abu Dhabi Grand Prix,2022-11-20,Yas Marina Circuit,Yuki Tsunoda,Japanese,AlphaTauri,11,11,0.0,58,+1:29.371,1:29.489,Finished
2022,22,Abu Dhabi Grand Prix,2022-11-20,Yas Marina Circuit,Guanyu Zhou,Chinese,Alfa Romeo,15,12,0.0,57,N/A,1:29.600,+1 Lap
2022,22,Abu Dhabi Grand Prix,2022-11-20,Yas Marina Circuit,Alexander Albon,Thai,Williams,19,13,0.0,57,N/A,1:29.939,+1 Lap
2022,22,Abu Dhabi Grand Prix,2022-11-20,Yas Marina Circuit,Pierre Gasly,French,AlphaTauri,17,14,0.0,57,N/A,1:31.081,+1 Lap
2022,22,Abu Dhabi Grand Prix,2022-11-20,Yas Marina Circuit,Valtteri Bottas,Finnish,Alfa Romeo,18,15,0.0,57,N/A,1:30.352,+1 Lap
2022,22,Abu Dhabi Grand Prix,2022-11-20,Yas Marina Circuit,Mick Schumacher,German,Haas F1 Team,12,16,0.0,57,N/A,1:29.833,+1 Lap
2022,22,Abu Dhabi Grand Prix,2022-11-20,Yas Marina Circuit,Kevin Magnussen,Danish,Haas F1 Team,16,17,0.0,57,N/A,1:31.158,+1 Lap
2022,22,Abu Dhabi Grand Prix,2022-11-20,Yas Marina Circuit,Lewis Hamilton,British,Mercedes,5,18,0.0,55,N/A,1:29.788,Hydraulics
2022,22,Abu Dhabi Grand Prix,2022-11-20,Yas Marina Circuit,Nicholas Latifi,Canadian,Williams,20,19,0.0,55,N/A,1:30.309,Collision damage
2022,22,Abu Dhabi Grand Prix,2022-11-20,Yas Marina Circuit,Fernando Alonso,Spanish,Alpine F1 Team,10,20,0.0,27,N/A,1:30.579,Water leak
2023,1,Bahrain Grand Prix,2023-03-05,Bahrain International Circuit,Max Verstappen,Dutch,Red Bull,1,1,25.0,57,1:33:56.736,1:36.236,Finished
2023,1,Bahrain Grand Prix,2023-03-05,Bahrain International Circuit,Sergio Pérez,Mexican,Red Bull,2,2,18.0,57,+11.987,1:36.344,Finished
2023,1,Bahrain Grand Prix,2023-03-05,Bahrain International Circuit,Fernando Alonso,Spanish,Aston Martin,5,3,15.0,57,+38.637,1:36.156,Finished
2023,1,Bahrain Grand Prix,2023-03-05,Bahrain International Circuit,Carlos Sainz,Spanish,Ferrari,4,4,12.0,57,+48.052,1:37.130,Finished
2023,1,Bahrain Grand Prix,2023-03-05,Bahrain International Circuit,Lewis Hamilton,British,Mercedes,7,5,10.0,57,+50.977,1:36.546,Finished
2023,1,Bahrain Grand Prix,2023-03-05,Bahrain International Circuit,Lance Stroll,Canadian,Aston Martin,8,6,8.0,57,+54.502,1:36.546,Finished
2023,1,Bahrain Grand Prix,2023-03-05,Bahrain International Circuit,George Russell,British,Mercedes,6,7,6.0,57,+55.873,1:37.221,Finished
2023,1,Bahrain Grand Prix,2023-03-05,Bahrain International Circuit,Valtteri Bottas,Finnish,Alfa Romeo,12,8,4.0,57,+1:12.647,1:37.379,Finished
2023,1,Bahrain Grand Prix,2023-03-05,Bahrain International Circuit,Pierre Gasly,French,Alpine F1 Team,20,9,2.0,57,+1:13.753,1:35.068,Finished
2023,1,Bahrain Grand Prix,2023-03-05,Bahrain International Circuit,Alexander Albon,Thai,Williams,15,10,1.0,57,+1:29.774,1:37.144,Finished
2023,1,Bahrain Grand Prix,2023-03-05,Bahrain International Circuit,Yuki Tsunoda,Japanese,AlphaTauri,14,11,0.0,57,+1:30.870,1:36.637,Finished
2023,1,Bahrain Grand Prix,2023-03-05,Bahrain International Circuit,Logan Sargeant,American,Williams,16,12,0.0,56,+1.136,1:36.037,Lapped
2023,1,Bahrain Grand Prix,2023-03-05,Bahrain International Circuit,Kevin Magnussen,Danish,Haas F1 Team,17,13,0.0,56,+16.757,1:36.471,Lapped
2023,1,Bahrain Grand Prix,2023-03-05,Bahrain International Circuit,Nyck de Vries,Dutch,AlphaTauri,19,14,0.0,56,+22.523,1:37.709,Lapped
2023,1,Bahrain Grand Prix,2023-03-05,Bahrain International Circuit,Nico Hülkenberg,German,Haas F1 Team,10,15,0.0,56,+38.911,1:36.616,Lapped
2023,1,Bahrain Grand Prix,2023-03-05,Bahrain International Circuit,Guanyu Zhou,Chinese,Alfa Romeo,13,16,0.0,56,+39.649,1:33.996,Lapped
2023,1,Bahrain Grand Prix,2023-03-05,Bahrain International Circuit,Lando Norris,British,McLaren,11,17,0.0,55,+6.636,1:35.822,Lapped
2023,1,Bahrain Grand Prix,2023-03-05,Bahrain International Circuit,Esteban Ocon,French,Alpine F1 Team,9,18,0.0,41,N/A,1:36.797,Retired
2023,1,Bahrain Grand Prix,2023-03-05,Bahrain International Circuit,Charles Leclerc,Monegasque,Ferrari,3,19,0.0,39,N/A,1:37.170,Retired
2023,1,Bahrain Grand Prix,2023-03-05,Bahrain International Circuit,Oscar Piastri,Australian,McLaren,18,20,0.0,13,N/A,1:40.691,Retired
2023,2,Saudi Arabian Grand Prix,2023-03-19,Jeddah Corniche Circuit,Sergio Pérez,Mexican,Red Bull,1,1,25.0,50,1:21:14.894,1:32.188,Finished
2023,2,Saudi Arabian Grand Prix,2023-03-19,Jeddah Corniche Circuit,Max Verstappen,Dutch,Red Bull,15,2,19.0,50,+5.355,1:31.906,Finished
2023,2,Saudi Arabian Grand Prix,2023-03-19,Jeddah Corniche Circuit,Fernando Alonso,Spanish,Aston Martin,2,3,15.0,50,+20.728,1:32.240,Finished
2023,2,Saudi Arabian Grand Prix,2023-03-19,Jeddah Corniche Circuit,George Russell,British,Mercedes,3,4,12.0,50,+25.866,1:32.433,Finished
2023,2,Saudi Arabian Grand Prix,2023-03-19,Jeddah Corniche Circuit,Lewis Hamilton,British,Mercedes,7,5,10.0,50,+31.065,1:32.941,Finished
2023,2,Saudi Arabian Grand Prix,2023-03-19,Jeddah Corniche Circuit,Carlos Sainz,Spanish,Ferrari,4,6,8.0,50,+35.876,1:32.822,Finished
2023,2,Saudi Arabian Grand Prix,2023-03-19,Jeddah Corniche Circuit,Charles Leclerc,Monegasque,Ferrari,12,7,6.0,50,+43.162,1:33.056,Finished
2023,2,Saudi Arabian Grand Prix,2023-03-19,Jeddah Corniche Circuit,Esteban Ocon,French,Alpine F1 Team,6,8,4.0,50,+52.832,1:33.222,Finished
2023,2,Saudi Arabian Grand Prix,2023-03-19,Jeddah Corniche Circuit,Pierre Gasly,French,Alpine F1 Team,9,9,2.0,50,+54.747,1:33.392,Finished
2023,2,Saudi Arabian Grand Prix,2023-03-19,Jeddah Corniche Circuit,Kevin Magnussen,Danish,Haas F1 Team,13,10,1.0,50,+1:04.826,1:33.374,Finished
2023,2,Saudi Arabian Grand Prix,2023-03-19,Jeddah Corniche Circuit,Yuki Tsunoda,Japanese,AlphaTauri,16,11,0.0,50,+1:07.494,1:33.931,Finished
2023,2,Saudi Arabian Grand Prix,2023-03-19,Jeddah Corniche Circuit,Nico Hülkenberg,German,Haas F1 Team,10,12,0.0,50,+1:10.588,1:33.780,Finished
2023,2,Saudi Arabian Grand Prix,2023-03-19,Jeddah Corniche Circuit,Guanyu Zhou,Chinese,Alfa Romeo,11,13,0.0,50,+1:16.060,1:33.894,Finished
2023,2,Saudi Arabian Grand Prix,2023-03-19,Jeddah Corniche Circuit,Nyck de Vries,Dutch,AlphaTauri,18,14,0.0,50,+1:17.478,1:33.609,Finished
2023,2,Saudi Arabian Grand Prix,2023-03-19,Jeddah Corniche Circuit,Oscar Piastri,Australian,McLaren,8,15,0.0,50,+1:25.021,1:34.287,Finished
2023,2,Saudi Arabian Grand Prix,2023-03-19,Jeddah Corniche Circuit,Logan Sargeant,American,Williams,20,16,0.0,50,+1:26.293,1:34.469,Finished
2023,2,Saudi Arabian Grand Prix,2023-03-19,Jeddah Corniche Circuit,Lando Norris,British,McLaren,19,17,0.0,50,+1:26.445,1:34.122,Finished
2023,2,Saudi Arabian Grand Prix,2023-03-19,Jeddah Corniche Circuit,Valtteri Bottas,Finnish,Alfa Romeo,14,18,0.0,49,+29.584,1:34.384,Lapped
2023,2,Saudi Arabian Grand Prix,2023-03-19,Jeddah Corniche Circuit,Alexander Albon,Thai,Williams,17,19,0.0,27,N/A,1:35.567,Retired
2023,2,Saudi Arabian Grand Prix,2023-03-19,Jeddah Corniche Circuit,Lance Stroll,Canadian,Aston Martin,5,20,0.0,16,N/A,1:35.140,Retired
2023,3,Australian Grand Prix,2023-04-02,Albert Park Grand Prix Circuit,Max Verstappen,Dutch,Red Bull,1,1,25.0,58,2:32:38.371,1:20.342,Finished
2023,3,Australian Grand Prix,2023-04-02,Albert Park Grand Prix Circuit,Lewis Hamilton,British,Mercedes,3,2,18.0,58,+0.179,1:20.613,Finished
2023,3,Australian Grand Prix,2023-04-02,Albert Park Grand Prix Circuit,Fernando Alonso,Spanish,Aston Martin,4,3,15.0,58,+0.769,1:20.476,Finished
2023,3,Australian Grand Prix,2023-04-02,Albert Park Grand Prix Circuit,Lance Stroll,Canadian,Aston Martin,6,4,12.0,58,+3.082,1:20.934,Finished
2023,3,Australian Grand Prix,2023-04-02,Albert Park Grand Prix Circuit,Sergio Pérez,Mexican,Red Bull,20,5,11.0,58,+3.320,1:20.235,Finished
2023,3,Australian Grand Prix,2023-04-02,Albert Park Grand Prix Circuit,Lando Norris,British,McLaren,13,6,8.0,58,+3.701,1:21.173,Finished
2023,3,Australian Grand Prix,2023-04-02,Albert Park Grand Prix Circuit,Nico Hülkenberg,German,Haas F1 Team,10,7,6.0,58,+4.939,1:21.124,Finished
2023,3,Australian Grand Prix,2023-04-02,Albert Park Grand Prix Circuit,Oscar Piastri,Australian,McLaren,16,8,4.0,58,+5.382,1:21.335,Finished
2023,3,Australian Grand Prix,2023-04-02,Albert Park Grand Prix Circuit,Guanyu Zhou,Chinese,Alfa Romeo,17,9,2.0,58,+5.713,1:21.819,Finished
2023,3,Australian Grand Prix,2023-04-02,Albert Park Grand Prix Circuit,Yuki Tsunoda,Japanese,AlphaTauri,12,10,1.0,58,+6.052,1:21.789,Finished
2023,3,Australian Grand Prix,2023-04-02,Albert Park Grand Prix Circuit,Valtteri Bottas,Finnish,Alfa Romeo,19,11,0.0,58,+6.513,1:22.233,Finished
2023,3,Australian Grand Prix,2023-04-02,Albert Park Grand Prix Circuit,Carlos Sainz,Spanish,Ferrari,5,12,0.0,58,+6.594,1:20.467,Finished
2023,3,Australian Grand Prix,2023-04-02,Albert Park Grand Prix Circuit,Pierre Gasly,French,Alpine F1 Team,9,13,0.0,56,+-1:24:05.036,1:20.995,Finished
2023,3,Australian Grand Prix,2023-04-02,Albert Park Grand Prix Circuit,Esteban Ocon,French,Alpine F1 Team,11,14,0.0,56,+-1:24:06.409,1:21.203,Finished
2023,3,Australian Grand Prix,2023-04-02,Albert Park Grand Prix Circuit,Nyck de Vries,Dutch,AlphaTauri,15,15,0.0,56,+-1:24:07.342,1:21.183,Finished
2023,3,Australian Grand Prix,2023-04-02,Albert Park Grand Prix Circuit,Logan Sargeant,American,Williams,18,16,0.0,56,+-1:24:07.559,1:21.456,Finished
2023,3,Australian Grand Prix,2023-04-02,Albert Park Grand Prix Circuit,Kevin Magnussen,Danish,Haas F1 Team,14,17,0.0,52,+-1:01:16.239,1:21.685,Finished
2023,3,Australian Grand Prix,2023-04-02,Albert Park Grand Prix Circuit,George Russell,British,Mercedes,2,18,0.0,17,N/A,1:22.680,Retired
2023,3,Australian Grand Prix,2023-04-02,Albert Park Grand Prix Circuit,Alexander Albon,Thai,Williams,8,19,0.0,6,N/A,1:23.349,Retired
2023,3,Australian Grand Prix,2023-04-02,Albert Park Grand Prix Circuit,Charles Leclerc,Monegasque,Ferrari,7,20,0.0,0,N/A,N/A,Retired
2023,4,Azerbaijan Grand Prix,2023-04-30,Baku City Circuit,Sergio Pérez,Mexican,Red Bull,3,1,25.0,51,1:32:42.436,1:44.589,Finished
2023,4,Azerbaijan Grand Prix,2023-04-30,Baku City Circuit,Max Verstappen,Dutch,Red Bull,2,2,18.0,51,+2.137,1:44.232,Finished
2023,4,Azerbaijan Grand Prix,2023-04-30,Baku City Circuit,Charles Leclerc,Monegasque,Ferrari,1,3,15.0,51,+21.217,1:44.561,Finished
2023,4,Azerbaijan Grand Prix,2023-04-30,Baku City Circuit,Fernando Alonso,Spanish,Aston Martin,6,4,12.0,51,+22.024,1:44.241,Finished
2023,4,Azerbaijan Grand Prix,2023-04-30,Baku City Circuit,Carlos Sainz,Spanish,Ferrari,4,5,10.0,51,+45.491,1:45.175,Finished
2023,4,Azerbaijan Grand Prix,2023-04-30,Baku City Circuit,Lewis Hamilton,British,Mercedes,5,6,8.0,51,+46.145,1:45.346,Finished
2023,4,Azerbaijan Grand Prix,2023-04-30,Baku City Circuit,Lance Stroll,Canadian,Aston Martin,9,7,6.0,51,+51.617,1:45.627,Finished
2023,4,Azerbaijan Grand Prix,2023-04-30,Baku City Circuit,George Russell,British,Mercedes,11,8,5.0,51,+1:14.240,1:43.370,Finished
2023,4,Azerbaijan Grand Prix,2023-04-30,Baku City Circuit,Lando Norris,British,McLaren,7,9,2.0,51,+1:20.376,1:45.738,Finished
2023,4,Azerbaijan Grand Prix,2023-04-30,Baku City Circuit,Yuki Tsunoda,Japanese,AlphaTauri,8,10,1.0,51,+1:23.862,1:45.727,Finished
2023,4,Azerbaijan Grand Prix,2023-04-30,Baku City Circuit,Oscar Piastri,Australian,McLaren,10,11,0.0,51,+1:26.501,1:45.631,Finished
2023,4,Azerbaijan Grand Prix,2023-04-30,Baku City Circuit,Alexander Albon,Thai,Williams,12,12,0.0,51,+1:28.623,1:45.925,Finished
2023,4,Azerbaijan Grand Prix,2023-04-30,Baku City Circuit,Kevin Magnussen,Danish,Haas F1 Team,16,13,0.0,51,+1:29.729,1:45.850,Finished
2023,4,Azerbaijan Grand Prix,2023-04-30,Baku City Circuit,Pierre Gasly,French,Alpine F1 Team,17,14,0.0,51,+1:31.332,1:45.540,Finished
2023,4,Azerbaijan Grand Prix,2023-04-30,Baku City Circuit,Esteban Ocon,French,Alpine F1 Team,19,15,0.0,51,+1:37.794,1:45.908,Finished
2023,4,Azerbaijan Grand Prix,2023-04-30,Baku City Circuit,Logan Sargeant,American,Williams,14,16,0.0,51,+1:40.943,1:46.501,Finished
2023,4,Azerbaijan Grand Prix,2023-04-30,Baku City Circuit,Nico Hülkenberg,German,Haas F1 Team,20,17,0.0,50,+9.937,1:46.731,Lapped
2023,4,Azerbaijan Grand Prix,2023-04-30,Baku City Circuit,Valtteri Bottas,Finnish,Alfa Romeo,13,18,0.0,50,+19.098,1:46.304,Lapped
2023,4,Azerbaijan Grand Prix,2023-04-30,Baku City Circuit,Guanyu Zhou,Chinese,Alfa Romeo,15,19,0.0,36,N/A,1:47.553,Retired
2023,4,Azerbaijan Grand Prix,2023-04-30,Baku City Circuit,Nyck de Vries,Dutch,AlphaTauri,18,20,0.0,9,N/A,1:48.781,Retired
2023,5,Miami Grand Prix,2023-05-07,Miami International Autodrome,Max Verstappen,Dutch,Red Bull,9,1,26.0,57,1:27:38.241,1:29.708,Finished
2023,5,Miami Grand Prix,2023-05-07,Miami International Autodrome,Sergio Pérez,Mexican,Red Bull,1,2,18.0,57,+5.384,1:30.560,Finished
2023,5,Miami Grand Prix,2023-05-07,Miami International Autodrome,Fernando Alonso,Spanish,Aston Martin,2,3,15.0,57,+26.305,1:30.519,Finished
2023,5,Miami Grand Prix,2023-05-07,Miami International Autodrome,George Russell,British,Mercedes,6,4,12.0,57,+33.229,1:31.015,Finished
2023,5,Miami Grand Prix,2023-05-07,Miami International Autodrome,Carlos Sainz,Spanish,Ferrari,3,5,10.0,57,+42.511,1:31.362,Finished
2023,5,Miami Grand Prix,2023-05-07,Miami International Autodrome,Lewis Hamilton,British,Mercedes,13,6,8.0,57,+51.249,1:30.669,Finished
2023,5,Miami Grand Prix,2023-05-07,Miami International Autodrome,Charles Leclerc,Monegasque,Ferrari,7,7,6.0,57,+52.988,1:31.434,Finished
2023,5,Miami Grand Prix,2023-05-07,Miami International Autodrome,Pierre Gasly,French,Alpine F1 Team,5,8,4.0,57,+55.670,1:31.971,Finished
2023,5,Miami Grand Prix,2023-05-07,Miami International Autodrome,Esteban Ocon,French,Alpine F1 Team,8,9,2.0,57,+58.123,1:31.143,Finished
2023,5,Miami Grand Prix,2023-05-07,Miami International Autodrome,Kevin Magnussen,Danish,Haas F1 Team,4,10,1.0,57,+1:02.945,1:31.691,Finished
2023,5,Miami Grand Prix,2023-05-07,Miami International Autodrome,Yuki Tsunoda,Japanese,AlphaTauri,17,11,0.0,57,+1:04.309,1:31.038,Finished
2023,5,Miami Grand Prix,2023-05-07,Miami International Autodrome,Lance Stroll,Canadian,Aston Martin,18,12,0.0,57,+1:04.754,1:30.862,Finished
2023,5,Miami Grand Prix,2023-05-07,Miami International Autodrome,Valtteri Bottas,Finnish,Alfa Romeo,10,13,0.0,57,+1:11.637,1:31.838,Finished
2023,5,Miami Grand Prix,2023-05-07,Miami International Autodrome,Alexander Albon,Thai,Williams,11,14,0.0,57,+1:12.861,1:31.852,Finished
2023,5,Miami Grand Prix,2023-05-07,Miami International Autodrome,Nico Hülkenberg,German,Haas F1 Team,12,15,0.0,57,+1:14.950,1:30.901,Finished
2023,5,Miami Grand Prix,2023-05-07,Miami International Autodrome,Guanyu Zhou,Chinese,Alfa Romeo,14,16,0.0,57,+1:18.440,1:31.736,Finished
2023,5,Miami Grand Prix,2023-05-07,Miami International Autodrome,Lando Norris,British,McLaren,16,17,0.0,57,+1:27.717,1:32.401,Finished
2023,5,Miami Grand Prix,2023-05-07,Miami International Autodrome,Nyck de Vries,Dutch,AlphaTauri,15,18,0.0,57,+1:28.949,1:31.562,Finished
2023,5,Miami Grand Prix,2023-05-07,Miami International Autodrome,Oscar Piastri,Australian,McLaren,19,19,0.0,56,+20.510,1:32.006,Lapped
2023,5,Miami Grand Prix,2023-05-07,Miami International Autodrome,Logan Sargeant,American,Williams,20,20,0.0,56,+34.388,1:32.384,Lapped
2023,6,Monaco Grand Prix,2023-05-28,Circuit de Monaco,Max Verstappen,Dutch,Red Bull,1,1,25.0,78,1:48:51.980,1:16.604,Finished
2023,6,Monaco Grand Prix,2023-05-28,Circuit de Monaco,Fernando Alonso,Spanish,Aston Martin,2,2,18.0,78,+27.921,1:16.674,Finished
2023,6,Monaco Grand Prix,2023-05-28,Circuit de Monaco,Esteban Ocon,French,Alpine F1 Team,3,3,15.0,78,+36.990,1:16.528,Finished
2023,6,Monaco Grand Prix,2023-05-28,Circuit de Monaco,Lewis Hamilton,British,Mercedes,5,4,13.0,78,+39.062,1:15.650,Finished
2023,6,Monaco Grand Prix,2023-05-28,Circuit de Monaco,George Russell,British,Mercedes,8,5,10.0,78,+56.284,1:16.798,Finished
2023,6,Monaco Grand Prix,2023-05-28,Circuit de Monaco,Charles Leclerc,Monegasque,Ferrari,6,6,8.0,78,+1:01.890,1:15.773,Finished
2023,6,Monaco Grand Prix,2023-05-28,Circuit de Monaco,Pierre Gasly,French,Alpine F1 Team,7,7,6.0,78,+1:02.362,1:15.831,Finished
2023,6,Monaco Grand Prix,2023-05-28,Circuit de Monaco,Carlos Sainz,Spanish,Ferrari,4,8,4.0,78,+1:03.391,1:16.449,Finished
2023,6,Monaco Grand Prix,2023-05-28,Circuit de Monaco,Lando Norris,British,McLaren,10,9,2.0,77,+4.061,1:17.844,Lapped
2023,6,Monaco Grand Prix,2023-05-28,Circuit de Monaco,Oscar Piastri,Australian,McLaren,11,10,1.0,77,+13.959,1:17.513,Lapped
2023,6,Monaco Grand Prix,2023-05-28,Circuit de Monaco,Valtteri Bottas,Finnish,Alfa Romeo,15,11,0.0,77,+28.963,1:17.824,Lapped
2023,6,Monaco Grand Prix,2023-05-28,Circuit de Monaco,Nyck de Vries,Dutch,AlphaTauri,12,12,0.0,77,+57.317,1:17.561,Lapped
2023,6,Monaco Grand Prix,2023-05-28,Circuit de Monaco,Guanyu Zhou,Chinese,Alfa Romeo,19,13,0.0,77,+1:11.852,1:16.926,Lapped
2023,6,Monaco Grand Prix,2023-05-28,Circuit de Monaco,Alexander Albon,Thai,Williams,13,14,0.0,77,+1:19.210,1:16.672,Lapped
2023,6,Monaco Grand Prix,2023-05-28,Circuit de Monaco,Yuki Tsunoda,Japanese,AlphaTauri,9,15,0.0,76,+7.545,1:17.680,Lapped
2023,6,Monaco Grand Prix,2023-05-28,Circuit de Monaco,Sergio Pérez,Mexican,Red Bull,20,16,0.0,76,+49.024,1:16.269,Lapped
2023,6,Monaco Grand Prix,2023-05-28,Circuit de Monaco,Nico Hülkenberg,German,Haas F1 Team,18,17,0.0,76,+58.506,1:16.991,Lapped
2023,6,Monaco Grand Prix,2023-05-28,Circuit de Monaco,Logan Sargeant,American,Williams,16,18,0.0,76,+1:17.983,1:17.302,Lapped
2023,6,Monaco Grand Prix,2023-05-28,Circuit de Monaco,Kevin Magnussen,Danish,Haas F1 Team,17,19,0.0,70,+-1:53:44.819,1:18.351,Finished
2023,6,Monaco Grand Prix,2023-05-28,Circuit de Monaco,Lance Stroll,Canadian,Aston Martin,14,20,0.0,53,N/A,1:17.769,Retired
2023,7,Spanish Grand Prix,2023-06-04,Circuit de Barcelona-Catalunya,Max Verstappen,Dutch,Red Bull,1,1,26.0,66,1:27:57.940,1:16.330,Finished
2023,7,Spanish Grand Prix,2023-06-04,Circuit de Barcelona-Catalunya,Lewis Hamilton,British,Mercedes,4,2,18.0,66,+24.090,1:16.676,Finished
2023,7,Spanish Grand Prix,2023-06-04,Circuit de Barcelona-Catalunya,George Russell,British,Mercedes,12,3,15.0,66,+32.389,1:17.875,Finished
2023,7,Spanish Grand Prix,2023-06-04,Circuit de Barcelona-Catalunya,Sergio Pérez,Mexican,Red Bull,11,4,12.0,66,+35.812,1:16.666,Finished
2023,7,Spanish Grand Prix,2023-06-04,Circuit de Barcelona-Catalunya,Carlos Sainz,Spanish,Ferrari,2,5,10.0,66,+45.698,1:18.403,Finished
2023,7,Spanish Grand Prix,2023-06-04,Circuit de Barcelona-Catalunya,Lance Stroll,Canadian,Aston Martin,5,6,8.0,66,+1:03.320,1:18.722,Finished
2023,7,Spanish Grand Prix,2023-06-04,Circuit de Barcelona-Catalunya,Fernando Alonso,Spanish,Aston Martin,8,7,6.0,66,+1:04.127,1:18.083,Finished
2023,7,Spanish Grand Prix,2023-06-04,Circuit de Barcelona-Catalunya,Esteban Ocon,French,Alpine F1 Team,6,8,4.0,66,+1:09.242,1:18.946,Finished
2023,7,Spanish Grand Prix,2023-06-04,Circuit de Barcelona-Catalunya,Guanyu Zhou,Chinese,Alfa Romeo,13,9,2.0,66,+1:11.878,1:18.753,Finished
2023,7,Spanish Grand Prix,2023-06-04,Circuit de Barcelona-Catalunya,Pierre Gasly,French,Alpine F1 Team,10,10,1.0,66,+1:13.530,1:18.375,Finished
2023,7,Spanish Grand Prix,2023-06-04,Circuit de Barcelona-Catalunya,Charles Leclerc,Monegasque,Ferrari,19,11,0.0,66,+1:14.419,1:18.357,Finished
2023,7,Spanish Grand Prix,2023-06-04,Circuit de Barcelona-Catalunya,Yuki Tsunoda,Japanese,AlphaTauri,15,12,0.0,66,+1:15.416,1:18.904,Finished
2023,7,Spanish Grand Prix,2023-06-04,Circuit de Barcelona-Catalunya,Oscar Piastri,Australian,McLaren,9,13,0.0,65,+4.275,1:18.679,Lapped
2023,7,Spanish Grand Prix,2023-06-04,Circuit de Barcelona-Catalunya,Nyck de Vries,Dutch,AlphaTauri,14,14,0.0,65,+5.327,1:18.594,Lapped
2023,7,Spanish Grand Prix,2023-06-04,Circuit de Barcelona-Catalunya,Nico Hülkenberg,German,Haas F1 Team,7,15,0.0,65,+17.297,1:18.776,Lapped
2023,7,Spanish Grand Prix,2023-06-04,Circuit de Barcelona-Catalunya,Alexander Albon,Thai,Williams,18,16,0.0,65,+27.708,1:19.133,Lapped
2023,7,Spanish Grand Prix,2023-06-04,Circuit de Barcelona-Catalunya,Lando Norris,British,McLaren,3,17,0.0,65,+30.390,1:17.182,Lapped
2023,7,Spanish Grand Prix,2023-06-04,Circuit de Barcelona-Catalunya,Kevin Magnussen,Danish,Haas F1 Team,17,18,0.0,65,+38.080,1:18.069,Lapped
2023,7,Spanish Grand Prix,2023-06-04,Circuit de Barcelona-Catalunya,Valtteri Bottas,Finnish,Alfa Romeo,16,19,0.0,65,+49.943,1:18.242,Lapped
2023,7,Spanish Grand Prix,2023-06-04,Circuit de Barcelona-Catalunya,Logan Sargeant,American,Williams,20,20,0.0,65,+51.677,1:19.247,Lapped
2023,8,Canadian Grand Prix,2023-06-18,Circuit Gilles Villeneuve,Max Verstappen,Dutch,Red Bull,1,1,25.0,70,1:33:58.348,1:15.594,Finished
2023,8,Canadian Grand Prix,2023-06-18,Circuit Gilles Villeneuve,Fernando Alonso,Spanish,Aston Martin,2,2,18.0,70,+9.570,1:15.779,Finished
2023,8,Canadian Grand Prix,2023-06-18,Circuit Gilles Villeneuve,Lewis Hamilton,British,Mercedes,3,3,15.0,70,+14.168,1:15.396,Finished
2023,8,Canadian Grand Prix,2023-06-18,Circuit Gilles Villeneuve,Charles Leclerc,Monegasque,Ferrari,10,4,12.0,70,+18.648,1:15.907,Finished
2023,8,Canadian Grand Prix,2023-06-18,Circuit Gilles Villeneuve,Carlos Sainz,Spanish,Ferrari,11,5,10.0,70,+21.540,1:15.911,Finished
2023,8,Canadian Grand Prix,2023-06-18,Circuit Gilles Villeneuve,Sergio Pérez,Mexican,Red Bull,12,6,9.0,70,+51.028,1:14.481,Finished
2023,8,Canadian Grand Prix,2023-06-18,Circuit Gilles Villeneuve,Alexander Albon,Thai,Williams,9,7,6.0,70,+1:00.813,1:16.917,Finished
2023,8,Canadian Grand Prix,2023-06-18,Circuit Gilles Villeneuve,Esteban Ocon,French,Alpine F1 Team,6,8,4.0,70,+1:01.692,1:16.782,Finished
2023,8,Canadian Grand Prix,2023-06-18,Circuit Gilles Villeneuve,Lance Stroll,Canadian,Aston Martin,16,9,2.0,70,+1:04.402,1:16.564,Finished
2023,8,Canadian Grand Prix,2023-06-18,Circuit Gilles Villeneuve,Valtteri Bottas,Finnish,Alfa Romeo,14,10,1.0,70,+1:04.432,1:16.625,Finished
2023,8,Canadian Grand Prix,2023-06-18,Circuit Gilles Villeneuve,Oscar Piastri,Australian,McLaren,8,11,0.0,70,+1:05.101,1:16.598,Finished
2023,8,Canadian Grand Prix,2023-06-18,Circuit Gilles Villeneuve,Pierre Gasly,French,Alpine F1 Team,15,12,0.0,70,+1:05.249,1:16.425,Finished
2023,8,Canadian Grand Prix,2023-06-18,Circuit Gilles Villeneuve,Lando Norris,British,McLaren,7,13,0.0,70,+1:08.363,1:16.374,Finished
2023,8,Canadian Grand Prix,2023-06-18,Circuit Gilles Villeneuve,Yuki Tsunoda,Japanese,AlphaTauri,19,14,0.0,70,+1:13.423,1:16.666,Finished
2023,8,Canadian Grand Prix,2023-06-18,Circuit Gilles Villeneuve,Nico Hülkenberg,German,Haas F1 Team,5,15,0.0,69,+16.943,1:17.232,Lapped
2023,8,Canadian Grand Prix,2023-06-18,Circuit Gilles Villeneuve,Guanyu Zhou,Chinese,Alfa Romeo,20,16,0.0,69,+17.377,1:17.090,Lapped
2023,8,Canadian Grand Prix,2023-06-18,Circuit Gilles Villeneuve,Kevin Magnussen,Danish,Haas F1 Team,13,17,0.0,69,+1:10.259,1:16.126,Lapped
2023,8,Canadian Grand Prix,2023-06-18,Circuit Gilles Villeneuve,Nyck de Vries,Dutch,AlphaTauri,17,18,0.0,69,+1:14.967,1:16.656,Lapped
2023,8,Canadian Grand Prix,2023-06-18,Circuit Gilles Villeneuve,George Russell,British,Mercedes,4,19,0.0,53,N/A,1:17.097,Retired
2023,8,Canadian Grand Prix,2023-06-18,Circuit Gilles Villeneuve,Logan Sargeant,American,Williams,18,20,0.0,6,N/A,1:18.437,Retired
2023,9,Austrian Grand Prix,2023-07-02,Red Bull Ring,Max Verstappen,Dutch,Red Bull,1,1,26.0,71,1:25:33.607,1:07.012,Finished
2023,9,Austrian Grand Prix,2023-07-02,Red Bull Ring,Charles Leclerc,Monegasque,Ferrari,2,2,18.0,71,+5.155,1:08.820,Finished
2023,9,Austrian Grand Prix,2023-07-02,Red Bull Ring,Sergio Pérez,Mexican,Red Bull,15,3,15.0,71,+17.188,1:08.111,Finished
2023,9,Austrian Grand Prix,2023-07-02,Red Bull Ring,Lando Norris,British,McLaren,4,4,12.0,71,+26.327,1:08.739,Finished
2023,9,Austrian Grand Prix,2023-07-02,Red Bull Ring,Fernando Alonso,Spanish,Aston Martin,7,5,10.0,71,+30.317,1:09.108,Finished
2023,9,Austrian Grand Prix,2023-07-02,Red Bull Ring,Carlos Sainz,Spanish,Ferrari,3,6,8.0,71,+31.377,1:08.880,Finished
2023,9,Austrian Grand Prix,2023-07-02,Red Bull Ring,George Russell,British,Mercedes,11,7,6.0,71,+48.403,1:09.283,Finished
2023,9,Austrian Grand Prix,2023-07-02,Red Bull Ring,Lewis Hamilton,British,Mercedes,5,8,4.0,71,+49.196,1:09.160,Finished
2023,9,Austrian Grand Prix,2023-07-02,Red Bull Ring,Lance Stroll,Canadian,Aston Martin,6,9,2.0,71,+59.043,1:08.463,Finished
2023,9,Austrian Grand Prix,2023-07-02,Red Bull Ring,Pierre Gasly,French,Alpine F1 Team,9,10,1.0,71,+1:07.667,1:09.046,Finished
2023,9,Austrian Grand Prix,2023-07-02,Red Bull Ring,Alexander Albon,Thai,Williams,10,11,0.0,71,+1:19.767,1:09.560,Finished
2023,9,Austrian Grand Prix,2023-07-02,Red Bull Ring,Guanyu Zhou,Chinese,Alfa Romeo,17,12,0.0,70,+24.633,1:09.786,Lapped
2023,9,Austrian Grand Prix,2023-07-02,Red Bull Ring,Logan Sargeant,American,Williams,18,13,0.0,70,+31.384,1:09.611,Lapped
2023,9,Austrian Grand Prix,2023-07-02,Red Bull Ring,Esteban Ocon,French,Alpine F1 Team,12,14,0.0,70,+42.140,1:09.797,Lapped
2023,9,Austrian Grand Prix,2023-07-02,Red Bull Ring,Valtteri Bottas,Finnish,Alfa Romeo,14,15,0.0,70,+42.777,1:09.940,Lapped
2023,9,Austrian Grand Prix,2023-07-02,Red Bull Ring,Oscar Piastri,Australian,McLaren,13,16,0.0,70,+46.569,1:09.862,Lapped
2023,9,Austrian Grand Prix,2023-07-02,Red Bull Ring,Nyck de Vries,Dutch,AlphaTauri,20,17,0.0,70,+49.703,1:09.852,Lapped
2023,9,Austrian Grand Prix,2023-07-02,Red Bull Ring,Kevin Magnussen,Danish,Haas F1 Team,19,18,0.0,70,+56.653,1:10.176,Lapped
2023,9,Austrian Grand Prix,2023-07-02,Red Bull Ring,Yuki Tsunoda,Japanese,AlphaTauri,16,19,0.0,70,+59.873,1:09.620,Lapped
2023,9,Austrian Grand Prix,2023-07-02,Red Bull Ring,Nico Hülkenberg,German,Haas F1 Team,8,20,0.0,12,N/A,1:11.066,Retired
2023,10,British Grand Prix,2023-07-09,Silverstone Circuit,Max Verstappen,Dutch,Red Bull,1,1,26.0,52,1:25:16.938,1:30.275,Finished
2023,10,British Grand Prix,2023-07-09,Silverstone Circuit,Lando Norris,British,McLaren,2,2,18.0,52,+3.798,1:30.543,Finished
2023,10,British Grand Prix,2023-07-09,Silverstone Circuit,Lewis Hamilton,British,Mercedes,7,3,15.0,52,+6.783,1:30.545,Finished
2023,10,British Grand Prix,2023-07-09,Silverstone Circuit,Oscar Piastri,Australian,McLaren,3,4,12.0,52,+7.776,1:30.850,Finished
2023,10,British Grand Prix,2023-07-09,Silverstone Circuit,George Russell,British,Mercedes,6,5,10.0,52,+11.206,1:31.124,Finished
2023,10,British Grand Prix,2023-07-09,Silverstone Circuit,Sergio Pérez,Mexican,Red Bull,15,6,8.0,52,+12.882,1:30.914,Finished
2023,10,British Grand Prix,2023-07-09,Silverstone Circuit,Fernando Alonso,Spanish,Aston Martin,9,7,6.0,52,+17.193,1:31.338,Finished
2023,10,British Grand Prix,2023-07-09,Silverstone Circuit,Alexander Albon,Thai,Williams,8,8,4.0,52,+17.878,1:31.273,Finished
2023,10,British Grand Prix,2023-07-09,Silverstone Circuit,Charles Leclerc,Monegasque,Ferrari,4,9,2.0,52,+18.689,1:31.255,Finished
2023,10,British Grand Prix,2023-07-09,Silverstone Circuit,Carlos Sainz,Spanish,Ferrari,5,10,1.0,52,+19.448,1:31.366,Finished
2023,10,British Grand Prix,2023-07-09,Silverstone Circuit,Logan Sargeant,American,Williams,14,11,0.0,52,+23.632,1:31.699,Finished
2023,10,British Grand Prix,2023-07-09,Silverstone Circuit,Valtteri Bottas,Finnish,Alfa Romeo,20,12,0.0,52,+25.830,1:31.852,Finished
2023,10,British Grand Prix,2023-07-09,Silverstone Circuit,Nico Hülkenberg,German,Haas F1 Team,11,13,0.0,52,+26.663,1:31.776,Finished
2023,10,British Grand Prix,2023-07-09,Silverstone Circuit,Lance Stroll,Canadian,Aston Martin,12,14,0.0,52,+27.483,1:31.508,Finished
2023,10,British Grand Prix,2023-07-09,Silverstone Circuit,Guanyu Zhou,Chinese,Alfa Romeo,17,15,0.0,52,+29.820,1:31.769,Finished
2023,10,British Grand Prix,2023-07-09,Silverstone Circuit,Yuki Tsunoda,Japanese,AlphaTauri,16,16,0.0,52,+31.225,1:32.084,Finished
2023,10,British Grand Prix,2023-07-09,Silverstone Circuit,Nyck de Vries,Dutch,AlphaTauri,18,17,0.0,52,+33.128,1:32.353,Finished
2023,10,British Grand Prix,2023-07-09,Silverstone Circuit,Pierre Gasly,French,Alpine F1 Team,10,18,0.0,46,+-1:52:18.651,1:31.539,Finished
2023,10,British Grand Prix,2023-07-09,Silverstone Circuit,Kevin Magnussen,Danish,Haas F1 Team,19,19,0.0,31,N/A,1:33.356,Retired
2023,10,British Grand Prix,2023-07-09,Silverstone Circuit,Esteban Ocon,French,Alpine F1 Team,13,20,0.0,9,N/A,1:33.941,Retired
2023,11,Hungarian Grand Prix,2023-07-23,Hungaroring,Max Verstappen,Dutch,Red Bull,2,1,26.0,70,1:38:08.634,1:20.504,Finished
2023,11,Hungarian Grand Prix,2023-07-23,Hungaroring,Lando Norris,British,McLaren,3,2,18.0,70,+33.731,1:22.178,Finished
2023,11,Hungarian Grand Prix,2023-07-23,Hungaroring,Sergio Pérez,Mexican,Red Bull,9,3,15.0,70,+37.603,1:22.295,Finished
2023,11,Hungarian Grand Prix,2023-07-23,Hungaroring,Lewis Hamilton,British,Mercedes,1,4,12.0,70,+39.134,1:21.601,Finished
2023,11,Hungarian Grand Prix,2023-07-23,Hungaroring,Oscar Piastri,Australian,McLaren,4,5,10.0,70,+1:02.572,1:22.736,Finished
2023,11,Hungarian Grand Prix,2023-07-23,Hungaroring,George Russell,British,Mercedes,18,6,8.0,70,+1:05.825,1:22.158,Finished
2023,11,Hungarian Grand Prix,2023-07-23,Hungaroring,Charles Leclerc,Monegasque,Ferrari,6,7,6.0,70,+1:10.317,1:22.469,Finished
2023,11,Hungarian Grand Prix,2023-07-23,Hungaroring,Carlos Sainz,Spanish,Ferrari,11,8,4.0,70,+1:11.073,1:22.584,Finished
2023,11,Hungarian Grand Prix,2023-07-23,Hungaroring,Fernando Alonso,Spanish,Aston Martin,8,9,2.0,70,+1:15.709,1:22.745,Finished
2023,11,Hungarian Grand Prix,2023-07-23,Hungaroring,Lance Stroll,Canadian,Aston Martin,14,10,1.0,69,+14.615,1:23.425,Lapped
2023,11,Hungarian Grand Prix,2023-07-23,Hungaroring,Alexander Albon,Thai,Williams,16,11,0.0,69,+29.087,1:24.051,Lapped
2023,11,Hungarian Grand Prix,2023-07-23,Hungaroring,Valtteri Bottas,Finnish,Alfa Romeo,7,12,0.0,69,+30.079,1:23.651,Lapped
2023,11,Hungarian Grand Prix,2023-07-23,Hungaroring,Daniel Ricciardo,Australian,AlphaTauri,13,13,0.0,69,+36.257,1:23.934,Lapped
2023,11,Hungarian Grand Prix,2023-07-23,Hungaroring,Nico Hülkenberg,German,Haas F1 Team,10,14,0.0,69,+51.298,1:23.573,Lapped
2023,11,Hungarian Grand Prix,2023-07-23,Hungaroring,Yuki Tsunoda,Japanese,AlphaTauri,17,15,0.0,69,+51.543,1:23.269,Lapped
2023,11,Hungarian Grand Prix,2023-07-23,Hungaroring,Guanyu Zhou,Chinese,Alfa Romeo,5,16,0.0,69,+1:00.491,1:23.743,Lapped
2023,11,Hungarian Grand Prix,2023-07-23,Hungaroring,Kevin Magnussen,Danish,Haas F1 Team,19,17,0.0,69,+1:22.351,1:23.864,Lapped
2023,11,Hungarian Grand Prix,2023-07-23,Hungaroring,Logan Sargeant,American,Williams,20,18,0.0,67,+-1:58:20.590,1:23.496,Finished
2023,11,Hungarian Grand Prix,2023-07-23,Hungaroring,Esteban Ocon,French,Alpine F1 Team,12,19,0.0,2,N/A,N/A,Retired
2023,11,Hungarian Grand Prix,2023-07-23,Hungaroring,Pierre Gasly,French,Alpine F1 Team,15,20,0.0,1,N/A,N/A,Retired
2023,12,Belgian Grand Prix,2023-07-30,Circuit de Spa-Francorchamps,Max Verstappen,Dutch,Red Bull,6,1,25.0,44,1:22:30.450,1:48.922,Finished
2023,12,Belgian Grand Prix,2023-07-30,Circuit de Spa-Francorchamps,Sergio Pérez,Mexican,Red Bull,2,2,18.0,44,+22.305,1:50.308,Finished
2023,12,Belgian Grand Prix,2023-07-30,Circuit de Spa-Francorchamps,Charles Leclerc,Monegasque,Ferrari,1,3,15.0,44,+32.259,1:50.436,Finished
2023,12,Belgian Grand Prix,2023-07-30,Circuit de Spa-Francorchamps,Lewis Hamilton,British,Mercedes,3,4,13.0,44,+49.671,1:47.305,Finished
2023,12,Belgian Grand Prix,2023-07-30,Circuit de Spa-Francorchamps,Fernando Alonso,Spanish,Aston Martin,9,5,10.0,44,+56.184,1:50.938,Finished
2023,12,Belgian Grand Prix,2023-07-30,Circuit de Spa-Francorchamps,George Russell,British,Mercedes,8,6,8.0,44,+1:03.101,1:50.603,Finished
2023,12,Belgian Grand Prix,2023-07-30,Circuit de Spa-Francorchamps,Lando Norris,British,McLaren,7,7,6.0,44,+1:13.719,1:51.682,Finished
2023,12,Belgian Grand Prix,2023-07-30,Circuit de Spa-Francorchamps,Esteban Ocon,French,Alpine F1 Team,14,8,4.0,44,+1:14.719,1:50.439,Finished
2023,12,Belgian Grand Prix,2023-07-30,Circuit de Spa-Francorchamps,Lance Stroll,Canadian,Aston Martin,10,9,2.0,44,+1:19.340,1:51.297,Finished
2023,12,Belgian Grand Prix,2023-07-30,Circuit de Spa-Francorchamps,Yuki Tsunoda,Japanese,AlphaTauri,11,10,1.0,44,+1:20.221,1:51.394,Finished
2023,12,Belgian Grand Prix,2023-07-30,Circuit de Spa-Francorchamps,Pierre Gasly,French,Alpine F1 Team,12,11,0.0,44,+1:23.084,1:50.911,Finished
2023,12,Belgian Grand Prix,2023-07-30,Circuit de Spa-Francorchamps,Valtteri Bottas,Finnish,Alfa Romeo,13,12,0.0,44,+1:25.191,1:50.515,Finished
2023,12,Belgian Grand Prix,2023-07-30,Circuit de Spa-Francorchamps,Guanyu Zhou,Chinese,Alfa Romeo,17,13,0.0,44,+1:35.441,1:50.188,Finished
2023,12,Belgian Grand Prix,2023-07-30,Circuit de Spa-Francorchamps,Alexander Albon,Thai,Williams,15,14,0.0,44,+1:36.184,1:49.841,Finished
2023,12,Belgian Grand Prix,2023-07-30,Circuit de Spa-Francorchamps,Kevin Magnussen,Danish,Haas F1 Team,16,15,0.0,44,+1:41.754,1:50.993,Finished
2023,12,Belgian Grand Prix,2023-07-30,Circuit de Spa-Francorchamps,Daniel Ricciardo,Australian,AlphaTauri,19,16,0.0,44,+1:43.071,1:50.994,Finished
2023,12,Belgian Grand Prix,2023-07-30,Circuit de Spa-Francorchamps,Logan Sargeant,American,Williams,18,17,0.0,44,+1:44.476,1:50.486,Finished
2023,12,Belgian Grand Prix,2023-07-30,Circuit de Spa-Francorchamps,Nico Hülkenberg,German,Haas F1 Team,20,18,0.0,44,+1:50.450,1:49.907,Finished
2023,12,Belgian Grand Prix,2023-07-30,Circuit de Spa-Francorchamps,Carlos Sainz,Spanish,Ferrari,4,19,0.0,23,N/A,1:53.138,Retired
2023,12,Belgian Grand Prix,2023-07-30,Circuit de Spa-Francorchamps,Oscar Piastri,Australian,McLaren,5,20,0.0,0,N/A,N/A,Retired
2023,13,Dutch Grand Prix,2023-08-27,Circuit Park Zandvoort,Max Verstappen,Dutch,Red Bull,1,1,25.0,72,2:24:04.411,1:13.889,Finished
2023,13,Dutch Grand Prix,2023-08-27,Circuit Park Zandvoort,Fernando Alonso,Spanish,Aston Martin,5,2,19.0,72,+3.744,1:13.837,Finished
2023,13,Dutch Grand Prix,2023-08-27,Circuit Park Zandvoort,Pierre Gasly,French,Alpine F1 Team,12,3,15.0,72,+7.058,1:14.441,Finished
2023,13,Dutch Grand Prix,2023-08-27,Circuit Park Zandvoort,Sergio Pérez,Mexican,Red Bull,7,4,12.0,72,+10.068,1:14.231,Finished
2023,13,Dutch Grand Prix,2023-08-27,Circuit Park Zandvoort,Carlos Sainz,Spanish,Ferrari,6,5,10.0,72,+12.541,1:14.934,Finished
2023,13,Dutch Grand Prix,2023-08-27,Circuit Park Zandvoort,Lewis Hamilton,British,Mercedes,13,6,8.0,72,+13.209,1:13.904,Finished
2023,13,Dutch Grand Prix,2023-08-27,Circuit Park Zandvoort,Lando Norris,British,McLaren,2,7,6.0,72,+13.232,1:14.390,Finished
2023,13,Dutch Grand Prix,2023-08-27,Circuit Park Zandvoort,Alexander Albon,Thai,Williams,4,8,4.0,72,+15.155,1:14.468,Finished
2023,13,Dutch Grand Prix,2023-08-27,Circuit Park Zandvoort,Oscar Piastri,Australian,McLaren,8,9,2.0,72,+16.580,1:14.299,Finished
2023,13,Dutch Grand Prix,2023-08-27,Circuit Park Zandvoort,Esteban Ocon,French,Alpine F1 Team,16,10,1.0,72,+18.346,1:14.570,Finished
2023,13,Dutch Grand Prix,2023-08-27,Circuit Park Zandvoort,Lance Stroll,Canadian,Aston Martin,11,11,0.0,72,+20.087,1:15.171,Finished
2023,13,Dutch Grand Prix,2023-08-27,Circuit Park Zandvoort,Nico Hülkenberg,German,Haas F1 Team,14,12,0.0,72,+20.840,1:14.472,Finished
2023,13,Dutch Grand Prix,2023-08-27,Circuit Park Zandvoort,Liam Lawson,New Zealander,AlphaTauri,19,13,0.0,72,+26.147,1:14.820,Finished
2023,13,Dutch Grand Prix,2023-08-27,Circuit Park Zandvoort,Valtteri Bottas,Finnish,Alfa Romeo,18,14,0.0,72,+27.388,1:14.698,Finished
2023,13,Dutch Grand Prix,2023-08-27,Circuit Park Zandvoort,Yuki Tsunoda,Japanese,AlphaTauri,17,15,0.0,72,+29.893,1:16.253,Finished
2023,13,Dutch Grand Prix,2023-08-27,Circuit Park Zandvoort,Kevin Magnussen,Danish,Haas F1 Team,20,16,0.0,72,+31.410,1:15.489,Finished
2023,13,Dutch Grand Prix,2023-08-27,Circuit Park Zandvoort,George Russell,British,Mercedes,3,17,0.0,72,+55.754,1:15.124,Finished
2023,13,Dutch Grand Prix,2023-08-27,Circuit Park Zandvoort,Guanyu Zhou,Chinese,Alfa Romeo,15,18,0.0,62,N/A,1:15.417,Accident
2023,13,Dutch Grand Prix,2023-08-27,Circuit Park Zandvoort,Charles Leclerc,Monegasque,Ferrari,9,19,0.0,41,N/A,1:17.277,Undertray
2023,13,Dutch Grand Prix,2023-08-27,Circuit Park Zandvoort,Logan Sargeant,American,Williams,10,20,0.0,14,N/A,1:17.399,Accident
2023,14,Italian Grand Prix,2023-09-03,Autodromo Nazionale di Monza,Max Verstappen,Dutch,Red Bull,2,1,25.0,51,1:13:41.143,1:25.240,Finished
2023,14,Italian Grand Prix,2023-09-03,Autodromo Nazionale di Monza,Sergio Pérez,Mexican,Red Bull,5,2,18.0,51,+6.064,1:25.522,Finished
2023,14,Italian Grand Prix,2023-09-03,Autodromo Nazionale di Monza,Carlos Sainz,Spanish,Ferrari,1,3,15.0,51,+11.193,1:25.501,Finished
2023,14,Italian Grand Prix,2023-09-03,Autodromo Nazionale di Monza,Charles Leclerc,Monegasque,Ferrari,3,4,12.0,51,+11.377,1:25.580,Finished
2023,14,Italian Grand Prix,2023-09-03,Autodromo Nazionale di Monza,George Russell,British,Mercedes,4,5,10.0,51,+23.028,1:25.847,Finished
2023,14,Italian Grand Prix,2023-09-03,Autodromo Nazionale di Monza,Lewis Hamilton,British,Mercedes,8,6,8.0,51,+42.679,1:25.582,Finished
2023,14,Italian Grand Prix,2023-09-03,Autodromo Nazionale di Monza,Alexander Albon,Thai,Williams,6,7,6.0,51,+45.106,1:26.389,Finished
2023,14,Italian Grand Prix,2023-09-03,Autodromo Nazionale di Monza,Lando Norris,British,McLaren,9,8,4.0,51,+45.449,1:26.144,Finished
2023,14,Italian Grand Prix,2023-09-03,Autodromo Nazionale di Monza,Fernando Alonso,Spanish,Aston Martin,10,9,2.0,51,+46.294,1:26.105,Finished
2023,14,Italian Grand Prix,2023-09-03,Autodromo Nazionale di Monza,Valtteri Bottas,Finnish,Alfa Romeo,14,10,1.0,51,+1:04.056,1:25.988,Finished
2023,14,Italian Grand Prix,2023-09-03,Autodromo Nazionale di Monza,Liam Lawson,New Zealander,AlphaTauri,12,11,0.0,51,+1:10.638,1:25.842,Finished
2023,14,Italian Grand Prix,2023-09-03,Autodromo Nazionale di Monza,Oscar Piastri,Australian,McLaren,7,12,0.0,51,+1:13.074,1:25.072,Finished
2023,14,Italian Grand Prix,2023-09-03,Autodromo Nazionale di Monza,Logan Sargeant,American,Williams,15,13,0.0,51,+1:18.557,1:26.840,Finished
2023,14,Italian Grand Prix,2023-09-03,Autodromo Nazionale di Monza,Guanyu Zhou,Chinese,Alfa Romeo,16,14,0.0,51,+1:20.164,1:25.983,Finished
2023,14,Italian Grand Prix,2023-09-03,Autodromo Nazionale di Monza,Pierre Gasly,French,Alpine F1 Team,17,15,0.0,51,+1:22.510,1:25.758,Finished
2023,14,Italian Grand Prix,2023-09-03,Autodromo Nazionale di Monza,Lance Stroll,Canadian,Aston Martin,20,16,0.0,51,+1:27.266,1:26.617,Finished
2023,14,Italian Grand Prix,2023-09-03,Autodromo Nazionale di Monza,Nico Hülkenberg,German,Haas F1 Team,13,17,0.0,50,+2.093,1:25.894,Lapped
2023,14,Italian Grand Prix,2023-09-03,Autodromo Nazionale di Monza,Kevin Magnussen,Danish,Haas F1 Team,19,18,0.0,50,+12.624,1:26.278,Lapped
2023,14,Italian Grand Prix,2023-09-03,Autodromo Nazionale di Monza,Esteban Ocon,French,Alpine F1 Team,18,19,0.0,39,N/A,1:26.963,Retired
2023,14,Italian Grand Prix,2023-09-03,Autodromo Nazionale di Monza,Yuki Tsunoda,Japanese,AlphaTauri,11,20,0.0,0,N/A,N/A,Did not start
2023,15,Singapore Grand Prix,2023-09-17,Marina Bay Street Circuit,Carlos Sainz,Spanish,Ferrari,1,1,25.0,62,1:46:37.418,1:37.666,Finished
2023,15,Singapore Grand Prix,2023-09-17,Marina Bay Street Circuit,Lando Norris,British,McLaren,4,2,18.0,62,+0.812,1:38.046,Finished
2023,15,Singapore Grand Prix,2023-09-17,Marina Bay Street Circuit,Lewis Hamilton,British,Mercedes,5,3,16.0,62,+1.269,1:35.867,Finished
2023,15,Singapore Grand Prix,2023-09-17,Marina Bay Street Circuit,Charles Leclerc,Monegasque,Ferrari,3,4,12.0,62,+21.177,1:38.275,Finished
2023,15,Singapore Grand Prix,2023-09-17,Marina Bay Street Circuit,Max Verstappen,Dutch,Red Bull,11,5,10.0,62,+21.441,1:36.575,Finished
2023,15,Singapore Grand Prix,2023-09-17,Marina Bay Street Circuit,Pierre Gasly,French,Alpine F1 Team,12,6,8.0,62,+38.441,1:38.277,Finished
2023,15,Singapore Grand Prix,2023-09-17,Marina Bay Street Circuit,Oscar Piastri,Australian,McLaren,17,7,6.0,62,+41.479,1:38.492,Finished
2023,15,Singapore Grand Prix,2023-09-17,Marina Bay Street Circuit,Sergio Pérez,Mexican,Red Bull,13,8,4.0,62,+59.534,1:37.108,Finished
2023,15,Singapore Grand Prix,2023-09-17,Marina Bay Street Circuit,Liam Lawson,New Zealander,AlphaTauri,10,9,2.0,62,+1:05.918,1:39.028,Finished
2023,15,Singapore Grand Prix,2023-09-17,Marina Bay Street Circuit,Kevin Magnussen,Danish,Haas F1 Team,6,10,1.0,62,+1:12.116,1:38.107,Finished
2023,15,Singapore Grand Prix,2023-09-17,Marina Bay Street Circuit,Alexander Albon,Thai,Williams,14,11,0.0,62,+1:13.417,1:37.342,Finished
2023,15,Singapore Grand Prix,2023-09-17,Marina Bay Street Circuit,Guanyu Zhou,Chinese,Alfa Romeo,19,12,0.0,62,+1:23.649,1:39.316,Finished
2023,15,Singapore Grand Prix,2023-09-17,Marina Bay Street Circuit,Nico Hülkenberg,German,Haas F1 Team,9,13,0.0,62,+1:26.201,1:39.923,Finished
2023,15,Singapore Grand Prix,2023-09-17,Marina Bay Street Circuit,Logan Sargeant,American,Williams,18,14,0.0,62,+1:26.889,1:38.531,Finished
2023,15,Singapore Grand Prix,2023-09-17,Marina Bay Street Circuit,Fernando Alonso,Spanish,Aston Martin,7,15,0.0,62,+1:27.603,1:36.456,Finished
2023,15,Singapore Grand Prix,2023-09-17,Marina Bay Street Circuit,George Russell,British,Mercedes,2,16,0.0,61,+-1:58:21.514,1:36.273,Finished
2023,15,Singapore Grand Prix,2023-09-17,Marina Bay Street Circuit,Valtteri Bottas,Finnish,Alfa Romeo,16,17,0.0,51,N/A,1:38.075,Retired
2023,15,Singapore Grand Prix,2023-09-17,Marina Bay Street Circuit,Esteban Ocon,French,Alpine F1 Team,8,18,0.0,42,N/A,1:39.930,Retired
2023,15,Singapore Grand Prix,2023-09-17,Marina Bay Street Circuit,Yuki Tsunoda,Japanese,AlphaTauri,15,19,0.0,0,N/A,N/A,Retired
2023,15,Singapore Grand Prix,2023-09-17,Marina Bay Street Circuit,Lance Stroll,Canadian,Aston Martin,20,20,0.0,0,N/A,N/A,Withdrew
2023,16,Japanese Grand Prix,2023-09-24,Suzuka Circuit,Max Verstappen,Dutch,Red Bull,1,1,26.0,53,1:30:58.421,1:34.183,Finished
2023,16,Japanese Grand Prix,2023-09-24,Suzuka Circuit,Lando Norris,British,McLaren,3,2,18.0,53,+19.387,1:35.247,Finished
2023,16,Japanese Grand Prix,2023-09-24,Suzuka Circuit,Oscar Piastri,Australian,McLaren,2,3,15.0,53,+36.494,1:36.328,Finished
2023,16,Japanese Grand Prix,2023-09-24,Suzuka Circuit,Charles Leclerc,Monegasque,Ferrari,4,4,12.0,53,+43.998,1:36.362,Finished
2023,16,Japanese Grand Prix,2023-09-24,Suzuka Circuit,Lewis Hamilton,British,Mercedes,7,5,10.0,53,+49.376,1:35.611,Finished
2023,16,Japanese Grand Prix,2023-09-24,Suzuka Circuit,Carlos Sainz,Spanish,Ferrari,6,6,8.0,53,+50.221,1:36.187,Finished
2023,16,Japanese Grand Prix,2023-09-24,Suzuka Circuit,George Russell,British,Mercedes,8,7,6.0,53,+57.659,1:37.653,Finished
2023,16,Japanese Grand Prix,2023-09-24,Suzuka Circuit,Fernando Alonso,Spanish,Aston Martin,10,8,4.0,53,+1:14.725,1:37.203,Finished
2023,16,Japanese Grand Prix,2023-09-24,Suzuka Circuit,Esteban Ocon,French,Alpine F1 Team,14,9,2.0,53,+1:19.678,1:37.398,Finished
2023,16,Japanese Grand Prix,2023-09-24,Suzuka Circuit,Pierre Gasly,French,Alpine F1 Team,12,10,1.0,53,+1:23.155,1:36.371,Finished
2023,16,Japanese Grand Prix,2023-09-24,Suzuka Circuit,Liam Lawson,New Zealander,AlphaTauri,11,11,0.0,52,+3.089,1:38.267,Lapped
2023,16,Japanese Grand Prix,2023-09-24,Suzuka Circuit,Yuki Tsunoda,Japanese,AlphaTauri,9,12,0.0,52,+3.974,1:37.768,Lapped
2023,16,Japanese Grand Prix,2023-09-24,Suzuka Circuit,Guanyu Zhou,Chinese,Alfa Romeo,19,13,0.0,52,+6.340,1:37.791,Lapped
2023,16,Japanese Grand Prix,2023-09-24,Suzuka Circuit,Nico Hülkenberg,German,Haas F1 Team,18,14,0.0,52,+9.598,1:37.250,Lapped
2023,16,Japanese Grand Prix,2023-09-24,Suzuka Circuit,Kevin Magnussen,Danish,Haas F1 Team,15,15,0.0,52,+29.570,1:37.842,Lapped
2023,16,Japanese Grand Prix,2023-09-24,Suzuka Circuit,Alexander Albon,Thai,Williams,13,16,0.0,26,N/A,1:39.185,Retired
2023,16,Japanese Grand Prix,2023-09-24,Suzuka Circuit,Logan Sargeant,American,Williams,20,17,0.0,22,N/A,1:38.848,Retired
2023,16,Japanese Grand Prix,2023-09-24,Suzuka Circuit,Lance Stroll,Canadian,Aston Martin,17,18,0.0,20,N/A,1:39.050,Retired
2023,16,Japanese Grand Prix,2023-09-24,Suzuka Circuit,Sergio Pérez,Mexican,Red Bull,5,19,0.0,15,N/A,1:39.704,Retired
2023,16,Japanese Grand Prix,2023-09-24,Suzuka Circuit,Valtteri Bottas,Finnish,Alfa Romeo,16,20,0.0,7,N/A,2:02.755,Retired
2023,17,Qatar Grand Prix,2023-10-08,Losail International Circuit,Max Verstappen,Dutch,Red Bull,1,1,26.0,57,1:27:39.168,1:24.319,Finished
2023,17,Qatar Grand Prix,2023-10-08,Losail International Circuit,Oscar Piastri,Australian,McLaren,6,2,18.0,57,+4.833,1:24.921,Finished
2023,17,Qatar Grand Prix,2023-10-08,Losail International Circuit,Lando Norris,British,McLaren,10,3,15.0,57,+5.969,1:24.842,Finished
2023,17,Qatar Grand Prix,2023-10-08,Losail International Circuit,George Russell,British,Mercedes,2,4,12.0,57,+34.119,1:25.770,Finished
2023,17,Qatar Grand Prix,2023-10-08,Losail International Circuit,Charles Leclerc,Monegasque,Ferrari,5,5,10.0,57,+38.976,1:24.992,Finished
2023,17,Qatar Grand Prix,2023-10-08,Losail International Circuit,Fernando Alonso,Spanish,Aston Martin,4,6,8.0,57,+49.032,1:26.045,Finished
2023,17,Qatar Grand Prix,2023-10-08,Losail International Circuit,Esteban Ocon,French,Alpine F1 Team,8,7,6.0,57,+1:02.390,1:26.450,Finished
2023,17,Qatar Grand Prix,2023-10-08,Losail International Circuit,Valtteri Bottas,Finnish,Alfa Romeo,9,8,4.0,57,+1:06.563,1:26.652,Finished
2023,17,Qatar Grand Prix,2023-10-08,Losail International Circuit,Guanyu Zhou,Chinese,Alfa Romeo,19,9,2.0,57,+1:16.127,1:26.323,Finished
2023,17,Qatar Grand Prix,2023-10-08,Losail International Circuit,Sergio Pérez,Mexican,Red Bull,20,10,1.0,57,+1:20.181,1:26.220,Finished
2023,17,Qatar Grand Prix,2023-10-08,Losail International Circuit,Lance Stroll,Canadian,Aston Martin,16,11,0.0,57,+1:21.652,1:26.352,Finished
2023,17,Qatar Grand Prix,2023-10-08,Losail International Circuit,Pierre Gasly,French,Alpine F1 Team,7,12,0.0,57,+1:22.300,1:26.310,Finished
2023,17,Qatar Grand Prix,2023-10-08,Losail International Circuit,Alexander Albon,Thai,Williams,13,13,0.0,57,+1:31.014,1:26.666,Finished
2023,17,Qatar Grand Prix,2023-10-08,Losail International Circuit,Kevin Magnussen,Danish,Haas F1 Team,18,14,0.0,56,+1.246,1:27.067,Lapped
2023,17,Qatar Grand Prix,2023-10-08,Losail International Circuit,Yuki Tsunoda,Japanese,AlphaTauri,11,15,0.0,56,+8.958,1:27.174,Lapped
2023,17,Qatar Grand Prix,2023-10-08,Losail International Circuit,Nico Hülkenberg,German,Haas F1 Team,14,16,0.0,56,+15.085,1:26.489,Lapped
2023,17,Qatar Grand Prix,2023-10-08,Losail International Circuit,Liam Lawson,New Zealander,AlphaTauri,17,17,0.0,56,+27.108,1:27.113,Lapped
2023,17,Qatar Grand Prix,2023-10-08,Losail International Circuit,Logan Sargeant,American,Williams,15,18,0.0,40,N/A,1:27.983,Retired
2023,17,Qatar Grand Prix,2023-10-08,Losail International Circuit,Lewis Hamilton,British,Mercedes,3,19,0.0,0,N/A,N/A,Retired
2023,17,Qatar Grand Prix,2023-10-08,Losail International Circuit,Carlos Sainz,Spanish,Ferrari,12,20,0.0,0,N/A,N/A,Did not start
2023,18,United States Grand Prix,2023-10-22,Circuit of the Americas,Max Verstappen,Dutch,Red Bull,6,1,25.0,56,1:35:21.362,1:40.028,Finished
2023,18,United States Grand Prix,2023-10-22,Circuit of the Americas,Lando Norris,British,McLaren,2,2,18.0,56,+10.730,1:39.985,Finished
2023,18,United States Grand Prix,2023-10-22,Circuit of the Americas,Carlos Sainz,Spanish,Ferrari,4,3,15.0,56,+15.134,1:40.034,Finished
2023,18,United States Grand Prix,2023-10-22,Circuit of the Americas,Sergio Pérez,Mexican,Red Bull,9,4,12.0,56,+18.460,1:39.737,Finished
2023,18,United States Grand Prix,2023-10-22,Circuit of the Americas,George Russell,British,Mercedes,5,5,10.0,56,+24.999,1:39.393,Finished
2023,18,United States Grand Prix,2023-10-22,Circuit of the Americas,Pierre Gasly,French,Alpine F1 Team,7,6,8.0,56,+47.996,1:40.412,Finished
2023,18,United States Grand Prix,2023-10-22,Circuit of the Americas,Lance Stroll,Canadian,Aston Martin,20,7,6.0,56,+48.696,1:39.908,Finished
2023,18,United States Grand Prix,2023-10-22,Circuit of the Americas,Yuki Tsunoda,Japanese,AlphaTauri,11,8,5.0,56,+1:14.385,1:38.139,Finished
2023,18,United States Grand Prix,2023-10-22,Circuit of the Americas,Alexander Albon,Thai,Williams,15,9,2.0,56,+1:26.714,1:41.318,Finished
2023,18,United States Grand Prix,2023-10-22,Circuit of the Americas,Logan Sargeant,American,Williams,16,10,1.0,56,+1:27.998,1:41.238,Finished
2023,18,United States Grand Prix,2023-10-22,Circuit of the Americas,Nico Hülkenberg,German,Haas F1 Team,18,11,0.0,56,+1:29.904,1:40.925,Finished
2023,18,United States Grand Prix,2023-10-22,Circuit of the Americas,Valtteri Bottas,Finnish,Alfa Romeo,13,12,0.0,56,+1:38.601,1:41.972,Finished
2023,18,United States Grand Prix,2023-10-22,Circuit of the Americas,Guanyu Zhou,Chinese,Alfa Romeo,12,13,0.0,55,+3.576,1:41.879,Lapped
2023,18,United States Grand Prix,2023-10-22,Circuit of the Americas,Kevin Magnussen,Danish,Haas F1 Team,17,14,0.0,55,+8.072,1:41.506,Lapped
2023,18,United States Grand Prix,2023-10-22,Circuit of the Americas,Daniel Ricciardo,Australian,AlphaTauri,14,15,0.0,55,+8.852,1:39.366,Lapped
2023,18,United States Grand Prix,2023-10-22,Circuit of the Americas,Fernando Alonso,Spanish,Aston Martin,19,16,0.0,49,N/A,1:39.954,Retired
2023,18,United States Grand Prix,2023-10-22,Circuit of the Americas,Oscar Piastri,Australian,McLaren,10,17,0.0,10,N/A,1:42.705,Retired
2023,18,United States Grand Prix,2023-10-22,Circuit of the Americas,Esteban Ocon,French,Alpine F1 Team,8,18,0.0,6,N/A,1:44.789,Retired
2023,18,United States Grand Prix,2023-10-22,Circuit of the Americas,Lewis Hamilton,British,Mercedes,3,19,0.0,56,+2.225,1:39.582,Disqualified
2023,18,United States Grand Prix,2023-10-22,Circuit of the Americas,Charles Leclerc,Monegasque,Ferrari,1,20,0.0,56,+24.662,1:41.025,Disqualified
2023,19,Mexico City Grand Prix,2023-10-29,Autódromo Hermanos Rodríguez,Max Verstappen,Dutch,Red Bull,3,1,25.0,71,2:02:30.814,1:21.644,Finished
2023,19,Mexico City Grand Prix,2023-10-29,Autódromo Hermanos Rodríguez,Lewis Hamilton,British,Mercedes,6,2,19.0,71,+13.875,1:21.334,Finished
2023,19,Mexico City Grand Prix,2023-10-29,Autódromo Hermanos Rodríguez,Charles Leclerc,Monegasque,Ferrari,1,3,15.0,71,+23.124,1:22.332,Finished
2023,19,Mexico City Grand Prix,2023-10-29,Autódromo Hermanos Rodríguez,Carlos Sainz,Spanish,Ferrari,2,4,12.0,71,+27.154,1:22.539,Finished
2023,19,Mexico City Grand Prix,2023-10-29,Autódromo Hermanos Rodríguez,Lando Norris,British,McLaren,17,5,10.0,71,+33.266,1:21.944,Finished
2023,19,Mexico City Grand Prix,2023-10-29,Autódromo Hermanos Rodríguez,George Russell,British,Mercedes,8,6,8.0,71,+41.020,1:22.780,Finished
2023,19,Mexico City Grand Prix,2023-10-29,Autódromo Hermanos Rodríguez,Daniel Ricciardo,Australian,AlphaTauri,4,7,6.0,71,+41.570,1:22.679,Finished
2023,19,Mexico City Grand Prix,2023-10-29,Autódromo Hermanos Rodríguez,Oscar Piastri,Australian,McLaren,7,8,4.0,71,+43.104,1:22.760,Finished
2023,19,Mexico City Grand Prix,2023-10-29,Autódromo Hermanos Rodríguez,Alexander Albon,Thai,Williams,14,9,2.0,71,+48.573,1:22.773,Finished
2023,19,Mexico City Grand Prix,2023-10-29,Autódromo Hermanos Rodríguez,Esteban Ocon,French,Alpine F1 Team,15,10,1.0,71,+1:02.879,1:22.976,Finished
2023,19,Mexico City Grand Prix,2023-10-29,Autódromo Hermanos Rodríguez,Pierre Gasly,French,Alpine F1 Team,11,11,0.0,71,+1:06.208,1:23.230,Finished
2023,19,Mexico City Grand Prix,2023-10-29,Autódromo Hermanos Rodríguez,Yuki Tsunoda,Japanese,AlphaTauri,18,12,0.0,71,+1:18.982,1:22.501,Finished
2023,19,Mexico City Grand Prix,2023-10-29,Autódromo Hermanos Rodríguez,Nico Hülkenberg,German,Haas F1 Team,12,13,0.0,71,+1:20.309,1:23.222,Finished
2023,19,Mexico City Grand Prix,2023-10-29,Autódromo Hermanos Rodríguez,Guanyu Zhou,Chinese,Alfa Romeo,10,14,0.0,71,+1:21.676,1:23.567,Finished
2023,19,Mexico City Grand Prix,2023-10-29,Autódromo Hermanos Rodríguez,Valtteri Bottas,Finnish,Alfa Romeo,9,15,0.0,71,+1:25.597,1:23.166,Finished
2023,19,Mexico City Grand Prix,2023-10-29,Autódromo Hermanos Rodríguez,Logan Sargeant,American,Williams,19,16,0.0,70,N/A,1:23.003,Retired
2023,19,Mexico City Grand Prix,2023-10-29,Autódromo Hermanos Rodríguez,Lance Stroll,Canadian,Aston Martin,20,17,0.0,66,N/A,1:23.257,Collision damage
2023,19,Mexico City Grand Prix,2023-10-29,Autódromo Hermanos Rodríguez,Fernando Alonso,Spanish,Aston Martin,13,18,0.0,47,N/A,1:23.531,Withdrew
2023,19,Mexico City Grand Prix,2023-10-29,Autódromo Hermanos Rodríguez,Kevin Magnussen,Danish,Haas F1 Team,16,19,0.0,31,N/A,1:23.146,Accident
2023,19,Mexico City Grand Prix,2023-10-29,Autódromo Hermanos Rodríguez,Sergio Pérez,Mexican,Red Bull,5,20,0.0,1,N/A,N/A,Collision damage
2023,20,São Paulo Grand Prix,2023-11-05,Autódromo José Carlos Pace,Max Verstappen,Dutch,Red Bull,1,1,25.0,71,1:56:48.894,1:13.422,Finished
2023,20,São Paulo Grand Prix,2023-11-05,Autódromo José Carlos Pace,Lando Norris,British,McLaren,6,2,19.0,71,+8.277,1:12.486,Finished
2023,20,São Paulo Grand Prix,2023-11-05,Autódromo José Carlos Pace,Fernando Alonso,Spanish,Aston Martin,4,3,15.0,71,+34.155,1:14.442,Finished
2023,20,São Paulo Grand Prix,2023-11-05,Autódromo José Carlos Pace,Sergio Pérez,Mexican,Red Bull,9,4,12.0,71,+34.208,1:14.124,Finished
2023,20,São Paulo Grand Prix,2023-11-05,Autódromo José Carlos Pace,Lance Stroll,Canadian,Aston Martin,3,5,10.0,71,+40.845,1:14.007,Finished
2023,20,São Paulo Grand Prix,2023-11-05,Autódromo José Carlos Pace,Carlos Sainz,Spanish,Ferrari,7,6,8.0,71,+50.188,1:14.406,Finished
2023,20,São Paulo Grand Prix,2023-11-05,Autódromo José Carlos Pace,Pierre Gasly,French,Alpine F1 Team,15,7,6.0,71,+56.093,1:14.521,Finished
2023,20,São Paulo Grand Prix,2023-11-05,Autódromo José Carlos Pace,Lewis Hamilton,British,Mercedes,5,8,4.0,71,+1:02.859,1:14.739,Finished
2023,20,São Paulo Grand Prix,2023-11-05,Autódromo José Carlos Pace,Yuki Tsunoda,Japanese,AlphaTauri,16,9,2.0,71,+1:09.880,1:14.231,Finished
2023,20,São Paulo Grand Prix,2023-11-05,Autódromo José Carlos Pace,Esteban Ocon,French,Alpine F1 Team,14,10,1.0,70,+9.841,1:14.206,Lapped
2023,20,São Paulo Grand Prix,2023-11-05,Autódromo José Carlos Pace,Logan Sargeant,American,Williams,19,11,0.0,70,+26.208,1:15.738,Lapped
2023,20,São Paulo Grand Prix,2023-11-05,Autódromo José Carlos Pace,Nico Hülkenberg,German,Haas F1 Team,11,12,0.0,70,+29.960,1:15.036,Lapped
2023,20,São Paulo Grand Prix,2023-11-05,Autódromo José Carlos Pace,Daniel Ricciardo,Australian,AlphaTauri,17,13,0.0,70,+1:09.961,1:13.866,Lapped
2023,20,São Paulo Grand Prix,2023-11-05,Autódromo José Carlos Pace,Oscar Piastri,Australian,McLaren,10,14,0.0,69,+3.636,1:14.310,Lapped
2023,20,São Paulo Grand Prix,2023-11-05,Autódromo José Carlos Pace,George Russell,British,Mercedes,8,15,0.0,57,N/A,1:14.934,Retired
2023,20,São Paulo Grand Prix,2023-11-05,Autódromo José Carlos Pace,Valtteri Bottas,Finnish,Alfa Romeo,18,16,0.0,39,N/A,1:15.731,Retired
2023,20,São Paulo Grand Prix,2023-11-05,Autódromo José Carlos Pace,Guanyu Zhou,Chinese,Alfa Romeo,20,17,0.0,22,N/A,1:16.232,Retired
2023,20,São Paulo Grand Prix,2023-11-05,Autódromo José Carlos Pace,Kevin Magnussen,Danish,Haas F1 Team,12,18,0.0,0,N/A,N/A,Retired
2023,20,São Paulo Grand Prix,2023-11-05,Autódromo José Carlos Pace,Alexander Albon,Thai,Williams,13,19,0.0,0,N/A,N/A,Retired
2023,20,São Paulo Grand Prix,2023-11-05,Autódromo José Carlos Pace,Charles Leclerc,Monegasque,Ferrari,2,20,0.0,0,N/A,N/A,Did not start
2023,21,Las Vegas Grand Prix,2023-11-19,Las Vegas Strip Street Circuit,Max Verstappen,Dutch,Red Bull,2,1,25.0,50,1:29:08.289,1:35.614,Finished
2023,21,Las Vegas Grand Prix,2023-11-19,Las Vegas Strip Street Circuit,Charles Leclerc,Monegasque,Ferrari,1,2,18.0,50,+2.070,1:35.669,Finished
2023,21,Las Vegas Grand Prix,2023-11-19,Las Vegas Strip Street Circuit,Sergio Pérez,Mexican,Red Bull,11,3,15.0,50,+2.241,1:35.939,Finished
2023,21,Las Vegas Grand Prix,2023-11-19,Las Vegas Strip Street Circuit,Esteban Ocon,French,Alpine F1 Team,16,4,12.0,50,+18.665,1:36.637,Finished
2023,21,Las Vegas Grand Prix,2023-11-19,Las Vegas Strip Street Circuit,Lance Stroll,Canadian,Aston Martin,19,5,10.0,50,+20.067,1:36.584,Finished
2023,21,Las Vegas Grand Prix,2023-11-19,Las Vegas Strip Street Circuit,Carlos Sainz,Spanish,Ferrari,12,6,8.0,50,+20.834,1:35.984,Finished
2023,21,Las Vegas Grand Prix,2023-11-19,Las Vegas Strip Street Circuit,Lewis Hamilton,British,Mercedes,10,7,6.0,50,+21.755,1:35.716,Finished
2023,21,Las Vegas Grand Prix,2023-11-19,Las Vegas Strip Street Circuit,George Russell,British,Mercedes,3,8,4.0,50,+23.091,1:36.071,Finished
2023,21,Las Vegas Grand Prix,2023-11-19,Las Vegas Strip Street Circuit,Fernando Alonso,Spanish,Aston Martin,9,9,2.0,50,+25.964,1:36.559,Finished
2023,21,Las Vegas Grand Prix,2023-11-19,Las Vegas Strip Street Circuit,Oscar Piastri,Australian,McLaren,18,10,2.0,50,+29.496,1:35.490,Finished
2023,21,Las Vegas Grand Prix,2023-11-19,Las Vegas Strip Street Circuit,Pierre Gasly,French,Alpine F1 Team,4,11,0.0,50,+34.270,1:36.913,Finished
2023,21,Las Vegas Grand Prix,2023-11-19,Las Vegas Strip Street Circuit,Alexander Albon,Thai,Williams,5,12,0.0,50,+43.398,1:37.357,Finished
2023,21,Las Vegas Grand Prix,2023-11-19,Las Vegas Strip Street Circuit,Kevin Magnussen,Danish,Haas F1 Team,8,13,0.0,50,+44.825,1:37.455,Finished
2023,21,Las Vegas Grand Prix,2023-11-19,Las Vegas Strip Street Circuit,Daniel Ricciardo,Australian,AlphaTauri,14,14,0.0,50,+48.525,1:37.108,Finished
2023,21,Las Vegas Grand Prix,2023-11-19,Las Vegas Strip Street Circuit,Guanyu Zhou,Chinese,Alfa Romeo,17,15,0.0,50,+50.162,1:37.375,Finished
2023,21,Las Vegas Grand Prix,2023-11-19,Las Vegas Strip Street Circuit,Logan Sargeant,American,Williams,6,16,0.0,50,+50.882,1:37.740,Finished
2023,21,Las Vegas Grand Prix,2023-11-19,Las Vegas Strip Street Circuit,Valtteri Bottas,Finnish,Alfa Romeo,7,17,0.0,50,+1:25.350,1:37.562,Finished
2023,21,Las Vegas Grand Prix,2023-11-19,Las Vegas Strip Street Circuit,Yuki Tsunoda,Japanese,AlphaTauri,20,18,0.0,46,+-1:54:30.642,1:37.587,Finished
2023,21,Las Vegas Grand Prix,2023-11-19,Las Vegas Strip Street Circuit,Nico Hülkenberg,German,Haas F1 Team,13,19,0.0,45,+-1:52:35.501,1:37.565,Finished
2023,21,Las Vegas Grand Prix,2023-11-19,Las Vegas Strip Street Circuit,Lando Norris,British,McLaren,15,20,0.0,2,N/A,1:59.327,Retired
2023,22,Abu Dhabi Grand Prix,2023-11-26,Yas Marina Circuit,Max Verstappen,Dutch,Red Bull,1,1,26.0,58,1:27:02.624,1:26.993,Finished
2023,22,Abu Dhabi Grand Prix,2023-11-26,Yas Marina Circuit,Charles Leclerc,Monegasque,Ferrari,2,2,18.0,58,+17.993,1:28.199,Finished
2023,22,Abu Dhabi Grand Prix,2023-11-26,Yas Marina Circuit,George Russell,British,Mercedes,4,3,15.0,58,+20.328,1:28.187,Finished
2023,22,Abu Dhabi Grand Prix,2023-11-26,Yas Marina Circuit,Sergio Pérez,Mexican,Red Bull,9,4,12.0,58,+21.453,1:27.493,Finished
2023,22,Abu Dhabi Grand Prix,2023-11-26,Yas Marina Circuit,Lando Norris,British,McLaren,5,5,10.0,58,+24.284,1:28.164,Finished
2023,22,Abu Dhabi Grand Prix,2023-11-26,Yas Marina Circuit,Oscar Piastri,Australian,McLaren,3,6,8.0,58,+31.487,1:28.138,Finished
2023,22,Abu Dhabi Grand Prix,2023-11-26,Yas Marina Circuit,Fernando Alonso,Spanish,Aston Martin,7,7,6.0,58,+39.512,1:28.256,Finished
2023,22,Abu Dhabi Grand Prix,2023-11-26,Yas Marina Circuit,Yuki Tsunoda,Japanese,AlphaTauri,6,8,4.0,58,+43.088,1:29.256,Finished
2023,22,Abu Dhabi Grand Prix,2023-11-26,Yas Marina Circuit,Lewis Hamilton,British,Mercedes,11,9,2.0,58,+44.424,1:28.372,Finished
2023,22,Abu Dhabi Grand Prix,2023-11-26,Yas Marina Circuit,Lance Stroll,Canadian,Aston Martin,13,10,1.0,58,+55.632,1:28.050,Finished
2023,22,Abu Dhabi Grand Prix,2023-11-26,Yas Marina Circuit,Daniel Ricciardo,Australian,AlphaTauri,15,11,0.0,58,+56.229,1:28.571,Finished
2023,22,Abu Dhabi Grand Prix,2023-11-26,Yas Marina Circuit,Esteban Ocon,French,Alpine F1 Team,12,12,0.0,58,+1:06.373,1:30.033,Finished
2023,22,Abu Dhabi Grand Prix,2023-11-26,Yas Marina Circuit,Pierre Gasly,French,Alpine F1 Team,10,13,0.0,58,+1:10.360,1:29.016,Finished
2023,22,Abu Dhabi Grand Prix,2023-11-26,Yas Marina Circuit,Alexander Albon,Thai,Williams,14,14,0.0,58,+1:13.184,1:27.845,Finished
2023,22,Abu Dhabi Grand Prix,2023-11-26,Yas Marina Circuit,Nico Hülkenberg,German,Haas F1 Team,8,15,0.0,58,+1:23.696,1:29.217,Finished
2023,22,Abu Dhabi Grand Prix,2023-11-26,Yas Marina Circuit,Logan Sargeant,American,Williams,20,16,0.0,58,+1:27.791,1:28.580,Finished
2023,22,Abu Dhabi Grand Prix,2023-11-26,Yas Marina Circuit,Guanyu Zhou,Chinese,Alfa Romeo,19,17,0.0,58,+1:29.422,1:28.746,Finished
2023,22,Abu Dhabi Grand Prix,2023-11-26,Yas Marina Circuit,Carlos Sainz,Spanish,Ferrari,16,18,0.0,57,+-1:59:48.299,1:29.452,Finished
2023,22,Abu Dhabi Grand Prix,2023-11-26,Yas Marina Circuit,Valtteri Bottas,Finnish,Alfa Romeo,18,19,0.0,57,+12.411,1:29.863,Lapped
2023,22,Abu Dhabi Grand Prix,2023-11-26,Yas Marina Circuit,Kevin Magnussen,Danish,Haas F1 Team,17,20,0.0,57,+14.876,1:29.934,Lapped
2024,1,Bahrain Grand Prix,2024-03-02,Bahrain International Circuit,Max Verstappen,Dutch,Red Bull,1,1,26.0,57,1:31:44.742,1:32.608,Finished
2024,1,Bahrain Grand Prix,2024-03-02,Bahrain International Circuit,Sergio Pérez,Mexican,Red Bull,5,2,18.0,57,+22.457,1:34.364,Finished
2024,1,Bahrain Grand Prix,2024-03-02,Bahrain International Circuit,Carlos Sainz,Spanish,Ferrari,4,3,15.0,57,+25.110,1:34.507,Finished
2024,1,Bahrain Grand Prix,2024-03-02,Bahrain International Circuit,Charles Leclerc,Monegasque,Ferrari,2,4,12.0,57,+39.669,1:34.090,Finished
2024,1,Bahrain Grand Prix,2024-03-02,Bahrain International Circuit,George Russell,British,Mercedes,3,5,10.0,57,+46.788,1:35.065,Finished
2024,1,Bahrain Grand Prix,2024-03-02,Bahrain International Circuit,Lando Norris,British,McLaren,7,6,8.0,57,+48.458,1:34.476,Finished
2024,1,Bahrain Grand Prix,2024-03-02,Bahrain International Circuit,Lewis Hamilton,British,Mercedes,9,7,6.0,57,+50.324,1:34.722,Finished
2024,1,Bahrain Grand Prix,2024-03-02,Bahrain International Circuit,Oscar Piastri,Australian,McLaren,8,8,4.0,57,+56.082,1:34.983,Finished
2024,1,Bahrain Grand Prix,2024-03-02,Bahrain International Circuit,Fernando Alonso,Spanish,Aston Martin,6,9,2.0,57,+1:14.887,1:34.199,Finished
2024,1,Bahrain Grand Prix,2024-03-02,Bahrain International Circuit,Lance Stroll,Canadian,Aston Martin,12,10,1.0,57,+1:33.216,1:35.632,Finished
2024,1,Bahrain Grand Prix,2024-03-02,Bahrain International Circuit,Guanyu Zhou,Chinese,Sauber,17,11,0.0,56,+6.759,1:35.458,Lapped
2024,1,Bahrain Grand Prix,2024-03-02,Bahrain International Circuit,Kevin Magnussen,Danish,Haas F1 Team,15,12,0.0,56,+8.316,1:35.570,Lapped
2024,1,Bahrain Grand Prix,2024-03-02,Bahrain International Circuit,Daniel Ricciardo,Australian,RB F1 Team,14,13,0.0,56,+8.958,1:35.163,Lapped
2024,1,Bahrain Grand Prix,2024-03-02,Bahrain International Circuit,Yuki Tsunoda,Japanese,RB F1 Team,11,14,0.0,56,+9.482,1:35.833,Lapped
2024,1,Bahrain Grand Prix,2024-03-02,Bahrain International Circuit,Alexander Albon,Thai,Williams,13,15,0.0,56,+11.886,1:35.723,Lapped
2024,1,Bahrain Grand Prix,2024-03-02,Bahrain International Circuit,Nico Hülkenberg,German,Haas F1 Team,10,16,0.0,56,+17.632,1:34.834,Lapped
2024,1,Bahrain Grand Prix,2024-03-02,Bahrain International Circuit,Esteban Ocon,French,Alpine F1 Team,19,17,0.0,56,+31.450,1:36.226,Lapped
2024,1,Bahrain Grand Prix,2024-03-02,Bahrain International Circuit,Pierre Gasly,French,Alpine F1 Team,20,18,0.0,56,+32.417,1:34.805,Lapped
2024,1,Bahrain Grand Prix,2024-03-02,Bahrain International Circuit,Valtteri Bottas,Finnish,Sauber,16,19,0.0,56,+1:23.230,1:36.202,Lapped
2024,1,Bahrain Grand Prix,2024-03-02,Bahrain International Circuit,Logan Sargeant,American,Williams,18,20,0.0,55,+20.795,1:34.735,Lapped
2024,2,Saudi Arabian Grand Prix,2024-03-09,Jeddah Corniche Circuit,Max Verstappen,Dutch,Red Bull,1,1,25.0,50,1:20:43.273,1:31.773,Finished
2024,2,Saudi Arabian Grand Prix,2024-03-09,Jeddah Corniche Circuit,Sergio Pérez,Mexican,Red Bull,3,2,18.0,50,+13.643,1:32.273,Finished
2024,2,Saudi Arabian Grand Prix,2024-03-09,Jeddah Corniche Circuit,Charles Leclerc,Monegasque,Ferrari,2,3,16.0,50,+18.639,1:31.632,Finished
2024,2,Saudi Arabian Grand Prix,2024-03-09,Jeddah Corniche Circuit,Oscar Piastri,Australian,McLaren,5,4,12.0,50,+32.007,1:32.310,Finished
2024,2,Saudi Arabian Grand Prix,2024-03-09,Jeddah Corniche Circuit,Fernando Alonso,Spanish,Aston Martin,4,5,10.0,50,+35.759,1:32.387,Finished
2024,2,Saudi Arabian Grand Prix,2024-03-09,Jeddah Corniche Circuit,George Russell,British,Mercedes,7,6,8.0,50,+39.936,1:32.254,Finished
2024,2,Saudi Arabian Grand Prix,2024-03-09,Jeddah Corniche Circuit,Oliver Bearman,British,Ferrari,11,7,6.0,50,+42.679,1:32.186,Finished
2024,2,Saudi Arabian Grand Prix,2024-03-09,Jeddah Corniche Circuit,Lando Norris,British,McLaren,6,8,4.0,50,+45.708,1:31.944,Finished
2024,2,Saudi Arabian Grand Prix,2024-03-09,Jeddah Corniche Circuit,Lewis Hamilton,British,Mercedes,8,9,2.0,50,+47.391,1:31.746,Finished
2024,2,Saudi Arabian Grand Prix,2024-03-09,Jeddah Corniche Circuit,Nico Hülkenberg,German,Haas F1 Team,15,10,1.0,50,+1:16.996,1:32.366,Finished
2024,2,Saudi Arabian Grand Prix,2024-03-09,Jeddah Corniche Circuit,Alexander Albon,Thai,Williams,12,11,0.0,50,+1:28.354,1:32.307,Finished
2024,2,Saudi Arabian Grand Prix,2024-03-09,Jeddah Corniche Circuit,Kevin Magnussen,Danish,Haas F1 Team,13,12,0.0,50,+1:45.737,1:32.338,Finished
2024,2,Saudi Arabian Grand Prix,2024-03-09,Jeddah Corniche Circuit,Esteban Ocon,French,Alpine F1 Team,17,13,0.0,49,+4.001,1:33.481,Lapped
2024,2,Saudi Arabian Grand Prix,2024-03-09,Jeddah Corniche Circuit,Logan Sargeant,American,Williams,19,14,0.0,49,+6.785,1:33.026,Lapped
2024,2,Saudi Arabian Grand Prix,2024-03-09,Jeddah Corniche Circuit,Yuki Tsunoda,Japanese,RB F1 Team,9,15,0.0,49,+10.533,1:33.523,Lapped
2024,2,Saudi Arabian Grand Prix,2024-03-09,Jeddah Corniche Circuit,Daniel Ricciardo,Australian,RB F1 Team,14,16,0.0,49,+20.715,1:33.323,Lapped
2024,2,Saudi Arabian Grand Prix,2024-03-09,Jeddah Corniche Circuit,Valtteri Bottas,Finnish,Sauber,16,17,0.0,49,+23.115,1:32.706,Lapped
2024,2,Saudi Arabian Grand Prix,2024-03-09,Jeddah Corniche Circuit,Guanyu Zhou,Chinese,Sauber,20,18,0.0,49,+29.553,1:32.208,Lapped
2024,2,Saudi Arabian Grand Prix,2024-03-09,Jeddah Corniche Circuit,Lance Stroll,Canadian,Aston Martin,10,19,0.0,5,N/A,1:35.560,Retired
2024,2,Saudi Arabian Grand Prix,2024-03-09,Jeddah Corniche Circuit,Pierre Gasly,French,Alpine F1 Team,18,20,0.0,1,N/A,N/A,Retired
2024,3,Australian Grand Prix,2024-03-24,Albert Park Grand Prix Circuit,Carlos Sainz,Spanish,Ferrari,2,1,25.0,58,1:20:26.843,1:20.031,Finished
2024,3,Australian Grand Prix,2024-03-24,Albert Park Grand Prix Circuit,Charles Leclerc,Monegasque,Ferrari,4,2,19.0,58,+2.366,1:19.813,Finished
2024,3,Australian Grand Prix,2024-03-24,Albert Park Grand Prix Circuit,Lando Norris,British,McLaren,3,3,15.0,58,+5.904,1:19.915,Finished
2024,3,Australian Grand Prix,2024-03-24,Albert Park Grand Prix Circuit,Oscar Piastri,Australian,McLaren,5,4,12.0,58,+35.770,1:20.199,Finished
2024,3,Australian Grand Prix,2024-03-24,Albert Park Grand Prix Circuit,Sergio Pérez,Mexican,Red Bull,6,5,10.0,58,+56.309,1:20.388,Finished
2024,3,Australian Grand Prix,2024-03-24,Albert Park Grand Prix Circuit,Lance Stroll,Canadian,Aston Martin,9,6,8.0,58,+1:33.222,1:20.930,Finished
2024,3,Australian Grand Prix,2024-03-24,Albert Park Grand Prix Circuit,Yuki Tsunoda,Japanese,RB F1 Team,8,7,6.0,58,+1:35.601,1:21.134,Finished
2024,3,Australian Grand Prix,2024-03-24,Albert Park Grand Prix Circuit,Fernando Alonso,Spanish,Aston Martin,10,8,4.0,58,+1:40.992,1:20.493,Finished
2024,3,Australian Grand Prix,2024-03-24,Albert Park Grand Prix Circuit,Nico Hülkenberg,German,Haas F1 Team,16,9,2.0,58,+1:44.553,1:21.145,Finished
2024,3,Australian Grand Prix,2024-03-24,Albert Park Grand Prix Circuit,Kevin Magnussen,Danish,Haas F1 Team,14,10,1.0,57,+4.081,1:21.082,Lapped
2024,3,Australian Grand Prix,2024-03-24,Albert Park Grand Prix Circuit,Alexander Albon,Thai,Williams,12,11,0.0,57,+5.009,1:21.618,Lapped
2024,3,Australian Grand Prix,2024-03-24,Albert Park Grand Prix Circuit,Daniel Ricciardo,Australian,RB F1 Team,18,12,0.0,57,+11.508,1:21.239,Lapped
2024,3,Australian Grand Prix,2024-03-24,Albert Park Grand Prix Circuit,Pierre Gasly,French,Alpine F1 Team,17,13,0.0,57,+40.953,1:21.090,Lapped
2024,3,Australian Grand Prix,2024-03-24,Albert Park Grand Prix Circuit,Valtteri Bottas,Finnish,Sauber,13,14,0.0,57,+42.326,1:21.422,Lapped
2024,3,Australian Grand Prix,2024-03-24,Albert Park Grand Prix Circuit,Guanyu Zhou,Chinese,Sauber,19,15,0.0,57,+44.293,1:21.327,Lapped
2024,3,Australian Grand Prix,2024-03-24,Albert Park Grand Prix Circuit,Esteban Ocon,French,Alpine F1 Team,15,16,0.0,57,+53.979,1:21.354,Lapped
2024,3,Australian Grand Prix,2024-03-24,Albert Park Grand Prix Circuit,George Russell,British,Mercedes,7,17,0.0,56,+-1:57:37.891,1:20.284,Retired
2024,3,Australian Grand Prix,2024-03-24,Albert Park Grand Prix Circuit,Lewis Hamilton,British,Mercedes,11,18,0.0,15,N/A,1:22.444,Retired
2024,3,Australian Grand Prix,2024-03-24,Albert Park Grand Prix Circuit,Max Verstappen,Dutch,Red Bull,1,19,0.0,3,N/A,1:23.115,Retired
2024,4,Japanese Grand Prix,2024-04-07,Suzuka Circuit,Max Verstappen,Dutch,Red Bull,1,1,26.0,53,1:54:23.566,1:33.706,Finished
2024,4,Japanese Grand Prix,2024-04-07,Suzuka Circuit,Sergio Pérez,Mexican,Red Bull,2,2,18.0,53,+12.535,1:33.945,Finished
2024,4,Japanese Grand Prix,2024-04-07,Suzuka Circuit,Carlos Sainz,Spanish,Ferrari,4,3,15.0,53,+20.866,1:33.841,Finished
2024,4,Japanese Grand Prix,2024-04-07,Suzuka Circuit,Charles Leclerc,Monegasque,Ferrari,8,4,12.0,53,+26.522,1:35.044,Finished
2024,4,Japanese Grand Prix,2024-04-07,Suzuka Circuit,Lando Norris,British,McLaren,3,5,10.0,53,+29.700,1:35.186,Finished
2024,4,Japanese Grand Prix,2024-04-07,Suzuka Circuit,Fernando Alonso,Spanish,Aston Martin,5,6,8.0,53,+44.272,1:34.726,Finished
2024,4,Japanese Grand Prix,2024-04-07,Suzuka Circuit,George Russell,British,Mercedes,9,7,6.0,53,+45.951,1:34.404,Finished
2024,4,Japanese Grand Prix,2024-04-07,Suzuka Circuit,Oscar Piastri,Australian,McLaren,6,8,4.0,53,+47.525,1:34.802,Finished
2024,4,Japanese Grand Prix,2024-04-07,Suzuka Circuit,Lewis Hamilton,British,Mercedes,7,9,2.0,53,+48.626,1:33.952,Finished
2024,4,Japanese Grand Prix,2024-04-07,Suzuka Circuit,Yuki Tsunoda,Japanese,RB F1 Team,10,10,1.0,52,+1.602,1:36.342,Lapped
2024,4,Japanese Grand Prix,2024-04-07,Suzuka Circuit,Nico Hülkenberg,German,Haas F1 Team,12,11,0.0,52,+7.168,1:35.325,Lapped
2024,4,Japanese Grand Prix,2024-04-07,Suzuka Circuit,Lance Stroll,Canadian,Aston Martin,16,12,0.0,52,+11.233,1:35.798,Lapped
2024,4,Japanese Grand Prix,2024-04-07,Suzuka Circuit,Kevin Magnussen,Danish,Haas F1 Team,18,13,0.0,52,+17.919,1:36.654,Lapped
2024,4,Japanese Grand Prix,2024-04-07,Suzuka Circuit,Valtteri Bottas,Finnish,Sauber,13,14,0.0,52,+18.893,1:36.608,Lapped
2024,4,Japanese Grand Prix,2024-04-07,Suzuka Circuit,Esteban Ocon,French,Alpine F1 Team,15,15,0.0,52,+41.152,1:36.232,Lapped
2024,4,Japanese Grand Prix,2024-04-07,Suzuka Circuit,Pierre Gasly,French,Alpine F1 Team,17,16,0.0,52,+55.066,1:36.642,Lapped
2024,4,Japanese Grand Prix,2024-04-07,Suzuka Circuit,Logan Sargeant,American,Williams,19,17,0.0,52,+1:12.765,1:34.900,Lapped
2024,4,Japanese Grand Prix,2024-04-07,Suzuka Circuit,Guanyu Zhou,Chinese,Sauber,20,18,0.0,12,N/A,1:37.160,Retired
2024,4,Japanese Grand Prix,2024-04-07,Suzuka Circuit,Daniel Ricciardo,Australian,RB F1 Team,11,19,0.0,0,N/A,N/A,Retired
2024,4,Japanese Grand Prix,2024-04-07,Suzuka Circuit,Alexander Albon,Thai,Williams,14,20,0.0,0,N/A,N/A,Retired
2024,5,Chinese Grand Prix,2024-04-21,Shanghai International Circuit,Max Verstappen,Dutch,Red Bull,1,1,25.0,56,1:40:52.554,1:38.406,Finished
2024,5,Chinese Grand Prix,2024-04-21,Shanghai International Circuit,Lando Norris,British,McLaren,4,2,18.0,56,+13.773,1:38.751,Finished
2024,5,Chinese Grand Prix,2024-04-21,Shanghai International Circuit,Sergio Pérez,Mexican,Red Bull,2,3,15.0,56,+19.160,1:39.388,Finished
2024,5,Chinese Grand Prix,2024-04-21,Shanghai International Circuit,Charles Leclerc,Monegasque,Ferrari,6,4,12.0,56,+23.623,1:39.384,Finished
2024,5,Chinese Grand Prix,2024-04-21,Shanghai International Circuit,Carlos Sainz,Spanish,Ferrari,7,5,10.0,56,+33.983,1:39.764,Finished
2024,5,Chinese Grand Prix,2024-04-21,Shanghai International Circuit,George Russell,British,Mercedes,8,6,8.0,56,+38.724,1:40.112,Finished
2024,5,Chinese Grand Prix,2024-04-21,Shanghai International Circuit,Fernando Alonso,Spanish,Aston Martin,3,7,7.0,56,+43.414,1:37.810,Finished
2024,5,Chinese Grand Prix,2024-04-21,Shanghai International Circuit,Oscar Piastri,Australian,McLaren,5,8,4.0,56,+56.198,1:39.739,Finished
2024,5,Chinese Grand Prix,2024-04-21,Shanghai International Circuit,Lewis Hamilton,British,Mercedes,18,9,2.0,56,+57.986,1:40.835,Finished
2024,5,Chinese Grand Prix,2024-04-21,Shanghai International Circuit,Nico Hülkenberg,German,Haas F1 Team,9,10,1.0,56,+1:00.476,1:40.815,Finished
2024,5,Chinese Grand Prix,2024-04-21,Shanghai International Circuit,Esteban Ocon,French,Alpine F1 Team,13,11,0.0,56,+1:02.812,1:40.937,Finished
2024,5,Chinese Grand Prix,2024-04-21,Shanghai International Circuit,Alexander Albon,Thai,Williams,14,12,0.0,56,+1:05.506,1:40.790,Finished
2024,5,Chinese Grand Prix,2024-04-21,Shanghai International Circuit,Pierre Gasly,French,Alpine F1 Team,15,13,0.0,56,+1:09.223,1:39.198,Finished
2024,5,Chinese Grand Prix,2024-04-21,Shanghai International Circuit,Guanyu Zhou,Chinese,Sauber,16,14,0.0,56,+1:11.689,1:38.633,Finished
2024,5,Chinese Grand Prix,2024-04-21,Shanghai International Circuit,Lance Stroll,Canadian,Aston Martin,11,15,0.0,56,+1:22.786,1:39.444,Finished
2024,5,Chinese Grand Prix,2024-04-21,Shanghai International Circuit,Kevin Magnussen,Danish,Haas F1 Team,17,16,0.0,56,+1:27.533,1:41.077,Finished
2024,5,Chinese Grand Prix,2024-04-21,Shanghai International Circuit,Logan Sargeant,American,Williams,20,17,0.0,56,+1:35.110,1:41.000,Finished
2024,5,Chinese Grand Prix,2024-04-21,Shanghai International Circuit,Daniel Ricciardo,Australian,RB F1 Team,12,18,0.0,33,N/A,1:40.994,Retired
2024,5,Chinese Grand Prix,2024-04-21,Shanghai International Circuit,Yuki Tsunoda,Japanese,RB F1 Team,19,19,0.0,26,N/A,1:41.593,Retired
2024,5,Chinese Grand Prix,2024-04-21,Shanghai International Circuit,Valtteri Bottas,Finnish,Sauber,10,20,0.0,19,N/A,1:41.276,Retired
2024,6,Miami Grand Prix,2024-05-05,Miami International Autodrome,Lando Norris,British,McLaren,5,1,25.0,57,1:30:49.876,1:30.980,Finished
2024,6,Miami Grand Prix,2024-05-05,Miami International Autodrome,Max Verstappen,Dutch,Red Bull,1,2,18.0,57,+7.612,1:31.261,Finished
2024,6,Miami Grand Prix,2024-05-05,Miami International Autodrome,Charles Leclerc,Monegasque,Ferrari,2,3,15.0,57,+9.920,1:31.084,Finished
2024,6,Miami Grand Prix,2024-05-05,Miami International Autodrome,Sergio Pérez,Mexican,Red Bull,4,4,12.0,57,+14.650,1:30.855,Finished
2024,6,Miami Grand Prix,2024-05-05,Miami International Autodrome,Carlos Sainz,Spanish,Ferrari,3,5,10.0,57,+16.407,1:30.928,Finished
2024,6,Miami Grand Prix,2024-05-05,Miami International Autodrome,Lewis Hamilton,British,Mercedes,8,6,8.0,57,+16.585,1:31.233,Finished
2024,6,Miami Grand Prix,2024-05-05,Miami International Autodrome,Yuki Tsunoda,Japanese,RB F1 Team,10,7,6.0,57,+26.185,1:31.682,Finished
2024,6,Miami Grand Prix,2024-05-05,Miami International Autodrome,George Russell,British,Mercedes,7,8,4.0,57,+34.789,1:31.921,Finished
2024,6,Miami Grand Prix,2024-05-05,Miami International Autodrome,Fernando Alonso,Spanish,Aston Martin,15,9,2.0,57,+37.107,1:31.727,Finished
2024,6,Miami Grand Prix,2024-05-05,Miami International Autodrome,Esteban Ocon,French,Alpine F1 Team,13,10,1.0,57,+39.746,1:32.037,Finished
2024,6,Miami Grand Prix,2024-05-05,Miami International Autodrome,Nico Hülkenberg,German,Haas F1 Team,9,11,0.0,57,+40.789,1:31.941,Finished
2024,6,Miami Grand Prix,2024-05-05,Miami International Autodrome,Pierre Gasly,French,Alpine F1 Team,12,12,0.0,57,+44.958,1:32.055,Finished
2024,6,Miami Grand Prix,2024-05-05,Miami International Autodrome,Oscar Piastri,Australian,McLaren,6,13,0.0,57,+49.756,1:30.634,Finished
2024,6,Miami Grand Prix,2024-05-05,Miami International Autodrome,Guanyu Zhou,Chinese,Sauber,19,14,0.0,57,+49.979,1:31.991,Finished
2024,6,Miami Grand Prix,2024-05-05,Miami International Autodrome,Daniel Ricciardo,Australian,RB F1 Team,20,15,0.0,57,+50.956,1:32.122,Finished
2024,6,Miami Grand Prix,2024-05-05,Miami International Autodrome,Valtteri Bottas,Finnish,Sauber,16,16,0.0,57,+52.356,1:32.098,Finished
2024,6,Miami Grand Prix,2024-05-05,Miami International Autodrome,Lance Stroll,Canadian,Aston Martin,11,17,0.0,57,+55.173,1:31.588,Finished
2024,6,Miami Grand Prix,2024-05-05,Miami International Autodrome,Alexander Albon,Thai,Williams,14,18,0.0,57,+1:16.091,1:30.849,Finished
2024,6,Miami Grand Prix,2024-05-05,Miami International Autodrome,Kevin Magnussen,Danish,Haas F1 Team,18,19,0.0,57,+1:24.683,1:31.774,Finished
2024,6,Miami Grand Prix,2024-05-05,Miami International Autodrome,Logan Sargeant,American,Williams,17,20,0.0,27,N/A,1:33.452,Retired
2024,7,Emilia Romagna Grand Prix,2024-05-19,Autodromo Enzo e Dino Ferrari,Max Verstappen,Dutch,Red Bull,1,1,25.0,63,1:25:25.252,1:20.366,Finished
2024,7,Emilia Romagna Grand Prix,2024-05-19,Autodromo Enzo e Dino Ferrari,Lando Norris,British,McLaren,2,2,18.0,63,+0.725,1:19.994,Finished
2024,7,Emilia Romagna Grand Prix,2024-05-19,Autodromo Enzo e Dino Ferrari,Charles Leclerc,Monegasque,Ferrari,3,3,15.0,63,+7.916,1:19.935,Finished
2024,7,Emilia Romagna Grand Prix,2024-05-19,Autodromo Enzo e Dino Ferrari,Oscar Piastri,Australian,McLaren,5,4,12.0,63,+14.132,1:19.907,Finished
2024,7,Emilia Romagna Grand Prix,2024-05-19,Autodromo Enzo e Dino Ferrari,Carlos Sainz,Spanish,Ferrari,4,5,10.0,63,+22.325,1:20.220,Finished
2024,7,Emilia Romagna Grand Prix,2024-05-19,Autodromo Enzo e Dino Ferrari,Lewis Hamilton,British,Mercedes,8,6,8.0,63,+35.104,1:20.331,Finished
2024,7,Emilia Romagna Grand Prix,2024-05-19,Autodromo Enzo e Dino Ferrari,George Russell,British,Mercedes,6,7,7.0,63,+47.154,1:18.589,Finished
2024,7,Emilia Romagna Grand Prix,2024-05-19,Autodromo Enzo e Dino Ferrari,Sergio Pérez,Mexican,Red Bull,11,8,4.0,63,+54.776,1:19.686,Finished
2024,7,Emilia Romagna Grand Prix,2024-05-19,Autodromo Enzo e Dino Ferrari,Lance Stroll,Canadian,Aston Martin,13,9,2.0,63,+1:19.556,1:20.570,Finished
2024,7,Emilia Romagna Grand Prix,2024-05-19,Autodromo Enzo e Dino Ferrari,Yuki Tsunoda,Japanese,RB F1 Team,7,10,1.0,62,+17.856,1:20.936,Lapped
2024,7,Emilia Romagna Grand Prix,2024-05-19,Autodromo Enzo e Dino Ferrari,Nico Hülkenberg,German,Haas F1 Team,10,11,0.0,62,+25.277,1:21.700,Lapped
2024,7,Emilia Romagna Grand Prix,2024-05-19,Autodromo Enzo e Dino Ferrari,Kevin Magnussen,Danish,Haas F1 Team,18,12,0.0,62,+26.434,1:21.009,Lapped
2024,7,Emilia Romagna Grand Prix,2024-05-19,Autodromo Enzo e Dino Ferrari,Daniel Ricciardo,Australian,RB F1 Team,9,13,0.0,62,+27.661,1:21.569,Lapped
2024,7,Emilia Romagna Grand Prix,2024-05-19,Autodromo Enzo e Dino Ferrari,Esteban Ocon,French,Alpine F1 Team,12,14,0.0,62,+43.907,1:21.304,Lapped
2024,7,Emilia Romagna Grand Prix,2024-05-19,Autodromo Enzo e Dino Ferrari,Guanyu Zhou,Chinese,Sauber,17,15,0.0,62,+44.933,1:21.016,Lapped
2024,7,Emilia Romagna Grand Prix,2024-05-19,Autodromo Enzo e Dino Ferrari,Pierre Gasly,French,Alpine F1 Team,15,16,0.0,62,+49.715,1:21.371,Lapped
2024,7,Emilia Romagna Grand Prix,2024-05-19,Autodromo Enzo e Dino Ferrari,Logan Sargeant,American,Williams,19,17,0.0,62,+51.051,1:21.229,Lapped
2024,7,Emilia Romagna Grand Prix,2024-05-19,Autodromo Enzo e Dino Ferrari,Valtteri Bottas,Finnish,Sauber,16,18,0.0,62,+56.343,1:21.455,Lapped
2024,7,Emilia Romagna Grand Prix,2024-05-19,Autodromo Enzo e Dino Ferrari,Fernando Alonso,Spanish,Aston Martin,20,19,0.0,62,+1:15.124,1:19.004,Lapped
2024,7,Emilia Romagna Grand Prix,2024-05-19,Autodromo Enzo e Dino Ferrari,Alexander Albon,Thai,Williams,14,20,0.0,51,N/A,1:21.274,Retired
2024,8,Monaco Grand Prix,2024-05-26,Circuit de Monaco,Charles Leclerc,Monegasque,Ferrari,1,1,25.0,78,2:23:15.554,1:15.162,Finished
2024,8,Monaco Grand Prix,2024-05-26,Circuit de Monaco,Oscar Piastri,Australian,McLaren,2,2,18.0,78,+7.152,1:16.281,Finished
2024,8,Monaco Grand Prix,2024-05-26,Circuit de Monaco,Carlos Sainz,Spanish,Ferrari,3,3,15.0,78,+7.585,1:14.726,Finished
2024,8,Monaco Grand Prix,2024-05-26,Circuit de Monaco,Lando Norris,British,McLaren,4,4,12.0,78,+8.650,1:15.742,Finished
2024,8,Monaco Grand Prix,2024-05-26,Circuit de Monaco,George Russell,British,Mercedes,5,5,10.0,78,+13.309,1:15.228,Finished
2024,8,Monaco Grand Prix,2024-05-26,Circuit de Monaco,Max Verstappen,Dutch,Red Bull,6,6,8.0,78,+13.853,1:14.569,Finished
2024,8,Monaco Grand Prix,2024-05-26,Circuit de Monaco,Lewis Hamilton,British,Mercedes,7,7,7.0,78,+14.908,1:14.165,Finished
2024,8,Monaco Grand Prix,2024-05-26,Circuit de Monaco,Yuki Tsunoda,Japanese,RB F1 Team,8,8,4.0,77,+39.487,1:14.720,Lapped
2024,8,Monaco Grand Prix,2024-05-26,Circuit de Monaco,Alexander Albon,Thai,Williams,9,9,2.0,77,+54.052,1:17.060,Lapped
2024,8,Monaco Grand Prix,2024-05-26,Circuit de Monaco,Pierre Gasly,French,Alpine F1 Team,10,10,1.0,77,+1:00.241,1:15.625,Lapped
2024,8,Monaco Grand Prix,2024-05-26,Circuit de Monaco,Fernando Alonso,Spanish,Aston Martin,14,11,0.0,76,+3.854,1:17.939,Lapped
2024,8,Monaco Grand Prix,2024-05-26,Circuit de Monaco,Daniel Ricciardo,Australian,RB F1 Team,12,12,0.0,76,+4.264,1:17.172,Lapped
2024,8,Monaco Grand Prix,2024-05-26,Circuit de Monaco,Valtteri Bottas,Finnish,Sauber,17,13,0.0,76,+4.488,1:16.561,Lapped
2024,8,Monaco Grand Prix,2024-05-26,Circuit de Monaco,Lance Stroll,Canadian,Aston Martin,13,14,0.0,76,+5.967,1:16.710,Lapped
2024,8,Monaco Grand Prix,2024-05-26,Circuit de Monaco,Logan Sargeant,American,Williams,15,15,0.0,76,+9.026,1:15.525,Lapped
2024,8,Monaco Grand Prix,2024-05-26,Circuit de Monaco,Guanyu Zhou,Chinese,Sauber,18,16,0.0,76,+55.260,1:14.718,Lapped
2024,8,Monaco Grand Prix,2024-05-26,Circuit de Monaco,Esteban Ocon,French,Alpine F1 Team,11,17,0.0,0,N/A,N/A,Retired
2024,8,Monaco Grand Prix,2024-05-26,Circuit de Monaco,Sergio Pérez,Mexican,Red Bull,16,18,0.0,0,N/A,N/A,Retired
2024,8,Monaco Grand Prix,2024-05-26,Circuit de Monaco,Nico Hülkenberg,German,Haas F1 Team,19,19,0.0,0,N/A,N/A,Retired
2024,8,Monaco Grand Prix,2024-05-26,Circuit de Monaco,Kevin Magnussen,Danish,Haas F1 Team,20,20,0.0,0,N/A,N/A,Retired
2024,9,Canadian Grand Prix,2024-06-09,Circuit Gilles Villeneuve,Max Verstappen,Dutch,Red Bull,2,1,25.0,70,1:45:47.927,1:15.569,Finished
2024,9,Canadian Grand Prix,2024-06-09,Circuit Gilles Villeneuve,Lando Norris,British,McLaren,3,2,18.0,70,+3.879,1:15.558,Finished
2024,9,Canadian Grand Prix,2024-06-09,Circuit Gilles Villeneuve,George Russell,British,Mercedes,1,3,15.0,70,+4.317,1:14.895,Finished
2024,9,Canadian Grand Prix,2024-06-09,Circuit Gilles Villeneuve,Lewis Hamilton,British,Mercedes,7,4,13.0,70,+4.915,1:14.856,Finished
2024,9,Canadian Grand Prix,2024-06-09,Circuit Gilles Villeneuve,Oscar Piastri,Australian,McLaren,4,5,10.0,70,+10.199,1:16.247,Finished
2024,9,Canadian Grand Prix,2024-06-09,Circuit Gilles Villeneuve,Fernando Alonso,Spanish,Aston Martin,6,6,8.0,70,+17.510,1:16.303,Finished
2024,9,Canadian Grand Prix,2024-06-09,Circuit Gilles Villeneuve,Lance Stroll,Canadian,Aston Martin,9,7,6.0,70,+23.625,1:16.762,Finished
2024,9,Canadian Grand Prix,2024-06-09,Circuit Gilles Villeneuve,Daniel Ricciardo,Australian,RB F1 Team,5,8,4.0,70,+28.672,1:17.076,Finished
2024,9,Canadian Grand Prix,2024-06-09,Circuit Gilles Villeneuve,Pierre Gasly,French,Alpine F1 Team,15,9,2.0,70,+30.021,1:17.013,Finished
2024,9,Canadian Grand Prix,2024-06-09,Circuit Gilles Villeneuve,Esteban Ocon,French,Alpine F1 Team,18,10,1.0,70,+30.313,1:17.012,Finished
2024,9,Canadian Grand Prix,2024-06-09,Circuit Gilles Villeneuve,Nico Hülkenberg,German,Haas F1 Team,17,11,0.0,70,+30.824,1:16.683,Finished
2024,9,Canadian Grand Prix,2024-06-09,Circuit Gilles Villeneuve,Kevin Magnussen,Danish,Haas F1 Team,14,12,0.0,70,+31.253,1:16.499,Finished
2024,9,Canadian Grand Prix,2024-06-09,Circuit Gilles Villeneuve,Valtteri Bottas,Finnish,Sauber,19,13,0.0,70,+40.487,1:17.250,Finished
2024,9,Canadian Grand Prix,2024-06-09,Circuit Gilles Villeneuve,Yuki Tsunoda,Japanese,RB F1 Team,8,14,0.0,70,+52.694,1:17.309,Finished
2024,9,Canadian Grand Prix,2024-06-09,Circuit Gilles Villeneuve,Guanyu Zhou,Chinese,Sauber,20,15,0.0,69,+53.528,1:17.325,Lapped
2024,9,Canadian Grand Prix,2024-06-09,Circuit Gilles Villeneuve,Carlos Sainz,Spanish,Ferrari,12,16,0.0,52,N/A,1:18.957,Retired
2024,9,Canadian Grand Prix,2024-06-09,Circuit Gilles Villeneuve,Alexander Albon,Thai,Williams,10,17,0.0,52,N/A,1:19.359,Retired
2024,9,Canadian Grand Prix,2024-06-09,Circuit Gilles Villeneuve,Sergio Pérez,Mexican,Red Bull,16,18,0.0,51,N/A,1:18.819,Retired
2024,9,Canadian Grand Prix,2024-06-09,Circuit Gilles Villeneuve,Charles Leclerc,Monegasque,Ferrari,11,19,0.0,40,N/A,1:26.012,Retired
2024,9,Canadian Grand Prix,2024-06-09,Circuit Gilles Villeneuve,Logan Sargeant,American,Williams,13,20,0.0,23,N/A,1:26.484,Retired
2024,10,Spanish Grand Prix,2024-06-23,Circuit de Barcelona-Catalunya,Max Verstappen,Dutch,Red Bull,2,1,25.0,66,1:28:20.227,1:17.776,Finished
2024,10,Spanish Grand Prix,2024-06-23,Circuit de Barcelona-Catalunya,Lando Norris,British,McLaren,1,2,19.0,66,+2.219,1:17.115,Finished
2024,10,Spanish Grand Prix,2024-06-23,Circuit de Barcelona-Catalunya,Lewis Hamilton,British,Mercedes,3,3,15.0,66,+17.790,1:17.809,Finished
2024,10,Spanish Grand Prix,2024-06-23,Circuit de Barcelona-Catalunya,George Russell,British,Mercedes,4,4,12.0,66,+22.320,1:18.290,Finished
2024,10,Spanish Grand Prix,2024-06-23,Circuit de Barcelona-Catalunya,Charles Leclerc,Monegasque,Ferrari,5,5,10.0,66,+22.709,1:17.897,Finished
2024,10,Spanish Grand Prix,2024-06-23,Circuit de Barcelona-Catalunya,Carlos Sainz,Spanish,Ferrari,6,6,8.0,66,+31.028,1:18.539,Finished
2024,10,Spanish Grand Prix,2024-06-23,Circuit de Barcelona-Catalunya,Oscar Piastri,Australian,McLaren,9,7,6.0,66,+33.760,1:17.874,Finished
2024,10,Spanish Grand Prix,2024-06-23,Circuit de Barcelona-Catalunya,Sergio Pérez,Mexican,Red Bull,11,8,4.0,66,+59.524,1:17.785,Finished
2024,10,Spanish Grand Prix,2024-06-23,Circuit de Barcelona-Catalunya,Pierre Gasly,French,Alpine F1 Team,7,9,2.0,66,+1:02.025,1:19.045,Finished
2024,10,Spanish Grand Prix,2024-06-23,Circuit de Barcelona-Catalunya,Esteban Ocon,French,Alpine F1 Team,8,10,1.0,66,+1:11.889,1:18.982,Finished
2024,10,Spanish Grand Prix,2024-06-23,Circuit de Barcelona-Catalunya,Nico Hülkenberg,German,Haas F1 Team,13,11,0.0,66,+1:19.215,1:18.609,Finished
2024,10,Spanish Grand Prix,2024-06-23,Circuit de Barcelona-Catalunya,Fernando Alonso,Spanish,Aston Martin,10,12,0.0,65,+9.497,1:18.334,Lapped
2024,10,Spanish Grand Prix,2024-06-23,Circuit de Barcelona-Catalunya,Guanyu Zhou,Chinese,Sauber,15,13,0.0,65,+15.476,1:18.771,Lapped
2024,10,Spanish Grand Prix,2024-06-23,Circuit de Barcelona-Catalunya,Lance Stroll,Canadian,Aston Martin,14,14,0.0,65,+25.252,1:19.318,Lapped
2024,10,Spanish Grand Prix,2024-06-23,Circuit de Barcelona-Catalunya,Daniel Ricciardo,Australian,RB F1 Team,18,15,0.0,65,+44.050,1:19.450,Lapped
2024,10,Spanish Grand Prix,2024-06-23,Circuit de Barcelona-Catalunya,Valtteri Bottas,Finnish,Sauber,12,16,0.0,65,+53.313,1:19.608,Lapped
2024,10,Spanish Grand Prix,2024-06-23,Circuit de Barcelona-Catalunya,Kevin Magnussen,Danish,Haas F1 Team,16,17,0.0,65,+54.788,1:19.805,Lapped
2024,10,Spanish Grand Prix,2024-06-23,Circuit de Barcelona-Catalunya,Alexander Albon,Thai,Williams,20,18,0.0,65,+58.149,1:19.132,Lapped
2024,10,Spanish Grand Prix,2024-06-23,Circuit de Barcelona-Catalunya,Yuki Tsunoda,Japanese,RB F1 Team,17,19,0.0,65,+1:08.904,1:19.447,Lapped
2024,10,Spanish Grand Prix,2024-06-23,Circuit de Barcelona-Catalunya,Logan Sargeant,American,Williams,19,20,0.0,64,+4.866,1:20.172,Lapped
2024,11,Austrian Grand Prix,2024-06-30,Red Bull Ring,George Russell,British,Mercedes,3,1,25.0,71,1:24:22.798,1:09.164,Finished
2024,11,Austrian Grand Prix,2024-06-30,Red Bull Ring,Oscar Piastri,Australian,McLaren,7,2,18.0,71,+1.906,1:08.697,Finished
2024,11,Austrian Grand Prix,2024-06-30,Red Bull Ring,Carlos Sainz,Spanish,Ferrari,4,3,15.0,71,+4.533,1:09.282,Finished
2024,11,Austrian Grand Prix,2024-06-30,Red Bull Ring,Lewis Hamilton,British,Mercedes,5,4,12.0,71,+23.142,1:09.562,Finished
2024,11,Austrian Grand Prix,2024-06-30,Red Bull Ring,Max Verstappen,Dutch,Red Bull,1,5,10.0,71,+37.253,1:07.719,Finished
2024,11,Austrian Grand Prix,2024-06-30,Red Bull Ring,Nico Hülkenberg,German,Haas F1 Team,9,6,8.0,71,+54.088,1:10.215,Finished
2024,11,Austrian Grand Prix,2024-06-30,Red Bull Ring,Sergio Pérez,Mexican,Red Bull,8,7,6.0,71,+54.672,1:09.694,Finished
2024,11,Austrian Grand Prix,2024-06-30,Red Bull Ring,Kevin Magnussen,Danish,Haas F1 Team,12,8,4.0,71,+1:00.355,1:10.125,Finished
2024,11,Austrian Grand Prix,2024-06-30,Red Bull Ring,Daniel Ricciardo,Australian,RB F1 Team,11,9,2.0,71,+1:01.169,1:10.426,Finished
2024,11,Austrian Grand Prix,2024-06-30,Red Bull Ring,Pierre Gasly,French,Alpine F1 Team,13,10,1.0,71,+1:01.766,1:09.609,Finished
2024,11,Austrian Grand Prix,2024-06-30,Red Bull Ring,Charles Leclerc,Monegasque,Ferrari,6,11,0.0,71,+1:07.056,1:09.584,Finished
2024,11,Austrian Grand Prix,2024-06-30,Red Bull Ring,Esteban Ocon,French,Alpine F1 Team,10,12,0.0,71,+1:08.325,1:09.649,Finished
2024,11,Austrian Grand Prix,2024-06-30,Red Bull Ring,Lance Stroll,Canadian,Aston Martin,17,13,0.0,70,+10.234,1:10.143,Lapped
2024,11,Austrian Grand Prix,2024-06-30,Red Bull Ring,Yuki Tsunoda,Japanese,RB F1 Team,14,14,0.0,70,+13.145,1:10.318,Lapped
2024,11,Austrian Grand Prix,2024-06-30,Red Bull Ring,Alexander Albon,Thai,Williams,16,15,0.0,70,+15.866,1:10.364,Lapped
2024,11,Austrian Grand Prix,2024-06-30,Red Bull Ring,Valtteri Bottas,Finnish,Sauber,18,16,0.0,70,+19.375,1:10.449,Lapped
2024,11,Austrian Grand Prix,2024-06-30,Red Bull Ring,Guanyu Zhou,Chinese,Sauber,20,17,0.0,70,+44.882,1:10.470,Lapped
2024,11,Austrian Grand Prix,2024-06-30,Red Bull Ring,Fernando Alonso,Spanish,Aston Martin,15,18,0.0,70,+47.660,1:07.694,Lapped
2024,11,Austrian Grand Prix,2024-06-30,Red Bull Ring,Logan Sargeant,American,Williams,19,19,0.0,69,+6.309,1:10.406,Lapped
2024,11,Austrian Grand Prix,2024-06-30,Red Bull Ring,Lando Norris,British,McLaren,2,20,0.0,64,+-1:52:13.256,1:08.016,Lapped
2024,12,British Grand Prix,2024-07-07,Silverstone Circuit,Lewis Hamilton,British,Mercedes,2,1,25.0,52,1:22:27.059,1:29.438,Finished
2024,12,British Grand Prix,2024-07-07,Silverstone Circuit,Max Verstappen,Dutch,Red Bull,4,2,18.0,52,+1.465,1:28.952,Finished
2024,12,British Grand Prix,2024-07-07,Silverstone Circuit,Lando Norris,British,McLaren,3,3,15.0,52,+7.547,1:29.262,Finished
2024,12,British Grand Prix,2024-07-07,Silverstone Circuit,Oscar Piastri,Australian,McLaren,5,4,12.0,52,+12.429,1:28.748,Finished
2024,12,British Grand Prix,2024-07-07,Silverstone Circuit,Carlos Sainz,Spanish,Ferrari,7,5,11.0,52,+47.318,1:28.293,Finished
2024,12,British Grand Prix,2024-07-07,Silverstone Circuit,Nico Hülkenberg,German,Haas F1 Team,6,6,8.0,52,+55.722,1:29.836,Finished
2024,12,British Grand Prix,2024-07-07,Silverstone Circuit,Lance Stroll,Canadian,Aston Martin,8,7,6.0,52,+56.569,1:29.897,Finished
2024,12,British Grand Prix,2024-07-07,Silverstone Circuit,Fernando Alonso,Spanish,Aston Martin,10,8,4.0,52,+1:03.577,1:29.710,Finished
2024,12,British Grand Prix,2024-07-07,Silverstone Circuit,Alexander Albon,Thai,Williams,9,9,2.0,52,+1:08.387,1:29.718,Finished
2024,12,British Grand Prix,2024-07-07,Silverstone Circuit,Yuki Tsunoda,Japanese,RB F1 Team,13,10,1.0,52,+1:19.303,1:30.229,Finished
2024,12,British Grand Prix,2024-07-07,Silverstone Circuit,Logan Sargeant,American,Williams,12,11,0.0,52,+1:28.960,1:29.972,Finished
2024,12,British Grand Prix,2024-07-07,Silverstone Circuit,Kevin Magnussen,Danish,Haas F1 Team,17,12,0.0,52,+1:30.153,1:30.093,Finished
2024,12,British Grand Prix,2024-07-07,Silverstone Circuit,Daniel Ricciardo,Australian,RB F1 Team,15,13,0.0,51,+9.937,1:30.735,Lapped
2024,12,British Grand Prix,2024-07-07,Silverstone Circuit,Charles Leclerc,Monegasque,Ferrari,11,14,0.0,51,+40.473,1:29.748,Lapped
2024,12,British Grand Prix,2024-07-07,Silverstone Circuit,Valtteri Bottas,Finnish,Sauber,16,15,0.0,51,+41.821,1:31.277,Lapped
2024,12,British Grand Prix,2024-07-07,Silverstone Circuit,Esteban Ocon,French,Alpine F1 Team,18,16,0.0,50,+10.682,1:30.875,Lapped
2024,12,British Grand Prix,2024-07-07,Silverstone Circuit,Sergio Pérez,Mexican,Red Bull,20,17,0.0,50,+18.005,1:29.707,Lapped
2024,12,British Grand Prix,2024-07-07,Silverstone Circuit,Guanyu Zhou,Chinese,Sauber,14,18,0.0,50,+54.476,1:31.014,Lapped
2024,12,British Grand Prix,2024-07-07,Silverstone Circuit,George Russell,British,Mercedes,1,19,0.0,33,N/A,1:31.298,Retired
2024,12,British Grand Prix,2024-07-07,Silverstone Circuit,Pierre Gasly,French,Alpine F1 Team,19,20,0.0,0,N/A,N/A,Did not start
2024,13,Hungarian Grand Prix,2024-07-21,Hungaroring,Oscar Piastri,Australian,McLaren,2,1,25.0,70,1:38:01.989,1:21.716,Finished
2024,13,Hungarian Grand Prix,2024-07-21,Hungaroring,Lando Norris,British,McLaren,1,2,18.0,70,+2.141,1:21.712,Finished
2024,13,Hungarian Grand Prix,2024-07-21,Hungaroring,Lewis Hamilton,British,Mercedes,5,3,15.0,70,+14.880,1:22.153,Finished
2024,13,Hungarian Grand Prix,2024-07-21,Hungaroring,Charles Leclerc,Monegasque,Ferrari,6,4,12.0,70,+19.686,1:22.182,Finished
2024,13,Hungarian Grand Prix,2024-07-21,Hungaroring,Max Verstappen,Dutch,Red Bull,3,5,10.0,70,+21.349,1:20.908,Finished
2024,13,Hungarian Grand Prix,2024-07-21,Hungaroring,Carlos Sainz,Spanish,Ferrari,4,6,8.0,70,+23.073,1:21.441,Finished
2024,13,Hungarian Grand Prix,2024-07-21,Hungaroring,Sergio Pérez,Mexican,Red Bull,16,7,6.0,70,+39.792,1:21.096,Finished
2024,13,Hungarian Grand Prix,2024-07-21,Hungaroring,George Russell,British,Mercedes,17,8,5.0,70,+42.368,1:20.305,Finished
2024,13,Hungarian Grand Prix,2024-07-21,Hungaroring,Yuki Tsunoda,Japanese,RB F1 Team,10,9,2.0,70,+1:17.259,1:23.533,Finished
2024,13,Hungarian Grand Prix,2024-07-21,Hungaroring,Lance Stroll,Canadian,Aston Martin,8,10,1.0,70,+1:17.976,1:22.338,Finished
2024,13,Hungarian Grand Prix,2024-07-21,Hungaroring,Fernando Alonso,Spanish,Aston Martin,7,11,0.0,70,+1:22.460,1:23.063,Finished
2024,13,Hungarian Grand Prix,2024-07-21,Hungaroring,Daniel Ricciardo,Australian,RB F1 Team,9,12,0.0,69,+17.924,1:22.640,Lapped
2024,13,Hungarian Grand Prix,2024-07-21,Hungaroring,Nico Hülkenberg,German,Haas F1 Team,11,13,0.0,69,+33.184,1:23.461,Lapped
2024,13,Hungarian Grand Prix,2024-07-21,Hungaroring,Alexander Albon,Thai,Williams,13,14,0.0,69,+36.769,1:23.930,Lapped
2024,13,Hungarian Grand Prix,2024-07-21,Hungaroring,Kevin Magnussen,Danish,Haas F1 Team,15,15,0.0,69,+45.302,1:23.553,Lapped
2024,13,Hungarian Grand Prix,2024-07-21,Hungaroring,Valtteri Bottas,Finnish,Sauber,12,16,0.0,69,+45.409,1:22.792,Lapped
2024,13,Hungarian Grand Prix,2024-07-21,Hungaroring,Logan Sargeant,American,Williams,14,17,0.0,69,+52.591,1:20.561,Lapped
2024,13,Hungarian Grand Prix,2024-07-21,Hungaroring,Esteban Ocon,French,Alpine F1 Team,19,18,0.0,69,+1:00.929,1:21.610,Lapped
2024,13,Hungarian Grand Prix,2024-07-21,Hungaroring,Guanyu Zhou,Chinese,Sauber,18,19,0.0,69,+1:03.598,1:23.487,Lapped
2024,13,Hungarian Grand Prix,2024-07-21,Hungaroring,Pierre Gasly,French,Alpine F1 Team,20,20,0.0,33,N/A,1:23.340,Retired
2024,14,Belgian Grand Prix,2024-07-28,Circuit de Spa-Francorchamps,Lewis Hamilton,British,Mercedes,3,1,25.0,44,1:19:57.566,1:46.653,Finished
2024,14,Belgian Grand Prix,2024-07-28,Circuit de Spa-Francorchamps,Oscar Piastri,Australian,McLaren,5,2,18.0,44,+0.647,1:45.840,Finished
2024,14,Belgian Grand Prix,2024-07-28,Circuit de Spa-Francorchamps,Charles Leclerc,Monegasque,Ferrari,1,3,15.0,44,+8.023,1:47.013,Finished
2024,14,Belgian Grand Prix,2024-07-28,Circuit de Spa-Francorchamps,Max Verstappen,Dutch,Red Bull,11,4,12.0,44,+8.700,1:46.128,Finished
2024,14,Belgian Grand Prix,2024-07-28,Circuit de Spa-Francorchamps,Lando Norris,British,McLaren,4,5,10.0,44,+9.324,1:45.563,Finished
2024,14,Belgian Grand Prix,2024-07-28,Circuit de Spa-Francorchamps,Carlos Sainz,Spanish,Ferrari,7,6,8.0,44,+19.269,1:46.364,Finished
2024,14,Belgian Grand Prix,2024-07-28,Circuit de Spa-Francorchamps,Sergio Pérez,Mexican,Red Bull,2,7,7.0,44,+42.669,1:44.701,Finished
2024,14,Belgian Grand Prix,2024-07-28,Circuit de Spa-Francorchamps,Fernando Alonso,Spanish,Aston Martin,8,8,4.0,44,+49.437,1:48.051,Finished
2024,14,Belgian Grand Prix,2024-07-28,Circuit de Spa-Francorchamps,Esteban Ocon,French,Alpine F1 Team,9,9,2.0,44,+52.026,1:46.957,Finished
2024,14,Belgian Grand Prix,2024-07-28,Circuit de Spa-Francorchamps,Daniel Ricciardo,Australian,RB F1 Team,13,10,1.0,44,+54.400,1:47.435,Finished
2024,14,Belgian Grand Prix,2024-07-28,Circuit de Spa-Francorchamps,Lance Stroll,Canadian,Aston Martin,15,11,0.0,44,+1:02.485,1:48.105,Finished
2024,14,Belgian Grand Prix,2024-07-28,Circuit de Spa-Francorchamps,Alexander Albon,Thai,Williams,10,12,0.0,44,+1:03.125,1:47.996,Finished
2024,14,Belgian Grand Prix,2024-07-28,Circuit de Spa-Francorchamps,Pierre Gasly,French,Alpine F1 Team,12,13,0.0,44,+1:03.839,1:47.418,Finished
2024,14,Belgian Grand Prix,2024-07-28,Circuit de Spa-Francorchamps,Kevin Magnussen,Danish,Haas F1 Team,17,14,0.0,44,+1:06.105,1:47.848,Finished
2024,14,Belgian Grand Prix,2024-07-28,Circuit de Spa-Francorchamps,Valtteri Bottas,Finnish,Sauber,14,15,0.0,44,+1:10.112,1:47.019,Finished
2024,14,Belgian Grand Prix,2024-07-28,Circuit de Spa-Francorchamps,Yuki Tsunoda,Japanese,RB F1 Team,20,16,0.0,44,+1:16.211,1:47.969,Finished
2024,14,Belgian Grand Prix,2024-07-28,Circuit de Spa-Francorchamps,Logan Sargeant,American,Williams,18,17,0.0,44,+1:25.531,1:47.490,Finished
2024,14,Belgian Grand Prix,2024-07-28,Circuit de Spa-Francorchamps,Nico Hülkenberg,German,Haas F1 Team,16,18,0.0,44,+1:28.307,1:48.954,Finished
2024,14,Belgian Grand Prix,2024-07-28,Circuit de Spa-Francorchamps,Guanyu Zhou,Chinese,Sauber,19,19,0.0,5,N/A,1:52.099,Retired
2024,14,Belgian Grand Prix,2024-07-28,Circuit de Spa-Francorchamps,George Russell,British,Mercedes,6,20,0.0,44,+-1:59:59.474,1:47.113,Disqualified
2024,15,Dutch Grand Prix,2024-08-25,Circuit Park Zandvoort,Lando Norris,British,McLaren,1,1,26.0,72,1:30:45.519,1:13.817,Finished
2024,15,Dutch Grand Prix,2024-08-25,Circuit Park Zandvoort,Max Verstappen,Dutch,Red Bull,2,2,18.0,72,+22.896,1:14.752,Finished
2024,15,Dutch Grand Prix,2024-08-25,Circuit Park Zandvoort,Charles Leclerc,Monegasque,Ferrari,6,3,15.0,72,+25.439,1:14.585,Finished
2024,15,Dutch Grand Prix,2024-08-25,Circuit Park Zandvoort,Oscar Piastri,Australian,McLaren,3,4,12.0,72,+27.337,1:14.237,Finished
2024,15,Dutch Grand Prix,2024-08-25,Circuit Park Zandvoort,Carlos Sainz,Spanish,Ferrari,10,5,10.0,72,+32.137,1:14.117,Finished
2024,15,Dutch Grand Prix,2024-08-25,Circuit Park Zandvoort,Sergio Pérez,Mexican,Red Bull,5,6,8.0,72,+39.542,1:14.587,Finished
2024,15,Dutch Grand Prix,2024-08-25,Circuit Park Zandvoort,George Russell,British,Mercedes,4,7,6.0,72,+44.617,1:13.927,Finished
2024,15,Dutch Grand Prix,2024-08-25,Circuit Park Zandvoort,Lewis Hamilton,British,Mercedes,14,8,4.0,72,+49.599,1:13.878,Finished
2024,15,Dutch Grand Prix,2024-08-25,Circuit Park Zandvoort,Pierre Gasly,French,Alpine F1 Team,9,9,2.0,71,+8.604,1:14.855,Lapped
2024,15,Dutch Grand Prix,2024-08-25,Circuit Park Zandvoort,Fernando Alonso,Spanish,Aston Martin,7,10,1.0,71,+13.533,1:14.758,Lapped
2024,15,Dutch Grand Prix,2024-08-25,Circuit Park Zandvoort,Nico Hülkenberg,German,Haas F1 Team,12,11,0.0,71,+19.214,1:15.657,Lapped
2024,15,Dutch Grand Prix,2024-08-25,Circuit Park Zandvoort,Daniel Ricciardo,Australian,RB F1 Team,13,12,0.0,71,+21.067,1:15.222,Lapped
2024,15,Dutch Grand Prix,2024-08-25,Circuit Park Zandvoort,Lance Stroll,Canadian,Aston Martin,8,13,0.0,71,+25.712,1:15.255,Lapped
2024,15,Dutch Grand Prix,2024-08-25,Circuit Park Zandvoort,Alexander Albon,Thai,Williams,19,14,0.0,71,+40.711,1:14.434,Lapped
2024,15,Dutch Grand Prix,2024-08-25,Circuit Park Zandvoort,Esteban Ocon,French,Alpine F1 Team,15,15,0.0,71,+46.878,1:15.390,Lapped
2024,15,Dutch Grand Prix,2024-08-25,Circuit Park Zandvoort,Logan Sargeant,American,Williams,18,16,0.0,71,+1:04.539,1:15.539,Lapped
2024,15,Dutch Grand Prix,2024-08-25,Circuit Park Zandvoort,Yuki Tsunoda,Japanese,RB F1 Team,11,17,0.0,71,+1:05.146,1:15.552,Lapped
2024,15,Dutch Grand Prix,2024-08-25,Circuit Park Zandvoort,Kevin Magnussen,Danish,Haas F1 Team,20,18,0.0,71,+1:05.707,1:14.954,Lapped
2024,15,Dutch Grand Prix,2024-08-25,Circuit Park Zandvoort,Valtteri Bottas,Finnish,Sauber,16,19,0.0,70,+3.248,1:15.822,Lapped
2024,15,Dutch Grand Prix,2024-08-25,Circuit Park Zandvoort,Guanyu Zhou,Chinese,Sauber,17,20,0.0,70,+36.019,1:15.724,Lapped
2024,16,Italian Grand Prix,2024-09-01,Autodromo Nazionale di Monza,Charles Leclerc,Monegasque,Ferrari,4,1,25.0,53,1:14:40.727,1:23.226,Finished
2024,16,Italian Grand Prix,2024-09-01,Autodromo Nazionale di Monza,Oscar Piastri,Australian,McLaren,2,2,18.0,53,+2.664,1:21.943,Finished
2024,16,Italian Grand Prix,2024-09-01,Autodromo Nazionale di Monza,Lando Norris,British,McLaren,1,3,16.0,53,+6.153,1:21.432,Finished
2024,16,Italian Grand Prix,2024-09-01,Autodromo Nazionale di Monza,Carlos Sainz,Spanish,Ferrari,5,4,12.0,53,+15.621,1:23.219,Finished
2024,16,Italian Grand Prix,2024-09-01,Autodromo Nazionale di Monza,Lewis Hamilton,British,Mercedes,6,5,10.0,53,+22.820,1:21.512,Finished
2024,16,Italian Grand Prix,2024-09-01,Autodromo Nazionale di Monza,Max Verstappen,Dutch,Red Bull,7,6,8.0,53,+37.932,1:21.745,Finished
2024,16,Italian Grand Prix,2024-09-01,Autodromo Nazionale di Monza,George Russell,British,Mercedes,3,7,6.0,53,+39.715,1:22.036,Finished
2024,16,Italian Grand Prix,2024-09-01,Autodromo Nazionale di Monza,Sergio Pérez,Mexican,Red Bull,8,8,4.0,53,+54.148,1:22.971,Finished
2024,16,Italian Grand Prix,2024-09-01,Autodromo Nazionale di Monza,Alexander Albon,Thai,Williams,9,9,2.0,53,+1:07.456,1:23.918,Finished
2024,16,Italian Grand Prix,2024-09-01,Autodromo Nazionale di Monza,Kevin Magnussen,Danish,Haas F1 Team,13,10,1.0,53,+1:08.302,1:23.437,Finished
2024,16,Italian Grand Prix,2024-09-01,Autodromo Nazionale di Monza,Fernando Alonso,Spanish,Aston Martin,11,11,0.0,53,+1:08.495,1:22.944,Finished
2024,16,Italian Grand Prix,2024-09-01,Autodromo Nazionale di Monza,Franco Colapinto,Argentine,Williams,18,12,0.0,53,+1:21.308,1:23.728,Finished
2024,16,Italian Grand Prix,2024-09-01,Autodromo Nazionale di Monza,Daniel Ricciardo,Australian,RB F1 Team,12,13,0.0,53,+1:33.452,1:24.219,Finished
2024,16,Italian Grand Prix,2024-09-01,Autodromo Nazionale di Monza,Esteban Ocon,French,Alpine F1 Team,15,14,0.0,52,+12.659,1:24.343,Lapped
2024,16,Italian Grand Prix,2024-09-01,Autodromo Nazionale di Monza,Pierre Gasly,French,Alpine F1 Team,14,15,0.0,52,+18.344,1:23.755,Lapped
2024,16,Italian Grand Prix,2024-09-01,Autodromo Nazionale di Monza,Valtteri Bottas,Finnish,Sauber,19,16,0.0,52,+27.211,1:23.609,Lapped
2024,16,Italian Grand Prix,2024-09-01,Autodromo Nazionale di Monza,Nico Hülkenberg,German,Haas F1 Team,10,17,0.0,52,+30.870,1:23.275,Lapped
2024,16,Italian Grand Prix,2024-09-01,Autodromo Nazionale di Monza,Guanyu Zhou,Chinese,Sauber,20,18,0.0,52,+40.055,1:25.092,Lapped
2024,16,Italian Grand Prix,2024-09-01,Autodromo Nazionale di Monza,Lance Stroll,Canadian,Aston Martin,17,19,0.0,52,+43.508,1:22.232,Lapped
2024,16,Italian Grand Prix,2024-09-01,Autodromo Nazionale di Monza,Yuki Tsunoda,Japanese,RB F1 Team,16,20,0.0,7,N/A,1:26.198,Retired
2024,17,Azerbaijan Grand Prix,2024-09-15,Baku City Circuit,Oscar Piastri,Australian,McLaren,2,1,25.0,51,1:32:58.007,1:47.060,Finished
2024,17,Azerbaijan Grand Prix,2024-09-15,Baku City Circuit,Charles Leclerc,Monegasque,Ferrari,1,2,18.0,51,+10.910,1:47.067,Finished
2024,17,Azerbaijan Grand Prix,2024-09-15,Baku City Circuit,George Russell,British,Mercedes,5,3,15.0,51,+31.328,1:46.628,Finished
2024,17,Azerbaijan Grand Prix,2024-09-15,Baku City Circuit,Lando Norris,British,McLaren,15,4,13.0,51,+36.143,1:45.255,Finished
2024,17,Azerbaijan Grand Prix,2024-09-15,Baku City Circuit,Max Verstappen,Dutch,Red Bull,6,5,10.0,51,+1:17.098,1:46.798,Finished
2024,17,Azerbaijan Grand Prix,2024-09-15,Baku City Circuit,Fernando Alonso,Spanish,Aston Martin,7,6,8.0,51,+1:25.468,1:47.057,Finished
2024,17,Azerbaijan Grand Prix,2024-09-15,Baku City Circuit,Alexander Albon,Thai,Williams,9,7,6.0,51,+1:27.396,1:46.947,Finished
2024,17,Azerbaijan Grand Prix,2024-09-15,Baku City Circuit,Franco Colapinto,Argentine,Williams,8,8,4.0,51,+1:29.541,1:47.274,Finished
2024,17,Azerbaijan Grand Prix,2024-09-15,Baku City Circuit,Lewis Hamilton,British,Mercedes,19,9,2.0,51,+1:32.401,1:47.236,Finished
2024,17,Azerbaijan Grand Prix,2024-09-15,Baku City Circuit,Oliver Bearman,British,Haas F1 Team,10,10,1.0,51,+1:33.127,1:47.048,Finished
2024,17,Azerbaijan Grand Prix,2024-09-15,Baku City Circuit,Nico Hülkenberg,German,Haas F1 Team,12,11,0.0,51,+1:33.465,1:47.691,Finished
2024,17,Azerbaijan Grand Prix,2024-09-15,Baku City Circuit,Pierre Gasly,French,Alpine F1 Team,18,12,0.0,51,+1:57.189,1:48.018,Finished
2024,17,Azerbaijan Grand Prix,2024-09-15,Baku City Circuit,Daniel Ricciardo,Australian,RB F1 Team,14,13,0.0,51,+2:26.907,1:48.380,Finished
2024,17,Azerbaijan Grand Prix,2024-09-15,Baku City Circuit,Guanyu Zhou,Chinese,Sauber,17,14,0.0,51,+2:28.841,1:47.644,Finished
2024,17,Azerbaijan Grand Prix,2024-09-15,Baku City Circuit,Esteban Ocon,French,Alpine F1 Team,20,15,0.0,50,+21.344,1:48.831,Lapped
2024,17,Azerbaijan Grand Prix,2024-09-15,Baku City Circuit,Valtteri Bottas,Finnish,Sauber,16,16,0.0,50,+25.395,1:48.418,Lapped
2024,17,Azerbaijan Grand Prix,2024-09-15,Baku City Circuit,Sergio Pérez,Mexican,Red Bull,4,17,0.0,49,+-1:55:43.191,1:47.013,Finished
2024,17,Azerbaijan Grand Prix,2024-09-15,Baku City Circuit,Carlos Sainz,Spanish,Ferrari,3,18,0.0,49,+-1:55:43.761,1:46.866,Finished
2024,17,Azerbaijan Grand Prix,2024-09-15,Baku City Circuit,Lance Stroll,Canadian,Aston Martin,13,19,0.0,45,+-1:50:23.073,1:48.148,Finished
2024,17,Azerbaijan Grand Prix,2024-09-15,Baku City Circuit,Yuki Tsunoda,Japanese,RB F1 Team,11,20,0.0,14,N/A,1:50.887,Retired
2024,18,Singapore Grand Prix,2024-09-22,Marina Bay Street Circuit,Lando Norris,British,McLaren,1,1,25.0,62,1:40:52.571,1:34.925,Finished
2024,18,Singapore Grand Prix,2024-09-22,Marina Bay Street Circuit,Max Verstappen,Dutch,Red Bull,2,2,18.0,62,+20.945,1:35.967,Finished
2024,18,Singapore Grand Prix,2024-09-22,Marina Bay Street Circuit,Oscar Piastri,Australian,McLaren,5,3,15.0,62,+41.823,1:35.745,Finished
2024,18,Singapore Grand Prix,2024-09-22,Marina Bay Street Circuit,George Russell,British,Mercedes,4,4,12.0,62,+1:01.040,1:37.047,Finished
2024,18,Singapore Grand Prix,2024-09-22,Marina Bay Street Circuit,Charles Leclerc,Monegasque,Ferrari,9,5,10.0,62,+1:02.430,1:35.371,Finished
2024,18,Singapore Grand Prix,2024-09-22,Marina Bay Street Circuit,Lewis Hamilton,British,Mercedes,3,6,8.0,62,+1:25.248,1:37.393,Finished
2024,18,Singapore Grand Prix,2024-09-22,Marina Bay Street Circuit,Carlos Sainz,Spanish,Ferrari,10,7,6.0,62,+1:36.039,1:36.561,Finished
2024,18,Singapore Grand Prix,2024-09-22,Marina Bay Street Circuit,Fernando Alonso,Spanish,Aston Martin,7,8,4.0,61,+0.873,1:37.741,Lapped
2024,18,Singapore Grand Prix,2024-09-22,Marina Bay Street Circuit,Nico Hülkenberg,German,Haas F1 Team,6,9,2.0,61,+3.140,1:37.470,Lapped
2024,18,Singapore Grand Prix,2024-09-22,Marina Bay Street Circuit,Sergio Pérez,Mexican,Red Bull,13,10,1.0,61,+4.624,1:37.477,Lapped
2024,18,Singapore Grand Prix,2024-09-22,Marina Bay Street Circuit,Franco Colapinto,Argentine,Williams,12,11,0.0,61,+6.284,1:37.262,Lapped
2024,18,Singapore Grand Prix,2024-09-22,Marina Bay Street Circuit,Yuki Tsunoda,Japanese,RB F1 Team,8,12,0.0,61,+8.792,1:36.393,Lapped
2024,18,Singapore Grand Prix,2024-09-22,Marina Bay Street Circuit,Esteban Ocon,French,Alpine F1 Team,15,13,0.0,61,+44.005,1:37.964,Lapped
2024,18,Singapore Grand Prix,2024-09-22,Marina Bay Street Circuit,Lance Stroll,Canadian,Aston Martin,17,14,0.0,61,+47.571,1:37.851,Lapped
2024,18,Singapore Grand Prix,2024-09-22,Marina Bay Street Circuit,Guanyu Zhou,Chinese,Sauber,20,15,0.0,61,+57.220,1:37.461,Lapped
2024,18,Singapore Grand Prix,2024-09-22,Marina Bay Street Circuit,Valtteri Bottas,Finnish,Sauber,19,16,0.0,61,+57.829,1:37.524,Lapped
2024,18,Singapore Grand Prix,2024-09-22,Marina Bay Street Circuit,Pierre Gasly,French,Alpine F1 Team,18,17,0.0,61,+59.059,1:36.927,Lapped
2024,18,Singapore Grand Prix,2024-09-22,Marina Bay Street Circuit,Daniel Ricciardo,Australian,RB F1 Team,16,18,0.0,61,+1:29.796,1:34.486,Lapped
2024,18,Singapore Grand Prix,2024-09-22,Marina Bay Street Circuit,Kevin Magnussen,Danish,Haas F1 Team,14,19,0.0,57,+-1:55:59.335,1:37.425,Finished
2024,18,Singapore Grand Prix,2024-09-22,Marina Bay Street Circuit,Alexander Albon,Thai,Williams,11,20,0.0,15,N/A,1:36.888,Retired
2024,19,United States Grand Prix,2024-10-20,Circuit of the Americas,Charles Leclerc,Monegasque,Ferrari,4,1,25.0,56,1:35:09.639,1:37.834,Finished
2024,19,United States Grand Prix,2024-10-20,Circuit of the Americas,Carlos Sainz,Spanish,Ferrari,3,2,18.0,56,+8.562,1:37.763,Finished
2024,19,United States Grand Prix,2024-10-20,Circuit of the Americas,Max Verstappen,Dutch,Red Bull,2,3,15.0,56,+19.412,1:38.117,Finished
2024,19,United States Grand Prix,2024-10-20,Circuit of the Americas,Lando Norris,British,McLaren,1,4,12.0,56,+20.354,1:37.679,Finished
2024,19,United States Grand Prix,2024-10-20,Circuit of the Americas,Oscar Piastri,Australian,McLaren,5,5,10.0,56,+21.921,1:37.883,Finished
2024,19,United States Grand Prix,2024-10-20,Circuit of the Americas,George Russell,British,Mercedes,20,6,8.0,56,+56.295,1:37.656,Finished
2024,19,United States Grand Prix,2024-10-20,Circuit of the Americas,Sergio Pérez,Mexican,Red Bull,9,7,6.0,56,+59.072,1:38.514,Finished
2024,19,United States Grand Prix,2024-10-20,Circuit of the Americas,Nico Hülkenberg,German,Haas F1 Team,11,8,4.0,56,+1:02.957,1:38.404,Finished
2024,19,United States Grand Prix,2024-10-20,Circuit of the Americas,Liam Lawson,New Zealander,RB F1 Team,19,9,2.0,56,+1:10.563,1:38.091,Finished
2024,19,United States Grand Prix,2024-10-20,Circuit of the Americas,Franco Colapinto,Argentine,Williams,15,10,1.0,56,+1:11.979,1:37.611,Finished
2024,19,United States Grand Prix,2024-10-20,Circuit of the Americas,Kevin Magnussen,Danish,Haas F1 Team,8,11,0.0,56,+1:19.782,1:38.210,Finished
2024,19,United States Grand Prix,2024-10-20,Circuit of the Americas,Pierre Gasly,French,Alpine F1 Team,6,12,0.0,56,+1:30.558,1:38.311,Finished
2024,19,United States Grand Prix,2024-10-20,Circuit of the Americas,Fernando Alonso,Spanish,Aston Martin,7,13,0.0,55,+1.726,1:39.261,Lapped
2024,19,United States Grand Prix,2024-10-20,Circuit of the Americas,Yuki Tsunoda,Japanese,RB F1 Team,10,14,0.0,55,+8.212,1:39.193,Lapped
2024,19,United States Grand Prix,2024-10-20,Circuit of the Americas,Lance Stroll,Canadian,Aston Martin,13,15,0.0,55,+16.983,1:39.214,Lapped
2024,19,United States Grand Prix,2024-10-20,Circuit of the Americas,Alexander Albon,Thai,Williams,14,16,0.0,55,+18.092,1:39.084,Lapped
2024,19,United States Grand Prix,2024-10-20,Circuit of the Americas,Valtteri Bottas,Finnish,Sauber,16,17,0.0,55,+34.333,1:40.575,Lapped
2024,19,United States Grand Prix,2024-10-20,Circuit of the Americas,Esteban Ocon,French,Alpine F1 Team,12,18,0.0,55,+42.112,1:37.330,Lapped
2024,19,United States Grand Prix,2024-10-20,Circuit of the Americas,Guanyu Zhou,Chinese,Sauber,18,19,0.0,55,+49.240,1:39.272,Lapped
2024,19,United States Grand Prix,2024-10-20,Circuit of the Americas,Lewis Hamilton,British,Mercedes,17,20,0.0,1,N/A,N/A,Retired
2024,20,Mexico City Grand Prix,2024-10-27,Autódromo Hermanos Rodríguez,Carlos Sainz,Spanish,Ferrari,1,1,25.0,71,1:40:55.800,1:20.137,Finished
2024,20,Mexico City Grand Prix,2024-10-27,Autódromo Hermanos Rodríguez,Lando Norris,British,McLaren,3,2,18.0,71,+4.705,1:19.691,Finished
2024,20,Mexico City Grand Prix,2024-10-27,Autódromo Hermanos Rodríguez,Charles Leclerc,Monegasque,Ferrari,4,3,16.0,71,+34.387,1:18.336,Finished
2024,20,Mexico City Grand Prix,2024-10-27,Autódromo Hermanos Rodríguez,Lewis Hamilton,British,Mercedes,6,4,12.0,71,+44.780,1:20.371,Finished
2024,20,Mexico City Grand Prix,2024-10-27,Autódromo Hermanos Rodríguez,George Russell,British,Mercedes,5,5,10.0,71,+48.536,1:20.731,Finished
2024,20,Mexico City Grand Prix,2024-10-27,Autódromo Hermanos Rodríguez,Max Verstappen,Dutch,Red Bull,2,6,8.0,71,+59.558,1:20.872,Finished
2024,20,Mexico City Grand Prix,2024-10-27,Autódromo Hermanos Rodríguez,Kevin Magnussen,Danish,Haas F1 Team,7,7,6.0,71,+1:03.642,1:20.637,Finished
2024,20,Mexico City Grand Prix,2024-10-27,Autódromo Hermanos Rodríguez,Oscar Piastri,Australian,McLaren,17,8,4.0,71,+1:04.928,1:20.064,Finished
2024,20,Mexico City Grand Prix,2024-10-27,Autódromo Hermanos Rodríguez,Nico Hülkenberg,German,Haas F1 Team,10,9,2.0,70,+2.720,1:20.748,Lapped
2024,20,Mexico City Grand Prix,2024-10-27,Autódromo Hermanos Rodríguez,Pierre Gasly,French,Alpine F1 Team,8,10,1.0,70,+18.587,1:21.274,Lapped
2024,20,Mexico City Grand Prix,2024-10-27,Autódromo Hermanos Rodríguez,Lance Stroll,Canadian,Aston Martin,14,11,0.0,70,+25.072,1:21.311,Lapped
2024,20,Mexico City Grand Prix,2024-10-27,Autódromo Hermanos Rodríguez,Franco Colapinto,Argentine,Williams,16,12,0.0,70,+37.497,1:20.090,Lapped
2024,20,Mexico City Grand Prix,2024-10-27,Autódromo Hermanos Rodríguez,Esteban Ocon,French,Alpine F1 Team,20,13,0.0,70,+39.663,1:20.659,Lapped
2024,20,Mexico City Grand Prix,2024-10-27,Autódromo Hermanos Rodríguez,Valtteri Bottas,Finnish,Sauber,15,14,0.0,70,+42.227,1:21.085,Lapped
2024,20,Mexico City Grand Prix,2024-10-27,Autódromo Hermanos Rodríguez,Guanyu Zhou,Chinese,Sauber,19,15,0.0,70,+1:01.722,1:21.553,Lapped
2024,20,Mexico City Grand Prix,2024-10-27,Autódromo Hermanos Rodríguez,Liam Lawson,New Zealander,RB F1 Team,12,16,0.0,70,+1:04.466,1:19.502,Lapped
2024,20,Mexico City Grand Prix,2024-10-27,Autódromo Hermanos Rodríguez,Sergio Pérez,Mexican,Red Bull,18,17,0.0,70,+1:13.284,1:19.209,Lapped
2024,20,Mexico City Grand Prix,2024-10-27,Autódromo Hermanos Rodríguez,Fernando Alonso,Spanish,Aston Martin,13,18,0.0,15,N/A,1:22.722,Retired
2024,20,Mexico City Grand Prix,2024-10-27,Autódromo Hermanos Rodríguez,Alexander Albon,Thai,Williams,9,19,0.0,0,N/A,N/A,Retired
2024,20,Mexico City Grand Prix,2024-10-27,Autódromo Hermanos Rodríguez,Yuki Tsunoda,Japanese,RB F1 Team,11,20,0.0,0,N/A,N/A,Retired
2024,21,São Paulo Grand Prix,2024-11-03,Autódromo José Carlos Pace,Max Verstappen,Dutch,Red Bull,17,1,26.0,69,2:06:54.430,1:20.472,Finished
2024,21,São Paulo Grand Prix,2024-11-03,Autódromo José Carlos Pace,Esteban Ocon,French,Alpine F1 Team,4,2,18.0,69,+19.477,1:21.771,Finished
2024,21,São Paulo Grand Prix,2024-11-03,Autódromo José Carlos Pace,Pierre Gasly,French,Alpine F1 Team,13,3,15.0,69,+22.532,1:21.645,Finished
2024,21,São Paulo Grand Prix,2024-11-03,Autódromo José Carlos Pace,George Russell,British,Mercedes,2,4,12.0,69,+23.265,1:21.645,Finished
2024,21,São Paulo Grand Prix,2024-11-03,Autódromo José Carlos Pace,Charles Leclerc,Monegasque,Ferrari,6,5,10.0,69,+30.177,1:21.631,Finished
2024,21,São Paulo Grand Prix,2024-11-03,Autódromo José Carlos Pace,Lando Norris,British,McLaren,1,6,8.0,69,+31.372,1:21.517,Finished
2024,21,São Paulo Grand Prix,2024-11-03,Autódromo José Carlos Pace,Yuki Tsunoda,Japanese,RB F1 Team,3,7,6.0,69,+42.056,1:21.828,Finished
2024,21,São Paulo Grand Prix,2024-11-03,Autódromo José Carlos Pace,Oscar Piastri,Australian,McLaren,8,8,4.0,69,+44.943,1:21.532,Finished
2024,21,São Paulo Grand Prix,2024-11-03,Autódromo José Carlos Pace,Liam Lawson,New Zealander,RB F1 Team,5,9,2.0,69,+50.452,1:22.123,Finished
2024,21,São Paulo Grand Prix,2024-11-03,Autódromo José Carlos Pace,Lewis Hamilton,British,Mercedes,14,10,1.0,69,+50.753,1:22.041,Finished
2024,21,São Paulo Grand Prix,2024-11-03,Autódromo José Carlos Pace,Sergio Pérez,Mexican,Red Bull,12,11,0.0,69,+51.531,1:22.143,Finished
2024,21,São Paulo Grand Prix,2024-11-03,Autódromo José Carlos Pace,Oliver Bearman,British,Haas F1 Team,15,12,0.0,69,+57.085,1:22.494,Finished
2024,21,São Paulo Grand Prix,2024-11-03,Autódromo José Carlos Pace,Valtteri Bottas,Finnish,Sauber,11,13,0.0,69,+1:03.588,1:22.877,Finished
2024,21,São Paulo Grand Prix,2024-11-03,Autódromo José Carlos Pace,Fernando Alonso,Spanish,Aston Martin,9,14,0.0,69,+1:18.049,1:22.293,Finished
2024,21,São Paulo Grand Prix,2024-11-03,Autódromo José Carlos Pace,Guanyu Zhou,Chinese,Sauber,19,15,0.0,69,+1:19.649,1:23.058,Finished
2024,21,São Paulo Grand Prix,2024-11-03,Autódromo José Carlos Pace,Carlos Sainz,Spanish,Ferrari,20,16,0.0,38,N/A,1:24.201,Retired
2024,21,São Paulo Grand Prix,2024-11-03,Autódromo José Carlos Pace,Franco Colapinto,Argentine,Williams,16,17,0.0,30,N/A,1:24.296,Retired
2024,21,São Paulo Grand Prix,2024-11-03,Autódromo José Carlos Pace,Alexander Albon,Thai,Williams,7,18,0.0,0,N/A,N/A,Did not start
2024,21,São Paulo Grand Prix,2024-11-03,Autódromo José Carlos Pace,Lance Stroll,Canadian,Aston Martin,10,19,0.0,0,N/A,N/A,Did not start
2024,21,São Paulo Grand Prix,2024-11-03,Autódromo José Carlos Pace,Nico Hülkenberg,German,Haas F1 Team,18,20,0.0,0,N/A,N/A,Disqualified
2024,22,Las Vegas Grand Prix,2024-11-23,Las Vegas Strip Street Circuit,George Russell,British,Mercedes,1,1,25.0,50,1:22:05.969,1:35.717,Finished
2024,22,Las Vegas Grand Prix,2024-11-23,Las Vegas Strip Street Circuit,Lewis Hamilton,British,Mercedes,10,2,18.0,50,+7.313,1:35.480,Finished
2024,22,Las Vegas Grand Prix,2024-11-23,Las Vegas Strip Street Circuit,Carlos Sainz,Spanish,Ferrari,2,3,15.0,50,+11.906,1:35.875,Finished
2024,22,Las Vegas Grand Prix,2024-11-23,Las Vegas Strip Street Circuit,Charles Leclerc,Monegasque,Ferrari,4,4,12.0,50,+14.283,1:35.674,Finished
2024,22,Las Vegas Grand Prix,2024-11-23,Las Vegas Strip Street Circuit,Max Verstappen,Dutch,Red Bull,5,5,10.0,50,+16.582,1:36.248,Finished
2024,22,Las Vegas Grand Prix,2024-11-23,Las Vegas Strip Street Circuit,Lando Norris,British,McLaren,6,6,9.0,50,+43.385,1:34.876,Finished
2024,22,Las Vegas Grand Prix,2024-11-23,Las Vegas Strip Street Circuit,Oscar Piastri,Australian,McLaren,8,7,6.0,50,+51.365,1:36.598,Finished
2024,22,Las Vegas Grand Prix,2024-11-23,Las Vegas Strip Street Circuit,Nico Hülkenberg,German,Haas F1 Team,9,8,4.0,50,+59.808,1:36.585,Finished
2024,22,Las Vegas Grand Prix,2024-11-23,Las Vegas Strip Street Circuit,Yuki Tsunoda,Japanese,RB F1 Team,7,9,2.0,50,+1:02.808,1:36.957,Finished
2024,22,Las Vegas Grand Prix,2024-11-23,Las Vegas Strip Street Circuit,Sergio Pérez,Mexican,Red Bull,15,10,1.0,50,+1:03.114,1:36.326,Finished
2024,22,Las Vegas Grand Prix,2024-11-23,Las Vegas Strip Street Circuit,Fernando Alonso,Spanish,Aston Martin,16,11,0.0,50,+1:09.195,1:36.553,Finished
2024,22,Las Vegas Grand Prix,2024-11-23,Las Vegas Strip Street Circuit,Kevin Magnussen,Danish,Haas F1 Team,12,12,0.0,50,+1:09.803,1:36.557,Finished
2024,22,Las Vegas Grand Prix,2024-11-23,Las Vegas Strip Street Circuit,Guanyu Zhou,Chinese,Sauber,13,13,0.0,50,+1:14.085,1:36.324,Finished
2024,22,Las Vegas Grand Prix,2024-11-23,Las Vegas Strip Street Circuit,Franco Colapinto,Argentine,Williams,20,14,0.0,50,+1:15.172,1:36.867,Finished
2024,22,Las Vegas Grand Prix,2024-11-23,Las Vegas Strip Street Circuit,Lance Stroll,Canadian,Aston Martin,18,15,0.0,50,+1:24.102,1:37.179,Finished
2024,22,Las Vegas Grand Prix,2024-11-23,Las Vegas Strip Street Circuit,Liam Lawson,New Zealander,RB F1 Team,14,16,0.0,50,+1:31.005,1:36.980,Finished
2024,22,Las Vegas Grand Prix,2024-11-23,Las Vegas Strip Street Circuit,Esteban Ocon,French,Alpine F1 Team,11,17,0.0,49,+2.060,1:36.511,Lapped
2024,22,Las Vegas Grand Prix,2024-11-23,Las Vegas Strip Street Circuit,Valtteri Bottas,Finnish,Sauber,19,18,0.0,49,+11.285,1:36.601,Lapped
2024,22,Las Vegas Grand Prix,2024-11-23,Las Vegas Strip Street Circuit,Alexander Albon,Thai,Williams,17,19,0.0,25,N/A,1:38.008,Retired
2024,22,Las Vegas Grand Prix,2024-11-23,Las Vegas Strip Street Circuit,Pierre Gasly,French,Alpine F1 Team,3,20,0.0,15,N/A,1:38.314,Retired
2024,23,Qatar Grand Prix,2024-12-01,Losail International Circuit,Max Verstappen,Dutch,Red Bull,2,1,25.0,57,1:31:05.323,1:22.905,Finished
2024,23,Qatar Grand Prix,2024-12-01,Losail International Circuit,Charles Leclerc,Monegasque,Ferrari,5,2,18.0,57,+6.031,1:23.242,Finished
2024,23,Qatar Grand Prix,2024-12-01,Losail International Circuit,Oscar Piastri,Australian,McLaren,4,3,15.0,57,+6.819,1:23.218,Finished
2024,23,Qatar Grand Prix,2024-12-01,Losail International Circuit,George Russell,British,Mercedes,1,4,12.0,57,+14.104,1:23.355,Finished
2024,23,Qatar Grand Prix,2024-12-01,Losail International Circuit,Pierre Gasly,French,Alpine F1 Team,11,5,10.0,57,+16.782,1:23.705,Finished
2024,23,Qatar Grand Prix,2024-12-01,Losail International Circuit,Carlos Sainz,Spanish,Ferrari,7,6,8.0,57,+17.476,1:23.465,Finished
2024,23,Qatar Grand Prix,2024-12-01,Losail International Circuit,Fernando Alonso,Spanish,Aston Martin,8,7,6.0,57,+19.867,1:23.667,Finished
2024,23,Qatar Grand Prix,2024-12-01,Losail International Circuit,Guanyu Zhou,Chinese,Sauber,12,8,4.0,57,+25.360,1:23.889,Finished
2024,23,Qatar Grand Prix,2024-12-01,Losail International Circuit,Kevin Magnussen,Danish,Haas F1 Team,10,9,2.0,57,+32.177,1:24.259,Finished
2024,23,Qatar Grand Prix,2024-12-01,Losail International Circuit,Lando Norris,British,McLaren,3,10,2.0,57,+35.762,1:22.384,Finished
2024,23,Qatar Grand Prix,2024-12-01,Losail International Circuit,Valtteri Bottas,Finnish,Sauber,13,11,0.0,57,+50.243,1:25.533,Finished
2024,23,Qatar Grand Prix,2024-12-01,Losail International Circuit,Lewis Hamilton,British,Mercedes,6,12,0.0,57,+56.122,1:23.865,Finished
2024,23,Qatar Grand Prix,2024-12-01,Losail International Circuit,Yuki Tsunoda,Japanese,RB F1 Team,14,13,0.0,57,+1:01.100,1:26.144,Finished
2024,23,Qatar Grand Prix,2024-12-01,Losail International Circuit,Liam Lawson,New Zealander,RB F1 Team,17,14,0.0,57,+1:02.656,1:26.076,Finished
2024,23,Qatar Grand Prix,2024-12-01,Losail International Circuit,Alexander Albon,Thai,Williams,16,15,0.0,56,+12.969,1:25.559,Lapped
2024,23,Qatar Grand Prix,2024-12-01,Losail International Circuit,Nico Hülkenberg,German,Haas F1 Team,18,16,0.0,39,N/A,1:25.767,Retired
2024,23,Qatar Grand Prix,2024-12-01,Losail International Circuit,Sergio Pérez,Mexican,Red Bull,9,17,0.0,38,N/A,1:25.288,Retired
2024,23,Qatar Grand Prix,2024-12-01,Losail International Circuit,Lance Stroll,Canadian,Aston Martin,15,18,0.0,8,N/A,1:30.935,Retired
2024,23,Qatar Grand Prix,2024-12-01,Losail International Circuit,Franco Colapinto,Argentine,Williams,19,19,0.0,0,N/A,N/A,Retired
2024,23,Qatar Grand Prix,2024-12-01,Losail International Circuit,Esteban Ocon,French,Alpine F1 Team,20,20,0.0,0,N/A,N/A,Retired
2024,24,Abu Dhabi Grand Prix,2024-12-08,Yas Marina Circuit,Lando Norris,British,McLaren,1,1,25.0,58,1:26:33.291,1:27.438,Finished
2024,24,Abu Dhabi Grand Prix,2024-12-08,Yas Marina Circuit,Carlos Sainz,Spanish,Ferrari,3,2,18.0,58,+5.832,1:27.765,Finished
2024,24,Abu Dhabi Grand Prix,2024-12-08,Yas Marina Circuit,Charles Leclerc,Monegasque,Ferrari,19,3,15.0,58,+31.928,1:28.018,Finished
2024,24,Abu Dhabi Grand Prix,2024-12-08,Yas Marina Circuit,Lewis Hamilton,British,Mercedes,16,4,12.0,58,+36.483,1:27.278,Finished
2024,24,Abu Dhabi Grand Prix,2024-12-08,Yas Marina Circuit,George Russell,British,Mercedes,6,5,10.0,58,+37.538,1:28.195,Finished
2024,24,Abu Dhabi Grand Prix,2024-12-08,Yas Marina Circuit,Max Verstappen,Dutch,Red Bull,4,6,8.0,58,+49.847,1:27.765,Finished
2024,24,Abu Dhabi Grand Prix,2024-12-08,Yas Marina Circuit,Pierre Gasly,French,Alpine F1 Team,5,7,6.0,58,+1:12.560,1:29.251,Finished
2024,24,Abu Dhabi Grand Prix,2024-12-08,Yas Marina Circuit,Nico Hülkenberg,German,Haas F1 Team,7,8,4.0,58,+1:15.554,1:29.152,Finished
2024,24,Abu Dhabi Grand Prix,2024-12-08,Yas Marina Circuit,Fernando Alonso,Spanish,Aston Martin,8,9,2.0,58,+1:22.373,1:27.948,Finished
2024,24,Abu Dhabi Grand Prix,2024-12-08,Yas Marina Circuit,Oscar Piastri,Australian,McLaren,2,10,1.0,58,+1:23.821,1:27.690,Finished
2024,24,Abu Dhabi Grand Prix,2024-12-08,Yas Marina Circuit,Alexander Albon,Thai,Williams,18,11,0.0,57,+11.251,1:29.438,Lapped
2024,24,Abu Dhabi Grand Prix,2024-12-08,Yas Marina Circuit,Yuki Tsunoda,Japanese,RB F1 Team,11,12,0.0,57,+14.738,1:29.200,Lapped
2024,24,Abu Dhabi Grand Prix,2024-12-08,Yas Marina Circuit,Guanyu Zhou,Chinese,Sauber,15,13,0.0,57,+17.304,1:27.982,Lapped
2024,24,Abu Dhabi Grand Prix,2024-12-08,Yas Marina Circuit,Lance Stroll,Canadian,Aston Martin,13,14,0.0,57,+18.473,1:28.604,Lapped
2024,24,Abu Dhabi Grand Prix,2024-12-08,Yas Marina Circuit,Jack Doohan,Australian,Alpine F1 Team,17,15,0.0,57,+26.555,1:29.121,Lapped
2024,24,Abu Dhabi Grand Prix,2024-12-08,Yas Marina Circuit,Kevin Magnussen,Danish,Haas F1 Team,14,16,0.0,57,+1:17.597,1:25.637,Lapped
2024,24,Abu Dhabi Grand Prix,2024-12-08,Yas Marina Circuit,Liam Lawson,New Zealander,RB F1 Team,12,17,0.0,55,+-1:58:03.658,1:28.751,Finished
2024,24,Abu Dhabi Grand Prix,2024-12-08,Yas Marina Circuit,Valtteri Bottas,Finnish,Sauber,9,18,0.0,30,N/A,1:29.482,Retired
2024,24,Abu Dhabi Grand Prix,2024-12-08,Yas Marina Circuit,Franco Colapinto,Argentine,Williams,20,19,0.0,26,N/A,1:29.411,Retired
2024,24,Abu Dhabi Grand Prix,2024-12-08,Yas Marina Circuit,Sergio Pérez,Mexican,Red Bull,10,20,0.0,0,N/A,N/A,Retired
2025,1,Australian Grand Prix,2025-03-16,Albert Park Grand Prix Circuit,Lando Norris,British,McLaren,1,1,25.0,57,1:42:06.304,1:22.167,Finished
2025,1,Australian Grand Prix,2025-03-16,Albert Park Grand Prix Circuit,Max Verstappen,Dutch,Red Bull,3,2,18.0,57,+0.895,1:23.081,Finished
2025,1,Australian Grand Prix,2025-03-16,Albert Park Grand Prix Circuit,George Russell,British,Mercedes,4,3,15.0,57,+8.481,1:25.065,Finished
2025,1,Australian Grand Prix,2025-03-16,Albert Park Grand Prix Circuit,Andrea Kimi Antonelli,Italian,Mercedes,16,4,12.0,57,+10.135,1:24.901,Finished
2025,1,Australian Grand Prix,2025-03-16,Albert Park Grand Prix Circuit,Alexander Albon,Thai,Williams,6,5,10.0,57,+12.773,1:24.597,Finished
2025,1,Australian Grand Prix,2025-03-16,Albert Park Grand Prix Circuit,Lance Stroll,Canadian,Aston Martin,13,6,8.0,57,+17.413,1:25.538,Finished
2025,1,Australian Grand Prix,2025-03-16,Albert Park Grand Prix Circuit,Nico Hülkenberg,German,Sauber,17,7,6.0,57,+18.423,1:25.243,Finished
2025,1,Australian Grand Prix,2025-03-16,Albert Park Grand Prix Circuit,Charles Leclerc,Monegasque,Ferrari,7,8,4.0,57,+19.826,1:25.271,Finished
2025,1,Australian Grand Prix,2025-03-16,Albert Park Grand Prix Circuit,Oscar Piastri,Australian,McLaren,2,9,2.0,57,+20.448,1:23.242,Finished
2025,1,Australian Grand Prix,2025-03-16,Albert Park Grand Prix Circuit,Lewis Hamilton,British,Ferrari,8,10,1.0,57,+22.473,1:24.218,Finished
2025,1,Australian Grand Prix,2025-03-16,Albert Park Grand Prix Circuit,Pierre Gasly,French,Alpine F1 Team,9,11,0.0,57,+26.502,1:25.020,Finished
2025,1,Australian Grand Prix,2025-03-16,Albert Park Grand Prix Circuit,Yuki Tsunoda,Japanese,RB F1 Team,5,12,0.0,57,+29.884,1:24.194,Finished
2025,1,Australian Grand Prix,2025-03-16,Albert Park Grand Prix Circuit,Esteban Ocon,French,Haas F1 Team,19,13,0.0,57,+33.161,1:26.764,Finished
2025,1,Australian Grand Prix,2025-03-16,Albert Park Grand Prix Circuit,Oliver Bearman,British,Haas F1 Team,20,14,0.0,57,+40.351,1:27.603,Finished
2025,1,Australian Grand Prix,2025-03-16,Albert Park Grand Prix Circuit,Liam Lawson,New Zealander,Red Bull,18,15,0.0,46,N/A,1:22.970,Retired
2025,1,Australian Grand Prix,2025-03-16,Albert Park Grand Prix Circuit,Gabriel Bortoleto,Brazilian,Sauber,15,16,0.0,45,N/A,1:24.192,Retired
2025,1,Australian Grand Prix,2025-03-16,Albert Park Grand Prix Circuit,Fernando Alonso,Spanish,Aston Martin,12,17,0.0,32,N/A,1:28.819,Retired
2025,1,Australian Grand Prix,2025-03-16,Albert Park Grand Prix Circuit,Carlos Sainz,Spanish,Williams,10,18,0.0,0,N/A,N/A,Retired
2025,1,Australian Grand Prix,2025-03-16,Albert Park Grand Prix Circuit,Jack Doohan,Australian,Alpine F1 Team,14,19,0.0,0,N/A,N/A,Retired
2025,1,Australian Grand Prix,2025-03-16,Albert Park Grand Prix Circuit,Isack Hadjar,French,RB F1 Team,11,20,0.0,0,N/A,N/A,Retired
2025,2,Chinese Grand Prix,2025-03-23,Shanghai International Circuit,Oscar Piastri,Australian,McLaren,1,1,25.0,56,1:30:55.026,1:35.520,Finished
2025,2,Chinese Grand Prix,2025-03-23,Shanghai International Circuit,Lando Norris,British,McLaren,3,2,18.0,56,+9.748,1:35.454,Finished
2025,2,Chinese Grand Prix,2025-03-23,Shanghai International Circuit,George Russell,British,Mercedes,2,3,15.0,56,+11.097,1:35.816,Finished
2025,2,Chinese Grand Prix,2025-03-23,Shanghai International Circuit,Max Verstappen,Dutch,Red Bull,4,4,12.0,56,+16.656,1:35.488,Finished
2025,2,Chinese Grand Prix,2025-03-23,Shanghai International Circuit,Esteban Ocon,French,Haas F1 Team,11,5,10.0,56,+49.969,1:35.740,Finished
2025,2,Chinese Grand Prix,2025-03-23,Shanghai International Circuit,Andrea Kimi Antonelli,Italian,Mercedes,8,6,8.0,56,+53.748,1:36.046,Finished
2025,2,Chinese Grand Prix,2025-03-23,Shanghai International Circuit,Alexander Albon,Thai,Williams,10,7,6.0,56,+56.321,1:36.254,Finished
2025,2,Chinese Grand Prix,2025-03-23,Shanghai International Circuit,Oliver Bearman,British,Haas F1 Team,17,8,4.0,56,+1:01.303,1:36.363,Finished
2025,2,Chinese Grand Prix,2025-03-23,Shanghai International Circuit,Lance Stroll,Canadian,Aston Martin,14,9,2.0,56,+1:10.204,1:36.044,Finished
2025,2,Chinese Grand Prix,2025-03-23,Shanghai International Circuit,Carlos Sainz,Spanish,Williams,15,10,1.0,56,+1:16.387,1:36.779,Finished
2025,2,Chinese Grand Prix,2025-03-23,Shanghai International Circuit,Isack Hadjar,French,RB F1 Team,7,11,0.0,56,+1:18.875,1:35.868,Finished
2025,2,Chinese Grand Prix,2025-03-23,Shanghai International Circuit,Liam Lawson,New Zealander,Red Bull,20,12,0.0,56,+1:21.147,1:35.985,Finished
2025,2,Chinese Grand Prix,2025-03-23,Shanghai International Circuit,Jack Doohan,Australian,Alpine F1 Team,18,13,0.0,56,+1:28.401,1:36.424,Finished
2025,2,Chinese Grand Prix,2025-03-23,Shanghai International Circuit,Gabriel Bortoleto,Brazilian,Sauber,19,14,0.0,55,+10.756,1:35.874,Lapped
2025,2,Chinese Grand Prix,2025-03-23,Shanghai International Circuit,Nico Hülkenberg,German,Sauber,12,15,0.0,55,+20.226,1:37.275,Lapped
2025,2,Chinese Grand Prix,2025-03-23,Shanghai International Circuit,Yuki Tsunoda,Japanese,RB F1 Team,9,16,0.0,55,+23.511,1:35.871,Lapped
2025,2,Chinese Grand Prix,2025-03-23,Shanghai International Circuit,Fernando Alonso,Spanish,Aston Martin,13,17,0.0,4,N/A,1:39.256,Retired
2025,2,Chinese Grand Prix,2025-03-23,Shanghai International Circuit,Charles Leclerc,Monegasque,Ferrari,6,18,0.0,0,N/A,N/A,Disqualified
2025,2,Chinese Grand Prix,2025-03-23,Shanghai International Circuit,Lewis Hamilton,British,Ferrari,5,19,0.0,0,N/A,N/A,Disqualified
2025,2,Chinese Grand Prix,2025-03-23,Shanghai International Circuit,Pierre Gasly,French,Alpine F1 Team,16,20,0.0,0,N/A,N/A,Disqualified
2025,3,Japanese Grand Prix,2025-04-06,Suzuka Circuit,Max Verstappen,Dutch,Red Bull,1,1,25.0,53,1:22:06.983,1:31.041,Finished
2025,3,Japanese Grand Prix,2025-04-06,Suzuka Circuit,Lando Norris,British,McLaren,2,2,18.0,53,+1.423,1:31.116,Finished
2025,3,Japanese Grand Prix,2025-04-06,Suzuka Circuit,Oscar Piastri,Australian,McLaren,3,3,15.0,53,+2.129,1:31.039,Finished
2025,3,Japanese Grand Prix,2025-04-06,Suzuka Circuit,Charles Leclerc,Monegasque,Ferrari,4,4,12.0,53,+16.097,1:31.469,Finished
2025,3,Japanese Grand Prix,2025-04-06,Suzuka Circuit,George Russell,British,Mercedes,5,5,10.0,53,+17.362,1:31.357,Finished
2025,3,Japanese Grand Prix,2025-04-06,Suzuka Circuit,Andrea Kimi Antonelli,Italian,Mercedes,6,6,8.0,53,+18.671,1:30.965,Finished
2025,3,Japanese Grand Prix,2025-04-06,Suzuka Circuit,Lewis Hamilton,British,Ferrari,8,7,6.0,53,+29.182,1:31.406,Finished
2025,3,Japanese Grand Prix,2025-04-06,Suzuka Circuit,Isack Hadjar,French,RB F1 Team,7,8,4.0,53,+37.134,1:31.317,Finished
2025,3,Japanese Grand Prix,2025-04-06,Suzuka Circuit,Alexander Albon,Thai,Williams,9,9,2.0,53,+40.367,1:31.125,Finished
2025,3,Japanese Grand Prix,2025-04-06,Suzuka Circuit,Oliver Bearman,British,Haas F1 Team,10,10,1.0,53,+54.529,1:32.006,Finished
2025,3,Japanese Grand Prix,2025-04-06,Suzuka Circuit,Fernando Alonso,Spanish,Aston Martin,12,11,0.0,53,+57.333,1:31.770,Finished
2025,3,Japanese Grand Prix,2025-04-06,Suzuka Circuit,Yuki Tsunoda,Japanese,Red Bull,14,12,0.0,53,+58.401,1:31.871,Finished
2025,3,Japanese Grand Prix,2025-04-06,Suzuka Circuit,Pierre Gasly,French,Alpine F1 Team,11,13,0.0,53,+1:02.122,1:31.820,Finished
2025,3,Japanese Grand Prix,2025-04-06,Suzuka Circuit,Carlos Sainz,Spanish,Williams,15,14,0.0,53,+1:14.129,1:31.106,Finished
2025,3,Japanese Grand Prix,2025-04-06,Suzuka Circuit,Jack Doohan,Australian,Alpine F1 Team,19,15,0.0,53,+1:21.314,1:32.685,Finished
2025,3,Japanese Grand Prix,2025-04-06,Suzuka Circuit,Nico Hülkenberg,German,Sauber,16,16,0.0,53,+1:21.957,1:32.572,Finished
2025,3,Japanese Grand Prix,2025-04-06,Suzuka Circuit,Liam Lawson,New Zealander,RB F1 Team,13,17,0.0,53,+1:22.734,1:32.043,Finished
2025,3,Japanese Grand Prix,2025-04-06,Suzuka Circuit,Esteban Ocon,French,Haas F1 Team,18,18,0.0,53,+1:23.438,1:31.967,Finished
2025,3,Japanese Grand Prix,2025-04-06,Suzuka Circuit,Gabriel Bortoleto,Brazilian,Sauber,17,19,0.0,53,+1:23.897,1:32.034,Finished
2025,3,Japanese Grand Prix,2025-04-06,Suzuka Circuit,Lance Stroll,Canadian,Aston Martin,20,20,0.0,52,+12.929,1:32.052,Lapped
2025,4,Bahrain Grand Prix,2025-04-13,Bahrain International Circuit,Oscar Piastri,Australian,McLaren,1,1,25.0,57,1:35:39.435,1:35.140,Finished
2025,4,Bahrain Grand Prix,2025-04-13,Bahrain International Circuit,George Russell,British,Mercedes,3,2,18.0,57,+15.499,1:35.518,Finished
2025,4,Bahrain Grand Prix,2025-04-13,Bahrain International Circuit,Lando Norris,British,McLaren,6,3,15.0,57,+16.273,1:35.728,Finished
2025,4,Bahrain Grand Prix,2025-04-13,Bahrain International Circuit,Charles Leclerc,Monegasque,Ferrari,2,4,12.0,57,+19.679,1:36.132,Finished
2025,4,Bahrain Grand Prix,2025-04-13,Bahrain International Circuit,Lewis Hamilton,British,Ferrari,9,5,10.0,57,+27.993,1:36.235,Finished
2025,4,Bahrain Grand Prix,2025-04-13,Bahrain International Circuit,Max Verstappen,Dutch,Red Bull,7,6,8.0,57,+34.395,1:36.167,Finished
2025,4,Bahrain Grand Prix,2025-04-13,Bahrain International Circuit,Pierre Gasly,French,Alpine F1 Team,4,7,6.0,57,+36.002,1:36.531,Finished
2025,4,Bahrain Grand Prix,2025-04-13,Bahrain International Circuit,Esteban Ocon,French,Haas F1 Team,14,8,4.0,57,+44.244,1:37.098,Finished
2025,4,Bahrain Grand Prix,2025-04-13,Bahrain International Circuit,Yuki Tsunoda,Japanese,Red Bull,10,9,2.0,57,+45.061,1:37.225,Finished
2025,4,Bahrain Grand Prix,2025-04-13,Bahrain International Circuit,Oliver Bearman,British,Haas F1 Team,20,10,1.0,57,+47.594,1:37.303,Finished
2025,4,Bahrain Grand Prix,2025-04-13,Bahrain International Circuit,Andrea Kimi Antonelli,Italian,Mercedes,5,11,0.0,57,+48.016,1:36.690,Finished
2025,4,Bahrain Grand Prix,2025-04-13,Bahrain International Circuit,Alexander Albon,Thai,Williams,15,12,0.0,57,+48.839,1:37.141,Finished
2025,4,Bahrain Grand Prix,2025-04-13,Bahrain International Circuit,Isack Hadjar,French,RB F1 Team,12,13,0.0,57,+56.314,1:36.952,Finished
2025,4,Bahrain Grand Prix,2025-04-13,Bahrain International Circuit,Jack Doohan,Australian,Alpine F1 Team,11,14,0.0,57,+57.806,1:36.682,Finished
2025,4,Bahrain Grand Prix,2025-04-13,Bahrain International Circuit,Fernando Alonso,Spanish,Aston Martin,13,15,0.0,57,+1:00.340,1:37.906,Finished
2025,4,Bahrain Grand Prix,2025-04-13,Bahrain International Circuit,Liam Lawson,New Zealander,RB F1 Team,17,16,0.0,57,+1:04.435,1:37.380,Finished
2025,4,Bahrain Grand Prix,2025-04-13,Bahrain International Circuit,Lance Stroll,Canadian,Aston Martin,19,17,0.0,57,+1:05.489,1:38.064,Finished
2025,4,Bahrain Grand Prix,2025-04-13,Bahrain International Circuit,Gabriel Bortoleto,Brazilian,Sauber,18,18,0.0,57,+1:06.872,1:38.006,Finished
2025,4,Bahrain Grand Prix,2025-04-13,Bahrain International Circuit,Carlos Sainz,Spanish,Williams,8,19,0.0,45,N/A,1:36.954,Retired
2025,4,Bahrain Grand Prix,2025-04-13,Bahrain International Circuit,Nico Hülkenberg,German,Sauber,16,20,0.0,0,N/A,N/A,Disqualified
2025,5,Saudi Arabian Grand Prix,2025-04-20,Jeddah Corniche Circuit,Oscar Piastri,Australian,McLaren,2,1,25.0,50,1:21:06.758,1:32.228,Finished
2025,5,Saudi Arabian Grand Prix,2025-04-20,Jeddah Corniche Circuit,Max Verstappen,Dutch,Red Bull,1,2,18.0,50,+2.843,1:32.280,Finished
2025,5,Saudi Arabian Grand Prix,2025-04-20,Jeddah Corniche Circuit,Charles Leclerc,Monegasque,Ferrari,4,3,15.0,50,+8.104,1:32.192,Finished
2025,5,Saudi Arabian Grand Prix,2025-04-20,Jeddah Corniche Circuit,Lando Norris,British,McLaren,10,4,12.0,50,+9.196,1:31.778,Finished
2025,5,Saudi Arabian Grand Prix,2025-04-20,Jeddah Corniche Circuit,George Russell,British,Mercedes,3,5,10.0,50,+27.236,1:32.893,Finished
2025,5,Saudi Arabian Grand Prix,2025-04-20,Jeddah Corniche Circuit,Andrea Kimi Antonelli,Italian,Mercedes,5,6,8.0,50,+34.688,1:32.396,Finished
2025,5,Saudi Arabian Grand Prix,2025-04-20,Jeddah Corniche Circuit,Lewis Hamilton,British,Ferrari,7,7,6.0,50,+39.073,1:32.600,Finished
2025,5,Saudi Arabian Grand Prix,2025-04-20,Jeddah Corniche Circuit,Carlos Sainz,Spanish,Williams,6,8,4.0,50,+1:04.630,1:32.466,Finished
2025,5,Saudi Arabian Grand Prix,2025-04-20,Jeddah Corniche Circuit,Alexander Albon,Thai,Williams,11,9,2.0,50,+1:06.515,1:33.477,Finished
2025,5,Saudi Arabian Grand Prix,2025-04-20,Jeddah Corniche Circuit,Isack Hadjar,French,RB F1 Team,14,10,1.0,50,+1:07.091,1:33.257,Finished
2025,5,Saudi Arabian Grand Prix,2025-04-20,Jeddah Corniche Circuit,Fernando Alonso,Spanish,Aston Martin,13,11,0.0,50,+1:15.917,1:33.009,Finished
2025,5,Saudi Arabian Grand Prix,2025-04-20,Jeddah Corniche Circuit,Liam Lawson,New Zealander,RB F1 Team,12,12,0.0,50,+1:18.451,1:32.998,Finished
2025,5,Saudi Arabian Grand Prix,2025-04-20,Jeddah Corniche Circuit,Oliver Bearman,British,Haas F1 Team,15,13,0.0,50,+1:19.194,1:33.238,Finished
2025,5,Saudi Arabian Grand Prix,2025-04-20,Jeddah Corniche Circuit,Esteban Ocon,French,Haas F1 Team,19,14,0.0,50,+1:39.723,1:34.309,Finished
2025,5,Saudi Arabian Grand Prix,2025-04-20,Jeddah Corniche Circuit,Nico Hülkenberg,German,Sauber,18,15,0.0,49,+4.609,1:33.446,Lapped
2025,5,Saudi Arabian Grand Prix,2025-04-20,Jeddah Corniche Circuit,Lance Stroll,Canadian,Aston Martin,16,16,0.0,49,+5.527,1:32.745,Lapped
2025,5,Saudi Arabian Grand Prix,2025-04-20,Jeddah Corniche Circuit,Jack Doohan,Australian,Alpine F1 Team,17,17,0.0,49,+19.264,1:33.150,Lapped
2025,5,Saudi Arabian Grand Prix,2025-04-20,Jeddah Corniche Circuit,Gabriel Bortoleto,Brazilian,Sauber,20,18,0.0,49,+19.306,1:34.447,Lapped
2025,5,Saudi Arabian Grand Prix,2025-04-20,Jeddah Corniche Circuit,Yuki Tsunoda,Japanese,Red Bull,8,19,0.0,1,N/A,N/A,Retired
2025,5,Saudi Arabian Grand Prix,2025-04-20,Jeddah Corniche Circuit,Pierre Gasly,French,Alpine F1 Team,9,20,0.0,0,N/A,N/A,Retired
2025,6,Miami Grand Prix,2025-05-04,Miami International Autodrome,Oscar Piastri,Australian,McLaren,4,1,25.0,57,1:28:51.587,1:29.822,Finished
2025,6,Miami Grand Prix,2025-05-04,Miami International Autodrome,Lando Norris,British,McLaren,2,2,18.0,57,+4.630,1:29.746,Finished
2025,6,Miami Grand Prix,2025-05-04,Miami International Autodrome,George Russell,British,Mercedes,5,3,15.0,57,+37.644,1:30.318,Finished
2025,6,Miami Grand Prix,2025-05-04,Miami International Autodrome,Max Verstappen,Dutch,Red Bull,1,4,12.0,57,+39.956,1:30.466,Finished
2025,6,Miami Grand Prix,2025-05-04,Miami International Autodrome,Alexander Albon,Thai,Williams,7,5,10.0,57,+48.067,1:30.482,Finished
2025,6,Miami Grand Prix,2025-05-04,Miami International Autodrome,Andrea Kimi Antonelli,Italian,Mercedes,3,6,8.0,57,+55.502,1:30.795,Finished
2025,6,Miami Grand Prix,2025-05-04,Miami International Autodrome,Charles Leclerc,Monegasque,Ferrari,8,7,6.0,57,+57.036,1:30.461,Finished
2025,6,Miami Grand Prix,2025-05-04,Miami International Autodrome,Lewis Hamilton,British,Ferrari,12,8,4.0,57,+1:00.186,1:30.562,Finished
2025,6,Miami Grand Prix,2025-05-04,Miami International Autodrome,Carlos Sainz,Spanish,Williams,6,9,2.0,57,+1:00.577,1:30.703,Finished
2025,6,Miami Grand Prix,2025-05-04,Miami International Autodrome,Yuki Tsunoda,Japanese,Red Bull,10,10,1.0,57,+1:14.434,1:30.964,Finished
2025,6,Miami Grand Prix,2025-05-04,Miami International Autodrome,Isack Hadjar,French,RB F1 Team,11,11,0.0,57,+1:14.602,1:30.971,Finished
2025,6,Miami Grand Prix,2025-05-04,Miami International Autodrome,Esteban Ocon,French,Haas F1 Team,9,12,0.0,57,+1:22.006,1:31.122,Finished
2025,6,Miami Grand Prix,2025-05-04,Miami International Autodrome,Pierre Gasly,French,Alpine F1 Team,20,13,0.0,57,+1:30.445,1:31.159,Finished
2025,6,Miami Grand Prix,2025-05-04,Miami International Autodrome,Nico Hülkenberg,German,Sauber,16,14,0.0,56,+1.155,1:31.015,Lapped
2025,6,Miami Grand Prix,2025-05-04,Miami International Autodrome,Fernando Alonso,Spanish,Aston Martin,17,15,0.0,56,+20.979,1:31.287,Lapped
2025,6,Miami Grand Prix,2025-05-04,Miami International Autodrome,Lance Stroll,Canadian,Aston Martin,18,16,0.0,56,+25.162,1:31.769,Lapped
2025,6,Miami Grand Prix,2025-05-04,Miami International Autodrome,Liam Lawson,New Zealander,RB F1 Team,15,17,0.0,36,N/A,1:31.770,Retired
2025,6,Miami Grand Prix,2025-05-04,Miami International Autodrome,Gabriel Bortoleto,Brazilian,Sauber,13,18,0.0,30,N/A,1:32.328,Retired
2025,6,Miami Grand Prix,2025-05-04,Miami International Autodrome,Oliver Bearman,British,Haas F1 Team,19,19,0.0,27,N/A,1:32.680,Retired
2025,6,Miami Grand Prix,2025-05-04,Miami International Autodrome,Jack Doohan,Australian,Alpine F1 Team,14,20,0.0,0,N/A,N/A,Retired
2025,7,Emilia Romagna Grand Prix,2025-05-18,Autodromo Enzo e Dino Ferrari,Max Verstappen,Dutch,Red Bull,2,1,25.0,63,1:31:33.199,1:17.988,Finished
2025,7,Emilia Romagna Grand Prix,2025-05-18,Autodromo Enzo e Dino Ferrari,Lando Norris,British,McLaren,4,2,18.0,63,+6.109,1:18.311,Finished
2025,7,Emilia Romagna Grand Prix,2025-05-18,Autodromo Enzo e Dino Ferrari,Oscar Piastri,Australian,McLaren,1,3,15.0,63,+12.956,1:18.894,Finished
2025,7,Emilia Romagna Grand Prix,2025-05-18,Autodromo Enzo e Dino Ferrari,Lewis Hamilton,British,Ferrari,12,4,12.0,63,+14.356,1:18.265,Finished
2025,7,Emilia Romagna Grand Prix,2025-05-18,Autodromo Enzo e Dino Ferrari,Alexander Albon,Thai,Williams,7,5,10.0,63,+17.945,1:18.289,Finished
2025,7,Emilia Romagna Grand Prix,2025-05-18,Autodromo Enzo e Dino Ferrari,Charles Leclerc,Monegasque,Ferrari,11,6,8.0,63,+20.774,1:19.048,Finished
2025,7,Emilia Romagna Grand Prix,2025-05-18,Autodromo Enzo e Dino Ferrari,George Russell,British,Mercedes,3,7,6.0,63,+22.034,1:19.733,Finished
2025,7,Emilia Romagna Grand Prix,2025-05-18,Autodromo Enzo e Dino Ferrari,Carlos Sainz,Spanish,Williams,6,8,4.0,63,+22.898,1:19.836,Finished
2025,7,Emilia Romagna Grand Prix,2025-05-18,Autodromo Enzo e Dino Ferrari,Isack Hadjar,French,RB F1 Team,9,9,2.0,63,+23.586,1:19.473,Finished
2025,7,Emilia Romagna Grand Prix,2025-05-18,Autodromo Enzo e Dino Ferrari,Yuki Tsunoda,Japanese,Red Bull,20,10,1.0,63,+26.446,1:20.039,Finished
2025,7,Emilia Romagna Grand Prix,2025-05-18,Autodromo Enzo e Dino Ferrari,Fernando Alonso,Spanish,Aston Martin,5,11,0.0,63,+27.250,1:19.894,Finished
2025,7,Emilia Romagna Grand Prix,2025-05-18,Autodromo Enzo e Dino Ferrari,Nico Hülkenberg,German,Sauber,17,12,0.0,63,+30.296,1:20.401,Finished
2025,7,Emilia Romagna Grand Prix,2025-05-18,Autodromo Enzo e Dino Ferrari,Pierre Gasly,French,Alpine F1 Team,10,13,0.0,63,+31.424,1:20.398,Finished
2025,7,Emilia Romagna Grand Prix,2025-05-18,Autodromo Enzo e Dino Ferrari,Liam Lawson,New Zealander,RB F1 Team,15,14,0.0,63,+32.511,1:20.473,Finished
2025,7,Emilia Romagna Grand Prix,2025-05-18,Autodromo Enzo e Dino Ferrari,Lance Stroll,Canadian,Aston Martin,8,15,0.0,63,+32.993,1:20.501,Finished
2025,7,Emilia Romagna Grand Prix,2025-05-18,Autodromo Enzo e Dino Ferrari,Franco Colapinto,Argentine,Alpine F1 Team,16,16,0.0,63,+33.411,1:20.345,Finished
2025,7,Emilia Romagna Grand Prix,2025-05-18,Autodromo Enzo e Dino Ferrari,Oliver Bearman,British,Haas F1 Team,19,17,0.0,63,+33.808,1:19.521,Finished
2025,7,Emilia Romagna Grand Prix,2025-05-18,Autodromo Enzo e Dino Ferrari,Gabriel Bortoleto,Brazilian,Sauber,14,18,0.0,63,+38.572,1:20.630,Finished
2025,7,Emilia Romagna Grand Prix,2025-05-18,Autodromo Enzo e Dino Ferrari,Andrea Kimi Antonelli,Italian,Mercedes,13,19,0.0,44,N/A,1:20.620,Retired
2025,7,Emilia Romagna Grand Prix,2025-05-18,Autodromo Enzo e Dino Ferrari,Esteban Ocon,French,Haas F1 Team,18,20,0.0,27,N/A,1:21.413,Retired
2025,8,Monaco Grand Prix,2025-05-25,Circuit de Monaco,Lando Norris,British,McLaren,1,1,25.0,78,1:40:33.843,1:13.221,Finished
2025,8,Monaco Grand Prix,2025-05-25,Circuit de Monaco,Charles Leclerc,Monegasque,Ferrari,2,2,18.0,78,+3.131,1:14.055,Finished
2025,8,Monaco Grand Prix,2025-05-25,Circuit de Monaco,Oscar Piastri,Australian,McLaren,3,3,15.0,78,+3.658,1:13.745,Finished
2025,8,Monaco Grand Prix,2025-05-25,Circuit de Monaco,Max Verstappen,Dutch,Red Bull,4,4,12.0,78,+20.572,1:14.230,Finished
2025,8,Monaco Grand Prix,2025-05-25,Circuit de Monaco,Lewis Hamilton,British,Ferrari,7,5,10.0,78,+51.387,1:14.090,Finished
2025,8,Monaco Grand Prix,2025-05-25,Circuit de Monaco,Isack Hadjar,French,RB F1 Team,5,6,8.0,77,+1:05.082,1:15.981,Lapped
2025,8,Monaco Grand Prix,2025-05-25,Circuit de Monaco,Esteban Ocon,French,Haas F1 Team,8,7,6.0,77,+1:06.029,1:15.157,Lapped
2025,8,Monaco Grand Prix,2025-05-25,Circuit de Monaco,Liam Lawson,New Zealander,RB F1 Team,9,8,4.0,77,+1:06.746,1:15.321,Lapped
2025,8,Monaco Grand Prix,2025-05-25,Circuit de Monaco,Alexander Albon,Thai,Williams,10,9,2.0,76,+11.869,1:14.597,Lapped
2025,8,Monaco Grand Prix,2025-05-25,Circuit de Monaco,Carlos Sainz,Spanish,Williams,11,10,1.0,76,+15.232,1:13.988,Lapped
2025,8,Monaco Grand Prix,2025-05-25,Circuit de Monaco,George Russell,British,Mercedes,14,11,0.0,76,+33.844,1:13.405,Lapped
2025,8,Monaco Grand Prix,2025-05-25,Circuit de Monaco,Oliver Bearman,British,Haas F1 Team,20,12,0.0,76,+54.693,1:14.855,Lapped
2025,8,Monaco Grand Prix,2025-05-25,Circuit de Monaco,Franco Colapinto,Argentine,Alpine F1 Team,18,13,0.0,76,+57.114,1:15.298,Lapped
2025,8,Monaco Grand Prix,2025-05-25,Circuit de Monaco,Gabriel Bortoleto,Brazilian,Sauber,16,14,0.0,76,+1:08.424,1:14.884,Lapped
2025,8,Monaco Grand Prix,2025-05-25,Circuit de Monaco,Lance Stroll,Canadian,Aston Martin,19,15,0.0,76,+1:10.395,1:14.877,Lapped
2025,8,Monaco Grand Prix,2025-05-25,Circuit de Monaco,Nico Hülkenberg,German,Sauber,13,16,0.0,76,+1:11.544,1:15.223,Lapped
2025,8,Monaco Grand Prix,2025-05-25,Circuit de Monaco,Yuki Tsunoda,Japanese,Red Bull,12,17,0.0,76,+1:11.849,1:14.913,Lapped
2025,8,Monaco Grand Prix,2025-05-25,Circuit de Monaco,Andrea Kimi Antonelli,Italian,Mercedes,15,18,0.0,75,+8.409,1:13.518,Lapped
2025,8,Monaco Grand Prix,2025-05-25,Circuit de Monaco,Fernando Alonso,Spanish,Aston Martin,6,19,0.0,36,N/A,1:15.593,Retired
2025,8,Monaco Grand Prix,2025-05-25,Circuit de Monaco,Pierre Gasly,French,Alpine F1 Team,17,20,0.0,7,N/A,1:18.054,Retired
2025,9,Spanish Grand Prix,2025-06-01,Circuit de Barcelona-Catalunya,Oscar Piastri,Australian,McLaren,1,1,25.0,66,1:32:57.375,1:15.743,Finished
2025,9,Spanish Grand Prix,2025-06-01,Circuit de Barcelona-Catalunya,Lando Norris,British,McLaren,2,2,18.0,66,+2.471,1:16.187,Finished
2025,9,Spanish Grand Prix,2025-06-01,Circuit de Barcelona-Catalunya,Charles Leclerc,Monegasque,Ferrari,7,3,15.0,66,+10.455,1:17.259,Finished
2025,9,Spanish Grand Prix,2025-06-01,Circuit de Barcelona-Catalunya,George Russell,British,Mercedes,4,4,12.0,66,+11.359,1:17.244,Finished
2025,9,Spanish Grand Prix,2025-06-01,Circuit de Barcelona-Catalunya,Nico Hülkenberg,German,Sauber,15,5,10.0,66,+13.648,1:17.575,Finished
2025,9,Spanish Grand Prix,2025-06-01,Circuit de Barcelona-Catalunya,Lewis Hamilton,British,Ferrari,5,6,8.0,66,+15.508,1:17.706,Finished
2025,9,Spanish Grand Prix,2025-06-01,Circuit de Barcelona-Catalunya,Isack Hadjar,French,RB F1 Team,9,7,6.0,66,+16.022,1:17.770,Finished
2025,9,Spanish Grand Prix,2025-06-01,Circuit de Barcelona-Catalunya,Pierre Gasly,French,Alpine F1 Team,8,8,4.0,66,+17.882,1:17.896,Finished
2025,9,Spanish Grand Prix,2025-06-01,Circuit de Barcelona-Catalunya,Fernando Alonso,Spanish,Aston Martin,10,9,2.0,66,+21.564,1:18.128,Finished
2025,9,Spanish Grand Prix,2025-06-01,Circuit de Barcelona-Catalunya,Max Verstappen,Dutch,Red Bull,3,10,1.0,66,+21.826,1:17.019,Finished
2025,9,Spanish Grand Prix,2025-06-01,Circuit de Barcelona-Catalunya,Liam Lawson,New Zealander,RB F1 Team,13,11,0.0,66,+25.532,1:19.424,Finished
2025,9,Spanish Grand Prix,2025-06-01,Circuit de Barcelona-Catalunya,Gabriel Bortoleto,Brazilian,Sauber,12,12,0.0,66,+25.996,1:18.297,Finished
2025,9,Spanish Grand Prix,2025-06-01,Circuit de Barcelona-Catalunya,Yuki Tsunoda,Japanese,Red Bull,19,13,0.0,66,+28.822,1:17.998,Finished
2025,9,Spanish Grand Prix,2025-06-01,Circuit de Barcelona-Catalunya,Carlos Sainz,Spanish,Williams,17,14,0.0,66,+29.309,1:19.317,Finished
2025,9,Spanish Grand Prix,2025-06-01,Circuit de Barcelona-Catalunya,Franco Colapinto,Argentine,Alpine F1 Team,18,15,0.0,66,+31.381,1:18.353,Finished
2025,9,Spanish Grand Prix,2025-06-01,Circuit de Barcelona-Catalunya,Esteban Ocon,French,Haas F1 Team,16,16,0.0,66,+32.197,1:18.624,Finished
2025,9,Spanish Grand Prix,2025-06-01,Circuit de Barcelona-Catalunya,Oliver Bearman,British,Haas F1 Team,14,17,0.0,66,+37.065,1:18.907,Finished
2025,9,Spanish Grand Prix,2025-06-01,Circuit de Barcelona-Catalunya,Andrea Kimi Antonelli,Italian,Mercedes,6,18,0.0,53,N/A,1:18.255,Retired
2025,9,Spanish Grand Prix,2025-06-01,Circuit de Barcelona-Catalunya,Alexander Albon,Thai,Williams,11,19,0.0,27,N/A,1:20.508,Retired
2025,10,Canadian Grand Prix,2025-06-15,Circuit Gilles Villeneuve,George Russell,British,Mercedes,1,1,25.0,70,1:31:52.688,1:14.119,Finished
2025,10,Canadian Grand Prix,2025-06-15,Circuit Gilles Villeneuve,Max Verstappen,Dutch,Red Bull,2,2,18.0,70,+0.228,1:14.287,Finished
2025,10,Canadian Grand Prix,2025-06-15,Circuit Gilles Villeneuve,Andrea Kimi Antonelli,Italian,Mercedes,4,3,15.0,70,+1.014,1:14.455,Finished
2025,10,Canadian Grand Prix,2025-06-15,Circuit Gilles Villeneuve,Oscar Piastri,Australian,McLaren,3,4,12.0,70,+2.109,1:14.255,Finished
2025,10,Canadian Grand Prix,2025-06-15,Circuit Gilles Villeneuve,Charles Leclerc,Monegasque,Ferrari,8,5,10.0,70,+3.442,1:14.261,Finished
2025,10,Canadian Grand Prix,2025-06-15,Circuit Gilles Villeneuve,Lewis Hamilton,British,Ferrari,5,6,8.0,70,+10.713,1:14.805,Finished
2025,10,Canadian Grand Prix,2025-06-15,Circuit Gilles Villeneuve,Fernando Alonso,Spanish,Aston Martin,6,7,6.0,70,+10.972,1:15.024,Finished
2025,10,Canadian Grand Prix,2025-06-15,Circuit Gilles Villeneuve,Nico Hülkenberg,German,Sauber,11,8,4.0,70,+15.364,1:15.372,Finished
2025,10,Canadian Grand Prix,2025-06-15,Circuit Gilles Villeneuve,Esteban Ocon,French,Haas F1 Team,14,9,2.0,69,+1.473,1:14.593,Lapped
2025,10,Canadian Grand Prix,2025-06-15,Circuit Gilles Villeneuve,Carlos Sainz,Spanish,Williams,16,10,1.0,69,+1.886,1:14.389,Lapped
2025,10,Canadian Grand Prix,2025-06-15,Circuit Gilles Villeneuve,Oliver Bearman,British,Haas F1 Team,13,11,0.0,69,+3.717,1:15.397,Lapped
2025,10,Canadian Grand Prix,2025-06-15,Circuit Gilles Villeneuve,Yuki Tsunoda,Japanese,Red Bull,18,12,0.0,69,+5.456,1:15.358,Lapped
2025,10,Canadian Grand Prix,2025-06-15,Circuit Gilles Villeneuve,Franco Colapinto,Argentine,Alpine F1 Team,10,13,0.0,69,+7.018,1:16.076,Lapped
2025,10,Canadian Grand Prix,2025-06-15,Circuit Gilles Villeneuve,Gabriel Bortoleto,Brazilian,Sauber,15,14,0.0,69,+7.879,1:15.414,Lapped
2025,10,Canadian Grand Prix,2025-06-15,Circuit Gilles Villeneuve,Pierre Gasly,French,Alpine F1 Team,20,15,0.0,69,+7.950,1:14.993,Lapped
2025,10,Canadian Grand Prix,2025-06-15,Circuit Gilles Villeneuve,Isack Hadjar,French,RB F1 Team,12,16,0.0,69,+8.737,1:16.292,Lapped
2025,10,Canadian Grand Prix,2025-06-15,Circuit Gilles Villeneuve,Lance Stroll,Canadian,Aston Martin,17,17,0.0,69,+9.063,1:14.902,Lapped
2025,10,Canadian Grand Prix,2025-06-15,Circuit Gilles Villeneuve,Lando Norris,British,McLaren,7,18,0.0,66,+-1:52:09.782,1:14.229,Retired
2025,10,Canadian Grand Prix,2025-06-15,Circuit Gilles Villeneuve,Liam Lawson,New Zealander,RB F1 Team,19,19,0.0,53,N/A,1:16.320,Retired
2025,10,Canadian Grand Prix,2025-06-15,Circuit Gilles Villeneuve,Alexander Albon,Thai,Williams,9,20,0.0,46,N/A,1:16.197,Retired
2025,11,Austrian Grand Prix,2025-06-29,Red Bull Ring,Lando Norris,British,McLaren,1,1,25.0,70,1:23:47.693,1:08.272,Finished
2025,11,Austrian Grand Prix,2025-06-29,Red Bull Ring,Oscar Piastri,Australian,McLaren,3,2,18.0,70,+2.695,1:07.924,Finished
2025,11,Austrian Grand Prix,2025-06-29,Red Bull Ring,Charles Leclerc,Monegasque,Ferrari,2,3,15.0,70,+19.820,1:08.765,Finished
2025,11,Austrian Grand Prix,2025-06-29,Red Bull Ring,Lewis Hamilton,British,Ferrari,4,4,12.0,70,+29.020,1:08.628,Finished
2025,11,Austrian Grand Prix,2025-06-29,Red Bull Ring,George Russell,British,Mercedes,5,5,10.0,70,+1:02.396,1:09.372,Finished
2025,11,Austrian Grand Prix,2025-06-29,Red Bull Ring,Liam Lawson,New Zealander,RB F1 Team,6,6,8.0,70,+1:07.754,1:09.977,Finished
2025,11,Austrian Grand Prix,2025-06-29,Red Bull Ring,Fernando Alonso,Spanish,Aston Martin,11,7,6.0,69,+1.437,1:09.935,Lapped
2025,11,Austrian Grand Prix,2025-06-29,Red Bull Ring,Gabriel Bortoleto,Brazilian,Sauber,8,8,4.0,69,+1.952,1:09.247,Lapped
2025,11,Austrian Grand Prix,2025-06-29,Red Bull Ring,Nico Hülkenberg,German,Sauber,20,9,2.0,69,+7.720,1:09.459,Lapped
2025,11,Austrian Grand Prix,2025-06-29,Red Bull Ring,Esteban Ocon,French,Haas F1 Team,17,10,1.0,69,+9.986,1:09.550,Lapped
2025,11,Austrian Grand Prix,2025-06-29,Red Bull Ring,Oliver Bearman,British,Haas F1 Team,15,11,0.0,69,+24.854,1:09.960,Lapped
2025,11,Austrian Grand Prix,2025-06-29,Red Bull Ring,Isack Hadjar,French,RB F1 Team,13,12,0.0,69,+27.957,1:10.204,Lapped
2025,11,Austrian Grand Prix,2025-06-29,Red Bull Ring,Pierre Gasly,French,Alpine F1 Team,10,13,0.0,69,+33.055,1:10.151,Lapped
2025,11,Austrian Grand Prix,2025-06-29,Red Bull Ring,Lance Stroll,Canadian,Aston Martin,16,14,0.0,69,+34.462,1:09.214,Lapped
2025,11,Austrian Grand Prix,2025-06-29,Red Bull Ring,Franco Colapinto,Argentine,Alpine F1 Team,14,15,0.0,69,+42.692,1:09.621,Lapped
2025,11,Austrian Grand Prix,2025-06-29,Red Bull Ring,Yuki Tsunoda,Japanese,Red Bull,18,16,0.0,68,+2.979,1:09.802,Lapped
2025,11,Austrian Grand Prix,2025-06-29,Red Bull Ring,Alexander Albon,Thai,Williams,12,17,0.0,15,N/A,1:10.641,Retired
2025,11,Austrian Grand Prix,2025-06-29,Red Bull Ring,Max Verstappen,Dutch,Red Bull,7,18,0.0,0,N/A,N/A,Retired
2025,11,Austrian Grand Prix,2025-06-29,Red Bull Ring,Andrea Kimi Antonelli,Italian,Mercedes,9,19,0.0,0,N/A,N/A,Retired
2025,11,Austrian Grand Prix,2025-06-29,Red Bull Ring,Carlos Sainz,Spanish,Williams,19,20,0.0,0,N/A,N/A,Did not start
2025,12,British Grand Prix,2025-07-06,Silverstone Circuit,Lando Norris,British,McLaren,3,1,25.0,52,1:37:15.735,1:29.734,Finished
2025,12,British Grand Prix,2025-07-06,Silverstone Circuit,Oscar Piastri,Australian,McLaren,2,2,18.0,52,+6.812,1:29.337,Finished
2025,12,British Grand Prix,2025-07-06,Silverstone Circuit,Nico Hülkenberg,German,Sauber,19,3,15.0,52,+34.742,1:30.933,Finished
2025,12,British Grand Prix,2025-07-06,Silverstone Circuit,Lewis Hamilton,British,Ferrari,5,4,12.0,52,+39.812,1:30.016,Finished
2025,12,British Grand Prix,2025-07-06,Silverstone Circuit,Max Verstappen,Dutch,Red Bull,1,5,10.0,52,+56.781,1:30.179,Finished
2025,12,British Grand Prix,2025-07-06,Silverstone Circuit,Pierre Gasly,French,Alpine F1 Team,8,6,8.0,52,+59.857,1:30.751,Finished
2025,12,British Grand Prix,2025-07-06,Silverstone Circuit,Lance Stroll,Canadian,Aston Martin,17,7,6.0,52,+1:00.603,1:32.088,Finished
2025,12,British Grand Prix,2025-07-06,Silverstone Circuit,Alexander Albon,Thai,Williams,13,8,4.0,52,+1:04.135,1:30.047,Finished
2025,12,British Grand Prix,2025-07-06,Silverstone Circuit,Fernando Alonso,Spanish,Aston Martin,7,9,2.0,52,+1:05.858,1:30.353,Finished
2025,12,British Grand Prix,2025-07-06,Silverstone Circuit,George Russell,British,Mercedes,4,10,1.0,52,+1:10.674,1:30.869,Finished
2025,12,British Grand Prix,2025-07-06,Silverstone Circuit,Oliver Bearman,British,Haas F1 Team,18,11,0.0,52,+1:12.095,1:30.921,Finished
2025,12,British Grand Prix,2025-07-06,Silverstone Circuit,Carlos Sainz,Spanish,Williams,9,12,0.0,52,+1:16.592,1:30.645,Finished
2025,12,British Grand Prix,2025-07-06,Silverstone Circuit,Esteban Ocon,French,Haas F1 Team,14,13,0.0,52,+1:17.301,1:30.818,Finished
2025,12,British Grand Prix,2025-07-06,Silverstone Circuit,Charles Leclerc,Monegasque,Ferrari,6,14,0.0,52,+1:24.477,1:30.819,Finished
2025,12,British Grand Prix,2025-07-06,Silverstone Circuit,Yuki Tsunoda,Japanese,Red Bull,11,15,0.0,51,+32.250,1:30.873,Lapped
2025,12,British Grand Prix,2025-07-06,Silverstone Circuit,Andrea Kimi Antonelli,Italian,Mercedes,10,16,0.0,23,N/A,1:45.576,Retired
2025,12,British Grand Prix,2025-07-06,Silverstone Circuit,Isack Hadjar,French,RB F1 Team,12,17,0.0,17,N/A,1:41.705,Retired
2025,12,British Grand Prix,2025-07-06,Silverstone Circuit,Gabriel Bortoleto,Brazilian,Sauber,16,18,0.0,3,N/A,2:16.121,Retired
2025,12,British Grand Prix,2025-07-06,Silverstone Circuit,Liam Lawson,New Zealander,RB F1 Team,15,19,0.0,0,N/A,N/A,Retired
2025,12,British Grand Prix,2025-07-06,Silverstone Circuit,Franco Colapinto,Argentine,Alpine F1 Team,20,20,0.0,0,N/A,N/A,Did not start
