season_year,race_round_number,race_name,race_date,circuit_name,driver_name,driver_nationality,constructor_name,grid_position,final_position,points,laps_completed,fastest_lap,status
2017,1,Australian Grand Prix,26-03-2017,Albert Park Grand Prix Circuit,Sebastian Vettel,German,Ferrari,2,1,25,57,01:26.6,Finished
2017,1,Australian Grand Prix,26-03-2017,Albert Park Grand Prix Circuit,Lewis Hamilton,British,Mercedes,1,2,18,57,01:27.0,Finished
2017,1,Australian Grand Prix,26-03-2017,Albert Park Grand Prix Circuit,Valtteri Bottas,Finnish,Mercedes,3,3,15,57,01:26.6,Finished
2017,1,Australian Grand Prix,26-03-2017,Albert Park Grand Prix Circuit,Kimi Räikkönen,Finnish,Ferrari,4,4,12,57,01:26.5,Finished
2017,1,Australian Grand Prix,26-03-2017,Albert Park Grand Prix Circuit,Max Verstappen,Dutch,Red Bull,5,5,10,57,01:27.0,Finished
2017,1,Australian Grand Prix,26-03-2017,Albert Park Grand Prix Circuit,Felipe Massa,Brazilian,Williams,7,6,8,57,01:28.0,Finished
2017,1,Australian Grand Prix,26-03-2017,Albert Park Grand Prix Circuit,Sergio Pérez,Mexican,Force India,10,7,6,56,01:28.3,+1 Lap
2017,1,Australian Grand Prix,26-03-2017,Albert Park Grand Prix Circuit,Carlos Sainz,Spanish,Toro Rosso,8,8,4,56,01:27.7,+1 Lap
2017,1,Australian Grand Prix,26-03-2017,Albert Park Grand Prix Circuit,Daniil Kvyat,Russian,Toro Rosso,9,9,2,56,01:26.7,+1 Lap
2017,1,Australian Grand Prix,26-03-2017,Albert Park Grand Prix Circuit,Esteban Ocon,French,Force India,13,10,1,56,01:28.5,+1 Lap
2017,1,Australian Grand Prix,26-03-2017,Albert Park Grand Prix Circuit,Nico Hülkenberg,German,Renault,11,11,0,56,01:28.5,+1 Lap
2017,1,Australian Grand Prix,26-03-2017,Albert Park Grand Prix Circuit,Antonio Giovinazzi,Italian,Sauber,16,12,0,55,01:29.1,+2 Laps
2017,1,Australian Grand Prix,26-03-2017,Albert Park Grand Prix Circuit,Stoffel Vandoorne,Belgian,McLaren,18,13,0,55,01:29.4,+2 Laps
2017,1,Australian Grand Prix,26-03-2017,Albert Park Grand Prix Circuit,Fernando Alonso,Spanish,McLaren,12,14,0,50,01:30.1,Vibrations
2017,1,Australian Grand Prix,26-03-2017,Albert Park Grand Prix Circuit,Kevin Magnussen,Danish,Haas F1 Team,17,15,0,46,01:27.6,Suspension
2017,1,Australian Grand Prix,26-03-2017,Albert Park Grand Prix Circuit,Lance Stroll,Canadian,Williams,20,16,0,40,01:29.4,Brakes
2017,1,Australian Grand Prix,26-03-2017,Albert Park Grand Prix Circuit,Daniel Ricciardo,Australian,Red Bull,20,17,0,25,01:29.4,Power Unit
2017,1,Australian Grand Prix,26-03-2017,Albert Park Grand Prix Circuit,Marcus Ericsson,Swedish,Sauber,14,18,0,21,01:32.1,Hydraulics
2017,1,Australian Grand Prix,26-03-2017,Albert Park Grand Prix Circuit,Jolyon Palmer,British,Renault,19,19,0,15,01:32.2,Brakes
2017,1,Australian Grand Prix,26-03-2017,Albert Park Grand Prix Circuit,Romain Grosjean,French,Haas F1 Team,6,20,0,13,01:30.2,Water leak
2017,2,Chinese Grand Prix,09-04-2017,Shanghai International Circuit,Lewis Hamilton,British,Mercedes,1,1,25,56,01:35.4,Finished
2017,2,Chinese Grand Prix,09-04-2017,Shanghai International Circuit,Sebastian Vettel,German,Ferrari,2,2,18,56,01:35.4,Finished
2017,2,Chinese Grand Prix,09-04-2017,Shanghai International Circuit,Max Verstappen,Dutch,Red Bull,16,3,15,56,01:36.7,Finished
2017,2,Chinese Grand Prix,09-04-2017,Shanghai International Circuit,Daniel Ricciardo,Australian,Red Bull,5,4,12,56,01:36.8,Finished
2017,2,Chinese Grand Prix,09-04-2017,Shanghai International Circuit,Kimi Räikkönen,Finnish,Ferrari,4,5,10,56,01:36.0,Finished
2017,2,Chinese Grand Prix,09-04-2017,Shanghai International Circuit,Valtteri Bottas,Finnish,Mercedes,3,6,8,56,01:35.8,Finished
2017,2,Chinese Grand Prix,09-04-2017,Shanghai International Circuit,Carlos Sainz,Spanish,Toro Rosso,11,7,6,56,01:37.4,Finished
2017,2,Chinese Grand Prix,09-04-2017,Shanghai International Circuit,Kevin Magnussen,Danish,Haas F1 Team,12,8,4,55,01:37.5,+1 Lap
2017,2,Chinese Grand Prix,09-04-2017,Shanghai International Circuit,Sergio Pérez,Mexican,Force India,8,9,2,55,01:36.5,+1 Lap
2017,2,Chinese Grand Prix,09-04-2017,Shanghai International Circuit,Esteban Ocon,French,Force India,17,10,1,55,01:37.0,+1 Lap
2017,2,Chinese Grand Prix,09-04-2017,Shanghai International Circuit,Romain Grosjean,French,Haas F1 Team,19,11,0,55,01:37.6,+1 Lap
2017,2,Chinese Grand Prix,09-04-2017,Shanghai International Circuit,Nico Hülkenberg,German,Renault,7,12,0,55,01:38.0,+1 Lap
2017,2,Chinese Grand Prix,09-04-2017,Shanghai International Circuit,Jolyon Palmer,British,Renault,20,13,0,55,01:38.2,+1 Lap
2017,2,Chinese Grand Prix,09-04-2017,Shanghai International Circuit,Felipe Massa,Brazilian,Williams,6,14,0,55,01:36.5,+1 Lap
2017,2,Chinese Grand Prix,09-04-2017,Shanghai International Circuit,Marcus Ericsson,Swedish,Sauber,14,15,0,55,01:39.7,+1 Lap
2017,2,Chinese Grand Prix,09-04-2017,Shanghai International Circuit,Fernando Alonso,Spanish,McLaren,13,16,0,33,01:39.5,Driveshaft
2017,2,Chinese Grand Prix,09-04-2017,Shanghai International Circuit,Daniil Kvyat,Russian,Toro Rosso,9,17,0,18,01:40.1,Hydraulics
2017,2,Chinese Grand Prix,09-04-2017,Shanghai International Circuit,Stoffel Vandoorne,Belgian,McLaren,15,18,0,17,01:41.5,Fuel pressure
2017,2,Chinese Grand Prix,09-04-2017,Shanghai International Circuit,Antonio Giovinazzi,Italian,Sauber,18,19,0,3,N/A,Accident
2017,2,Chinese Grand Prix,09-04-2017,Shanghai International Circuit,Lance Stroll,Canadian,Williams,10,20,0,0,N/A,Collision
2017,3,Bahrain Grand Prix,16-04-2017,Bahrain International Circuit,Sebastian Vettel,German,Ferrari,3,1,25,57,01:33.8,Finished
2017,3,Bahrain Grand Prix,16-04-2017,Bahrain International Circuit,Lewis Hamilton,British,Mercedes,2,2,18,57,01:32.8,Finished
2017,3,Bahrain Grand Prix,16-04-2017,Bahrain International Circuit,Valtteri Bottas,Finnish,Mercedes,1,3,15,57,01:34.1,Finished
2017,3,Bahrain Grand Prix,16-04-2017,Bahrain International Circuit,Kimi Räikkönen,Finnish,Ferrari,5,4,12,57,01:33.7,Finished
2017,3,Bahrain Grand Prix,16-04-2017,Bahrain International Circuit,Daniel Ricciardo,Australian,Red Bull,4,5,10,57,01:33.5,Finished
2017,3,Bahrain Grand Prix,16-04-2017,Bahrain International Circuit,Felipe Massa,Brazilian,Williams,8,6,8,57,01:34.3,Finished
2017,3,Bahrain Grand Prix,16-04-2017,Bahrain International Circuit,Sergio Pérez,Mexican,Force India,18,7,6,57,01:34.6,Finished
2017,3,Bahrain Grand Prix,16-04-2017,Bahrain International Circuit,Romain Grosjean,French,Haas F1 Team,9,8,4,57,01:34.9,Finished
2017,3,Bahrain Grand Prix,16-04-2017,Bahrain International Circuit,Nico Hülkenberg,German,Renault,7,9,2,57,01:35.4,Finished
2017,3,Bahrain Grand Prix,16-04-2017,Bahrain International Circuit,Esteban Ocon,French,Force India,14,10,1,57,01:35.2,Finished
2017,3,Bahrain Grand Prix,16-04-2017,Bahrain International Circuit,Pascal Wehrlein,German,Sauber,13,11,0,56,01:36.8,+1 Lap
2017,3,Bahrain Grand Prix,16-04-2017,Bahrain International Circuit,Daniil Kvyat,Russian,Toro Rosso,11,12,0,56,01:35.0,+1 Lap
2017,3,Bahrain Grand Prix,16-04-2017,Bahrain International Circuit,Jolyon Palmer,British,Renault,10,13,0,56,01:35.6,+1 Lap
2017,3,Bahrain Grand Prix,16-04-2017,Bahrain International Circuit,Fernando Alonso,Spanish,McLaren,15,14,0,54,01:35.6,Power Unit
2017,3,Bahrain Grand Prix,16-04-2017,Bahrain International Circuit,Marcus Ericsson,Swedish,Sauber,19,15,0,50,01:35.1,Gearbox
2017,3,Bahrain Grand Prix,16-04-2017,Bahrain International Circuit,Carlos Sainz,Spanish,Toro Rosso,16,16,0,12,01:38.0,Collision
2017,3,Bahrain Grand Prix,16-04-2017,Bahrain International Circuit,Lance Stroll,Canadian,Williams,12,17,0,12,01:36.3,Collision
2017,3,Bahrain Grand Prix,16-04-2017,Bahrain International Circuit,Max Verstappen,Dutch,Red Bull,6,18,0,11,01:36.7,Brakes
2017,3,Bahrain Grand Prix,16-04-2017,Bahrain International Circuit,Kevin Magnussen,Danish,Haas F1 Team,20,19,0,8,01:38.7,Electrical
2017,3,Bahrain Grand Prix,16-04-2017,Bahrain International Circuit,Stoffel Vandoorne,Belgian,McLaren,17,20,0,0,N/A,Power Unit
2017,4,Russian Grand Prix,30-04-2017,Sochi Autodrom,Valtteri Bottas,Finnish,Mercedes,3,1,25,52,01:37.4,Finished
2017,4,Russian Grand Prix,30-04-2017,Sochi Autodrom,Sebastian Vettel,German,Ferrari,1,2,18,52,01:37.3,Finished
2017,4,Russian Grand Prix,30-04-2017,Sochi Autodrom,Kimi Räikkönen,Finnish,Ferrari,2,3,15,52,01:36.8,Finished
2017,4,Russian Grand Prix,30-04-2017,Sochi Autodrom,Lewis Hamilton,British,Mercedes,4,4,12,52,01:38.4,Finished
2017,4,Russian Grand Prix,30-04-2017,Sochi Autodrom,Max Verstappen,Dutch,Red Bull,7,5,10,52,01:38.4,Finished
2017,4,Russian Grand Prix,30-04-2017,Sochi Autodrom,Sergio Pérez,Mexican,Force India,9,6,8,52,01:38.7,Finished
2017,4,Russian Grand Prix,30-04-2017,Sochi Autodrom,Esteban Ocon,French,Force India,10,7,6,52,01:38.7,Finished
2017,4,Russian Grand Prix,30-04-2017,Sochi Autodrom,Nico Hülkenberg,German,Renault,8,8,4,52,01:38.4,Finished
2017,4,Russian Grand Prix,30-04-2017,Sochi Autodrom,Felipe Massa,Brazilian,Williams,6,9,2,51,01:38.2,+1 Lap
2017,4,Russian Grand Prix,30-04-2017,Sochi Autodrom,Carlos Sainz,Spanish,Toro Rosso,14,10,1,51,01:38.9,+1 Lap
2017,4,Russian Grand Prix,30-04-2017,Sochi Autodrom,Lance Stroll,Canadian,Williams,11,11,0,51,01:38.9,+1 Lap
2017,4,Russian Grand Prix,30-04-2017,Sochi Autodrom,Daniil Kvyat,Russian,Toro Rosso,12,12,0,51,01:38.3,+1 Lap
2017,4,Russian Grand Prix,30-04-2017,Sochi Autodrom,Kevin Magnussen,Danish,Haas F1 Team,13,13,0,51,01:39.6,+1 Lap
2017,4,Russian Grand Prix,30-04-2017,Sochi Autodrom,Stoffel Vandoorne,Belgian,McLaren,20,14,0,51,01:39.8,+1 Lap
2017,4,Russian Grand Prix,30-04-2017,Sochi Autodrom,Marcus Ericsson,Swedish,Sauber,18,15,0,51,01:39.8,+1 Lap
2017,4,Russian Grand Prix,30-04-2017,Sochi Autodrom,Pascal Wehrlein,German,Sauber,17,16,0,50,01:40.9,+2 Laps
2017,4,Russian Grand Prix,30-04-2017,Sochi Autodrom,Daniel Ricciardo,Australian,Red Bull,5,17,0,5,01:42.3,Brakes
2017,4,Russian Grand Prix,30-04-2017,Sochi Autodrom,Jolyon Palmer,British,Renault,16,18,0,0,N/A,Collision
2017,4,Russian Grand Prix,30-04-2017,Sochi Autodrom,Romain Grosjean,French,Haas F1 Team,19,19,0,0,N/A,Collision
2017,4,Russian Grand Prix,30-04-2017,Sochi Autodrom,Fernando Alonso,Spanish,McLaren,15,20,0,0,N/A,Power Unit
2017,5,Spanish Grand Prix,14-05-2017,Circuit de Barcelona-Catalunya,Lewis Hamilton,British,Mercedes,1,1,25,66,01:23.6,Finished
2017,5,Spanish Grand Prix,14-05-2017,Circuit de Barcelona-Catalunya,Sebastian Vettel,German,Ferrari,2,2,18,66,01:23.7,Finished
2017,5,Spanish Grand Prix,14-05-2017,Circuit de Barcelona-Catalunya,Daniel Ricciardo,Australian,Red Bull,6,3,15,66,01:23.7,Finished
2017,5,Spanish Grand Prix,14-05-2017,Circuit de Barcelona-Catalunya,Sergio Pérez,Mexican,Force India,8,4,12,65,01:25.8,+1 Lap
2017,5,Spanish Grand Prix,14-05-2017,Circuit de Barcelona-Catalunya,Esteban Ocon,French,Force India,10,5,10,65,01:26.3,+1 Lap
2017,5,Spanish Grand Prix,14-05-2017,Circuit de Barcelona-Catalunya,Nico Hülkenberg,German,Renault,13,6,8,65,01:26.7,+1 Lap
2017,5,Spanish Grand Prix,14-05-2017,Circuit de Barcelona-Catalunya,Carlos Sainz,Spanish,Toro Rosso,12,7,6,65,01:26.2,+1 Lap
2017,5,Spanish Grand Prix,14-05-2017,Circuit de Barcelona-Catalunya,Pascal Wehrlein,German,Sauber,15,8,4,65,01:26.5,+1 Lap
2017,5,Spanish Grand Prix,14-05-2017,Circuit de Barcelona-Catalunya,Daniil Kvyat,Russian,Toro Rosso,19,9,2,65,01:26.0,+1 Lap
2017,5,Spanish Grand Prix,14-05-2017,Circuit de Barcelona-Catalunya,Romain Grosjean,French,Haas F1 Team,14,10,1,65,01:26.9,+1 Lap
2017,5,Spanish Grand Prix,14-05-2017,Circuit de Barcelona-Catalunya,Marcus Ericsson,Swedish,Sauber,16,11,0,64,01:26.2,+2 Laps
2017,5,Spanish Grand Prix,14-05-2017,Circuit de Barcelona-Catalunya,Fernando Alonso,Spanish,McLaren,7,12,0,64,01:23.9,+2 Laps
2017,5,Spanish Grand Prix,14-05-2017,Circuit de Barcelona-Catalunya,Felipe Massa,Brazilian,Williams,9,13,0,64,01:26.5,+2 Laps
2017,5,Spanish Grand Prix,14-05-2017,Circuit de Barcelona-Catalunya,Kevin Magnussen,Danish,Haas F1 Team,11,14,0,64,01:26.4,+2 Laps
2017,5,Spanish Grand Prix,14-05-2017,Circuit de Barcelona-Catalunya,Jolyon Palmer,British,Renault,17,15,0,64,01:24.8,+2 Laps
2017,5,Spanish Grand Prix,14-05-2017,Circuit de Barcelona-Catalunya,Lance Stroll,Canadian,Williams,18,16,0,64,01:26.8,+2 Laps
2017,5,Spanish Grand Prix,14-05-2017,Circuit de Barcelona-Catalunya,Valtteri Bottas,Finnish,Mercedes,3,17,0,38,01:24.7,Power Unit
2017,5,Spanish Grand Prix,14-05-2017,Circuit de Barcelona-Catalunya,Stoffel Vandoorne,Belgian,McLaren,20,18,0,32,01:27.6,Collision
2017,5,Spanish Grand Prix,14-05-2017,Circuit de Barcelona-Catalunya,Max Verstappen,Dutch,Red Bull,5,19,0,1,N/A,Collision damage
2017,5,Spanish Grand Prix,14-05-2017,Circuit de Barcelona-Catalunya,Kimi Räikkönen,Finnish,Ferrari,4,20,0,0,N/A,Collision damage
2017,6,Monaco Grand Prix,28-05-2017,Circuit de Monaco,Sebastian Vettel,German,Ferrari,2,1,25,78,01:15.2,Finished
2017,6,Monaco Grand Prix,28-05-2017,Circuit de Monaco,Kimi Räikkönen,Finnish,Ferrari,1,2,18,78,01:15.5,Finished
2017,6,Monaco Grand Prix,28-05-2017,Circuit de Monaco,Daniel Ricciardo,Australian,Red Bull,5,3,15,78,01:15.8,Finished
2017,6,Monaco Grand Prix,28-05-2017,Circuit de Monaco,Valtteri Bottas,Finnish,Mercedes,3,4,12,78,01:16.4,Finished
2017,6,Monaco Grand Prix,28-05-2017,Circuit de Monaco,Max Verstappen,Dutch,Red Bull,4,5,10,78,01:16.3,Finished
2017,6,Monaco Grand Prix,28-05-2017,Circuit de Monaco,Carlos Sainz,Spanish,Toro Rosso,6,6,8,78,01:16.6,Finished
2017,6,Monaco Grand Prix,28-05-2017,Circuit de Monaco,Lewis Hamilton,British,Mercedes,13,7,6,78,01:15.8,Finished
2017,6,Monaco Grand Prix,28-05-2017,Circuit de Monaco,Romain Grosjean,French,Haas F1 Team,8,8,4,78,01:17.1,Finished
2017,6,Monaco Grand Prix,28-05-2017,Circuit de Monaco,Felipe Massa,Brazilian,Williams,14,9,2,78,01:16.5,Finished
2017,6,Monaco Grand Prix,28-05-2017,Circuit de Monaco,Kevin Magnussen,Danish,Haas F1 Team,11,10,1,78,01:16.3,Finished
2017,6,Monaco Grand Prix,28-05-2017,Circuit de Monaco,Jolyon Palmer,British,Renault,16,11,0,78,01:16.6,Finished
2017,6,Monaco Grand Prix,28-05-2017,Circuit de Monaco,Esteban Ocon,French,Force India,15,12,0,78,01:16.5,Finished
2017,6,Monaco Grand Prix,28-05-2017,Circuit de Monaco,Sergio Pérez,Mexican,Force India,7,13,0,78,01:14.8,Finished
2017,6,Monaco Grand Prix,28-05-2017,Circuit de Monaco,Daniil Kvyat,Russian,Toro Rosso,9,14,0,71,01:16.5,Collision damage
2017,6,Monaco Grand Prix,28-05-2017,Circuit de Monaco,Lance Stroll,Canadian,Williams,17,15,0,71,01:16.1,Brakes
2017,6,Monaco Grand Prix,28-05-2017,Circuit de Monaco,Stoffel Vandoorne,Belgian,McLaren,12,16,0,66,01:16.7,Accident
2017,6,Monaco Grand Prix,28-05-2017,Circuit de Monaco,Marcus Ericsson,Swedish,Sauber,19,17,0,63,01:16.8,Accident
2017,6,Monaco Grand Prix,28-05-2017,Circuit de Monaco,Jenson Button,British,McLaren,20,18,0,57,01:16.9,Collision damage
2017,6,Monaco Grand Prix,28-05-2017,Circuit de Monaco,Pascal Wehrlein,German,Sauber,18,19,0,57,01:18.0,Collision
2017,6,Monaco Grand Prix,28-05-2017,Circuit de Monaco,Nico Hülkenberg,German,Renault,10,20,0,15,01:17.9,Gearbox
2017,7,Canadian Grand Prix,11-06-2017,Circuit Gilles Villeneuve,Lewis Hamilton,British,Mercedes,1,1,25,70,01:14.6,Finished
2017,7,Canadian Grand Prix,11-06-2017,Circuit Gilles Villeneuve,Valtteri Bottas,Finnish,Mercedes,3,2,18,70,01:15.9,Finished
2017,7,Canadian Grand Prix,11-06-2017,Circuit Gilles Villeneuve,Daniel Ricciardo,Australian,Red Bull,6,3,15,70,01:16.2,Finished
2017,7,Canadian Grand Prix,11-06-2017,Circuit Gilles Villeneuve,Sebastian Vettel,German,Ferrari,2,4,12,70,01:14.7,Finished
2017,7,Canadian Grand Prix,11-06-2017,Circuit Gilles Villeneuve,Sergio Pérez,Mexican,Force India,8,5,10,70,01:16.4,Finished
2017,7,Canadian Grand Prix,11-06-2017,Circuit Gilles Villeneuve,Esteban Ocon,French,Force India,9,6,8,70,01:16.2,Finished
2017,7,Canadian Grand Prix,11-06-2017,Circuit Gilles Villeneuve,Kimi Räikkönen,Finnish,Ferrari,4,7,6,70,01:15.4,Finished
2017,7,Canadian Grand Prix,11-06-2017,Circuit Gilles Villeneuve,Nico Hülkenberg,German,Renault,10,8,4,70,01:16.1,Finished
2017,7,Canadian Grand Prix,11-06-2017,Circuit Gilles Villeneuve,Lance Stroll,Canadian,Williams,17,9,2,69,01:16.0,+1 Lap
2017,7,Canadian Grand Prix,11-06-2017,Circuit Gilles Villeneuve,Romain Grosjean,French,Haas F1 Team,14,10,1,69,01:16.9,+1 Lap
2017,7,Canadian Grand Prix,11-06-2017,Circuit Gilles Villeneuve,Jolyon Palmer,British,Renault,15,11,0,69,01:16.7,+1 Lap
2017,7,Canadian Grand Prix,11-06-2017,Circuit Gilles Villeneuve,Kevin Magnussen,Danish,Haas F1 Team,18,12,0,69,01:16.3,+1 Lap
2017,7,Canadian Grand Prix,11-06-2017,Circuit Gilles Villeneuve,Marcus Ericsson,Swedish,Sauber,19,13,0,69,01:17.0,+1 Lap
2017,7,Canadian Grand Prix,11-06-2017,Circuit Gilles Villeneuve,Stoffel Vandoorne,Belgian,McLaren,16,14,0,69,01:16.8,+1 Lap
2017,7,Canadian Grand Prix,11-06-2017,Circuit Gilles Villeneuve,Pascal Wehrlein,German,Sauber,20,15,0,68,01:17.1,+2 Laps
2017,7,Canadian Grand Prix,11-06-2017,Circuit Gilles Villeneuve,Fernando Alonso,Spanish,McLaren,12,16,0,66,01:15.9,Power Unit
2017,7,Canadian Grand Prix,11-06-2017,Circuit Gilles Villeneuve,Daniil Kvyat,Russian,Toro Rosso,11,17,0,54,01:16.7,Power Unit
2017,7,Canadian Grand Prix,11-06-2017,Circuit Gilles Villeneuve,Max Verstappen,Dutch,Red Bull,5,18,0,10,01:17.2,Electrical
2017,7,Canadian Grand Prix,11-06-2017,Circuit Gilles Villeneuve,Felipe Massa,Brazilian,Williams,7,19,0,0,N/A,Collision
2017,7,Canadian Grand Prix,11-06-2017,Circuit Gilles Villeneuve,Carlos Sainz,Spanish,Toro Rosso,13,20,0,0,N/A,Collision
2017,8,Azerbaijan Grand Prix,25-06-2017,Baku City Circuit,Daniel Ricciardo,Australian,Red Bull,10,1,25,51,01:44.9,Finished
2017,8,Azerbaijan Grand Prix,25-06-2017,Baku City Circuit,Valtteri Bottas,Finnish,Mercedes,2,2,18,51,01:43.9,Finished
2017,8,Azerbaijan Grand Prix,25-06-2017,Baku City Circuit,Lance Stroll,Canadian,Williams,8,3,15,51,01:45.1,Finished
2017,8,Azerbaijan Grand Prix,25-06-2017,Baku City Circuit,Sebastian Vettel,German,Ferrari,4,4,12,51,01:43.4,Finished
2017,8,Azerbaijan Grand Prix,25-06-2017,Baku City Circuit,Lewis Hamilton,British,Mercedes,1,5,10,51,01:43.5,Finished
2017,8,Azerbaijan Grand Prix,25-06-2017,Baku City Circuit,Esteban Ocon,French,Force India,7,6,8,51,01:45.6,Finished
2017,8,Azerbaijan Grand Prix,25-06-2017,Baku City Circuit,Kevin Magnussen,Danish,Haas F1 Team,12,7,6,51,01:46.3,Finished
2017,8,Azerbaijan Grand Prix,25-06-2017,Baku City Circuit,Carlos Sainz,Spanish,Toro Rosso,15,8,4,51,01:45.9,Finished
2017,8,Azerbaijan Grand Prix,25-06-2017,Baku City Circuit,Fernando Alonso,Spanish,McLaren,19,9,2,51,01:45.2,Finished
2017,8,Azerbaijan Grand Prix,25-06-2017,Baku City Circuit,Pascal Wehrlein,German,Sauber,14,10,1,51,01:47.1,Finished
2017,8,Azerbaijan Grand Prix,25-06-2017,Baku City Circuit,Marcus Ericsson,Swedish,Sauber,17,11,0,51,01:47.2,Finished
2017,8,Azerbaijan Grand Prix,25-06-2017,Baku City Circuit,Stoffel Vandoorne,Belgian,McLaren,18,12,0,51,01:46.6,Finished
2017,8,Azerbaijan Grand Prix,25-06-2017,Baku City Circuit,Romain Grosjean,French,Haas F1 Team,16,13,0,50,01:46.8,+1 Lap
2017,8,Azerbaijan Grand Prix,25-06-2017,Baku City Circuit,Kimi Räikkönen,Finnish,Ferrari,3,14,0,46,01:45.5,Water pressure
2017,8,Azerbaijan Grand Prix,25-06-2017,Baku City Circuit,Sergio Pérez,Mexican,Force India,6,15,0,39,01:45.6,Seat
2017,8,Azerbaijan Grand Prix,25-06-2017,Baku City Circuit,Felipe Massa,Brazilian,Williams,9,16,0,25,01:47.3,Suspension
2017,8,Azerbaijan Grand Prix,25-06-2017,Baku City Circuit,Nico Hülkenberg,German,Renault,13,17,0,24,01:48.5,Accident
2017,8,Azerbaijan Grand Prix,25-06-2017,Baku City Circuit,Max Verstappen,Dutch,Red Bull,5,18,0,12,01:46.4,Oil pressure
2017,8,Azerbaijan Grand Prix,25-06-2017,Baku City Circuit,Daniil Kvyat,Russian,Toro Rosso,11,19,0,9,01:48.4,Battery
2017,8,Azerbaijan Grand Prix,25-06-2017,Baku City Circuit,Jolyon Palmer,British,Renault,20,20,0,7,01:51.7,Power Unit
2017,9,Austrian Grand Prix,09-07-2017,Red Bull Ring,Valtteri Bottas,Finnish,Mercedes,1,1,25,71,01:07.8,Finished
2017,9,Austrian Grand Prix,09-07-2017,Red Bull Ring,Sebastian Vettel,German,Ferrari,2,2,18,71,01:07.5,Finished
2017,9,Austrian Grand Prix,09-07-2017,Red Bull Ring,Daniel Ricciardo,Australian,Red Bull,4,3,15,71,01:07.4,Finished
2017,9,Austrian Grand Prix,09-07-2017,Red Bull Ring,Lewis Hamilton,British,Mercedes,8,4,12,71,01:07.4,Finished
2017,9,Austrian Grand Prix,09-07-2017,Red Bull Ring,Kimi Räikkönen,Finnish,Ferrari,3,5,10,71,01:07.5,Finished
2017,9,Austrian Grand Prix,09-07-2017,Red Bull Ring,Romain Grosjean,French,Haas F1 Team,6,6,8,71,01:08.6,Finished
2017,9,Austrian Grand Prix,09-07-2017,Red Bull Ring,Sergio Pérez,Mexican,Force India,7,7,6,70,01:08.5,+1 Lap
2017,9,Austrian Grand Prix,09-07-2017,Red Bull Ring,Esteban Ocon,French,Force India,9,8,4,70,01:08.7,+1 Lap
2017,9,Austrian Grand Prix,09-07-2017,Red Bull Ring,Felipe Massa,Brazilian,Williams,17,9,2,70,01:08.4,+1 Lap
2017,9,Austrian Grand Prix,09-07-2017,Red Bull Ring,Lance Stroll,Canadian,Williams,18,10,1,70,01:08.8,+1 Lap
2017,9,Austrian Grand Prix,09-07-2017,Red Bull Ring,Jolyon Palmer,British,Renault,16,11,0,70,01:08.7,+1 Lap
2017,9,Austrian Grand Prix,09-07-2017,Red Bull Ring,Stoffel Vandoorne,Belgian,McLaren,13,12,0,70,01:08.4,+1 Lap
2017,9,Austrian Grand Prix,09-07-2017,Red Bull Ring,Nico Hülkenberg,German,Renault,11,13,0,70,01:09.0,+1 Lap
2017,9,Austrian Grand Prix,09-07-2017,Red Bull Ring,Pascal Wehrlein,German,Sauber,20,14,0,70,01:09.2,+1 Lap
2017,9,Austrian Grand Prix,09-07-2017,Red Bull Ring,Marcus Ericsson,Swedish,Sauber,19,15,0,69,01:09.3,+2 Laps
2017,9,Austrian Grand Prix,09-07-2017,Red Bull Ring,Daniil Kvyat,Russian,Toro Rosso,14,16,0,68,01:08.1,+3 Laps
2017,9,Austrian Grand Prix,09-07-2017,Red Bull Ring,Carlos Sainz,Spanish,Toro Rosso,10,17,0,44,01:09.1,Engine
2017,9,Austrian Grand Prix,09-07-2017,Red Bull Ring,Kevin Magnussen,Danish,Haas F1 Team,15,18,0,29,01:10.4,Hydraulics
2017,9,Austrian Grand Prix,09-07-2017,Red Bull Ring,Fernando Alonso,Spanish,McLaren,12,19,0,1,N/A,Collision damage
2017,9,Austrian Grand Prix,09-07-2017,Red Bull Ring,Max Verstappen,Dutch,Red Bull,5,20,0,0,N/A,Collision damage
2017,10,British Grand Prix,16-07-2017,Silverstone Circuit,Lewis Hamilton,British,Mercedes,1,1,25,51,01:30.6,Finished
2017,10,British Grand Prix,16-07-2017,Silverstone Circuit,Valtteri Bottas,Finnish,Mercedes,9,2,18,51,01:30.9,Finished
2017,10,British Grand Prix,16-07-2017,Silverstone Circuit,Kimi Räikkönen,Finnish,Ferrari,2,3,15,51,01:31.5,Finished
2017,10,British Grand Prix,16-07-2017,Silverstone Circuit,Max Verstappen,Dutch,Red Bull,4,4,12,51,01:30.7,Finished
2017,10,British Grand Prix,16-07-2017,Silverstone Circuit,Daniel Ricciardo,Australian,Red Bull,19,5,10,51,01:31.9,Finished
2017,10,British Grand Prix,16-07-2017,Silverstone Circuit,Nico Hülkenberg,German,Renault,5,6,8,51,01:32.6,Finished
2017,10,British Grand Prix,16-07-2017,Silverstone Circuit,Sebastian Vettel,German,Ferrari,3,7,6,51,01:31.9,Finished
2017,10,British Grand Prix,16-07-2017,Silverstone Circuit,Esteban Ocon,French,Force India,7,8,4,50,01:33.5,+1 Lap
2017,10,British Grand Prix,16-07-2017,Silverstone Circuit,Sergio Pérez,Mexican,Force India,6,9,2,50,01:33.5,+1 Lap
2017,10,British Grand Prix,16-07-2017,Silverstone Circuit,Felipe Massa,Brazilian,Williams,14,10,1,50,01:33.6,+1 Lap
2017,10,British Grand Prix,16-07-2017,Silverstone Circuit,Stoffel Vandoorne,Belgian,McLaren,8,11,0,50,01:33.5,+1 Lap
2017,10,British Grand Prix,16-07-2017,Silverstone Circuit,Kevin Magnussen,Danish,Haas F1 Team,16,12,0,50,01:32.7,+1 Lap
2017,10,British Grand Prix,16-07-2017,Silverstone Circuit,Romain Grosjean,French,Haas F1 Team,10,13,0,50,01:32.3,+1 Lap
2017,10,British Grand Prix,16-07-2017,Silverstone Circuit,Marcus Ericsson,Swedish,Sauber,18,14,0,50,01:33.1,+1 Lap
2017,10,British Grand Prix,16-07-2017,Silverstone Circuit,Daniil Kvyat,Russian,Toro Rosso,12,15,0,50,01:33.6,+1 Lap
2017,10,British Grand Prix,16-07-2017,Silverstone Circuit,Lance Stroll,Canadian,Williams,15,16,0,50,01:33.4,+1 Lap
2017,10,British Grand Prix,16-07-2017,Silverstone Circuit,Pascal Wehrlein,German,Sauber,17,17,0,50,01:33.3,+1 Lap
2017,10,British Grand Prix,16-07-2017,Silverstone Circuit,Fernando Alonso,Spanish,McLaren,20,18,0,32,01:34.3,Power Unit
2017,10,British Grand Prix,16-07-2017,Silverstone Circuit,Carlos Sainz,Spanish,Toro Rosso,13,19,0,0,N/A,Collision damage
2017,10,British Grand Prix,16-07-2017,Silverstone Circuit,Jolyon Palmer,British,Renault,11,20,0,0,N/A,Hydraulics
2017,11,Hungarian Grand Prix,30-07-2017,Hungaroring,Sebastian Vettel,German,Ferrari,1,1,25,70,01:20.8,Finished
2017,11,Hungarian Grand Prix,30-07-2017,Hungaroring,Kimi Räikkönen,Finnish,Ferrari,2,2,18,70,01:20.5,Finished
2017,11,Hungarian Grand Prix,30-07-2017,Hungaroring,Valtteri Bottas,Finnish,Mercedes,3,3,15,70,01:21.2,Finished
2017,11,Hungarian Grand Prix,30-07-2017,Hungaroring,Lewis Hamilton,British,Mercedes,4,4,12,70,01:20.8,Finished
2017,11,Hungarian Grand Prix,30-07-2017,Hungaroring,Max Verstappen,Dutch,Red Bull,5,5,10,70,01:20.5,Finished
2017,11,Hungarian Grand Prix,30-07-2017,Hungaroring,Fernando Alonso,Spanish,McLaren,7,6,8,70,01:20.2,Finished
2017,11,Hungarian Grand Prix,30-07-2017,Hungaroring,Carlos Sainz,Spanish,Toro Rosso,9,7,6,69,01:21.9,+1 Lap
2017,11,Hungarian Grand Prix,30-07-2017,Hungaroring,Sergio Pérez,Mexican,Force India,13,8,4,69,01:22.1,+1 Lap
2017,11,Hungarian Grand Prix,30-07-2017,Hungaroring,Esteban Ocon,French,Force India,11,9,2,69,01:22.4,+1 Lap
2017,11,Hungarian Grand Prix,30-07-2017,Hungaroring,Stoffel Vandoorne,Belgian,McLaren,8,10,1,69,01:22.0,+1 Lap
2017,11,Hungarian Grand Prix,30-07-2017,Hungaroring,Daniil Kvyat,Russian,Toro Rosso,16,11,0,69,01:21.6,+1 Lap
2017,11,Hungarian Grand Prix,30-07-2017,Hungaroring,Jolyon Palmer,British,Renault,10,12,0,69,01:21.6,+1 Lap
2017,11,Hungarian Grand Prix,30-07-2017,Hungaroring,Kevin Magnussen,Danish,Haas F1 Team,15,13,0,69,01:22.1,+1 Lap
2017,11,Hungarian Grand Prix,30-07-2017,Hungaroring,Lance Stroll,Canadian,Williams,17,14,0,69,01:22.8,+1 Lap
2017,11,Hungarian Grand Prix,30-07-2017,Hungaroring,Pascal Wehrlein,German,Sauber,18,15,0,68,01:23.6,+2 Laps
2017,11,Hungarian Grand Prix,30-07-2017,Hungaroring,Marcus Ericsson,Swedish,Sauber,20,16,0,68,01:21.8,+2 Laps
2017,11,Hungarian Grand Prix,30-07-2017,Hungaroring,Nico Hülkenberg,German,Renault,12,17,0,67,01:21.6,Brakes
2017,11,Hungarian Grand Prix,30-07-2017,Hungaroring,Paul di Resta,British,Williams,19,18,0,60,01:23.2,Oil leak
2017,11,Hungarian Grand Prix,30-07-2017,Hungaroring,Romain Grosjean,French,Haas F1 Team,14,19,0,20,01:24.7,Wheel nut
2017,11,Hungarian Grand Prix,30-07-2017,Hungaroring,Daniel Ricciardo,Australian,Red Bull,6,20,0,0,N/A,Collision
2017,12,Belgian Grand Prix,27-08-2017,Circuit de Spa-Francorchamps,Lewis Hamilton,British,Mercedes,1,1,25,44,01:46.6,Finished
2017,12,Belgian Grand Prix,27-08-2017,Circuit de Spa-Francorchamps,Sebastian Vettel,German,Ferrari,2,2,18,44,01:46.6,Finished
2017,12,Belgian Grand Prix,27-08-2017,Circuit de Spa-Francorchamps,Daniel Ricciardo,Australian,Red Bull,6,3,15,44,01:47.5,Finished
2017,12,Belgian Grand Prix,27-08-2017,Circuit de Spa-Francorchamps,Kimi Räikkönen,Finnish,Ferrari,4,4,12,44,01:47.7,Finished
2017,12,Belgian Grand Prix,27-08-2017,Circuit de Spa-Francorchamps,Valtteri Bottas,Finnish,Mercedes,3,5,10,44,01:47.7,Finished
2017,12,Belgian Grand Prix,27-08-2017,Circuit de Spa-Francorchamps,Nico Hülkenberg,German,Renault,7,6,8,44,01:48.9,Finished
2017,12,Belgian Grand Prix,27-08-2017,Circuit de Spa-Francorchamps,Romain Grosjean,French,Haas F1 Team,11,7,6,44,01:49.1,Finished
2017,12,Belgian Grand Prix,27-08-2017,Circuit de Spa-Francorchamps,Felipe Massa,Brazilian,Williams,16,8,4,44,01:49.6,Finished
2017,12,Belgian Grand Prix,27-08-2017,Circuit de Spa-Francorchamps,Esteban Ocon,French,Force India,9,9,2,44,01:49.7,Finished
2017,12,Belgian Grand Prix,27-08-2017,Circuit de Spa-Francorchamps,Carlos Sainz,Spanish,Toro Rosso,13,10,1,44,01:49.7,Finished
2017,12,Belgian Grand Prix,27-08-2017,Circuit de Spa-Francorchamps,Lance Stroll,Canadian,Williams,15,11,0,44,01:50.5,Finished
2017,12,Belgian Grand Prix,27-08-2017,Circuit de Spa-Francorchamps,Daniil Kvyat,Russian,Toro Rosso,19,12,0,44,01:49.7,Finished
2017,12,Belgian Grand Prix,27-08-2017,Circuit de Spa-Francorchamps,Jolyon Palmer,British,Renault,14,13,0,44,01:49.3,Finished
2017,12,Belgian Grand Prix,27-08-2017,Circuit de Spa-Francorchamps,Stoffel Vandoorne,Belgian,McLaren,20,14,0,44,01:49.9,Finished
2017,12,Belgian Grand Prix,27-08-2017,Circuit de Spa-Francorchamps,Kevin Magnussen,Danish,Haas F1 Team,12,15,0,44,01:49.1,Finished
2017,12,Belgian Grand Prix,27-08-2017,Circuit de Spa-Francorchamps,Marcus Ericsson,Swedish,Sauber,17,16,0,44,01:50.8,Finished
2017,12,Belgian Grand Prix,27-08-2017,Circuit de Spa-Francorchamps,Sergio Pérez,Mexican,Force India,8,17,0,42,01:48.3,Gearbox
2017,12,Belgian Grand Prix,27-08-2017,Circuit de Spa-Francorchamps,Fernando Alonso,Spanish,McLaren,10,18,0,25,01:51.7,Engine
2017,12,Belgian Grand Prix,27-08-2017,Circuit de Spa-Francorchamps,Max Verstappen,Dutch,Red Bull,5,19,0,7,01:51.0,Engine
2017,12,Belgian Grand Prix,27-08-2017,Circuit de Spa-Francorchamps,Pascal Wehrlein,German,Sauber,18,20,0,2,N/A,Collision
2017,13,Italian Grand Prix,03-09-2017,Autodromo Nazionale di Monza,Lewis Hamilton,British,Mercedes,1,1,25,53,01:23.5,Finished
2017,13,Italian Grand Prix,03-09-2017,Autodromo Nazionale di Monza,Valtteri Bottas,Finnish,Mercedes,4,2,18,53,01:23.5,Finished
2017,13,Italian Grand Prix,03-09-2017,Autodromo Nazionale di Monza,Sebastian Vettel,German,Ferrari,6,3,15,53,01:23.9,Finished
2017,13,Italian Grand Prix,03-09-2017,Autodromo Nazionale di Monza,Daniel Ricciardo,Australian,Red Bull,16,4,12,53,01:23.4,Finished
2017,13,Italian Grand Prix,03-09-2017,Autodromo Nazionale di Monza,Kimi Räikkönen,Finnish,Ferrari,5,5,10,53,01:25.1,Finished
2017,13,Italian Grand Prix,03-09-2017,Autodromo Nazionale di Monza,Esteban Ocon,French,Force India,3,6,8,53,01:25.1,Finished
2017,13,Italian Grand Prix,03-09-2017,Autodromo Nazionale di Monza,Lance Stroll,Canadian,Williams,2,7,6,53,01:25.6,Finished
2017,13,Italian Grand Prix,03-09-2017,Autodromo Nazionale di Monza,Felipe Massa,Brazilian,Williams,7,8,4,53,01:25.5,Finished
2017,13,Italian Grand Prix,03-09-2017,Autodromo Nazionale di Monza,Sergio Pérez,Mexican,Force India,10,9,2,53,01:25.0,Finished
2017,13,Italian Grand Prix,03-09-2017,Autodromo Nazionale di Monza,Max Verstappen,Dutch,Red Bull,13,10,1,52,01:24.4,+1 Lap
2017,13,Italian Grand Prix,03-09-2017,Autodromo Nazionale di Monza,Kevin Magnussen,Danish,Haas F1 Team,9,11,0,52,01:26.0,+1 Lap
2017,13,Italian Grand Prix,03-09-2017,Autodromo Nazionale di Monza,Daniil Kvyat,Russian,Toro Rosso,8,12,0,52,01:25.9,+1 Lap
2017,13,Italian Grand Prix,03-09-2017,Autodromo Nazionale di Monza,Nico Hülkenberg,German,Renault,14,13,0,52,01:26.1,+1 Lap
2017,13,Italian Grand Prix,03-09-2017,Autodromo Nazionale di Monza,Carlos Sainz,Spanish,Toro Rosso,15,14,0,52,01:26.2,+1 Lap
2017,13,Italian Grand Prix,03-09-2017,Autodromo Nazionale di Monza,Romain Grosjean,French,Haas F1 Team,20,15,0,52,01:25.0,+1 Lap
2017,13,Italian Grand Prix,03-09-2017,Autodromo Nazionale di Monza,Pascal Wehrlein,German,Sauber,12,16,0,51,01:26.5,+2 Laps
2017,13,Italian Grand Prix,03-09-2017,Autodromo Nazionale di Monza,Fernando Alonso,Spanish,McLaren,19,17,0,50,01:25.9,Gearbox
2017,13,Italian Grand Prix,03-09-2017,Autodromo Nazionale di Monza,Marcus Ericsson,Swedish,Sauber,11,18,0,49,01:27.7,Gearbox
2017,13,Italian Grand Prix,03-09-2017,Autodromo Nazionale di Monza,Stoffel Vandoorne,Belgian,McLaren,18,19,0,33,01:26.9,Engine
2017,13,Italian Grand Prix,03-09-2017,Autodromo Nazionale di Monza,Jolyon Palmer,British,Renault,17,20,0,29,01:25.8,Engine
2017,14,Singapore Grand Prix,17-09-2017,Marina Bay Street Circuit,Lewis Hamilton,British,Mercedes,5,1,25,58,01:45.0,Finished
2017,14,Singapore Grand Prix,17-09-2017,Marina Bay Street Circuit,Daniel Ricciardo,Australian,Red Bull,3,2,18,58,01:45.3,Finished
2017,14,Singapore Grand Prix,17-09-2017,Marina Bay Street Circuit,Valtteri Bottas,Finnish,Mercedes,6,3,15,58,01:45.4,Finished
2017,14,Singapore Grand Prix,17-09-2017,Marina Bay Street Circuit,Carlos Sainz,Spanish,Toro Rosso,10,4,12,58,01:46.5,Finished
2017,14,Singapore Grand Prix,17-09-2017,Marina Bay Street Circuit,Sergio Pérez,Mexican,Force India,12,5,10,58,01:46.7,Finished
2017,14,Singapore Grand Prix,17-09-2017,Marina Bay Street Circuit,Jolyon Palmer,British,Renault,11,6,8,58,01:46.7,Finished
2017,14,Singapore Grand Prix,17-09-2017,Marina Bay Street Circuit,Stoffel Vandoorne,Belgian,McLaren,9,7,6,58,01:46.7,Finished
2017,14,Singapore Grand Prix,17-09-2017,Marina Bay Street Circuit,Lance Stroll,Canadian,Williams,18,8,4,58,01:47.5,Finished
2017,14,Singapore Grand Prix,17-09-2017,Marina Bay Street Circuit,Romain Grosjean,French,Haas F1 Team,15,9,2,58,01:47.6,Finished
2017,14,Singapore Grand Prix,17-09-2017,Marina Bay Street Circuit,Esteban Ocon,French,Force India,14,10,1,58,01:47.7,Finished
2017,14,Singapore Grand Prix,17-09-2017,Marina Bay Street Circuit,Felipe Massa,Brazilian,Williams,17,11,0,58,01:47.1,Finished
2017,14,Singapore Grand Prix,17-09-2017,Marina Bay Street Circuit,Pascal Wehrlein,German,Sauber,19,12,0,56,01:49.1,+2 Laps
2017,14,Singapore Grand Prix,17-09-2017,Marina Bay Street Circuit,Kevin Magnussen,Danish,Haas F1 Team,16,13,0,50,01:47.6,Engine
2017,14,Singapore Grand Prix,17-09-2017,Marina Bay Street Circuit,Nico Hülkenberg,German,Renault,7,14,0,48,01:48.0,Engine
2017,14,Singapore Grand Prix,17-09-2017,Marina Bay Street Circuit,Marcus Ericsson,Swedish,Sauber,20,15,0,35,01:52.5,Accident
2017,14,Singapore Grand Prix,17-09-2017,Marina Bay Street Circuit,Daniil Kvyat,Russian,Toro Rosso,13,16,0,10,02:10.5,Accident
2017,14,Singapore Grand Prix,17-09-2017,Marina Bay Street Circuit,Fernando Alonso,Spanish,McLaren,8,17,0,8,02:13.6,Collision damage
2017,14,Singapore Grand Prix,17-09-2017,Marina Bay Street Circuit,Sebastian Vettel,German,Ferrari,1,18,0,0,N/A,Accident
2017,14,Singapore Grand Prix,17-09-2017,Marina Bay Street Circuit,Max Verstappen,Dutch,Red Bull,2,19,0,0,N/A,Accident
2017,14,Singapore Grand Prix,17-09-2017,Marina Bay Street Circuit,Kimi Räikkönen,Finnish,Ferrari,4,20,0,0,N/A,Accident
2017,15,Malaysian Grand Prix,01-10-2017,Sepang International Circuit,Max Verstappen,Dutch,Red Bull,3,1,25,56,01:34.5,Finished
2017,15,Malaysian Grand Prix,01-10-2017,Sepang International Circuit,Lewis Hamilton,British,Mercedes,1,2,18,56,01:34.5,Finished
2017,15,Malaysian Grand Prix,01-10-2017,Sepang International Circuit,Daniel Ricciardo,Australian,Red Bull,4,3,15,56,01:34.8,Finished
2017,15,Malaysian Grand Prix,01-10-2017,Sepang International Circuit,Sebastian Vettel,German,Ferrari,20,4,12,56,01:34.1,Finished
2017,15,Malaysian Grand Prix,01-10-2017,Sepang International Circuit,Valtteri Bottas,Finnish,Mercedes,5,5,10,56,01:35.3,Finished
2017,15,Malaysian Grand Prix,01-10-2017,Sepang International Circuit,Sergio Pérez,Mexican,Force India,9,6,8,56,01:35.6,Finished
2017,15,Malaysian Grand Prix,01-10-2017,Sepang International Circuit,Stoffel Vandoorne,Belgian,McLaren,7,7,6,55,01:35.9,+1 Lap
2017,15,Malaysian Grand Prix,01-10-2017,Sepang International Circuit,Lance Stroll,Canadian,Williams,13,8,4,55,01:36.6,+1 Lap
2017,15,Malaysian Grand Prix,01-10-2017,Sepang International Circuit,Felipe Massa,Brazilian,Williams,11,9,2,55,01:36.9,+1 Lap
2017,15,Malaysian Grand Prix,01-10-2017,Sepang International Circuit,Esteban Ocon,French,Force India,6,10,1,55,01:37.1,+1 Lap
2017,15,Malaysian Grand Prix,01-10-2017,Sepang International Circuit,Fernando Alonso,Spanish,McLaren,10,11,0,55,01:36.5,+1 Lap
2017,15,Malaysian Grand Prix,01-10-2017,Sepang International Circuit,Kevin Magnussen,Danish,Haas F1 Team,17,12,0,55,01:37.2,+1 Lap
2017,15,Malaysian Grand Prix,01-10-2017,Sepang International Circuit,Romain Grosjean,French,Haas F1 Team,16,13,0,55,01:35.8,+1 Lap
2017,15,Malaysian Grand Prix,01-10-2017,Sepang International Circuit,Pierre Gasly,French,Toro Rosso,15,14,0,55,01:37.2,+1 Lap
2017,15,Malaysian Grand Prix,01-10-2017,Sepang International Circuit,Jolyon Palmer,British,Renault,12,15,0,55,01:37.2,+1 Lap
2017,15,Malaysian Grand Prix,01-10-2017,Sepang International Circuit,Nico Hülkenberg,German,Renault,8,16,0,55,01:34.3,+1 Lap
2017,15,Malaysian Grand Prix,01-10-2017,Sepang International Circuit,Pascal Wehrlein,German,Sauber,18,17,0,55,01:36.4,+1 Lap
2017,15,Malaysian Grand Prix,01-10-2017,Sepang International Circuit,Marcus Ericsson,Swedish,Sauber,19,18,0,54,01:36.6,+2 Laps
2017,15,Malaysian Grand Prix,01-10-2017,Sepang International Circuit,Carlos Sainz,Spanish,Toro Rosso,14,19,0,29,01:38.1,Engine
2017,15,Malaysian Grand Prix,01-10-2017,Sepang International Circuit,Kimi Räikkönen,Finnish,Ferrari,20,20,0,0,N/A,Battery
2017,16,Japanese Grand Prix,08-10-2017,Suzuka Circuit,Lewis Hamilton,British,Mercedes,1,1,25,53,01:33.8,Finished
2017,16,Japanese Grand Prix,08-10-2017,Suzuka Circuit,Max Verstappen,Dutch,Red Bull,4,2,18,53,01:33.7,Finished
2017,16,Japanese Grand Prix,08-10-2017,Suzuka Circuit,Daniel Ricciardo,Australian,Red Bull,3,3,15,53,01:33.7,Finished
2017,16,Japanese Grand Prix,08-10-2017,Suzuka Circuit,Valtteri Bottas,Finnish,Mercedes,6,4,12,53,01:33.1,Finished
2017,16,Japanese Grand Prix,08-10-2017,Suzuka Circuit,Kimi Räikkönen,Finnish,Ferrari,10,5,10,53,01:33.2,Finished
2017,16,Japanese Grand Prix,08-10-2017,Suzuka Circuit,Esteban Ocon,French,Force India,5,6,8,53,01:34.8,Finished
2017,16,Japanese Grand Prix,08-10-2017,Suzuka Circuit,Sergio Pérez,Mexican,Force India,7,7,6,53,01:34.7,Finished
2017,16,Japanese Grand Prix,08-10-2017,Suzuka Circuit,Kevin Magnussen,Danish,Haas F1 Team,12,8,4,53,01:35.3,Finished
2017,16,Japanese Grand Prix,08-10-2017,Suzuka Circuit,Romain Grosjean,French,Haas F1 Team,13,9,2,53,01:35.3,Finished
2017,16,Japanese Grand Prix,08-10-2017,Suzuka Circuit,Felipe Massa,Brazilian,Williams,8,10,1,52,01:35.9,+1 Lap
2017,16,Japanese Grand Prix,08-10-2017,Suzuka Circuit,Fernando Alonso,Spanish,McLaren,20,11,0,52,01:35.1,+1 Lap
2017,16,Japanese Grand Prix,08-10-2017,Suzuka Circuit,Jolyon Palmer,British,Renault,18,12,0,52,01:34.1,+1 Lap
2017,16,Japanese Grand Prix,08-10-2017,Suzuka Circuit,Pierre Gasly,French,Toro Rosso,14,13,0,52,01:34.5,+1 Lap
2017,16,Japanese Grand Prix,08-10-2017,Suzuka Circuit,Stoffel Vandoorne,Belgian,McLaren,9,14,0,52,01:33.7,+1 Lap
2017,16,Japanese Grand Prix,08-10-2017,Suzuka Circuit,Pascal Wehrlein,German,Sauber,17,15,0,51,01:36.4,+2 Laps
2017,16,Japanese Grand Prix,08-10-2017,Suzuka Circuit,Lance Stroll,Canadian,Williams,15,16,0,45,01:34.5,Wheel
2017,16,Japanese Grand Prix,08-10-2017,Suzuka Circuit,Nico Hülkenberg,German,Renault,11,17,0,40,01:35.9,Front wing
2017,16,Japanese Grand Prix,08-10-2017,Suzuka Circuit,Marcus Ericsson,Swedish,Sauber,16,18,0,7,01:38.6,Accident
2017,16,Japanese Grand Prix,08-10-2017,Suzuka Circuit,Sebastian Vettel,German,Ferrari,2,19,0,4,02:06.5,Spark plugs
2017,16,Japanese Grand Prix,08-10-2017,Suzuka Circuit,Carlos Sainz,Spanish,Toro Rosso,19,20,0,0,N/A,Accident
2017,17,United States Grand Prix,22-10-2017,Circuit of the Americas,Lewis Hamilton,British,Mercedes,1,1,25,56,01:38.8,Finished
2017,17,United States Grand Prix,22-10-2017,Circuit of the Americas,Sebastian Vettel,German,Ferrari,2,2,18,56,01:37.8,Finished
2017,17,United States Grand Prix,22-10-2017,Circuit of the Americas,Kimi Räikkönen,Finnish,Ferrari,5,3,15,56,01:38.8,Finished
2017,17,United States Grand Prix,22-10-2017,Circuit of the Americas,Max Verstappen,Dutch,Red Bull,16,4,12,56,01:38.1,Finished
2017,17,United States Grand Prix,22-10-2017,Circuit of the Americas,Valtteri Bottas,Finnish,Mercedes,3,5,10,56,01:37.8,Finished
2017,17,United States Grand Prix,22-10-2017,Circuit of the Americas,Esteban Ocon,French,Force India,6,6,8,56,01:40.5,Finished
2017,17,United States Grand Prix,22-10-2017,Circuit of the Americas,Carlos Sainz,Spanish,Renault,7,7,6,56,01:40.5,Finished
2017,17,United States Grand Prix,22-10-2017,Circuit of the Americas,Sergio Pérez,Mexican,Force India,9,8,4,55,01:40.9,+1 Lap
2017,17,United States Grand Prix,22-10-2017,Circuit of the Americas,Felipe Massa,Brazilian,Williams,10,9,2,55,01:40.1,+1 Lap
2017,17,United States Grand Prix,22-10-2017,Circuit of the Americas,Daniil Kvyat,Russian,Toro Rosso,11,10,1,55,01:41.0,+1 Lap
2017,17,United States Grand Prix,22-10-2017,Circuit of the Americas,Lance Stroll,Canadian,Williams,15,11,0,55,01:39.7,+1 Lap
2017,17,United States Grand Prix,22-10-2017,Circuit of the Americas,Stoffel Vandoorne,Belgian,McLaren,20,12,0,55,01:40.3,+1 Lap
2017,17,United States Grand Prix,22-10-2017,Circuit of the Americas,Brendon Hartley,New Zealander,Toro Rosso,19,13,0,55,01:40.0,+1 Lap
2017,17,United States Grand Prix,22-10-2017,Circuit of the Americas,Romain Grosjean,French,Haas F1 Team,12,14,0,55,01:41.3,+1 Lap
2017,17,United States Grand Prix,22-10-2017,Circuit of the Americas,Marcus Ericsson,Swedish,Sauber,13,15,0,55,01:41.0,+1 Lap
2017,17,United States Grand Prix,22-10-2017,Circuit of the Americas,Kevin Magnussen,Danish,Haas F1 Team,17,16,0,55,01:37.9,+1 Lap
2017,17,United States Grand Prix,22-10-2017,Circuit of the Americas,Fernando Alonso,Spanish,McLaren,8,17,0,24,01:41.5,Engine
2017,17,United States Grand Prix,22-10-2017,Circuit of the Americas,Daniel Ricciardo,Australian,Red Bull,4,18,0,14,01:40.1,Engine
2017,17,United States Grand Prix,22-10-2017,Circuit of the Americas,Pascal Wehrlein,German,Sauber,14,19,0,5,01:47.1,Collision
2017,17,United States Grand Prix,22-10-2017,Circuit of the Americas,Nico Hülkenberg,German,Renault,18,20,0,3,01:44.3,Engine
2017,18,Mexican Grand Prix,29-10-2017,Autódromo Hermanos Rodríguez,Max Verstappen,Dutch,Red Bull,2,1,25,71,01:18.9,Finished
2017,18,Mexican Grand Prix,29-10-2017,Autódromo Hermanos Rodríguez,Valtteri Bottas,Finnish,Mercedes,4,2,18,71,01:19.4,Finished
2017,18,Mexican Grand Prix,29-10-2017,Autódromo Hermanos Rodríguez,Kimi Räikkönen,Finnish,Ferrari,5,3,15,71,01:20.1,Finished
2017,18,Mexican Grand Prix,29-10-2017,Autódromo Hermanos Rodríguez,Sebastian Vettel,German,Ferrari,1,4,12,71,01:18.8,Finished
2017,18,Mexican Grand Prix,29-10-2017,Autódromo Hermanos Rodríguez,Esteban Ocon,French,Force India,6,5,10,70,01:20.9,+1 Lap
2017,18,Mexican Grand Prix,29-10-2017,Autódromo Hermanos Rodríguez,Lance Stroll,Canadian,Williams,11,6,8,70,01:21.1,+1 Lap
2017,18,Mexican Grand Prix,29-10-2017,Autódromo Hermanos Rodríguez,Sergio Pérez,Mexican,Force India,9,7,6,70,01:19.9,+1 Lap
2017,18,Mexican Grand Prix,29-10-2017,Autódromo Hermanos Rodríguez,Kevin Magnussen,Danish,Haas F1 Team,14,8,4,70,01:21.2,+1 Lap
2017,18,Mexican Grand Prix,29-10-2017,Autódromo Hermanos Rodríguez,Lewis Hamilton,British,Mercedes,3,9,2,70,01:19.9,+1 Lap
2017,18,Mexican Grand Prix,29-10-2017,Autódromo Hermanos Rodríguez,Fernando Alonso,Spanish,McLaren,18,10,1,70,01:21.0,+1 Lap
2017,18,Mexican Grand Prix,29-10-2017,Autódromo Hermanos Rodríguez,Felipe Massa,Brazilian,Williams,10,11,0,70,01:21.1,+1 Lap
2017,18,Mexican Grand Prix,29-10-2017,Autódromo Hermanos Rodríguez,Stoffel Vandoorne,Belgian,McLaren,19,12,0,70,01:21.0,+1 Lap
2017,18,Mexican Grand Prix,29-10-2017,Autódromo Hermanos Rodríguez,Pierre Gasly,French,Toro Rosso,20,13,0,70,01:20.9,+1 Lap
2017,18,Mexican Grand Prix,29-10-2017,Autódromo Hermanos Rodríguez,Pascal Wehrlein,German,Sauber,13,14,0,69,01:21.6,+2 Laps
2017,18,Mexican Grand Prix,29-10-2017,Autódromo Hermanos Rodríguez,Romain Grosjean,French,Haas F1 Team,15,15,0,69,01:20.3,+2 Laps
2017,18,Mexican Grand Prix,29-10-2017,Autódromo Hermanos Rodríguez,Carlos Sainz,Spanish,Renault,8,16,0,59,01:21.4,Engine
2017,18,Mexican Grand Prix,29-10-2017,Autódromo Hermanos Rodríguez,Marcus Ericsson,Swedish,Sauber,12,17,0,55,01:21.7,Engine
2017,18,Mexican Grand Prix,29-10-2017,Autódromo Hermanos Rodríguez,Brendon Hartley,New Zealander,Toro Rosso,17,18,0,30,01:22.6,Engine
2017,18,Mexican Grand Prix,29-10-2017,Autódromo Hermanos Rodríguez,Nico Hülkenberg,German,Renault,7,19,0,24,01:21.7,Electrical
2017,18,Mexican Grand Prix,29-10-2017,Autódromo Hermanos Rodríguez,Daniel Ricciardo,Australian,Red Bull,16,20,0,5,01:22.8,Engine
2017,19,Brazilian Grand Prix,12-11-2017,Autódromo José Carlos Pace,Sebastian Vettel,German,Ferrari,2,1,25,71,01:12.5,Finished
2017,19,Brazilian Grand Prix,12-11-2017,Autódromo José Carlos Pace,Valtteri Bottas,Finnish,Mercedes,1,2,18,71,01:12.5,Finished
2017,19,Brazilian Grand Prix,12-11-2017,Autódromo José Carlos Pace,Kimi Räikkönen,Finnish,Ferrari,3,3,15,71,01:12.5,Finished
2017,19,Brazilian Grand Prix,12-11-2017,Autódromo José Carlos Pace,Lewis Hamilton,British,Mercedes,20,4,12,71,01:11.8,Finished
2017,19,Brazilian Grand Prix,12-11-2017,Autódromo José Carlos Pace,Max Verstappen,Dutch,Red Bull,4,5,10,71,01:11.0,Finished
2017,19,Brazilian Grand Prix,12-11-2017,Autódromo José Carlos Pace,Daniel Ricciardo,Australian,Red Bull,14,6,8,71,01:12.0,Finished
2017,19,Brazilian Grand Prix,12-11-2017,Autódromo José Carlos Pace,Felipe Massa,Brazilian,Williams,9,7,6,71,01:13.5,Finished
2017,19,Brazilian Grand Prix,12-11-2017,Autódromo José Carlos Pace,Fernando Alonso,Spanish,McLaren,6,8,4,71,01:13.5,Finished
2017,19,Brazilian Grand Prix,12-11-2017,Autódromo José Carlos Pace,Sergio Pérez,Mexican,Force India,5,9,2,71,01:13.1,Finished
2017,19,Brazilian Grand Prix,12-11-2017,Autódromo José Carlos Pace,Nico Hülkenberg,German,Renault,7,10,1,70,01:13.8,+1 Lap
2017,19,Brazilian Grand Prix,12-11-2017,Autódromo José Carlos Pace,Carlos Sainz,Spanish,Renault,8,11,0,70,01:13.6,+1 Lap
2017,19,Brazilian Grand Prix,12-11-2017,Autódromo José Carlos Pace,Pierre Gasly,French,Toro Rosso,19,12,0,70,01:13.3,+1 Lap
2017,19,Brazilian Grand Prix,12-11-2017,Autódromo José Carlos Pace,Marcus Ericsson,Swedish,Sauber,17,13,0,70,01:13.7,+1 Lap
2017,19,Brazilian Grand Prix,12-11-2017,Autódromo José Carlos Pace,Pascal Wehrlein,German,Sauber,15,14,0,70,01:14.8,+1 Lap
2017,19,Brazilian Grand Prix,12-11-2017,Autódromo José Carlos Pace,Romain Grosjean,French,Haas F1 Team,11,15,0,69,01:13.5,+2 Laps
2017,19,Brazilian Grand Prix,12-11-2017,Autódromo José Carlos Pace,Lance Stroll,Canadian,Williams,16,16,0,69,01:11.9,+2 Laps
2017,19,Brazilian Grand Prix,12-11-2017,Autódromo José Carlos Pace,Brendon Hartley,New Zealander,Toro Rosso,18,17,0,40,01:14.7,Engine
2017,19,Brazilian Grand Prix,12-11-2017,Autódromo José Carlos Pace,Esteban Ocon,French,Force India,10,18,0,0,N/A,Accident
2017,19,Brazilian Grand Prix,12-11-2017,Autódromo José Carlos Pace,Stoffel Vandoorne,Belgian,McLaren,12,19,0,0,N/A,Accident
2017,19,Brazilian Grand Prix,12-11-2017,Autódromo José Carlos Pace,Kevin Magnussen,Danish,Haas F1 Team,13,20,0,0,N/A,Accident
2017,20,Abu Dhabi Grand Prix,26-11-2017,Yas Marina Circuit,Valtteri Bottas,Finnish,Mercedes,1,1,25,55,01:40.7,Finished
2017,20,Abu Dhabi Grand Prix,26-11-2017,Yas Marina Circuit,Lewis Hamilton,British,Mercedes,2,2,18,55,01:41.5,Finished
2017,20,Abu Dhabi Grand Prix,26-11-2017,Yas Marina Circuit,Sebastian Vettel,German,Ferrari,3,3,15,55,01:40.8,Finished
2017,20,Abu Dhabi Grand Prix,26-11-2017,Yas Marina Circuit,Kimi Räikkönen,Finnish,Ferrari,5,4,12,55,01:42.3,Finished
2017,20,Abu Dhabi Grand Prix,26-11-2017,Yas Marina Circuit,Max Verstappen,Dutch,Red Bull,6,5,10,55,01:42.0,Finished
2017,20,Abu Dhabi Grand Prix,26-11-2017,Yas Marina Circuit,Nico Hülkenberg,German,Renault,7,6,8,55,01:42.4,Finished
2017,20,Abu Dhabi Grand Prix,26-11-2017,Yas Marina Circuit,Sergio Pérez,Mexican,Force India,8,7,6,55,01:42.7,Finished
2017,20,Abu Dhabi Grand Prix,26-11-2017,Yas Marina Circuit,Esteban Ocon,French,Force India,9,8,4,55,01:42.6,Finished
2017,20,Abu Dhabi Grand Prix,26-11-2017,Yas Marina Circuit,Fernando Alonso,Spanish,McLaren,11,9,2,54,01:43.4,+1 Lap
2017,20,Abu Dhabi Grand Prix,26-11-2017,Yas Marina Circuit,Felipe Massa,Brazilian,Williams,10,10,1,54,01:43.0,+1 Lap
2017,20,Abu Dhabi Grand Prix,26-11-2017,Yas Marina Circuit,Romain Grosjean,French,Haas F1 Team,16,11,0,54,01:42.4,+1 Lap
2017,20,Abu Dhabi Grand Prix,26-11-2017,Yas Marina Circuit,Stoffel Vandoorne,Belgian,McLaren,13,12,0,54,01:44.0,+1 Lap
2017,20,Abu Dhabi Grand Prix,26-11-2017,Yas Marina Circuit,Kevin Magnussen,Danish,Haas F1 Team,14,13,0,54,01:43.9,+1 Lap
2017,20,Abu Dhabi Grand Prix,26-11-2017,Yas Marina Circuit,Pascal Wehrlein,German,Sauber,18,14,0,54,01:43.9,+1 Lap
2017,20,Abu Dhabi Grand Prix,26-11-2017,Yas Marina Circuit,Brendon Hartley,New Zealander,Toro Rosso,20,15,0,54,01:43.9,+1 Lap
2017,20,Abu Dhabi Grand Prix,26-11-2017,Yas Marina Circuit,Pierre Gasly,French,Toro Rosso,17,16,0,54,01:43.8,+1 Lap
2017,20,Abu Dhabi Grand Prix,26-11-2017,Yas Marina Circuit,Marcus Ericsson,Swedish,Sauber,19,17,0,54,01:43.6,+1 Lap
2017,20,Abu Dhabi Grand Prix,26-11-2017,Yas Marina Circuit,Lance Stroll,Canadian,Williams,15,18,0,54,01:42.3,+1 Lap
2017,20,Abu Dhabi Grand Prix,26-11-2017,Yas Marina Circuit,Carlos Sainz,Spanish,Renault,12,19,0,31,01:43.4,Wheel
2017,20,Abu Dhabi Grand Prix,26-11-2017,Yas Marina Circuit,Daniel Ricciardo,Australian,Red Bull,4,20,0,20,01:42.8,Hydraulics
2018,1,Australian Grand Prix,25-03-2018,Albert Park Grand Prix Circuit,Sebastian Vettel,German,Ferrari,3,1,25,58,01:26.5,Finished
2018,1,Australian Grand Prix,25-03-2018,Albert Park Grand Prix Circuit,Lewis Hamilton,British,Mercedes,1,2,18,58,01:26.4,Finished
2018,1,Australian Grand Prix,25-03-2018,Albert Park Grand Prix Circuit,Kimi Räikkönen,Finnish,Ferrari,2,3,15,58,01:26.4,Finished
2018,1,Australian Grand Prix,25-03-2018,Albert Park Grand Prix Circuit,Daniel Ricciardo,Australian,Red Bull,8,4,12,58,01:25.9,Finished
2018,1,Australian Grand Prix,25-03-2018,Albert Park Grand Prix Circuit,Fernando Alonso,Spanish,McLaren,10,5,10,58,01:27.0,Finished
2018,1,Australian Grand Prix,25-03-2018,Albert Park Grand Prix Circuit,Max Verstappen,Dutch,Red Bull,4,6,8,58,01:26.9,Finished
2018,1,Australian Grand Prix,25-03-2018,Albert Park Grand Prix Circuit,Nico Hülkenberg,German,Renault,7,7,6,58,01:27.1,Finished
2018,1,Australian Grand Prix,25-03-2018,Albert Park Grand Prix Circuit,Valtteri Bottas,Finnish,Mercedes,15,8,4,58,01:27.0,Finished
2018,1,Australian Grand Prix,25-03-2018,Albert Park Grand Prix Circuit,Stoffel Vandoorne,Belgian,McLaren,11,9,2,58,01:27.0,Finished
2018,1,Australian Grand Prix,25-03-2018,Albert Park Grand Prix Circuit,Carlos Sainz,Spanish,Renault,9,10,1,58,01:27.9,Finished
2018,1,Australian Grand Prix,25-03-2018,Albert Park Grand Prix Circuit,Sergio Pérez,Mexican,Force India,12,11,0,58,01:27.6,Finished
2018,1,Australian Grand Prix,25-03-2018,Albert Park Grand Prix Circuit,Esteban Ocon,French,Force India,14,12,0,58,01:27.6,Finished
2018,1,Australian Grand Prix,25-03-2018,Albert Park Grand Prix Circuit,Charles Leclerc,Monegasque,Sauber,18,13,0,58,01:28.8,Finished
2018,1,Australian Grand Prix,25-03-2018,Albert Park Grand Prix Circuit,Lance Stroll,Canadian,Williams,13,14,0,58,01:28.5,Finished
2018,1,Australian Grand Prix,25-03-2018,Albert Park Grand Prix Circuit,Brendon Hartley,New Zealander,Toro Rosso,16,15,0,57,01:28.2,+1 Lap
2018,1,Australian Grand Prix,25-03-2018,Albert Park Grand Prix Circuit,Romain Grosjean,French,Haas F1 Team,6,16,0,24,01:28.8,Wheel
2018,1,Australian Grand Prix,25-03-2018,Albert Park Grand Prix Circuit,Kevin Magnussen,Danish,Haas F1 Team,5,17,0,22,01:29.5,Wheel
2018,1,Australian Grand Prix,25-03-2018,Albert Park Grand Prix Circuit,Pierre Gasly,French,Toro Rosso,20,18,0,13,01:30.6,Engine
2018,1,Australian Grand Prix,25-03-2018,Albert Park Grand Prix Circuit,Marcus Ericsson,Swedish,Sauber,17,19,0,5,01:32.2,Steering
2018,1,Australian Grand Prix,25-03-2018,Albert Park Grand Prix Circuit,Sergey Sirotkin,Russian,Williams,19,20,0,4,01:32.6,Brakes
2018,2,Bahrain Grand Prix,08-04-2018,Bahrain International Circuit,Sebastian Vettel,German,Ferrari,1,1,25,57,01:34.5,Finished
2018,2,Bahrain Grand Prix,08-04-2018,Bahrain International Circuit,Valtteri Bottas,Finnish,Mercedes,3,2,18,57,01:33.7,Finished
2018,2,Bahrain Grand Prix,08-04-2018,Bahrain International Circuit,Lewis Hamilton,British,Mercedes,9,3,15,57,01:34.0,Finished
2018,2,Bahrain Grand Prix,08-04-2018,Bahrain International Circuit,Pierre Gasly,French,Toro Rosso,5,4,12,57,01:34.9,Finished
2018,2,Bahrain Grand Prix,08-04-2018,Bahrain International Circuit,Kevin Magnussen,Danish,Haas F1 Team,6,5,10,57,01:34.3,Finished
2018,2,Bahrain Grand Prix,08-04-2018,Bahrain International Circuit,Nico Hülkenberg,German,Renault,7,6,8,57,01:34.7,Finished
2018,2,Bahrain Grand Prix,08-04-2018,Bahrain International Circuit,Fernando Alonso,Spanish,McLaren,13,7,6,56,01:34.2,+1 Lap
2018,2,Bahrain Grand Prix,08-04-2018,Bahrain International Circuit,Stoffel Vandoorne,Belgian,McLaren,14,8,4,56,01:35.1,+1 Lap
2018,2,Bahrain Grand Prix,08-04-2018,Bahrain International Circuit,Marcus Ericsson,Swedish,Sauber,17,9,2,56,01:35.1,+1 Lap
2018,2,Bahrain Grand Prix,08-04-2018,Bahrain International Circuit,Esteban Ocon,French,Force India,8,10,1,56,01:35.0,+1 Lap
2018,2,Bahrain Grand Prix,08-04-2018,Bahrain International Circuit,Carlos Sainz,Spanish,Renault,10,11,0,56,01:35.5,+1 Lap
2018,2,Bahrain Grand Prix,08-04-2018,Bahrain International Circuit,Charles Leclerc,Monegasque,Sauber,19,12,0,56,01:35.1,+1 Lap
2018,2,Bahrain Grand Prix,08-04-2018,Bahrain International Circuit,Romain Grosjean,French,Haas F1 Team,16,13,0,56,01:34.7,+1 Lap
2018,2,Bahrain Grand Prix,08-04-2018,Bahrain International Circuit,Lance Stroll,Canadian,Williams,20,14,0,56,01:35.1,+1 Lap
2018,2,Bahrain Grand Prix,08-04-2018,Bahrain International Circuit,Sergey Sirotkin,Russian,Williams,18,15,0,56,01:34.1,+1 Lap
2018,2,Bahrain Grand Prix,08-04-2018,Bahrain International Circuit,Sergio Pérez,Mexican,Force India,12,16,0,56,01:35.3,+1 Lap
2018,2,Bahrain Grand Prix,08-04-2018,Bahrain International Circuit,Brendon Hartley,New Zealander,Toro Rosso,11,17,0,56,01:34.6,+1 Lap
2018,2,Bahrain Grand Prix,08-04-2018,Bahrain International Circuit,Kimi Räikkönen,Finnish,Ferrari,2,18,0,35,01:34.3,Wheel
2018,2,Bahrain Grand Prix,08-04-2018,Bahrain International Circuit,Max Verstappen,Dutch,Red Bull,15,19,0,3,N/A,Puncture
2018,2,Bahrain Grand Prix,08-04-2018,Bahrain International Circuit,Daniel Ricciardo,Australian,Red Bull,4,20,0,1,N/A,Electrical
2018,3,Chinese Grand Prix,15-04-2018,Shanghai International Circuit,Daniel Ricciardo,Australian,Red Bull,6,1,25,56,01:35.8,Finished
2018,3,Chinese Grand Prix,15-04-2018,Shanghai International Circuit,Valtteri Bottas,Finnish,Mercedes,3,2,18,56,01:37.0,Finished
2018,3,Chinese Grand Prix,15-04-2018,Shanghai International Circuit,Kimi Räikkönen,Finnish,Ferrari,2,3,15,56,01:36.5,Finished
2018,3,Chinese Grand Prix,15-04-2018,Shanghai International Circuit,Lewis Hamilton,British,Mercedes,4,4,12,56,01:36.9,Finished
2018,3,Chinese Grand Prix,15-04-2018,Shanghai International Circuit,Max Verstappen,Dutch,Red Bull,5,5,10,56,01:36.2,Finished
2018,3,Chinese Grand Prix,15-04-2018,Shanghai International Circuit,Nico Hülkenberg,German,Renault,7,6,8,56,01:36.9,Finished
2018,3,Chinese Grand Prix,15-04-2018,Shanghai International Circuit,Fernando Alonso,Spanish,McLaren,13,7,6,56,01:37.2,Finished
2018,3,Chinese Grand Prix,15-04-2018,Shanghai International Circuit,Sebastian Vettel,German,Ferrari,1,8,4,56,01:37.5,Finished
2018,3,Chinese Grand Prix,15-04-2018,Shanghai International Circuit,Carlos Sainz,Spanish,Renault,9,9,2,56,01:37.8,Finished
2018,3,Chinese Grand Prix,15-04-2018,Shanghai International Circuit,Kevin Magnussen,Danish,Haas F1 Team,11,10,1,56,01:38.2,Finished
2018,3,Chinese Grand Prix,15-04-2018,Shanghai International Circuit,Esteban Ocon,French,Force India,12,11,0,56,01:38.0,Finished
2018,3,Chinese Grand Prix,15-04-2018,Shanghai International Circuit,Sergio Pérez,Mexican,Force India,8,12,0,56,01:37.7,Finished
2018,3,Chinese Grand Prix,15-04-2018,Shanghai International Circuit,Stoffel Vandoorne,Belgian,McLaren,14,13,0,56,01:38.1,Finished
2018,3,Chinese Grand Prix,15-04-2018,Shanghai International Circuit,Lance Stroll,Canadian,Williams,18,14,0,56,01:38.5,Finished
2018,3,Chinese Grand Prix,15-04-2018,Shanghai International Circuit,Sergey Sirotkin,Russian,Williams,16,15,0,56,01:38.6,Finished
2018,3,Chinese Grand Prix,15-04-2018,Shanghai International Circuit,Marcus Ericsson,Swedish,Sauber,20,16,0,56,01:38.4,Finished
2018,3,Chinese Grand Prix,15-04-2018,Shanghai International Circuit,Romain Grosjean,French,Haas F1 Team,10,17,0,56,01:37.4,Finished
2018,3,Chinese Grand Prix,15-04-2018,Shanghai International Circuit,Pierre Gasly,French,Toro Rosso,17,18,0,56,01:38.4,Finished
2018,3,Chinese Grand Prix,15-04-2018,Shanghai International Circuit,Charles Leclerc,Monegasque,Sauber,19,19,0,56,01:38.8,Finished
2018,3,Chinese Grand Prix,15-04-2018,Shanghai International Circuit,Brendon Hartley,New Zealander,Toro Rosso,15,20,0,51,01:39.4,Collision damage
2018,4,Azerbaijan Grand Prix,29-04-2018,Baku City Circuit,Lewis Hamilton,British,Mercedes,2,1,25,51,01:45.4,Finished
2018,4,Azerbaijan Grand Prix,29-04-2018,Baku City Circuit,Kimi Räikkönen,Finnish,Ferrari,6,2,18,51,01:46.5,Finished
2018,4,Azerbaijan Grand Prix,29-04-2018,Baku City Circuit,Sergio Pérez,Mexican,Force India,8,3,15,51,01:46.2,Finished
2018,4,Azerbaijan Grand Prix,29-04-2018,Baku City Circuit,Sebastian Vettel,German,Ferrari,1,4,12,51,01:45.5,Finished
2018,4,Azerbaijan Grand Prix,29-04-2018,Baku City Circuit,Carlos Sainz,Spanish,Renault,9,5,10,51,01:46.9,Finished
2018,4,Azerbaijan Grand Prix,29-04-2018,Baku City Circuit,Charles Leclerc,Monegasque,Sauber,13,6,8,51,01:47.4,Finished
2018,4,Azerbaijan Grand Prix,29-04-2018,Baku City Circuit,Fernando Alonso,Spanish,McLaren,12,7,6,51,01:47.4,Finished
2018,4,Azerbaijan Grand Prix,29-04-2018,Baku City Circuit,Lance Stroll,Canadian,Williams,10,8,4,51,01:46.8,Finished
2018,4,Azerbaijan Grand Prix,29-04-2018,Baku City Circuit,Stoffel Vandoorne,Belgian,McLaren,16,9,2,51,01:47.7,Finished
2018,4,Azerbaijan Grand Prix,29-04-2018,Baku City Circuit,Brendon Hartley,New Zealander,Toro Rosso,19,10,1,51,01:48.3,Finished
2018,4,Azerbaijan Grand Prix,29-04-2018,Baku City Circuit,Marcus Ericsson,Swedish,Sauber,18,11,0,51,01:47.9,Finished
2018,4,Azerbaijan Grand Prix,29-04-2018,Baku City Circuit,Pierre Gasly,French,Toro Rosso,17,12,0,51,01:48.0,Finished
2018,4,Azerbaijan Grand Prix,29-04-2018,Baku City Circuit,Kevin Magnussen,Danish,Haas F1 Team,15,13,0,51,01:48.2,Finished
2018,4,Azerbaijan Grand Prix,29-04-2018,Baku City Circuit,Valtteri Bottas,Finnish,Mercedes,3,14,0,48,01:45.1,Puncture
2018,4,Azerbaijan Grand Prix,29-04-2018,Baku City Circuit,Romain Grosjean,French,Haas F1 Team,20,15,0,42,01:46.9,Accident
2018,4,Azerbaijan Grand Prix,29-04-2018,Baku City Circuit,Max Verstappen,Dutch,Red Bull,5,16,0,39,01:45.8,Collision
2018,4,Azerbaijan Grand Prix,29-04-2018,Baku City Circuit,Daniel Ricciardo,Australian,Red Bull,4,17,0,39,01:45.4,Collision
2018,4,Azerbaijan Grand Prix,29-04-2018,Baku City Circuit,Nico Hülkenberg,German,Renault,14,18,0,10,01:48.9,Accident
2018,4,Azerbaijan Grand Prix,29-04-2018,Baku City Circuit,Esteban Ocon,French,Force India,7,19,0,0,N/A,Collision
2018,4,Azerbaijan Grand Prix,29-04-2018,Baku City Circuit,Sergey Sirotkin,Russian,Williams,11,20,0,0,N/A,Collision
2018,5,Spanish Grand Prix,13-05-2018,Circuit de Barcelona-Catalunya,Lewis Hamilton,British,Mercedes,1,1,25,66,01:19.1,Finished
2018,5,Spanish Grand Prix,13-05-2018,Circuit de Barcelona-Catalunya,Valtteri Bottas,Finnish,Mercedes,2,2,18,66,01:19.5,Finished
2018,5,Spanish Grand Prix,13-05-2018,Circuit de Barcelona-Catalunya,Max Verstappen,Dutch,Red Bull,5,3,15,66,01:19.4,Finished
2018,5,Spanish Grand Prix,13-05-2018,Circuit de Barcelona-Catalunya,Sebastian Vettel,German,Ferrari,3,4,12,66,01:19.1,Finished
2018,5,Spanish Grand Prix,13-05-2018,Circuit de Barcelona-Catalunya,Daniel Ricciardo,Australian,Red Bull,6,5,10,66,01:18.4,Finished
2018,5,Spanish Grand Prix,13-05-2018,Circuit de Barcelona-Catalunya,Kevin Magnussen,Danish,Haas F1 Team,7,6,8,65,01:20.2,+1 Lap
2018,5,Spanish Grand Prix,13-05-2018,Circuit de Barcelona-Catalunya,Carlos Sainz,Spanish,Renault,9,7,6,65,01:21.3,+1 Lap
2018,5,Spanish Grand Prix,13-05-2018,Circuit de Barcelona-Catalunya,Fernando Alonso,Spanish,McLaren,8,8,4,65,01:20.7,+1 Lap
2018,5,Spanish Grand Prix,13-05-2018,Circuit de Barcelona-Catalunya,Sergio Pérez,Mexican,Force India,15,9,2,64,01:21.1,+2 Laps
2018,5,Spanish Grand Prix,13-05-2018,Circuit de Barcelona-Catalunya,Charles Leclerc,Monegasque,Sauber,14,10,1,64,01:22.1,+2 Laps
2018,5,Spanish Grand Prix,13-05-2018,Circuit de Barcelona-Catalunya,Lance Stroll,Canadian,Williams,18,11,0,64,01:22.1,+2 Laps
2018,5,Spanish Grand Prix,13-05-2018,Circuit de Barcelona-Catalunya,Brendon Hartley,New Zealander,Toro Rosso,20,12,0,64,01:21.4,+2 Laps
2018,5,Spanish Grand Prix,13-05-2018,Circuit de Barcelona-Catalunya,Marcus Ericsson,Swedish,Sauber,17,13,0,64,01:22.5,+2 Laps
2018,5,Spanish Grand Prix,13-05-2018,Circuit de Barcelona-Catalunya,Sergey Sirotkin,Russian,Williams,19,14,0,63,01:22.7,+3 Laps
2018,5,Spanish Grand Prix,13-05-2018,Circuit de Barcelona-Catalunya,Stoffel Vandoorne,Belgian,McLaren,11,15,0,45,01:22.6,Gearbox
2018,5,Spanish Grand Prix,13-05-2018,Circuit de Barcelona-Catalunya,Esteban Ocon,French,Force India,13,16,0,38,01:22.1,Oil leak
2018,5,Spanish Grand Prix,13-05-2018,Circuit de Barcelona-Catalunya,Kimi Räikkönen,Finnish,Ferrari,4,17,0,25,01:21.5,Turbo
2018,5,Spanish Grand Prix,13-05-2018,Circuit de Barcelona-Catalunya,Romain Grosjean,French,Haas F1 Team,10,18,0,0,N/A,Collision
2018,5,Spanish Grand Prix,13-05-2018,Circuit de Barcelona-Catalunya,Pierre Gasly,French,Toro Rosso,12,19,0,0,N/A,Collision
2018,5,Spanish Grand Prix,13-05-2018,Circuit de Barcelona-Catalunya,Nico Hülkenberg,German,Renault,16,20,0,0,N/A,Collision
2018,6,Monaco Grand Prix,27-05-2018,Circuit de Monaco,Daniel Ricciardo,Australian,Red Bull,1,1,25,78,01:15.6,Finished
2018,6,Monaco Grand Prix,27-05-2018,Circuit de Monaco,Sebastian Vettel,German,Ferrari,2,2,18,78,01:16.1,Finished
2018,6,Monaco Grand Prix,27-05-2018,Circuit de Monaco,Lewis Hamilton,British,Mercedes,3,3,15,78,01:16.3,Finished
2018,6,Monaco Grand Prix,27-05-2018,Circuit de Monaco,Kimi Räikkönen,Finnish,Ferrari,4,4,12,78,01:16.4,Finished
2018,6,Monaco Grand Prix,27-05-2018,Circuit de Monaco,Valtteri Bottas,Finnish,Mercedes,5,5,10,78,01:16.3,Finished
2018,6,Monaco Grand Prix,27-05-2018,Circuit de Monaco,Esteban Ocon,French,Force India,6,6,8,78,01:17.0,Finished
2018,6,Monaco Grand Prix,27-05-2018,Circuit de Monaco,Pierre Gasly,French,Toro Rosso,10,7,6,78,01:17.1,Finished
2018,6,Monaco Grand Prix,27-05-2018,Circuit de Monaco,Nico Hülkenberg,German,Renault,11,8,4,78,01:16.1,Finished
2018,6,Monaco Grand Prix,27-05-2018,Circuit de Monaco,Max Verstappen,Dutch,Red Bull,20,9,2,78,01:14.3,Finished
2018,6,Monaco Grand Prix,27-05-2018,Circuit de Monaco,Carlos Sainz,Spanish,Renault,8,10,1,78,01:17.5,Finished
2018,6,Monaco Grand Prix,27-05-2018,Circuit de Monaco,Marcus Ericsson,Swedish,Sauber,16,11,0,78,01:16.9,Finished
2018,6,Monaco Grand Prix,27-05-2018,Circuit de Monaco,Sergio Pérez,Mexican,Force India,9,12,0,78,01:17.5,Finished
2018,6,Monaco Grand Prix,27-05-2018,Circuit de Monaco,Kevin Magnussen,Danish,Haas F1 Team,19,13,0,78,01:17.5,Finished
2018,6,Monaco Grand Prix,27-05-2018,Circuit de Monaco,Stoffel Vandoorne,Belgian,McLaren,12,14,0,77,01:16.9,+1 Lap
2018,6,Monaco Grand Prix,27-05-2018,Circuit de Monaco,Romain Grosjean,French,Haas F1 Team,18,15,0,77,01:14.8,+1 Lap
2018,6,Monaco Grand Prix,27-05-2018,Circuit de Monaco,Sergey Sirotkin,Russian,Williams,13,16,0,77,01:15.3,+1 Lap
2018,6,Monaco Grand Prix,27-05-2018,Circuit de Monaco,Lance Stroll,Canadian,Williams,17,17,0,76,01:14.9,+2 Laps
2018,6,Monaco Grand Prix,27-05-2018,Circuit de Monaco,Charles Leclerc,Monegasque,Sauber,14,18,0,70,01:17.7,Collision
2018,6,Monaco Grand Prix,27-05-2018,Circuit de Monaco,Brendon Hartley,New Zealander,Toro Rosso,15,19,0,70,01:17.2,Collision
2018,6,Monaco Grand Prix,27-05-2018,Circuit de Monaco,Fernando Alonso,Spanish,McLaren,7,20,0,52,01:17.0,Gearbox
2018,7,Canadian Grand Prix,10-06-2018,Circuit Gilles Villeneuve,Sebastian Vettel,German,Ferrari,1,1,25,68,01:14.0,Finished
2018,7,Canadian Grand Prix,10-06-2018,Circuit Gilles Villeneuve,Valtteri Bottas,Finnish,Mercedes,2,2,18,68,01:14.0,Finished
2018,7,Canadian Grand Prix,10-06-2018,Circuit Gilles Villeneuve,Max Verstappen,Dutch,Red Bull,3,3,15,68,01:13.9,Finished
2018,7,Canadian Grand Prix,10-06-2018,Circuit Gilles Villeneuve,Daniel Ricciardo,Australian,Red Bull,6,4,12,68,01:14.2,Finished
2018,7,Canadian Grand Prix,10-06-2018,Circuit Gilles Villeneuve,Lewis Hamilton,British,Mercedes,4,5,10,68,01:14.2,Finished
2018,7,Canadian Grand Prix,10-06-2018,Circuit Gilles Villeneuve,Kimi Räikkönen,Finnish,Ferrari,5,6,8,68,01:14.1,Finished
2018,7,Canadian Grand Prix,10-06-2018,Circuit Gilles Villeneuve,Nico Hülkenberg,German,Renault,7,7,6,67,01:15.6,+1 Lap
2018,7,Canadian Grand Prix,10-06-2018,Circuit Gilles Villeneuve,Carlos Sainz,Spanish,Renault,9,8,4,67,01:15.7,+1 Lap
2018,7,Canadian Grand Prix,10-06-2018,Circuit Gilles Villeneuve,Esteban Ocon,French,Force India,8,9,2,67,01:15.6,+1 Lap
2018,7,Canadian Grand Prix,10-06-2018,Circuit Gilles Villeneuve,Charles Leclerc,Monegasque,Sauber,13,10,1,67,01:15.5,+1 Lap
2018,7,Canadian Grand Prix,10-06-2018,Circuit Gilles Villeneuve,Pierre Gasly,French,Toro Rosso,16,11,0,67,01:15.7,+1 Lap
2018,7,Canadian Grand Prix,10-06-2018,Circuit Gilles Villeneuve,Romain Grosjean,French,Haas F1 Team,20,12,0,67,01:15.5,+1 Lap
2018,7,Canadian Grand Prix,10-06-2018,Circuit Gilles Villeneuve,Kevin Magnussen,Danish,Haas F1 Team,11,13,0,67,01:15.4,+1 Lap
2018,7,Canadian Grand Prix,10-06-2018,Circuit Gilles Villeneuve,Sergio Pérez,Mexican,Force India,10,14,0,67,01:15.1,+1 Lap
2018,7,Canadian Grand Prix,10-06-2018,Circuit Gilles Villeneuve,Marcus Ericsson,Swedish,Sauber,19,15,0,66,01:16.4,+2 Laps
2018,7,Canadian Grand Prix,10-06-2018,Circuit Gilles Villeneuve,Stoffel Vandoorne,Belgian,McLaren,15,16,0,66,01:15.8,+2 Laps
2018,7,Canadian Grand Prix,10-06-2018,Circuit Gilles Villeneuve,Sergey Sirotkin,Russian,Williams,18,17,0,66,01:15.9,+2 Laps
2018,7,Canadian Grand Prix,10-06-2018,Circuit Gilles Villeneuve,Fernando Alonso,Spanish,McLaren,14,18,0,40,01:16.2,Exhaust
2018,7,Canadian Grand Prix,10-06-2018,Circuit Gilles Villeneuve,Brendon Hartley,New Zealander,Toro Rosso,12,19,0,0,N/A,Collision
2018,7,Canadian Grand Prix,10-06-2018,Circuit Gilles Villeneuve,Lance Stroll,Canadian,Williams,17,20,0,0,N/A,Collision
2018,8,French Grand Prix,24-06-2018,Circuit Paul Ricard,Lewis Hamilton,British,Mercedes,1,1,25,53,01:34.5,Finished
2018,8,French Grand Prix,24-06-2018,Circuit Paul Ricard,Max Verstappen,Dutch,Red Bull,4,2,18,53,01:34.3,Finished
2018,8,French Grand Prix,24-06-2018,Circuit Paul Ricard,Kimi Räikkönen,Finnish,Ferrari,6,3,15,53,01:34.4,Finished
2018,8,French Grand Prix,24-06-2018,Circuit Paul Ricard,Daniel Ricciardo,Australian,Red Bull,5,4,12,53,01:35.4,Finished
2018,8,French Grand Prix,24-06-2018,Circuit Paul Ricard,Sebastian Vettel,German,Ferrari,3,5,10,53,01:34.5,Finished
2018,8,French Grand Prix,24-06-2018,Circuit Paul Ricard,Kevin Magnussen,Danish,Haas F1 Team,9,6,8,53,01:35.4,Finished
2018,8,French Grand Prix,24-06-2018,Circuit Paul Ricard,Valtteri Bottas,Finnish,Mercedes,2,7,6,53,01:34.2,Finished
2018,8,French Grand Prix,24-06-2018,Circuit Paul Ricard,Carlos Sainz,Spanish,Renault,7,8,4,53,01:35.6,Finished
2018,8,French Grand Prix,24-06-2018,Circuit Paul Ricard,Nico Hülkenberg,German,Renault,12,9,2,53,01:35.9,Finished
2018,8,French Grand Prix,24-06-2018,Circuit Paul Ricard,Charles Leclerc,Monegasque,Sauber,8,10,1,53,01:36.0,Finished
2018,8,French Grand Prix,24-06-2018,Circuit Paul Ricard,Romain Grosjean,French,Haas F1 Team,10,11,0,52,01:35.7,+1 Lap
2018,8,French Grand Prix,24-06-2018,Circuit Paul Ricard,Stoffel Vandoorne,Belgian,McLaren,17,12,0,52,01:36.7,+1 Lap
2018,8,French Grand Prix,24-06-2018,Circuit Paul Ricard,Marcus Ericsson,Swedish,Sauber,15,13,0,52,01:36.5,+1 Lap
2018,8,French Grand Prix,24-06-2018,Circuit Paul Ricard,Brendon Hartley,New Zealander,Toro Rosso,20,14,0,52,01:36.8,+1 Lap
2018,8,French Grand Prix,24-06-2018,Circuit Paul Ricard,Sergey Sirotkin,Russian,Williams,18,15,0,52,01:38.3,+1 Lap
2018,8,French Grand Prix,24-06-2018,Circuit Paul Ricard,Fernando Alonso,Spanish,McLaren,16,16,0,50,01:35.1,Wheel
2018,8,French Grand Prix,24-06-2018,Circuit Paul Ricard,Lance Stroll,Canadian,Williams,19,17,0,48,01:38.3,Puncture
2018,8,French Grand Prix,24-06-2018,Circuit Paul Ricard,Sergio Pérez,Mexican,Force India,13,18,0,27,01:38.3,Engine
2018,8,French Grand Prix,24-06-2018,Circuit Paul Ricard,Esteban Ocon,French,Force India,11,19,0,0,N/A,Collision
2018,8,French Grand Prix,24-06-2018,Circuit Paul Ricard,Pierre Gasly,French,Toro Rosso,14,20,0,0,N/A,Collision
2018,9,Austrian Grand Prix,01-07-2018,Red Bull Ring,Max Verstappen,Dutch,Red Bull,4,1,25,71,01:07.4,Finished
2018,9,Austrian Grand Prix,01-07-2018,Red Bull Ring,Kimi Räikkönen,Finnish,Ferrari,3,2,18,71,01:07.0,Finished
2018,9,Austrian Grand Prix,01-07-2018,Red Bull Ring,Sebastian Vettel,German,Ferrari,6,3,15,71,01:07.1,Finished
2018,9,Austrian Grand Prix,01-07-2018,Red Bull Ring,Romain Grosjean,French,Haas F1 Team,5,4,12,70,01:09.1,+1 Lap
2018,9,Austrian Grand Prix,01-07-2018,Red Bull Ring,Kevin Magnussen,Danish,Haas F1 Team,8,5,10,70,01:08.5,+1 Lap
2018,9,Austrian Grand Prix,01-07-2018,Red Bull Ring,Esteban Ocon,French,Force India,11,6,8,70,01:08.8,+1 Lap
2018,9,Austrian Grand Prix,01-07-2018,Red Bull Ring,Sergio Pérez,Mexican,Force India,16,7,6,70,01:08.5,+1 Lap
2018,9,Austrian Grand Prix,01-07-2018,Red Bull Ring,Fernando Alonso,Spanish,McLaren,13,8,4,70,01:08.7,+1 Lap
2018,9,Austrian Grand Prix,01-07-2018,Red Bull Ring,Charles Leclerc,Monegasque,Sauber,18,9,2,70,01:09.0,+1 Lap
2018,9,Austrian Grand Prix,01-07-2018,Red Bull Ring,Marcus Ericsson,Swedish,Sauber,20,10,1,70,01:08.2,+1 Lap
2018,9,Austrian Grand Prix,01-07-2018,Red Bull Ring,Pierre Gasly,French,Toro Rosso,12,11,0,70,01:09.3,+1 Lap
2018,9,Austrian Grand Prix,01-07-2018,Red Bull Ring,Carlos Sainz,Spanish,Renault,9,12,0,70,01:08.8,+1 Lap
2018,9,Austrian Grand Prix,01-07-2018,Red Bull Ring,Sergey Sirotkin,Russian,Williams,17,13,0,69,01:09.0,+2 Laps
2018,9,Austrian Grand Prix,01-07-2018,Red Bull Ring,Lance Stroll,Canadian,Williams,14,14,0,69,01:09.2,+2 Laps
2018,9,Austrian Grand Prix,01-07-2018,Red Bull Ring,Stoffel Vandoorne,Belgian,McLaren,15,15,0,65,01:08.9,Collision damage
2018,9,Austrian Grand Prix,01-07-2018,Red Bull Ring,Lewis Hamilton,British,Mercedes,2,16,0,62,01:07.2,Fuel pressure
2018,9,Austrian Grand Prix,01-07-2018,Red Bull Ring,Brendon Hartley,New Zealander,Toro Rosso,19,17,0,54,01:09.2,Hydraulics
2018,9,Austrian Grand Prix,01-07-2018,Red Bull Ring,Daniel Ricciardo,Australian,Red Bull,7,18,0,53,01:07.6,Exhaust
2018,9,Austrian Grand Prix,01-07-2018,Red Bull Ring,Valtteri Bottas,Finnish,Mercedes,1,19,0,13,01:09.0,Hydraulics
2018,9,Austrian Grand Prix,01-07-2018,Red Bull Ring,Nico Hülkenberg,German,Renault,10,20,0,11,01:10.4,Engine
2018,10,British Grand Prix,08-07-2018,Silverstone Circuit,Sebastian Vettel,German,Ferrari,2,1,25,52,01:30.7,Finished
2018,10,British Grand Prix,08-07-2018,Silverstone Circuit,Lewis Hamilton,British,Mercedes,1,2,18,52,01:31.2,Finished
2018,10,British Grand Prix,08-07-2018,Silverstone Circuit,Kimi Räikkönen,Finnish,Ferrari,3,3,15,52,01:30.8,Finished
2018,10,British Grand Prix,08-07-2018,Silverstone Circuit,Valtteri Bottas,Finnish,Mercedes,4,4,12,52,01:31.4,Finished
2018,10,British Grand Prix,08-07-2018,Silverstone Circuit,Daniel Ricciardo,Australian,Red Bull,6,5,10,52,01:31.6,Finished
2018,10,British Grand Prix,08-07-2018,Silverstone Circuit,Nico Hülkenberg,German,Renault,11,6,8,52,01:33.4,Finished
2018,10,British Grand Prix,08-07-2018,Silverstone Circuit,Esteban Ocon,French,Force India,10,7,6,52,01:33.6,Finished
2018,10,British Grand Prix,08-07-2018,Silverstone Circuit,Fernando Alonso,Spanish,McLaren,13,8,4,52,01:33.5,Finished
2018,10,British Grand Prix,08-07-2018,Silverstone Circuit,Kevin Magnussen,Danish,Haas F1 Team,7,9,2,52,01:33.6,Finished
2018,10,British Grand Prix,08-07-2018,Silverstone Circuit,Sergio Pérez,Mexican,Force India,12,10,1,52,01:33.5,Finished
2018,10,British Grand Prix,08-07-2018,Silverstone Circuit,Stoffel Vandoorne,Belgian,McLaren,17,11,0,52,01:33.6,Finished
2018,10,British Grand Prix,08-07-2018,Silverstone Circuit,Lance Stroll,Canadian,Williams,19,12,0,52,01:33.9,Finished
2018,10,British Grand Prix,08-07-2018,Silverstone Circuit,Pierre Gasly,French,Toro Rosso,14,13,0,52,01:33.5,Finished
2018,10,British Grand Prix,08-07-2018,Silverstone Circuit,Sergey Sirotkin,Russian,Williams,18,14,0,52,01:34.6,Finished
2018,10,British Grand Prix,08-07-2018,Silverstone Circuit,Max Verstappen,Dutch,Red Bull,5,15,0,46,01:32.0,Brakes
2018,10,British Grand Prix,08-07-2018,Silverstone Circuit,Romain Grosjean,French,Haas F1 Team,8,16,0,37,01:34.4,Collision
2018,10,British Grand Prix,08-07-2018,Silverstone Circuit,Carlos Sainz,Spanish,Renault,16,17,0,37,01:34.6,Collision
2018,10,British Grand Prix,08-07-2018,Silverstone Circuit,Marcus Ericsson,Swedish,Sauber,15,18,0,31,01:33.7,Accident
2018,10,British Grand Prix,08-07-2018,Silverstone Circuit,Charles Leclerc,Monegasque,Sauber,9,19,0,18,01:35.2,Tyre
2018,10,British Grand Prix,08-07-2018,Silverstone Circuit,Brendon Hartley,New Zealander,Toro Rosso,20,20,0,1,N/A,Power Unit
2018,11,German Grand Prix,22-07-2018,Hockenheimring,Lewis Hamilton,British,Mercedes,14,1,25,67,01:15.5,Finished
2018,11,German Grand Prix,22-07-2018,Hockenheimring,Valtteri Bottas,Finnish,Mercedes,2,2,18,67,01:15.7,Finished
2018,11,German Grand Prix,22-07-2018,Hockenheimring,Kimi Räikkönen,Finnish,Ferrari,3,3,15,67,01:16.0,Finished
2018,11,German Grand Prix,22-07-2018,Hockenheimring,Max Verstappen,Dutch,Red Bull,4,4,12,67,01:15.9,Finished
2018,11,German Grand Prix,22-07-2018,Hockenheimring,Nico Hülkenberg,German,Renault,7,5,10,67,01:17.9,Finished
2018,11,German Grand Prix,22-07-2018,Hockenheimring,Romain Grosjean,French,Haas F1 Team,6,6,8,67,01:16.7,Finished
2018,11,German Grand Prix,22-07-2018,Hockenheimring,Sergio Pérez,Mexican,Force India,10,7,6,67,01:17.9,Finished
2018,11,German Grand Prix,22-07-2018,Hockenheimring,Esteban Ocon,French,Force India,15,8,4,67,01:17.9,Finished
2018,11,German Grand Prix,22-07-2018,Hockenheimring,Marcus Ericsson,Swedish,Sauber,13,9,2,67,01:17.7,Finished
2018,11,German Grand Prix,22-07-2018,Hockenheimring,Brendon Hartley,New Zealander,Toro Rosso,17,10,1,67,01:17.7,Finished
2018,11,German Grand Prix,22-07-2018,Hockenheimring,Kevin Magnussen,Danish,Haas F1 Team,5,11,0,67,01:17.7,Finished
2018,11,German Grand Prix,22-07-2018,Hockenheimring,Carlos Sainz,Spanish,Renault,8,12,0,67,01:17.4,Finished
2018,11,German Grand Prix,22-07-2018,Hockenheimring,Stoffel Vandoorne,Belgian,McLaren,19,13,0,67,01:17.5,Finished
2018,11,German Grand Prix,22-07-2018,Hockenheimring,Pierre Gasly,French,Toro Rosso,16,14,0,66,01:17.8,+1 Lap
2018,11,German Grand Prix,22-07-2018,Hockenheimring,Charles Leclerc,Monegasque,Sauber,9,15,0,66,01:17.9,+1 Lap
2018,11,German Grand Prix,22-07-2018,Hockenheimring,Fernando Alonso,Spanish,McLaren,11,16,0,65,01:17.7,Retired
2018,11,German Grand Prix,22-07-2018,Hockenheimring,Lance Stroll,Canadian,Williams,18,17,0,53,01:18.9,Engine
2018,11,German Grand Prix,22-07-2018,Hockenheimring,Sebastian Vettel,German,Ferrari,1,18,0,51,01:17.3,Accident
2018,11,German Grand Prix,22-07-2018,Hockenheimring,Sergey Sirotkin,Russian,Williams,12,19,0,51,01:18.9,Engine
2018,11,German Grand Prix,22-07-2018,Hockenheimring,Daniel Ricciardo,Australian,Red Bull,20,20,0,27,01:18.3,Engine
2018,12,Hungarian Grand Prix,29-07-2018,Hungaroring,Lewis Hamilton,British,Mercedes,1,1,25,70,01:21.1,Finished
2018,12,Hungarian Grand Prix,29-07-2018,Hungaroring,Sebastian Vettel,German,Ferrari,4,2,18,70,01:20.1,Finished
2018,12,Hungarian Grand Prix,29-07-2018,Hungaroring,Kimi Räikkönen,Finnish,Ferrari,3,3,15,70,01:20.3,Finished
2018,12,Hungarian Grand Prix,29-07-2018,Hungaroring,Daniel Ricciardo,Australian,Red Bull,12,4,12,70,01:20.0,Finished
2018,12,Hungarian Grand Prix,29-07-2018,Hungaroring,Valtteri Bottas,Finnish,Mercedes,2,5,10,70,01:21.7,Finished
2018,12,Hungarian Grand Prix,29-07-2018,Hungaroring,Pierre Gasly,French,Toro Rosso,6,6,8,70,01:21.7,Finished
2018,12,Hungarian Grand Prix,29-07-2018,Hungaroring,Kevin Magnussen,Danish,Haas F1 Team,9,7,6,69,01:21.3,+1 Lap
2018,12,Hungarian Grand Prix,29-07-2018,Hungaroring,Fernando Alonso,Spanish,McLaren,11,8,4,69,01:22.1,+1 Lap
2018,12,Hungarian Grand Prix,29-07-2018,Hungaroring,Carlos Sainz,Spanish,Renault,5,9,2,69,01:22.8,+1 Lap
2018,12,Hungarian Grand Prix,29-07-2018,Hungaroring,Romain Grosjean,French,Haas F1 Team,10,10,1,69,01:22.6,+1 Lap
2018,12,Hungarian Grand Prix,29-07-2018,Hungaroring,Brendon Hartley,New Zealander,Toro Rosso,8,11,0,69,01:22.6,+1 Lap
2018,12,Hungarian Grand Prix,29-07-2018,Hungaroring,Nico Hülkenberg,German,Renault,13,12,0,69,01:21.3,+1 Lap
2018,12,Hungarian Grand Prix,29-07-2018,Hungaroring,Esteban Ocon,French,Force India,18,13,0,69,01:22.9,+1 Lap
2018,12,Hungarian Grand Prix,29-07-2018,Hungaroring,Sergio Pérez,Mexican,Force India,19,14,0,69,01:23.3,+1 Lap
2018,12,Hungarian Grand Prix,29-07-2018,Hungaroring,Marcus Ericsson,Swedish,Sauber,14,15,0,68,01:23.7,+2 Laps
2018,12,Hungarian Grand Prix,29-07-2018,Hungaroring,Sergey Sirotkin,Russian,Williams,20,16,0,68,01:23.7,+2 Laps
2018,12,Hungarian Grand Prix,29-07-2018,Hungaroring,Lance Stroll,Canadian,Williams,15,17,0,68,01:22.7,+2 Laps
2018,12,Hungarian Grand Prix,29-07-2018,Hungaroring,Stoffel Vandoorne,Belgian,McLaren,16,18,0,49,01:23.1,Gearbox
2018,12,Hungarian Grand Prix,29-07-2018,Hungaroring,Max Verstappen,Dutch,Red Bull,7,19,0,5,01:24.0,Power loss
2018,12,Hungarian Grand Prix,29-07-2018,Hungaroring,Charles Leclerc,Monegasque,Sauber,17,20,0,0,N/A,Suspension
2018,13,Belgian Grand Prix,26-08-2018,Circuit de Spa-Francorchamps,Sebastian Vettel,German,Ferrari,2,1,25,44,01:46.6,Finished
2018,13,Belgian Grand Prix,26-08-2018,Circuit de Spa-Francorchamps,Lewis Hamilton,British,Mercedes,1,2,18,44,01:46.7,Finished
2018,13,Belgian Grand Prix,26-08-2018,Circuit de Spa-Francorchamps,Max Verstappen,Dutch,Red Bull,7,3,15,44,01:46.9,Finished
2018,13,Belgian Grand Prix,26-08-2018,Circuit de Spa-Francorchamps,Valtteri Bottas,Finnish,Mercedes,19,4,12,44,01:46.3,Finished
2018,13,Belgian Grand Prix,26-08-2018,Circuit de Spa-Francorchamps,Sergio Pérez,Mexican,Force India,4,5,10,44,01:48.1,Finished
2018,13,Belgian Grand Prix,26-08-2018,Circuit de Spa-Francorchamps,Esteban Ocon,French,Force India,3,6,8,44,01:48.1,Finished
2018,13,Belgian Grand Prix,26-08-2018,Circuit de Spa-Francorchamps,Romain Grosjean,French,Haas F1 Team,5,7,6,44,01:48.3,Finished
2018,13,Belgian Grand Prix,26-08-2018,Circuit de Spa-Francorchamps,Kevin Magnussen,Danish,Haas F1 Team,9,8,4,44,01:47.9,Finished
2018,13,Belgian Grand Prix,26-08-2018,Circuit de Spa-Francorchamps,Pierre Gasly,French,Toro Rosso,10,9,2,44,01:48.6,Finished
2018,13,Belgian Grand Prix,26-08-2018,Circuit de Spa-Francorchamps,Marcus Ericsson,Swedish,Sauber,13,10,1,43,01:48.7,+1 Lap
2018,13,Belgian Grand Prix,26-08-2018,Circuit de Spa-Francorchamps,Carlos Sainz,Spanish,Renault,14,11,0,43,01:48.7,+1 Lap
2018,13,Belgian Grand Prix,26-08-2018,Circuit de Spa-Francorchamps,Sergey Sirotkin,Russian,Williams,16,12,0,43,01:49.1,+1 Lap
2018,13,Belgian Grand Prix,26-08-2018,Circuit de Spa-Francorchamps,Lance Stroll,Canadian,Williams,17,13,0,43,01:49.3,+1 Lap
2018,13,Belgian Grand Prix,26-08-2018,Circuit de Spa-Francorchamps,Brendon Hartley,New Zealander,Toro Rosso,11,14,0,43,01:48.8,+1 Lap
2018,13,Belgian Grand Prix,26-08-2018,Circuit de Spa-Francorchamps,Stoffel Vandoorne,Belgian,McLaren,18,15,0,43,01:49.0,+1 Lap
2018,13,Belgian Grand Prix,26-08-2018,Circuit de Spa-Francorchamps,Daniel Ricciardo,Australian,Red Bull,8,16,0,28,01:49.2,Retired
2018,13,Belgian Grand Prix,26-08-2018,Circuit de Spa-Francorchamps,Kimi Räikkönen,Finnish,Ferrari,6,17,0,8,01:54.3,Brakes
2018,13,Belgian Grand Prix,26-08-2018,Circuit de Spa-Francorchamps,Charles Leclerc,Monegasque,Sauber,12,18,0,0,N/A,Accident
2018,13,Belgian Grand Prix,26-08-2018,Circuit de Spa-Francorchamps,Fernando Alonso,Spanish,McLaren,15,19,0,0,N/A,Accident
2018,13,Belgian Grand Prix,26-08-2018,Circuit de Spa-Francorchamps,Nico Hülkenberg,German,Renault,20,20,0,0,N/A,Accident
2018,14,Italian Grand Prix,02-09-2018,Autodromo Nazionale di Monza,Lewis Hamilton,British,Mercedes,3,1,25,53,01:22.5,Finished
2018,14,Italian Grand Prix,02-09-2018,Autodromo Nazionale di Monza,Kimi Räikkönen,Finnish,Ferrari,1,2,18,53,01:23.5,Finished
2018,14,Italian Grand Prix,02-09-2018,Autodromo Nazionale di Monza,Valtteri Bottas,Finnish,Mercedes,4,3,15,53,01:22.9,Finished
2018,14,Italian Grand Prix,02-09-2018,Autodromo Nazionale di Monza,Sebastian Vettel,German,Ferrari,2,4,12,53,01:22.5,Finished
2018,14,Italian Grand Prix,02-09-2018,Autodromo Nazionale di Monza,Max Verstappen,Dutch,Red Bull,5,5,10,53,01:23.6,Finished
2018,14,Italian Grand Prix,02-09-2018,Autodromo Nazionale di Monza,Esteban Ocon,French,Force India,8,6,8,53,01:24.2,Finished
2018,14,Italian Grand Prix,02-09-2018,Autodromo Nazionale di Monza,Sergio Pérez,Mexican,Force India,14,7,6,53,01:24.2,Finished
2018,14,Italian Grand Prix,02-09-2018,Autodromo Nazionale di Monza,Carlos Sainz,Spanish,Renault,7,8,4,53,01:23.5,Finished
2018,14,Italian Grand Prix,02-09-2018,Autodromo Nazionale di Monza,Lance Stroll,Canadian,Williams,10,9,2,52,01:24.1,+1 Lap
2018,14,Italian Grand Prix,02-09-2018,Autodromo Nazionale di Monza,Sergey Sirotkin,Russian,Williams,12,10,1,52,01:24.6,+1 Lap
2018,14,Italian Grand Prix,02-09-2018,Autodromo Nazionale di Monza,Charles Leclerc,Monegasque,Sauber,15,11,0,52,01:23.8,+1 Lap
2018,14,Italian Grand Prix,02-09-2018,Autodromo Nazionale di Monza,Stoffel Vandoorne,Belgian,McLaren,17,12,0,52,01:24.5,+1 Lap
2018,14,Italian Grand Prix,02-09-2018,Autodromo Nazionale di Monza,Nico Hülkenberg,German,Renault,20,13,0,52,01:24.8,+1 Lap
2018,14,Italian Grand Prix,02-09-2018,Autodromo Nazionale di Monza,Pierre Gasly,French,Toro Rosso,9,14,0,52,01:24.1,+1 Lap
2018,14,Italian Grand Prix,02-09-2018,Autodromo Nazionale di Monza,Marcus Ericsson,Swedish,Sauber,18,15,0,52,01:24.8,+1 Lap
2018,14,Italian Grand Prix,02-09-2018,Autodromo Nazionale di Monza,Kevin Magnussen,Danish,Haas F1 Team,11,16,0,52,01:23.8,+1 Lap
2018,14,Italian Grand Prix,02-09-2018,Autodromo Nazionale di Monza,Daniel Ricciardo,Australian,Red Bull,19,17,0,23,01:25.7,Engine
2018,14,Italian Grand Prix,02-09-2018,Autodromo Nazionale di Monza,Fernando Alonso,Spanish,McLaren,13,18,0,9,01:25.2,Engine
2018,14,Italian Grand Prix,02-09-2018,Autodromo Nazionale di Monza,Brendon Hartley,New Zealander,Toro Rosso,16,19,0,0,01:27.0,Brakes
2018,14,Italian Grand Prix,02-09-2018,Autodromo Nazionale di Monza,Romain Grosjean,French,Haas F1 Team,6,20,0,53,N/A,Disqualified
2018,15,Singapore Grand Prix,16-09-2018,Marina Bay Street Circuit,Lewis Hamilton,British,Mercedes,1,1,25,61,01:42.9,Finished
2018,15,Singapore Grand Prix,16-09-2018,Marina Bay Street Circuit,Max Verstappen,Dutch,Red Bull,2,2,18,61,01:43.3,Finished
2018,15,Singapore Grand Prix,16-09-2018,Marina Bay Street Circuit,Sebastian Vettel,German,Ferrari,3,3,15,61,01:44.7,Finished
2018,15,Singapore Grand Prix,16-09-2018,Marina Bay Street Circuit,Valtteri Bottas,Finnish,Mercedes,4,4,12,61,01:44.7,Finished
2018,15,Singapore Grand Prix,16-09-2018,Marina Bay Street Circuit,Kimi Räikkönen,Finnish,Ferrari,5,5,10,61,01:44.7,Finished
2018,15,Singapore Grand Prix,16-09-2018,Marina Bay Street Circuit,Daniel Ricciardo,Australian,Red Bull,6,6,8,61,01:43.1,Finished
2018,15,Singapore Grand Prix,16-09-2018,Marina Bay Street Circuit,Fernando Alonso,Spanish,McLaren,11,7,6,61,01:43.2,Finished
2018,15,Singapore Grand Prix,16-09-2018,Marina Bay Street Circuit,Carlos Sainz,Spanish,Renault,12,8,4,60,01:45.2,+1 Lap
2018,15,Singapore Grand Prix,16-09-2018,Marina Bay Street Circuit,Charles Leclerc,Monegasque,Sauber,13,9,2,60,01:45.2,+1 Lap
2018,15,Singapore Grand Prix,16-09-2018,Marina Bay Street Circuit,Nico Hülkenberg,German,Renault,10,10,1,60,01:46.1,+1 Lap
2018,15,Singapore Grand Prix,16-09-2018,Marina Bay Street Circuit,Marcus Ericsson,Swedish,Sauber,14,11,0,60,01:45.2,+1 Lap
2018,15,Singapore Grand Prix,16-09-2018,Marina Bay Street Circuit,Stoffel Vandoorne,Belgian,McLaren,18,12,0,60,01:45.6,+1 Lap
2018,15,Singapore Grand Prix,16-09-2018,Marina Bay Street Circuit,Pierre Gasly,French,Toro Rosso,15,13,0,60,01:46.1,+1 Lap
2018,15,Singapore Grand Prix,16-09-2018,Marina Bay Street Circuit,Lance Stroll,Canadian,Williams,20,14,0,60,01:46.0,+1 Lap
2018,15,Singapore Grand Prix,16-09-2018,Marina Bay Street Circuit,Romain Grosjean,French,Haas F1 Team,8,15,0,60,01:45.9,+1 Lap
2018,15,Singapore Grand Prix,16-09-2018,Marina Bay Street Circuit,Sergio Pérez,Mexican,Force India,7,16,0,60,01:45.4,+1 Lap
2018,15,Singapore Grand Prix,16-09-2018,Marina Bay Street Circuit,Brendon Hartley,New Zealander,Toro Rosso,17,17,0,60,01:44.9,+1 Lap
2018,15,Singapore Grand Prix,16-09-2018,Marina Bay Street Circuit,Kevin Magnussen,Danish,Haas F1 Team,16,18,0,59,01:41.9,+2 Laps
2018,15,Singapore Grand Prix,16-09-2018,Marina Bay Street Circuit,Sergey Sirotkin,Russian,Williams,19,19,0,59,01:45.9,+2 Laps
2018,15,Singapore Grand Prix,16-09-2018,Marina Bay Street Circuit,Esteban Ocon,French,Force India,9,20,0,0,N/A,Collision
2018,16,Russian Grand Prix,30-09-2018,Sochi Autodrom,Lewis Hamilton,British,Mercedes,2,1,25,53,01:35.9,Finished
2018,16,Russian Grand Prix,30-09-2018,Sochi Autodrom,Valtteri Bottas,Finnish,Mercedes,1,2,18,53,01:35.9,Finished
2018,16,Russian Grand Prix,30-09-2018,Sochi Autodrom,Sebastian Vettel,German,Ferrari,3,3,15,53,01:36.0,Finished
2018,16,Russian Grand Prix,30-09-2018,Sochi Autodrom,Kimi Räikkönen,Finnish,Ferrari,4,4,12,53,01:36.6,Finished
2018,16,Russian Grand Prix,30-09-2018,Sochi Autodrom,Max Verstappen,Dutch,Red Bull,19,5,10,53,01:36.3,Finished
2018,16,Russian Grand Prix,30-09-2018,Sochi Autodrom,Daniel Ricciardo,Australian,Red Bull,18,6,8,53,01:36.3,Finished
2018,16,Russian Grand Prix,30-09-2018,Sochi Autodrom,Charles Leclerc,Monegasque,Sauber,7,7,6,53,01:38.1,Finished
2018,16,Russian Grand Prix,30-09-2018,Sochi Autodrom,Kevin Magnussen,Danish,Haas F1 Team,5,8,4,52,01:38.0,+1 Lap
2018,16,Russian Grand Prix,30-09-2018,Sochi Autodrom,Esteban Ocon,French,Force India,6,9,2,52,01:38.4,+1 Lap
2018,16,Russian Grand Prix,30-09-2018,Sochi Autodrom,Sergio Pérez,Mexican,Force India,8,10,1,52,01:38.3,+1 Lap
2018,16,Russian Grand Prix,30-09-2018,Sochi Autodrom,Romain Grosjean,French,Haas F1 Team,9,11,0,52,01:38.2,+1 Lap
2018,16,Russian Grand Prix,30-09-2018,Sochi Autodrom,Nico Hülkenberg,German,Renault,12,12,0,52,01:39.1,+1 Lap
2018,16,Russian Grand Prix,30-09-2018,Sochi Autodrom,Marcus Ericsson,Swedish,Sauber,10,13,0,52,01:37.9,+1 Lap
2018,16,Russian Grand Prix,30-09-2018,Sochi Autodrom,Fernando Alonso,Spanish,McLaren,16,14,0,52,01:39.6,+1 Lap
2018,16,Russian Grand Prix,30-09-2018,Sochi Autodrom,Lance Stroll,Canadian,Williams,14,15,0,52,01:39.4,+1 Lap
2018,16,Russian Grand Prix,30-09-2018,Sochi Autodrom,Stoffel Vandoorne,Belgian,McLaren,15,16,0,51,01:39.9,+2 Laps
2018,16,Russian Grand Prix,30-09-2018,Sochi Autodrom,Carlos Sainz,Spanish,Renault,11,17,0,51,01:39.7,+2 Laps
2018,16,Russian Grand Prix,30-09-2018,Sochi Autodrom,Sergey Sirotkin,Russian,Williams,13,18,0,51,01:39.8,+2 Laps
2018,16,Russian Grand Prix,30-09-2018,Sochi Autodrom,Pierre Gasly,French,Toro Rosso,17,19,0,4,01:44.1,Brakes
2018,16,Russian Grand Prix,30-09-2018,Sochi Autodrom,Brendon Hartley,New Zealander,Toro Rosso,20,20,0,4,01:45.9,Brakes
2018,17,Japanese Grand Prix,07-10-2018,Suzuka Circuit,Lewis Hamilton,British,Mercedes,1,1,25,53,01:32.8,Finished
2018,17,Japanese Grand Prix,07-10-2018,Suzuka Circuit,Valtteri Bottas,Finnish,Mercedes,2,2,18,53,01:33.1,Finished
2018,17,Japanese Grand Prix,07-10-2018,Suzuka Circuit,Max Verstappen,Dutch,Red Bull,3,3,15,53,01:33.4,Finished
2018,17,Japanese Grand Prix,07-10-2018,Suzuka Circuit,Daniel Ricciardo,Australian,Red Bull,15,4,12,53,01:33.2,Finished
2018,17,Japanese Grand Prix,07-10-2018,Suzuka Circuit,Kimi Räikkönen,Finnish,Ferrari,4,5,10,53,01:34.2,Finished
2018,17,Japanese Grand Prix,07-10-2018,Suzuka Circuit,Sebastian Vettel,German,Ferrari,8,6,8,53,01:32.3,Finished
2018,17,Japanese Grand Prix,07-10-2018,Suzuka Circuit,Sergio Pérez,Mexican,Force India,9,7,6,53,01:34.1,Finished
2018,17,Japanese Grand Prix,07-10-2018,Suzuka Circuit,Romain Grosjean,French,Haas F1 Team,5,8,4,53,01:34.8,Finished
2018,17,Japanese Grand Prix,07-10-2018,Suzuka Circuit,Esteban Ocon,French,Force India,11,9,2,53,01:34.7,Finished
2018,17,Japanese Grand Prix,07-10-2018,Suzuka Circuit,Carlos Sainz,Spanish,Renault,13,10,1,52,01:34.2,+1 Lap
2018,17,Japanese Grand Prix,07-10-2018,Suzuka Circuit,Pierre Gasly,French,Toro Rosso,7,11,0,52,01:34.1,+1 Lap
2018,17,Japanese Grand Prix,07-10-2018,Suzuka Circuit,Marcus Ericsson,Swedish,Sauber,20,12,0,52,01:36.3,+1 Lap
2018,17,Japanese Grand Prix,07-10-2018,Suzuka Circuit,Brendon Hartley,New Zealander,Toro Rosso,6,13,0,52,01:34.9,+1 Lap
2018,17,Japanese Grand Prix,07-10-2018,Suzuka Circuit,Fernando Alonso,Spanish,McLaren,18,14,0,52,01:33.9,+1 Lap
2018,17,Japanese Grand Prix,07-10-2018,Suzuka Circuit,Stoffel Vandoorne,Belgian,McLaren,19,15,0,52,01:35.0,+1 Lap
2018,17,Japanese Grand Prix,07-10-2018,Suzuka Circuit,Sergey Sirotkin,Russian,Williams,17,16,0,52,01:34.0,+1 Lap
2018,17,Japanese Grand Prix,07-10-2018,Suzuka Circuit,Lance Stroll,Canadian,Williams,14,17,0,52,01:33.4,+1 Lap
2018,17,Japanese Grand Prix,07-10-2018,Suzuka Circuit,Charles Leclerc,Monegasque,Sauber,10,18,0,38,01:34.5,Mechanical
2018,17,Japanese Grand Prix,07-10-2018,Suzuka Circuit,Nico Hülkenberg,German,Renault,16,19,0,37,01:34.9,Engine
2018,17,Japanese Grand Prix,07-10-2018,Suzuka Circuit,Kevin Magnussen,Danish,Haas F1 Team,12,20,0,8,01:39.9,Collision damage
2018,18,United States Grand Prix,21-10-2018,Circuit of the Americas,Kimi Räikkönen,Finnish,Ferrari,2,1,25,56,01:38.5,Finished
2018,18,United States Grand Prix,21-10-2018,Circuit of the Americas,Max Verstappen,Dutch,Red Bull,18,2,18,56,01:38.2,Finished
2018,18,United States Grand Prix,21-10-2018,Circuit of the Americas,Lewis Hamilton,British,Mercedes,1,3,15,56,01:37.4,Finished
2018,18,United States Grand Prix,21-10-2018,Circuit of the Americas,Sebastian Vettel,German,Ferrari,5,4,12,56,01:38.3,Finished
2018,18,United States Grand Prix,21-10-2018,Circuit of the Americas,Valtteri Bottas,Finnish,Mercedes,3,5,10,56,01:38.5,Finished
2018,18,United States Grand Prix,21-10-2018,Circuit of the Americas,Nico Hülkenberg,German,Renault,7,6,8,56,01:39.5,Finished
2018,18,United States Grand Prix,21-10-2018,Circuit of the Americas,Carlos Sainz,Spanish,Renault,11,7,6,56,01:39.9,Finished
2018,18,United States Grand Prix,21-10-2018,Circuit of the Americas,Sergio Pérez,Mexican,Force India,10,8,4,56,01:40.0,Finished
2018,18,United States Grand Prix,21-10-2018,Circuit of the Americas,Brendon Hartley,New Zealander,Toro Rosso,20,9,2,55,01:39.0,+1 Lap
2018,18,United States Grand Prix,21-10-2018,Circuit of the Americas,Marcus Ericsson,Swedish,Sauber,16,10,1,55,01:39.6,+1 Lap
2018,18,United States Grand Prix,21-10-2018,Circuit of the Americas,Stoffel Vandoorne,Belgian,McLaren,17,11,0,55,01:39.9,+1 Lap
2018,18,United States Grand Prix,21-10-2018,Circuit of the Americas,Pierre Gasly,French,Toro Rosso,19,12,0,55,01:40.1,+1 Lap
2018,18,United States Grand Prix,21-10-2018,Circuit of the Americas,Sergey Sirotkin,Russian,Williams,14,13,0,55,01:39.2,+1 Lap
2018,18,United States Grand Prix,21-10-2018,Circuit of the Americas,Lance Stroll,Canadian,Williams,15,14,0,54,01:39.6,+2 Laps
2018,18,United States Grand Prix,21-10-2018,Circuit of the Americas,Charles Leclerc,Monegasque,Sauber,9,15,0,31,01:40.5,Collision damage
2018,18,United States Grand Prix,21-10-2018,Circuit of the Americas,Daniel Ricciardo,Australian,Red Bull,4,16,0,8,01:40.4,Battery
2018,18,United States Grand Prix,21-10-2018,Circuit of the Americas,Romain Grosjean,French,Haas F1 Team,8,17,0,2,01:42.0,Collision damage
2018,18,United States Grand Prix,21-10-2018,Circuit of the Americas,Fernando Alonso,Spanish,McLaren,13,18,0,1,01:40.9,Collision
2018,18,United States Grand Prix,21-10-2018,Circuit of the Americas,Esteban Ocon,French,Force India,6,19,0,56,N/A,Disqualified
2018,18,United States Grand Prix,21-10-2018,Circuit of the Americas,Kevin Magnussen,Danish,Haas F1 Team,12,20,0,56,N/A,Disqualified
2018,19,Mexican Grand Prix,28-10-2018,Autódromo Hermanos Rodríguez,Max Verstappen,Dutch,Red Bull,2,1,25,71,01:19.2,Finished
2018,19,Mexican Grand Prix,28-10-2018,Autódromo Hermanos Rodríguez,Sebastian Vettel,German,Ferrari,4,2,18,71,01:19.5,Finished
2018,19,Mexican Grand Prix,28-10-2018,Autódromo Hermanos Rodríguez,Kimi Räikkönen,Finnish,Ferrari,6,3,15,71,01:20.3,Finished
2018,19,Mexican Grand Prix,28-10-2018,Autódromo Hermanos Rodríguez,Lewis Hamilton,British,Mercedes,3,4,12,71,01:20.7,Finished
2018,19,Mexican Grand Prix,28-10-2018,Autódromo Hermanos Rodríguez,Valtteri Bottas,Finnish,Mercedes,5,5,10,70,01:18.7,+1 Lap
2018,19,Mexican Grand Prix,28-10-2018,Autódromo Hermanos Rodríguez,Nico Hülkenberg,German,Renault,7,6,8,69,01:20.6,+2 Laps
2018,19,Mexican Grand Prix,28-10-2018,Autódromo Hermanos Rodríguez,Charles Leclerc,Monegasque,Sauber,9,7,6,69,01:20.5,+2 Laps
2018,19,Mexican Grand Prix,28-10-2018,Autódromo Hermanos Rodríguez,Stoffel Vandoorne,Belgian,McLaren,15,8,4,69,01:21.9,+2 Laps
2018,19,Mexican Grand Prix,28-10-2018,Autódromo Hermanos Rodríguez,Marcus Ericsson,Swedish,Sauber,10,9,2,69,01:22.4,+2 Laps
2018,19,Mexican Grand Prix,28-10-2018,Autódromo Hermanos Rodríguez,Pierre Gasly,French,Toro Rosso,20,10,1,69,01:22.8,+2 Laps
2018,19,Mexican Grand Prix,28-10-2018,Autódromo Hermanos Rodríguez,Esteban Ocon,French,Force India,11,11,0,69,01:22.6,+2 Laps
2018,19,Mexican Grand Prix,28-10-2018,Autódromo Hermanos Rodríguez,Lance Stroll,Canadian,Williams,17,12,0,69,01:23.0,+2 Laps
2018,19,Mexican Grand Prix,28-10-2018,Autódromo Hermanos Rodríguez,Sergey Sirotkin,Russian,Williams,19,13,0,69,01:22.6,+2 Laps
2018,19,Mexican Grand Prix,28-10-2018,Autódromo Hermanos Rodríguez,Brendon Hartley,New Zealander,Toro Rosso,14,14,0,69,01:22.4,+2 Laps
2018,19,Mexican Grand Prix,28-10-2018,Autódromo Hermanos Rodríguez,Kevin Magnussen,Danish,Haas F1 Team,16,15,0,69,01:21.9,+2 Laps
2018,19,Mexican Grand Prix,28-10-2018,Autódromo Hermanos Rodríguez,Romain Grosjean,French,Haas F1 Team,18,16,0,68,01:21.4,+3 Laps
2018,19,Mexican Grand Prix,28-10-2018,Autódromo Hermanos Rodríguez,Daniel Ricciardo,Australian,Red Bull,1,17,0,61,01:19.5,Engine
2018,19,Mexican Grand Prix,28-10-2018,Autódromo Hermanos Rodríguez,Sergio Pérez,Mexican,Force India,13,18,0,38,01:23.5,Brakes
2018,19,Mexican Grand Prix,28-10-2018,Autódromo Hermanos Rodríguez,Carlos Sainz,Spanish,Renault,8,19,0,28,01:22.4,Suspension
2018,19,Mexican Grand Prix,28-10-2018,Autódromo Hermanos Rodríguez,Fernando Alonso,Spanish,McLaren,12,20,0,3,01:24.2,Engine
2018,20,Brazilian Grand Prix,11-11-2018,Autódromo José Carlos Pace,Lewis Hamilton,British,Mercedes,1,1,25,71,01:11.8,Finished
2018,20,Brazilian Grand Prix,11-11-2018,Autódromo José Carlos Pace,Max Verstappen,Dutch,Red Bull,5,2,18,71,01:11.6,Finished
2018,20,Brazilian Grand Prix,11-11-2018,Autódromo José Carlos Pace,Kimi Räikkönen,Finnish,Ferrari,4,3,15,71,01:11.8,Finished
2018,20,Brazilian Grand Prix,11-11-2018,Autódromo José Carlos Pace,Daniel Ricciardo,Australian,Red Bull,11,4,12,71,01:11.3,Finished
2018,20,Brazilian Grand Prix,11-11-2018,Autódromo José Carlos Pace,Valtteri Bottas,Finnish,Mercedes,3,5,10,71,01:10.5,Finished
2018,20,Brazilian Grand Prix,11-11-2018,Autódromo José Carlos Pace,Sebastian Vettel,German,Ferrari,2,6,8,71,01:10.8,Finished
2018,20,Brazilian Grand Prix,11-11-2018,Autódromo José Carlos Pace,Charles Leclerc,Monegasque,Sauber,7,7,6,71,01:12.1,Finished
2018,20,Brazilian Grand Prix,11-11-2018,Autódromo José Carlos Pace,Romain Grosjean,French,Haas F1 Team,8,8,4,71,01:12.4,Finished
2018,20,Brazilian Grand Prix,11-11-2018,Autódromo José Carlos Pace,Kevin Magnussen,Danish,Haas F1 Team,10,9,2,71,01:12.2,Finished
2018,20,Brazilian Grand Prix,11-11-2018,Autódromo José Carlos Pace,Sergio Pérez,Mexican,Force India,12,10,1,70,01:12.5,+1 Lap
2018,20,Brazilian Grand Prix,11-11-2018,Autódromo José Carlos Pace,Brendon Hartley,New Zealander,Toro Rosso,16,11,0,70,01:12.9,+1 Lap
2018,20,Brazilian Grand Prix,11-11-2018,Autódromo José Carlos Pace,Carlos Sainz,Spanish,Renault,15,12,0,70,01:12.2,+1 Lap
2018,20,Brazilian Grand Prix,11-11-2018,Autódromo José Carlos Pace,Pierre Gasly,French,Toro Rosso,9,13,0,70,01:13.8,+1 Lap
2018,20,Brazilian Grand Prix,11-11-2018,Autódromo José Carlos Pace,Stoffel Vandoorne,Belgian,McLaren,20,14,0,70,01:13.0,+1 Lap
2018,20,Brazilian Grand Prix,11-11-2018,Autódromo José Carlos Pace,Esteban Ocon,French,Force India,18,15,0,70,01:12.4,+1 Lap
2018,20,Brazilian Grand Prix,11-11-2018,Autódromo José Carlos Pace,Sergey Sirotkin,Russian,Williams,14,16,0,69,01:14.3,+2 Laps
2018,20,Brazilian Grand Prix,11-11-2018,Autódromo José Carlos Pace,Fernando Alonso,Spanish,McLaren,17,17,0,69,01:12.6,+2 Laps
2018,20,Brazilian Grand Prix,11-11-2018,Autódromo José Carlos Pace,Lance Stroll,Canadian,Williams,19,18,0,69,01:11.8,+2 Laps
2018,20,Brazilian Grand Prix,11-11-2018,Autódromo José Carlos Pace,Nico Hülkenberg,German,Renault,13,19,0,32,01:14.0,Overheating
2018,20,Brazilian Grand Prix,11-11-2018,Autódromo José Carlos Pace,Marcus Ericsson,Swedish,Sauber,6,20,0,20,01:15.3,Collision
2018,21,Abu Dhabi Grand Prix,25-11-2018,Yas Marina Circuit,Lewis Hamilton,British,Mercedes,1,1,25,55,01:41.4,Finished
2018,21,Abu Dhabi Grand Prix,25-11-2018,Yas Marina Circuit,Sebastian Vettel,German,Ferrari,3,2,18,55,01:40.9,Finished
2018,21,Abu Dhabi Grand Prix,25-11-2018,Yas Marina Circuit,Max Verstappen,Dutch,Red Bull,6,3,15,55,01:41.9,Finished
2018,21,Abu Dhabi Grand Prix,25-11-2018,Yas Marina Circuit,Daniel Ricciardo,Australian,Red Bull,5,4,12,55,01:41.2,Finished
2018,21,Abu Dhabi Grand Prix,25-11-2018,Yas Marina Circuit,Valtteri Bottas,Finnish,Mercedes,2,5,10,55,01:41.0,Finished
2018,21,Abu Dhabi Grand Prix,25-11-2018,Yas Marina Circuit,Carlos Sainz,Spanish,Renault,11,6,8,55,01:41.4,Finished
2018,21,Abu Dhabi Grand Prix,25-11-2018,Yas Marina Circuit,Charles Leclerc,Monegasque,Sauber,8,7,6,55,01:42.9,Finished
2018,21,Abu Dhabi Grand Prix,25-11-2018,Yas Marina Circuit,Sergio Pérez,Mexican,Force India,14,8,4,55,01:42.8,Finished
2018,21,Abu Dhabi Grand Prix,25-11-2018,Yas Marina Circuit,Romain Grosjean,French,Haas F1 Team,7,9,2,54,01:43.2,+1 Lap
2018,21,Abu Dhabi Grand Prix,25-11-2018,Yas Marina Circuit,Kevin Magnussen,Danish,Haas F1 Team,13,10,1,54,01:42.8,+1 Lap
2018,21,Abu Dhabi Grand Prix,25-11-2018,Yas Marina Circuit,Fernando Alonso,Spanish,McLaren,15,11,0,54,01:42.4,+1 Lap
2018,21,Abu Dhabi Grand Prix,25-11-2018,Yas Marina Circuit,Brendon Hartley,New Zealander,Toro Rosso,16,12,0,54,01:44.2,+1 Lap
2018,21,Abu Dhabi Grand Prix,25-11-2018,Yas Marina Circuit,Lance Stroll,Canadian,Williams,20,13,0,54,01:44.0,+1 Lap
2018,21,Abu Dhabi Grand Prix,25-11-2018,Yas Marina Circuit,Stoffel Vandoorne,Belgian,McLaren,18,14,0,54,01:43.2,+1 Lap
2018,21,Abu Dhabi Grand Prix,25-11-2018,Yas Marina Circuit,Sergey Sirotkin,Russian,Williams,19,15,0,54,01:43.8,+1 Lap
2018,21,Abu Dhabi Grand Prix,25-11-2018,Yas Marina Circuit,Pierre Gasly,French,Toro Rosso,17,16,0,46,01:44.0,Engine
2018,21,Abu Dhabi Grand Prix,25-11-2018,Yas Marina Circuit,Esteban Ocon,French,Force India,9,17,0,44,01:43.6,Engine
2018,21,Abu Dhabi Grand Prix,25-11-2018,Yas Marina Circuit,Marcus Ericsson,Swedish,Sauber,12,18,0,24,01:46.1,Power loss
2018,21,Abu Dhabi Grand Prix,25-11-2018,Yas Marina Circuit,Kimi Räikkönen,Finnish,Ferrari,4,19,0,6,01:45.2,Power loss
2018,21,Abu Dhabi Grand Prix,25-11-2018,Yas Marina Circuit,Nico Hülkenberg,German,Renault,10,20,0,0,N/A,Collision
2019,1,Australian Grand Prix,17-03-2019,Albert Park Grand Prix Circuit,Valtteri Bottas,Finnish,Mercedes,2,1,26,58,01:25.6,Finished
2019,1,Australian Grand Prix,17-03-2019,Albert Park Grand Prix Circuit,Lewis Hamilton,British,Mercedes,1,2,18,58,01:26.1,Finished
2019,1,Australian Grand Prix,17-03-2019,Albert Park Grand Prix Circuit,Max Verstappen,Dutch,Red Bull,4,3,15,58,01:26.3,Finished
2019,1,Australian Grand Prix,17-03-2019,Albert Park Grand Prix Circuit,Sebastian Vettel,German,Ferrari,3,4,12,58,01:28.0,Finished
2019,1,Australian Grand Prix,17-03-2019,Albert Park Grand Prix Circuit,Charles Leclerc,Monegasque,Ferrari,5,5,10,58,01:26.9,Finished
2019,1,Australian Grand Prix,17-03-2019,Albert Park Grand Prix Circuit,Kevin Magnussen,Danish,Haas F1 Team,7,6,8,58,01:28.2,Finished
2019,1,Australian Grand Prix,17-03-2019,Albert Park Grand Prix Circuit,Nico Hülkenberg,German,Renault,11,7,6,57,01:28.4,+1 Lap
2019,1,Australian Grand Prix,17-03-2019,Albert Park Grand Prix Circuit,Kimi Räikkönen,Finnish,Alfa Romeo,9,8,4,57,01:28.3,+1 Lap
2019,1,Australian Grand Prix,17-03-2019,Albert Park Grand Prix Circuit,Lance Stroll,Canadian,Racing Point,16,9,2,57,01:27.6,+1 Lap
2019,1,Australian Grand Prix,17-03-2019,Albert Park Grand Prix Circuit,Daniil Kvyat,Russian,Toro Rosso,15,10,1,57,01:27.4,+1 Lap
2019,1,Australian Grand Prix,17-03-2019,Albert Park Grand Prix Circuit,Pierre Gasly,French,Red Bull,17,11,0,57,01:27.2,+1 Lap
2019,1,Australian Grand Prix,17-03-2019,Albert Park Grand Prix Circuit,Lando Norris,British,McLaren,8,12,0,57,01:28.6,+1 Lap
2019,1,Australian Grand Prix,17-03-2019,Albert Park Grand Prix Circuit,Sergio Pérez,Mexican,Racing Point,10,13,0,57,01:28.5,+1 Lap
2019,1,Australian Grand Prix,17-03-2019,Albert Park Grand Prix Circuit,Alexander Albon,Thai,Toro Rosso,13,14,0,57,01:28.2,+1 Lap
2019,1,Australian Grand Prix,17-03-2019,Albert Park Grand Prix Circuit,Antonio Giovinazzi,Italian,Alfa Romeo,14,15,0,57,01:28.5,+1 Lap
2019,1,Australian Grand Prix,17-03-2019,Albert Park Grand Prix Circuit,George Russell,British,Williams,19,16,0,56,01:28.7,+2 Laps
2019,1,Australian Grand Prix,17-03-2019,Albert Park Grand Prix Circuit,Robert Kubica,Polish,Williams,20,17,0,55,01:29.3,+3 Laps
2019,1,Australian Grand Prix,17-03-2019,Albert Park Grand Prix Circuit,Romain Grosjean,French,Haas F1 Team,6,18,0,29,01:28.5,Wheel
2019,1,Australian Grand Prix,17-03-2019,Albert Park Grand Prix Circuit,Daniel Ricciardo,Australian,Renault,12,19,0,28,01:29.8,Damage
2019,1,Australian Grand Prix,17-03-2019,Albert Park Grand Prix Circuit,Carlos Sainz,Spanish,McLaren,18,20,0,9,01:30.9,Engine
2019,2,Bahrain Grand Prix,31-03-2019,Bahrain International Circuit,Lewis Hamilton,British,Mercedes,3,1,25,57,01:33.5,Finished
2019,2,Bahrain Grand Prix,31-03-2019,Bahrain International Circuit,Valtteri Bottas,Finnish,Mercedes,4,2,18,57,01:34.2,Finished
2019,2,Bahrain Grand Prix,31-03-2019,Bahrain International Circuit,Charles Leclerc,Monegasque,Ferrari,1,3,16,57,01:33.4,Finished
2019,2,Bahrain Grand Prix,31-03-2019,Bahrain International Circuit,Max Verstappen,Dutch,Red Bull,5,4,12,57,01:35.3,Finished
2019,2,Bahrain Grand Prix,31-03-2019,Bahrain International Circuit,Sebastian Vettel,German,Ferrari,2,5,10,57,01:34.9,Finished
2019,2,Bahrain Grand Prix,31-03-2019,Bahrain International Circuit,Lando Norris,British,McLaren,9,6,8,57,01:35.8,Finished
2019,2,Bahrain Grand Prix,31-03-2019,Bahrain International Circuit,Kimi Räikkönen,Finnish,Alfa Romeo,8,7,6,57,01:35.6,Finished
2019,2,Bahrain Grand Prix,31-03-2019,Bahrain International Circuit,Pierre Gasly,French,Red Bull,13,8,4,57,01:35.3,Finished
2019,2,Bahrain Grand Prix,31-03-2019,Bahrain International Circuit,Alexander Albon,Thai,Toro Rosso,12,9,2,57,01:36.8,Finished
2019,2,Bahrain Grand Prix,31-03-2019,Bahrain International Circuit,Sergio Pérez,Mexican,Racing Point,14,10,1,57,01:36.3,Finished
2019,2,Bahrain Grand Prix,31-03-2019,Bahrain International Circuit,Antonio Giovinazzi,Italian,Alfa Romeo,16,11,0,57,01:35.2,Finished
2019,2,Bahrain Grand Prix,31-03-2019,Bahrain International Circuit,Daniil Kvyat,Russian,Toro Rosso,15,12,0,56,01:34.9,+1 Lap
2019,2,Bahrain Grand Prix,31-03-2019,Bahrain International Circuit,Kevin Magnussen,Danish,Haas F1 Team,6,13,0,56,01:35.9,+1 Lap
2019,2,Bahrain Grand Prix,31-03-2019,Bahrain International Circuit,Lance Stroll,Canadian,Racing Point,18,14,0,56,01:37.0,+1 Lap
2019,2,Bahrain Grand Prix,31-03-2019,Bahrain International Circuit,George Russell,British,Williams,19,15,0,56,01:37.3,+1 Lap
2019,2,Bahrain Grand Prix,31-03-2019,Bahrain International Circuit,Robert Kubica,Polish,Williams,20,16,0,55,01:37.9,+2 Laps
2019,2,Bahrain Grand Prix,31-03-2019,Bahrain International Circuit,Nico Hülkenberg,German,Renault,17,17,0,53,01:35.2,Engine
2019,2,Bahrain Grand Prix,31-03-2019,Bahrain International Circuit,Daniel Ricciardo,Australian,Renault,10,18,0,53,01:36.7,Out of fuel
2019,2,Bahrain Grand Prix,31-03-2019,Bahrain International Circuit,Carlos Sainz,Spanish,McLaren,7,19,0,53,01:35.6,Collision damage
2019,2,Bahrain Grand Prix,31-03-2019,Bahrain International Circuit,Romain Grosjean,French,Haas F1 Team,11,20,0,16,01:37.3,Retired
2019,3,Chinese Grand Prix,14-04-2019,Shanghai International Circuit,Lewis Hamilton,British,Mercedes,2,1,25,56,01:35.9,Finished
2019,3,Chinese Grand Prix,14-04-2019,Shanghai International Circuit,Valtteri Bottas,Finnish,Mercedes,1,2,18,56,01:34.9,Finished
2019,3,Chinese Grand Prix,14-04-2019,Shanghai International Circuit,Sebastian Vettel,German,Ferrari,3,3,15,56,01:34.8,Finished
2019,3,Chinese Grand Prix,14-04-2019,Shanghai International Circuit,Max Verstappen,Dutch,Red Bull,5,4,12,56,01:36.1,Finished
2019,3,Chinese Grand Prix,14-04-2019,Shanghai International Circuit,Charles Leclerc,Monegasque,Ferrari,4,5,10,56,01:34.9,Finished
2019,3,Chinese Grand Prix,14-04-2019,Shanghai International Circuit,Pierre Gasly,French,Red Bull,6,6,9,56,01:34.7,Finished
2019,3,Chinese Grand Prix,14-04-2019,Shanghai International Circuit,Daniel Ricciardo,Australian,Renault,7,7,6,55,01:38.6,+1 Lap
2019,3,Chinese Grand Prix,14-04-2019,Shanghai International Circuit,Sergio Pérez,Mexican,Racing Point,12,8,4,55,01:38.7,+1 Lap
2019,3,Chinese Grand Prix,14-04-2019,Shanghai International Circuit,Kimi Räikkönen,Finnish,Alfa Romeo,13,9,2,55,01:37.8,+1 Lap
2019,3,Chinese Grand Prix,14-04-2019,Shanghai International Circuit,Alexander Albon,Thai,Toro Rosso,20,10,1,55,01:38.9,+1 Lap
2019,3,Chinese Grand Prix,14-04-2019,Shanghai International Circuit,Romain Grosjean,French,Haas F1 Team,10,11,0,55,01:36.9,+1 Lap
2019,3,Chinese Grand Prix,14-04-2019,Shanghai International Circuit,Lance Stroll,Canadian,Racing Point,16,12,0,55,01:36.7,+1 Lap
2019,3,Chinese Grand Prix,14-04-2019,Shanghai International Circuit,Kevin Magnussen,Danish,Haas F1 Team,9,13,0,55,01:37.5,+1 Lap
2019,3,Chinese Grand Prix,14-04-2019,Shanghai International Circuit,Carlos Sainz,Spanish,McLaren,14,14,0,55,01:37.5,+1 Lap
2019,3,Chinese Grand Prix,14-04-2019,Shanghai International Circuit,Antonio Giovinazzi,Italian,Alfa Romeo,19,15,0,55,01:38.0,+1 Lap
2019,3,Chinese Grand Prix,14-04-2019,Shanghai International Circuit,George Russell,British,Williams,17,16,0,54,01:37.3,+2 Laps
2019,3,Chinese Grand Prix,14-04-2019,Shanghai International Circuit,Robert Kubica,Polish,Williams,18,17,0,54,01:39.8,+2 Laps
2019,3,Chinese Grand Prix,14-04-2019,Shanghai International Circuit,Lando Norris,British,McLaren,15,18,0,50,01:38.3,Collision
2019,3,Chinese Grand Prix,14-04-2019,Shanghai International Circuit,Daniil Kvyat,Russian,Toro Rosso,11,19,0,41,01:38.0,Collision
2019,3,Chinese Grand Prix,14-04-2019,Shanghai International Circuit,Nico Hülkenberg,German,Renault,8,20,0,16,01:39.7,Power Unit
2019,4,Azerbaijan Grand Prix,28-04-2019,Baku City Circuit,Valtteri Bottas,Finnish,Mercedes,1,1,25,51,01:44.0,Finished
2019,4,Azerbaijan Grand Prix,28-04-2019,Baku City Circuit,Lewis Hamilton,British,Mercedes,2,2,18,51,01:44.2,Finished
2019,4,Azerbaijan Grand Prix,28-04-2019,Baku City Circuit,Sebastian Vettel,German,Ferrari,3,3,15,51,01:44.6,Finished
2019,4,Azerbaijan Grand Prix,28-04-2019,Baku City Circuit,Max Verstappen,Dutch,Red Bull,4,4,12,51,01:44.8,Finished
2019,4,Azerbaijan Grand Prix,28-04-2019,Baku City Circuit,Charles Leclerc,Monegasque,Ferrari,8,5,11,51,01:43.0,Finished
2019,4,Azerbaijan Grand Prix,28-04-2019,Baku City Circuit,Sergio Pérez,Mexican,Racing Point,5,6,8,51,01:45.5,Finished
2019,4,Azerbaijan Grand Prix,28-04-2019,Baku City Circuit,Carlos Sainz,Spanish,McLaren,9,7,6,51,01:45.8,Finished
2019,4,Azerbaijan Grand Prix,28-04-2019,Baku City Circuit,Lando Norris,British,McLaren,7,8,4,51,01:45.4,Finished
2019,4,Azerbaijan Grand Prix,28-04-2019,Baku City Circuit,Lance Stroll,Canadian,Racing Point,13,9,2,51,01:46.0,Finished
2019,4,Azerbaijan Grand Prix,28-04-2019,Baku City Circuit,Kimi Räikkönen,Finnish,Alfa Romeo,20,10,1,50,01:46.5,+1 Lap
2019,4,Azerbaijan Grand Prix,28-04-2019,Baku City Circuit,Alexander Albon,Thai,Toro Rosso,11,11,0,50,01:45.8,+1 Lap
2019,4,Azerbaijan Grand Prix,28-04-2019,Baku City Circuit,Antonio Giovinazzi,Italian,Alfa Romeo,17,12,0,50,01:46.0,+1 Lap
2019,4,Azerbaijan Grand Prix,28-04-2019,Baku City Circuit,Kevin Magnussen,Danish,Haas F1 Team,12,13,0,50,01:46.7,+1 Lap
2019,4,Azerbaijan Grand Prix,28-04-2019,Baku City Circuit,Nico Hülkenberg,German,Renault,15,14,0,50,01:47.4,+1 Lap
2019,4,Azerbaijan Grand Prix,28-04-2019,Baku City Circuit,George Russell,British,Williams,16,15,0,49,01:47.3,+2 Laps
2019,4,Azerbaijan Grand Prix,28-04-2019,Baku City Circuit,Robert Kubica,Polish,Williams,20,16,0,49,01:47.7,+2 Laps
2019,4,Azerbaijan Grand Prix,28-04-2019,Baku City Circuit,Pierre Gasly,French,Red Bull,20,17,0,38,01:45.7,Transmission
2019,4,Azerbaijan Grand Prix,28-04-2019,Baku City Circuit,Romain Grosjean,French,Haas F1 Team,14,18,0,38,01:48.5,Brakes
2019,4,Azerbaijan Grand Prix,28-04-2019,Baku City Circuit,Daniil Kvyat,Russian,Toro Rosso,6,19,0,33,01:47.7,Collision
2019,4,Azerbaijan Grand Prix,28-04-2019,Baku City Circuit,Daniel Ricciardo,Australian,Renault,10,20,0,31,01:46.8,Collision
2019,5,Spanish Grand Prix,12-05-2019,Circuit de Barcelona-Catalunya,Lewis Hamilton,British,Mercedes,2,1,26,66,01:18.5,Finished
2019,5,Spanish Grand Prix,12-05-2019,Circuit de Barcelona-Catalunya,Valtteri Bottas,Finnish,Mercedes,1,2,18,66,01:18.7,Finished
2019,5,Spanish Grand Prix,12-05-2019,Circuit de Barcelona-Catalunya,Max Verstappen,Dutch,Red Bull,4,3,15,66,01:19.8,Finished
2019,5,Spanish Grand Prix,12-05-2019,Circuit de Barcelona-Catalunya,Sebastian Vettel,German,Ferrari,3,4,12,66,01:19.8,Finished
2019,5,Spanish Grand Prix,12-05-2019,Circuit de Barcelona-Catalunya,Charles Leclerc,Monegasque,Ferrari,5,5,10,66,01:20.0,Finished
2019,5,Spanish Grand Prix,12-05-2019,Circuit de Barcelona-Catalunya,Pierre Gasly,French,Red Bull,6,6,8,66,01:20.5,Finished
2019,5,Spanish Grand Prix,12-05-2019,Circuit de Barcelona-Catalunya,Kevin Magnussen,Danish,Haas F1 Team,8,7,6,66,01:20.8,Finished
2019,5,Spanish Grand Prix,12-05-2019,Circuit de Barcelona-Catalunya,Carlos Sainz,Spanish,McLaren,12,8,4,66,01:20.9,Finished
2019,5,Spanish Grand Prix,12-05-2019,Circuit de Barcelona-Catalunya,Daniil Kvyat,Russian,Toro Rosso,9,9,2,66,01:20.7,Finished
2019,5,Spanish Grand Prix,12-05-2019,Circuit de Barcelona-Catalunya,Romain Grosjean,French,Haas F1 Team,7,10,1,66,01:21.1,Finished
2019,5,Spanish Grand Prix,12-05-2019,Circuit de Barcelona-Catalunya,Alexander Albon,Thai,Toro Rosso,11,11,0,66,01:21.0,Finished
2019,5,Spanish Grand Prix,12-05-2019,Circuit de Barcelona-Catalunya,Daniel Ricciardo,Australian,Renault,13,12,0,66,01:20.6,Finished
2019,5,Spanish Grand Prix,12-05-2019,Circuit de Barcelona-Catalunya,Nico Hülkenberg,German,Renault,20,13,0,66,01:21.3,Finished
2019,5,Spanish Grand Prix,12-05-2019,Circuit de Barcelona-Catalunya,Kimi Räikkönen,Finnish,Alfa Romeo,14,14,0,66,01:21.4,Finished
2019,5,Spanish Grand Prix,12-05-2019,Circuit de Barcelona-Catalunya,Sergio Pérez,Mexican,Racing Point,15,15,0,66,01:21.9,Finished
2019,5,Spanish Grand Prix,12-05-2019,Circuit de Barcelona-Catalunya,Antonio Giovinazzi,Italian,Alfa Romeo,18,16,0,66,01:21.8,Finished
2019,5,Spanish Grand Prix,12-05-2019,Circuit de Barcelona-Catalunya,George Russell,British,Williams,19,17,0,65,01:22.4,+1 Lap
2019,5,Spanish Grand Prix,12-05-2019,Circuit de Barcelona-Catalunya,Robert Kubica,Polish,Williams,17,18,0,65,01:23.2,+1 Lap
2019,5,Spanish Grand Prix,12-05-2019,Circuit de Barcelona-Catalunya,Lance Stroll,Canadian,Racing Point,16,19,0,44,01:23.2,Collision
2019,5,Spanish Grand Prix,12-05-2019,Circuit de Barcelona-Catalunya,Lando Norris,British,McLaren,10,20,0,44,01:22.6,Collision
2019,6,Monaco Grand Prix,26-05-2019,Circuit de Monaco,Lewis Hamilton,British,Mercedes,1,1,25,78,01:16.2,Finished
2019,6,Monaco Grand Prix,26-05-2019,Circuit de Monaco,Sebastian Vettel,German,Ferrari,4,2,18,78,01:16.3,Finished
2019,6,Monaco Grand Prix,26-05-2019,Circuit de Monaco,Valtteri Bottas,Finnish,Mercedes,2,3,15,78,01:15.2,Finished
2019,6,Monaco Grand Prix,26-05-2019,Circuit de Monaco,Max Verstappen,Dutch,Red Bull,3,4,12,78,01:16.2,Finished
2019,6,Monaco Grand Prix,26-05-2019,Circuit de Monaco,Pierre Gasly,French,Red Bull,8,5,11,78,01:14.3,Finished
2019,6,Monaco Grand Prix,26-05-2019,Circuit de Monaco,Carlos Sainz,Spanish,McLaren,9,6,8,78,01:15.9,Finished
2019,6,Monaco Grand Prix,26-05-2019,Circuit de Monaco,Daniil Kvyat,Russian,Toro Rosso,7,7,6,78,01:16.3,Finished
2019,6,Monaco Grand Prix,26-05-2019,Circuit de Monaco,Alexander Albon,Thai,Toro Rosso,10,8,4,78,01:15.6,Finished
2019,6,Monaco Grand Prix,26-05-2019,Circuit de Monaco,Daniel Ricciardo,Australian,Renault,6,9,2,78,01:15.7,Finished
2019,6,Monaco Grand Prix,26-05-2019,Circuit de Monaco,Romain Grosjean,French,Haas F1 Team,13,10,1,78,01:16.7,Finished
2019,6,Monaco Grand Prix,26-05-2019,Circuit de Monaco,Lando Norris,British,McLaren,12,11,0,78,01:16.4,Finished
2019,6,Monaco Grand Prix,26-05-2019,Circuit de Monaco,Sergio Pérez,Mexican,Racing Point,16,12,0,77,01:16.6,+1 Lap
2019,6,Monaco Grand Prix,26-05-2019,Circuit de Monaco,Nico Hülkenberg,German,Renault,11,13,0,77,01:16.3,+1 Lap
2019,6,Monaco Grand Prix,26-05-2019,Circuit de Monaco,Kevin Magnussen,Danish,Haas F1 Team,5,14,0,77,01:17.0,+1 Lap
2019,6,Monaco Grand Prix,26-05-2019,Circuit de Monaco,George Russell,British,Williams,19,15,0,77,01:17.0,+1 Lap
2019,6,Monaco Grand Prix,26-05-2019,Circuit de Monaco,Lance Stroll,Canadian,Racing Point,17,16,0,77,01:16.4,+1 Lap
2019,6,Monaco Grand Prix,26-05-2019,Circuit de Monaco,Kimi Räikkönen,Finnish,Alfa Romeo,14,17,0,77,01:16.4,+1 Lap
2019,6,Monaco Grand Prix,26-05-2019,Circuit de Monaco,Robert Kubica,Polish,Williams,20,18,0,77,01:17.4,+1 Lap
2019,6,Monaco Grand Prix,26-05-2019,Circuit de Monaco,Antonio Giovinazzi,Italian,Alfa Romeo,18,19,0,76,01:16.3,+2 Laps
2019,6,Monaco Grand Prix,26-05-2019,Circuit de Monaco,Charles Leclerc,Monegasque,Ferrari,15,20,0,16,01:19.2,Collision
2019,7,Canadian Grand Prix,09-06-2019,Circuit Gilles Villeneuve,Lewis Hamilton,British,Mercedes,2,1,25,70,01:14.8,Finished
2019,7,Canadian Grand Prix,09-06-2019,Circuit Gilles Villeneuve,Sebastian Vettel,German,Ferrari,1,2,18,70,01:14.9,Finished
2019,7,Canadian Grand Prix,09-06-2019,Circuit Gilles Villeneuve,Charles Leclerc,Monegasque,Ferrari,3,3,15,70,01:14.4,Finished
2019,7,Canadian Grand Prix,09-06-2019,Circuit Gilles Villeneuve,Valtteri Bottas,Finnish,Mercedes,6,4,13,70,01:13.1,Finished
2019,7,Canadian Grand Prix,09-06-2019,Circuit Gilles Villeneuve,Max Verstappen,Dutch,Red Bull,9,5,10,70,01:14.8,Finished
2019,7,Canadian Grand Prix,09-06-2019,Circuit Gilles Villeneuve,Daniel Ricciardo,Australian,Renault,4,6,8,69,01:16.1,+1 Lap
2019,7,Canadian Grand Prix,09-06-2019,Circuit Gilles Villeneuve,Nico Hülkenberg,German,Renault,7,7,6,69,01:16.0,+1 Lap
2019,7,Canadian Grand Prix,09-06-2019,Circuit Gilles Villeneuve,Pierre Gasly,French,Red Bull,5,8,4,69,01:16.2,+1 Lap
2019,7,Canadian Grand Prix,09-06-2019,Circuit Gilles Villeneuve,Lance Stroll,Canadian,Racing Point,17,9,2,69,01:16.0,+1 Lap
2019,7,Canadian Grand Prix,09-06-2019,Circuit Gilles Villeneuve,Daniil Kvyat,Russian,Toro Rosso,10,10,1,69,01:16.2,+1 Lap
2019,7,Canadian Grand Prix,09-06-2019,Circuit Gilles Villeneuve,Carlos Sainz,Spanish,McLaren,11,11,0,69,01:16.5,+1 Lap
2019,7,Canadian Grand Prix,09-06-2019,Circuit Gilles Villeneuve,Sergio Pérez,Mexican,Racing Point,15,12,0,69,01:16.3,+1 Lap
2019,7,Canadian Grand Prix,09-06-2019,Circuit Gilles Villeneuve,Antonio Giovinazzi,Italian,Alfa Romeo,12,13,0,69,01:16.4,+1 Lap
2019,7,Canadian Grand Prix,09-06-2019,Circuit Gilles Villeneuve,Romain Grosjean,French,Haas F1 Team,14,14,0,69,01:16.2,+1 Lap
2019,7,Canadian Grand Prix,09-06-2019,Circuit Gilles Villeneuve,Kimi Räikkönen,Finnish,Alfa Romeo,16,15,0,69,01:15.4,+1 Lap
2019,7,Canadian Grand Prix,09-06-2019,Circuit Gilles Villeneuve,George Russell,British,Williams,18,16,0,68,01:17.2,+2 Laps
2019,7,Canadian Grand Prix,09-06-2019,Circuit Gilles Villeneuve,Kevin Magnussen,Danish,Haas F1 Team,20,17,0,68,01:17.3,+2 Laps
2019,7,Canadian Grand Prix,09-06-2019,Circuit Gilles Villeneuve,Robert Kubica,Polish,Williams,19,18,0,67,01:17.3,+3 Laps
2019,7,Canadian Grand Prix,09-06-2019,Circuit Gilles Villeneuve,Alexander Albon,Thai,Toro Rosso,13,19,0,59,01:17.2,Collision damage
2019,7,Canadian Grand Prix,09-06-2019,Circuit Gilles Villeneuve,Lando Norris,British,McLaren,8,20,0,8,01:18.0,Suspension
2019,8,French Grand Prix,23-06-2019,Circuit Paul Ricard,Lewis Hamilton,British,Mercedes,1,1,25,53,01:32.8,Finished
2019,8,French Grand Prix,23-06-2019,Circuit Paul Ricard,Valtteri Bottas,Finnish,Mercedes,2,2,18,53,01:33.6,Finished
2019,8,French Grand Prix,23-06-2019,Circuit Paul Ricard,Charles Leclerc,Monegasque,Ferrari,3,3,15,53,01:33.8,Finished
2019,8,French Grand Prix,23-06-2019,Circuit Paul Ricard,Max Verstappen,Dutch,Red Bull,4,4,12,53,01:34.2,Finished
2019,8,French Grand Prix,23-06-2019,Circuit Paul Ricard,Sebastian Vettel,German,Ferrari,7,5,11,53,01:32.7,Finished
2019,8,French Grand Prix,23-06-2019,Circuit Paul Ricard,Carlos Sainz,Spanish,McLaren,6,6,8,53,01:34.6,Finished
2019,8,French Grand Prix,23-06-2019,Circuit Paul Ricard,Kimi Räikkönen,Finnish,Alfa Romeo,12,7,6,52,01:34.9,+1 Lap
2019,8,French Grand Prix,23-06-2019,Circuit Paul Ricard,Nico Hülkenberg,German,Renault,13,8,4,52,01:35.0,+1 Lap
2019,8,French Grand Prix,23-06-2019,Circuit Paul Ricard,Lando Norris,British,McLaren,5,9,2,52,01:34.8,+1 Lap
2019,8,French Grand Prix,23-06-2019,Circuit Paul Ricard,Pierre Gasly,French,Red Bull,9,10,1,52,01:35.2,+1 Lap
2019,8,French Grand Prix,23-06-2019,Circuit Paul Ricard,Daniel Ricciardo,Australian,Renault,8,11,0,52,01:35.2,+1 Lap
2019,8,French Grand Prix,23-06-2019,Circuit Paul Ricard,Sergio Pérez,Mexican,Racing Point,14,12,0,52,01:35.0,+1 Lap
2019,8,French Grand Prix,23-06-2019,Circuit Paul Ricard,Lance Stroll,Canadian,Racing Point,17,13,0,52,01:34.9,+1 Lap
2019,8,French Grand Prix,23-06-2019,Circuit Paul Ricard,Daniil Kvyat,Russian,Toro Rosso,19,14,0,52,01:35.2,+1 Lap
2019,8,French Grand Prix,23-06-2019,Circuit Paul Ricard,Alexander Albon,Thai,Toro Rosso,11,15,0,52,01:35.0,+1 Lap
2019,8,French Grand Prix,23-06-2019,Circuit Paul Ricard,Antonio Giovinazzi,Italian,Alfa Romeo,10,16,0,52,01:35.1,+1 Lap
2019,8,French Grand Prix,23-06-2019,Circuit Paul Ricard,Kevin Magnussen,Danish,Haas F1 Team,15,17,0,52,01:35.7,+1 Lap
2019,8,French Grand Prix,23-06-2019,Circuit Paul Ricard,Robert Kubica,Polish,Williams,18,18,0,51,01:36.6,+2 Laps
2019,8,French Grand Prix,23-06-2019,Circuit Paul Ricard,George Russell,British,Williams,20,19,0,51,01:35.8,+2 Laps
2019,8,French Grand Prix,23-06-2019,Circuit Paul Ricard,Romain Grosjean,French,Haas F1 Team,16,20,0,44,01:35.7,Retired
2019,9,Austrian Grand Prix,30-06-2019,Red Bull Ring,Max Verstappen,Dutch,Red Bull,2,1,26,71,01:07.5,Finished
2019,9,Austrian Grand Prix,30-06-2019,Red Bull Ring,Charles Leclerc,Monegasque,Ferrari,1,2,18,71,01:08.0,Finished
2019,9,Austrian Grand Prix,30-06-2019,Red Bull Ring,Valtteri Bottas,Finnish,Mercedes,3,3,15,71,01:08.6,Finished
2019,9,Austrian Grand Prix,30-06-2019,Red Bull Ring,Sebastian Vettel,German,Ferrari,9,4,12,71,01:07.7,Finished
2019,9,Austrian Grand Prix,30-06-2019,Red Bull Ring,Lewis Hamilton,British,Mercedes,4,5,10,71,01:08.0,Finished
2019,9,Austrian Grand Prix,30-06-2019,Red Bull Ring,Lando Norris,British,McLaren,5,6,8,70,01:08.7,+1 Lap
2019,9,Austrian Grand Prix,30-06-2019,Red Bull Ring,Pierre Gasly,French,Red Bull,8,7,6,70,01:08.8,+1 Lap
2019,9,Austrian Grand Prix,30-06-2019,Red Bull Ring,Carlos Sainz,Spanish,McLaren,19,8,4,70,01:08.1,+1 Lap
2019,9,Austrian Grand Prix,30-06-2019,Red Bull Ring,Kimi Räikkönen,Finnish,Alfa Romeo,6,9,2,70,01:09.1,+1 Lap
2019,9,Austrian Grand Prix,30-06-2019,Red Bull Ring,Antonio Giovinazzi,Italian,Alfa Romeo,7,10,1,70,01:09.1,+1 Lap
2019,9,Austrian Grand Prix,30-06-2019,Red Bull Ring,Sergio Pérez,Mexican,Racing Point,13,11,0,70,01:09.1,+1 Lap
2019,9,Austrian Grand Prix,30-06-2019,Red Bull Ring,Daniel Ricciardo,Australian,Renault,12,12,0,70,01:08.0,+1 Lap
2019,9,Austrian Grand Prix,30-06-2019,Red Bull Ring,Nico Hülkenberg,German,Renault,15,13,0,70,01:09.2,+1 Lap
2019,9,Austrian Grand Prix,30-06-2019,Red Bull Ring,Lance Stroll,Canadian,Racing Point,14,14,0,70,01:09.3,+1 Lap
2019,9,Austrian Grand Prix,30-06-2019,Red Bull Ring,Alexander Albon,Thai,Toro Rosso,18,15,0,70,01:08.9,+1 Lap
2019,9,Austrian Grand Prix,30-06-2019,Red Bull Ring,Romain Grosjean,French,Haas F1 Team,11,16,0,70,01:09.0,+1 Lap
2019,9,Austrian Grand Prix,30-06-2019,Red Bull Ring,Daniil Kvyat,Russian,Toro Rosso,16,17,0,70,01:09.5,+1 Lap
2019,9,Austrian Grand Prix,30-06-2019,Red Bull Ring,George Russell,British,Williams,20,18,0,69,01:09.9,+2 Laps
2019,9,Austrian Grand Prix,30-06-2019,Red Bull Ring,Kevin Magnussen,Danish,Haas F1 Team,10,19,0,69,01:08.9,+2 Laps
2019,9,Austrian Grand Prix,30-06-2019,Red Bull Ring,Robert Kubica,Polish,Williams,17,20,0,68,01:11.0,+3 Laps
2019,10,British Grand Prix,14-07-2019,Silverstone Circuit,Lewis Hamilton,British,Mercedes,2,1,26,52,01:27.4,Finished
2019,10,British Grand Prix,14-07-2019,Silverstone Circuit,Valtteri Bottas,Finnish,Mercedes,1,2,18,52,01:27.4,Finished
2019,10,British Grand Prix,14-07-2019,Silverstone Circuit,Charles Leclerc,Monegasque,Ferrari,3,3,15,52,01:29.3,Finished
2019,10,British Grand Prix,14-07-2019,Silverstone Circuit,Pierre Gasly,French,Red Bull,5,4,12,52,01:29.5,Finished
2019,10,British Grand Prix,14-07-2019,Silverstone Circuit,Max Verstappen,Dutch,Red Bull,4,5,10,52,01:29.3,Finished
2019,10,British Grand Prix,14-07-2019,Silverstone Circuit,Carlos Sainz,Spanish,McLaren,13,6,8,52,01:29.8,Finished
2019,10,British Grand Prix,14-07-2019,Silverstone Circuit,Daniel Ricciardo,Australian,Renault,7,7,6,52,01:29.6,Finished
2019,10,British Grand Prix,14-07-2019,Silverstone Circuit,Kimi Räikkönen,Finnish,Alfa Romeo,12,8,4,52,01:30.0,Finished
2019,10,British Grand Prix,14-07-2019,Silverstone Circuit,Daniil Kvyat,Russian,Toro Rosso,17,9,2,52,01:29.9,Finished
2019,10,British Grand Prix,14-07-2019,Silverstone Circuit,Nico Hülkenberg,German,Renault,10,10,1,52,01:29.9,Finished
2019,10,British Grand Prix,14-07-2019,Silverstone Circuit,Lando Norris,British,McLaren,8,11,0,52,01:29.6,Finished
2019,10,British Grand Prix,14-07-2019,Silverstone Circuit,Alexander Albon,Thai,Toro Rosso,9,12,0,52,01:30.9,Finished
2019,10,British Grand Prix,14-07-2019,Silverstone Circuit,Lance Stroll,Canadian,Racing Point,18,13,0,52,01:29.4,Finished
2019,10,British Grand Prix,14-07-2019,Silverstone Circuit,George Russell,British,Williams,19,14,0,51,01:31.0,+1 Lap
2019,10,British Grand Prix,14-07-2019,Silverstone Circuit,Robert Kubica,Polish,Williams,20,15,0,51,01:31.5,+1 Lap
2019,10,British Grand Prix,14-07-2019,Silverstone Circuit,Sebastian Vettel,German,Ferrari,6,16,0,51,01:28.7,+1 Lap
2019,10,British Grand Prix,14-07-2019,Silverstone Circuit,Sergio Pérez,Mexican,Racing Point,15,17,0,51,01:29.5,+1 Lap
2019,10,British Grand Prix,14-07-2019,Silverstone Circuit,Antonio Giovinazzi,Italian,Alfa Romeo,11,18,0,18,01:32.5,Spun off
2019,10,British Grand Prix,14-07-2019,Silverstone Circuit,Romain Grosjean,French,Haas F1 Team,14,19,0,9,01:34.4,Collision
2019,10,British Grand Prix,14-07-2019,Silverstone Circuit,Kevin Magnussen,Danish,Haas F1 Team,16,20,0,6,01:33.4,Collision
2019,11,German Grand Prix,28-07-2019,Hockenheimring,Max Verstappen,Dutch,Red Bull,2,1,26,64,01:16.6,Finished
2019,11,German Grand Prix,28-07-2019,Hockenheimring,Sebastian Vettel,German,Ferrari,20,2,18,64,01:16.8,Finished
2019,11,German Grand Prix,28-07-2019,Hockenheimring,Daniil Kvyat,Russian,Toro Rosso,14,3,15,64,01:17.7,Finished
2019,11,German Grand Prix,28-07-2019,Hockenheimring,Lance Stroll,Canadian,Racing Point,15,4,12,64,01:17.8,Finished
2019,11,German Grand Prix,28-07-2019,Hockenheimring,Carlos Sainz,Spanish,McLaren,7,5,10,64,01:17.8,Finished
2019,11,German Grand Prix,28-07-2019,Hockenheimring,Alexander Albon,Thai,Toro Rosso,16,6,8,64,01:17.8,Finished
2019,11,German Grand Prix,28-07-2019,Hockenheimring,Romain Grosjean,French,Haas F1 Team,6,7,6,64,01:17.7,Finished
2019,11,German Grand Prix,28-07-2019,Hockenheimring,Kevin Magnussen,Danish,Haas F1 Team,12,8,4,64,01:17.5,Finished
2019,11,German Grand Prix,28-07-2019,Hockenheimring,Lewis Hamilton,British,Mercedes,1,9,2,64,01:18.8,Finished
2019,11,German Grand Prix,28-07-2019,Hockenheimring,Robert Kubica,Polish,Williams,18,10,1,64,01:19.1,Finished
2019,11,German Grand Prix,28-07-2019,Hockenheimring,George Russell,British,Williams,17,11,0,64,01:17.5,Finished
2019,11,German Grand Prix,28-07-2019,Hockenheimring,Kimi Räikkönen,Finnish,Alfa Romeo,5,12,0,64,01:19.6,Finished
2019,11,German Grand Prix,28-07-2019,Hockenheimring,Antonio Giovinazzi,Italian,Alfa Romeo,11,13,0,64,01:19.3,Finished
2019,11,German Grand Prix,28-07-2019,Hockenheimring,Pierre Gasly,French,Red Bull,4,14,0,61,01:17.5,Collision
2019,11,German Grand Prix,28-07-2019,Hockenheimring,Valtteri Bottas,Finnish,Mercedes,3,15,0,56,01:18.3,Accident
2019,11,German Grand Prix,28-07-2019,Hockenheimring,Nico Hülkenberg,German,Renault,9,16,0,39,01:29.6,Accident
2019,11,German Grand Prix,28-07-2019,Hockenheimring,Charles Leclerc,Monegasque,Ferrari,10,17,0,27,01:27.7,Accident
2019,11,German Grand Prix,28-07-2019,Hockenheimring,Lando Norris,British,McLaren,19,18,0,25,01:31.1,Power loss
2019,11,German Grand Prix,28-07-2019,Hockenheimring,Daniel Ricciardo,Australian,Renault,13,19,0,13,01:32.7,Exhaust
2019,11,German Grand Prix,28-07-2019,Hockenheimring,Sergio Pérez,Mexican,Racing Point,8,20,0,1,N/A,Spun off
2019,12,Hungarian Grand Prix,04-08-2019,Hungaroring,Lewis Hamilton,British,Mercedes,3,1,25,70,01:18.5,Finished
2019,12,Hungarian Grand Prix,04-08-2019,Hungaroring,Max Verstappen,Dutch,Red Bull,1,2,19,70,01:17.1,Finished
2019,12,Hungarian Grand Prix,04-08-2019,Hungaroring,Sebastian Vettel,German,Ferrari,5,3,15,70,01:19.8,Finished
2019,12,Hungarian Grand Prix,04-08-2019,Hungaroring,Charles Leclerc,Monegasque,Ferrari,4,4,12,70,01:20.5,Finished
2019,12,Hungarian Grand Prix,04-08-2019,Hungaroring,Carlos Sainz,Spanish,McLaren,8,5,10,69,01:21.0,+1 Lap
2019,12,Hungarian Grand Prix,04-08-2019,Hungaroring,Pierre Gasly,French,Red Bull,6,6,8,69,01:21.0,+1 Lap
2019,12,Hungarian Grand Prix,04-08-2019,Hungaroring,Kimi Räikkönen,Finnish,Alfa Romeo,10,7,6,69,01:20.9,+1 Lap
2019,12,Hungarian Grand Prix,04-08-2019,Hungaroring,Valtteri Bottas,Finnish,Mercedes,2,8,4,69,01:19.3,+1 Lap
2019,12,Hungarian Grand Prix,04-08-2019,Hungaroring,Lando Norris,British,McLaren,7,9,2,69,01:21.2,+1 Lap
2019,12,Hungarian Grand Prix,04-08-2019,Hungaroring,Alexander Albon,Thai,Toro Rosso,12,10,1,69,01:20.6,+1 Lap
2019,12,Hungarian Grand Prix,04-08-2019,Hungaroring,Sergio Pérez,Mexican,Racing Point,16,11,0,69,01:21.7,+1 Lap
2019,12,Hungarian Grand Prix,04-08-2019,Hungaroring,Nico Hülkenberg,German,Renault,11,12,0,69,01:21.6,+1 Lap
2019,12,Hungarian Grand Prix,04-08-2019,Hungaroring,Kevin Magnussen,Danish,Haas F1 Team,14,13,0,69,01:21.0,+1 Lap
2019,12,Hungarian Grand Prix,04-08-2019,Hungaroring,Daniel Ricciardo,Australian,Renault,20,14,0,69,01:20.8,+1 Lap
2019,12,Hungarian Grand Prix,04-08-2019,Hungaroring,Daniil Kvyat,Russian,Toro Rosso,13,15,0,68,01:21.9,+2 Laps
2019,12,Hungarian Grand Prix,04-08-2019,Hungaroring,George Russell,British,Williams,15,16,0,68,01:22.4,+2 Laps
2019,12,Hungarian Grand Prix,04-08-2019,Hungaroring,Lance Stroll,Canadian,Racing Point,18,17,0,68,01:20.6,+2 Laps
2019,12,Hungarian Grand Prix,04-08-2019,Hungaroring,Antonio Giovinazzi,Italian,Alfa Romeo,17,18,0,68,01:23.1,+2 Laps
2019,12,Hungarian Grand Prix,04-08-2019,Hungaroring,Robert Kubica,Polish,Williams,19,19,0,67,01:23.4,+3 Laps
2019,12,Hungarian Grand Prix,04-08-2019,Hungaroring,Romain Grosjean,French,Haas F1 Team,9,20,0,49,01:22.8,Water pressure
2019,13,Belgian Grand Prix,01-09-2019,Circuit de Spa-Francorchamps,Charles Leclerc,Monegasque,Ferrari,1,1,25,44,01:46.7,Finished
2019,13,Belgian Grand Prix,01-09-2019,Circuit de Spa-Francorchamps,Lewis Hamilton,British,Mercedes,3,2,18,44,01:46.6,Finished
2019,13,Belgian Grand Prix,01-09-2019,Circuit de Spa-Francorchamps,Valtteri Bottas,Finnish,Mercedes,4,3,15,44,01:46.5,Finished
2019,13,Belgian Grand Prix,01-09-2019,Circuit de Spa-Francorchamps,Sebastian Vettel,German,Ferrari,2,4,13,44,01:46.4,Finished
2019,13,Belgian Grand Prix,01-09-2019,Circuit de Spa-Francorchamps,Alexander Albon,Thai,Red Bull,17,5,10,44,01:47.5,Finished
2019,13,Belgian Grand Prix,01-09-2019,Circuit de Spa-Francorchamps,Sergio Pérez,Mexican,Racing Point,7,6,8,44,01:48.8,Finished
2019,13,Belgian Grand Prix,01-09-2019,Circuit de Spa-Francorchamps,Daniil Kvyat,Russian,Toro Rosso,19,7,6,44,01:48.1,Finished
2019,13,Belgian Grand Prix,01-09-2019,Circuit de Spa-Francorchamps,Nico Hülkenberg,German,Renault,12,8,4,44,01:48.3,Finished
2019,13,Belgian Grand Prix,01-09-2019,Circuit de Spa-Francorchamps,Pierre Gasly,French,Toro Rosso,13,9,2,44,01:49.7,Finished
2019,13,Belgian Grand Prix,01-09-2019,Circuit de Spa-Francorchamps,Lance Stroll,Canadian,Racing Point,16,10,1,44,01:48.4,Finished
2019,13,Belgian Grand Prix,01-09-2019,Circuit de Spa-Francorchamps,Lando Norris,British,McLaren,11,11,0,43,01:48.3,Engine
2019,13,Belgian Grand Prix,01-09-2019,Circuit de Spa-Francorchamps,Kevin Magnussen,Danish,Haas F1 Team,8,12,0,43,01:48.7,+1 Lap
2019,13,Belgian Grand Prix,01-09-2019,Circuit de Spa-Francorchamps,Romain Grosjean,French,Haas F1 Team,9,13,0,43,01:49.3,+1 Lap
2019,13,Belgian Grand Prix,01-09-2019,Circuit de Spa-Francorchamps,Daniel Ricciardo,Australian,Renault,10,14,0,43,01:50.5,+1 Lap
2019,13,Belgian Grand Prix,01-09-2019,Circuit de Spa-Francorchamps,George Russell,British,Williams,14,15,0,43,01:48.9,+1 Lap
2019,13,Belgian Grand Prix,01-09-2019,Circuit de Spa-Francorchamps,Kimi Räikkönen,Finnish,Alfa Romeo,6,16,0,43,01:48.8,+1 Lap
2019,13,Belgian Grand Prix,01-09-2019,Circuit de Spa-Francorchamps,Robert Kubica,Polish,Williams,20,17,0,43,01:49.2,+1 Lap
2019,13,Belgian Grand Prix,01-09-2019,Circuit de Spa-Francorchamps,Antonio Giovinazzi,Italian,Alfa Romeo,18,18,0,42,01:47.6,Accident
2019,13,Belgian Grand Prix,01-09-2019,Circuit de Spa-Francorchamps,Carlos Sainz,Spanish,McLaren,15,19,0,1,N/A,Power loss
2019,13,Belgian Grand Prix,01-09-2019,Circuit de Spa-Francorchamps,Max Verstappen,Dutch,Red Bull,5,20,0,0,N/A,Accident
2019,14,Italian Grand Prix,08-09-2019,Autodromo Nazionale di Monza,Charles Leclerc,Monegasque,Ferrari,1,1,25,53,01:23.0,Finished
2019,14,Italian Grand Prix,08-09-2019,Autodromo Nazionale di Monza,Valtteri Bottas,Finnish,Mercedes,3,2,18,53,01:22.9,Finished
2019,14,Italian Grand Prix,08-09-2019,Autodromo Nazionale di Monza,Lewis Hamilton,British,Mercedes,2,3,16,53,01:21.8,Finished
2019,14,Italian Grand Prix,08-09-2019,Autodromo Nazionale di Monza,Daniel Ricciardo,Australian,Renault,5,4,12,53,01:23.5,Finished
2019,14,Italian Grand Prix,08-09-2019,Autodromo Nazionale di Monza,Nico Hülkenberg,German,Renault,6,5,10,53,01:23.6,Finished
2019,14,Italian Grand Prix,08-09-2019,Autodromo Nazionale di Monza,Alexander Albon,Thai,Red Bull,8,6,8,53,01:23.4,Finished
2019,14,Italian Grand Prix,08-09-2019,Autodromo Nazionale di Monza,Sergio Pérez,Mexican,Racing Point,18,7,6,53,01:23.8,Finished
2019,14,Italian Grand Prix,08-09-2019,Autodromo Nazionale di Monza,Max Verstappen,Dutch,Red Bull,19,8,4,53,01:23.1,Finished
2019,14,Italian Grand Prix,08-09-2019,Autodromo Nazionale di Monza,Antonio Giovinazzi,Italian,Alfa Romeo,10,9,2,52,01:24.5,+1 Lap
2019,14,Italian Grand Prix,08-09-2019,Autodromo Nazionale di Monza,Lando Norris,British,McLaren,16,10,1,52,01:24.0,+1 Lap
2019,14,Italian Grand Prix,08-09-2019,Autodromo Nazionale di Monza,Pierre Gasly,French,Toro Rosso,17,11,0,52,01:23.9,+1 Lap
2019,14,Italian Grand Prix,08-09-2019,Autodromo Nazionale di Monza,Lance Stroll,Canadian,Racing Point,9,12,0,52,01:24.2,+1 Lap
2019,14,Italian Grand Prix,08-09-2019,Autodromo Nazionale di Monza,Sebastian Vettel,German,Ferrari,4,13,0,52,01:22.8,+1 Lap
2019,14,Italian Grand Prix,08-09-2019,Autodromo Nazionale di Monza,George Russell,British,Williams,14,14,0,52,01:24.8,+1 Lap
2019,14,Italian Grand Prix,08-09-2019,Autodromo Nazionale di Monza,Kimi Räikkönen,Finnish,Alfa Romeo,20,15,0,52,01:24.4,+1 Lap
2019,14,Italian Grand Prix,08-09-2019,Autodromo Nazionale di Monza,Romain Grosjean,French,Haas F1 Team,13,16,0,52,01:25.0,+1 Lap
2019,14,Italian Grand Prix,08-09-2019,Autodromo Nazionale di Monza,Robert Kubica,Polish,Williams,15,17,0,51,01:25.0,+2 Laps
2019,14,Italian Grand Prix,08-09-2019,Autodromo Nazionale di Monza,Kevin Magnussen,Danish,Haas F1 Team,11,18,0,43,01:24.4,Hydraulics
2019,14,Italian Grand Prix,08-09-2019,Autodromo Nazionale di Monza,Daniil Kvyat,Russian,Toro Rosso,12,19,0,29,01:25.8,Engine
2019,14,Italian Grand Prix,08-09-2019,Autodromo Nazionale di Monza,Carlos Sainz,Spanish,McLaren,7,20,0,27,01:25.6,Wheel
2019,15,Singapore Grand Prix,22-09-2019,Marina Bay Street Circuit,Sebastian Vettel,German,Ferrari,3,1,25,61,01:44.8,Finished
2019,15,Singapore Grand Prix,22-09-2019,Marina Bay Street Circuit,Charles Leclerc,Monegasque,Ferrari,1,2,18,61,01:44.7,Finished
2019,15,Singapore Grand Prix,22-09-2019,Marina Bay Street Circuit,Max Verstappen,Dutch,Red Bull,4,3,15,61,01:45.2,Finished
2019,15,Singapore Grand Prix,22-09-2019,Marina Bay Street Circuit,Lewis Hamilton,British,Mercedes,2,4,12,61,01:44.9,Finished
2019,15,Singapore Grand Prix,22-09-2019,Marina Bay Street Circuit,Valtteri Bottas,Finnish,Mercedes,5,5,10,61,01:43.5,Finished
2019,15,Singapore Grand Prix,22-09-2019,Marina Bay Street Circuit,Alexander Albon,Thai,Red Bull,6,6,8,61,01:45.3,Finished
2019,15,Singapore Grand Prix,22-09-2019,Marina Bay Street Circuit,Lando Norris,British,McLaren,9,7,6,61,01:45.7,Finished
2019,15,Singapore Grand Prix,22-09-2019,Marina Bay Street Circuit,Pierre Gasly,French,Toro Rosso,11,8,4,61,01:45.8,Finished
2019,15,Singapore Grand Prix,22-09-2019,Marina Bay Street Circuit,Nico Hülkenberg,German,Renault,8,9,2,61,01:45.8,Finished
2019,15,Singapore Grand Prix,22-09-2019,Marina Bay Street Circuit,Antonio Giovinazzi,Italian,Alfa Romeo,10,10,1,61,01:45.6,Finished
2019,15,Singapore Grand Prix,22-09-2019,Marina Bay Street Circuit,Romain Grosjean,French,Haas F1 Team,17,11,0,61,01:46.3,Finished
2019,15,Singapore Grand Prix,22-09-2019,Marina Bay Street Circuit,Carlos Sainz,Spanish,McLaren,7,12,0,61,01:46.0,Finished
2019,15,Singapore Grand Prix,22-09-2019,Marina Bay Street Circuit,Lance Stroll,Canadian,Racing Point,16,13,0,61,01:44.9,Finished
2019,15,Singapore Grand Prix,22-09-2019,Marina Bay Street Circuit,Daniel Ricciardo,Australian,Renault,20,14,0,61,01:45.9,Finished
2019,15,Singapore Grand Prix,22-09-2019,Marina Bay Street Circuit,Daniil Kvyat,Russian,Toro Rosso,14,15,0,61,01:44.4,Finished
2019,15,Singapore Grand Prix,22-09-2019,Marina Bay Street Circuit,Robert Kubica,Polish,Williams,19,16,0,61,01:46.8,Finished
2019,15,Singapore Grand Prix,22-09-2019,Marina Bay Street Circuit,Kevin Magnussen,Danish,Haas F1 Team,13,17,0,61,01:42.3,Finished
2019,15,Singapore Grand Prix,22-09-2019,Marina Bay Street Circuit,Kimi Räikkönen,Finnish,Alfa Romeo,12,18,0,49,01:47.1,Collision
2019,15,Singapore Grand Prix,22-09-2019,Marina Bay Street Circuit,Sergio Pérez,Mexican,Racing Point,15,19,0,42,01:46.7,Engine
2019,15,Singapore Grand Prix,22-09-2019,Marina Bay Street Circuit,George Russell,British,Williams,18,20,0,34,01:48.3,Collision
2019,16,Russian Grand Prix,29-09-2019,Sochi Autodrom,Lewis Hamilton,British,Mercedes,2,1,26,53,01:35.8,Finished
2019,16,Russian Grand Prix,29-09-2019,Sochi Autodrom,Valtteri Bottas,Finnish,Mercedes,4,2,18,53,01:36.3,Finished
2019,16,Russian Grand Prix,29-09-2019,Sochi Autodrom,Charles Leclerc,Monegasque,Ferrari,1,3,15,53,01:36.2,Finished
2019,16,Russian Grand Prix,29-09-2019,Sochi Autodrom,Max Verstappen,Dutch,Red Bull,9,4,12,53,01:36.9,Finished
2019,16,Russian Grand Prix,29-09-2019,Sochi Autodrom,Alexander Albon,Thai,Red Bull,20,5,10,53,01:36.8,Finished
2019,16,Russian Grand Prix,29-09-2019,Sochi Autodrom,Carlos Sainz,Spanish,McLaren,5,6,8,53,01:38.0,Finished
2019,16,Russian Grand Prix,29-09-2019,Sochi Autodrom,Sergio Pérez,Mexican,Racing Point,11,7,6,53,01:38.0,Finished
2019,16,Russian Grand Prix,29-09-2019,Sochi Autodrom,Lando Norris,British,McLaren,7,8,4,53,01:38.3,Finished
2019,16,Russian Grand Prix,29-09-2019,Sochi Autodrom,Kevin Magnussen,Danish,Haas F1 Team,13,9,2,53,01:38.1,Finished
2019,16,Russian Grand Prix,29-09-2019,Sochi Autodrom,Nico Hülkenberg,German,Renault,6,10,1,53,01:38.5,Finished
2019,16,Russian Grand Prix,29-09-2019,Sochi Autodrom,Lance Stroll,Canadian,Racing Point,14,11,0,53,01:38.6,Finished
2019,16,Russian Grand Prix,29-09-2019,Sochi Autodrom,Daniil Kvyat,Russian,Toro Rosso,19,12,0,53,01:38.2,Finished
2019,16,Russian Grand Prix,29-09-2019,Sochi Autodrom,Kimi Räikkönen,Finnish,Alfa Romeo,15,13,0,53,01:38.6,Finished
2019,16,Russian Grand Prix,29-09-2019,Sochi Autodrom,Pierre Gasly,French,Toro Rosso,16,14,0,53,01:38.6,Finished
2019,16,Russian Grand Prix,29-09-2019,Sochi Autodrom,Antonio Giovinazzi,Italian,Alfa Romeo,12,15,0,53,01:38.7,Finished
2019,16,Russian Grand Prix,29-09-2019,Sochi Autodrom,Robert Kubica,Polish,Williams,18,16,0,28,01:42.3,Brakes
2019,16,Russian Grand Prix,29-09-2019,Sochi Autodrom,George Russell,British,Williams,17,17,0,27,01:41.7,Brakes
2019,16,Russian Grand Prix,29-09-2019,Sochi Autodrom,Sebastian Vettel,German,Ferrari,3,18,0,26,01:38.2,Power loss
2019,16,Russian Grand Prix,29-09-2019,Sochi Autodrom,Daniel Ricciardo,Australian,Renault,10,19,0,24,01:41.3,Collision
2019,16,Russian Grand Prix,29-09-2019,Sochi Autodrom,Romain Grosjean,French,Haas F1 Team,8,20,0,0,N/A,Collision
2019,17,Japanese Grand Prix,13-10-2019,Suzuka Circuit,Valtteri Bottas,Finnish,Mercedes,3,1,25,52,01:31.9,Finished
2019,17,Japanese Grand Prix,13-10-2019,Suzuka Circuit,Sebastian Vettel,German,Ferrari,1,2,18,52,01:32.1,Finished
2019,17,Japanese Grand Prix,13-10-2019,Suzuka Circuit,Lewis Hamilton,British,Mercedes,4,3,16,52,01:31.0,Finished
2019,17,Japanese Grand Prix,13-10-2019,Suzuka Circuit,Alexander Albon,Thai,Red Bull,6,4,12,52,01:32.8,Finished
2019,17,Japanese Grand Prix,13-10-2019,Suzuka Circuit,Carlos Sainz,Spanish,McLaren,7,5,10,52,01:33.6,Finished
2019,17,Japanese Grand Prix,13-10-2019,Suzuka Circuit,Charles Leclerc,Monegasque,Ferrari,2,6,8,51,01:31.6,+1 Lap
2019,17,Japanese Grand Prix,13-10-2019,Suzuka Circuit,Pierre Gasly,French,Toro Rosso,9,7,6,51,01:35.3,+1 Lap
2019,17,Japanese Grand Prix,13-10-2019,Suzuka Circuit,Sergio Pérez,Mexican,Racing Point,17,8,4,51,01:32.6,+1 Lap
2019,17,Japanese Grand Prix,13-10-2019,Suzuka Circuit,Lance Stroll,Canadian,Racing Point,12,9,2,51,01:34.7,+1 Lap
2019,17,Japanese Grand Prix,13-10-2019,Suzuka Circuit,Daniil Kvyat,Russian,Toro Rosso,14,10,1,51,01:33.2,+1 Lap
2019,17,Japanese Grand Prix,13-10-2019,Suzuka Circuit,Lando Norris,British,McLaren,8,11,0,51,01:34.1,+1 Lap
2019,17,Japanese Grand Prix,13-10-2019,Suzuka Circuit,Kimi Räikkönen,Finnish,Alfa Romeo,13,12,0,51,01:33.2,+1 Lap
2019,17,Japanese Grand Prix,13-10-2019,Suzuka Circuit,Romain Grosjean,French,Haas F1 Team,10,13,0,51,01:35.0,+1 Lap
2019,17,Japanese Grand Prix,13-10-2019,Suzuka Circuit,Antonio Giovinazzi,Italian,Alfa Romeo,11,14,0,51,01:32.4,+1 Lap
2019,17,Japanese Grand Prix,13-10-2019,Suzuka Circuit,Kevin Magnussen,Danish,Haas F1 Team,19,15,0,51,01:31.7,+1 Lap
2019,17,Japanese Grand Prix,13-10-2019,Suzuka Circuit,George Russell,British,Williams,18,16,0,50,01:35.5,+2 Laps
2019,17,Japanese Grand Prix,13-10-2019,Suzuka Circuit,Robert Kubica,Polish,Williams,20,17,0,50,01:36.3,+2 Laps
2019,17,Japanese Grand Prix,13-10-2019,Suzuka Circuit,Max Verstappen,Dutch,Red Bull,5,18,0,14,01:37.2,Brakes
2019,17,Japanese Grand Prix,13-10-2019,Suzuka Circuit,Daniel Ricciardo,Australian,Renault,16,19,0,51,01:33.5,Disqualified
2019,17,Japanese Grand Prix,13-10-2019,Suzuka Circuit,Nico Hülkenberg,German,Renault,15,20,0,51,01:34.9,Disqualified
2019,18,Mexican Grand Prix,27-10-2019,Autódromo Hermanos Rodríguez,Lewis Hamilton,British,Mercedes,3,1,25,71,01:19.5,Finished
2019,18,Mexican Grand Prix,27-10-2019,Autódromo Hermanos Rodríguez,Sebastian Vettel,German,Ferrari,2,2,18,71,01:19.4,Finished
2019,18,Mexican Grand Prix,27-10-2019,Autódromo Hermanos Rodríguez,Valtteri Bottas,Finnish,Mercedes,6,3,15,71,01:19.5,Finished
2019,18,Mexican Grand Prix,27-10-2019,Autódromo Hermanos Rodríguez,Charles Leclerc,Monegasque,Ferrari,1,4,13,71,01:19.2,Finished
2019,18,Mexican Grand Prix,27-10-2019,Autódromo Hermanos Rodríguez,Alexander Albon,Thai,Red Bull,5,5,10,71,01:19.3,Finished
2019,18,Mexican Grand Prix,27-10-2019,Autódromo Hermanos Rodríguez,Max Verstappen,Dutch,Red Bull,4,6,8,71,01:20.4,Finished
2019,18,Mexican Grand Prix,27-10-2019,Autódromo Hermanos Rodríguez,Sergio Pérez,Mexican,Racing Point,11,7,6,71,01:20.5,Finished
2019,18,Mexican Grand Prix,27-10-2019,Autódromo Hermanos Rodríguez,Daniel Ricciardo,Australian,Renault,13,8,4,71,01:20.1,Finished
2019,18,Mexican Grand Prix,27-10-2019,Autódromo Hermanos Rodríguez,Pierre Gasly,French,Toro Rosso,10,9,2,70,01:19.5,+1 Lap
2019,18,Mexican Grand Prix,27-10-2019,Autódromo Hermanos Rodríguez,Nico Hülkenberg,German,Renault,12,10,1,70,01:20.8,+1 Lap
2019,18,Mexican Grand Prix,27-10-2019,Autódromo Hermanos Rodríguez,Daniil Kvyat,Russian,Toro Rosso,9,11,0,70,01:19.9,+1 Lap
2019,18,Mexican Grand Prix,27-10-2019,Autódromo Hermanos Rodríguez,Lance Stroll,Canadian,Racing Point,16,12,0,70,01:20.9,+1 Lap
2019,18,Mexican Grand Prix,27-10-2019,Autódromo Hermanos Rodríguez,Carlos Sainz,Spanish,McLaren,7,13,0,70,01:20.3,+1 Lap
2019,18,Mexican Grand Prix,27-10-2019,Autódromo Hermanos Rodríguez,Antonio Giovinazzi,Italian,Alfa Romeo,15,14,0,70,01:21.0,+1 Lap
2019,18,Mexican Grand Prix,27-10-2019,Autódromo Hermanos Rodríguez,Kevin Magnussen,Danish,Haas F1 Team,17,15,0,69,01:21.7,+2 Laps
2019,18,Mexican Grand Prix,27-10-2019,Autódromo Hermanos Rodríguez,George Russell,British,Williams,19,16,0,69,01:21.3,+2 Laps
2019,18,Mexican Grand Prix,27-10-2019,Autódromo Hermanos Rodríguez,Romain Grosjean,French,Haas F1 Team,18,17,0,69,01:21.6,+2 Laps
2019,18,Mexican Grand Prix,27-10-2019,Autódromo Hermanos Rodríguez,Robert Kubica,Polish,Williams,20,18,0,69,01:20.7,+2 Laps
2019,18,Mexican Grand Prix,27-10-2019,Autódromo Hermanos Rodríguez,Kimi Räikkönen,Finnish,Alfa Romeo,14,19,0,58,01:20.1,Overheating
2019,18,Mexican Grand Prix,27-10-2019,Autódromo Hermanos Rodríguez,Lando Norris,British,McLaren,8,20,0,48,01:21.6,Withdrew
2019,19,United States Grand Prix,03-11-2019,Circuit of the Americas,Valtteri Bottas,Finnish,Mercedes,1,1,25,56,01:37.0,Finished
2019,19,United States Grand Prix,03-11-2019,Circuit of the Americas,Lewis Hamilton,British,Mercedes,5,2,18,56,01:38.4,Finished
2019,19,United States Grand Prix,03-11-2019,Circuit of the Americas,Max Verstappen,Dutch,Red Bull,3,3,15,56,01:38.2,Finished
2019,19,United States Grand Prix,03-11-2019,Circuit of the Americas,Charles Leclerc,Monegasque,Ferrari,4,4,13,56,01:36.2,Finished
2019,19,United States Grand Prix,03-11-2019,Circuit of the Americas,Alexander Albon,Thai,Red Bull,6,5,10,56,01:38.0,Finished
2019,19,United States Grand Prix,03-11-2019,Circuit of the Americas,Daniel Ricciardo,Australian,Renault,9,6,8,56,01:40.6,Finished
2019,19,United States Grand Prix,03-11-2019,Circuit of the Americas,Lando Norris,British,McLaren,8,7,6,56,01:38.1,Finished
2019,19,United States Grand Prix,03-11-2019,Circuit of the Americas,Carlos Sainz,Spanish,McLaren,7,8,4,55,01:40.8,+1 Lap
2019,19,United States Grand Prix,03-11-2019,Circuit of the Americas,Nico Hülkenberg,German,Renault,11,9,2,55,01:38.4,+1 Lap
2019,19,United States Grand Prix,03-11-2019,Circuit of the Americas,Sergio Pérez,Mexican,Racing Point,20,10,1,55,01:40.2,+1 Lap
2019,19,United States Grand Prix,03-11-2019,Circuit of the Americas,Kimi Räikkönen,Finnish,Alfa Romeo,17,11,0,55,01:39.6,+1 Lap
2019,19,United States Grand Prix,03-11-2019,Circuit of the Americas,Daniil Kvyat,Russian,Toro Rosso,13,12,0,55,01:39.0,+1 Lap
2019,19,United States Grand Prix,03-11-2019,Circuit of the Americas,Lance Stroll,Canadian,Racing Point,14,13,0,55,01:40.4,+1 Lap
2019,19,United States Grand Prix,03-11-2019,Circuit of the Americas,Antonio Giovinazzi,Italian,Alfa Romeo,16,14,0,55,01:40.0,+1 Lap
2019,19,United States Grand Prix,03-11-2019,Circuit of the Americas,Romain Grosjean,French,Haas F1 Team,15,15,0,55,01:41.3,+1 Lap
2019,19,United States Grand Prix,03-11-2019,Circuit of the Americas,Pierre Gasly,French,Toro Rosso,10,16,0,54,01:40.9,Suspension
2019,19,United States Grand Prix,03-11-2019,Circuit of the Americas,George Russell,British,Williams,18,17,0,54,01:41.2,+2 Laps
2019,19,United States Grand Prix,03-11-2019,Circuit of the Americas,Kevin Magnussen,Danish,Haas F1 Team,12,18,0,52,01:40.3,Brakes
2019,19,United States Grand Prix,03-11-2019,Circuit of the Americas,Robert Kubica,Polish,Williams,19,19,0,31,01:43.8,Oil leak
2019,19,United States Grand Prix,03-11-2019,Circuit of the Americas,Sebastian Vettel,German,Ferrari,2,20,0,7,01:42.2,Suspension
2019,20,Brazilian Grand Prix,17-11-2019,Autódromo José Carlos Pace,Max Verstappen,Dutch,Red Bull,1,1,25,71,01:10.9,Finished
2019,20,Brazilian Grand Prix,17-11-2019,Autódromo José Carlos Pace,Pierre Gasly,French,Toro Rosso,6,2,18,71,01:12.4,Finished
2019,20,Brazilian Grand Prix,17-11-2019,Autódromo José Carlos Pace,Carlos Sainz,Spanish,McLaren,20,3,15,71,01:13.2,Finished
2019,20,Brazilian Grand Prix,17-11-2019,Autódromo José Carlos Pace,Kimi Räikkönen,Finnish,Alfa Romeo,8,4,12,71,01:13.1,Finished
2019,20,Brazilian Grand Prix,17-11-2019,Autódromo José Carlos Pace,Antonio Giovinazzi,Italian,Alfa Romeo,12,5,10,71,01:13.0,Finished
2019,20,Brazilian Grand Prix,17-11-2019,Autódromo José Carlos Pace,Daniel Ricciardo,Australian,Renault,11,6,8,71,01:12.7,Finished
2019,20,Brazilian Grand Prix,17-11-2019,Autódromo José Carlos Pace,Lewis Hamilton,British,Mercedes,3,7,6,71,01:11.1,Finished
2019,20,Brazilian Grand Prix,17-11-2019,Autódromo José Carlos Pace,Lando Norris,British,McLaren,10,8,4,71,01:12.3,Finished
2019,20,Brazilian Grand Prix,17-11-2019,Autódromo José Carlos Pace,Sergio Pérez,Mexican,Racing Point,15,9,2,71,01:12.8,Finished
2019,20,Brazilian Grand Prix,17-11-2019,Autódromo José Carlos Pace,Daniil Kvyat,Russian,Toro Rosso,16,10,1,71,01:12.4,Finished
2019,20,Brazilian Grand Prix,17-11-2019,Autódromo José Carlos Pace,Kevin Magnussen,Danish,Haas F1 Team,9,11,0,71,01:13.3,Finished
2019,20,Brazilian Grand Prix,17-11-2019,Autódromo José Carlos Pace,George Russell,British,Williams,18,12,0,71,01:13.8,Finished
2019,20,Brazilian Grand Prix,17-11-2019,Autódromo José Carlos Pace,Romain Grosjean,French,Haas F1 Team,7,13,0,71,01:13.6,Finished
2019,20,Brazilian Grand Prix,17-11-2019,Autódromo José Carlos Pace,Alexander Albon,Thai,Red Bull,5,14,0,71,01:11.1,Finished
2019,20,Brazilian Grand Prix,17-11-2019,Autódromo José Carlos Pace,Nico Hülkenberg,German,Renault,13,15,0,71,01:12.9,Finished
2019,20,Brazilian Grand Prix,17-11-2019,Autódromo José Carlos Pace,Robert Kubica,Polish,Williams,19,16,0,70,01:14.6,+1 Lap
2019,20,Brazilian Grand Prix,17-11-2019,Autódromo José Carlos Pace,Sebastian Vettel,German,Ferrari,2,17,0,65,01:11.4,Collision
2019,20,Brazilian Grand Prix,17-11-2019,Autódromo José Carlos Pace,Charles Leclerc,Monegasque,Ferrari,14,18,0,65,01:11.4,Collision
2019,20,Brazilian Grand Prix,17-11-2019,Autódromo José Carlos Pace,Lance Stroll,Canadian,Racing Point,17,19,0,65,01:12.6,Suspension
2019,20,Brazilian Grand Prix,17-11-2019,Autódromo José Carlos Pace,Valtteri Bottas,Finnish,Mercedes,4,20,0,51,01:10.7,Power Unit
2019,21,Abu Dhabi Grand Prix,01-12-2019,Yas Marina Circuit,Lewis Hamilton,British,Mercedes,1,1,26,55,01:39.3,Finished
2019,21,Abu Dhabi Grand Prix,01-12-2019,Yas Marina Circuit,Max Verstappen,Dutch,Red Bull,2,2,18,55,01:41.1,Finished
2019,21,Abu Dhabi Grand Prix,01-12-2019,Yas Marina Circuit,Charles Leclerc,Monegasque,Ferrari,3,3,15,55,01:40.4,Finished
2019,21,Abu Dhabi Grand Prix,01-12-2019,Yas Marina Circuit,Valtteri Bottas,Finnish,Mercedes,20,4,12,55,01:39.7,Finished
2019,21,Abu Dhabi Grand Prix,01-12-2019,Yas Marina Circuit,Sebastian Vettel,German,Ferrari,4,5,10,55,01:40.1,Finished
2019,21,Abu Dhabi Grand Prix,01-12-2019,Yas Marina Circuit,Alexander Albon,Thai,Red Bull,5,6,8,55,01:42.2,Finished
2019,21,Abu Dhabi Grand Prix,01-12-2019,Yas Marina Circuit,Sergio Pérez,Mexican,Racing Point,10,7,6,54,01:42.6,+1 Lap
2019,21,Abu Dhabi Grand Prix,01-12-2019,Yas Marina Circuit,Lando Norris,British,McLaren,6,8,4,54,01:43.0,+1 Lap
2019,21,Abu Dhabi Grand Prix,01-12-2019,Yas Marina Circuit,Daniil Kvyat,Russian,Toro Rosso,13,9,2,54,01:42.2,+1 Lap
2019,21,Abu Dhabi Grand Prix,01-12-2019,Yas Marina Circuit,Carlos Sainz,Spanish,McLaren,8,10,1,54,01:41.3,+1 Lap
2019,21,Abu Dhabi Grand Prix,01-12-2019,Yas Marina Circuit,Daniel Ricciardo,Australian,Renault,7,11,0,54,01:41.2,+1 Lap
2019,21,Abu Dhabi Grand Prix,01-12-2019,Yas Marina Circuit,Nico Hülkenberg,German,Renault,9,12,0,54,01:43.3,+1 Lap
2019,21,Abu Dhabi Grand Prix,01-12-2019,Yas Marina Circuit,Kimi Räikkönen,Finnish,Alfa Romeo,17,13,0,54,01:43.1,+1 Lap
2019,21,Abu Dhabi Grand Prix,01-12-2019,Yas Marina Circuit,Kevin Magnussen,Danish,Haas F1 Team,14,14,0,54,01:43.8,+1 Lap
2019,21,Abu Dhabi Grand Prix,01-12-2019,Yas Marina Circuit,Romain Grosjean,French,Haas F1 Team,15,15,0,54,01:43.7,+1 Lap
2019,21,Abu Dhabi Grand Prix,01-12-2019,Yas Marina Circuit,Antonio Giovinazzi,Italian,Alfa Romeo,16,16,0,54,01:43.3,+1 Lap
2019,21,Abu Dhabi Grand Prix,01-12-2019,Yas Marina Circuit,George Russell,British,Williams,18,17,0,54,01:43.1,+1 Lap
2019,21,Abu Dhabi Grand Prix,01-12-2019,Yas Marina Circuit,Pierre Gasly,French,Toro Rosso,11,18,0,53,01:42.4,+2 Laps
2019,21,Abu Dhabi Grand Prix,01-12-2019,Yas Marina Circuit,Robert Kubica,Polish,Williams,19,19,0,53,01:44.5,+2 Laps
2019,21,Abu Dhabi Grand Prix,01-12-2019,Yas Marina Circuit,Lance Stroll,Canadian,Racing Point,12,20,0,45,01:43.3,Brakes
2020,1,Austrian Grand Prix,05-07-2020,Red Bull Ring,Valtteri Bottas,Finnish,Mercedes,1,1,25,71,01:07.7,Finished
2020,1,Austrian Grand Prix,05-07-2020,Red Bull Ring,Charles Leclerc,Monegasque,Ferrari,7,2,18,71,01:07.9,Finished
2020,1,Austrian Grand Prix,05-07-2020,Red Bull Ring,Lando Norris,British,McLaren,3,3,16,71,01:07.5,Finished
2020,1,Austrian Grand Prix,05-07-2020,Red Bull Ring,Lewis Hamilton,British,Mercedes,5,4,12,71,01:07.7,Finished
2020,1,Austrian Grand Prix,05-07-2020,Red Bull Ring,Carlos Sainz,Spanish,McLaren,8,5,10,71,01:08.0,Finished
2020,1,Austrian Grand Prix,05-07-2020,Red Bull Ring,Sergio Pérez,Mexican,Racing Point,6,6,8,71,01:08.3,Finished
2020,1,Austrian Grand Prix,05-07-2020,Red Bull Ring,Pierre Gasly,French,AlphaTauri,12,7,6,71,01:09.0,Finished
2020,1,Austrian Grand Prix,05-07-2020,Red Bull Ring,Esteban Ocon,French,Renault,14,8,4,71,01:08.9,Finished
2020,1,Austrian Grand Prix,05-07-2020,Red Bull Ring,Antonio Giovinazzi,Italian,Alfa Romeo,18,9,2,71,01:08.8,Finished
2020,1,Austrian Grand Prix,05-07-2020,Red Bull Ring,Sebastian Vettel,German,Ferrari,11,10,1,71,01:08.6,Finished
2020,1,Austrian Grand Prix,05-07-2020,Red Bull Ring,Nicholas Latifi,Canadian,Williams,20,11,0,71,01:09.7,Finished
2020,1,Austrian Grand Prix,05-07-2020,Red Bull Ring,Daniil Kvyat,Russian,AlphaTauri,13,12,0,69,01:09.1,Suspension
2020,1,Austrian Grand Prix,05-07-2020,Red Bull Ring,Alexander Albon,Thai,Red Bull,4,13,0,67,01:08.4,Electronics
2020,1,Austrian Grand Prix,05-07-2020,Red Bull Ring,Kimi Räikkönen,Finnish,Alfa Romeo,19,14,0,53,01:09.0,Wheel
2020,1,Austrian Grand Prix,05-07-2020,Red Bull Ring,George Russell,British,Williams,17,15,0,49,01:09.3,Fuel pressure
2020,1,Austrian Grand Prix,05-07-2020,Red Bull Ring,Romain Grosjean,French,Haas F1 Team,15,16,0,49,01:10.2,Brakes
2020,1,Austrian Grand Prix,05-07-2020,Red Bull Ring,Kevin Magnussen,Danish,Haas F1 Team,16,17,0,24,01:10.7,Brakes
2020,1,Austrian Grand Prix,05-07-2020,Red Bull Ring,Lance Stroll,Canadian,Racing Point,9,18,0,20,01:10.3,Engine
2020,1,Austrian Grand Prix,05-07-2020,Red Bull Ring,Daniel Ricciardo,Australian,Renault,10,19,0,17,01:10.6,Overheating
2020,1,Austrian Grand Prix,05-07-2020,Red Bull Ring,Max Verstappen,Dutch,Red Bull,2,20,0,11,01:09.4,Electronics
2020,2,Styrian Grand Prix,12-07-2020,Red Bull Ring,Lewis Hamilton,British,Mercedes,1,1,25,71,01:06.7,Finished
2020,2,Styrian Grand Prix,12-07-2020,Red Bull Ring,Valtteri Bottas,Finnish,Mercedes,4,2,18,71,01:07.5,Finished
2020,2,Styrian Grand Prix,12-07-2020,Red Bull Ring,Max Verstappen,Dutch,Red Bull,2,3,15,71,01:06.1,Finished
2020,2,Styrian Grand Prix,12-07-2020,Red Bull Ring,Alexander Albon,Thai,Red Bull,6,4,12,71,01:07.3,Finished
2020,2,Styrian Grand Prix,12-07-2020,Red Bull Ring,Lando Norris,British,McLaren,9,5,10,71,01:07.2,Finished
2020,2,Styrian Grand Prix,12-07-2020,Red Bull Ring,Sergio Pérez,Mexican,Racing Point,17,6,8,71,01:07.2,Finished
2020,2,Styrian Grand Prix,12-07-2020,Red Bull Ring,Lance Stroll,Canadian,Racing Point,12,7,6,71,01:07.8,Finished
2020,2,Styrian Grand Prix,12-07-2020,Red Bull Ring,Daniel Ricciardo,Australian,Renault,8,8,4,71,01:07.8,Finished
2020,2,Styrian Grand Prix,12-07-2020,Red Bull Ring,Carlos Sainz,Spanish,McLaren,3,9,3,70,01:05.6,+1 Lap
2020,2,Styrian Grand Prix,12-07-2020,Red Bull Ring,Daniil Kvyat,Russian,AlphaTauri,13,10,1,70,01:08.4,+1 Lap
2020,2,Styrian Grand Prix,12-07-2020,Red Bull Ring,Kimi Räikkönen,Finnish,Alfa Romeo,16,11,0,70,01:08.4,+1 Lap
2020,2,Styrian Grand Prix,12-07-2020,Red Bull Ring,Kevin Magnussen,Danish,Haas F1 Team,15,12,0,70,01:08.0,+1 Lap
2020,2,Styrian Grand Prix,12-07-2020,Red Bull Ring,Romain Grosjean,French,Haas F1 Team,20,13,0,70,01:08.0,+1 Lap
2020,2,Styrian Grand Prix,12-07-2020,Red Bull Ring,Antonio Giovinazzi,Italian,Alfa Romeo,19,14,0,70,01:08.5,+1 Lap
2020,2,Styrian Grand Prix,12-07-2020,Red Bull Ring,Pierre Gasly,French,AlphaTauri,7,15,0,70,01:07.8,+1 Lap
2020,2,Styrian Grand Prix,12-07-2020,Red Bull Ring,George Russell,British,Williams,11,16,0,69,01:08.6,+2 Laps
2020,2,Styrian Grand Prix,12-07-2020,Red Bull Ring,Nicholas Latifi,Canadian,Williams,18,17,0,69,01:08.8,+2 Laps
2020,2,Styrian Grand Prix,12-07-2020,Red Bull Ring,Esteban Ocon,French,Renault,5,18,0,25,01:09.3,Overheating
2020,2,Styrian Grand Prix,12-07-2020,Red Bull Ring,Charles Leclerc,Monegasque,Ferrari,14,19,0,4,01:35.4,Collision damage
2020,2,Styrian Grand Prix,12-07-2020,Red Bull Ring,Sebastian Vettel,German,Ferrari,10,20,0,1,N/A,Collision damage
2020,3,Hungarian Grand Prix,19-07-2020,Hungaroring,Lewis Hamilton,British,Mercedes,1,1,26,70,01:16.6,Finished
2020,3,Hungarian Grand Prix,19-07-2020,Hungaroring,Max Verstappen,Dutch,Red Bull,7,2,18,70,01:19.2,Finished
2020,3,Hungarian Grand Prix,19-07-2020,Hungaroring,Valtteri Bottas,Finnish,Mercedes,2,3,15,70,01:17.7,Finished
2020,3,Hungarian Grand Prix,19-07-2020,Hungaroring,Lance Stroll,Canadian,Racing Point,3,4,12,70,01:19.0,Finished
2020,3,Hungarian Grand Prix,19-07-2020,Hungaroring,Alexander Albon,Thai,Red Bull,13,5,10,70,01:19.4,Finished
2020,3,Hungarian Grand Prix,19-07-2020,Hungaroring,Sebastian Vettel,German,Ferrari,5,6,8,69,01:20.4,+1 Lap
2020,3,Hungarian Grand Prix,19-07-2020,Hungaroring,Sergio Pérez,Mexican,Racing Point,4,7,6,69,01:20.1,+1 Lap
2020,3,Hungarian Grand Prix,19-07-2020,Hungaroring,Daniel Ricciardo,Australian,Renault,11,8,4,69,01:19.5,+1 Lap
2020,3,Hungarian Grand Prix,19-07-2020,Hungaroring,Carlos Sainz,Spanish,McLaren,9,9,2,69,01:20.5,+1 Lap
2020,3,Hungarian Grand Prix,19-07-2020,Hungaroring,Kevin Magnussen,Danish,Haas F1 Team,20,10,1,69,01:19.5,+1 Lap
2020,3,Hungarian Grand Prix,19-07-2020,Hungaroring,Charles Leclerc,Monegasque,Ferrari,6,11,0,69,01:20.8,+1 Lap
2020,3,Hungarian Grand Prix,19-07-2020,Hungaroring,Daniil Kvyat,Russian,AlphaTauri,17,12,0,69,01:20.9,+1 Lap
2020,3,Hungarian Grand Prix,19-07-2020,Hungaroring,Lando Norris,British,McLaren,8,13,0,69,01:19.9,+1 Lap
2020,3,Hungarian Grand Prix,19-07-2020,Hungaroring,Esteban Ocon,French,Renault,14,14,0,69,01:20.3,+1 Lap
2020,3,Hungarian Grand Prix,19-07-2020,Hungaroring,Kimi Räikkönen,Finnish,Alfa Romeo,20,15,0,69,01:20.9,+1 Lap
2020,3,Hungarian Grand Prix,19-07-2020,Hungaroring,Romain Grosjean,French,Haas F1 Team,20,16,0,69,01:20.2,+1 Lap
2020,3,Hungarian Grand Prix,19-07-2020,Hungaroring,Antonio Giovinazzi,Italian,Alfa Romeo,19,17,0,69,01:20.1,+1 Lap
2020,3,Hungarian Grand Prix,19-07-2020,Hungaroring,George Russell,British,Williams,12,18,0,69,01:20.0,+1 Lap
2020,3,Hungarian Grand Prix,19-07-2020,Hungaroring,Nicholas Latifi,Canadian,Williams,15,19,0,65,01:21.2,+5 Laps
2020,3,Hungarian Grand Prix,19-07-2020,Hungaroring,Pierre Gasly,French,AlphaTauri,10,20,0,15,01:23.9,Engine
2020,4,British Grand Prix,02-08-2020,Silverstone Circuit,Lewis Hamilton,British,Mercedes,1,1,25,52,01:29.2,Finished
2020,4,British Grand Prix,02-08-2020,Silverstone Circuit,Max Verstappen,Dutch,Red Bull,3,2,19,52,01:27.1,Finished
2020,4,British Grand Prix,02-08-2020,Silverstone Circuit,Charles Leclerc,Monegasque,Ferrari,4,3,15,52,01:29.8,Finished
2020,4,British Grand Prix,02-08-2020,Silverstone Circuit,Daniel Ricciardo,Australian,Renault,8,4,12,52,01:29.5,Finished
2020,4,British Grand Prix,02-08-2020,Silverstone Circuit,Lando Norris,British,McLaren,5,5,10,52,01:30.1,Finished
2020,4,British Grand Prix,02-08-2020,Silverstone Circuit,Esteban Ocon,French,Renault,9,6,8,52,01:29.5,Finished
2020,4,British Grand Prix,02-08-2020,Silverstone Circuit,Pierre Gasly,French,AlphaTauri,11,7,6,52,01:29.6,Finished
2020,4,British Grand Prix,02-08-2020,Silverstone Circuit,Alexander Albon,Thai,Red Bull,12,8,4,52,01:28.7,Finished
2020,4,British Grand Prix,02-08-2020,Silverstone Circuit,Lance Stroll,Canadian,Racing Point,6,9,2,52,01:30.5,Finished
2020,4,British Grand Prix,02-08-2020,Silverstone Circuit,Sebastian Vettel,German,Ferrari,10,10,1,52,01:30.5,Finished
2020,4,British Grand Prix,02-08-2020,Silverstone Circuit,Valtteri Bottas,Finnish,Mercedes,2,11,0,52,01:29.3,Finished
2020,4,British Grand Prix,02-08-2020,Silverstone Circuit,George Russell,British,Williams,20,12,0,52,01:30.9,Finished
2020,4,British Grand Prix,02-08-2020,Silverstone Circuit,Carlos Sainz,Spanish,McLaren,7,13,0,52,01:29.9,Finished
2020,4,British Grand Prix,02-08-2020,Silverstone Circuit,Antonio Giovinazzi,Italian,Alfa Romeo,15,14,0,52,01:31.0,Finished
2020,4,British Grand Prix,02-08-2020,Silverstone Circuit,Nicholas Latifi,Canadian,Williams,18,15,0,52,01:30.5,Finished
2020,4,British Grand Prix,02-08-2020,Silverstone Circuit,Romain Grosjean,French,Haas F1 Team,17,16,0,52,01:29.8,Finished
2020,4,British Grand Prix,02-08-2020,Silverstone Circuit,Kimi Räikkönen,Finnish,Alfa Romeo,16,17,0,51,01:30.0,+1 Lap
2020,4,British Grand Prix,02-08-2020,Silverstone Circuit,Daniil Kvyat,Russian,AlphaTauri,19,18,0,11,01:32.4,Accident
2020,4,British Grand Prix,02-08-2020,Silverstone Circuit,Kevin Magnussen,Danish,Haas F1 Team,14,19,0,1,N/A,Collision
2020,4,British Grand Prix,02-08-2020,Silverstone Circuit,Nico Hülkenberg,German,Racing Point,13,20,0,0,N/A,Power Unit
2020,5,70th Anniversary Grand Prix,09-08-2020,Silverstone Circuit,Max Verstappen,Dutch,Red Bull,4,1,25,52,01:29.5,Finished
2020,5,70th Anniversary Grand Prix,09-08-2020,Silverstone Circuit,Lewis Hamilton,British,Mercedes,2,2,19,52,01:28.5,Finished
2020,5,70th Anniversary Grand Prix,09-08-2020,Silverstone Circuit,Valtteri Bottas,Finnish,Mercedes,1,3,15,52,01:29.8,Finished
2020,5,70th Anniversary Grand Prix,09-08-2020,Silverstone Circuit,Charles Leclerc,Monegasque,Ferrari,8,4,12,52,01:30.6,Finished
2020,5,70th Anniversary Grand Prix,09-08-2020,Silverstone Circuit,Alexander Albon,Thai,Red Bull,9,5,10,52,01:29.5,Finished
2020,5,70th Anniversary Grand Prix,09-08-2020,Silverstone Circuit,Lance Stroll,Canadian,Racing Point,6,6,8,52,01:30.9,Finished
2020,5,70th Anniversary Grand Prix,09-08-2020,Silverstone Circuit,Nico Hülkenberg,German,Racing Point,3,7,6,52,01:30.1,Finished
2020,5,70th Anniversary Grand Prix,09-08-2020,Silverstone Circuit,Esteban Ocon,French,Renault,14,8,4,52,01:30.6,Finished
2020,5,70th Anniversary Grand Prix,09-08-2020,Silverstone Circuit,Lando Norris,British,McLaren,10,9,2,52,01:30.7,Finished
2020,5,70th Anniversary Grand Prix,09-08-2020,Silverstone Circuit,Daniil Kvyat,Russian,AlphaTauri,16,10,1,52,01:30.7,Finished
2020,5,70th Anniversary Grand Prix,09-08-2020,Silverstone Circuit,Pierre Gasly,French,AlphaTauri,7,11,0,52,01:30.1,Finished
2020,5,70th Anniversary Grand Prix,09-08-2020,Silverstone Circuit,Sebastian Vettel,German,Ferrari,11,12,0,52,01:30.8,Finished
2020,5,70th Anniversary Grand Prix,09-08-2020,Silverstone Circuit,Carlos Sainz,Spanish,McLaren,12,13,0,52,01:30.6,Finished
2020,5,70th Anniversary Grand Prix,09-08-2020,Silverstone Circuit,Daniel Ricciardo,Australian,Renault,5,14,0,51,01:31.2,+1 Lap
2020,5,70th Anniversary Grand Prix,09-08-2020,Silverstone Circuit,Kimi Räikkönen,Finnish,Alfa Romeo,20,15,0,51,01:31.8,+1 Lap
2020,5,70th Anniversary Grand Prix,09-08-2020,Silverstone Circuit,Romain Grosjean,French,Haas F1 Team,13,16,0,51,01:30.8,+1 Lap
2020,5,70th Anniversary Grand Prix,09-08-2020,Silverstone Circuit,Antonio Giovinazzi,Italian,Alfa Romeo,19,17,0,51,01:31.8,+1 Lap
2020,5,70th Anniversary Grand Prix,09-08-2020,Silverstone Circuit,George Russell,British,Williams,15,18,0,51,01:31.4,+1 Lap
2020,5,70th Anniversary Grand Prix,09-08-2020,Silverstone Circuit,Nicholas Latifi,Canadian,Williams,18,19,0,51,01:30.0,+1 Lap
2020,5,70th Anniversary Grand Prix,09-08-2020,Silverstone Circuit,Kevin Magnussen,Danish,Haas F1 Team,17,20,0,43,01:31.8,Retired
2020,6,Spanish Grand Prix,16-08-2020,Circuit de Barcelona-Catalunya,Lewis Hamilton,British,Mercedes,1,1,25,66,01:19.8,Finished
2020,6,Spanish Grand Prix,16-08-2020,Circuit de Barcelona-Catalunya,Max Verstappen,Dutch,Red Bull,3,2,18,66,01:21.5,Finished
2020,6,Spanish Grand Prix,16-08-2020,Circuit de Barcelona-Catalunya,Valtteri Bottas,Finnish,Mercedes,2,3,16,66,01:18.2,Finished
2020,6,Spanish Grand Prix,16-08-2020,Circuit de Barcelona-Catalunya,Lance Stroll,Canadian,Racing Point,5,4,12,65,01:22.0,+1 Lap
2020,6,Spanish Grand Prix,16-08-2020,Circuit de Barcelona-Catalunya,Sergio Pérez,Mexican,Racing Point,4,5,10,65,01:22.5,+1 Lap
2020,6,Spanish Grand Prix,16-08-2020,Circuit de Barcelona-Catalunya,Carlos Sainz,Spanish,McLaren,7,6,8,65,01:21.8,+1 Lap
2020,6,Spanish Grand Prix,16-08-2020,Circuit de Barcelona-Catalunya,Sebastian Vettel,German,Ferrari,11,7,6,65,01:22.7,+1 Lap
2020,6,Spanish Grand Prix,16-08-2020,Circuit de Barcelona-Catalunya,Alexander Albon,Thai,Red Bull,6,8,4,65,01:22.2,+1 Lap
2020,6,Spanish Grand Prix,16-08-2020,Circuit de Barcelona-Catalunya,Pierre Gasly,French,AlphaTauri,10,9,2,65,01:22.5,+1 Lap
2020,6,Spanish Grand Prix,16-08-2020,Circuit de Barcelona-Catalunya,Lando Norris,British,McLaren,8,10,1,65,01:22.4,+1 Lap
2020,6,Spanish Grand Prix,16-08-2020,Circuit de Barcelona-Catalunya,Daniel Ricciardo,Australian,Renault,13,11,0,65,01:22.5,+1 Lap
2020,6,Spanish Grand Prix,16-08-2020,Circuit de Barcelona-Catalunya,Daniil Kvyat,Russian,AlphaTauri,12,12,0,65,01:22.3,+1 Lap
2020,6,Spanish Grand Prix,16-08-2020,Circuit de Barcelona-Catalunya,Esteban Ocon,French,Renault,15,13,0,65,01:22.2,+1 Lap
2020,6,Spanish Grand Prix,16-08-2020,Circuit de Barcelona-Catalunya,Kimi Räikkönen,Finnish,Alfa Romeo,14,14,0,65,01:21.9,+1 Lap
2020,6,Spanish Grand Prix,16-08-2020,Circuit de Barcelona-Catalunya,Kevin Magnussen,Danish,Haas F1 Team,16,15,0,65,01:23.5,+1 Lap
2020,6,Spanish Grand Prix,16-08-2020,Circuit de Barcelona-Catalunya,Antonio Giovinazzi,Italian,Alfa Romeo,20,16,0,65,01:21.8,+1 Lap
2020,6,Spanish Grand Prix,16-08-2020,Circuit de Barcelona-Catalunya,George Russell,British,Williams,18,17,0,65,01:22.5,+1 Lap
2020,6,Spanish Grand Prix,16-08-2020,Circuit de Barcelona-Catalunya,Nicholas Latifi,Canadian,Williams,19,18,0,64,01:22.0,+2 Laps
2020,6,Spanish Grand Prix,16-08-2020,Circuit de Barcelona-Catalunya,Romain Grosjean,French,Haas F1 Team,17,19,0,64,01:20.4,+2 Laps
2020,6,Spanish Grand Prix,16-08-2020,Circuit de Barcelona-Catalunya,Charles Leclerc,Monegasque,Ferrari,9,20,0,38,01:24.0,Electronics
2020,7,Belgian Grand Prix,30-08-2020,Circuit de Spa-Francorchamps,Lewis Hamilton,British,Mercedes,1,1,25,44,01:47.8,Finished
2020,7,Belgian Grand Prix,30-08-2020,Circuit de Spa-Francorchamps,Valtteri Bottas,Finnish,Mercedes,2,2,18,44,01:48.0,Finished
2020,7,Belgian Grand Prix,30-08-2020,Circuit de Spa-Francorchamps,Max Verstappen,Dutch,Red Bull,3,3,15,44,01:48.3,Finished
2020,7,Belgian Grand Prix,30-08-2020,Circuit de Spa-Francorchamps,Daniel Ricciardo,Australian,Renault,4,4,13,44,01:47.5,Finished
2020,7,Belgian Grand Prix,30-08-2020,Circuit de Spa-Francorchamps,Esteban Ocon,French,Renault,6,5,10,44,01:48.5,Finished
2020,7,Belgian Grand Prix,30-08-2020,Circuit de Spa-Francorchamps,Alexander Albon,Thai,Red Bull,5,6,8,44,01:48.7,Finished
2020,7,Belgian Grand Prix,30-08-2020,Circuit de Spa-Francorchamps,Lando Norris,British,McLaren,10,7,6,44,01:48.6,Finished
2020,7,Belgian Grand Prix,30-08-2020,Circuit de Spa-Francorchamps,Pierre Gasly,French,AlphaTauri,12,8,4,44,01:47.8,Finished
2020,7,Belgian Grand Prix,30-08-2020,Circuit de Spa-Francorchamps,Lance Stroll,Canadian,Racing Point,9,9,2,44,01:49.1,Finished
2020,7,Belgian Grand Prix,30-08-2020,Circuit de Spa-Francorchamps,Sergio Pérez,Mexican,Racing Point,8,10,1,44,01:48.4,Finished
2020,7,Belgian Grand Prix,30-08-2020,Circuit de Spa-Francorchamps,Daniil Kvyat,Russian,AlphaTauri,11,11,0,44,01:49.8,Finished
2020,7,Belgian Grand Prix,30-08-2020,Circuit de Spa-Francorchamps,Kimi Räikkönen,Finnish,Alfa Romeo,16,12,0,44,01:49.8,Finished
2020,7,Belgian Grand Prix,30-08-2020,Circuit de Spa-Francorchamps,Sebastian Vettel,German,Ferrari,14,13,0,44,01:50.0,Finished
2020,7,Belgian Grand Prix,30-08-2020,Circuit de Spa-Francorchamps,Charles Leclerc,Monegasque,Ferrari,13,14,0,44,01:47.8,Finished
2020,7,Belgian Grand Prix,30-08-2020,Circuit de Spa-Francorchamps,Romain Grosjean,French,Haas F1 Team,17,15,0,44,01:50.0,Finished
2020,7,Belgian Grand Prix,30-08-2020,Circuit de Spa-Francorchamps,Nicholas Latifi,Canadian,Williams,19,16,0,44,01:48.0,Finished
2020,7,Belgian Grand Prix,30-08-2020,Circuit de Spa-Francorchamps,Kevin Magnussen,Danish,Haas F1 Team,20,17,0,44,01:48.1,Finished
2020,7,Belgian Grand Prix,30-08-2020,Circuit de Spa-Francorchamps,Antonio Giovinazzi,Italian,Alfa Romeo,18,18,0,9,01:51.8,Accident
2020,7,Belgian Grand Prix,30-08-2020,Circuit de Spa-Francorchamps,George Russell,British,Williams,15,19,0,9,01:51.8,Debris
2020,7,Belgian Grand Prix,30-08-2020,Circuit de Spa-Francorchamps,Carlos Sainz,Spanish,McLaren,7,20,0,0,N/A,Exhaust
2020,8,Italian Grand Prix,06-09-2020,Autodromo Nazionale di Monza,Pierre Gasly,French,AlphaTauri,10,1,25,53,01:24.0,Finished
2020,8,Italian Grand Prix,06-09-2020,Autodromo Nazionale di Monza,Carlos Sainz,Spanish,McLaren,3,2,18,53,01:23.9,Finished
2020,8,Italian Grand Prix,06-09-2020,Autodromo Nazionale di Monza,Lance Stroll,Canadian,Racing Point,8,3,15,53,01:23.9,Finished
2020,8,Italian Grand Prix,06-09-2020,Autodromo Nazionale di Monza,Lando Norris,British,McLaren,6,4,12,53,01:24.2,Finished
2020,8,Italian Grand Prix,06-09-2020,Autodromo Nazionale di Monza,Valtteri Bottas,Finnish,Mercedes,2,5,10,53,01:24.0,Finished
2020,8,Italian Grand Prix,06-09-2020,Autodromo Nazionale di Monza,Daniel Ricciardo,Australian,Renault,7,6,8,53,01:23.9,Finished
2020,8,Italian Grand Prix,06-09-2020,Autodromo Nazionale di Monza,Lewis Hamilton,British,Mercedes,1,7,7,53,01:22.7,Finished
2020,8,Italian Grand Prix,06-09-2020,Autodromo Nazionale di Monza,Esteban Ocon,French,Renault,12,8,4,53,01:24.5,Finished
2020,8,Italian Grand Prix,06-09-2020,Autodromo Nazionale di Monza,Daniil Kvyat,Russian,AlphaTauri,11,9,2,53,01:24.5,Finished
2020,8,Italian Grand Prix,06-09-2020,Autodromo Nazionale di Monza,Sergio Pérez,Mexican,Racing Point,4,10,1,53,01:24.3,Finished
2020,8,Italian Grand Prix,06-09-2020,Autodromo Nazionale di Monza,Nicholas Latifi,Canadian,Williams,20,11,0,53,01:25.0,Finished
2020,8,Italian Grand Prix,06-09-2020,Autodromo Nazionale di Monza,Romain Grosjean,French,Haas F1 Team,16,12,0,53,01:24.8,Finished
2020,8,Italian Grand Prix,06-09-2020,Autodromo Nazionale di Monza,Kimi Räikkönen,Finnish,Alfa Romeo,14,13,0,53,01:24.8,Finished
2020,8,Italian Grand Prix,06-09-2020,Autodromo Nazionale di Monza,George Russell,British,Williams,19,14,0,53,01:24.4,Finished
2020,8,Italian Grand Prix,06-09-2020,Autodromo Nazionale di Monza,Alexander Albon,Thai,Red Bull,9,15,0,53,01:24.9,Finished
2020,8,Italian Grand Prix,06-09-2020,Autodromo Nazionale di Monza,Antonio Giovinazzi,Italian,Alfa Romeo,18,16,0,53,01:24.9,Finished
2020,8,Italian Grand Prix,06-09-2020,Autodromo Nazionale di Monza,Max Verstappen,Dutch,Red Bull,5,17,0,30,01:25.5,Power Unit
2020,8,Italian Grand Prix,06-09-2020,Autodromo Nazionale di Monza,Charles Leclerc,Monegasque,Ferrari,13,18,0,23,01:26.0,Accident
2020,8,Italian Grand Prix,06-09-2020,Autodromo Nazionale di Monza,Kevin Magnussen,Danish,Haas F1 Team,15,19,0,17,01:25.8,Power Unit
2020,8,Italian Grand Prix,06-09-2020,Autodromo Nazionale di Monza,Sebastian Vettel,German,Ferrari,17,20,0,6,01:27.1,Brakes
2020,9,Tuscan Grand Prix,13-09-2020,Autodromo Internazionale del Mugello,Lewis Hamilton,British,Mercedes,1,1,26,59,01:18.8,Finished
2020,9,Tuscan Grand Prix,13-09-2020,Autodromo Internazionale del Mugello,Valtteri Bottas,Finnish,Mercedes,2,2,18,59,01:19.4,Finished
2020,9,Tuscan Grand Prix,13-09-2020,Autodromo Internazionale del Mugello,Alexander Albon,Thai,Red Bull,4,3,15,59,01:20.0,Finished
2020,9,Tuscan Grand Prix,13-09-2020,Autodromo Internazionale del Mugello,Daniel Ricciardo,Australian,Renault,8,4,12,59,01:20.4,Finished
2020,9,Tuscan Grand Prix,13-09-2020,Autodromo Internazionale del Mugello,Sergio Pérez,Mexican,Racing Point,7,5,10,59,01:20.6,Finished
2020,9,Tuscan Grand Prix,13-09-2020,Autodromo Internazionale del Mugello,Lando Norris,British,McLaren,11,6,8,59,01:21.2,Finished
2020,9,Tuscan Grand Prix,13-09-2020,Autodromo Internazionale del Mugello,Daniil Kvyat,Russian,AlphaTauri,12,7,6,59,01:21.5,Finished
2020,9,Tuscan Grand Prix,13-09-2020,Autodromo Internazionale del Mugello,Charles Leclerc,Monegasque,Ferrari,5,8,4,59,01:21.2,Finished
2020,9,Tuscan Grand Prix,13-09-2020,Autodromo Internazionale del Mugello,Kimi Räikkönen,Finnish,Alfa Romeo,13,9,2,59,01:21.2,Finished
2020,9,Tuscan Grand Prix,13-09-2020,Autodromo Internazionale del Mugello,Sebastian Vettel,German,Ferrari,14,10,1,59,01:21.2,Finished
2020,9,Tuscan Grand Prix,13-09-2020,Autodromo Internazionale del Mugello,George Russell,British,Williams,18,11,0,59,01:21.6,Finished
2020,9,Tuscan Grand Prix,13-09-2020,Autodromo Internazionale del Mugello,Romain Grosjean,French,Haas F1 Team,15,12,0,59,01:22.3,Finished
2020,9,Tuscan Grand Prix,13-09-2020,Autodromo Internazionale del Mugello,Lance Stroll,Canadian,Racing Point,6,13,0,42,01:22.1,Puncture
2020,9,Tuscan Grand Prix,13-09-2020,Autodromo Internazionale del Mugello,Esteban Ocon,French,Renault,10,14,0,7,02:11.8,Brakes
2020,9,Tuscan Grand Prix,13-09-2020,Autodromo Internazionale del Mugello,Nicholas Latifi,Canadian,Williams,19,15,0,6,02:11.4,Collision
2020,9,Tuscan Grand Prix,13-09-2020,Autodromo Internazionale del Mugello,Kevin Magnussen,Danish,Haas F1 Team,20,16,0,5,02:13.8,Collision
2020,9,Tuscan Grand Prix,13-09-2020,Autodromo Internazionale del Mugello,Antonio Giovinazzi,Italian,Alfa Romeo,17,17,0,5,02:13.8,Collision
2020,9,Tuscan Grand Prix,13-09-2020,Autodromo Internazionale del Mugello,Carlos Sainz,Spanish,McLaren,9,18,0,5,02:14.1,Collision
2020,9,Tuscan Grand Prix,13-09-2020,Autodromo Internazionale del Mugello,Max Verstappen,Dutch,Red Bull,3,19,0,0,N/A,Collision
2020,9,Tuscan Grand Prix,13-09-2020,Autodromo Internazionale del Mugello,Pierre Gasly,French,AlphaTauri,16,20,0,0,N/A,Collision
2020,10,Russian Grand Prix,27-09-2020,Sochi Autodrom,Valtteri Bottas,Finnish,Mercedes,3,1,26,53,01:37.0,Finished
2020,10,Russian Grand Prix,27-09-2020,Sochi Autodrom,Max Verstappen,Dutch,Red Bull,2,2,18,53,01:37.3,Finished
2020,10,Russian Grand Prix,27-09-2020,Sochi Autodrom,Lewis Hamilton,British,Mercedes,1,3,15,53,01:38.1,Finished
2020,10,Russian Grand Prix,27-09-2020,Sochi Autodrom,Sergio Pérez,Mexican,Racing Point,4,4,12,53,01:38.1,Finished
2020,10,Russian Grand Prix,27-09-2020,Sochi Autodrom,Daniel Ricciardo,Australian,Renault,5,5,10,53,01:37.9,Finished
2020,10,Russian Grand Prix,27-09-2020,Sochi Autodrom,Charles Leclerc,Monegasque,Ferrari,10,6,8,53,01:39.1,Finished
2020,10,Russian Grand Prix,27-09-2020,Sochi Autodrom,Esteban Ocon,French,Renault,7,7,6,53,01:39.2,Finished
2020,10,Russian Grand Prix,27-09-2020,Sochi Autodrom,Daniil Kvyat,Russian,AlphaTauri,11,8,4,53,01:39.1,Finished
2020,10,Russian Grand Prix,27-09-2020,Sochi Autodrom,Pierre Gasly,French,AlphaTauri,9,9,2,53,01:37.2,Finished
2020,10,Russian Grand Prix,27-09-2020,Sochi Autodrom,Alexander Albon,Thai,Red Bull,15,10,1,53,01:38.4,Finished
2020,10,Russian Grand Prix,27-09-2020,Sochi Autodrom,Antonio Giovinazzi,Italian,Alfa Romeo,17,11,0,52,01:39.8,+1 Lap
2020,10,Russian Grand Prix,27-09-2020,Sochi Autodrom,Kevin Magnussen,Danish,Haas F1 Team,18,12,0,52,01:40.4,+1 Lap
2020,10,Russian Grand Prix,27-09-2020,Sochi Autodrom,Sebastian Vettel,German,Ferrari,14,13,0,52,01:39.6,+1 Lap
2020,10,Russian Grand Prix,27-09-2020,Sochi Autodrom,Kimi Räikkönen,Finnish,Alfa Romeo,19,14,0,52,01:38.9,+1 Lap
2020,10,Russian Grand Prix,27-09-2020,Sochi Autodrom,Lando Norris,British,McLaren,8,15,0,52,01:37.4,+1 Lap
2020,10,Russian Grand Prix,27-09-2020,Sochi Autodrom,Nicholas Latifi,Canadian,Williams,20,16,0,52,01:41.0,+1 Lap
2020,10,Russian Grand Prix,27-09-2020,Sochi Autodrom,Romain Grosjean,French,Haas F1 Team,16,17,0,52,01:39.6,+1 Lap
2020,10,Russian Grand Prix,27-09-2020,Sochi Autodrom,George Russell,British,Williams,13,18,0,52,01:37.4,+1 Lap
2020,10,Russian Grand Prix,27-09-2020,Sochi Autodrom,Carlos Sainz,Spanish,McLaren,6,19,0,0,N/A,Accident
2020,10,Russian Grand Prix,27-09-2020,Sochi Autodrom,Lance Stroll,Canadian,Racing Point,12,20,0,0,N/A,Collision
2020,11,Eifel Grand Prix,11-10-2020,Nürburgring,Lewis Hamilton,British,Mercedes,2,1,25,60,01:28.1,Finished
2020,11,Eifel Grand Prix,11-10-2020,Nürburgring,Max Verstappen,Dutch,Red Bull,3,2,19,60,01:28.1,Finished
2020,11,Eifel Grand Prix,11-10-2020,Nürburgring,Daniel Ricciardo,Australian,Renault,6,3,15,60,01:29.6,Finished
2020,11,Eifel Grand Prix,11-10-2020,Nürburgring,Sergio Pérez,Mexican,Racing Point,9,4,12,60,01:29.7,Finished
2020,11,Eifel Grand Prix,11-10-2020,Nürburgring,Carlos Sainz,Spanish,McLaren,10,5,10,60,01:30.1,Finished
2020,11,Eifel Grand Prix,11-10-2020,Nürburgring,Pierre Gasly,French,AlphaTauri,12,6,8,60,01:30.1,Finished
2020,11,Eifel Grand Prix,11-10-2020,Nürburgring,Charles Leclerc,Monegasque,Ferrari,4,7,6,60,01:30.7,Finished
2020,11,Eifel Grand Prix,11-10-2020,Nürburgring,Nico Hülkenberg,German,Racing Point,20,8,4,60,01:30.7,Finished
2020,11,Eifel Grand Prix,11-10-2020,Nürburgring,Romain Grosjean,French,Haas F1 Team,16,9,2,60,01:31.6,Finished
2020,11,Eifel Grand Prix,11-10-2020,Nürburgring,Antonio Giovinazzi,Italian,Alfa Romeo,14,10,1,60,01:30.9,Finished
2020,11,Eifel Grand Prix,11-10-2020,Nürburgring,Sebastian Vettel,German,Ferrari,11,11,0,60,01:30.4,Finished
2020,11,Eifel Grand Prix,11-10-2020,Nürburgring,Kimi Räikkönen,Finnish,Alfa Romeo,19,12,0,60,01:30.5,Finished
2020,11,Eifel Grand Prix,11-10-2020,Nürburgring,Kevin Magnussen,Danish,Haas F1 Team,15,13,0,60,01:30.5,Finished
2020,11,Eifel Grand Prix,11-10-2020,Nürburgring,Nicholas Latifi,Canadian,Williams,18,14,0,60,01:31.4,Finished
2020,11,Eifel Grand Prix,11-10-2020,Nürburgring,Daniil Kvyat,Russian,AlphaTauri,13,15,0,60,01:32.2,Finished
2020,11,Eifel Grand Prix,11-10-2020,Nürburgring,Lando Norris,British,McLaren,8,16,0,42,01:32.3,Power Unit
2020,11,Eifel Grand Prix,11-10-2020,Nürburgring,Alexander Albon,Thai,Red Bull,5,17,0,23,01:32.3,Radiator
2020,11,Eifel Grand Prix,11-10-2020,Nürburgring,Esteban Ocon,French,Renault,7,18,0,22,01:33.2,Gearbox
2020,11,Eifel Grand Prix,11-10-2020,Nürburgring,Valtteri Bottas,Finnish,Mercedes,1,19,0,18,01:31.9,Power Unit
2020,11,Eifel Grand Prix,11-10-2020,Nürburgring,George Russell,British,Williams,17,20,0,12,01:34.5,Collision
2020,12,Portuguese Grand Prix,25-10-2020,Autódromo Internacional do Algarve,Lewis Hamilton,British,Mercedes,1,1,26,66,01:18.7,Finished
2020,12,Portuguese Grand Prix,25-10-2020,Autódromo Internacional do Algarve,Valtteri Bottas,Finnish,Mercedes,2,2,18,66,01:19.3,Finished
2020,12,Portuguese Grand Prix,25-10-2020,Autódromo Internacional do Algarve,Max Verstappen,Dutch,Red Bull,3,3,15,66,01:19.9,Finished
2020,12,Portuguese Grand Prix,25-10-2020,Autódromo Internacional do Algarve,Charles Leclerc,Monegasque,Ferrari,4,4,12,66,01:20.4,Finished
2020,12,Portuguese Grand Prix,25-10-2020,Autódromo Internacional do Algarve,Pierre Gasly,French,AlphaTauri,9,5,10,65,01:20.6,+1 Lap
2020,12,Portuguese Grand Prix,25-10-2020,Autódromo Internacional do Algarve,Carlos Sainz,Spanish,McLaren,7,6,8,65,01:20.3,+1 Lap
2020,12,Portuguese Grand Prix,25-10-2020,Autódromo Internacional do Algarve,Sergio Pérez,Mexican,Racing Point,5,7,6,65,01:20.8,+1 Lap
2020,12,Portuguese Grand Prix,25-10-2020,Autódromo Internacional do Algarve,Esteban Ocon,French,Renault,11,8,4,65,01:20.9,+1 Lap
2020,12,Portuguese Grand Prix,25-10-2020,Autódromo Internacional do Algarve,Daniel Ricciardo,Australian,Renault,10,9,2,65,01:20.9,+1 Lap
2020,12,Portuguese Grand Prix,25-10-2020,Autódromo Internacional do Algarve,Sebastian Vettel,German,Ferrari,15,10,1,65,01:20.7,+1 Lap
2020,12,Portuguese Grand Prix,25-10-2020,Autódromo Internacional do Algarve,Kimi Räikkönen,Finnish,Alfa Romeo,16,11,0,65,01:21.1,+1 Lap
2020,12,Portuguese Grand Prix,25-10-2020,Autódromo Internacional do Algarve,Alexander Albon,Thai,Red Bull,6,12,0,65,01:19.9,+1 Lap
2020,12,Portuguese Grand Prix,25-10-2020,Autódromo Internacional do Algarve,Lando Norris,British,McLaren,8,13,0,65,01:19.4,+1 Lap
2020,12,Portuguese Grand Prix,25-10-2020,Autódromo Internacional do Algarve,George Russell,British,Williams,14,14,0,65,01:20.9,+1 Lap
2020,12,Portuguese Grand Prix,25-10-2020,Autódromo Internacional do Algarve,Antonio Giovinazzi,Italian,Alfa Romeo,17,15,0,65,01:21.9,+1 Lap
2020,12,Portuguese Grand Prix,25-10-2020,Autódromo Internacional do Algarve,Kevin Magnussen,Danish,Haas F1 Team,19,16,0,65,01:21.5,+1 Lap
2020,12,Portuguese Grand Prix,25-10-2020,Autódromo Internacional do Algarve,Romain Grosjean,French,Haas F1 Team,18,17,0,65,01:21.7,+1 Lap
2020,12,Portuguese Grand Prix,25-10-2020,Autódromo Internacional do Algarve,Nicholas Latifi,Canadian,Williams,20,18,0,64,01:21.9,+2 Laps
2020,12,Portuguese Grand Prix,25-10-2020,Autódromo Internacional do Algarve,Daniil Kvyat,Russian,AlphaTauri,13,19,0,64,01:20.4,+2 Laps
2020,12,Portuguese Grand Prix,25-10-2020,Autódromo Internacional do Algarve,Lance Stroll,Canadian,Racing Point,12,20,0,51,01:21.7,Collision damage
2020,13,Emilia Romagna Grand Prix,01-11-2020,Autodromo Enzo e Dino Ferrari,Lewis Hamilton,British,Mercedes,2,1,26,63,01:15.5,Finished
2020,13,Emilia Romagna Grand Prix,01-11-2020,Autodromo Enzo e Dino Ferrari,Valtteri Bottas,Finnish,Mercedes,1,2,18,63,01:15.9,Finished
2020,13,Emilia Romagna Grand Prix,01-11-2020,Autodromo Enzo e Dino Ferrari,Daniel Ricciardo,Australian,Renault,5,3,15,63,01:17.6,Finished
2020,13,Emilia Romagna Grand Prix,01-11-2020,Autodromo Enzo e Dino Ferrari,Daniil Kvyat,Russian,AlphaTauri,8,4,12,63,01:17.7,Finished
2020,13,Emilia Romagna Grand Prix,01-11-2020,Autodromo Enzo e Dino Ferrari,Charles Leclerc,Monegasque,Ferrari,7,5,10,63,01:18.2,Finished
2020,13,Emilia Romagna Grand Prix,01-11-2020,Autodromo Enzo e Dino Ferrari,Sergio Pérez,Mexican,Racing Point,11,6,8,63,01:18.1,Finished
2020,13,Emilia Romagna Grand Prix,01-11-2020,Autodromo Enzo e Dino Ferrari,Carlos Sainz,Spanish,McLaren,10,7,6,63,01:18.1,Finished
2020,13,Emilia Romagna Grand Prix,01-11-2020,Autodromo Enzo e Dino Ferrari,Lando Norris,British,McLaren,9,8,4,63,01:18.1,Finished
2020,13,Emilia Romagna Grand Prix,01-11-2020,Autodromo Enzo e Dino Ferrari,Kimi Räikkönen,Finnish,Alfa Romeo,18,9,2,63,01:18.1,Finished
2020,13,Emilia Romagna Grand Prix,01-11-2020,Autodromo Enzo e Dino Ferrari,Antonio Giovinazzi,Italian,Alfa Romeo,20,10,1,63,01:18.8,Finished
2020,13,Emilia Romagna Grand Prix,01-11-2020,Autodromo Enzo e Dino Ferrari,Nicholas Latifi,Canadian,Williams,19,11,0,63,01:18.7,Finished
2020,13,Emilia Romagna Grand Prix,01-11-2020,Autodromo Enzo e Dino Ferrari,Sebastian Vettel,German,Ferrari,14,12,0,63,01:17.8,Finished
2020,13,Emilia Romagna Grand Prix,01-11-2020,Autodromo Enzo e Dino Ferrari,Lance Stroll,Canadian,Racing Point,15,13,0,63,01:18.4,Finished
2020,13,Emilia Romagna Grand Prix,01-11-2020,Autodromo Enzo e Dino Ferrari,Romain Grosjean,French,Haas F1 Team,16,14,0,63,01:18.8,Finished
2020,13,Emilia Romagna Grand Prix,01-11-2020,Autodromo Enzo e Dino Ferrari,Alexander Albon,Thai,Red Bull,6,15,0,63,01:16.2,Finished
2020,13,Emilia Romagna Grand Prix,01-11-2020,Autodromo Enzo e Dino Ferrari,George Russell,British,Williams,13,16,0,51,01:18.8,Accident
2020,13,Emilia Romagna Grand Prix,01-11-2020,Autodromo Enzo e Dino Ferrari,Max Verstappen,Dutch,Red Bull,3,17,0,50,01:17.6,Puncture
2020,13,Emilia Romagna Grand Prix,01-11-2020,Autodromo Enzo e Dino Ferrari,Kevin Magnussen,Danish,Haas F1 Team,17,18,0,47,01:19.3,Illness
2020,13,Emilia Romagna Grand Prix,01-11-2020,Autodromo Enzo e Dino Ferrari,Esteban Ocon,French,Renault,12,19,0,27,01:19.6,Gearbox
2020,13,Emilia Romagna Grand Prix,01-11-2020,Autodromo Enzo e Dino Ferrari,Pierre Gasly,French,AlphaTauri,4,20,0,8,01:20.4,Water pressure
2020,14,Turkish Grand Prix,15-11-2020,Istanbul Park,Lewis Hamilton,British,Mercedes,6,1,25,58,01:39.4,Finished
2020,14,Turkish Grand Prix,15-11-2020,Istanbul Park,Sergio Pérez,Mexican,Racing Point,3,2,18,58,01:40.4,Finished
2020,14,Turkish Grand Prix,15-11-2020,Istanbul Park,Sebastian Vettel,German,Ferrari,11,3,15,58,01:39.7,Finished
2020,14,Turkish Grand Prix,15-11-2020,Istanbul Park,Charles Leclerc,Monegasque,Ferrari,12,4,12,58,01:40.0,Finished
2020,14,Turkish Grand Prix,15-11-2020,Istanbul Park,Carlos Sainz,Spanish,McLaren,15,5,10,58,01:38.8,Finished
2020,14,Turkish Grand Prix,15-11-2020,Istanbul Park,Max Verstappen,Dutch,Red Bull,2,6,8,58,01:38.4,Finished
2020,14,Turkish Grand Prix,15-11-2020,Istanbul Park,Alexander Albon,Thai,Red Bull,4,7,6,58,01:39.1,Finished
2020,14,Turkish Grand Prix,15-11-2020,Istanbul Park,Lando Norris,British,McLaren,14,8,5,58,01:36.8,Finished
2020,14,Turkish Grand Prix,15-11-2020,Istanbul Park,Lance Stroll,Canadian,Racing Point,1,9,2,58,01:39.9,Finished
2020,14,Turkish Grand Prix,15-11-2020,Istanbul Park,Daniel Ricciardo,Australian,Renault,5,10,1,58,01:40.7,Finished
2020,14,Turkish Grand Prix,15-11-2020,Istanbul Park,Esteban Ocon,French,Renault,7,11,0,57,01:41.0,+1 Lap
2020,14,Turkish Grand Prix,15-11-2020,Istanbul Park,Daniil Kvyat,Russian,AlphaTauri,16,12,0,57,01:41.0,+1 Lap
2020,14,Turkish Grand Prix,15-11-2020,Istanbul Park,Pierre Gasly,French,AlphaTauri,19,13,0,57,01:39.6,+1 Lap
2020,14,Turkish Grand Prix,15-11-2020,Istanbul Park,Valtteri Bottas,Finnish,Mercedes,9,14,0,57,01:38.2,+1 Lap
2020,14,Turkish Grand Prix,15-11-2020,Istanbul Park,Kimi Räikkönen,Finnish,Alfa Romeo,8,15,0,57,01:39.7,+1 Lap
2020,14,Turkish Grand Prix,15-11-2020,Istanbul Park,George Russell,British,Williams,20,16,0,57,01:40.8,+1 Lap
2020,14,Turkish Grand Prix,15-11-2020,Istanbul Park,Kevin Magnussen,Danish,Haas F1 Team,13,17,0,55,01:40.9,Withdrew
2020,14,Turkish Grand Prix,15-11-2020,Istanbul Park,Romain Grosjean,French,Haas F1 Team,17,18,0,49,01:43.3,Collision damage
2020,14,Turkish Grand Prix,15-11-2020,Istanbul Park,Nicholas Latifi,Canadian,Williams,20,19,0,39,01:43.5,Collision damage
2020,14,Turkish Grand Prix,15-11-2020,Istanbul Park,Antonio Giovinazzi,Italian,Alfa Romeo,10,20,0,11,01:51.1,Gearbox
2020,15,Bahrain Grand Prix,29-11-2020,Bahrain International Circuit,Lewis Hamilton,British,Mercedes,1,1,25,57,01:32.9,Finished
2020,15,Bahrain Grand Prix,29-11-2020,Bahrain International Circuit,Max Verstappen,Dutch,Red Bull,3,2,19,57,01:32.0,Finished
2020,15,Bahrain Grand Prix,29-11-2020,Bahrain International Circuit,Alexander Albon,Thai,Red Bull,4,3,15,57,01:33.7,Finished
2020,15,Bahrain Grand Prix,29-11-2020,Bahrain International Circuit,Lando Norris,British,McLaren,9,4,12,57,01:33.6,Finished
2020,15,Bahrain Grand Prix,29-11-2020,Bahrain International Circuit,Carlos Sainz,Spanish,McLaren,15,5,10,57,01:33.4,Finished
2020,15,Bahrain Grand Prix,29-11-2020,Bahrain International Circuit,Pierre Gasly,French,AlphaTauri,8,6,8,57,01:34.8,Finished
2020,15,Bahrain Grand Prix,29-11-2020,Bahrain International Circuit,Daniel Ricciardo,Australian,Renault,6,7,6,57,01:32.8,Finished
2020,15,Bahrain Grand Prix,29-11-2020,Bahrain International Circuit,Valtteri Bottas,Finnish,Mercedes,2,8,4,57,01:33.4,Finished
2020,15,Bahrain Grand Prix,29-11-2020,Bahrain International Circuit,Esteban Ocon,French,Renault,7,9,2,57,01:34.4,Finished
2020,15,Bahrain Grand Prix,29-11-2020,Bahrain International Circuit,Charles Leclerc,Monegasque,Ferrari,12,10,1,56,01:33.6,+1 Lap
2020,15,Bahrain Grand Prix,29-11-2020,Bahrain International Circuit,Daniil Kvyat,Russian,AlphaTauri,10,11,0,56,01:34.1,+1 Lap
2020,15,Bahrain Grand Prix,29-11-2020,Bahrain International Circuit,George Russell,British,Williams,14,12,0,56,01:35.0,+1 Lap
2020,15,Bahrain Grand Prix,29-11-2020,Bahrain International Circuit,Sebastian Vettel,German,Ferrari,11,13,0,56,01:33.9,+1 Lap
2020,15,Bahrain Grand Prix,29-11-2020,Bahrain International Circuit,Nicholas Latifi,Canadian,Williams,20,14,0,56,01:34.6,+1 Lap
2020,15,Bahrain Grand Prix,29-11-2020,Bahrain International Circuit,Kimi Räikkönen,Finnish,Alfa Romeo,17,15,0,56,01:33.6,+1 Lap
2020,15,Bahrain Grand Prix,29-11-2020,Bahrain International Circuit,Antonio Giovinazzi,Italian,Alfa Romeo,16,16,0,56,01:34.5,+1 Lap
2020,15,Bahrain Grand Prix,29-11-2020,Bahrain International Circuit,Kevin Magnussen,Danish,Haas F1 Team,18,17,0,56,01:35.2,+1 Lap
2020,15,Bahrain Grand Prix,29-11-2020,Bahrain International Circuit,Sergio Pérez,Mexican,Racing Point,5,18,0,53,01:33.6,Engine
2020,15,Bahrain Grand Prix,29-11-2020,Bahrain International Circuit,Lance Stroll,Canadian,Racing Point,13,19,0,2,N/A,Collision
2020,15,Bahrain Grand Prix,29-11-2020,Bahrain International Circuit,Romain Grosjean,French,Haas F1 Team,19,20,0,0,N/A,Collision
2020,16,Sakhir Grand Prix,06-12-2020,Bahrain International Circuit,Sergio Pérez,Mexican,Racing Point,5,1,25,87,56.789,Finished
2020,16,Sakhir Grand Prix,06-12-2020,Bahrain International Circuit,Esteban Ocon,French,Renault,11,2,18,87,57.35,Finished
2020,16,Sakhir Grand Prix,06-12-2020,Bahrain International Circuit,Lance Stroll,Canadian,Racing Point,10,3,15,87,57.388,Finished
2020,16,Sakhir Grand Prix,06-12-2020,Bahrain International Circuit,Carlos Sainz,Spanish,McLaren,8,4,12,87,57.165,Finished
2020,16,Sakhir Grand Prix,06-12-2020,Bahrain International Circuit,Daniel Ricciardo,Australian,Renault,7,5,10,87,56.979,Finished
2020,16,Sakhir Grand Prix,06-12-2020,Bahrain International Circuit,Alexander Albon,Thai,Red Bull,12,6,8,87,57.056,Finished
2020,16,Sakhir Grand Prix,06-12-2020,Bahrain International Circuit,Daniil Kvyat,Russian,AlphaTauri,6,7,6,87,57.001,Finished
2020,16,Sakhir Grand Prix,06-12-2020,Bahrain International Circuit,Valtteri Bottas,Finnish,Mercedes,1,8,4,87,56.563,Finished
2020,16,Sakhir Grand Prix,06-12-2020,Bahrain International Circuit,George Russell,British,Mercedes,2,9,3,87,55.404,Finished
2020,16,Sakhir Grand Prix,06-12-2020,Bahrain International Circuit,Lando Norris,British,McLaren,19,10,1,87,57.27,Finished
2020,16,Sakhir Grand Prix,06-12-2020,Bahrain International Circuit,Pierre Gasly,French,AlphaTauri,9,11,0,87,57.22,Finished
2020,16,Sakhir Grand Prix,06-12-2020,Bahrain International Circuit,Sebastian Vettel,German,Ferrari,13,12,0,87,56.905,Finished
2020,16,Sakhir Grand Prix,06-12-2020,Bahrain International Circuit,Antonio Giovinazzi,Italian,Alfa Romeo,14,13,0,87,56.887,Finished
2020,16,Sakhir Grand Prix,06-12-2020,Bahrain International Circuit,Kimi Räikkönen,Finnish,Alfa Romeo,18,14,0,87,57.375,Finished
2020,16,Sakhir Grand Prix,06-12-2020,Bahrain International Circuit,Kevin Magnussen,Danish,Haas F1 Team,15,15,0,87,57.516,Finished
2020,16,Sakhir Grand Prix,06-12-2020,Bahrain International Circuit,Jack Aitken,British,Williams,17,16,0,87,57.392,Finished
2020,16,Sakhir Grand Prix,06-12-2020,Bahrain International Circuit,Pietro Fittipaldi,Brazilian,Haas F1 Team,20,17,0,87,57.742,Finished
2020,16,Sakhir Grand Prix,06-12-2020,Bahrain International Circuit,Nicholas Latifi,Canadian,Williams,16,18,0,52,58.206,Engine
2020,16,Sakhir Grand Prix,06-12-2020,Bahrain International Circuit,Max Verstappen,Dutch,Red Bull,3,19,0,0,N/A,Accident
2020,16,Sakhir Grand Prix,06-12-2020,Bahrain International Circuit,Charles Leclerc,Monegasque,Ferrari,4,20,0,0,N/A,Collision
2020,17,Abu Dhabi Grand Prix,13-12-2020,Yas Marina Circuit,Max Verstappen,Dutch,Red Bull,1,1,25,55,01:41.0,Finished
2020,17,Abu Dhabi Grand Prix,13-12-2020,Yas Marina Circuit,Valtteri Bottas,Finnish,Mercedes,2,2,18,55,01:41.1,Finished
2020,17,Abu Dhabi Grand Prix,13-12-2020,Yas Marina Circuit,Lewis Hamilton,British,Mercedes,3,3,15,55,01:41.4,Finished
2020,17,Abu Dhabi Grand Prix,13-12-2020,Yas Marina Circuit,Alexander Albon,Thai,Red Bull,5,4,12,55,01:41.2,Finished
2020,17,Abu Dhabi Grand Prix,13-12-2020,Yas Marina Circuit,Lando Norris,British,McLaren,4,5,10,55,01:42.0,Finished
2020,17,Abu Dhabi Grand Prix,13-12-2020,Yas Marina Circuit,Carlos Sainz,Spanish,McLaren,6,6,8,55,01:41.9,Finished
2020,17,Abu Dhabi Grand Prix,13-12-2020,Yas Marina Circuit,Daniel Ricciardo,Australian,Renault,11,7,7,55,01:40.9,Finished
2020,17,Abu Dhabi Grand Prix,13-12-2020,Yas Marina Circuit,Pierre Gasly,French,AlphaTauri,9,8,4,55,01:42.5,Finished
2020,17,Abu Dhabi Grand Prix,13-12-2020,Yas Marina Circuit,Esteban Ocon,French,Renault,10,9,2,55,01:42.9,Finished
2020,17,Abu Dhabi Grand Prix,13-12-2020,Yas Marina Circuit,Lance Stroll,Canadian,Racing Point,8,10,1,55,01:41.9,Finished
2020,17,Abu Dhabi Grand Prix,13-12-2020,Yas Marina Circuit,Daniil Kvyat,Russian,AlphaTauri,7,11,0,54,01:42.7,+1 Lap
2020,17,Abu Dhabi Grand Prix,13-12-2020,Yas Marina Circuit,Kimi Räikkönen,Finnish,Alfa Romeo,15,12,0,54,01:42.1,+1 Lap
2020,17,Abu Dhabi Grand Prix,13-12-2020,Yas Marina Circuit,Charles Leclerc,Monegasque,Ferrari,12,13,0,54,01:41.9,+1 Lap
2020,17,Abu Dhabi Grand Prix,13-12-2020,Yas Marina Circuit,Sebastian Vettel,German,Ferrari,13,14,0,54,01:41.5,+1 Lap
2020,17,Abu Dhabi Grand Prix,13-12-2020,Yas Marina Circuit,George Russell,British,Williams,16,15,0,54,01:43.3,+1 Lap
2020,17,Abu Dhabi Grand Prix,13-12-2020,Yas Marina Circuit,Antonio Giovinazzi,Italian,Alfa Romeo,14,16,0,54,01:41.7,+1 Lap
2020,17,Abu Dhabi Grand Prix,13-12-2020,Yas Marina Circuit,Nicholas Latifi,Canadian,Williams,18,17,0,54,01:42.5,+1 Lap
2020,17,Abu Dhabi Grand Prix,13-12-2020,Yas Marina Circuit,Kevin Magnussen,Danish,Haas F1 Team,20,18,0,54,01:42.0,+1 Lap
2020,17,Abu Dhabi Grand Prix,13-12-2020,Yas Marina Circuit,Pietro Fittipaldi,Brazilian,Haas F1 Team,17,19,0,53,01:41.7,+2 Laps
2020,17,Abu Dhabi Grand Prix,13-12-2020,Yas Marina Circuit,Sergio Pérez,Mexican,Racing Point,19,20,0,8,01:43.3,Transmission
2021,1,Bahrain Grand Prix,28-03-2021,Bahrain International Circuit,Lewis Hamilton,British,Mercedes,2,1,25,56,01:34.0,Finished
2021,1,Bahrain Grand Prix,28-03-2021,Bahrain International Circuit,Max Verstappen,Dutch,Red Bull,1,2,18,56,01:33.2,Finished
2021,1,Bahrain Grand Prix,28-03-2021,Bahrain International Circuit,Valtteri Bottas,Finnish,Mercedes,3,3,16,56,01:32.1,Finished
2021,1,Bahrain Grand Prix,28-03-2021,Bahrain International Circuit,Lando Norris,British,McLaren,7,4,12,56,01:34.4,Finished
2021,1,Bahrain Grand Prix,28-03-2021,Bahrain International Circuit,Sergio Pérez,Mexican,Red Bull,20,5,10,56,01:34.0,Finished
2021,1,Bahrain Grand Prix,28-03-2021,Bahrain International Circuit,Charles Leclerc,Monegasque,Ferrari,4,6,8,56,01:35.0,Finished
2021,1,Bahrain Grand Prix,28-03-2021,Bahrain International Circuit,Daniel Ricciardo,Australian,McLaren,6,7,6,56,01:34.9,Finished
2021,1,Bahrain Grand Prix,28-03-2021,Bahrain International Circuit,Carlos Sainz,Spanish,Ferrari,8,8,4,56,01:34.5,Finished
2021,1,Bahrain Grand Prix,28-03-2021,Bahrain International Circuit,Yuki Tsunoda,Japanese,AlphaTauri,13,9,2,56,01:34.8,Finished
2021,1,Bahrain Grand Prix,28-03-2021,Bahrain International Circuit,Lance Stroll,Canadian,Aston Martin,10,10,1,56,01:34.9,Finished
2021,1,Bahrain Grand Prix,28-03-2021,Bahrain International Circuit,Kimi Räikkönen,Finnish,Alfa Romeo,14,11,0,56,01:35.2,Finished
2021,1,Bahrain Grand Prix,28-03-2021,Bahrain International Circuit,Antonio Giovinazzi,Italian,Alfa Romeo,12,12,0,55,01:35.1,+1 Lap
2021,1,Bahrain Grand Prix,28-03-2021,Bahrain International Circuit,Esteban Ocon,French,Alpine F1 Team,16,13,0,55,01:35.3,+1 Lap
2021,1,Bahrain Grand Prix,28-03-2021,Bahrain International Circuit,George Russell,British,Williams,15,14,0,55,01:35.0,+1 Lap
2021,1,Bahrain Grand Prix,28-03-2021,Bahrain International Circuit,Sebastian Vettel,German,Aston Martin,20,15,0,55,01:35.6,+1 Lap
2021,1,Bahrain Grand Prix,28-03-2021,Bahrain International Circuit,Mick Schumacher,German,Haas F1 Team,18,16,0,55,01:36.1,+1 Lap
2021,1,Bahrain Grand Prix,28-03-2021,Bahrain International Circuit,Pierre Gasly,French,AlphaTauri,5,17,0,52,01:34.1,Retired
2021,1,Bahrain Grand Prix,28-03-2021,Bahrain International Circuit,Nicholas Latifi,Canadian,Williams,17,18,0,51,01:36.6,Retired
2021,1,Bahrain Grand Prix,28-03-2021,Bahrain International Circuit,Fernando Alonso,Spanish,Alpine F1 Team,9,19,0,32,01:36.1,Brakes
2021,1,Bahrain Grand Prix,28-03-2021,Bahrain International Circuit,Nikita Mazepin,Russian,Haas F1 Team,19,20,0,0,N/A,Accident
2021,2,Emilia Romagna Grand Prix,18-04-2021,Autodromo Enzo e Dino Ferrari,Max Verstappen,Dutch,Red Bull,3,1,25,63,01:17.5,Finished
2021,2,Emilia Romagna Grand Prix,18-04-2021,Autodromo Enzo e Dino Ferrari,Lewis Hamilton,British,Mercedes,1,2,19,63,01:16.7,Finished
2021,2,Emilia Romagna Grand Prix,18-04-2021,Autodromo Enzo e Dino Ferrari,Lando Norris,British,McLaren,7,3,15,63,01:18.3,Finished
2021,2,Emilia Romagna Grand Prix,18-04-2021,Autodromo Enzo e Dino Ferrari,Charles Leclerc,Monegasque,Ferrari,4,4,12,63,01:18.4,Finished
2021,2,Emilia Romagna Grand Prix,18-04-2021,Autodromo Enzo e Dino Ferrari,Carlos Sainz,Spanish,Ferrari,11,5,10,63,01:18.5,Finished
2021,2,Emilia Romagna Grand Prix,18-04-2021,Autodromo Enzo e Dino Ferrari,Daniel Ricciardo,Australian,McLaren,6,6,8,63,01:19.3,Finished
2021,2,Emilia Romagna Grand Prix,18-04-2021,Autodromo Enzo e Dino Ferrari,Pierre Gasly,French,AlphaTauri,5,7,6,63,01:19.0,Finished
2021,2,Emilia Romagna Grand Prix,18-04-2021,Autodromo Enzo e Dino Ferrari,Lance Stroll,Canadian,Aston Martin,10,8,4,63,01:18.8,Finished
2021,2,Emilia Romagna Grand Prix,18-04-2021,Autodromo Enzo e Dino Ferrari,Esteban Ocon,French,Alpine F1 Team,9,9,2,63,01:19.4,Finished
2021,2,Emilia Romagna Grand Prix,18-04-2021,Autodromo Enzo e Dino Ferrari,Fernando Alonso,Spanish,Alpine F1 Team,15,10,1,63,01:19.4,Finished
2021,2,Emilia Romagna Grand Prix,18-04-2021,Autodromo Enzo e Dino Ferrari,Sergio Pérez,Mexican,Red Bull,2,11,0,63,01:19.4,Finished
2021,2,Emilia Romagna Grand Prix,18-04-2021,Autodromo Enzo e Dino Ferrari,Yuki Tsunoda,Japanese,AlphaTauri,20,12,0,63,01:18.3,Finished
2021,2,Emilia Romagna Grand Prix,18-04-2021,Autodromo Enzo e Dino Ferrari,Kimi Räikkönen,Finnish,Alfa Romeo,16,13,0,63,01:18.4,Finished
2021,2,Emilia Romagna Grand Prix,18-04-2021,Autodromo Enzo e Dino Ferrari,Antonio Giovinazzi,Italian,Alfa Romeo,17,14,0,62,01:19.5,+1 Lap
2021,2,Emilia Romagna Grand Prix,18-04-2021,Autodromo Enzo e Dino Ferrari,Sebastian Vettel,German,Aston Martin,20,15,0,61,01:19.1,Gearbox
2021,2,Emilia Romagna Grand Prix,18-04-2021,Autodromo Enzo e Dino Ferrari,Mick Schumacher,German,Haas F1 Team,18,16,0,61,01:19.2,+2 Laps
2021,2,Emilia Romagna Grand Prix,18-04-2021,Autodromo Enzo e Dino Ferrari,Nikita Mazepin,Russian,Haas F1 Team,19,17,0,61,01:20.4,+2 Laps
2021,2,Emilia Romagna Grand Prix,18-04-2021,Autodromo Enzo e Dino Ferrari,Valtteri Bottas,Finnish,Mercedes,8,18,0,30,01:28.5,Collision
2021,2,Emilia Romagna Grand Prix,18-04-2021,Autodromo Enzo e Dino Ferrari,George Russell,British,Williams,12,19,0,30,01:26.5,Collision
2021,2,Emilia Romagna Grand Prix,18-04-2021,Autodromo Enzo e Dino Ferrari,Nicholas Latifi,Canadian,Williams,14,20,0,0,N/A,Collision
2021,3,Portuguese Grand Prix,02-05-2021,Autódromo Internacional do Algarve,Lewis Hamilton,British,Mercedes,2,1,25,66,01:20.9,Finished
2021,3,Portuguese Grand Prix,02-05-2021,Autódromo Internacional do Algarve,Max Verstappen,Dutch,Red Bull,3,2,18,66,01:20.7,Finished
2021,3,Portuguese Grand Prix,02-05-2021,Autódromo Internacional do Algarve,Valtteri Bottas,Finnish,Mercedes,1,3,16,66,01:19.9,Finished
2021,3,Portuguese Grand Prix,02-05-2021,Autódromo Internacional do Algarve,Sergio Pérez,Mexican,Red Bull,4,4,12,66,01:20.6,Finished
2021,3,Portuguese Grand Prix,02-05-2021,Autódromo Internacional do Algarve,Lando Norris,British,McLaren,7,5,10,66,01:21.7,Finished
2021,3,Portuguese Grand Prix,02-05-2021,Autódromo Internacional do Algarve,Charles Leclerc,Monegasque,Ferrari,8,6,8,66,01:21.5,Finished
2021,3,Portuguese Grand Prix,02-05-2021,Autódromo Internacional do Algarve,Esteban Ocon,French,Alpine F1 Team,6,7,6,66,01:21.9,Finished
2021,3,Portuguese Grand Prix,02-05-2021,Autódromo Internacional do Algarve,Fernando Alonso,Spanish,Alpine F1 Team,13,8,4,66,01:21.0,Finished
2021,3,Portuguese Grand Prix,02-05-2021,Autódromo Internacional do Algarve,Daniel Ricciardo,Australian,McLaren,16,9,2,66,01:22.0,Finished
2021,3,Portuguese Grand Prix,02-05-2021,Autódromo Internacional do Algarve,Pierre Gasly,French,AlphaTauri,9,10,1,66,01:22.0,Finished
2021,3,Portuguese Grand Prix,02-05-2021,Autódromo Internacional do Algarve,Carlos Sainz,Spanish,Ferrari,5,11,0,66,01:22.3,Finished
2021,3,Portuguese Grand Prix,02-05-2021,Autódromo Internacional do Algarve,Antonio Giovinazzi,Italian,Alfa Romeo,12,12,0,65,01:22.2,+1 Lap
2021,3,Portuguese Grand Prix,02-05-2021,Autódromo Internacional do Algarve,Sebastian Vettel,German,Aston Martin,10,13,0,65,01:22.4,+1 Lap
2021,3,Portuguese Grand Prix,02-05-2021,Autódromo Internacional do Algarve,Lance Stroll,Canadian,Aston Martin,17,14,0,65,01:22.0,+1 Lap
2021,3,Portuguese Grand Prix,02-05-2021,Autódromo Internacional do Algarve,Yuki Tsunoda,Japanese,AlphaTauri,14,15,0,65,01:22.1,+1 Lap
2021,3,Portuguese Grand Prix,02-05-2021,Autódromo Internacional do Algarve,George Russell,British,Williams,11,16,0,65,01:22.7,+1 Lap
2021,3,Portuguese Grand Prix,02-05-2021,Autódromo Internacional do Algarve,Mick Schumacher,German,Haas F1 Team,19,17,0,64,01:22.8,+2 Laps
2021,3,Portuguese Grand Prix,02-05-2021,Autódromo Internacional do Algarve,Nicholas Latifi,Canadian,Williams,18,18,0,64,01:23.2,+2 Laps
2021,3,Portuguese Grand Prix,02-05-2021,Autódromo Internacional do Algarve,Nikita Mazepin,Russian,Haas F1 Team,20,19,0,64,01:23.6,+2 Laps
2021,3,Portuguese Grand Prix,02-05-2021,Autódromo Internacional do Algarve,Kimi Räikkönen,Finnish,Alfa Romeo,15,20,0,1,N/A,Collision damage
2021,4,Spanish Grand Prix,09-05-2021,Circuit de Barcelona-Catalunya,Lewis Hamilton,British,Mercedes,1,1,25,66,01:20.7,Finished
2021,4,Spanish Grand Prix,09-05-2021,Circuit de Barcelona-Catalunya,Max Verstappen,Dutch,Red Bull,2,2,19,66,01:18.1,Finished
2021,4,Spanish Grand Prix,09-05-2021,Circuit de Barcelona-Catalunya,Valtteri Bottas,Finnish,Mercedes,3,3,15,66,01:19.4,Finished
2021,4,Spanish Grand Prix,09-05-2021,Circuit de Barcelona-Catalunya,Charles Leclerc,Monegasque,Ferrari,4,4,12,66,01:20.5,Finished
2021,4,Spanish Grand Prix,09-05-2021,Circuit de Barcelona-Catalunya,Sergio Pérez,Mexican,Red Bull,8,5,10,66,01:19.5,Finished
2021,4,Spanish Grand Prix,09-05-2021,Circuit de Barcelona-Catalunya,Daniel Ricciardo,Australian,McLaren,7,6,8,66,01:21.9,Finished
2021,4,Spanish Grand Prix,09-05-2021,Circuit de Barcelona-Catalunya,Carlos Sainz,Spanish,Ferrari,6,7,6,66,01:21.6,Finished
2021,4,Spanish Grand Prix,09-05-2021,Circuit de Barcelona-Catalunya,Lando Norris,British,McLaren,9,8,4,65,01:21.3,+1 Lap
2021,4,Spanish Grand Prix,09-05-2021,Circuit de Barcelona-Catalunya,Esteban Ocon,French,Alpine F1 Team,5,9,2,65,01:23.3,+1 Lap
2021,4,Spanish Grand Prix,09-05-2021,Circuit de Barcelona-Catalunya,Pierre Gasly,French,AlphaTauri,12,10,1,65,01:21.4,+1 Lap
2021,4,Spanish Grand Prix,09-05-2021,Circuit de Barcelona-Catalunya,Lance Stroll,Canadian,Aston Martin,11,11,0,65,01:22.6,+1 Lap
2021,4,Spanish Grand Prix,09-05-2021,Circuit de Barcelona-Catalunya,Kimi Räikkönen,Finnish,Alfa Romeo,17,12,0,65,01:22.9,+1 Lap
2021,4,Spanish Grand Prix,09-05-2021,Circuit de Barcelona-Catalunya,Sebastian Vettel,German,Aston Martin,13,13,0,65,01:22.8,+1 Lap
2021,4,Spanish Grand Prix,09-05-2021,Circuit de Barcelona-Catalunya,George Russell,British,Williams,15,14,0,65,01:23.2,+1 Lap
2021,4,Spanish Grand Prix,09-05-2021,Circuit de Barcelona-Catalunya,Antonio Giovinazzi,Italian,Alfa Romeo,14,15,0,65,01:22.8,+1 Lap
2021,4,Spanish Grand Prix,09-05-2021,Circuit de Barcelona-Catalunya,Nicholas Latifi,Canadian,Williams,19,16,0,65,01:22.9,+1 Lap
2021,4,Spanish Grand Prix,09-05-2021,Circuit de Barcelona-Catalunya,Fernando Alonso,Spanish,Alpine F1 Team,10,17,0,65,01:21.2,+1 Lap
2021,4,Spanish Grand Prix,09-05-2021,Circuit de Barcelona-Catalunya,Mick Schumacher,German,Haas F1 Team,18,18,0,64,01:22.6,+2 Laps
2021,4,Spanish Grand Prix,09-05-2021,Circuit de Barcelona-Catalunya,Nikita Mazepin,Russian,Haas F1 Team,20,19,0,64,01:24.0,+2 Laps
2021,4,Spanish Grand Prix,09-05-2021,Circuit de Barcelona-Catalunya,Yuki Tsunoda,Japanese,AlphaTauri,16,20,0,6,01:24.8,Electrical
2021,5,Monaco Grand Prix,23-05-2021,Circuit de Monaco,Max Verstappen,Dutch,Red Bull,2,1,25,78,01:14.6,Finished
2021,5,Monaco Grand Prix,23-05-2021,Circuit de Monaco,Carlos Sainz,Spanish,Ferrari,4,2,18,78,01:14.6,Finished
2021,5,Monaco Grand Prix,23-05-2021,Circuit de Monaco,Lando Norris,British,McLaren,5,3,15,78,01:14.7,Finished
2021,5,Monaco Grand Prix,23-05-2021,Circuit de Monaco,Sergio Pérez,Mexican,Red Bull,9,4,12,78,01:14.6,Finished
2021,5,Monaco Grand Prix,23-05-2021,Circuit de Monaco,Sebastian Vettel,German,Aston Martin,8,5,10,78,01:15.3,Finished
2021,5,Monaco Grand Prix,23-05-2021,Circuit de Monaco,Pierre Gasly,French,AlphaTauri,6,6,8,78,01:15.4,Finished
2021,5,Monaco Grand Prix,23-05-2021,Circuit de Monaco,Lewis Hamilton,British,Mercedes,7,7,7,78,01:12.9,Finished
2021,5,Monaco Grand Prix,23-05-2021,Circuit de Monaco,Lance Stroll,Canadian,Aston Martin,13,8,4,77,01:14.7,+1 Lap
2021,5,Monaco Grand Prix,23-05-2021,Circuit de Monaco,Esteban Ocon,French,Alpine F1 Team,11,9,2,77,01:15.3,+1 Lap
2021,5,Monaco Grand Prix,23-05-2021,Circuit de Monaco,Antonio Giovinazzi,Italian,Alfa Romeo,10,10,1,77,01:15.3,+1 Lap
2021,5,Monaco Grand Prix,23-05-2021,Circuit de Monaco,Kimi Räikkönen,Finnish,Alfa Romeo,14,11,0,77,01:15.0,+1 Lap
2021,5,Monaco Grand Prix,23-05-2021,Circuit de Monaco,Daniel Ricciardo,Australian,McLaren,12,12,0,77,01:14.6,+1 Lap
2021,5,Monaco Grand Prix,23-05-2021,Circuit de Monaco,Fernando Alonso,Spanish,Alpine F1 Team,17,13,0,77,01:15.0,+1 Lap
2021,5,Monaco Grand Prix,23-05-2021,Circuit de Monaco,George Russell,British,Williams,15,14,0,77,01:15.5,+1 Lap
2021,5,Monaco Grand Prix,23-05-2021,Circuit de Monaco,Nicholas Latifi,Canadian,Williams,18,15,0,77,01:15.6,+1 Lap
2021,5,Monaco Grand Prix,23-05-2021,Circuit de Monaco,Yuki Tsunoda,Japanese,AlphaTauri,16,16,0,77,01:14.0,+1 Lap
2021,5,Monaco Grand Prix,23-05-2021,Circuit de Monaco,Nikita Mazepin,Russian,Haas F1 Team,19,17,0,75,01:16.9,+3 Laps
2021,5,Monaco Grand Prix,23-05-2021,Circuit de Monaco,Mick Schumacher,German,Haas F1 Team,20,18,0,75,01:16.4,+3 Laps
2021,5,Monaco Grand Prix,23-05-2021,Circuit de Monaco,Valtteri Bottas,Finnish,Mercedes,3,19,0,29,01:15.7,Wheel nut
2021,5,Monaco Grand Prix,23-05-2021,Circuit de Monaco,Charles Leclerc,Monegasque,Ferrari,1,20,0,0,N/A,Driveshaft
2021,6,Azerbaijan Grand Prix,06-06-2021,Baku City Circuit,Sergio Pérez,Mexican,Red Bull,6,1,25,51,01:44.7,Finished
2021,6,Azerbaijan Grand Prix,06-06-2021,Baku City Circuit,Sebastian Vettel,German,Aston Martin,11,2,18,51,01:44.9,Finished
2021,6,Azerbaijan Grand Prix,06-06-2021,Baku City Circuit,Pierre Gasly,French,AlphaTauri,4,3,15,51,01:45.2,Finished
2021,6,Azerbaijan Grand Prix,06-06-2021,Baku City Circuit,Charles Leclerc,Monegasque,Ferrari,1,4,12,51,01:45.4,Finished
2021,6,Azerbaijan Grand Prix,06-06-2021,Baku City Circuit,Lando Norris,British,McLaren,9,5,10,51,01:45.3,Finished
2021,6,Azerbaijan Grand Prix,06-06-2021,Baku City Circuit,Fernando Alonso,Spanish,Alpine F1 Team,8,6,8,51,01:45.6,Finished
2021,6,Azerbaijan Grand Prix,06-06-2021,Baku City Circuit,Yuki Tsunoda,Japanese,AlphaTauri,7,7,6,51,01:44.9,Finished
2021,6,Azerbaijan Grand Prix,06-06-2021,Baku City Circuit,Carlos Sainz,Spanish,Ferrari,5,8,4,51,01:45.7,Finished
2021,6,Azerbaijan Grand Prix,06-06-2021,Baku City Circuit,Daniel Ricciardo,Australian,McLaren,13,9,2,51,01:45.7,Finished
2021,6,Azerbaijan Grand Prix,06-06-2021,Baku City Circuit,Kimi Räikkönen,Finnish,Alfa Romeo,14,10,1,51,01:45.6,Finished
2021,6,Azerbaijan Grand Prix,06-06-2021,Baku City Circuit,Antonio Giovinazzi,Italian,Alfa Romeo,20,11,0,51,01:45.6,Finished
2021,6,Azerbaijan Grand Prix,06-06-2021,Baku City Circuit,Valtteri Bottas,Finnish,Mercedes,10,12,0,51,01:45.7,Finished
2021,6,Azerbaijan Grand Prix,06-06-2021,Baku City Circuit,Mick Schumacher,German,Haas F1 Team,17,13,0,51,01:47.6,Finished
2021,6,Azerbaijan Grand Prix,06-06-2021,Baku City Circuit,Nikita Mazepin,Russian,Haas F1 Team,18,14,0,51,01:47.7,Finished
2021,6,Azerbaijan Grand Prix,06-06-2021,Baku City Circuit,Lewis Hamilton,British,Mercedes,2,15,0,51,01:44.8,Finished
2021,6,Azerbaijan Grand Prix,06-06-2021,Baku City Circuit,Nicholas Latifi,Canadian,Williams,16,16,0,51,01:46.6,Finished
2021,6,Azerbaijan Grand Prix,06-06-2021,Baku City Circuit,George Russell,British,Williams,15,17,0,48,01:46.0,Gearbox
2021,6,Azerbaijan Grand Prix,06-06-2021,Baku City Circuit,Max Verstappen,Dutch,Red Bull,3,18,0,45,01:44.5,Accident
2021,6,Azerbaijan Grand Prix,06-06-2021,Baku City Circuit,Lance Stroll,Canadian,Aston Martin,19,19,0,29,01:46.2,Accident
2021,6,Azerbaijan Grand Prix,06-06-2021,Baku City Circuit,Esteban Ocon,French,Alpine F1 Team,12,20,0,3,01:50.9,Turbo
2021,7,French Grand Prix,20-06-2021,Circuit Paul Ricard,Max Verstappen,Dutch,Red Bull,1,1,26,53,01:36.4,Finished
2021,7,French Grand Prix,20-06-2021,Circuit Paul Ricard,Lewis Hamilton,British,Mercedes,2,2,18,53,01:37.4,Finished
2021,7,French Grand Prix,20-06-2021,Circuit Paul Ricard,Sergio Pérez,Mexican,Red Bull,4,3,15,53,01:36.7,Finished
2021,7,French Grand Prix,20-06-2021,Circuit Paul Ricard,Valtteri Bottas,Finnish,Mercedes,3,4,12,53,01:37.0,Finished
2021,7,French Grand Prix,20-06-2021,Circuit Paul Ricard,Lando Norris,British,McLaren,8,5,10,53,01:37.4,Finished
2021,7,French Grand Prix,20-06-2021,Circuit Paul Ricard,Daniel Ricciardo,Australian,McLaren,10,6,8,53,01:38.3,Finished
2021,7,French Grand Prix,20-06-2021,Circuit Paul Ricard,Pierre Gasly,French,AlphaTauri,6,7,6,53,01:38.1,Finished
2021,7,French Grand Prix,20-06-2021,Circuit Paul Ricard,Fernando Alonso,Spanish,Alpine F1 Team,9,8,4,53,01:37.6,Finished
2021,7,French Grand Prix,20-06-2021,Circuit Paul Ricard,Sebastian Vettel,German,Aston Martin,12,9,2,53,01:37.1,Finished
2021,7,French Grand Prix,20-06-2021,Circuit Paul Ricard,Lance Stroll,Canadian,Aston Martin,19,10,1,53,01:37.8,Finished
2021,7,French Grand Prix,20-06-2021,Circuit Paul Ricard,Carlos Sainz,Spanish,Ferrari,5,11,0,53,01:38.9,Finished
2021,7,French Grand Prix,20-06-2021,Circuit Paul Ricard,George Russell,British,Williams,14,12,0,52,01:38.3,+1 Lap
2021,7,French Grand Prix,20-06-2021,Circuit Paul Ricard,Yuki Tsunoda,Japanese,AlphaTauri,20,13,0,52,01:39.0,+1 Lap
2021,7,French Grand Prix,20-06-2021,Circuit Paul Ricard,Esteban Ocon,French,Alpine F1 Team,11,14,0,52,01:38.6,+1 Lap
2021,7,French Grand Prix,20-06-2021,Circuit Paul Ricard,Antonio Giovinazzi,Italian,Alfa Romeo,13,15,0,52,01:38.7,+1 Lap
2021,7,French Grand Prix,20-06-2021,Circuit Paul Ricard,Charles Leclerc,Monegasque,Ferrari,7,16,0,52,01:37.7,+1 Lap
2021,7,French Grand Prix,20-06-2021,Circuit Paul Ricard,Kimi Räikkönen,Finnish,Alfa Romeo,17,17,0,52,01:38.0,+1 Lap
2021,7,French Grand Prix,20-06-2021,Circuit Paul Ricard,Nicholas Latifi,Canadian,Williams,16,18,0,52,01:38.3,+1 Lap
2021,7,French Grand Prix,20-06-2021,Circuit Paul Ricard,Mick Schumacher,German,Haas F1 Team,15,19,0,52,01:38.8,+1 Lap
2021,7,French Grand Prix,20-06-2021,Circuit Paul Ricard,Nikita Mazepin,Russian,Haas F1 Team,18,20,0,52,01:39.3,+1 Lap
2021,8,Styrian Grand Prix,27-06-2021,Red Bull Ring,Max Verstappen,Dutch,Red Bull,1,1,25,71,01:08.0,Finished
2021,8,Styrian Grand Prix,27-06-2021,Red Bull Ring,Lewis Hamilton,British,Mercedes,2,2,19,71,01:07.1,Finished
2021,8,Styrian Grand Prix,27-06-2021,Red Bull Ring,Valtteri Bottas,Finnish,Mercedes,5,3,15,71,01:08.6,Finished
2021,8,Styrian Grand Prix,27-06-2021,Red Bull Ring,Sergio Pérez,Mexican,Red Bull,4,4,12,71,01:07.9,Finished
2021,8,Styrian Grand Prix,27-06-2021,Red Bull Ring,Lando Norris,British,McLaren,3,5,10,70,01:08.9,+1 Lap
2021,8,Styrian Grand Prix,27-06-2021,Red Bull Ring,Carlos Sainz,Spanish,Ferrari,12,6,8,70,01:08.6,+1 Lap
2021,8,Styrian Grand Prix,27-06-2021,Red Bull Ring,Charles Leclerc,Monegasque,Ferrari,7,7,6,70,01:08.7,+1 Lap
2021,8,Styrian Grand Prix,27-06-2021,Red Bull Ring,Lance Stroll,Canadian,Aston Martin,9,8,4,70,01:09.8,+1 Lap
2021,8,Styrian Grand Prix,27-06-2021,Red Bull Ring,Fernando Alonso,Spanish,Alpine F1 Team,8,9,2,70,01:09.7,+1 Lap
2021,8,Styrian Grand Prix,27-06-2021,Red Bull Ring,Yuki Tsunoda,Japanese,AlphaTauri,11,10,1,70,01:09.7,+1 Lap
2021,8,Styrian Grand Prix,27-06-2021,Red Bull Ring,Kimi Räikkönen,Finnish,Alfa Romeo,18,11,0,70,01:09.1,+1 Lap
2021,8,Styrian Grand Prix,27-06-2021,Red Bull Ring,Sebastian Vettel,German,Aston Martin,14,12,0,70,01:09.8,+1 Lap
2021,8,Styrian Grand Prix,27-06-2021,Red Bull Ring,Daniel Ricciardo,Australian,McLaren,13,13,0,70,01:09.3,+1 Lap
2021,8,Styrian Grand Prix,27-06-2021,Red Bull Ring,Esteban Ocon,French,Alpine F1 Team,17,14,0,70,01:09.6,+1 Lap
2021,8,Styrian Grand Prix,27-06-2021,Red Bull Ring,Antonio Giovinazzi,Italian,Alfa Romeo,15,15,0,70,01:09.7,+1 Lap
2021,8,Styrian Grand Prix,27-06-2021,Red Bull Ring,Mick Schumacher,German,Haas F1 Team,19,16,0,69,01:10.0,+2 Laps
2021,8,Styrian Grand Prix,27-06-2021,Red Bull Ring,Nicholas Latifi,Canadian,Williams,16,17,0,68,01:10.1,+3 Laps
2021,8,Styrian Grand Prix,27-06-2021,Red Bull Ring,Nikita Mazepin,Russian,Haas F1 Team,20,18,0,68,01:11.0,+3 Laps
2021,8,Styrian Grand Prix,27-06-2021,Red Bull Ring,George Russell,British,Williams,10,19,0,36,01:10.5,Engine
2021,8,Styrian Grand Prix,27-06-2021,Red Bull Ring,Pierre Gasly,French,AlphaTauri,6,20,0,1,N/A,Collision
2021,9,Austrian Grand Prix,04-07-2021,Red Bull Ring,Max Verstappen,Dutch,Red Bull,1,1,26,71,01:06.2,Finished
2021,9,Austrian Grand Prix,04-07-2021,Red Bull Ring,Valtteri Bottas,Finnish,Mercedes,5,2,18,71,01:08.4,Finished
2021,9,Austrian Grand Prix,04-07-2021,Red Bull Ring,Lando Norris,British,McLaren,2,3,15,71,01:08.5,Finished
2021,9,Austrian Grand Prix,04-07-2021,Red Bull Ring,Lewis Hamilton,British,Mercedes,4,4,12,71,01:08.1,Finished
2021,9,Austrian Grand Prix,04-07-2021,Red Bull Ring,Carlos Sainz,Spanish,Ferrari,10,5,10,71,01:07.8,Finished
2021,9,Austrian Grand Prix,04-07-2021,Red Bull Ring,Sergio Pérez,Mexican,Red Bull,3,6,8,71,01:08.2,Finished
2021,9,Austrian Grand Prix,04-07-2021,Red Bull Ring,Daniel Ricciardo,Australian,McLaren,13,7,6,71,01:08.8,Finished
2021,9,Austrian Grand Prix,04-07-2021,Red Bull Ring,Charles Leclerc,Monegasque,Ferrari,12,8,4,71,01:08.7,Finished
2021,9,Austrian Grand Prix,04-07-2021,Red Bull Ring,Pierre Gasly,French,AlphaTauri,6,9,2,71,01:08.1,Finished
2021,9,Austrian Grand Prix,04-07-2021,Red Bull Ring,Fernando Alonso,Spanish,Alpine F1 Team,14,10,1,70,01:08.4,+1 Lap
2021,9,Austrian Grand Prix,04-07-2021,Red Bull Ring,George Russell,British,Williams,8,11,0,70,01:08.9,+1 Lap
2021,9,Austrian Grand Prix,04-07-2021,Red Bull Ring,Yuki Tsunoda,Japanese,AlphaTauri,7,12,0,70,01:08.5,+1 Lap
2021,9,Austrian Grand Prix,04-07-2021,Red Bull Ring,Lance Stroll,Canadian,Aston Martin,9,13,0,70,01:08.7,+1 Lap
2021,9,Austrian Grand Prix,04-07-2021,Red Bull Ring,Antonio Giovinazzi,Italian,Alfa Romeo,15,14,0,70,01:09.0,+1 Lap
2021,9,Austrian Grand Prix,04-07-2021,Red Bull Ring,Kimi Räikkönen,Finnish,Alfa Romeo,16,15,0,70,01:08.9,+1 Lap
2021,9,Austrian Grand Prix,04-07-2021,Red Bull Ring,Nicholas Latifi,Canadian,Williams,18,16,0,70,01:08.5,+1 Lap
2021,9,Austrian Grand Prix,04-07-2021,Red Bull Ring,Sebastian Vettel,German,Aston Martin,11,17,0,69,01:08.4,Collision
2021,9,Austrian Grand Prix,04-07-2021,Red Bull Ring,Mick Schumacher,German,Haas F1 Team,19,18,0,69,01:09.4,+2 Laps
2021,9,Austrian Grand Prix,04-07-2021,Red Bull Ring,Nikita Mazepin,Russian,Haas F1 Team,20,19,0,69,01:09.8,+2 Laps
2021,9,Austrian Grand Prix,04-07-2021,Red Bull Ring,Esteban Ocon,French,Alpine F1 Team,17,20,0,0,N/A,Collision
2021,10,British Grand Prix,18-07-2021,Silverstone Circuit,Lewis Hamilton,British,Mercedes,2,1,25,52,01:29.7,Finished
2021,10,British Grand Prix,18-07-2021,Silverstone Circuit,Charles Leclerc,Monegasque,Ferrari,4,2,18,52,01:30.6,Finished
2021,10,British Grand Prix,18-07-2021,Silverstone Circuit,Valtteri Bottas,Finnish,Mercedes,3,3,15,52,01:30.5,Finished
2021,10,British Grand Prix,18-07-2021,Silverstone Circuit,Lando Norris,British,McLaren,5,4,12,52,01:31.4,Finished
2021,10,British Grand Prix,18-07-2021,Silverstone Circuit,Daniel Ricciardo,Australian,McLaren,6,5,10,52,01:31.3,Finished
2021,10,British Grand Prix,18-07-2021,Silverstone Circuit,Carlos Sainz,Spanish,Ferrari,10,6,8,52,01:31.2,Finished
2021,10,British Grand Prix,18-07-2021,Silverstone Circuit,Fernando Alonso,Spanish,Alpine F1 Team,7,7,6,52,01:31.7,Finished
2021,10,British Grand Prix,18-07-2021,Silverstone Circuit,Lance Stroll,Canadian,Aston Martin,14,8,4,52,01:32.0,Finished
2021,10,British Grand Prix,18-07-2021,Silverstone Circuit,Esteban Ocon,French,Alpine F1 Team,9,9,2,52,01:32.2,Finished
2021,10,British Grand Prix,18-07-2021,Silverstone Circuit,Yuki Tsunoda,Japanese,AlphaTauri,16,10,1,52,01:30.8,Finished
2021,10,British Grand Prix,18-07-2021,Silverstone Circuit,Pierre Gasly,French,AlphaTauri,11,11,0,52,01:30.3,Finished
2021,10,British Grand Prix,18-07-2021,Silverstone Circuit,George Russell,British,Williams,12,12,0,51,01:32.0,+1 Lap
2021,10,British Grand Prix,18-07-2021,Silverstone Circuit,Antonio Giovinazzi,Italian,Alfa Romeo,15,13,0,51,01:32.3,+1 Lap
2021,10,British Grand Prix,18-07-2021,Silverstone Circuit,Nicholas Latifi,Canadian,Williams,17,14,0,51,01:32.5,+1 Lap
2021,10,British Grand Prix,18-07-2021,Silverstone Circuit,Kimi Räikkönen,Finnish,Alfa Romeo,13,15,0,51,01:31.9,+1 Lap
2021,10,British Grand Prix,18-07-2021,Silverstone Circuit,Sergio Pérez,Mexican,Red Bull,20,16,0,51,01:28.6,+1 Lap
2021,10,British Grand Prix,18-07-2021,Silverstone Circuit,Nikita Mazepin,Russian,Haas F1 Team,19,17,0,51,01:32.9,+1 Lap
2021,10,British Grand Prix,18-07-2021,Silverstone Circuit,Mick Schumacher,German,Haas F1 Team,18,18,0,51,01:32.9,+1 Lap
2021,10,British Grand Prix,18-07-2021,Silverstone Circuit,Sebastian Vettel,German,Aston Martin,8,19,0,40,01:33.1,Retired
2021,10,British Grand Prix,18-07-2021,Silverstone Circuit,Max Verstappen,Dutch,Red Bull,1,20,0,0,N/A,Collision
2021,11,Hungarian Grand Prix,01-08-2021,Hungaroring,Esteban Ocon,French,Alpine F1 Team,8,1,25,70,01:21.4,Finished
2021,11,Hungarian Grand Prix,01-08-2021,Hungaroring,Lewis Hamilton,British,Mercedes,1,2,18,70,01:18.7,Finished
2021,11,Hungarian Grand Prix,01-08-2021,Hungaroring,Carlos Sainz,Spanish,Ferrari,15,3,15,70,01:21.4,Finished
2021,11,Hungarian Grand Prix,01-08-2021,Hungaroring,Fernando Alonso,Spanish,Alpine F1 Team,9,4,12,70,01:20.4,Finished
2021,11,Hungarian Grand Prix,01-08-2021,Hungaroring,Pierre Gasly,French,AlphaTauri,5,5,11,70,01:18.4,Finished
2021,11,Hungarian Grand Prix,01-08-2021,Hungaroring,Yuki Tsunoda,Japanese,AlphaTauri,16,6,8,70,01:22.5,Finished
2021,11,Hungarian Grand Prix,01-08-2021,Hungaroring,Nicholas Latifi,Canadian,Williams,18,7,6,70,01:22.8,Finished
2021,11,Hungarian Grand Prix,01-08-2021,Hungaroring,George Russell,British,Williams,17,8,4,70,01:22.1,Finished
2021,11,Hungarian Grand Prix,01-08-2021,Hungaroring,Max Verstappen,Dutch,Red Bull,3,9,2,70,01:20.9,Finished
2021,11,Hungarian Grand Prix,01-08-2021,Hungaroring,Kimi Räikkönen,Finnish,Alfa Romeo,13,10,1,69,01:21.5,+1 Lap
2021,11,Hungarian Grand Prix,01-08-2021,Hungaroring,Daniel Ricciardo,Australian,McLaren,11,11,0,69,01:22.8,+1 Lap
2021,11,Hungarian Grand Prix,01-08-2021,Hungaroring,Mick Schumacher,German,Haas F1 Team,20,12,0,69,01:22.7,+1 Lap
2021,11,Hungarian Grand Prix,01-08-2021,Hungaroring,Antonio Giovinazzi,Italian,Alfa Romeo,20,13,0,69,01:22.7,+1 Lap
2021,11,Hungarian Grand Prix,01-08-2021,Hungaroring,Nikita Mazepin,Russian,Haas F1 Team,19,14,0,3,N/A,Collision
2021,11,Hungarian Grand Prix,01-08-2021,Hungaroring,Lando Norris,British,McLaren,6,15,0,2,N/A,Collision
2021,11,Hungarian Grand Prix,01-08-2021,Hungaroring,Valtteri Bottas,Finnish,Mercedes,2,16,0,0,N/A,Collision
2021,11,Hungarian Grand Prix,01-08-2021,Hungaroring,Sergio Pérez,Mexican,Red Bull,4,17,0,0,N/A,Collision
2021,11,Hungarian Grand Prix,01-08-2021,Hungaroring,Charles Leclerc,Monegasque,Ferrari,7,18,0,0,N/A,Collision
2021,11,Hungarian Grand Prix,01-08-2021,Hungaroring,Lance Stroll,Canadian,Aston Martin,12,19,0,0,N/A,Collision
2021,11,Hungarian Grand Prix,01-08-2021,Hungaroring,Sebastian Vettel,German,Aston Martin,10,20,0,70,01:21.5,Disqualified
2021,12,Belgian Grand Prix,29-08-2021,Circuit de Spa-Francorchamps,Max Verstappen,Dutch,Red Bull,1,1,12.5,1,N/A,Finished
2021,12,Belgian Grand Prix,29-08-2021,Circuit de Spa-Francorchamps,George Russell,British,Williams,2,2,9,1,N/A,Finished
2021,12,Belgian Grand Prix,29-08-2021,Circuit de Spa-Francorchamps,Lewis Hamilton,British,Mercedes,3,3,7.5,1,N/A,Finished
2021,12,Belgian Grand Prix,29-08-2021,Circuit de Spa-Francorchamps,Daniel Ricciardo,Australian,McLaren,4,4,6,1,N/A,Finished
2021,12,Belgian Grand Prix,29-08-2021,Circuit de Spa-Francorchamps,Sebastian Vettel,German,Aston Martin,5,5,5,1,N/A,Finished
2021,12,Belgian Grand Prix,29-08-2021,Circuit de Spa-Francorchamps,Pierre Gasly,French,AlphaTauri,6,6,4,1,N/A,Finished
2021,12,Belgian Grand Prix,29-08-2021,Circuit de Spa-Francorchamps,Esteban Ocon,French,Alpine F1 Team,8,7,3,1,N/A,Finished
2021,12,Belgian Grand Prix,29-08-2021,Circuit de Spa-Francorchamps,Charles Leclerc,Monegasque,Ferrari,9,8,2,1,N/A,Finished
2021,12,Belgian Grand Prix,29-08-2021,Circuit de Spa-Francorchamps,Nicholas Latifi,Canadian,Williams,10,9,1,1,N/A,Finished
2021,12,Belgian Grand Prix,29-08-2021,Circuit de Spa-Francorchamps,Carlos Sainz,Spanish,Ferrari,11,10,0.5,1,N/A,Finished
2021,12,Belgian Grand Prix,29-08-2021,Circuit de Spa-Francorchamps,Fernando Alonso,Spanish,Alpine F1 Team,12,11,0,1,N/A,Finished
2021,12,Belgian Grand Prix,29-08-2021,Circuit de Spa-Francorchamps,Valtteri Bottas,Finnish,Mercedes,13,12,0,1,N/A,Finished
2021,12,Belgian Grand Prix,29-08-2021,Circuit de Spa-Francorchamps,Antonio Giovinazzi,Italian,Alfa Romeo,14,13,0,1,N/A,Finished
2021,12,Belgian Grand Prix,29-08-2021,Circuit de Spa-Francorchamps,Lando Norris,British,McLaren,15,14,0,1,N/A,Finished
2021,12,Belgian Grand Prix,29-08-2021,Circuit de Spa-Francorchamps,Yuki Tsunoda,Japanese,AlphaTauri,16,15,0,1,N/A,Finished
2021,12,Belgian Grand Prix,29-08-2021,Circuit de Spa-Francorchamps,Mick Schumacher,German,Haas F1 Team,17,16,0,1,N/A,Finished
2021,12,Belgian Grand Prix,29-08-2021,Circuit de Spa-Francorchamps,Nikita Mazepin,Russian,Haas F1 Team,18,17,0,1,N/A,Finished
2021,12,Belgian Grand Prix,29-08-2021,Circuit de Spa-Francorchamps,Kimi Räikkönen,Finnish,Alfa Romeo,20,18,0,1,N/A,Finished
2021,12,Belgian Grand Prix,29-08-2021,Circuit de Spa-Francorchamps,Sergio Pérez,Mexican,Red Bull,20,19,0,1,N/A,Finished
2021,12,Belgian Grand Prix,29-08-2021,Circuit de Spa-Francorchamps,Lance Stroll,Canadian,Aston Martin,19,20,0,1,N/A,Finished
2021,13,Dutch Grand Prix,05-09-2021,Circuit Park Zandvoort,Max Verstappen,Dutch,Red Bull,1,1,25,72,01:13.3,Finished
2021,13,Dutch Grand Prix,05-09-2021,Circuit Park Zandvoort,Lewis Hamilton,British,Mercedes,2,2,19,72,01:11.1,Finished
2021,13,Dutch Grand Prix,05-09-2021,Circuit Park Zandvoort,Valtteri Bottas,Finnish,Mercedes,3,3,15,72,01:12.5,Finished
2021,13,Dutch Grand Prix,05-09-2021,Circuit Park Zandvoort,Pierre Gasly,French,AlphaTauri,4,4,12,71,01:14.8,+1 Lap
2021,13,Dutch Grand Prix,05-09-2021,Circuit Park Zandvoort,Charles Leclerc,Monegasque,Ferrari,5,5,10,71,01:14.8,+1 Lap
2021,13,Dutch Grand Prix,05-09-2021,Circuit Park Zandvoort,Fernando Alonso,Spanish,Alpine F1 Team,9,6,8,71,01:14.3,+1 Lap
2021,13,Dutch Grand Prix,05-09-2021,Circuit Park Zandvoort,Carlos Sainz,Spanish,Ferrari,6,7,6,71,01:15.3,+1 Lap
2021,13,Dutch Grand Prix,05-09-2021,Circuit Park Zandvoort,Sergio Pérez,Mexican,Red Bull,20,8,4,71,01:13.5,+1 Lap
2021,13,Dutch Grand Prix,05-09-2021,Circuit Park Zandvoort,Esteban Ocon,French,Alpine F1 Team,8,9,2,71,01:14.7,+1 Lap
2021,13,Dutch Grand Prix,05-09-2021,Circuit Park Zandvoort,Lando Norris,British,McLaren,13,10,1,71,01:14.2,+1 Lap
2021,13,Dutch Grand Prix,05-09-2021,Circuit Park Zandvoort,Daniel Ricciardo,Australian,McLaren,10,11,0,71,01:14.9,+1 Lap
2021,13,Dutch Grand Prix,05-09-2021,Circuit Park Zandvoort,Lance Stroll,Canadian,Aston Martin,12,12,0,70,01:15.6,+2 Laps
2021,13,Dutch Grand Prix,05-09-2021,Circuit Park Zandvoort,Sebastian Vettel,German,Aston Martin,15,13,0,70,01:14.0,+2 Laps
2021,13,Dutch Grand Prix,05-09-2021,Circuit Park Zandvoort,Antonio Giovinazzi,Italian,Alfa Romeo,7,14,0,70,01:15.1,+2 Laps
2021,13,Dutch Grand Prix,05-09-2021,Circuit Park Zandvoort,Robert Kubica,Polish,Alfa Romeo,16,15,0,70,01:15.4,+2 Laps
2021,13,Dutch Grand Prix,05-09-2021,Circuit Park Zandvoort,Nicholas Latifi,Canadian,Williams,20,16,0,70,01:15.8,+2 Laps
2021,13,Dutch Grand Prix,05-09-2021,Circuit Park Zandvoort,George Russell,British,Williams,11,17,0,69,01:15.6,Gearbox
2021,13,Dutch Grand Prix,05-09-2021,Circuit Park Zandvoort,Mick Schumacher,German,Haas F1 Team,17,18,0,69,01:15.9,+3 Laps
2021,13,Dutch Grand Prix,05-09-2021,Circuit Park Zandvoort,Yuki Tsunoda,Japanese,AlphaTauri,14,19,0,48,01:15.8,Power Unit
2021,13,Dutch Grand Prix,05-09-2021,Circuit Park Zandvoort,Nikita Mazepin,Russian,Haas F1 Team,18,20,0,41,01:16.1,Hydraulics
2021,14,Italian Grand Prix,12-09-2021,Autodromo Nazionale di Monza,Daniel Ricciardo,Australian,McLaren,2,1,26,53,01:24.8,Finished
2021,14,Italian Grand Prix,12-09-2021,Autodromo Nazionale di Monza,Lando Norris,British,McLaren,3,2,18,53,01:25.0,Finished
2021,14,Italian Grand Prix,12-09-2021,Autodromo Nazionale di Monza,Valtteri Bottas,Finnish,Mercedes,19,3,15,53,01:24.8,Finished
2021,14,Italian Grand Prix,12-09-2021,Autodromo Nazionale di Monza,Charles Leclerc,Monegasque,Ferrari,5,4,12,53,01:25.3,Finished
2021,14,Italian Grand Prix,12-09-2021,Autodromo Nazionale di Monza,Sergio Pérez,Mexican,Red Bull,8,5,10,53,01:25.2,Finished
2021,14,Italian Grand Prix,12-09-2021,Autodromo Nazionale di Monza,Carlos Sainz,Spanish,Ferrari,6,6,8,53,01:25.6,Finished
2021,14,Italian Grand Prix,12-09-2021,Autodromo Nazionale di Monza,Lance Stroll,Canadian,Aston Martin,9,7,6,53,01:25.9,Finished
2021,14,Italian Grand Prix,12-09-2021,Autodromo Nazionale di Monza,Fernando Alonso,Spanish,Alpine F1 Team,10,8,4,53,01:25.5,Finished
2021,14,Italian Grand Prix,12-09-2021,Autodromo Nazionale di Monza,George Russell,British,Williams,14,9,2,53,01:25.8,Finished
2021,14,Italian Grand Prix,12-09-2021,Autodromo Nazionale di Monza,Esteban Ocon,French,Alpine F1 Team,12,10,1,53,01:25.6,Finished
2021,14,Italian Grand Prix,12-09-2021,Autodromo Nazionale di Monza,Nicholas Latifi,Canadian,Williams,13,11,0,53,01:26.0,Finished
2021,14,Italian Grand Prix,12-09-2021,Autodromo Nazionale di Monza,Sebastian Vettel,German,Aston Martin,11,12,0,53,01:25.9,Finished
2021,14,Italian Grand Prix,12-09-2021,Autodromo Nazionale di Monza,Antonio Giovinazzi,Italian,Alfa Romeo,7,13,0,53,01:25.7,Finished
2021,14,Italian Grand Prix,12-09-2021,Autodromo Nazionale di Monza,Robert Kubica,Polish,Alfa Romeo,17,14,0,53,01:25.8,Finished
2021,14,Italian Grand Prix,12-09-2021,Autodromo Nazionale di Monza,Mick Schumacher,German,Haas F1 Team,18,15,0,53,01:26.7,Finished
2021,14,Italian Grand Prix,12-09-2021,Autodromo Nazionale di Monza,Nikita Mazepin,Russian,Haas F1 Team,16,16,0,41,01:27.2,Power Unit
2021,14,Italian Grand Prix,12-09-2021,Autodromo Nazionale di Monza,Lewis Hamilton,British,Mercedes,4,17,0,25,01:25.9,Collision
2021,14,Italian Grand Prix,12-09-2021,Autodromo Nazionale di Monza,Max Verstappen,Dutch,Red Bull,1,18,0,25,01:25.2,Collision
2021,14,Italian Grand Prix,12-09-2021,Autodromo Nazionale di Monza,Pierre Gasly,French,AlphaTauri,20,19,0,3,01:29.0,Suspension
2021,14,Italian Grand Prix,12-09-2021,Autodromo Nazionale di Monza,Yuki Tsunoda,Japanese,AlphaTauri,20,20,0,0,N/A,Brakes
2021,15,Russian Grand Prix,26-09-2021,Sochi Autodrom,Lewis Hamilton,British,Mercedes,4,1,25,53,01:37.6,Finished
2021,15,Russian Grand Prix,26-09-2021,Sochi Autodrom,Max Verstappen,Dutch,Red Bull,20,2,18,53,01:38.4,Finished
2021,15,Russian Grand Prix,26-09-2021,Sochi Autodrom,Carlos Sainz,Spanish,Ferrari,2,3,15,53,01:39.3,Finished
2021,15,Russian Grand Prix,26-09-2021,Sochi Autodrom,Daniel Ricciardo,Australian,McLaren,5,4,12,53,01:39.1,Finished
2021,15,Russian Grand Prix,26-09-2021,Sochi Autodrom,Valtteri Bottas,Finnish,Mercedes,16,5,10,53,01:38.2,Finished
2021,15,Russian Grand Prix,26-09-2021,Sochi Autodrom,Fernando Alonso,Spanish,Alpine F1 Team,6,6,8,53,01:38.7,Finished
2021,15,Russian Grand Prix,26-09-2021,Sochi Autodrom,Lando Norris,British,McLaren,1,7,7,53,01:37.4,Finished
2021,15,Russian Grand Prix,26-09-2021,Sochi Autodrom,Kimi Räikkönen,Finnish,Alfa Romeo,13,8,4,53,01:40.3,Finished
2021,15,Russian Grand Prix,26-09-2021,Sochi Autodrom,Sergio Pérez,Mexican,Red Bull,8,9,2,53,01:39.2,Finished
2021,15,Russian Grand Prix,26-09-2021,Sochi Autodrom,George Russell,British,Williams,3,10,1,53,01:40.6,Finished
2021,15,Russian Grand Prix,26-09-2021,Sochi Autodrom,Lance Stroll,Canadian,Aston Martin,7,11,0,53,01:40.5,Finished
2021,15,Russian Grand Prix,26-09-2021,Sochi Autodrom,Sebastian Vettel,German,Aston Martin,10,12,0,52,01:39.3,+1 Lap
2021,15,Russian Grand Prix,26-09-2021,Sochi Autodrom,Pierre Gasly,French,AlphaTauri,11,13,0,52,01:38.3,+1 Lap
2021,15,Russian Grand Prix,26-09-2021,Sochi Autodrom,Esteban Ocon,French,Alpine F1 Team,9,14,0,52,01:40.6,+1 Lap
2021,15,Russian Grand Prix,26-09-2021,Sochi Autodrom,Charles Leclerc,Monegasque,Ferrari,19,15,0,52,01:39.0,+1 Lap
2021,15,Russian Grand Prix,26-09-2021,Sochi Autodrom,Antonio Giovinazzi,Italian,Alfa Romeo,17,16,0,52,01:39.1,+1 Lap
2021,15,Russian Grand Prix,26-09-2021,Sochi Autodrom,Yuki Tsunoda,Japanese,AlphaTauri,12,17,0,52,01:40.0,+1 Lap
2021,15,Russian Grand Prix,26-09-2021,Sochi Autodrom,Nikita Mazepin,Russian,Haas F1 Team,15,18,0,51,01:41.7,+2 Laps
2021,15,Russian Grand Prix,26-09-2021,Sochi Autodrom,Nicholas Latifi,Canadian,Williams,18,19,0,47,01:40.0,Accident
2021,15,Russian Grand Prix,26-09-2021,Sochi Autodrom,Mick Schumacher,German,Haas F1 Team,14,20,0,32,01:40.3,Oil leak
2021,16,Turkish Grand Prix,10-10-2021,Istanbul Park,Valtteri Bottas,Finnish,Mercedes,1,1,26,58,01:30.4,Finished
2021,16,Turkish Grand Prix,10-10-2021,Istanbul Park,Max Verstappen,Dutch,Red Bull,2,2,18,58,01:32.8,Finished
2021,16,Turkish Grand Prix,10-10-2021,Istanbul Park,Sergio Pérez,Mexican,Red Bull,6,3,15,58,01:32.5,Finished
2021,16,Turkish Grand Prix,10-10-2021,Istanbul Park,Charles Leclerc,Monegasque,Ferrari,3,4,12,58,01:32.7,Finished
2021,16,Turkish Grand Prix,10-10-2021,Istanbul Park,Lewis Hamilton,British,Mercedes,11,5,10,58,01:32.8,Finished
2021,16,Turkish Grand Prix,10-10-2021,Istanbul Park,Pierre Gasly,French,AlphaTauri,4,6,8,58,01:32.8,Finished
2021,16,Turkish Grand Prix,10-10-2021,Istanbul Park,Lando Norris,British,McLaren,7,7,6,58,01:32.4,Finished
2021,16,Turkish Grand Prix,10-10-2021,Istanbul Park,Carlos Sainz,Spanish,Ferrari,19,8,4,58,01:31.9,Finished
2021,16,Turkish Grand Prix,10-10-2021,Istanbul Park,Lance Stroll,Canadian,Aston Martin,8,9,2,58,01:32.6,Finished
2021,16,Turkish Grand Prix,10-10-2021,Istanbul Park,Esteban Ocon,French,Alpine F1 Team,12,10,1,57,01:34.6,+1 Lap
2021,16,Turkish Grand Prix,10-10-2021,Istanbul Park,Antonio Giovinazzi,Italian,Alfa Romeo,16,11,0,57,01:32.9,+1 Lap
2021,16,Turkish Grand Prix,10-10-2021,Istanbul Park,Kimi Räikkönen,Finnish,Alfa Romeo,17,12,0,57,01:32.6,+1 Lap
2021,16,Turkish Grand Prix,10-10-2021,Istanbul Park,Daniel Ricciardo,Australian,McLaren,20,13,0,57,01:33.3,+1 Lap
2021,16,Turkish Grand Prix,10-10-2021,Istanbul Park,Yuki Tsunoda,Japanese,AlphaTauri,9,14,0,57,01:32.8,+1 Lap
2021,16,Turkish Grand Prix,10-10-2021,Istanbul Park,George Russell,British,Williams,13,15,0,57,01:33.4,+1 Lap
2021,16,Turkish Grand Prix,10-10-2021,Istanbul Park,Fernando Alonso,Spanish,Alpine F1 Team,5,16,0,57,01:33.3,+1 Lap
2021,16,Turkish Grand Prix,10-10-2021,Istanbul Park,Nicholas Latifi,Canadian,Williams,15,17,0,57,01:33.7,+1 Lap
2021,16,Turkish Grand Prix,10-10-2021,Istanbul Park,Sebastian Vettel,German,Aston Martin,10,18,0,57,01:32.7,+1 Lap
2021,16,Turkish Grand Prix,10-10-2021,Istanbul Park,Mick Schumacher,German,Haas F1 Team,14,19,0,56,01:34.2,+2 Laps
2021,16,Turkish Grand Prix,10-10-2021,Istanbul Park,Nikita Mazepin,Russian,Haas F1 Team,18,20,0,56,01:35.4,+2 Laps
2021,17,United States Grand Prix,24-10-2021,Circuit of the Americas,Max Verstappen,Dutch,Red Bull,1,1,25,56,01:39.1,Finished
2021,17,United States Grand Prix,24-10-2021,Circuit of the Americas,Lewis Hamilton,British,Mercedes,2,2,19,56,01:38.5,Finished
2021,17,United States Grand Prix,24-10-2021,Circuit of the Americas,Sergio Pérez,Mexican,Red Bull,3,3,15,56,01:39.6,Finished
2021,17,United States Grand Prix,24-10-2021,Circuit of the Americas,Charles Leclerc,Monegasque,Ferrari,4,4,12,56,01:39.3,Finished
2021,17,United States Grand Prix,24-10-2021,Circuit of the Americas,Daniel Ricciardo,Australian,McLaren,6,5,10,56,01:40.3,Finished
2021,17,United States Grand Prix,24-10-2021,Circuit of the Americas,Valtteri Bottas,Finnish,Mercedes,9,6,8,56,01:40.1,Finished
2021,17,United States Grand Prix,24-10-2021,Circuit of the Americas,Carlos Sainz,Spanish,Ferrari,5,7,6,56,01:40.4,Finished
2021,17,United States Grand Prix,24-10-2021,Circuit of the Americas,Lando Norris,British,McLaren,7,8,4,56,01:40.2,Finished
2021,17,United States Grand Prix,24-10-2021,Circuit of the Americas,Yuki Tsunoda,Japanese,AlphaTauri,10,9,2,55,01:41.2,+1 Lap
2021,17,United States Grand Prix,24-10-2021,Circuit of the Americas,Sebastian Vettel,German,Aston Martin,18,10,1,55,01:40.5,+1 Lap
2021,17,United States Grand Prix,24-10-2021,Circuit of the Americas,Antonio Giovinazzi,Italian,Alfa Romeo,12,11,0,55,01:41.1,+1 Lap
2021,17,United States Grand Prix,24-10-2021,Circuit of the Americas,Lance Stroll,Canadian,Aston Martin,13,12,0,55,01:41.2,+1 Lap
2021,17,United States Grand Prix,24-10-2021,Circuit of the Americas,Kimi Räikkönen,Finnish,Alfa Romeo,15,13,0,55,01:41.3,+1 Lap
2021,17,United States Grand Prix,24-10-2021,Circuit of the Americas,George Russell,British,Williams,20,14,0,55,01:41.1,+1 Lap
2021,17,United States Grand Prix,24-10-2021,Circuit of the Americas,Nicholas Latifi,Canadian,Williams,14,15,0,55,01:41.8,+1 Lap
2021,17,United States Grand Prix,24-10-2021,Circuit of the Americas,Mick Schumacher,German,Haas F1 Team,16,16,0,54,01:41.4,+2 Laps
2021,17,United States Grand Prix,24-10-2021,Circuit of the Americas,Nikita Mazepin,Russian,Haas F1 Team,17,17,0,54,01:42.9,+2 Laps
2021,17,United States Grand Prix,24-10-2021,Circuit of the Americas,Fernando Alonso,Spanish,Alpine F1 Team,19,18,0,49,01:40.1,Rear wing
2021,17,United States Grand Prix,24-10-2021,Circuit of the Americas,Esteban Ocon,French,Alpine F1 Team,11,19,0,40,01:42.2,Mechanical
2021,17,United States Grand Prix,24-10-2021,Circuit of the Americas,Pierre Gasly,French,AlphaTauri,8,20,0,14,01:42.0,Suspension
2021,18,Mexico City Grand Prix,07-11-2021,Autódromo Hermanos Rodríguez,Max Verstappen,Dutch,Red Bull,3,1,25,71,01:19.0,Finished
2021,18,Mexico City Grand Prix,07-11-2021,Autódromo Hermanos Rodríguez,Lewis Hamilton,British,Mercedes,2,2,18,71,01:19.8,Finished
2021,18,Mexico City Grand Prix,07-11-2021,Autódromo Hermanos Rodríguez,Sergio Pérez,Mexican,Red Bull,4,3,15,71,01:19.5,Finished
2021,18,Mexico City Grand Prix,07-11-2021,Autódromo Hermanos Rodríguez,Pierre Gasly,French,AlphaTauri,5,4,12,71,01:20.5,Finished
2021,18,Mexico City Grand Prix,07-11-2021,Autódromo Hermanos Rodríguez,Charles Leclerc,Monegasque,Ferrari,8,5,10,71,01:20.7,Finished
2021,18,Mexico City Grand Prix,07-11-2021,Autódromo Hermanos Rodríguez,Carlos Sainz,Spanish,Ferrari,6,6,8,70,01:20.1,+1 Lap
2021,18,Mexico City Grand Prix,07-11-2021,Autódromo Hermanos Rodríguez,Sebastian Vettel,German,Aston Martin,9,7,6,70,01:20.5,+1 Lap
2021,18,Mexico City Grand Prix,07-11-2021,Autódromo Hermanos Rodríguez,Kimi Räikkönen,Finnish,Alfa Romeo,10,8,4,70,01:20.7,+1 Lap
2021,18,Mexico City Grand Prix,07-11-2021,Autódromo Hermanos Rodríguez,Fernando Alonso,Spanish,Alpine F1 Team,12,9,2,70,01:20.7,+1 Lap
2021,18,Mexico City Grand Prix,07-11-2021,Autódromo Hermanos Rodríguez,Lando Norris,British,McLaren,18,10,1,70,01:20.6,+1 Lap
2021,18,Mexico City Grand Prix,07-11-2021,Autódromo Hermanos Rodríguez,Antonio Giovinazzi,Italian,Alfa Romeo,11,11,0,70,01:21.5,+1 Lap
2021,18,Mexico City Grand Prix,07-11-2021,Autódromo Hermanos Rodríguez,Daniel Ricciardo,Australian,McLaren,7,12,0,70,01:21.1,+1 Lap
2021,18,Mexico City Grand Prix,07-11-2021,Autódromo Hermanos Rodríguez,Esteban Ocon,French,Alpine F1 Team,19,13,0,70,01:21.3,+1 Lap
2021,18,Mexico City Grand Prix,07-11-2021,Autódromo Hermanos Rodríguez,Lance Stroll,Canadian,Aston Martin,20,14,0,69,01:20.9,+2 Laps
2021,18,Mexico City Grand Prix,07-11-2021,Autódromo Hermanos Rodríguez,Valtteri Bottas,Finnish,Mercedes,1,15,0,69,01:17.8,+2 Laps
2021,18,Mexico City Grand Prix,07-11-2021,Autódromo Hermanos Rodríguez,George Russell,British,Williams,16,16,0,69,01:22.0,+2 Laps
2021,18,Mexico City Grand Prix,07-11-2021,Autódromo Hermanos Rodríguez,Nicholas Latifi,Canadian,Williams,13,17,0,69,01:21.5,+2 Laps
2021,18,Mexico City Grand Prix,07-11-2021,Autódromo Hermanos Rodríguez,Nikita Mazepin,Russian,Haas F1 Team,15,18,0,68,01:21.4,+3 Laps
2021,18,Mexico City Grand Prix,07-11-2021,Autódromo Hermanos Rodríguez,Mick Schumacher,German,Haas F1 Team,14,19,0,0,N/A,Collision
2021,18,Mexico City Grand Prix,07-11-2021,Autódromo Hermanos Rodríguez,Yuki Tsunoda,Japanese,AlphaTauri,17,20,0,0,N/A,Collision
2021,19,São Paulo Grand Prix,14-11-2021,Autódromo José Carlos Pace,Lewis Hamilton,British,Mercedes,10,1,25,71,01:12.0,Finished
2021,19,São Paulo Grand Prix,14-11-2021,Autódromo José Carlos Pace,Max Verstappen,Dutch,Red Bull,2,2,18,71,01:12.5,Finished
2021,19,São Paulo Grand Prix,14-11-2021,Autódromo José Carlos Pace,Valtteri Bottas,Finnish,Mercedes,1,3,15,71,01:12.5,Finished
2021,19,São Paulo Grand Prix,14-11-2021,Autódromo José Carlos Pace,Sergio Pérez,Mexican,Red Bull,4,4,13,71,01:11.0,Finished
2021,19,São Paulo Grand Prix,14-11-2021,Autódromo José Carlos Pace,Charles Leclerc,Monegasque,Ferrari,6,5,10,71,01:12.8,Finished
2021,19,São Paulo Grand Prix,14-11-2021,Autódromo José Carlos Pace,Carlos Sainz,Spanish,Ferrari,3,6,8,71,01:12.7,Finished
2021,19,São Paulo Grand Prix,14-11-2021,Autódromo José Carlos Pace,Pierre Gasly,French,AlphaTauri,7,7,6,70,01:13.2,+1 Lap
2021,19,São Paulo Grand Prix,14-11-2021,Autódromo José Carlos Pace,Esteban Ocon,French,Alpine F1 Team,8,8,4,70,01:14.4,+1 Lap
2021,19,São Paulo Grand Prix,14-11-2021,Autódromo José Carlos Pace,Fernando Alonso,Spanish,Alpine F1 Team,12,9,2,70,01:13.9,+1 Lap
2021,19,São Paulo Grand Prix,14-11-2021,Autódromo José Carlos Pace,Lando Norris,British,McLaren,5,10,1,70,01:13.8,+1 Lap
2021,19,São Paulo Grand Prix,14-11-2021,Autódromo José Carlos Pace,Sebastian Vettel,German,Aston Martin,9,11,0,70,01:13.6,+1 Lap
2021,19,São Paulo Grand Prix,14-11-2021,Autódromo José Carlos Pace,Kimi Räikkönen,Finnish,Alfa Romeo,20,12,0,70,01:12.6,+1 Lap
2021,19,São Paulo Grand Prix,14-11-2021,Autódromo José Carlos Pace,George Russell,British,Williams,17,13,0,70,01:14.4,+1 Lap
2021,19,São Paulo Grand Prix,14-11-2021,Autódromo José Carlos Pace,Antonio Giovinazzi,Italian,Alfa Romeo,13,14,0,70,01:14.2,+1 Lap
2021,19,São Paulo Grand Prix,14-11-2021,Autódromo José Carlos Pace,Yuki Tsunoda,Japanese,AlphaTauri,15,15,0,70,01:14.2,+1 Lap
2021,19,São Paulo Grand Prix,14-11-2021,Autódromo José Carlos Pace,Nicholas Latifi,Canadian,Williams,16,16,0,70,01:14.6,+1 Lap
2021,19,São Paulo Grand Prix,14-11-2021,Autódromo José Carlos Pace,Nikita Mazepin,Russian,Haas F1 Team,19,17,0,69,01:15.0,+2 Laps
2021,19,São Paulo Grand Prix,14-11-2021,Autódromo José Carlos Pace,Mick Schumacher,German,Haas F1 Team,18,18,0,69,01:13.8,+2 Laps
2021,19,São Paulo Grand Prix,14-11-2021,Autódromo José Carlos Pace,Daniel Ricciardo,Australian,McLaren,11,19,0,49,01:14.4,Power loss
2021,19,São Paulo Grand Prix,14-11-2021,Autódromo José Carlos Pace,Lance Stroll,Canadian,Aston Martin,14,20,0,47,01:15.3,Collision damage
2021,20,Qatar Grand Prix,21-11-2021,Losail International Circuit,Lewis Hamilton,British,Mercedes,1,1,25,57,01:25.1,Finished
2021,20,Qatar Grand Prix,21-11-2021,Losail International Circuit,Max Verstappen,Dutch,Red Bull,7,2,19,57,01:23.2,Finished
2021,20,Qatar Grand Prix,21-11-2021,Losail International Circuit,Fernando Alonso,Spanish,Alpine F1 Team,3,3,15,57,01:26.7,Finished
2021,20,Qatar Grand Prix,21-11-2021,Losail International Circuit,Sergio Pérez,Mexican,Red Bull,11,4,12,57,01:25.6,Finished
2021,20,Qatar Grand Prix,21-11-2021,Losail International Circuit,Esteban Ocon,French,Alpine F1 Team,9,5,10,57,01:27.1,Finished
2021,20,Qatar Grand Prix,21-11-2021,Losail International Circuit,Lance Stroll,Canadian,Aston Martin,12,6,8,57,01:27.4,Finished
2021,20,Qatar Grand Prix,21-11-2021,Losail International Circuit,Carlos Sainz,Spanish,Ferrari,5,7,6,57,01:26.6,Finished
2021,20,Qatar Grand Prix,21-11-2021,Losail International Circuit,Charles Leclerc,Monegasque,Ferrari,13,8,4,57,01:26.6,Finished
2021,20,Qatar Grand Prix,21-11-2021,Losail International Circuit,Lando Norris,British,McLaren,4,9,2,56,01:25.7,+1 Lap
2021,20,Qatar Grand Prix,21-11-2021,Losail International Circuit,Sebastian Vettel,German,Aston Martin,10,10,1,56,01:26.4,+1 Lap
2021,20,Qatar Grand Prix,21-11-2021,Losail International Circuit,Pierre Gasly,French,AlphaTauri,2,11,0,56,01:27.0,+1 Lap
2021,20,Qatar Grand Prix,21-11-2021,Losail International Circuit,Daniel Ricciardo,Australian,McLaren,14,12,0,56,01:27.2,+1 Lap
2021,20,Qatar Grand Prix,21-11-2021,Losail International Circuit,Yuki Tsunoda,Japanese,AlphaTauri,8,13,0,56,01:27.0,+1 Lap
2021,20,Qatar Grand Prix,21-11-2021,Losail International Circuit,Kimi Räikkönen,Finnish,Alfa Romeo,16,14,0,56,01:26.4,+1 Lap
2021,20,Qatar Grand Prix,21-11-2021,Losail International Circuit,Antonio Giovinazzi,Italian,Alfa Romeo,18,15,0,56,01:27.8,+1 Lap
2021,20,Qatar Grand Prix,21-11-2021,Losail International Circuit,Mick Schumacher,German,Haas F1 Team,19,16,0,56,01:28.4,+1 Lap
2021,20,Qatar Grand Prix,21-11-2021,Losail International Circuit,George Russell,British,Williams,15,17,0,55,01:25.8,+2 Laps
2021,20,Qatar Grand Prix,21-11-2021,Losail International Circuit,Nikita Mazepin,Russian,Haas F1 Team,20,18,0,55,01:27.3,+2 Laps
2021,20,Qatar Grand Prix,21-11-2021,Losail International Circuit,Nicholas Latifi,Canadian,Williams,17,19,0,50,01:28.7,Puncture
2021,20,Qatar Grand Prix,21-11-2021,Losail International Circuit,Valtteri Bottas,Finnish,Mercedes,6,20,0,48,01:27.2,Damage
2021,21,Saudi Arabian Grand Prix,05-12-2021,Jeddah Corniche Circuit,Lewis Hamilton,British,Mercedes,1,1,26,50,01:30.7,Finished
2021,21,Saudi Arabian Grand Prix,05-12-2021,Jeddah Corniche Circuit,Max Verstappen,Dutch,Red Bull,3,2,18,50,01:31.5,Finished
2021,21,Saudi Arabian Grand Prix,05-12-2021,Jeddah Corniche Circuit,Valtteri Bottas,Finnish,Mercedes,2,3,15,50,01:31.4,Finished
2021,21,Saudi Arabian Grand Prix,05-12-2021,Jeddah Corniche Circuit,Esteban Ocon,French,Alpine F1 Team,9,4,12,50,01:31.8,Finished
2021,21,Saudi Arabian Grand Prix,05-12-2021,Jeddah Corniche Circuit,Daniel Ricciardo,Australian,McLaren,11,5,10,50,01:32.7,Finished
2021,21,Saudi Arabian Grand Prix,05-12-2021,Jeddah Corniche Circuit,Pierre Gasly,French,AlphaTauri,6,6,8,50,01:32.3,Finished
2021,21,Saudi Arabian Grand Prix,05-12-2021,Jeddah Corniche Circuit,Charles Leclerc,Monegasque,Ferrari,4,7,6,50,01:31.6,Finished
2021,21,Saudi Arabian Grand Prix,05-12-2021,Jeddah Corniche Circuit,Carlos Sainz,Spanish,Ferrari,15,8,4,50,01:31.9,Finished
2021,21,Saudi Arabian Grand Prix,05-12-2021,Jeddah Corniche Circuit,Antonio Giovinazzi,Italian,Alfa Romeo,10,9,2,50,01:32.9,Finished
2021,21,Saudi Arabian Grand Prix,05-12-2021,Jeddah Corniche Circuit,Lando Norris,British,McLaren,7,10,1,50,01:31.9,Finished
2021,21,Saudi Arabian Grand Prix,05-12-2021,Jeddah Corniche Circuit,Lance Stroll,Canadian,Aston Martin,18,11,0,50,01:32.8,Finished
2021,21,Saudi Arabian Grand Prix,05-12-2021,Jeddah Corniche Circuit,Nicholas Latifi,Canadian,Williams,16,12,0,50,01:32.8,Finished
2021,21,Saudi Arabian Grand Prix,05-12-2021,Jeddah Corniche Circuit,Fernando Alonso,Spanish,Alpine F1 Team,13,13,0,49,01:31.6,+1 Lap
2021,21,Saudi Arabian Grand Prix,05-12-2021,Jeddah Corniche Circuit,Yuki Tsunoda,Japanese,AlphaTauri,8,14,0,49,01:32.5,+1 Lap
2021,21,Saudi Arabian Grand Prix,05-12-2021,Jeddah Corniche Circuit,Kimi Räikkönen,Finnish,Alfa Romeo,12,15,0,49,01:32.8,+1 Lap
2021,21,Saudi Arabian Grand Prix,05-12-2021,Jeddah Corniche Circuit,Sebastian Vettel,German,Aston Martin,17,16,0,44,01:34.0,Collision damage
2021,21,Saudi Arabian Grand Prix,05-12-2021,Jeddah Corniche Circuit,Sergio Pérez,Mexican,Red Bull,5,17,0,14,01:34.1,Collision
2021,21,Saudi Arabian Grand Prix,05-12-2021,Jeddah Corniche Circuit,Nikita Mazepin,Russian,Haas F1 Team,20,18,0,14,01:37.0,Collision
2021,21,Saudi Arabian Grand Prix,05-12-2021,Jeddah Corniche Circuit,George Russell,British,Williams,14,19,0,14,01:36.1,Collision
2021,21,Saudi Arabian Grand Prix,05-12-2021,Jeddah Corniche Circuit,Mick Schumacher,German,Haas F1 Team,19,20,0,8,01:36.0,Accident
2021,22,Abu Dhabi Grand Prix,12-12-2021,Yas Marina Circuit,Max Verstappen,Dutch,Red Bull,1,1,26,58,01:26.1,Finished
2021,22,Abu Dhabi Grand Prix,12-12-2021,Yas Marina Circuit,Lewis Hamilton,British,Mercedes,2,2,18,58,01:26.6,Finished
2021,22,Abu Dhabi Grand Prix,12-12-2021,Yas Marina Circuit,Carlos Sainz,Spanish,Ferrari,5,3,15,58,01:27.6,Finished
2021,22,Abu Dhabi Grand Prix,12-12-2021,Yas Marina Circuit,Yuki Tsunoda,Japanese,AlphaTauri,8,4,12,58,01:27.5,Finished
2021,22,Abu Dhabi Grand Prix,12-12-2021,Yas Marina Circuit,Pierre Gasly,French,AlphaTauri,12,5,10,58,01:27.3,Finished
2021,22,Abu Dhabi Grand Prix,12-12-2021,Yas Marina Circuit,Valtteri Bottas,Finnish,Mercedes,6,6,8,58,01:26.9,Finished
2021,22,Abu Dhabi Grand Prix,12-12-2021,Yas Marina Circuit,Lando Norris,British,McLaren,3,7,6,58,01:26.8,Finished
2021,22,Abu Dhabi Grand Prix,12-12-2021,Yas Marina Circuit,Fernando Alonso,Spanish,Alpine F1 Team,11,8,4,58,01:27.6,Finished
2021,22,Abu Dhabi Grand Prix,12-12-2021,Yas Marina Circuit,Esteban Ocon,French,Alpine F1 Team,9,9,2,58,01:28.2,Finished
2021,22,Abu Dhabi Grand Prix,12-12-2021,Yas Marina Circuit,Charles Leclerc,Monegasque,Ferrari,7,10,1,58,01:28.4,Finished
2021,22,Abu Dhabi Grand Prix,12-12-2021,Yas Marina Circuit,Sebastian Vettel,German,Aston Martin,15,11,0,58,01:28.3,Finished
2021,22,Abu Dhabi Grand Prix,12-12-2021,Yas Marina Circuit,Daniel Ricciardo,Australian,McLaren,10,12,0,57,01:28.7,+1 Lap
2021,22,Abu Dhabi Grand Prix,12-12-2021,Yas Marina Circuit,Lance Stroll,Canadian,Aston Martin,13,13,0,57,01:28.6,+1 Lap
2021,22,Abu Dhabi Grand Prix,12-12-2021,Yas Marina Circuit,Mick Schumacher,German,Haas F1 Team,19,14,0,57,01:29.5,+1 Lap
2021,22,Abu Dhabi Grand Prix,12-12-2021,Yas Marina Circuit,Sergio Pérez,Mexican,Red Bull,4,15,0,55,01:26.4,Engine
2021,22,Abu Dhabi Grand Prix,12-12-2021,Yas Marina Circuit,Nicholas Latifi,Canadian,Williams,16,16,0,50,01:29.3,Accident
2021,22,Abu Dhabi Grand Prix,12-12-2021,Yas Marina Circuit,Antonio Giovinazzi,Italian,Alfa Romeo,14,17,0,33,01:29.4,Gearbox
2021,22,Abu Dhabi Grand Prix,12-12-2021,Yas Marina Circuit,George Russell,British,Williams,17,18,0,26,01:30.6,Gearbox
2021,22,Abu Dhabi Grand Prix,12-12-2021,Yas Marina Circuit,Kimi Räikkönen,Finnish,Alfa Romeo,18,19,0,25,01:29.7,Brakes
2021,22,Abu Dhabi Grand Prix,12-12-2021,Yas Marina Circuit,Nikita Mazepin,Russian,Haas F1 Team,20,20,0,0,N/A,Illness
2022,1,Bahrain Grand Prix,20-03-2022,Bahrain International Circuit,Charles Leclerc,Monegasque,Ferrari,1,1,26,57,01:34.6,Finished
2022,1,Bahrain Grand Prix,20-03-2022,Bahrain International Circuit,Carlos Sainz,Spanish,Ferrari,3,2,18,57,01:35.7,Finished
2022,1,Bahrain Grand Prix,20-03-2022,Bahrain International Circuit,Lewis Hamilton,British,Mercedes,5,3,15,57,01:36.2,Finished
2022,1,Bahrain Grand Prix,20-03-2022,Bahrain International Circuit,George Russell,British,Mercedes,9,4,12,57,01:36.3,Finished
2022,1,Bahrain Grand Prix,20-03-2022,Bahrain International Circuit,Kevin Magnussen,Danish,Haas F1 Team,7,5,10,57,01:36.6,Finished
2022,1,Bahrain Grand Prix,20-03-2022,Bahrain International Circuit,Valtteri Bottas,Finnish,Alfa Romeo,6,6,8,57,01:36.6,Finished
2022,1,Bahrain Grand Prix,20-03-2022,Bahrain International Circuit,Esteban Ocon,French,Alpine F1 Team,11,7,6,57,01:37.1,Finished
2022,1,Bahrain Grand Prix,20-03-2022,Bahrain International Circuit,Yuki Tsunoda,Japanese,AlphaTauri,16,8,4,57,01:37.1,Finished
2022,1,Bahrain Grand Prix,20-03-2022,Bahrain International Circuit,Fernando Alonso,Spanish,Alpine F1 Team,8,9,2,57,01:36.7,Finished
2022,1,Bahrain Grand Prix,20-03-2022,Bahrain International Circuit,Guanyu Zhou,Chinese,Alfa Romeo,15,10,1,57,01:36.7,Finished
2022,1,Bahrain Grand Prix,20-03-2022,Bahrain International Circuit,Mick Schumacher,German,Haas F1 Team,12,11,0,57,01:37.0,Finished
2022,1,Bahrain Grand Prix,20-03-2022,Bahrain International Circuit,Lance Stroll,Canadian,Aston Martin,19,12,0,57,01:37.1,Finished
2022,1,Bahrain Grand Prix,20-03-2022,Bahrain International Circuit,Alexander Albon,Thai,Williams,14,13,0,57,01:37.4,Finished
2022,1,Bahrain Grand Prix,20-03-2022,Bahrain International Circuit,Daniel Ricciardo,Australian,McLaren,18,14,0,57,01:37.3,Finished
2022,1,Bahrain Grand Prix,20-03-2022,Bahrain International Circuit,Lando Norris,British,McLaren,13,15,0,57,01:37.0,Finished
2022,1,Bahrain Grand Prix,20-03-2022,Bahrain International Circuit,Nicholas Latifi,Canadian,Williams,20,16,0,57,01:38.3,Finished
2022,1,Bahrain Grand Prix,20-03-2022,Bahrain International Circuit,Nico Hülkenberg,German,Aston Martin,17,17,0,57,01:38.2,Finished
2022,1,Bahrain Grand Prix,20-03-2022,Bahrain International Circuit,Sergio Pérez,Mexican,Red Bull,4,18,0,56,01:36.1,Fuel pressure
2022,1,Bahrain Grand Prix,20-03-2022,Bahrain International Circuit,Max Verstappen,Dutch,Red Bull,2,19,0,54,01:35.4,Fuel pressure
2022,1,Bahrain Grand Prix,20-03-2022,Bahrain International Circuit,Pierre Gasly,French,AlphaTauri,10,20,0,44,01:37.3,Power Unit
2022,2,Saudi Arabian Grand Prix,27-03-2022,Jeddah Corniche Circuit,Max Verstappen,Dutch,Red Bull,4,1,25,50,01:31.8,Finished
2022,2,Saudi Arabian Grand Prix,27-03-2022,Jeddah Corniche Circuit,Charles Leclerc,Monegasque,Ferrari,2,2,19,50,01:31.6,Finished
2022,2,Saudi Arabian Grand Prix,27-03-2022,Jeddah Corniche Circuit,Carlos Sainz,Spanish,Ferrari,3,3,15,50,01:31.9,Finished
2022,2,Saudi Arabian Grand Prix,27-03-2022,Jeddah Corniche Circuit,Sergio Pérez,Mexican,Red Bull,1,4,12,50,01:32.0,Finished
2022,2,Saudi Arabian Grand Prix,27-03-2022,Jeddah Corniche Circuit,George Russell,British,Mercedes,6,5,10,50,01:32.8,Finished
2022,2,Saudi Arabian Grand Prix,27-03-2022,Jeddah Corniche Circuit,Esteban Ocon,French,Alpine F1 Team,5,6,8,50,01:33.1,Finished
2022,2,Saudi Arabian Grand Prix,27-03-2022,Jeddah Corniche Circuit,Lando Norris,British,McLaren,11,7,6,50,01:32.8,Finished
2022,2,Saudi Arabian Grand Prix,27-03-2022,Jeddah Corniche Circuit,Pierre Gasly,French,AlphaTauri,9,8,4,50,01:33.5,Finished
2022,2,Saudi Arabian Grand Prix,27-03-2022,Jeddah Corniche Circuit,Kevin Magnussen,Danish,Haas F1 Team,10,9,2,50,01:32.8,Finished
2022,2,Saudi Arabian Grand Prix,27-03-2022,Jeddah Corniche Circuit,Lewis Hamilton,British,Mercedes,15,10,1,50,01:33.0,Finished
2022,2,Saudi Arabian Grand Prix,27-03-2022,Jeddah Corniche Circuit,Guanyu Zhou,Chinese,Alfa Romeo,12,11,0,50,01:33.9,Finished
2022,2,Saudi Arabian Grand Prix,27-03-2022,Jeddah Corniche Circuit,Nico Hülkenberg,German,Aston Martin,17,12,0,50,01:33.7,Finished
2022,2,Saudi Arabian Grand Prix,27-03-2022,Jeddah Corniche Circuit,Lance Stroll,Canadian,Aston Martin,13,13,0,49,01:34.4,+1 Lap
2022,2,Saudi Arabian Grand Prix,27-03-2022,Jeddah Corniche Circuit,Alexander Albon,Thai,Williams,16,14,0,47,01:34.4,Collision damage
2022,2,Saudi Arabian Grand Prix,27-03-2022,Jeddah Corniche Circuit,Valtteri Bottas,Finnish,Alfa Romeo,8,15,0,36,01:34.0,Cooling system
2022,2,Saudi Arabian Grand Prix,27-03-2022,Jeddah Corniche Circuit,Fernando Alonso,Spanish,Alpine F1 Team,7,16,0,35,01:33.8,Water pump
2022,2,Saudi Arabian Grand Prix,27-03-2022,Jeddah Corniche Circuit,Daniel Ricciardo,Australian,McLaren,14,17,0,35,01:34.5,Gearbox
2022,2,Saudi Arabian Grand Prix,27-03-2022,Jeddah Corniche Circuit,Nicholas Latifi,Canadian,Williams,18,18,0,14,01:37.5,Accident
2022,2,Saudi Arabian Grand Prix,27-03-2022,Jeddah Corniche Circuit,Yuki Tsunoda,Japanese,AlphaTauri,19,19,0,0,N/A,Power Unit
2022,2,Saudi Arabian Grand Prix,27-03-2022,Jeddah Corniche Circuit,Mick Schumacher,German,Haas F1 Team,20,20,0,0,N/A,Withdrew
2022,3,Australian Grand Prix,10-04-2022,Albert Park Grand Prix Circuit,Charles Leclerc,Monegasque,Ferrari,1,1,26,58,01:20.3,Finished
2022,3,Australian Grand Prix,10-04-2022,Albert Park Grand Prix Circuit,Sergio Pérez,Mexican,Red Bull,3,2,18,58,01:21.1,Finished
2022,3,Australian Grand Prix,10-04-2022,Albert Park Grand Prix Circuit,George Russell,British,Mercedes,6,3,15,58,01:21.5,Finished
2022,3,Australian Grand Prix,10-04-2022,Albert Park Grand Prix Circuit,Lewis Hamilton,British,Mercedes,5,4,12,58,01:21.9,Finished
2022,3,Australian Grand Prix,10-04-2022,Albert Park Grand Prix Circuit,Lando Norris,British,McLaren,4,5,10,58,01:22.2,Finished
2022,3,Australian Grand Prix,10-04-2022,Albert Park Grand Prix Circuit,Daniel Ricciardo,Australian,McLaren,7,6,8,58,01:22.5,Finished
2022,3,Australian Grand Prix,10-04-2022,Albert Park Grand Prix Circuit,Esteban Ocon,French,Alpine F1 Team,8,7,6,58,01:22.5,Finished
2022,3,Australian Grand Prix,10-04-2022,Albert Park Grand Prix Circuit,Valtteri Bottas,Finnish,Alfa Romeo,12,8,4,58,01:21.7,Finished
2022,3,Australian Grand Prix,10-04-2022,Albert Park Grand Prix Circuit,Pierre Gasly,French,AlphaTauri,11,9,2,58,01:22.7,Finished
2022,3,Australian Grand Prix,10-04-2022,Albert Park Grand Prix Circuit,Alexander Albon,Thai,Williams,20,10,1,58,01:22.6,Finished
2022,3,Australian Grand Prix,10-04-2022,Albert Park Grand Prix Circuit,Guanyu Zhou,Chinese,Alfa Romeo,14,11,0,58,01:22.5,Finished
2022,3,Australian Grand Prix,10-04-2022,Albert Park Grand Prix Circuit,Lance Stroll,Canadian,Aston Martin,19,12,0,58,01:23.6,Finished
2022,3,Australian Grand Prix,10-04-2022,Albert Park Grand Prix Circuit,Mick Schumacher,German,Haas F1 Team,15,13,0,57,01:23.0,+1 Lap
2022,3,Australian Grand Prix,10-04-2022,Albert Park Grand Prix Circuit,Kevin Magnussen,Danish,Haas F1 Team,16,14,0,57,01:23.1,+1 Lap
2022,3,Australian Grand Prix,10-04-2022,Albert Park Grand Prix Circuit,Yuki Tsunoda,Japanese,AlphaTauri,13,15,0,57,01:23.3,+1 Lap
2022,3,Australian Grand Prix,10-04-2022,Albert Park Grand Prix Circuit,Nicholas Latifi,Canadian,Williams,18,16,0,57,01:23.9,+1 Lap
2022,3,Australian Grand Prix,10-04-2022,Albert Park Grand Prix Circuit,Fernando Alonso,Spanish,Alpine F1 Team,10,17,0,57,01:20.8,+1 Lap
2022,3,Australian Grand Prix,10-04-2022,Albert Park Grand Prix Circuit,Max Verstappen,Dutch,Red Bull,2,18,0,38,01:21.7,Fuel leak
2022,3,Australian Grand Prix,10-04-2022,Albert Park Grand Prix Circuit,Sebastian Vettel,German,Aston Martin,17,19,0,22,01:25.2,Accident
2022,3,Australian Grand Prix,10-04-2022,Albert Park Grand Prix Circuit,Carlos Sainz,Spanish,Ferrari,9,20,0,1,N/A,Spun off
2022,4,Emilia Romagna Grand Prix,24-04-2022,Autodromo Enzo e Dino Ferrari,Max Verstappen,Dutch,Red Bull,1,1,26,63,01:18.4,Finished
2022,4,Emilia Romagna Grand Prix,24-04-2022,Autodromo Enzo e Dino Ferrari,Sergio Pérez,Mexican,Red Bull,3,2,18,63,01:18.9,Finished
2022,4,Emilia Romagna Grand Prix,24-04-2022,Autodromo Enzo e Dino Ferrari,Lando Norris,British,McLaren,5,3,15,63,01:20.9,Finished
2022,4,Emilia Romagna Grand Prix,24-04-2022,Autodromo Enzo e Dino Ferrari,George Russell,British,Mercedes,11,4,12,63,01:21.0,Finished
2022,4,Emilia Romagna Grand Prix,24-04-2022,Autodromo Enzo e Dino Ferrari,Valtteri Bottas,Finnish,Alfa Romeo,7,5,10,63,01:20.8,Finished
2022,4,Emilia Romagna Grand Prix,24-04-2022,Autodromo Enzo e Dino Ferrari,Charles Leclerc,Monegasque,Ferrari,2,6,8,63,01:18.6,Finished
2022,4,Emilia Romagna Grand Prix,24-04-2022,Autodromo Enzo e Dino Ferrari,Yuki Tsunoda,Japanese,AlphaTauri,12,7,6,63,01:20.5,Finished
2022,4,Emilia Romagna Grand Prix,24-04-2022,Autodromo Enzo e Dino Ferrari,Sebastian Vettel,German,Aston Martin,13,8,4,63,01:21.2,Finished
2022,4,Emilia Romagna Grand Prix,24-04-2022,Autodromo Enzo e Dino Ferrari,Kevin Magnussen,Danish,Haas F1 Team,8,9,2,63,01:21.2,Finished
2022,4,Emilia Romagna Grand Prix,24-04-2022,Autodromo Enzo e Dino Ferrari,Lance Stroll,Canadian,Aston Martin,15,10,1,62,01:21.8,+1 Lap
2022,4,Emilia Romagna Grand Prix,24-04-2022,Autodromo Enzo e Dino Ferrari,Alexander Albon,Thai,Williams,18,11,0,62,01:21.8,+1 Lap
2022,4,Emilia Romagna Grand Prix,24-04-2022,Autodromo Enzo e Dino Ferrari,Pierre Gasly,French,AlphaTauri,17,12,0,62,01:21.7,+1 Lap
2022,4,Emilia Romagna Grand Prix,24-04-2022,Autodromo Enzo e Dino Ferrari,Lewis Hamilton,British,Mercedes,14,13,0,62,01:21.4,+1 Lap
2022,4,Emilia Romagna Grand Prix,24-04-2022,Autodromo Enzo e Dino Ferrari,Esteban Ocon,French,Alpine F1 Team,16,14,0,62,01:21.9,+1 Lap
2022,4,Emilia Romagna Grand Prix,24-04-2022,Autodromo Enzo e Dino Ferrari,Guanyu Zhou,Chinese,Alfa Romeo,20,15,0,62,01:21.3,+1 Lap
2022,4,Emilia Romagna Grand Prix,24-04-2022,Autodromo Enzo e Dino Ferrari,Nicholas Latifi,Canadian,Williams,19,16,0,62,01:21.3,+1 Lap
2022,4,Emilia Romagna Grand Prix,24-04-2022,Autodromo Enzo e Dino Ferrari,Mick Schumacher,German,Haas F1 Team,10,17,0,62,01:19.0,+1 Lap
2022,4,Emilia Romagna Grand Prix,24-04-2022,Autodromo Enzo e Dino Ferrari,Daniel Ricciardo,Australian,McLaren,6,18,0,62,01:21.6,+1 Lap
2022,4,Emilia Romagna Grand Prix,24-04-2022,Autodromo Enzo e Dino Ferrari,Fernando Alonso,Spanish,Alpine F1 Team,9,19,0,6,01:39.7,Collision damage
2022,4,Emilia Romagna Grand Prix,24-04-2022,Autodromo Enzo e Dino Ferrari,Carlos Sainz,Spanish,Ferrari,4,20,0,0,N/A,Collision
2022,5,Miami Grand Prix,08-05-2022,Miami International Autodrome,Max Verstappen,Dutch,Red Bull,3,1,26,57,01:31.4,Finished
2022,5,Miami Grand Prix,08-05-2022,Miami International Autodrome,Charles Leclerc,Monegasque,Ferrari,1,2,18,57,01:31.5,Finished
2022,5,Miami Grand Prix,08-05-2022,Miami International Autodrome,Carlos Sainz,Spanish,Ferrari,2,3,15,57,01:31.8,Finished
2022,5,Miami Grand Prix,08-05-2022,Miami International Autodrome,Sergio Pérez,Mexican,Red Bull,4,4,12,57,01:31.8,Finished
2022,5,Miami Grand Prix,08-05-2022,Miami International Autodrome,George Russell,British,Mercedes,12,5,10,57,01:32.2,Finished
2022,5,Miami Grand Prix,08-05-2022,Miami International Autodrome,Lewis Hamilton,British,Mercedes,6,6,8,57,01:32.9,Finished
2022,5,Miami Grand Prix,08-05-2022,Miami International Autodrome,Valtteri Bottas,Finnish,Alfa Romeo,5,7,6,57,01:33.2,Finished
2022,5,Miami Grand Prix,08-05-2022,Miami International Autodrome,Esteban Ocon,French,Alpine F1 Team,20,8,4,57,01:33.2,Finished
2022,5,Miami Grand Prix,08-05-2022,Miami International Autodrome,Alexander Albon,Thai,Williams,18,9,2,57,01:33.4,Finished
2022,5,Miami Grand Prix,08-05-2022,Miami International Autodrome,Lance Stroll,Canadian,Aston Martin,20,10,1,57,01:33.3,Finished
2022,5,Miami Grand Prix,08-05-2022,Miami International Autodrome,Fernando Alonso,Spanish,Alpine F1 Team,11,11,0,57,01:33.3,Finished
2022,5,Miami Grand Prix,08-05-2022,Miami International Autodrome,Yuki Tsunoda,Japanese,AlphaTauri,9,12,0,57,01:33.0,Finished
2022,5,Miami Grand Prix,08-05-2022,Miami International Autodrome,Daniel Ricciardo,Australian,McLaren,14,13,0,57,01:33.3,Finished
2022,5,Miami Grand Prix,08-05-2022,Miami International Autodrome,Nicholas Latifi,Canadian,Williams,19,14,0,57,01:34.2,Finished
2022,5,Miami Grand Prix,08-05-2022,Miami International Autodrome,Mick Schumacher,German,Haas F1 Team,15,15,0,57,01:32.5,Finished
2022,5,Miami Grand Prix,08-05-2022,Miami International Autodrome,Kevin Magnussen,Danish,Haas F1 Team,16,16,0,56,01:33.5,Front wing
2022,5,Miami Grand Prix,08-05-2022,Miami International Autodrome,Sebastian Vettel,German,Aston Martin,20,17,0,54,01:33.5,Collision
2022,5,Miami Grand Prix,08-05-2022,Miami International Autodrome,Pierre Gasly,French,AlphaTauri,7,18,0,45,01:34.5,Suspension
2022,5,Miami Grand Prix,08-05-2022,Miami International Autodrome,Lando Norris,British,McLaren,8,19,0,39,01:33.4,Collision
2022,5,Miami Grand Prix,08-05-2022,Miami International Autodrome,Guanyu Zhou,Chinese,Alfa Romeo,17,20,0,6,01:35.7,Water leak
2022,6,Spanish Grand Prix,22-05-2022,Circuit de Barcelona-Catalunya,Max Verstappen,Dutch,Red Bull,2,1,25,66,01:25.5,Finished
2022,6,Spanish Grand Prix,22-05-2022,Circuit de Barcelona-Catalunya,Sergio Pérez,Mexican,Red Bull,5,2,19,66,01:24.1,Finished
2022,6,Spanish Grand Prix,22-05-2022,Circuit de Barcelona-Catalunya,George Russell,British,Mercedes,4,3,15,66,01:24.6,Finished
2022,6,Spanish Grand Prix,22-05-2022,Circuit de Barcelona-Catalunya,Carlos Sainz,Spanish,Ferrari,3,4,12,66,01:26.0,Finished
2022,6,Spanish Grand Prix,22-05-2022,Circuit de Barcelona-Catalunya,Lewis Hamilton,British,Mercedes,6,5,10,66,01:24.3,Finished
2022,6,Spanish Grand Prix,22-05-2022,Circuit de Barcelona-Catalunya,Valtteri Bottas,Finnish,Alfa Romeo,7,6,8,66,01:26.4,Finished
2022,6,Spanish Grand Prix,22-05-2022,Circuit de Barcelona-Catalunya,Esteban Ocon,French,Alpine F1 Team,12,7,6,66,01:25.9,Finished
2022,6,Spanish Grand Prix,22-05-2022,Circuit de Barcelona-Catalunya,Lando Norris,British,McLaren,11,8,4,66,01:25.6,Finished
2022,6,Spanish Grand Prix,22-05-2022,Circuit de Barcelona-Catalunya,Fernando Alonso,Spanish,Alpine F1 Team,20,9,2,65,01:26.6,+1 Lap
2022,6,Spanish Grand Prix,22-05-2022,Circuit de Barcelona-Catalunya,Yuki Tsunoda,Japanese,AlphaTauri,13,10,1,65,01:26.8,+1 Lap
2022,6,Spanish Grand Prix,22-05-2022,Circuit de Barcelona-Catalunya,Sebastian Vettel,German,Aston Martin,16,11,0,65,01:27.6,+1 Lap
2022,6,Spanish Grand Prix,22-05-2022,Circuit de Barcelona-Catalunya,Daniel Ricciardo,Australian,McLaren,9,12,0,65,01:27.3,+1 Lap
2022,6,Spanish Grand Prix,22-05-2022,Circuit de Barcelona-Catalunya,Pierre Gasly,French,AlphaTauri,14,13,0,65,01:27.0,+1 Lap
2022,6,Spanish Grand Prix,22-05-2022,Circuit de Barcelona-Catalunya,Mick Schumacher,German,Haas F1 Team,10,14,0,65,01:27.4,+1 Lap
2022,6,Spanish Grand Prix,22-05-2022,Circuit de Barcelona-Catalunya,Lance Stroll,Canadian,Aston Martin,17,15,0,65,01:26.9,+1 Lap
2022,6,Spanish Grand Prix,22-05-2022,Circuit de Barcelona-Catalunya,Nicholas Latifi,Canadian,Williams,19,16,0,64,01:27.2,+2 Laps
2022,6,Spanish Grand Prix,22-05-2022,Circuit de Barcelona-Catalunya,Kevin Magnussen,Danish,Haas F1 Team,8,17,0,64,01:27.5,+2 Laps
2022,6,Spanish Grand Prix,22-05-2022,Circuit de Barcelona-Catalunya,Alexander Albon,Thai,Williams,18,18,0,64,01:28.3,+2 Laps
2022,6,Spanish Grand Prix,22-05-2022,Circuit de Barcelona-Catalunya,Guanyu Zhou,Chinese,Alfa Romeo,15,19,0,28,01:28.4,Power loss
2022,6,Spanish Grand Prix,22-05-2022,Circuit de Barcelona-Catalunya,Charles Leclerc,Monegasque,Ferrari,1,20,0,27,01:27.0,Turbo
2022,7,Monaco Grand Prix,29-05-2022,Circuit de Monaco,Sergio Pérez,Mexican,Red Bull,3,1,25,64,01:16.0,Finished
2022,7,Monaco Grand Prix,29-05-2022,Circuit de Monaco,Carlos Sainz,Spanish,Ferrari,2,2,18,64,01:16.4,Finished
2022,7,Monaco Grand Prix,29-05-2022,Circuit de Monaco,Max Verstappen,Dutch,Red Bull,4,3,15,64,01:16.1,Finished
2022,7,Monaco Grand Prix,29-05-2022,Circuit de Monaco,Charles Leclerc,Monegasque,Ferrari,1,4,12,64,01:16.2,Finished
2022,7,Monaco Grand Prix,29-05-2022,Circuit de Monaco,George Russell,British,Mercedes,6,5,10,64,01:16.8,Finished
2022,7,Monaco Grand Prix,29-05-2022,Circuit de Monaco,Lando Norris,British,McLaren,5,6,9,64,01:14.7,Finished
2022,7,Monaco Grand Prix,29-05-2022,Circuit de Monaco,Fernando Alonso,Spanish,Alpine F1 Team,7,7,6,64,01:15.9,Finished
2022,7,Monaco Grand Prix,29-05-2022,Circuit de Monaco,Lewis Hamilton,British,Mercedes,8,8,4,64,01:17.2,Finished
2022,7,Monaco Grand Prix,29-05-2022,Circuit de Monaco,Valtteri Bottas,Finnish,Alfa Romeo,12,9,2,64,01:17.6,Finished
2022,7,Monaco Grand Prix,29-05-2022,Circuit de Monaco,Sebastian Vettel,German,Aston Martin,9,10,1,64,01:17.6,Finished
2022,7,Monaco Grand Prix,29-05-2022,Circuit de Monaco,Pierre Gasly,French,AlphaTauri,17,11,0,64,01:17.3,Finished
2022,7,Monaco Grand Prix,29-05-2022,Circuit de Monaco,Esteban Ocon,French,Alpine F1 Team,10,12,0,64,01:17.6,Finished
2022,7,Monaco Grand Prix,29-05-2022,Circuit de Monaco,Daniel Ricciardo,Australian,McLaren,14,13,0,64,01:17.5,Finished
2022,7,Monaco Grand Prix,29-05-2022,Circuit de Monaco,Lance Stroll,Canadian,Aston Martin,18,14,0,64,01:17.7,Finished
2022,7,Monaco Grand Prix,29-05-2022,Circuit de Monaco,Nicholas Latifi,Canadian,Williams,19,15,0,63,01:18.6,+1 Lap
2022,7,Monaco Grand Prix,29-05-2022,Circuit de Monaco,Guanyu Zhou,Chinese,Alfa Romeo,20,16,0,63,01:18.2,+1 Lap
2022,7,Monaco Grand Prix,29-05-2022,Circuit de Monaco,Yuki Tsunoda,Japanese,AlphaTauri,11,17,0,63,01:15.3,+1 Lap
2022,7,Monaco Grand Prix,29-05-2022,Circuit de Monaco,Alexander Albon,Thai,Williams,16,18,0,48,01:18.0,Mechanical
2022,7,Monaco Grand Prix,29-05-2022,Circuit de Monaco,Mick Schumacher,German,Haas F1 Team,15,19,0,24,01:24.8,Accident
2022,7,Monaco Grand Prix,29-05-2022,Circuit de Monaco,Kevin Magnussen,Danish,Haas F1 Team,13,20,0,19,01:33.8,Water pressure
2022,8,Azerbaijan Grand Prix,12-06-2022,Baku City Circuit,Max Verstappen,Dutch,Red Bull,3,1,25,51,01:46.1,Finished
2022,8,Azerbaijan Grand Prix,12-06-2022,Baku City Circuit,Sergio Pérez,Mexican,Red Bull,2,2,19,51,01:46.0,Finished
2022,8,Azerbaijan Grand Prix,12-06-2022,Baku City Circuit,George Russell,British,Mercedes,5,3,15,51,01:47.2,Finished
2022,8,Azerbaijan Grand Prix,12-06-2022,Baku City Circuit,Lewis Hamilton,British,Mercedes,7,4,12,51,01:47.0,Finished
2022,8,Azerbaijan Grand Prix,12-06-2022,Baku City Circuit,Pierre Gasly,French,AlphaTauri,6,5,10,51,01:48.5,Finished
2022,8,Azerbaijan Grand Prix,12-06-2022,Baku City Circuit,Sebastian Vettel,German,Aston Martin,9,6,8,51,01:48.2,Finished
2022,8,Azerbaijan Grand Prix,12-06-2022,Baku City Circuit,Fernando Alonso,Spanish,Alpine F1 Team,10,7,6,51,01:48.0,Finished
2022,8,Azerbaijan Grand Prix,12-06-2022,Baku City Circuit,Daniel Ricciardo,Australian,McLaren,12,8,4,51,01:48.3,Finished
2022,8,Azerbaijan Grand Prix,12-06-2022,Baku City Circuit,Lando Norris,British,McLaren,11,9,2,51,01:48.0,Finished
2022,8,Azerbaijan Grand Prix,12-06-2022,Baku City Circuit,Esteban Ocon,French,Alpine F1 Team,13,10,1,51,01:48.3,Finished
2022,8,Azerbaijan Grand Prix,12-06-2022,Baku City Circuit,Valtteri Bottas,Finnish,Alfa Romeo,15,11,0,50,01:48.2,+1 Lap
2022,8,Azerbaijan Grand Prix,12-06-2022,Baku City Circuit,Alexander Albon,Thai,Williams,17,12,0,50,01:48.0,+1 Lap
2022,8,Azerbaijan Grand Prix,12-06-2022,Baku City Circuit,Yuki Tsunoda,Japanese,AlphaTauri,8,13,0,50,01:47.5,+1 Lap
2022,8,Azerbaijan Grand Prix,12-06-2022,Baku City Circuit,Mick Schumacher,German,Haas F1 Team,20,14,0,50,01:48.4,+1 Lap
2022,8,Azerbaijan Grand Prix,12-06-2022,Baku City Circuit,Nicholas Latifi,Canadian,Williams,18,15,0,50,01:49.6,+1 Lap
2022,8,Azerbaijan Grand Prix,12-06-2022,Baku City Circuit,Lance Stroll,Canadian,Aston Martin,19,16,0,46,01:48.0,Vibrations
2022,8,Azerbaijan Grand Prix,12-06-2022,Baku City Circuit,Kevin Magnussen,Danish,Haas F1 Team,16,17,0,31,01:48.8,Power Unit
2022,8,Azerbaijan Grand Prix,12-06-2022,Baku City Circuit,Guanyu Zhou,Chinese,Alfa Romeo,14,18,0,23,01:48.7,Hydraulics
2022,8,Azerbaijan Grand Prix,12-06-2022,Baku City Circuit,Charles Leclerc,Monegasque,Ferrari,1,19,0,21,01:47.5,Power Unit
2022,8,Azerbaijan Grand Prix,12-06-2022,Baku City Circuit,Carlos Sainz,Spanish,Ferrari,4,20,0,8,01:49.0,Hydraulics
2022,9,Canadian Grand Prix,19-06-2022,Circuit Gilles Villeneuve,Max Verstappen,Dutch,Red Bull,1,1,25,70,01:15.8,Finished
2022,9,Canadian Grand Prix,19-06-2022,Circuit Gilles Villeneuve,Carlos Sainz,Spanish,Ferrari,3,2,19,70,01:15.7,Finished
2022,9,Canadian Grand Prix,19-06-2022,Circuit Gilles Villeneuve,Lewis Hamilton,British,Mercedes,4,3,15,70,01:16.2,Finished
2022,9,Canadian Grand Prix,19-06-2022,Circuit Gilles Villeneuve,George Russell,British,Mercedes,8,4,12,70,01:16.4,Finished
2022,9,Canadian Grand Prix,19-06-2022,Circuit Gilles Villeneuve,Charles Leclerc,Monegasque,Ferrari,19,5,10,70,01:15.9,Finished
2022,9,Canadian Grand Prix,19-06-2022,Circuit Gilles Villeneuve,Esteban Ocon,French,Alpine F1 Team,7,6,8,70,01:17.1,Finished
2022,9,Canadian Grand Prix,19-06-2022,Circuit Gilles Villeneuve,Valtteri Bottas,Finnish,Alfa Romeo,11,7,6,70,01:17.0,Finished
2022,9,Canadian Grand Prix,19-06-2022,Circuit Gilles Villeneuve,Guanyu Zhou,Chinese,Alfa Romeo,10,8,4,70,01:16.9,Finished
2022,9,Canadian Grand Prix,19-06-2022,Circuit Gilles Villeneuve,Fernando Alonso,Spanish,Alpine F1 Team,2,9,2,70,01:16.6,Finished
2022,9,Canadian Grand Prix,19-06-2022,Circuit Gilles Villeneuve,Lance Stroll,Canadian,Aston Martin,17,10,1,70,01:17.4,Finished
2022,9,Canadian Grand Prix,19-06-2022,Circuit Gilles Villeneuve,Daniel Ricciardo,Australian,McLaren,9,11,0,70,01:17.9,Finished
2022,9,Canadian Grand Prix,19-06-2022,Circuit Gilles Villeneuve,Sebastian Vettel,German,Aston Martin,16,12,0,70,01:18.0,Finished
2022,9,Canadian Grand Prix,19-06-2022,Circuit Gilles Villeneuve,Alexander Albon,Thai,Williams,12,13,0,70,01:18.0,Finished
2022,9,Canadian Grand Prix,19-06-2022,Circuit Gilles Villeneuve,Pierre Gasly,French,AlphaTauri,15,14,0,70,01:17.8,Finished
2022,9,Canadian Grand Prix,19-06-2022,Circuit Gilles Villeneuve,Lando Norris,British,McLaren,14,15,0,70,01:17.5,Finished
2022,9,Canadian Grand Prix,19-06-2022,Circuit Gilles Villeneuve,Nicholas Latifi,Canadian,Williams,18,16,0,70,01:18.5,Finished
2022,9,Canadian Grand Prix,19-06-2022,Circuit Gilles Villeneuve,Kevin Magnussen,Danish,Haas F1 Team,5,17,0,70,01:18.0,Finished
2022,9,Canadian Grand Prix,19-06-2022,Circuit Gilles Villeneuve,Yuki Tsunoda,Japanese,AlphaTauri,20,18,0,47,01:18.3,Accident
2022,9,Canadian Grand Prix,19-06-2022,Circuit Gilles Villeneuve,Mick Schumacher,German,Haas F1 Team,6,19,0,18,01:19.0,Engine
2022,9,Canadian Grand Prix,19-06-2022,Circuit Gilles Villeneuve,Sergio Pérez,Mexican,Red Bull,13,20,0,7,01:18.8,Gearbox
2022,10,British Grand Prix,03-07-2022,Silverstone Circuit,Carlos Sainz,Spanish,Ferrari,1,1,25,52,01:30.8,Finished
2022,10,British Grand Prix,03-07-2022,Silverstone Circuit,Sergio Pérez,Mexican,Red Bull,4,2,18,52,01:30.9,Finished
2022,10,British Grand Prix,03-07-2022,Silverstone Circuit,Lewis Hamilton,British,Mercedes,5,3,16,52,01:30.5,Finished
2022,10,British Grand Prix,03-07-2022,Silverstone Circuit,Charles Leclerc,Monegasque,Ferrari,3,4,12,52,01:31.3,Finished
2022,10,British Grand Prix,03-07-2022,Silverstone Circuit,Fernando Alonso,Spanish,Alpine F1 Team,7,5,10,52,01:31.6,Finished
2022,10,British Grand Prix,03-07-2022,Silverstone Circuit,Lando Norris,British,McLaren,6,6,8,52,01:31.6,Finished
2022,10,British Grand Prix,03-07-2022,Silverstone Circuit,Max Verstappen,Dutch,Red Bull,2,7,6,52,01:32.4,Finished
2022,10,British Grand Prix,03-07-2022,Silverstone Circuit,Mick Schumacher,German,Haas F1 Team,19,8,4,52,01:32.1,Finished
2022,10,British Grand Prix,03-07-2022,Silverstone Circuit,Sebastian Vettel,German,Aston Martin,18,9,2,52,01:32.5,Finished
2022,10,British Grand Prix,03-07-2022,Silverstone Circuit,Kevin Magnussen,Danish,Haas F1 Team,17,10,1,52,01:32.7,Finished
2022,10,British Grand Prix,03-07-2022,Silverstone Circuit,Lance Stroll,Canadian,Aston Martin,20,11,0,52,01:32.4,Finished
2022,10,British Grand Prix,03-07-2022,Silverstone Circuit,Nicholas Latifi,Canadian,Williams,10,12,0,52,01:33.3,Finished
2022,10,British Grand Prix,03-07-2022,Silverstone Circuit,Daniel Ricciardo,Australian,McLaren,14,13,0,52,01:32.6,Finished
2022,10,British Grand Prix,03-07-2022,Silverstone Circuit,Yuki Tsunoda,Japanese,AlphaTauri,13,14,0,52,01:33.8,Finished
2022,10,British Grand Prix,03-07-2022,Silverstone Circuit,Esteban Ocon,French,Alpine F1 Team,15,15,0,37,01:33.5,Fuel pump
2022,10,British Grand Prix,03-07-2022,Silverstone Circuit,Pierre Gasly,French,AlphaTauri,11,16,0,26,01:34.6,Collision damage
2022,10,British Grand Prix,03-07-2022,Silverstone Circuit,Valtteri Bottas,Finnish,Alfa Romeo,12,17,0,20,01:35.1,Gearbox
2022,10,British Grand Prix,03-07-2022,Silverstone Circuit,George Russell,British,Mercedes,8,18,0,0,N/A,Collision
2022,10,British Grand Prix,03-07-2022,Silverstone Circuit,Guanyu Zhou,Chinese,Alfa Romeo,9,19,0,0,N/A,Collision
2022,10,British Grand Prix,03-07-2022,Silverstone Circuit,Alexander Albon,Thai,Williams,16,20,0,0,N/A,Collision
2022,11,Austrian Grand Prix,10-07-2022,Red Bull Ring,Charles Leclerc,Monegasque,Ferrari,2,1,25,71,01:07.6,Finished
2022,11,Austrian Grand Prix,10-07-2022,Red Bull Ring,Max Verstappen,Dutch,Red Bull,1,2,19,71,01:07.3,Finished
2022,11,Austrian Grand Prix,10-07-2022,Red Bull Ring,Lewis Hamilton,British,Mercedes,8,3,15,71,01:09.0,Finished
2022,11,Austrian Grand Prix,10-07-2022,Red Bull Ring,George Russell,British,Mercedes,4,4,12,71,01:09.1,Finished
2022,11,Austrian Grand Prix,10-07-2022,Red Bull Ring,Esteban Ocon,French,Alpine F1 Team,6,5,10,71,01:09.6,Finished
2022,11,Austrian Grand Prix,10-07-2022,Red Bull Ring,Mick Schumacher,German,Haas F1 Team,9,6,8,70,01:09.6,+1 Lap
2022,11,Austrian Grand Prix,10-07-2022,Red Bull Ring,Lando Norris,British,McLaren,10,7,6,70,01:09.3,+1 Lap
2022,11,Austrian Grand Prix,10-07-2022,Red Bull Ring,Kevin Magnussen,Danish,Haas F1 Team,7,8,4,70,01:09.9,+1 Lap
2022,11,Austrian Grand Prix,10-07-2022,Red Bull Ring,Daniel Ricciardo,Australian,McLaren,11,9,2,70,01:09.9,+1 Lap
2022,11,Austrian Grand Prix,10-07-2022,Red Bull Ring,Fernando Alonso,Spanish,Alpine F1 Team,19,10,1,70,01:08.6,+1 Lap
2022,11,Austrian Grand Prix,10-07-2022,Red Bull Ring,Valtteri Bottas,Finnish,Alfa Romeo,20,11,0,70,01:09.3,+1 Lap
2022,11,Austrian Grand Prix,10-07-2022,Red Bull Ring,Alexander Albon,Thai,Williams,15,12,0,70,01:09.7,+1 Lap
2022,11,Austrian Grand Prix,10-07-2022,Red Bull Ring,Lance Stroll,Canadian,Aston Martin,12,13,0,70,01:10.0,+1 Lap
2022,11,Austrian Grand Prix,10-07-2022,Red Bull Ring,Guanyu Zhou,Chinese,Alfa Romeo,13,14,0,70,01:09.4,+1 Lap
2022,11,Austrian Grand Prix,10-07-2022,Red Bull Ring,Pierre Gasly,French,AlphaTauri,14,15,0,70,01:10.1,+1 Lap
2022,11,Austrian Grand Prix,10-07-2022,Red Bull Ring,Yuki Tsunoda,Japanese,AlphaTauri,16,16,0,70,01:10.0,+1 Lap
2022,11,Austrian Grand Prix,10-07-2022,Red Bull Ring,Sebastian Vettel,German,Aston Martin,18,17,0,70,01:10.0,+1 Lap
2022,11,Austrian Grand Prix,10-07-2022,Red Bull Ring,Carlos Sainz,Spanish,Ferrari,3,18,0,56,01:08.6,Power Unit
2022,11,Austrian Grand Prix,10-07-2022,Red Bull Ring,Nicholas Latifi,Canadian,Williams,17,19,0,48,01:10.9,Undertray
2022,11,Austrian Grand Prix,10-07-2022,Red Bull Ring,Sergio Pérez,Mexican,Red Bull,5,20,0,24,01:11.8,Collision damage
2022,12,French Grand Prix,24-07-2022,Circuit Paul Ricard,Max Verstappen,Dutch,Red Bull,2,1,25,53,01:37.5,Finished
2022,12,French Grand Prix,24-07-2022,Circuit Paul Ricard,Lewis Hamilton,British,Mercedes,4,2,18,53,01:37.7,Finished
2022,12,French Grand Prix,24-07-2022,Circuit Paul Ricard,George Russell,British,Mercedes,6,3,15,53,01:37.5,Finished
2022,12,French Grand Prix,24-07-2022,Circuit Paul Ricard,Sergio Pérez,Mexican,Red Bull,3,4,12,53,01:37.8,Finished
2022,12,French Grand Prix,24-07-2022,Circuit Paul Ricard,Carlos Sainz,Spanish,Ferrari,19,5,11,53,01:35.8,Finished
2022,12,French Grand Prix,24-07-2022,Circuit Paul Ricard,Fernando Alonso,Spanish,Alpine F1 Team,7,6,8,53,01:38.2,Finished
2022,12,French Grand Prix,24-07-2022,Circuit Paul Ricard,Lando Norris,British,McLaren,5,7,6,53,01:39.0,Finished
2022,12,French Grand Prix,24-07-2022,Circuit Paul Ricard,Esteban Ocon,French,Alpine F1 Team,10,8,4,53,01:38.7,Finished
2022,12,French Grand Prix,24-07-2022,Circuit Paul Ricard,Daniel Ricciardo,Australian,McLaren,9,9,2,53,01:39.1,Finished
2022,12,French Grand Prix,24-07-2022,Circuit Paul Ricard,Lance Stroll,Canadian,Aston Martin,15,10,1,53,01:39.2,Finished
2022,12,French Grand Prix,24-07-2022,Circuit Paul Ricard,Sebastian Vettel,German,Aston Martin,12,11,0,53,01:39.0,Finished
2022,12,French Grand Prix,24-07-2022,Circuit Paul Ricard,Pierre Gasly,French,AlphaTauri,14,12,0,53,01:38.8,Finished
2022,12,French Grand Prix,24-07-2022,Circuit Paul Ricard,Alexander Albon,Thai,Williams,13,13,0,53,01:39.2,Finished
2022,12,French Grand Prix,24-07-2022,Circuit Paul Ricard,Valtteri Bottas,Finnish,Alfa Romeo,11,14,0,53,01:38.0,Finished
2022,12,French Grand Prix,24-07-2022,Circuit Paul Ricard,Mick Schumacher,German,Haas F1 Team,17,15,0,53,01:39.1,Finished
2022,12,French Grand Prix,24-07-2022,Circuit Paul Ricard,Guanyu Zhou,Chinese,Alfa Romeo,16,16,0,47,01:39.4,+6 Laps
2022,12,French Grand Prix,24-07-2022,Circuit Paul Ricard,Nicholas Latifi,Canadian,Williams,18,17,0,40,01:39.7,Collision damage
2022,12,French Grand Prix,24-07-2022,Circuit Paul Ricard,Kevin Magnussen,Danish,Haas F1 Team,20,18,0,37,01:39.3,Collision damage
2022,12,French Grand Prix,24-07-2022,Circuit Paul Ricard,Charles Leclerc,Monegasque,Ferrari,1,19,0,17,01:38.1,Accident
2022,12,French Grand Prix,24-07-2022,Circuit Paul Ricard,Yuki Tsunoda,Japanese,AlphaTauri,8,20,0,17,01:40.2,Undertray
2022,13,Hungarian Grand Prix,31-07-2022,Hungaroring,Max Verstappen,Dutch,Red Bull,10,1,25,70,01:22.1,Finished
2022,13,Hungarian Grand Prix,31-07-2022,Hungaroring,Lewis Hamilton,British,Mercedes,7,2,19,70,01:21.4,Finished
2022,13,Hungarian Grand Prix,31-07-2022,Hungaroring,George Russell,British,Mercedes,1,3,15,70,01:22.8,Finished
2022,13,Hungarian Grand Prix,31-07-2022,Hungaroring,Carlos Sainz,Spanish,Ferrari,2,4,12,70,01:22.0,Finished
2022,13,Hungarian Grand Prix,31-07-2022,Hungaroring,Sergio Pérez,Mexican,Red Bull,11,5,10,70,01:21.9,Finished
2022,13,Hungarian Grand Prix,31-07-2022,Hungaroring,Charles Leclerc,Monegasque,Ferrari,3,6,8,70,01:21.6,Finished
2022,13,Hungarian Grand Prix,31-07-2022,Hungaroring,Lando Norris,British,McLaren,4,7,6,70,01:23.0,Finished
2022,13,Hungarian Grand Prix,31-07-2022,Hungaroring,Fernando Alonso,Spanish,Alpine F1 Team,6,8,4,69,01:24.0,+1 Lap
2022,13,Hungarian Grand Prix,31-07-2022,Hungaroring,Esteban Ocon,French,Alpine F1 Team,5,9,2,69,01:24.1,+1 Lap
2022,13,Hungarian Grand Prix,31-07-2022,Hungaroring,Sebastian Vettel,German,Aston Martin,18,10,1,69,01:22.8,+1 Lap
2022,13,Hungarian Grand Prix,31-07-2022,Hungaroring,Lance Stroll,Canadian,Aston Martin,14,11,0,69,01:22.4,+1 Lap
2022,13,Hungarian Grand Prix,31-07-2022,Hungaroring,Pierre Gasly,French,AlphaTauri,20,12,0,69,01:23.2,+1 Lap
2022,13,Hungarian Grand Prix,31-07-2022,Hungaroring,Guanyu Zhou,Chinese,Alfa Romeo,12,13,0,69,01:22.0,+1 Lap
2022,13,Hungarian Grand Prix,31-07-2022,Hungaroring,Mick Schumacher,German,Haas F1 Team,15,14,0,69,01:23.2,+1 Lap
2022,13,Hungarian Grand Prix,31-07-2022,Hungaroring,Daniel Ricciardo,Australian,McLaren,9,15,0,69,01:23.7,+1 Lap
2022,13,Hungarian Grand Prix,31-07-2022,Hungaroring,Kevin Magnussen,Danish,Haas F1 Team,13,16,0,69,01:23.5,+1 Lap
2022,13,Hungarian Grand Prix,31-07-2022,Hungaroring,Alexander Albon,Thai,Williams,17,17,0,69,01:23.0,+1 Lap
2022,13,Hungarian Grand Prix,31-07-2022,Hungaroring,Nicholas Latifi,Canadian,Williams,19,18,0,69,01:22.5,+1 Lap
2022,13,Hungarian Grand Prix,31-07-2022,Hungaroring,Yuki Tsunoda,Japanese,AlphaTauri,16,19,0,68,01:23.5,+2 Laps
2022,13,Hungarian Grand Prix,31-07-2022,Hungaroring,Valtteri Bottas,Finnish,Alfa Romeo,8,20,0,65,01:24.0,Power Unit
2022,14,Belgian Grand Prix,28-08-2022,Circuit de Spa-Francorchamps,Max Verstappen,Dutch,Red Bull,14,1,26,44,01:49.4,Finished
2022,14,Belgian Grand Prix,28-08-2022,Circuit de Spa-Francorchamps,Sergio Pérez,Mexican,Red Bull,2,2,18,44,01:50.8,Finished
2022,14,Belgian Grand Prix,28-08-2022,Circuit de Spa-Francorchamps,Carlos Sainz,Spanish,Ferrari,1,3,15,44,01:52.0,Finished
2022,14,Belgian Grand Prix,28-08-2022,Circuit de Spa-Francorchamps,George Russell,British,Mercedes,5,4,12,44,01:50.8,Finished
2022,14,Belgian Grand Prix,28-08-2022,Circuit de Spa-Francorchamps,Fernando Alonso,Spanish,Alpine F1 Team,3,5,10,44,01:52.9,Finished
2022,14,Belgian Grand Prix,28-08-2022,Circuit de Spa-Francorchamps,Charles Leclerc,Monegasque,Ferrari,15,6,8,44,01:50.0,Finished
2022,14,Belgian Grand Prix,28-08-2022,Circuit de Spa-Francorchamps,Esteban Ocon,French,Alpine F1 Team,16,7,6,44,01:51.7,Finished
2022,14,Belgian Grand Prix,28-08-2022,Circuit de Spa-Francorchamps,Sebastian Vettel,German,Aston Martin,10,8,4,44,01:52.5,Finished
2022,14,Belgian Grand Prix,28-08-2022,Circuit de Spa-Francorchamps,Pierre Gasly,French,AlphaTauri,20,9,2,44,01:53.0,Finished
2022,14,Belgian Grand Prix,28-08-2022,Circuit de Spa-Francorchamps,Alexander Albon,Thai,Williams,6,10,1,44,01:53.1,Finished
2022,14,Belgian Grand Prix,28-08-2022,Circuit de Spa-Francorchamps,Lance Stroll,Canadian,Aston Martin,9,11,0,44,01:52.9,Finished
2022,14,Belgian Grand Prix,28-08-2022,Circuit de Spa-Francorchamps,Lando Norris,British,McLaren,17,12,0,44,01:51.7,Finished
2022,14,Belgian Grand Prix,28-08-2022,Circuit de Spa-Francorchamps,Yuki Tsunoda,Japanese,AlphaTauri,20,13,0,44,01:52.4,Finished
2022,14,Belgian Grand Prix,28-08-2022,Circuit de Spa-Francorchamps,Guanyu Zhou,Chinese,Alfa Romeo,18,14,0,44,01:52.3,Finished
2022,14,Belgian Grand Prix,28-08-2022,Circuit de Spa-Francorchamps,Daniel Ricciardo,Australian,McLaren,7,15,0,44,01:53.1,Finished
2022,14,Belgian Grand Prix,28-08-2022,Circuit de Spa-Francorchamps,Kevin Magnussen,Danish,Haas F1 Team,12,16,0,43,01:53.3,+1 Lap
2022,14,Belgian Grand Prix,28-08-2022,Circuit de Spa-Francorchamps,Mick Schumacher,German,Haas F1 Team,19,17,0,43,01:52.6,+1 Lap
2022,14,Belgian Grand Prix,28-08-2022,Circuit de Spa-Francorchamps,Nicholas Latifi,Canadian,Williams,11,18,0,43,01:52.3,+1 Lap
2022,14,Belgian Grand Prix,28-08-2022,Circuit de Spa-Francorchamps,Valtteri Bottas,Finnish,Alfa Romeo,13,19,0,1,N/A,Accident
2022,14,Belgian Grand Prix,28-08-2022,Circuit de Spa-Francorchamps,Lewis Hamilton,British,Mercedes,4,20,0,0,N/A,Collision damage
2022,15,Dutch Grand Prix,04-09-2022,Circuit Park Zandvoort,Max Verstappen,Dutch,Red Bull,1,1,26,72,01:13.7,Finished
2022,15,Dutch Grand Prix,04-09-2022,Circuit Park Zandvoort,George Russell,British,Mercedes,6,2,18,72,01:13.7,Finished
2022,15,Dutch Grand Prix,04-09-2022,Circuit Park Zandvoort,Charles Leclerc,Monegasque,Ferrari,2,3,15,72,01:14.4,Finished
2022,15,Dutch Grand Prix,04-09-2022,Circuit Park Zandvoort,Lewis Hamilton,British,Mercedes,4,4,12,72,01:13.9,Finished
2022,15,Dutch Grand Prix,04-09-2022,Circuit Park Zandvoort,Sergio Pérez,Mexican,Red Bull,5,5,10,72,01:14.4,Finished
2022,15,Dutch Grand Prix,04-09-2022,Circuit Park Zandvoort,Fernando Alonso,Spanish,Alpine F1 Team,13,6,8,72,01:14.1,Finished
2022,15,Dutch Grand Prix,04-09-2022,Circuit Park Zandvoort,Lando Norris,British,McLaren,7,7,6,72,01:14.7,Finished
2022,15,Dutch Grand Prix,04-09-2022,Circuit Park Zandvoort,Carlos Sainz,Spanish,Ferrari,3,8,4,72,01:14.6,Finished
2022,15,Dutch Grand Prix,04-09-2022,Circuit Park Zandvoort,Esteban Ocon,French,Alpine F1 Team,12,9,2,72,01:15.1,Finished
2022,15,Dutch Grand Prix,04-09-2022,Circuit Park Zandvoort,Lance Stroll,Canadian,Aston Martin,10,10,1,72,01:15.0,Finished
2022,15,Dutch Grand Prix,04-09-2022,Circuit Park Zandvoort,Pierre Gasly,French,AlphaTauri,11,11,0,72,01:15.2,Finished
2022,15,Dutch Grand Prix,04-09-2022,Circuit Park Zandvoort,Alexander Albon,Thai,Williams,15,12,0,72,01:15.5,Finished
2022,15,Dutch Grand Prix,04-09-2022,Circuit Park Zandvoort,Mick Schumacher,German,Haas F1 Team,8,13,0,72,01:15.2,Finished
2022,15,Dutch Grand Prix,04-09-2022,Circuit Park Zandvoort,Sebastian Vettel,German,Aston Martin,19,14,0,72,01:14.9,Finished
2022,15,Dutch Grand Prix,04-09-2022,Circuit Park Zandvoort,Kevin Magnussen,Danish,Haas F1 Team,18,15,0,72,01:15.4,Finished
2022,15,Dutch Grand Prix,04-09-2022,Circuit Park Zandvoort,Guanyu Zhou,Chinese,Alfa Romeo,14,16,0,72,01:15.9,Finished
2022,15,Dutch Grand Prix,04-09-2022,Circuit Park Zandvoort,Daniel Ricciardo,Australian,McLaren,17,17,0,72,01:15.6,Finished
2022,15,Dutch Grand Prix,04-09-2022,Circuit Park Zandvoort,Nicholas Latifi,Canadian,Williams,20,18,0,71,01:16.1,+1 Lap
2022,15,Dutch Grand Prix,04-09-2022,Circuit Park Zandvoort,Valtteri Bottas,Finnish,Alfa Romeo,16,19,0,53,01:16.8,Engine
2022,15,Dutch Grand Prix,04-09-2022,Circuit Park Zandvoort,Yuki Tsunoda,Japanese,AlphaTauri,9,20,0,43,01:17.1,Differential
2022,16,Italian Grand Prix,11-09-2022,Autodromo Nazionale di Monza,Max Verstappen,Dutch,Red Bull,7,1,25,53,01:24.7,Finished
2022,16,Italian Grand Prix,11-09-2022,Autodromo Nazionale di Monza,Charles Leclerc,Monegasque,Ferrari,1,2,18,53,01:24.3,Finished
2022,16,Italian Grand Prix,11-09-2022,Autodromo Nazionale di Monza,George Russell,British,Mercedes,2,3,15,53,01:25.3,Finished
2022,16,Italian Grand Prix,11-09-2022,Autodromo Nazionale di Monza,Carlos Sainz,Spanish,Ferrari,18,4,12,53,01:24.4,Finished
2022,16,Italian Grand Prix,11-09-2022,Autodromo Nazionale di Monza,Lewis Hamilton,British,Mercedes,19,5,10,53,01:24.4,Finished
2022,16,Italian Grand Prix,11-09-2022,Autodromo Nazionale di Monza,Sergio Pérez,Mexican,Red Bull,13,6,9,53,01:24.0,Finished
2022,16,Italian Grand Prix,11-09-2022,Autodromo Nazionale di Monza,Lando Norris,British,McLaren,3,7,6,53,01:24.7,Finished
2022,16,Italian Grand Prix,11-09-2022,Autodromo Nazionale di Monza,Pierre Gasly,French,AlphaTauri,5,8,4,53,01:26.7,Finished
2022,16,Italian Grand Prix,11-09-2022,Autodromo Nazionale di Monza,Nyck de Vries,Dutch,Williams,8,9,2,53,01:26.6,Finished
2022,16,Italian Grand Prix,11-09-2022,Autodromo Nazionale di Monza,Guanyu Zhou,Chinese,Alfa Romeo,9,10,1,53,01:26.4,Finished
2022,16,Italian Grand Prix,11-09-2022,Autodromo Nazionale di Monza,Esteban Ocon,French,Alpine F1 Team,14,11,0,53,01:26.6,Finished
2022,16,Italian Grand Prix,11-09-2022,Autodromo Nazionale di Monza,Mick Schumacher,German,Haas F1 Team,17,12,0,53,01:25.3,Finished
2022,16,Italian Grand Prix,11-09-2022,Autodromo Nazionale di Monza,Valtteri Bottas,Finnish,Alfa Romeo,15,13,0,52,01:25.7,+1 Lap
2022,16,Italian Grand Prix,11-09-2022,Autodromo Nazionale di Monza,Yuki Tsunoda,Japanese,AlphaTauri,20,14,0,52,01:26.9,+1 Lap
2022,16,Italian Grand Prix,11-09-2022,Autodromo Nazionale di Monza,Nicholas Latifi,Canadian,Williams,10,15,0,52,01:26.8,+1 Lap
2022,16,Italian Grand Prix,11-09-2022,Autodromo Nazionale di Monza,Kevin Magnussen,Danish,Haas F1 Team,16,16,0,52,01:26.8,+1 Lap
2022,16,Italian Grand Prix,11-09-2022,Autodromo Nazionale di Monza,Daniel Ricciardo,Australian,McLaren,4,17,0,45,01:26.6,Oil leak
2022,16,Italian Grand Prix,11-09-2022,Autodromo Nazionale di Monza,Lance Stroll,Canadian,Aston Martin,12,18,0,39,01:27.5,Engine
2022,16,Italian Grand Prix,11-09-2022,Autodromo Nazionale di Monza,Fernando Alonso,Spanish,Alpine F1 Team,6,19,0,31,01:27.2,Water pressure
2022,16,Italian Grand Prix,11-09-2022,Autodromo Nazionale di Monza,Sebastian Vettel,German,Aston Martin,11,20,0,10,01:27.5,Engine
2022,17,Singapore Grand Prix,02-10-2022,Marina Bay Street Circuit,Sergio Pérez,Mexican,Red Bull,2,1,25,59,01:48.2,Finished
2022,17,Singapore Grand Prix,02-10-2022,Marina Bay Street Circuit,Charles Leclerc,Monegasque,Ferrari,1,2,18,59,01:48.8,Finished
2022,17,Singapore Grand Prix,02-10-2022,Marina Bay Street Circuit,Carlos Sainz,Spanish,Ferrari,4,3,15,59,01:48.4,Finished
2022,17,Singapore Grand Prix,02-10-2022,Marina Bay Street Circuit,Lando Norris,British,McLaren,6,4,12,59,01:49.2,Finished
2022,17,Singapore Grand Prix,02-10-2022,Marina Bay Street Circuit,Daniel Ricciardo,Australian,McLaren,16,5,10,59,01:51.0,Finished
2022,17,Singapore Grand Prix,02-10-2022,Marina Bay Street Circuit,Lance Stroll,Canadian,Aston Martin,11,6,8,59,01:50.3,Finished
2022,17,Singapore Grand Prix,02-10-2022,Marina Bay Street Circuit,Max Verstappen,Dutch,Red Bull,8,7,6,59,01:49.1,Finished
2022,17,Singapore Grand Prix,02-10-2022,Marina Bay Street Circuit,Sebastian Vettel,German,Aston Martin,13,8,4,59,01:50.7,Finished
2022,17,Singapore Grand Prix,02-10-2022,Marina Bay Street Circuit,Lewis Hamilton,British,Mercedes,3,9,2,59,01:50.6,Finished
2022,17,Singapore Grand Prix,02-10-2022,Marina Bay Street Circuit,Pierre Gasly,French,AlphaTauri,7,10,1,59,01:50.6,Finished
2022,17,Singapore Grand Prix,02-10-2022,Marina Bay Street Circuit,Valtteri Bottas,Finnish,Alfa Romeo,15,11,0,59,01:51.9,Finished
2022,17,Singapore Grand Prix,02-10-2022,Marina Bay Street Circuit,Kevin Magnussen,Danish,Haas F1 Team,9,12,0,59,01:52.1,Finished
2022,17,Singapore Grand Prix,02-10-2022,Marina Bay Street Circuit,Mick Schumacher,German,Haas F1 Team,12,13,0,58,01:50.3,+1 Lap
2022,17,Singapore Grand Prix,02-10-2022,Marina Bay Street Circuit,George Russell,British,Mercedes,20,14,0,57,01:46.5,+2 Laps
2022,17,Singapore Grand Prix,02-10-2022,Marina Bay Street Circuit,Yuki Tsunoda,Japanese,AlphaTauri,10,15,0,34,01:58.7,Accident
2022,17,Singapore Grand Prix,02-10-2022,Marina Bay Street Circuit,Esteban Ocon,French,Alpine F1 Team,17,16,0,26,02:01.1,Engine
2022,17,Singapore Grand Prix,02-10-2022,Marina Bay Street Circuit,Alexander Albon,Thai,Williams,18,17,0,25,02:02.1,Collision damage
2022,17,Singapore Grand Prix,02-10-2022,Marina Bay Street Circuit,Fernando Alonso,Spanish,Alpine F1 Team,5,18,0,20,02:00.5,Engine
2022,17,Singapore Grand Prix,02-10-2022,Marina Bay Street Circuit,Nicholas Latifi,Canadian,Williams,19,19,0,7,02:05.6,Collision damage
2022,17,Singapore Grand Prix,02-10-2022,Marina Bay Street Circuit,Guanyu Zhou,Chinese,Alfa Romeo,14,20,0,6,02:05.6,Collision
2022,18,Japanese Grand Prix,09-10-2022,Suzuka Circuit,Max Verstappen,Dutch,Red Bull,1,1,25,28,01:44.9,Finished
2022,18,Japanese Grand Prix,09-10-2022,Suzuka Circuit,Sergio Pérez,Mexican,Red Bull,4,2,18,28,01:46.1,Finished
2022,18,Japanese Grand Prix,09-10-2022,Suzuka Circuit,Charles Leclerc,Monegasque,Ferrari,2,3,15,28,01:44.5,Finished
2022,18,Japanese Grand Prix,09-10-2022,Suzuka Circuit,Esteban Ocon,French,Alpine F1 Team,5,4,12,28,01:46.6,Finished
2022,18,Japanese Grand Prix,09-10-2022,Suzuka Circuit,Lewis Hamilton,British,Mercedes,6,5,10,28,01:45.5,Finished
2022,18,Japanese Grand Prix,09-10-2022,Suzuka Circuit,Sebastian Vettel,German,Aston Martin,9,6,8,28,01:47.0,Finished
2022,18,Japanese Grand Prix,09-10-2022,Suzuka Circuit,Fernando Alonso,Spanish,Alpine F1 Team,7,7,6,28,01:44.4,Finished
2022,18,Japanese Grand Prix,09-10-2022,Suzuka Circuit,George Russell,British,Mercedes,8,8,4,28,01:47.0,Finished
2022,18,Japanese Grand Prix,09-10-2022,Suzuka Circuit,Nicholas Latifi,Canadian,Williams,20,9,2,28,01:48.4,Finished
2022,18,Japanese Grand Prix,09-10-2022,Suzuka Circuit,Lando Norris,British,McLaren,10,10,1,28,01:48.2,Finished
2022,18,Japanese Grand Prix,09-10-2022,Suzuka Circuit,Daniel Ricciardo,Australian,McLaren,11,11,0,28,01:47.8,Finished
2022,18,Japanese Grand Prix,09-10-2022,Suzuka Circuit,Lance Stroll,Canadian,Aston Martin,19,12,0,28,01:45.2,Finished
2022,18,Japanese Grand Prix,09-10-2022,Suzuka Circuit,Yuki Tsunoda,Japanese,AlphaTauri,13,13,0,28,01:45.9,Finished
2022,18,Japanese Grand Prix,09-10-2022,Suzuka Circuit,Kevin Magnussen,Danish,Haas F1 Team,18,14,0,28,01:48.1,Finished
2022,18,Japanese Grand Prix,09-10-2022,Suzuka Circuit,Valtteri Bottas,Finnish,Alfa Romeo,12,15,0,28,01:47.8,Finished
2022,18,Japanese Grand Prix,09-10-2022,Suzuka Circuit,Guanyu Zhou,Chinese,Alfa Romeo,14,16,0,28,01:44.4,Finished
2022,18,Japanese Grand Prix,09-10-2022,Suzuka Circuit,Mick Schumacher,German,Haas F1 Team,15,17,0,28,01:45.4,Finished
2022,18,Japanese Grand Prix,09-10-2022,Suzuka Circuit,Pierre Gasly,French,AlphaTauri,17,18,0,28,01:46.5,Finished
2022,18,Japanese Grand Prix,09-10-2022,Suzuka Circuit,Carlos Sainz,Spanish,Ferrari,3,19,0,0,N/A,Accident
2022,18,Japanese Grand Prix,09-10-2022,Suzuka Circuit,Alexander Albon,Thai,Williams,16,20,0,0,N/A,Hydraulics
2022,19,United States Grand Prix,23-10-2022,Circuit of the Americas,Max Verstappen,Dutch,Red Bull,2,1,25,56,01:39.5,Finished
2022,19,United States Grand Prix,23-10-2022,Circuit of the Americas,Lewis Hamilton,British,Mercedes,3,2,18,56,01:39.8,Finished
2022,19,United States Grand Prix,23-10-2022,Circuit of the Americas,Charles Leclerc,Monegasque,Ferrari,12,3,15,56,01:39.7,Finished
2022,19,United States Grand Prix,23-10-2022,Circuit of the Americas,Sergio Pérez,Mexican,Red Bull,9,4,12,56,01:39.6,Finished
2022,19,United States Grand Prix,23-10-2022,Circuit of the Americas,George Russell,British,Mercedes,4,5,11,56,01:38.8,Finished
2022,19,United States Grand Prix,23-10-2022,Circuit of the Americas,Lando Norris,British,McLaren,6,6,8,56,01:41.3,Finished
2022,19,United States Grand Prix,23-10-2022,Circuit of the Americas,Fernando Alonso,Spanish,Alpine F1 Team,14,7,6,56,01:41.5,Finished
2022,19,United States Grand Prix,23-10-2022,Circuit of the Americas,Sebastian Vettel,German,Aston Martin,10,8,4,56,01:42.5,Finished
2022,19,United States Grand Prix,23-10-2022,Circuit of the Americas,Kevin Magnussen,Danish,Haas F1 Team,13,9,2,56,01:42.2,Finished
2022,19,United States Grand Prix,23-10-2022,Circuit of the Americas,Yuki Tsunoda,Japanese,AlphaTauri,19,10,1,56,01:41.2,Finished
2022,19,United States Grand Prix,23-10-2022,Circuit of the Americas,Esteban Ocon,French,Alpine F1 Team,20,11,0,56,01:42.4,Finished
2022,19,United States Grand Prix,23-10-2022,Circuit of the Americas,Guanyu Zhou,Chinese,Alfa Romeo,18,12,0,56,01:42.5,Finished
2022,19,United States Grand Prix,23-10-2022,Circuit of the Americas,Alexander Albon,Thai,Williams,8,13,0,56,01:41.7,Finished
2022,19,United States Grand Prix,23-10-2022,Circuit of the Americas,Pierre Gasly,French,AlphaTauri,11,14,0,56,01:42.3,Finished
2022,19,United States Grand Prix,23-10-2022,Circuit of the Americas,Mick Schumacher,German,Haas F1 Team,16,15,0,56,01:41.8,Finished
2022,19,United States Grand Prix,23-10-2022,Circuit of the Americas,Daniel Ricciardo,Australian,McLaren,15,16,0,56,01:42.4,Finished
2022,19,United States Grand Prix,23-10-2022,Circuit of the Americas,Nicholas Latifi,Canadian,Williams,17,17,0,56,01:43.5,Finished
2022,19,United States Grand Prix,23-10-2022,Circuit of the Americas,Lance Stroll,Canadian,Aston Martin,5,18,0,21,01:43.1,Collision
2022,19,United States Grand Prix,23-10-2022,Circuit of the Americas,Valtteri Bottas,Finnish,Alfa Romeo,7,19,0,16,01:43.4,Spun off
2022,19,United States Grand Prix,23-10-2022,Circuit of the Americas,Carlos Sainz,Spanish,Ferrari,1,20,0,1,N/A,Collision damage
2022,20,Mexico City Grand Prix,30-10-2022,Autódromo Hermanos Rodríguez,Max Verstappen,Dutch,Red Bull,1,1,25,71,01:22.0,Finished
2022,20,Mexico City Grand Prix,30-10-2022,Autódromo Hermanos Rodríguez,Lewis Hamilton,British,Mercedes,3,2,18,71,01:22.1,Finished
2022,20,Mexico City Grand Prix,30-10-2022,Autódromo Hermanos Rodríguez,Sergio Pérez,Mexican,Red Bull,4,3,15,71,01:21.8,Finished
2022,20,Mexico City Grand Prix,30-10-2022,Autódromo Hermanos Rodríguez,George Russell,British,Mercedes,2,4,13,71,01:20.2,Finished
2022,20,Mexico City Grand Prix,30-10-2022,Autódromo Hermanos Rodríguez,Carlos Sainz,Spanish,Ferrari,5,5,10,71,01:22.2,Finished
2022,20,Mexico City Grand Prix,30-10-2022,Autódromo Hermanos Rodríguez,Charles Leclerc,Monegasque,Ferrari,7,6,8,71,01:22.6,Finished
2022,20,Mexico City Grand Prix,30-10-2022,Autódromo Hermanos Rodríguez,Daniel Ricciardo,Australian,McLaren,11,7,6,70,01:22.0,+1 Lap
2022,20,Mexico City Grand Prix,30-10-2022,Autódromo Hermanos Rodríguez,Esteban Ocon,French,Alpine F1 Team,10,8,4,70,01:23.3,+1 Lap
2022,20,Mexico City Grand Prix,30-10-2022,Autódromo Hermanos Rodríguez,Lando Norris,British,McLaren,8,9,2,70,01:23.4,+1 Lap
2022,20,Mexico City Grand Prix,30-10-2022,Autódromo Hermanos Rodríguez,Valtteri Bottas,Finnish,Alfa Romeo,6,10,1,70,01:23.4,+1 Lap
2022,20,Mexico City Grand Prix,30-10-2022,Autódromo Hermanos Rodríguez,Pierre Gasly,French,AlphaTauri,14,11,0,70,01:22.3,+1 Lap
2022,20,Mexico City Grand Prix,30-10-2022,Autódromo Hermanos Rodríguez,Alexander Albon,Thai,Williams,17,12,0,70,01:22.9,+1 Lap
2022,20,Mexico City Grand Prix,30-10-2022,Autódromo Hermanos Rodríguez,Guanyu Zhou,Chinese,Alfa Romeo,12,13,0,70,01:22.3,+1 Lap
2022,20,Mexico City Grand Prix,30-10-2022,Autódromo Hermanos Rodríguez,Sebastian Vettel,German,Aston Martin,16,14,0,70,01:23.1,+1 Lap
2022,20,Mexico City Grand Prix,30-10-2022,Autódromo Hermanos Rodríguez,Lance Stroll,Canadian,Aston Martin,20,15,0,70,01:22.5,+1 Lap
2022,20,Mexico City Grand Prix,30-10-2022,Autódromo Hermanos Rodríguez,Mick Schumacher,German,Haas F1 Team,15,16,0,70,01:23.6,+1 Lap
2022,20,Mexico City Grand Prix,30-10-2022,Autódromo Hermanos Rodríguez,Kevin Magnussen,Danish,Haas F1 Team,19,17,0,70,01:23.3,+1 Lap
2022,20,Mexico City Grand Prix,30-10-2022,Autódromo Hermanos Rodríguez,Nicholas Latifi,Canadian,Williams,18,18,0,69,01:23.7,+2 Laps
2022,20,Mexico City Grand Prix,30-10-2022,Autódromo Hermanos Rodríguez,Fernando Alonso,Spanish,Alpine F1 Team,9,19,0,63,01:22.9,Engine
2022,20,Mexico City Grand Prix,30-10-2022,Autódromo Hermanos Rodríguez,Yuki Tsunoda,Japanese,AlphaTauri,13,20,0,50,01:23.4,Collision damage
2022,21,São Paulo Grand Prix,13-11-2022,Autódromo José Carlos Pace,George Russell,British,Mercedes,1,1,26,71,01:13.8,Finished
2022,21,São Paulo Grand Prix,13-11-2022,Autódromo José Carlos Pace,Lewis Hamilton,British,Mercedes,2,2,18,71,01:13.9,Finished
2022,21,São Paulo Grand Prix,13-11-2022,Autódromo José Carlos Pace,Carlos Sainz,Spanish,Ferrari,7,3,15,71,01:14.0,Finished
2022,21,São Paulo Grand Prix,13-11-2022,Autódromo José Carlos Pace,Charles Leclerc,Monegasque,Ferrari,5,4,12,71,01:14.3,Finished
2022,21,São Paulo Grand Prix,13-11-2022,Autódromo José Carlos Pace,Fernando Alonso,Spanish,Alpine F1 Team,17,5,10,71,01:14.2,Finished
2022,21,São Paulo Grand Prix,13-11-2022,Autódromo José Carlos Pace,Max Verstappen,Dutch,Red Bull,3,6,8,71,01:14.2,Finished
2022,21,São Paulo Grand Prix,13-11-2022,Autódromo José Carlos Pace,Sergio Pérez,Mexican,Red Bull,4,7,6,71,01:14.3,Finished
2022,21,São Paulo Grand Prix,13-11-2022,Autódromo José Carlos Pace,Esteban Ocon,French,Alpine F1 Team,16,8,4,71,01:15.1,Finished
2022,21,São Paulo Grand Prix,13-11-2022,Autódromo José Carlos Pace,Valtteri Bottas,Finnish,Alfa Romeo,14,9,2,71,01:15.5,Finished
2022,21,São Paulo Grand Prix,13-11-2022,Autódromo José Carlos Pace,Lance Stroll,Canadian,Aston Martin,15,10,1,71,01:14.8,Finished
2022,21,São Paulo Grand Prix,13-11-2022,Autódromo José Carlos Pace,Sebastian Vettel,German,Aston Martin,9,11,0,71,01:15.5,Finished
2022,21,São Paulo Grand Prix,13-11-2022,Autódromo José Carlos Pace,Guanyu Zhou,Chinese,Alfa Romeo,13,12,0,71,01:15.8,Finished
2022,21,São Paulo Grand Prix,13-11-2022,Autódromo José Carlos Pace,Mick Schumacher,German,Haas F1 Team,12,13,0,71,01:15.3,Finished
2022,21,São Paulo Grand Prix,13-11-2022,Autódromo José Carlos Pace,Pierre Gasly,French,AlphaTauri,10,14,0,71,01:15.3,Finished
2022,21,São Paulo Grand Prix,13-11-2022,Autódromo José Carlos Pace,Alexander Albon,Thai,Williams,19,15,0,71,01:15.6,Finished
2022,21,São Paulo Grand Prix,13-11-2022,Autódromo José Carlos Pace,Nicholas Latifi,Canadian,Williams,18,16,0,71,01:15.3,Finished
2022,21,São Paulo Grand Prix,13-11-2022,Autódromo José Carlos Pace,Yuki Tsunoda,Japanese,AlphaTauri,20,17,0,70,01:15.5,+1 Lap
2022,21,São Paulo Grand Prix,13-11-2022,Autódromo José Carlos Pace,Lando Norris,British,McLaren,6,18,0,50,01:15.9,Gearbox
2022,21,São Paulo Grand Prix,13-11-2022,Autódromo José Carlos Pace,Kevin Magnussen,Danish,Haas F1 Team,8,19,0,0,N/A,Collision
2022,21,São Paulo Grand Prix,13-11-2022,Autódromo José Carlos Pace,Daniel Ricciardo,Australian,McLaren,11,20,0,0,N/A,Collision
2022,22,Abu Dhabi Grand Prix,20-11-2022,Yas Marina Circuit,Max Verstappen,Dutch,Red Bull,1,1,25,58,01:29.4,Finished
2022,22,Abu Dhabi Grand Prix,20-11-2022,Yas Marina Circuit,Charles Leclerc,Monegasque,Ferrari,3,2,18,58,01:29.7,Finished
2022,22,Abu Dhabi Grand Prix,20-11-2022,Yas Marina Circuit,Sergio Pérez,Mexican,Red Bull,2,3,15,58,01:29.0,Finished
2022,22,Abu Dhabi Grand Prix,20-11-2022,Yas Marina Circuit,Carlos Sainz,Spanish,Ferrari,4,4,12,58,01:28.9,Finished
2022,22,Abu Dhabi Grand Prix,20-11-2022,Yas Marina Circuit,George Russell,British,Mercedes,6,5,10,58,01:28.8,Finished
2022,22,Abu Dhabi Grand Prix,20-11-2022,Yas Marina Circuit,Lando Norris,British,McLaren,7,6,9,58,01:28.4,Finished
2022,22,Abu Dhabi Grand Prix,20-11-2022,Yas Marina Circuit,Esteban Ocon,French,Alpine F1 Team,8,7,6,58,01:29.3,Finished
2022,22,Abu Dhabi Grand Prix,20-11-2022,Yas Marina Circuit,Lance Stroll,Canadian,Aston Martin,14,8,4,58,01:29.6,Finished
2022,22,Abu Dhabi Grand Prix,20-11-2022,Yas Marina Circuit,Daniel Ricciardo,Australian,McLaren,13,9,2,58,01:30.8,Finished
2022,22,Abu Dhabi Grand Prix,20-11-2022,Yas Marina Circuit,Sebastian Vettel,German,Aston Martin,9,10,1,58,01:30.3,Finished
2022,22,Abu Dhabi Grand Prix,20-11-2022,Yas Marina Circuit,Yuki Tsunoda,Japanese,AlphaTauri,11,11,0,58,01:29.5,Finished
2022,22,Abu Dhabi Grand Prix,20-11-2022,Yas Marina Circuit,Guanyu Zhou,Chinese,Alfa Romeo,15,12,0,57,01:29.6,+1 Lap
2022,22,Abu Dhabi Grand Prix,20-11-2022,Yas Marina Circuit,Alexander Albon,Thai,Williams,19,13,0,57,01:29.9,+1 Lap
2022,22,Abu Dhabi Grand Prix,20-11-2022,Yas Marina Circuit,Pierre Gasly,French,AlphaTauri,17,14,0,57,01:31.1,+1 Lap
2022,22,Abu Dhabi Grand Prix,20-11-2022,Yas Marina Circuit,Valtteri Bottas,Finnish,Alfa Romeo,18,15,0,57,01:30.4,+1 Lap
2022,22,Abu Dhabi Grand Prix,20-11-2022,Yas Marina Circuit,Mick Schumacher,German,Haas F1 Team,12,16,0,57,01:29.8,+1 Lap
2022,22,Abu Dhabi Grand Prix,20-11-2022,Yas Marina Circuit,Kevin Magnussen,Danish,Haas F1 Team,16,17,0,57,01:31.2,+1 Lap
2022,22,Abu Dhabi Grand Prix,20-11-2022,Yas Marina Circuit,Lewis Hamilton,British,Mercedes,5,18,0,55,01:29.8,Hydraulics
2022,22,Abu Dhabi Grand Prix,20-11-2022,Yas Marina Circuit,Nicholas Latifi,Canadian,Williams,20,19,0,55,01:30.3,Collision damage
2022,22,Abu Dhabi Grand Prix,20-11-2022,Yas Marina Circuit,Fernando Alonso,Spanish,Alpine F1 Team,10,20,0,27,01:30.6,Water leak
2023,1,Bahrain Grand Prix,05-03-2023,Bahrain International Circuit,Max Verstappen,Dutch,Red Bull,1,1,25,57,01:36.2,Finished
2023,1,Bahrain Grand Prix,05-03-2023,Bahrain International Circuit,Sergio Pérez,Mexican,Red Bull,2,2,18,57,01:36.3,Finished
2023,1,Bahrain Grand Prix,05-03-2023,Bahrain International Circuit,Fernando Alonso,Spanish,Aston Martin,5,3,15,57,01:36.2,Finished
2023,1,Bahrain Grand Prix,05-03-2023,Bahrain International Circuit,Carlos Sainz,Spanish,Ferrari,4,4,12,57,01:37.1,Finished
2023,1,Bahrain Grand Prix,05-03-2023,Bahrain International Circuit,Lewis Hamilton,British,Mercedes,7,5,10,57,01:36.5,Finished
2023,1,Bahrain Grand Prix,05-03-2023,Bahrain International Circuit,Lance Stroll,Canadian,Aston Martin,8,6,8,57,01:36.5,Finished
2023,1,Bahrain Grand Prix,05-03-2023,Bahrain International Circuit,George Russell,British,Mercedes,6,7,6,57,01:37.2,Finished
2023,1,Bahrain Grand Prix,05-03-2023,Bahrain International Circuit,Valtteri Bottas,Finnish,Alfa Romeo,12,8,4,57,01:37.4,Finished
2023,1,Bahrain Grand Prix,05-03-2023,Bahrain International Circuit,Pierre Gasly,French,Alpine F1 Team,20,9,2,57,01:35.1,Finished
2023,1,Bahrain Grand Prix,05-03-2023,Bahrain International Circuit,Alexander Albon,Thai,Williams,15,10,1,57,01:37.1,Finished
2023,1,Bahrain Grand Prix,05-03-2023,Bahrain International Circuit,Yuki Tsunoda,Japanese,AlphaTauri,14,11,0,57,01:36.6,Finished
2023,1,Bahrain Grand Prix,05-03-2023,Bahrain International Circuit,Logan Sargeant,American,Williams,16,12,0,56,01:36.0,Lapped
2023,1,Bahrain Grand Prix,05-03-2023,Bahrain International Circuit,Kevin Magnussen,Danish,Haas F1 Team,17,13,0,56,01:36.5,Lapped
2023,1,Bahrain Grand Prix,05-03-2023,Bahrain International Circuit,Nyck de Vries,Dutch,AlphaTauri,19,14,0,56,01:37.7,Lapped
2023,1,Bahrain Grand Prix,05-03-2023,Bahrain International Circuit,Nico Hülkenberg,German,Haas F1 Team,10,15,0,56,01:36.6,Lapped
2023,1,Bahrain Grand Prix,05-03-2023,Bahrain International Circuit,Guanyu Zhou,Chinese,Alfa Romeo,13,16,0,56,01:34.0,Lapped
2023,1,Bahrain Grand Prix,05-03-2023,Bahrain International Circuit,Lando Norris,British,McLaren,11,17,0,55,01:35.8,Lapped
2023,1,Bahrain Grand Prix,05-03-2023,Bahrain International Circuit,Esteban Ocon,French,Alpine F1 Team,9,18,0,41,01:36.8,Retired
2023,1,Bahrain Grand Prix,05-03-2023,Bahrain International Circuit,Charles Leclerc,Monegasque,Ferrari,3,19,0,39,01:37.2,Retired
2023,1,Bahrain Grand Prix,05-03-2023,Bahrain International Circuit,Oscar Piastri,Australian,McLaren,18,20,0,13,01:40.7,Retired
2023,2,Saudi Arabian Grand Prix,19-03-2023,Jeddah Corniche Circuit,Sergio Pérez,Mexican,Red Bull,1,1,25,50,01:32.2,Finished
2023,2,Saudi Arabian Grand Prix,19-03-2023,Jeddah Corniche Circuit,Max Verstappen,Dutch,Red Bull,15,2,19,50,01:31.9,Finished
2023,2,Saudi Arabian Grand Prix,19-03-2023,Jeddah Corniche Circuit,Fernando Alonso,Spanish,Aston Martin,2,3,15,50,01:32.2,Finished
2023,2,Saudi Arabian Grand Prix,19-03-2023,Jeddah Corniche Circuit,George Russell,British,Mercedes,3,4,12,50,01:32.4,Finished
2023,2,Saudi Arabian Grand Prix,19-03-2023,Jeddah Corniche Circuit,Lewis Hamilton,British,Mercedes,7,5,10,50,01:32.9,Finished
2023,2,Saudi Arabian Grand Prix,19-03-2023,Jeddah Corniche Circuit,Carlos Sainz,Spanish,Ferrari,4,6,8,50,01:32.8,Finished
2023,2,Saudi Arabian Grand Prix,19-03-2023,Jeddah Corniche Circuit,Charles Leclerc,Monegasque,Ferrari,12,7,6,50,01:33.1,Finished
2023,2,Saudi Arabian Grand Prix,19-03-2023,Jeddah Corniche Circuit,Esteban Ocon,French,Alpine F1 Team,6,8,4,50,01:33.2,Finished
2023,2,Saudi Arabian Grand Prix,19-03-2023,Jeddah Corniche Circuit,Pierre Gasly,French,Alpine F1 Team,9,9,2,50,01:33.4,Finished
2023,2,Saudi Arabian Grand Prix,19-03-2023,Jeddah Corniche Circuit,Kevin Magnussen,Danish,Haas F1 Team,13,10,1,50,01:33.4,Finished
2023,2,Saudi Arabian Grand Prix,19-03-2023,Jeddah Corniche Circuit,Yuki Tsunoda,Japanese,AlphaTauri,16,11,0,50,01:33.9,Finished
2023,2,Saudi Arabian Grand Prix,19-03-2023,Jeddah Corniche Circuit,Nico Hülkenberg,German,Haas F1 Team,10,12,0,50,01:33.8,Finished
2023,2,Saudi Arabian Grand Prix,19-03-2023,Jeddah Corniche Circuit,Guanyu Zhou,Chinese,Alfa Romeo,11,13,0,50,01:33.9,Finished
2023,2,Saudi Arabian Grand Prix,19-03-2023,Jeddah Corniche Circuit,Nyck de Vries,Dutch,AlphaTauri,18,14,0,50,01:33.6,Finished
2023,2,Saudi Arabian Grand Prix,19-03-2023,Jeddah Corniche Circuit,Oscar Piastri,Australian,McLaren,8,15,0,50,01:34.3,Finished
2023,2,Saudi Arabian Grand Prix,19-03-2023,Jeddah Corniche Circuit,Logan Sargeant,American,Williams,20,16,0,50,01:34.5,Finished
2023,2,Saudi Arabian Grand Prix,19-03-2023,Jeddah Corniche Circuit,Lando Norris,British,McLaren,19,17,0,50,01:34.1,Finished
2023,2,Saudi Arabian Grand Prix,19-03-2023,Jeddah Corniche Circuit,Valtteri Bottas,Finnish,Alfa Romeo,14,18,0,49,01:34.4,Lapped
2023,2,Saudi Arabian Grand Prix,19-03-2023,Jeddah Corniche Circuit,Alexander Albon,Thai,Williams,17,19,0,27,01:35.6,Retired
2023,2,Saudi Arabian Grand Prix,19-03-2023,Jeddah Corniche Circuit,Lance Stroll,Canadian,Aston Martin,5,20,0,16,01:35.1,Retired
2023,3,Australian Grand Prix,02-04-2023,Albert Park Grand Prix Circuit,Max Verstappen,Dutch,Red Bull,1,1,25,58,01:20.3,Finished
2023,3,Australian Grand Prix,02-04-2023,Albert Park Grand Prix Circuit,Lewis Hamilton,British,Mercedes,3,2,18,58,01:20.6,Finished
2023,3,Australian Grand Prix,02-04-2023,Albert Park Grand Prix Circuit,Fernando Alonso,Spanish,Aston Martin,4,3,15,58,01:20.5,Finished
2023,3,Australian Grand Prix,02-04-2023,Albert Park Grand Prix Circuit,Lance Stroll,Canadian,Aston Martin,6,4,12,58,01:20.9,Finished
2023,3,Australian Grand Prix,02-04-2023,Albert Park Grand Prix Circuit,Sergio Pérez,Mexican,Red Bull,20,5,11,58,01:20.2,Finished
2023,3,Australian Grand Prix,02-04-2023,Albert Park Grand Prix Circuit,Lando Norris,British,McLaren,13,6,8,58,01:21.2,Finished
2023,3,Australian Grand Prix,02-04-2023,Albert Park Grand Prix Circuit,Nico Hülkenberg,German,Haas F1 Team,10,7,6,58,01:21.1,Finished
2023,3,Australian Grand Prix,02-04-2023,Albert Park Grand Prix Circuit,Oscar Piastri,Australian,McLaren,16,8,4,58,01:21.3,Finished
2023,3,Australian Grand Prix,02-04-2023,Albert Park Grand Prix Circuit,Guanyu Zhou,Chinese,Alfa Romeo,17,9,2,58,01:21.8,Finished
2023,3,Australian Grand Prix,02-04-2023,Albert Park Grand Prix Circuit,Yuki Tsunoda,Japanese,AlphaTauri,12,10,1,58,01:21.8,Finished
2023,3,Australian Grand Prix,02-04-2023,Albert Park Grand Prix Circuit,Valtteri Bottas,Finnish,Alfa Romeo,19,11,0,58,01:22.2,Finished
2023,3,Australian Grand Prix,02-04-2023,Albert Park Grand Prix Circuit,Carlos Sainz,Spanish,Ferrari,5,12,0,58,01:20.5,Finished
2023,3,Australian Grand Prix,02-04-2023,Albert Park Grand Prix Circuit,Pierre Gasly,French,Alpine F1 Team,9,13,0,56,01:21.0,Finished
2023,3,Australian Grand Prix,02-04-2023,Albert Park Grand Prix Circuit,Esteban Ocon,French,Alpine F1 Team,11,14,0,56,01:21.2,Finished
2023,3,Australian Grand Prix,02-04-2023,Albert Park Grand Prix Circuit,Nyck de Vries,Dutch,AlphaTauri,15,15,0,56,01:21.2,Finished
2023,3,Australian Grand Prix,02-04-2023,Albert Park Grand Prix Circuit,Logan Sargeant,American,Williams,18,16,0,56,01:21.5,Finished
2023,3,Australian Grand Prix,02-04-2023,Albert Park Grand Prix Circuit,Kevin Magnussen,Danish,Haas F1 Team,14,17,0,52,01:21.7,Finished
2023,3,Australian Grand Prix,02-04-2023,Albert Park Grand Prix Circuit,George Russell,British,Mercedes,2,18,0,17,01:22.7,Retired
2023,3,Australian Grand Prix,02-04-2023,Albert Park Grand Prix Circuit,Alexander Albon,Thai,Williams,8,19,0,6,01:23.3,Retired
2023,3,Australian Grand Prix,02-04-2023,Albert Park Grand Prix Circuit,Charles Leclerc,Monegasque,Ferrari,7,20,0,0,N/A,Retired
2023,4,Azerbaijan Grand Prix,30-04-2023,Baku City Circuit,Sergio Pérez,Mexican,Red Bull,3,1,25,51,01:44.6,Finished
2023,4,Azerbaijan Grand Prix,30-04-2023,Baku City Circuit,Max Verstappen,Dutch,Red Bull,2,2,18,51,01:44.2,Finished
2023,4,Azerbaijan Grand Prix,30-04-2023,Baku City Circuit,Charles Leclerc,Monegasque,Ferrari,1,3,15,51,01:44.6,Finished
2023,4,Azerbaijan Grand Prix,30-04-2023,Baku City Circuit,Fernando Alonso,Spanish,Aston Martin,6,4,12,51,01:44.2,Finished
2023,4,Azerbaijan Grand Prix,30-04-2023,Baku City Circuit,Carlos Sainz,Spanish,Ferrari,4,5,10,51,01:45.2,Finished
2023,4,Azerbaijan Grand Prix,30-04-2023,Baku City Circuit,Lewis Hamilton,British,Mercedes,5,6,8,51,01:45.3,Finished
2023,4,Azerbaijan Grand Prix,30-04-2023,Baku City Circuit,Lance Stroll,Canadian,Aston Martin,9,7,6,51,01:45.6,Finished
2023,4,Azerbaijan Grand Prix,30-04-2023,Baku City Circuit,George Russell,British,Mercedes,11,8,5,51,01:43.4,Finished
2023,4,Azerbaijan Grand Prix,30-04-2023,Baku City Circuit,Lando Norris,British,McLaren,7,9,2,51,01:45.7,Finished
2023,4,Azerbaijan Grand Prix,30-04-2023,Baku City Circuit,Yuki Tsunoda,Japanese,AlphaTauri,8,10,1,51,01:45.7,Finished
2023,4,Azerbaijan Grand Prix,30-04-2023,Baku City Circuit,Oscar Piastri,Australian,McLaren,10,11,0,51,01:45.6,Finished
2023,4,Azerbaijan Grand Prix,30-04-2023,Baku City Circuit,Alexander Albon,Thai,Williams,12,12,0,51,01:45.9,Finished
2023,4,Azerbaijan Grand Prix,30-04-2023,Baku City Circuit,Kevin Magnussen,Danish,Haas F1 Team,16,13,0,51,01:45.9,Finished
2023,4,Azerbaijan Grand Prix,30-04-2023,Baku City Circuit,Pierre Gasly,French,Alpine F1 Team,17,14,0,51,01:45.5,Finished
2023,4,Azerbaijan Grand Prix,30-04-2023,Baku City Circuit,Esteban Ocon,French,Alpine F1 Team,19,15,0,51,01:45.9,Finished
2023,4,Azerbaijan Grand Prix,30-04-2023,Baku City Circuit,Logan Sargeant,American,Williams,14,16,0,51,01:46.5,Finished
2023,4,Azerbaijan Grand Prix,30-04-2023,Baku City Circuit,Nico Hülkenberg,German,Haas F1 Team,20,17,0,50,01:46.7,Lapped
2023,4,Azerbaijan Grand Prix,30-04-2023,Baku City Circuit,Valtteri Bottas,Finnish,Alfa Romeo,13,18,0,50,01:46.3,Lapped
2023,4,Azerbaijan Grand Prix,30-04-2023,Baku City Circuit,Guanyu Zhou,Chinese,Alfa Romeo,15,19,0,36,01:47.6,Retired
2023,4,Azerbaijan Grand Prix,30-04-2023,Baku City Circuit,Nyck de Vries,Dutch,AlphaTauri,18,20,0,9,01:48.8,Retired
2023,5,Miami Grand Prix,07-05-2023,Miami International Autodrome,Max Verstappen,Dutch,Red Bull,9,1,26,57,01:29.7,Finished
2023,5,Miami Grand Prix,07-05-2023,Miami International Autodrome,Sergio Pérez,Mexican,Red Bull,1,2,18,57,01:30.6,Finished
2023,5,Miami Grand Prix,07-05-2023,Miami International Autodrome,Fernando Alonso,Spanish,Aston Martin,2,3,15,57,01:30.5,Finished
2023,5,Miami Grand Prix,07-05-2023,Miami International Autodrome,George Russell,British,Mercedes,6,4,12,57,01:31.0,Finished
2023,5,Miami Grand Prix,07-05-2023,Miami International Autodrome,Carlos Sainz,Spanish,Ferrari,3,5,10,57,01:31.4,Finished
2023,5,Miami Grand Prix,07-05-2023,Miami International Autodrome,Lewis Hamilton,British,Mercedes,13,6,8,57,01:30.7,Finished
2023,5,Miami Grand Prix,07-05-2023,Miami International Autodrome,Charles Leclerc,Monegasque,Ferrari,7,7,6,57,01:31.4,Finished
2023,5,Miami Grand Prix,07-05-2023,Miami International Autodrome,Pierre Gasly,French,Alpine F1 Team,5,8,4,57,01:32.0,Finished
2023,5,Miami Grand Prix,07-05-2023,Miami International Autodrome,Esteban Ocon,French,Alpine F1 Team,8,9,2,57,01:31.1,Finished
2023,5,Miami Grand Prix,07-05-2023,Miami International Autodrome,Kevin Magnussen,Danish,Haas F1 Team,4,10,1,57,01:31.7,Finished
2023,5,Miami Grand Prix,07-05-2023,Miami International Autodrome,Yuki Tsunoda,Japanese,AlphaTauri,17,11,0,57,01:31.0,Finished
2023,5,Miami Grand Prix,07-05-2023,Miami International Autodrome,Lance Stroll,Canadian,Aston Martin,18,12,0,57,01:30.9,Finished
2023,5,Miami Grand Prix,07-05-2023,Miami International Autodrome,Valtteri Bottas,Finnish,Alfa Romeo,10,13,0,57,01:31.8,Finished
2023,5,Miami Grand Prix,07-05-2023,Miami International Autodrome,Alexander Albon,Thai,Williams,11,14,0,57,01:31.9,Finished
2023,5,Miami Grand Prix,07-05-2023,Miami International Autodrome,Nico Hülkenberg,German,Haas F1 Team,12,15,0,57,01:30.9,Finished
2023,5,Miami Grand Prix,07-05-2023,Miami International Autodrome,Guanyu Zhou,Chinese,Alfa Romeo,14,16,0,57,01:31.7,Finished
2023,5,Miami Grand Prix,07-05-2023,Miami International Autodrome,Lando Norris,British,McLaren,16,17,0,57,01:32.4,Finished
2023,5,Miami Grand Prix,07-05-2023,Miami International Autodrome,Nyck de Vries,Dutch,AlphaTauri,15,18,0,57,01:31.6,Finished
2023,5,Miami Grand Prix,07-05-2023,Miami International Autodrome,Oscar Piastri,Australian,McLaren,19,19,0,56,01:32.0,Lapped
2023,5,Miami Grand Prix,07-05-2023,Miami International Autodrome,Logan Sargeant,American,Williams,20,20,0,56,01:32.4,Lapped
2023,6,Monaco Grand Prix,28-05-2023,Circuit de Monaco,Max Verstappen,Dutch,Red Bull,1,1,25,78,01:16.6,Finished
2023,6,Monaco Grand Prix,28-05-2023,Circuit de Monaco,Fernando Alonso,Spanish,Aston Martin,2,2,18,78,01:16.7,Finished
2023,6,Monaco Grand Prix,28-05-2023,Circuit de Monaco,Esteban Ocon,French,Alpine F1 Team,3,3,15,78,01:16.5,Finished
2023,6,Monaco Grand Prix,28-05-2023,Circuit de Monaco,Lewis Hamilton,British,Mercedes,5,4,13,78,01:15.7,Finished
2023,6,Monaco Grand Prix,28-05-2023,Circuit de Monaco,George Russell,British,Mercedes,8,5,10,78,01:16.8,Finished
2023,6,Monaco Grand Prix,28-05-2023,Circuit de Monaco,Charles Leclerc,Monegasque,Ferrari,6,6,8,78,01:15.8,Finished
2023,6,Monaco Grand Prix,28-05-2023,Circuit de Monaco,Pierre Gasly,French,Alpine F1 Team,7,7,6,78,01:15.8,Finished
2023,6,Monaco Grand Prix,28-05-2023,Circuit de Monaco,Carlos Sainz,Spanish,Ferrari,4,8,4,78,01:16.4,Finished
2023,6,Monaco Grand Prix,28-05-2023,Circuit de Monaco,Lando Norris,British,McLaren,10,9,2,77,01:17.8,Lapped
2023,6,Monaco Grand Prix,28-05-2023,Circuit de Monaco,Oscar Piastri,Australian,McLaren,11,10,1,77,01:17.5,Lapped
2023,6,Monaco Grand Prix,28-05-2023,Circuit de Monaco,Valtteri Bottas,Finnish,Alfa Romeo,15,11,0,77,01:17.8,Lapped
2023,6,Monaco Grand Prix,28-05-2023,Circuit de Monaco,Nyck de Vries,Dutch,AlphaTauri,12,12,0,77,01:17.6,Lapped
2023,6,Monaco Grand Prix,28-05-2023,Circuit de Monaco,Guanyu Zhou,Chinese,Alfa Romeo,19,13,0,77,01:16.9,Lapped
2023,6,Monaco Grand Prix,28-05-2023,Circuit de Monaco,Alexander Albon,Thai,Williams,13,14,0,77,01:16.7,Lapped
2023,6,Monaco Grand Prix,28-05-2023,Circuit de Monaco,Yuki Tsunoda,Japanese,AlphaTauri,9,15,0,76,01:17.7,Lapped
2023,6,Monaco Grand Prix,28-05-2023,Circuit de Monaco,Sergio Pérez,Mexican,Red Bull,20,16,0,76,01:16.3,Lapped
2023,6,Monaco Grand Prix,28-05-2023,Circuit de Monaco,Nico Hülkenberg,German,Haas F1 Team,18,17,0,76,01:17.0,Lapped
2023,6,Monaco Grand Prix,28-05-2023,Circuit de Monaco,Logan Sargeant,American,Williams,16,18,0,76,01:17.3,Lapped
2023,6,Monaco Grand Prix,28-05-2023,Circuit de Monaco,Kevin Magnussen,Danish,Haas F1 Team,17,19,0,70,01:18.4,Finished
2023,6,Monaco Grand Prix,28-05-2023,Circuit de Monaco,Lance Stroll,Canadian,Aston Martin,14,20,0,53,01:17.8,Retired
2023,7,Spanish Grand Prix,04-06-2023,Circuit de Barcelona-Catalunya,Max Verstappen,Dutch,Red Bull,1,1,26,66,01:16.3,Finished
2023,7,Spanish Grand Prix,04-06-2023,Circuit de Barcelona-Catalunya,Lewis Hamilton,British,Mercedes,4,2,18,66,01:16.7,Finished
2023,7,Spanish Grand Prix,04-06-2023,Circuit de Barcelona-Catalunya,George Russell,British,Mercedes,12,3,15,66,01:17.9,Finished
2023,7,Spanish Grand Prix,04-06-2023,Circuit de Barcelona-Catalunya,Sergio Pérez,Mexican,Red Bull,11,4,12,66,01:16.7,Finished
2023,7,Spanish Grand Prix,04-06-2023,Circuit de Barcelona-Catalunya,Carlos Sainz,Spanish,Ferrari,2,5,10,66,01:18.4,Finished
2023,7,Spanish Grand Prix,04-06-2023,Circuit de Barcelona-Catalunya,Lance Stroll,Canadian,Aston Martin,5,6,8,66,01:18.7,Finished
2023,7,Spanish Grand Prix,04-06-2023,Circuit de Barcelona-Catalunya,Fernando Alonso,Spanish,Aston Martin,8,7,6,66,01:18.1,Finished
2023,7,Spanish Grand Prix,04-06-2023,Circuit de Barcelona-Catalunya,Esteban Ocon,French,Alpine F1 Team,6,8,4,66,01:18.9,Finished
2023,7,Spanish Grand Prix,04-06-2023,Circuit de Barcelona-Catalunya,Guanyu Zhou,Chinese,Alfa Romeo,13,9,2,66,01:18.8,Finished
2023,7,Spanish Grand Prix,04-06-2023,Circuit de Barcelona-Catalunya,Pierre Gasly,French,Alpine F1 Team,10,10,1,66,01:18.4,Finished
2023,7,Spanish Grand Prix,04-06-2023,Circuit de Barcelona-Catalunya,Charles Leclerc,Monegasque,Ferrari,19,11,0,66,01:18.4,Finished
2023,7,Spanish Grand Prix,04-06-2023,Circuit de Barcelona-Catalunya,Yuki Tsunoda,Japanese,AlphaTauri,15,12,0,66,01:18.9,Finished
2023,7,Spanish Grand Prix,04-06-2023,Circuit de Barcelona-Catalunya,Oscar Piastri,Australian,McLaren,9,13,0,65,01:18.7,Lapped
2023,7,Spanish Grand Prix,04-06-2023,Circuit de Barcelona-Catalunya,Nyck de Vries,Dutch,AlphaTauri,14,14,0,65,01:18.6,Lapped
2023,7,Spanish Grand Prix,04-06-2023,Circuit de Barcelona-Catalunya,Nico Hülkenberg,German,Haas F1 Team,7,15,0,65,01:18.8,Lapped
2023,7,Spanish Grand Prix,04-06-2023,Circuit de Barcelona-Catalunya,Alexander Albon,Thai,Williams,18,16,0,65,01:19.1,Lapped
2023,7,Spanish Grand Prix,04-06-2023,Circuit de Barcelona-Catalunya,Lando Norris,British,McLaren,3,17,0,65,01:17.2,Lapped
2023,7,Spanish Grand Prix,04-06-2023,Circuit de Barcelona-Catalunya,Kevin Magnussen,Danish,Haas F1 Team,17,18,0,65,01:18.1,Lapped
2023,7,Spanish Grand Prix,04-06-2023,Circuit de Barcelona-Catalunya,Valtteri Bottas,Finnish,Alfa Romeo,16,19,0,65,01:18.2,Lapped
2023,7,Spanish Grand Prix,04-06-2023,Circuit de Barcelona-Catalunya,Logan Sargeant,American,Williams,20,20,0,65,01:19.2,Lapped
2023,8,Canadian Grand Prix,18-06-2023,Circuit Gilles Villeneuve,Max Verstappen,Dutch,Red Bull,1,1,25,70,01:15.6,Finished
2023,8,Canadian Grand Prix,18-06-2023,Circuit Gilles Villeneuve,Fernando Alonso,Spanish,Aston Martin,2,2,18,70,01:15.8,Finished
2023,8,Canadian Grand Prix,18-06-2023,Circuit Gilles Villeneuve,Lewis Hamilton,British,Mercedes,3,3,15,70,01:15.4,Finished
2023,8,Canadian Grand Prix,18-06-2023,Circuit Gilles Villeneuve,Charles Leclerc,Monegasque,Ferrari,10,4,12,70,01:15.9,Finished
2023,8,Canadian Grand Prix,18-06-2023,Circuit Gilles Villeneuve,Carlos Sainz,Spanish,Ferrari,11,5,10,70,01:15.9,Finished
2023,8,Canadian Grand Prix,18-06-2023,Circuit Gilles Villeneuve,Sergio Pérez,Mexican,Red Bull,12,6,9,70,01:14.5,Finished
2023,8,Canadian Grand Prix,18-06-2023,Circuit Gilles Villeneuve,Alexander Albon,Thai,Williams,9,7,6,70,01:16.9,Finished
2023,8,Canadian Grand Prix,18-06-2023,Circuit Gilles Villeneuve,Esteban Ocon,French,Alpine F1 Team,6,8,4,70,01:16.8,Finished
2023,8,Canadian Grand Prix,18-06-2023,Circuit Gilles Villeneuve,Lance Stroll,Canadian,Aston Martin,16,9,2,70,01:16.6,Finished
2023,8,Canadian Grand Prix,18-06-2023,Circuit Gilles Villeneuve,Valtteri Bottas,Finnish,Alfa Romeo,14,10,1,70,01:16.6,Finished
2023,8,Canadian Grand Prix,18-06-2023,Circuit Gilles Villeneuve,Oscar Piastri,Australian,McLaren,8,11,0,70,01:16.6,Finished
2023,8,Canadian Grand Prix,18-06-2023,Circuit Gilles Villeneuve,Pierre Gasly,French,Alpine F1 Team,15,12,0,70,01:16.4,Finished
2023,8,Canadian Grand Prix,18-06-2023,Circuit Gilles Villeneuve,Lando Norris,British,McLaren,7,13,0,70,01:16.4,Finished
2023,8,Canadian Grand Prix,18-06-2023,Circuit Gilles Villeneuve,Yuki Tsunoda,Japanese,AlphaTauri,19,14,0,70,01:16.7,Finished
2023,8,Canadian Grand Prix,18-06-2023,Circuit Gilles Villeneuve,Nico Hülkenberg,German,Haas F1 Team,5,15,0,69,01:17.2,Lapped
2023,8,Canadian Grand Prix,18-06-2023,Circuit Gilles Villeneuve,Guanyu Zhou,Chinese,Alfa Romeo,20,16,0,69,01:17.1,Lapped
2023,8,Canadian Grand Prix,18-06-2023,Circuit Gilles Villeneuve,Kevin Magnussen,Danish,Haas F1 Team,13,17,0,69,01:16.1,Lapped
2023,8,Canadian Grand Prix,18-06-2023,Circuit Gilles Villeneuve,Nyck de Vries,Dutch,AlphaTauri,17,18,0,69,01:16.7,Lapped
2023,8,Canadian Grand Prix,18-06-2023,Circuit Gilles Villeneuve,George Russell,British,Mercedes,4,19,0,53,01:17.1,Retired
2023,8,Canadian Grand Prix,18-06-2023,Circuit Gilles Villeneuve,Logan Sargeant,American,Williams,18,20,0,6,01:18.4,Retired
2023,9,Austrian Grand Prix,02-07-2023,Red Bull Ring,Max Verstappen,Dutch,Red Bull,1,1,26,71,01:07.0,Finished
2023,9,Austrian Grand Prix,02-07-2023,Red Bull Ring,Charles Leclerc,Monegasque,Ferrari,2,2,18,71,01:08.8,Finished
2023,9,Austrian Grand Prix,02-07-2023,Red Bull Ring,Sergio Pérez,Mexican,Red Bull,15,3,15,71,01:08.1,Finished
2023,9,Austrian Grand Prix,02-07-2023,Red Bull Ring,Lando Norris,British,McLaren,4,4,12,71,01:08.7,Finished
2023,9,Austrian Grand Prix,02-07-2023,Red Bull Ring,Fernando Alonso,Spanish,Aston Martin,7,5,10,71,01:09.1,Finished
2023,9,Austrian Grand Prix,02-07-2023,Red Bull Ring,Carlos Sainz,Spanish,Ferrari,3,6,8,71,01:08.9,Finished
2023,9,Austrian Grand Prix,02-07-2023,Red Bull Ring,George Russell,British,Mercedes,11,7,6,71,01:09.3,Finished
2023,9,Austrian Grand Prix,02-07-2023,Red Bull Ring,Lewis Hamilton,British,Mercedes,5,8,4,71,01:09.2,Finished
2023,9,Austrian Grand Prix,02-07-2023,Red Bull Ring,Lance Stroll,Canadian,Aston Martin,6,9,2,71,01:08.5,Finished
2023,9,Austrian Grand Prix,02-07-2023,Red Bull Ring,Pierre Gasly,French,Alpine F1 Team,9,10,1,71,01:09.0,Finished
2023,9,Austrian Grand Prix,02-07-2023,Red Bull Ring,Alexander Albon,Thai,Williams,10,11,0,71,01:09.6,Finished
2023,9,Austrian Grand Prix,02-07-2023,Red Bull Ring,Guanyu Zhou,Chinese,Alfa Romeo,17,12,0,70,01:09.8,Lapped
2023,9,Austrian Grand Prix,02-07-2023,Red Bull Ring,Logan Sargeant,American,Williams,18,13,0,70,01:09.6,Lapped
2023,9,Austrian Grand Prix,02-07-2023,Red Bull Ring,Esteban Ocon,French,Alpine F1 Team,12,14,0,70,01:09.8,Lapped
2023,9,Austrian Grand Prix,02-07-2023,Red Bull Ring,Valtteri Bottas,Finnish,Alfa Romeo,14,15,0,70,01:09.9,Lapped
2023,9,Austrian Grand Prix,02-07-2023,Red Bull Ring,Oscar Piastri,Australian,McLaren,13,16,0,70,01:09.9,Lapped
2023,9,Austrian Grand Prix,02-07-2023,Red Bull Ring,Nyck de Vries,Dutch,AlphaTauri,20,17,0,70,01:09.9,Lapped
2023,9,Austrian Grand Prix,02-07-2023,Red Bull Ring,Kevin Magnussen,Danish,Haas F1 Team,19,18,0,70,01:10.2,Lapped
2023,9,Austrian Grand Prix,02-07-2023,Red Bull Ring,Yuki Tsunoda,Japanese,AlphaTauri,16,19,0,70,01:09.6,Lapped
2023,9,Austrian Grand Prix,02-07-2023,Red Bull Ring,Nico Hülkenberg,German,Haas F1 Team,8,20,0,12,01:11.1,Retired
2023,10,British Grand Prix,09-07-2023,Silverstone Circuit,Max Verstappen,Dutch,Red Bull,1,1,26,52,01:30.3,Finished
2023,10,British Grand Prix,09-07-2023,Silverstone Circuit,Lando Norris,British,McLaren,2,2,18,52,01:30.5,Finished
2023,10,British Grand Prix,09-07-2023,Silverstone Circuit,Lewis Hamilton,British,Mercedes,7,3,15,52,01:30.5,Finished
2023,10,British Grand Prix,09-07-2023,Silverstone Circuit,Oscar Piastri,Australian,McLaren,3,4,12,52,01:30.9,Finished
2023,10,British Grand Prix,09-07-2023,Silverstone Circuit,George Russell,British,Mercedes,6,5,10,52,01:31.1,Finished
2023,10,British Grand Prix,09-07-2023,Silverstone Circuit,Sergio Pérez,Mexican,Red Bull,15,6,8,52,01:30.9,Finished
2023,10,British Grand Prix,09-07-2023,Silverstone Circuit,Fernando Alonso,Spanish,Aston Martin,9,7,6,52,01:31.3,Finished
2023,10,British Grand Prix,09-07-2023,Silverstone Circuit,Alexander Albon,Thai,Williams,8,8,4,52,01:31.3,Finished
2023,10,British Grand Prix,09-07-2023,Silverstone Circuit,Charles Leclerc,Monegasque,Ferrari,4,9,2,52,01:31.3,Finished
2023,10,British Grand Prix,09-07-2023,Silverstone Circuit,Carlos Sainz,Spanish,Ferrari,5,10,1,52,01:31.4,Finished
2023,10,British Grand Prix,09-07-2023,Silverstone Circuit,Logan Sargeant,American,Williams,14,11,0,52,01:31.7,Finished
2023,10,British Grand Prix,09-07-2023,Silverstone Circuit,Valtteri Bottas,Finnish,Alfa Romeo,20,12,0,52,01:31.9,Finished
2023,10,British Grand Prix,09-07-2023,Silverstone Circuit,Nico Hülkenberg,German,Haas F1 Team,11,13,0,52,01:31.8,Finished
2023,10,British Grand Prix,09-07-2023,Silverstone Circuit,Lance Stroll,Canadian,Aston Martin,12,14,0,52,01:31.5,Finished
2023,10,British Grand Prix,09-07-2023,Silverstone Circuit,Guanyu Zhou,Chinese,Alfa Romeo,17,15,0,52,01:31.8,Finished
2023,10,British Grand Prix,09-07-2023,Silverstone Circuit,Yuki Tsunoda,Japanese,AlphaTauri,16,16,0,52,01:32.1,Finished
2023,10,British Grand Prix,09-07-2023,Silverstone Circuit,Nyck de Vries,Dutch,AlphaTauri,18,17,0,52,01:32.4,Finished
2023,10,British Grand Prix,09-07-2023,Silverstone Circuit,Pierre Gasly,French,Alpine F1 Team,10,18,0,46,01:31.5,Finished
2023,10,British Grand Prix,09-07-2023,Silverstone Circuit,Kevin Magnussen,Danish,Haas F1 Team,19,19,0,31,01:33.4,Retired
2023,10,British Grand Prix,09-07-2023,Silverstone Circuit,Esteban Ocon,French,Alpine F1 Team,13,20,0,9,01:33.9,Retired
2023,11,Hungarian Grand Prix,23-07-2023,Hungaroring,Max Verstappen,Dutch,Red Bull,2,1,26,70,01:20.5,Finished
2023,11,Hungarian Grand Prix,23-07-2023,Hungaroring,Lando Norris,British,McLaren,3,2,18,70,01:22.2,Finished
2023,11,Hungarian Grand Prix,23-07-2023,Hungaroring,Sergio Pérez,Mexican,Red Bull,9,3,15,70,01:22.3,Finished
2023,11,Hungarian Grand Prix,23-07-2023,Hungaroring,Lewis Hamilton,British,Mercedes,1,4,12,70,01:21.6,Finished
2023,11,Hungarian Grand Prix,23-07-2023,Hungaroring,Oscar Piastri,Australian,McLaren,4,5,10,70,01:22.7,Finished
2023,11,Hungarian Grand Prix,23-07-2023,Hungaroring,George Russell,British,Mercedes,18,6,8,70,01:22.2,Finished
2023,11,Hungarian Grand Prix,23-07-2023,Hungaroring,Charles Leclerc,Monegasque,Ferrari,6,7,6,70,01:22.5,Finished
2023,11,Hungarian Grand Prix,23-07-2023,Hungaroring,Carlos Sainz,Spanish,Ferrari,11,8,4,70,01:22.6,Finished
2023,11,Hungarian Grand Prix,23-07-2023,Hungaroring,Fernando Alonso,Spanish,Aston Martin,8,9,2,70,01:22.7,Finished
2023,11,Hungarian Grand Prix,23-07-2023,Hungaroring,Lance Stroll,Canadian,Aston Martin,14,10,1,69,01:23.4,Lapped
2023,11,Hungarian Grand Prix,23-07-2023,Hungaroring,Alexander Albon,Thai,Williams,16,11,0,69,01:24.1,Lapped
2023,11,Hungarian Grand Prix,23-07-2023,Hungaroring,Valtteri Bottas,Finnish,Alfa Romeo,7,12,0,69,01:23.7,Lapped
2023,11,Hungarian Grand Prix,23-07-2023,Hungaroring,Daniel Ricciardo,Australian,AlphaTauri,13,13,0,69,01:23.9,Lapped
2023,11,Hungarian Grand Prix,23-07-2023,Hungaroring,Nico Hülkenberg,German,Haas F1 Team,10,14,0,69,01:23.6,Lapped
2023,11,Hungarian Grand Prix,23-07-2023,Hungaroring,Yuki Tsunoda,Japanese,AlphaTauri,17,15,0,69,01:23.3,Lapped
2023,11,Hungarian Grand Prix,23-07-2023,Hungaroring,Guanyu Zhou,Chinese,Alfa Romeo,5,16,0,69,01:23.7,Lapped
2023,11,Hungarian Grand Prix,23-07-2023,Hungaroring,Kevin Magnussen,Danish,Haas F1 Team,19,17,0,69,01:23.9,Lapped
2023,11,Hungarian Grand Prix,23-07-2023,Hungaroring,Logan Sargeant,American,Williams,20,18,0,67,01:23.5,Finished
2023,11,Hungarian Grand Prix,23-07-2023,Hungaroring,Esteban Ocon,French,Alpine F1 Team,12,19,0,2,N/A,Retired
2023,11,Hungarian Grand Prix,23-07-2023,Hungaroring,Pierre Gasly,French,Alpine F1 Team,15,20,0,1,N/A,Retired
2023,12,Belgian Grand Prix,30-07-2023,Circuit de Spa-Francorchamps,Max Verstappen,Dutch,Red Bull,6,1,25,44,01:48.9,Finished
2023,12,Belgian Grand Prix,30-07-2023,Circuit de Spa-Francorchamps,Sergio Pérez,Mexican,Red Bull,2,2,18,44,01:50.3,Finished
2023,12,Belgian Grand Prix,30-07-2023,Circuit de Spa-Francorchamps,Charles Leclerc,Monegasque,Ferrari,1,3,15,44,01:50.4,Finished
2023,12,Belgian Grand Prix,30-07-2023,Circuit de Spa-Francorchamps,Lewis Hamilton,British,Mercedes,3,4,13,44,01:47.3,Finished
2023,12,Belgian Grand Prix,30-07-2023,Circuit de Spa-Francorchamps,Fernando Alonso,Spanish,Aston Martin,9,5,10,44,01:50.9,Finished
2023,12,Belgian Grand Prix,30-07-2023,Circuit de Spa-Francorchamps,George Russell,British,Mercedes,8,6,8,44,01:50.6,Finished
2023,12,Belgian Grand Prix,30-07-2023,Circuit de Spa-Francorchamps,Lando Norris,British,McLaren,7,7,6,44,01:51.7,Finished
2023,12,Belgian Grand Prix,30-07-2023,Circuit de Spa-Francorchamps,Esteban Ocon,French,Alpine F1 Team,14,8,4,44,01:50.4,Finished
2023,12,Belgian Grand Prix,30-07-2023,Circuit de Spa-Francorchamps,Lance Stroll,Canadian,Aston Martin,10,9,2,44,01:51.3,Finished
2023,12,Belgian Grand Prix,30-07-2023,Circuit de Spa-Francorchamps,Yuki Tsunoda,Japanese,AlphaTauri,11,10,1,44,01:51.4,Finished
2023,12,Belgian Grand Prix,30-07-2023,Circuit de Spa-Francorchamps,Pierre Gasly,French,Alpine F1 Team,12,11,0,44,01:50.9,Finished
2023,12,Belgian Grand Prix,30-07-2023,Circuit de Spa-Francorchamps,Valtteri Bottas,Finnish,Alfa Romeo,13,12,0,44,01:50.5,Finished
2023,12,Belgian Grand Prix,30-07-2023,Circuit de Spa-Francorchamps,Guanyu Zhou,Chinese,Alfa Romeo,17,13,0,44,01:50.2,Finished
2023,12,Belgian Grand Prix,30-07-2023,Circuit de Spa-Francorchamps,Alexander Albon,Thai,Williams,15,14,0,44,01:49.8,Finished
2023,12,Belgian Grand Prix,30-07-2023,Circuit de Spa-Francorchamps,Kevin Magnussen,Danish,Haas F1 Team,16,15,0,44,01:51.0,Finished
2023,12,Belgian Grand Prix,30-07-2023,Circuit de Spa-Francorchamps,Daniel Ricciardo,Australian,AlphaTauri,19,16,0,44,01:51.0,Finished
2023,12,Belgian Grand Prix,30-07-2023,Circuit de Spa-Francorchamps,Logan Sargeant,American,Williams,18,17,0,44,01:50.5,Finished
2023,12,Belgian Grand Prix,30-07-2023,Circuit de Spa-Francorchamps,Nico Hülkenberg,German,Haas F1 Team,20,18,0,44,01:49.9,Finished
2023,12,Belgian Grand Prix,30-07-2023,Circuit de Spa-Francorchamps,Carlos Sainz,Spanish,Ferrari,4,19,0,23,01:53.1,Retired
2023,12,Belgian Grand Prix,30-07-2023,Circuit de Spa-Francorchamps,Oscar Piastri,Australian,McLaren,5,20,0,0,N/A,Retired
2023,13,Dutch Grand Prix,27-08-2023,Circuit Park Zandvoort,Max Verstappen,Dutch,Red Bull,1,1,25,72,01:13.9,Finished
2023,13,Dutch Grand Prix,27-08-2023,Circuit Park Zandvoort,Fernando Alonso,Spanish,Aston Martin,5,2,19,72,01:13.8,Finished
2023,13,Dutch Grand Prix,27-08-2023,Circuit Park Zandvoort,Pierre Gasly,French,Alpine F1 Team,12,3,15,72,01:14.4,Finished
2023,13,Dutch Grand Prix,27-08-2023,Circuit Park Zandvoort,Sergio Pérez,Mexican,Red Bull,7,4,12,72,01:14.2,Finished
2023,13,Dutch Grand Prix,27-08-2023,Circuit Park Zandvoort,Carlos Sainz,Spanish,Ferrari,6,5,10,72,01:14.9,Finished
2023,13,Dutch Grand Prix,27-08-2023,Circuit Park Zandvoort,Lewis Hamilton,British,Mercedes,13,6,8,72,01:13.9,Finished
2023,13,Dutch Grand Prix,27-08-2023,Circuit Park Zandvoort,Lando Norris,British,McLaren,2,7,6,72,01:14.4,Finished
2023,13,Dutch Grand Prix,27-08-2023,Circuit Park Zandvoort,Alexander Albon,Thai,Williams,4,8,4,72,01:14.5,Finished
2023,13,Dutch Grand Prix,27-08-2023,Circuit Park Zandvoort,Oscar Piastri,Australian,McLaren,8,9,2,72,01:14.3,Finished
2023,13,Dutch Grand Prix,27-08-2023,Circuit Park Zandvoort,Esteban Ocon,French,Alpine F1 Team,16,10,1,72,01:14.6,Finished
2023,13,Dutch Grand Prix,27-08-2023,Circuit Park Zandvoort,Lance Stroll,Canadian,Aston Martin,11,11,0,72,01:15.2,Finished
2023,13,Dutch Grand Prix,27-08-2023,Circuit Park Zandvoort,Nico Hülkenberg,German,Haas F1 Team,14,12,0,72,01:14.5,Finished
2023,13,Dutch Grand Prix,27-08-2023,Circuit Park Zandvoort,Liam Lawson,New Zealander,AlphaTauri,19,13,0,72,01:14.8,Finished
2023,13,Dutch Grand Prix,27-08-2023,Circuit Park Zandvoort,Valtteri Bottas,Finnish,Alfa Romeo,18,14,0,72,01:14.7,Finished
2023,13,Dutch Grand Prix,27-08-2023,Circuit Park Zandvoort,Yuki Tsunoda,Japanese,AlphaTauri,17,15,0,72,01:16.3,Finished
2023,13,Dutch Grand Prix,27-08-2023,Circuit Park Zandvoort,Kevin Magnussen,Danish,Haas F1 Team,20,16,0,72,01:15.5,Finished
2023,13,Dutch Grand Prix,27-08-2023,Circuit Park Zandvoort,George Russell,British,Mercedes,3,17,0,72,01:15.1,Finished
2023,13,Dutch Grand Prix,27-08-2023,Circuit Park Zandvoort,Guanyu Zhou,Chinese,Alfa Romeo,15,18,0,62,01:15.4,Accident
2023,13,Dutch Grand Prix,27-08-2023,Circuit Park Zandvoort,Charles Leclerc,Monegasque,Ferrari,9,19,0,41,01:17.3,Undertray
2023,13,Dutch Grand Prix,27-08-2023,Circuit Park Zandvoort,Logan Sargeant,American,Williams,10,20,0,14,01:17.4,Accident
2023,14,Italian Grand Prix,03-09-2023,Autodromo Nazionale di Monza,Max Verstappen,Dutch,Red Bull,2,1,25,51,01:25.2,Finished
2023,14,Italian Grand Prix,03-09-2023,Autodromo Nazionale di Monza,Sergio Pérez,Mexican,Red Bull,5,2,18,51,01:25.5,Finished
2023,14,Italian Grand Prix,03-09-2023,Autodromo Nazionale di Monza,Carlos Sainz,Spanish,Ferrari,1,3,15,51,01:25.5,Finished
2023,14,Italian Grand Prix,03-09-2023,Autodromo Nazionale di Monza,Charles Leclerc,Monegasque,Ferrari,3,4,12,51,01:25.6,Finished
2023,14,Italian Grand Prix,03-09-2023,Autodromo Nazionale di Monza,George Russell,British,Mercedes,4,5,10,51,01:25.8,Finished
2023,14,Italian Grand Prix,03-09-2023,Autodromo Nazionale di Monza,Lewis Hamilton,British,Mercedes,8,6,8,51,01:25.6,Finished
2023,14,Italian Grand Prix,03-09-2023,Autodromo Nazionale di Monza,Alexander Albon,Thai,Williams,6,7,6,51,01:26.4,Finished
2023,14,Italian Grand Prix,03-09-2023,Autodromo Nazionale di Monza,Lando Norris,British,McLaren,9,8,4,51,01:26.1,Finished
2023,14,Italian Grand Prix,03-09-2023,Autodromo Nazionale di Monza,Fernando Alonso,Spanish,Aston Martin,10,9,2,51,01:26.1,Finished
2023,14,Italian Grand Prix,03-09-2023,Autodromo Nazionale di Monza,Valtteri Bottas,Finnish,Alfa Romeo,14,10,1,51,01:26.0,Finished
2023,14,Italian Grand Prix,03-09-2023,Autodromo Nazionale di Monza,Liam Lawson,New Zealander,AlphaTauri,12,11,0,51,01:25.8,Finished
2023,14,Italian Grand Prix,03-09-2023,Autodromo Nazionale di Monza,Oscar Piastri,Australian,McLaren,7,12,0,51,01:25.1,Finished
2023,14,Italian Grand Prix,03-09-2023,Autodromo Nazionale di Monza,Logan Sargeant,American,Williams,15,13,0,51,01:26.8,Finished
2023,14,Italian Grand Prix,03-09-2023,Autodromo Nazionale di Monza,Guanyu Zhou,Chinese,Alfa Romeo,16,14,0,51,01:26.0,Finished
2023,14,Italian Grand Prix,03-09-2023,Autodromo Nazionale di Monza,Pierre Gasly,French,Alpine F1 Team,17,15,0,51,01:25.8,Finished
2023,14,Italian Grand Prix,03-09-2023,Autodromo Nazionale di Monza,Lance Stroll,Canadian,Aston Martin,20,16,0,51,01:26.6,Finished
2023,14,Italian Grand Prix,03-09-2023,Autodromo Nazionale di Monza,Nico Hülkenberg,German,Haas F1 Team,13,17,0,50,01:25.9,Lapped
2023,14,Italian Grand Prix,03-09-2023,Autodromo Nazionale di Monza,Kevin Magnussen,Danish,Haas F1 Team,19,18,0,50,01:26.3,Lapped
2023,14,Italian Grand Prix,03-09-2023,Autodromo Nazionale di Monza,Esteban Ocon,French,Alpine F1 Team,18,19,0,39,01:27.0,Retired
2023,14,Italian Grand Prix,03-09-2023,Autodromo Nazionale di Monza,Yuki Tsunoda,Japanese,AlphaTauri,11,20,0,0,N/A,Did not start
2023,15,Singapore Grand Prix,17-09-2023,Marina Bay Street Circuit,Carlos Sainz,Spanish,Ferrari,1,1,25,62,01:37.7,Finished
2023,15,Singapore Grand Prix,17-09-2023,Marina Bay Street Circuit,Lando Norris,British,McLaren,4,2,18,62,01:38.0,Finished
2023,15,Singapore Grand Prix,17-09-2023,Marina Bay Street Circuit,Lewis Hamilton,British,Mercedes,5,3,16,62,01:35.9,Finished
2023,15,Singapore Grand Prix,17-09-2023,Marina Bay Street Circuit,Charles Leclerc,Monegasque,Ferrari,3,4,12,62,01:38.3,Finished
2023,15,Singapore Grand Prix,17-09-2023,Marina Bay Street Circuit,Max Verstappen,Dutch,Red Bull,11,5,10,62,01:36.6,Finished
2023,15,Singapore Grand Prix,17-09-2023,Marina Bay Street Circuit,Pierre Gasly,French,Alpine F1 Team,12,6,8,62,01:38.3,Finished
2023,15,Singapore Grand Prix,17-09-2023,Marina Bay Street Circuit,Oscar Piastri,Australian,McLaren,17,7,6,62,01:38.5,Finished
2023,15,Singapore Grand Prix,17-09-2023,Marina Bay Street Circuit,Sergio Pérez,Mexican,Red Bull,13,8,4,62,01:37.1,Finished
2023,15,Singapore Grand Prix,17-09-2023,Marina Bay Street Circuit,Liam Lawson,New Zealander,AlphaTauri,10,9,2,62,01:39.0,Finished
2023,15,Singapore Grand Prix,17-09-2023,Marina Bay Street Circuit,Kevin Magnussen,Danish,Haas F1 Team,6,10,1,62,01:38.1,Finished
2023,15,Singapore Grand Prix,17-09-2023,Marina Bay Street Circuit,Alexander Albon,Thai,Williams,14,11,0,62,01:37.3,Finished
2023,15,Singapore Grand Prix,17-09-2023,Marina Bay Street Circuit,Guanyu Zhou,Chinese,Alfa Romeo,19,12,0,62,01:39.3,Finished
2023,15,Singapore Grand Prix,17-09-2023,Marina Bay Street Circuit,Nico Hülkenberg,German,Haas F1 Team,9,13,0,62,01:39.9,Finished
2023,15,Singapore Grand Prix,17-09-2023,Marina Bay Street Circuit,Logan Sargeant,American,Williams,18,14,0,62,01:38.5,Finished
2023,15,Singapore Grand Prix,17-09-2023,Marina Bay Street Circuit,Fernando Alonso,Spanish,Aston Martin,7,15,0,62,01:36.5,Finished
2023,15,Singapore Grand Prix,17-09-2023,Marina Bay Street Circuit,George Russell,British,Mercedes,2,16,0,61,01:36.3,Finished
2023,15,Singapore Grand Prix,17-09-2023,Marina Bay Street Circuit,Valtteri Bottas,Finnish,Alfa Romeo,16,17,0,51,01:38.1,Retired
2023,15,Singapore Grand Prix,17-09-2023,Marina Bay Street Circuit,Esteban Ocon,French,Alpine F1 Team,8,18,0,42,01:39.9,Retired
2023,15,Singapore Grand Prix,17-09-2023,Marina Bay Street Circuit,Yuki Tsunoda,Japanese,AlphaTauri,15,19,0,0,N/A,Retired
2023,15,Singapore Grand Prix,17-09-2023,Marina Bay Street Circuit,Lance Stroll,Canadian,Aston Martin,20,20,0,0,N/A,Withdrew
2023,16,Japanese Grand Prix,24-09-2023,Suzuka Circuit,Max Verstappen,Dutch,Red Bull,1,1,26,53,01:34.2,Finished
2023,16,Japanese Grand Prix,24-09-2023,Suzuka Circuit,Lando Norris,British,McLaren,3,2,18,53,01:35.2,Finished
2023,16,Japanese Grand Prix,24-09-2023,Suzuka Circuit,Oscar Piastri,Australian,McLaren,2,3,15,53,01:36.3,Finished
2023,16,Japanese Grand Prix,24-09-2023,Suzuka Circuit,Charles Leclerc,Monegasque,Ferrari,4,4,12,53,01:36.4,Finished
2023,16,Japanese Grand Prix,24-09-2023,Suzuka Circuit,Lewis Hamilton,British,Mercedes,7,5,10,53,01:35.6,Finished
2023,16,Japanese Grand Prix,24-09-2023,Suzuka Circuit,Carlos Sainz,Spanish,Ferrari,6,6,8,53,01:36.2,Finished
2023,16,Japanese Grand Prix,24-09-2023,Suzuka Circuit,George Russell,British,Mercedes,8,7,6,53,01:37.7,Finished
2023,16,Japanese Grand Prix,24-09-2023,Suzuka Circuit,Fernando Alonso,Spanish,Aston Martin,10,8,4,53,01:37.2,Finished
2023,16,Japanese Grand Prix,24-09-2023,Suzuka Circuit,Esteban Ocon,French,Alpine F1 Team,14,9,2,53,01:37.4,Finished
2023,16,Japanese Grand Prix,24-09-2023,Suzuka Circuit,Pierre Gasly,French,Alpine F1 Team,12,10,1,53,01:36.4,Finished
2023,16,Japanese Grand Prix,24-09-2023,Suzuka Circuit,Liam Lawson,New Zealander,AlphaTauri,11,11,0,52,01:38.3,Lapped
2023,16,Japanese Grand Prix,24-09-2023,Suzuka Circuit,Yuki Tsunoda,Japanese,AlphaTauri,9,12,0,52,01:37.8,Lapped
2023,16,Japanese Grand Prix,24-09-2023,Suzuka Circuit,Guanyu Zhou,Chinese,Alfa Romeo,19,13,0,52,01:37.8,Lapped
2023,16,Japanese Grand Prix,24-09-2023,Suzuka Circuit,Nico Hülkenberg,German,Haas F1 Team,18,14,0,52,01:37.3,Lapped
2023,16,Japanese Grand Prix,24-09-2023,Suzuka Circuit,Kevin Magnussen,Danish,Haas F1 Team,15,15,0,52,01:37.8,Lapped
2023,16,Japanese Grand Prix,24-09-2023,Suzuka Circuit,Alexander Albon,Thai,Williams,13,16,0,26,01:39.2,Retired
2023,16,Japanese Grand Prix,24-09-2023,Suzuka Circuit,Logan Sargeant,American,Williams,20,17,0,22,01:38.8,Retired
2023,16,Japanese Grand Prix,24-09-2023,Suzuka Circuit,Lance Stroll,Canadian,Aston Martin,17,18,0,20,01:39.0,Retired
2023,16,Japanese Grand Prix,24-09-2023,Suzuka Circuit,Sergio Pérez,Mexican,Red Bull,5,19,0,15,01:39.7,Retired
2023,16,Japanese Grand Prix,24-09-2023,Suzuka Circuit,Valtteri Bottas,Finnish,Alfa Romeo,16,20,0,7,02:02.8,Retired
2023,17,Qatar Grand Prix,08-10-2023,Losail International Circuit,Max Verstappen,Dutch,Red Bull,1,1,26,57,01:24.3,Finished
2023,17,Qatar Grand Prix,08-10-2023,Losail International Circuit,Oscar Piastri,Australian,McLaren,6,2,18,57,01:24.9,Finished
2023,17,Qatar Grand Prix,08-10-2023,Losail International Circuit,Lando Norris,British,McLaren,10,3,15,57,01:24.8,Finished
2023,17,Qatar Grand Prix,08-10-2023,Losail International Circuit,George Russell,British,Mercedes,2,4,12,57,01:25.8,Finished
2023,17,Qatar Grand Prix,08-10-2023,Losail International Circuit,Charles Leclerc,Monegasque,Ferrari,5,5,10,57,01:25.0,Finished
2023,17,Qatar Grand Prix,08-10-2023,Losail International Circuit,Fernando Alonso,Spanish,Aston Martin,4,6,8,57,01:26.0,Finished
2023,17,Qatar Grand Prix,08-10-2023,Losail International Circuit,Esteban Ocon,French,Alpine F1 Team,8,7,6,57,01:26.5,Finished
2023,17,Qatar Grand Prix,08-10-2023,Losail International Circuit,Valtteri Bottas,Finnish,Alfa Romeo,9,8,4,57,01:26.7,Finished
2023,17,Qatar Grand Prix,08-10-2023,Losail International Circuit,Guanyu Zhou,Chinese,Alfa Romeo,19,9,2,57,01:26.3,Finished
2023,17,Qatar Grand Prix,08-10-2023,Losail International Circuit,Sergio Pérez,Mexican,Red Bull,20,10,1,57,01:26.2,Finished
2023,17,Qatar Grand Prix,08-10-2023,Losail International Circuit,Lance Stroll,Canadian,Aston Martin,16,11,0,57,01:26.4,Finished
2023,17,Qatar Grand Prix,08-10-2023,Losail International Circuit,Pierre Gasly,French,Alpine F1 Team,7,12,0,57,01:26.3,Finished
2023,17,Qatar Grand Prix,08-10-2023,Losail International Circuit,Alexander Albon,Thai,Williams,13,13,0,57,01:26.7,Finished
2023,17,Qatar Grand Prix,08-10-2023,Losail International Circuit,Kevin Magnussen,Danish,Haas F1 Team,18,14,0,56,01:27.1,Lapped
2023,17,Qatar Grand Prix,08-10-2023,Losail International Circuit,Yuki Tsunoda,Japanese,AlphaTauri,11,15,0,56,01:27.2,Lapped
2023,17,Qatar Grand Prix,08-10-2023,Losail International Circuit,Nico Hülkenberg,German,Haas F1 Team,14,16,0,56,01:26.5,Lapped
2023,17,Qatar Grand Prix,08-10-2023,Losail International Circuit,Liam Lawson,New Zealander,AlphaTauri,17,17,0,56,01:27.1,Lapped
2023,17,Qatar Grand Prix,08-10-2023,Losail International Circuit,Logan Sargeant,American,Williams,15,18,0,40,01:28.0,Retired
2023,17,Qatar Grand Prix,08-10-2023,Losail International Circuit,Lewis Hamilton,British,Mercedes,3,19,0,0,N/A,Retired
2023,17,Qatar Grand Prix,08-10-2023,Losail International Circuit,Carlos Sainz,Spanish,Ferrari,12,20,0,0,N/A,Did not start
2023,18,United States Grand Prix,22-10-2023,Circuit of the Americas,Max Verstappen,Dutch,Red Bull,6,1,25,56,01:40.0,Finished
2023,18,United States Grand Prix,22-10-2023,Circuit of the Americas,Lando Norris,British,McLaren,2,2,18,56,01:40.0,Finished
2023,18,United States Grand Prix,22-10-2023,Circuit of the Americas,Carlos Sainz,Spanish,Ferrari,4,3,15,56,01:40.0,Finished
2023,18,United States Grand Prix,22-10-2023,Circuit of the Americas,Sergio Pérez,Mexican,Red Bull,9,4,12,56,01:39.7,Finished
2023,18,United States Grand Prix,22-10-2023,Circuit of the Americas,George Russell,British,Mercedes,5,5,10,56,01:39.4,Finished
2023,18,United States Grand Prix,22-10-2023,Circuit of the Americas,Pierre Gasly,French,Alpine F1 Team,7,6,8,56,01:40.4,Finished
2023,18,United States Grand Prix,22-10-2023,Circuit of the Americas,Lance Stroll,Canadian,Aston Martin,20,7,6,56,01:39.9,Finished
2023,18,United States Grand Prix,22-10-2023,Circuit of the Americas,Yuki Tsunoda,Japanese,AlphaTauri,11,8,5,56,01:38.1,Finished
2023,18,United States Grand Prix,22-10-2023,Circuit of the Americas,Alexander Albon,Thai,Williams,15,9,2,56,01:41.3,Finished
2023,18,United States Grand Prix,22-10-2023,Circuit of the Americas,Logan Sargeant,American,Williams,16,10,1,56,01:41.2,Finished
2023,18,United States Grand Prix,22-10-2023,Circuit of the Americas,Nico Hülkenberg,German,Haas F1 Team,18,11,0,56,01:40.9,Finished
2023,18,United States Grand Prix,22-10-2023,Circuit of the Americas,Valtteri Bottas,Finnish,Alfa Romeo,13,12,0,56,01:42.0,Finished
2023,18,United States Grand Prix,22-10-2023,Circuit of the Americas,Guanyu Zhou,Chinese,Alfa Romeo,12,13,0,55,01:41.9,Lapped
2023,18,United States Grand Prix,22-10-2023,Circuit of the Americas,Kevin Magnussen,Danish,Haas F1 Team,17,14,0,55,01:41.5,Lapped
2023,18,United States Grand Prix,22-10-2023,Circuit of the Americas,Daniel Ricciardo,Australian,AlphaTauri,14,15,0,55,01:39.4,Lapped
2023,18,United States Grand Prix,22-10-2023,Circuit of the Americas,Fernando Alonso,Spanish,Aston Martin,19,16,0,49,01:40.0,Retired
2023,18,United States Grand Prix,22-10-2023,Circuit of the Americas,Oscar Piastri,Australian,McLaren,10,17,0,10,01:42.7,Retired
2023,18,United States Grand Prix,22-10-2023,Circuit of the Americas,Esteban Ocon,French,Alpine F1 Team,8,18,0,6,01:44.8,Retired
2023,18,United States Grand Prix,22-10-2023,Circuit of the Americas,Lewis Hamilton,British,Mercedes,3,19,0,56,01:39.6,Disqualified
2023,18,United States Grand Prix,22-10-2023,Circuit of the Americas,Charles Leclerc,Monegasque,Ferrari,1,20,0,56,01:41.0,Disqualified
2023,19,Mexico City Grand Prix,29-10-2023,Autódromo Hermanos Rodríguez,Max Verstappen,Dutch,Red Bull,3,1,25,71,01:21.6,Finished
2023,19,Mexico City Grand Prix,29-10-2023,Autódromo Hermanos Rodríguez,Lewis Hamilton,British,Mercedes,6,2,19,71,01:21.3,Finished
2023,19,Mexico City Grand Prix,29-10-2023,Autódromo Hermanos Rodríguez,Charles Leclerc,Monegasque,Ferrari,1,3,15,71,01:22.3,Finished
2023,19,Mexico City Grand Prix,29-10-2023,Autódromo Hermanos Rodríguez,Carlos Sainz,Spanish,Ferrari,2,4,12,71,01:22.5,Finished
2023,19,Mexico City Grand Prix,29-10-2023,Autódromo Hermanos Rodríguez,Lando Norris,British,McLaren,17,5,10,71,01:21.9,Finished
2023,19,Mexico City Grand Prix,29-10-2023,Autódromo Hermanos Rodríguez,George Russell,British,Mercedes,8,6,8,71,01:22.8,Finished
2023,19,Mexico City Grand Prix,29-10-2023,Autódromo Hermanos Rodríguez,Daniel Ricciardo,Australian,AlphaTauri,4,7,6,71,01:22.7,Finished
2023,19,Mexico City Grand Prix,29-10-2023,Autódromo Hermanos Rodríguez,Oscar Piastri,Australian,McLaren,7,8,4,71,01:22.8,Finished
2023,19,Mexico City Grand Prix,29-10-2023,Autódromo Hermanos Rodríguez,Alexander Albon,Thai,Williams,14,9,2,71,01:22.8,Finished
2023,19,Mexico City Grand Prix,29-10-2023,Autódromo Hermanos Rodríguez,Esteban Ocon,French,Alpine F1 Team,15,10,1,71,01:23.0,Finished
2023,19,Mexico City Grand Prix,29-10-2023,Autódromo Hermanos Rodríguez,Pierre Gasly,French,Alpine F1 Team,11,11,0,71,01:23.2,Finished
2023,19,Mexico City Grand Prix,29-10-2023,Autódromo Hermanos Rodríguez,Yuki Tsunoda,Japanese,AlphaTauri,18,12,0,71,01:22.5,Finished
2023,19,Mexico City Grand Prix,29-10-2023,Autódromo Hermanos Rodríguez,Nico Hülkenberg,German,Haas F1 Team,12,13,0,71,01:23.2,Finished
2023,19,Mexico City Grand Prix,29-10-2023,Autódromo Hermanos Rodríguez,Guanyu Zhou,Chinese,Alfa Romeo,10,14,0,71,01:23.6,Finished
2023,19,Mexico City Grand Prix,29-10-2023,Autódromo Hermanos Rodríguez,Valtteri Bottas,Finnish,Alfa Romeo,9,15,0,71,01:23.2,Finished
2023,19,Mexico City Grand Prix,29-10-2023,Autódromo Hermanos Rodríguez,Logan Sargeant,American,Williams,19,16,0,70,01:23.0,Retired
2023,19,Mexico City Grand Prix,29-10-2023,Autódromo Hermanos Rodríguez,Lance Stroll,Canadian,Aston Martin,20,17,0,66,01:23.3,Collision damage
2023,19,Mexico City Grand Prix,29-10-2023,Autódromo Hermanos Rodríguez,Fernando Alonso,Spanish,Aston Martin,13,18,0,47,01:23.5,Withdrew
2023,19,Mexico City Grand Prix,29-10-2023,Autódromo Hermanos Rodríguez,Kevin Magnussen,Danish,Haas F1 Team,16,19,0,31,01:23.1,Accident
2023,19,Mexico City Grand Prix,29-10-2023,Autódromo Hermanos Rodríguez,Sergio Pérez,Mexican,Red Bull,5,20,0,1,N/A,Collision damage
2023,20,São Paulo Grand Prix,05-11-2023,Autódromo José Carlos Pace,Max Verstappen,Dutch,Red Bull,1,1,25,71,01:13.4,Finished
2023,20,São Paulo Grand Prix,05-11-2023,Autódromo José Carlos Pace,Lando Norris,British,McLaren,6,2,19,71,01:12.5,Finished
2023,20,São Paulo Grand Prix,05-11-2023,Autódromo José Carlos Pace,Fernando Alonso,Spanish,Aston Martin,4,3,15,71,01:14.4,Finished
2023,20,São Paulo Grand Prix,05-11-2023,Autódromo José Carlos Pace,Sergio Pérez,Mexican,Red Bull,9,4,12,71,01:14.1,Finished
2023,20,São Paulo Grand Prix,05-11-2023,Autódromo José Carlos Pace,Lance Stroll,Canadian,Aston Martin,3,5,10,71,01:14.0,Finished
2023,20,São Paulo Grand Prix,05-11-2023,Autódromo José Carlos Pace,Carlos Sainz,Spanish,Ferrari,7,6,8,71,01:14.4,Finished
2023,20,São Paulo Grand Prix,05-11-2023,Autódromo José Carlos Pace,Pierre Gasly,French,Alpine F1 Team,15,7,6,71,01:14.5,Finished
2023,20,São Paulo Grand Prix,05-11-2023,Autódromo José Carlos Pace,Lewis Hamilton,British,Mercedes,5,8,4,71,01:14.7,Finished
2023,20,São Paulo Grand Prix,05-11-2023,Autódromo José Carlos Pace,Yuki Tsunoda,Japanese,AlphaTauri,16,9,2,71,01:14.2,Finished
2023,20,São Paulo Grand Prix,05-11-2023,Autódromo José Carlos Pace,Esteban Ocon,French,Alpine F1 Team,14,10,1,70,01:14.2,Lapped
2023,20,São Paulo Grand Prix,05-11-2023,Autódromo José Carlos Pace,Logan Sargeant,American,Williams,19,11,0,70,01:15.7,Lapped
2023,20,São Paulo Grand Prix,05-11-2023,Autódromo José Carlos Pace,Nico Hülkenberg,German,Haas F1 Team,11,12,0,70,01:15.0,Lapped
2023,20,São Paulo Grand Prix,05-11-2023,Autódromo José Carlos Pace,Daniel Ricciardo,Australian,AlphaTauri,17,13,0,70,01:13.9,Lapped
2023,20,São Paulo Grand Prix,05-11-2023,Autódromo José Carlos Pace,Oscar Piastri,Australian,McLaren,10,14,0,69,01:14.3,Lapped
2023,20,São Paulo Grand Prix,05-11-2023,Autódromo José Carlos Pace,George Russell,British,Mercedes,8,15,0,57,01:14.9,Retired
2023,20,São Paulo Grand Prix,05-11-2023,Autódromo José Carlos Pace,Valtteri Bottas,Finnish,Alfa Romeo,18,16,0,39,01:15.7,Retired
2023,20,São Paulo Grand Prix,05-11-2023,Autódromo José Carlos Pace,Guanyu Zhou,Chinese,Alfa Romeo,20,17,0,22,01:16.2,Retired
2023,20,São Paulo Grand Prix,05-11-2023,Autódromo José Carlos Pace,Kevin Magnussen,Danish,Haas F1 Team,12,18,0,0,N/A,Retired
2023,20,São Paulo Grand Prix,05-11-2023,Autódromo José Carlos Pace,Alexander Albon,Thai,Williams,13,19,0,0,N/A,Retired
2023,20,São Paulo Grand Prix,05-11-2023,Autódromo José Carlos Pace,Charles Leclerc,Monegasque,Ferrari,2,20,0,0,N/A,Did not start
2023,21,Las Vegas Grand Prix,19-11-2023,Las Vegas Strip Street Circuit,Max Verstappen,Dutch,Red Bull,2,1,25,50,01:35.6,Finished
2023,21,Las Vegas Grand Prix,19-11-2023,Las Vegas Strip Street Circuit,Charles Leclerc,Monegasque,Ferrari,1,2,18,50,01:35.7,Finished
2023,21,Las Vegas Grand Prix,19-11-2023,Las Vegas Strip Street Circuit,Sergio Pérez,Mexican,Red Bull,11,3,15,50,01:35.9,Finished
2023,21,Las Vegas Grand Prix,19-11-2023,Las Vegas Strip Street Circuit,Esteban Ocon,French,Alpine F1 Team,16,4,12,50,01:36.6,Finished
2023,21,Las Vegas Grand Prix,19-11-2023,Las Vegas Strip Street Circuit,Lance Stroll,Canadian,Aston Martin,19,5,10,50,01:36.6,Finished
2023,21,Las Vegas Grand Prix,19-11-2023,Las Vegas Strip Street Circuit,Carlos Sainz,Spanish,Ferrari,12,6,8,50,01:36.0,Finished
2023,21,Las Vegas Grand Prix,19-11-2023,Las Vegas Strip Street Circuit,Lewis Hamilton,British,Mercedes,10,7,6,50,01:35.7,Finished
2023,21,Las Vegas Grand Prix,19-11-2023,Las Vegas Strip Street Circuit,George Russell,British,Mercedes,3,8,4,50,01:36.1,Finished
2023,21,Las Vegas Grand Prix,19-11-2023,Las Vegas Strip Street Circuit,Fernando Alonso,Spanish,Aston Martin,9,9,2,50,01:36.6,Finished
2023,21,Las Vegas Grand Prix,19-11-2023,Las Vegas Strip Street Circuit,Oscar Piastri,Australian,McLaren,18,10,2,50,01:35.5,Finished
2023,21,Las Vegas Grand Prix,19-11-2023,Las Vegas Strip Street Circuit,Pierre Gasly,French,Alpine F1 Team,4,11,0,50,01:36.9,Finished
2023,21,Las Vegas Grand Prix,19-11-2023,Las Vegas Strip Street Circuit,Alexander Albon,Thai,Williams,5,12,0,50,01:37.4,Finished
2023,21,Las Vegas Grand Prix,19-11-2023,Las Vegas Strip Street Circuit,Kevin Magnussen,Danish,Haas F1 Team,8,13,0,50,01:37.5,Finished
2023,21,Las Vegas Grand Prix,19-11-2023,Las Vegas Strip Street Circuit,Daniel Ricciardo,Australian,AlphaTauri,14,14,0,50,01:37.1,Finished
2023,21,Las Vegas Grand Prix,19-11-2023,Las Vegas Strip Street Circuit,Guanyu Zhou,Chinese,Alfa Romeo,17,15,0,50,01:37.4,Finished
2023,21,Las Vegas Grand Prix,19-11-2023,Las Vegas Strip Street Circuit,Logan Sargeant,American,Williams,6,16,0,50,01:37.7,Finished
2023,21,Las Vegas Grand Prix,19-11-2023,Las Vegas Strip Street Circuit,Valtteri Bottas,Finnish,Alfa Romeo,7,17,0,50,01:37.6,Finished
2023,21,Las Vegas Grand Prix,19-11-2023,Las Vegas Strip Street Circuit,Yuki Tsunoda,Japanese,AlphaTauri,20,18,0,46,01:37.6,Finished
2023,21,Las Vegas Grand Prix,19-11-2023,Las Vegas Strip Street Circuit,Nico Hülkenberg,German,Haas F1 Team,13,19,0,45,01:37.6,Finished
2023,21,Las Vegas Grand Prix,19-11-2023,Las Vegas Strip Street Circuit,Lando Norris,British,McLaren,15,20,0,2,01:59.3,Retired
2023,22,Abu Dhabi Grand Prix,26-11-2023,Yas Marina Circuit,Max Verstappen,Dutch,Red Bull,1,1,26,58,01:27.0,Finished
2023,22,Abu Dhabi Grand Prix,26-11-2023,Yas Marina Circuit,Charles Leclerc,Monegasque,Ferrari,2,2,18,58,01:28.2,Finished
2023,22,Abu Dhabi Grand Prix,26-11-2023,Yas Marina Circuit,George Russell,British,Mercedes,4,3,15,58,01:28.2,Finished
2023,22,Abu Dhabi Grand Prix,26-11-2023,Yas Marina Circuit,Sergio Pérez,Mexican,Red Bull,9,4,12,58,01:27.5,Finished
2023,22,Abu Dhabi Grand Prix,26-11-2023,Yas Marina Circuit,Lando Norris,British,McLaren,5,5,10,58,01:28.2,Finished
2023,22,Abu Dhabi Grand Prix,26-11-2023,Yas Marina Circuit,Oscar Piastri,Australian,McLaren,3,6,8,58,01:28.1,Finished
2023,22,Abu Dhabi Grand Prix,26-11-2023,Yas Marina Circuit,Fernando Alonso,Spanish,Aston Martin,7,7,6,58,01:28.3,Finished
2023,22,Abu Dhabi Grand Prix,26-11-2023,Yas Marina Circuit,Yuki Tsunoda,Japanese,AlphaTauri,6,8,4,58,01:29.3,Finished
2023,22,Abu Dhabi Grand Prix,26-11-2023,Yas Marina Circuit,Lewis Hamilton,British,Mercedes,11,9,2,58,01:28.4,Finished
2023,22,Abu Dhabi Grand Prix,26-11-2023,Yas Marina Circuit,Lance Stroll,Canadian,Aston Martin,13,10,1,58,01:28.1,Finished
2023,22,Abu Dhabi Grand Prix,26-11-2023,Yas Marina Circuit,Daniel Ricciardo,Australian,AlphaTauri,15,11,0,58,01:28.6,Finished
2023,22,Abu Dhabi Grand Prix,26-11-2023,Yas Marina Circuit,Esteban Ocon,French,Alpine F1 Team,12,12,0,58,01:30.0,Finished
2023,22,Abu Dhabi Grand Prix,26-11-2023,Yas Marina Circuit,Pierre Gasly,French,Alpine F1 Team,10,13,0,58,01:29.0,Finished
2023,22,Abu Dhabi Grand Prix,26-11-2023,Yas Marina Circuit,Alexander Albon,Thai,Williams,14,14,0,58,01:27.8,Finished
2023,22,Abu Dhabi Grand Prix,26-11-2023,Yas Marina Circuit,Nico Hülkenberg,German,Haas F1 Team,8,15,0,58,01:29.2,Finished
2023,22,Abu Dhabi Grand Prix,26-11-2023,Yas Marina Circuit,Logan Sargeant,American,Williams,20,16,0,58,01:28.6,Finished
2023,22,Abu Dhabi Grand Prix,26-11-2023,Yas Marina Circuit,Guanyu Zhou,Chinese,Alfa Romeo,19,17,0,58,01:28.7,Finished
2023,22,Abu Dhabi Grand Prix,26-11-2023,Yas Marina Circuit,Carlos Sainz,Spanish,Ferrari,16,18,0,57,01:29.5,Finished
2023,22,Abu Dhabi Grand Prix,26-11-2023,Yas Marina Circuit,Valtteri Bottas,Finnish,Alfa Romeo,18,19,0,57,01:29.9,Lapped
2023,22,Abu Dhabi Grand Prix,26-11-2023,Yas Marina Circuit,Kevin Magnussen,Danish,Haas F1 Team,17,20,0,57,01:29.9,Lapped
2024,1,Bahrain Grand Prix,02-03-2024,Bahrain International Circuit,Max Verstappen,Dutch,Red Bull,1,1,26,57,01:32.6,Finished
2024,1,Bahrain Grand Prix,02-03-2024,Bahrain International Circuit,Sergio Pérez,Mexican,Red Bull,5,2,18,57,01:34.4,Finished
2024,1,Bahrain Grand Prix,02-03-2024,Bahrain International Circuit,Carlos Sainz,Spanish,Ferrari,4,3,15,57,01:34.5,Finished
2024,1,Bahrain Grand Prix,02-03-2024,Bahrain International Circuit,Charles Leclerc,Monegasque,Ferrari,2,4,12,57,01:34.1,Finished
2024,1,Bahrain Grand Prix,02-03-2024,Bahrain International Circuit,George Russell,British,Mercedes,3,5,10,57,01:35.1,Finished
2024,1,Bahrain Grand Prix,02-03-2024,Bahrain International Circuit,Lando Norris,British,McLaren,7,6,8,57,01:34.5,Finished
2024,1,Bahrain Grand Prix,02-03-2024,Bahrain International Circuit,Lewis Hamilton,British,Mercedes,9,7,6,57,01:34.7,Finished
2024,1,Bahrain Grand Prix,02-03-2024,Bahrain International Circuit,Oscar Piastri,Australian,McLaren,8,8,4,57,01:35.0,Finished
2024,1,Bahrain Grand Prix,02-03-2024,Bahrain International Circuit,Fernando Alonso,Spanish,Aston Martin,6,9,2,57,01:34.2,Finished
2024,1,Bahrain Grand Prix,02-03-2024,Bahrain International Circuit,Lance Stroll,Canadian,Aston Martin,12,10,1,57,01:35.6,Finished
2024,1,Bahrain Grand Prix,02-03-2024,Bahrain International Circuit,Guanyu Zhou,Chinese,Sauber,17,11,0,56,01:35.5,Lapped
2024,1,Bahrain Grand Prix,02-03-2024,Bahrain International Circuit,Kevin Magnussen,Danish,Haas F1 Team,15,12,0,56,01:35.6,Lapped
2024,1,Bahrain Grand Prix,02-03-2024,Bahrain International Circuit,Daniel Ricciardo,Australian,RB F1 Team,14,13,0,56,01:35.2,Lapped
2024,1,Bahrain Grand Prix,02-03-2024,Bahrain International Circuit,Yuki Tsunoda,Japanese,RB F1 Team,11,14,0,56,01:35.8,Lapped
2024,1,Bahrain Grand Prix,02-03-2024,Bahrain International Circuit,Alexander Albon,Thai,Williams,13,15,0,56,01:35.7,Lapped
2024,1,Bahrain Grand Prix,02-03-2024,Bahrain International Circuit,Nico Hülkenberg,German,Haas F1 Team,10,16,0,56,01:34.8,Lapped
2024,1,Bahrain Grand Prix,02-03-2024,Bahrain International Circuit,Esteban Ocon,French,Alpine F1 Team,19,17,0,56,01:36.2,Lapped
2024,1,Bahrain Grand Prix,02-03-2024,Bahrain International Circuit,Pierre Gasly,French,Alpine F1 Team,20,18,0,56,01:34.8,Lapped
2024,1,Bahrain Grand Prix,02-03-2024,Bahrain International Circuit,Valtteri Bottas,Finnish,Sauber,16,19,0,56,01:36.2,Lapped
2024,1,Bahrain Grand Prix,02-03-2024,Bahrain International Circuit,Logan Sargeant,American,Williams,18,20,0,55,01:34.7,Lapped
2024,2,Saudi Arabian Grand Prix,09-03-2024,Jeddah Corniche Circuit,Max Verstappen,Dutch,Red Bull,1,1,25,50,01:31.8,Finished
2024,2,Saudi Arabian Grand Prix,09-03-2024,Jeddah Corniche Circuit,Sergio Pérez,Mexican,Red Bull,3,2,18,50,01:32.3,Finished
2024,2,Saudi Arabian Grand Prix,09-03-2024,Jeddah Corniche Circuit,Charles Leclerc,Monegasque,Ferrari,2,3,16,50,01:31.6,Finished
2024,2,Saudi Arabian Grand Prix,09-03-2024,Jeddah Corniche Circuit,Oscar Piastri,Australian,McLaren,5,4,12,50,01:32.3,Finished
2024,2,Saudi Arabian Grand Prix,09-03-2024,Jeddah Corniche Circuit,Fernando Alonso,Spanish,Aston Martin,4,5,10,50,01:32.4,Finished
2024,2,Saudi Arabian Grand Prix,09-03-2024,Jeddah Corniche Circuit,George Russell,British,Mercedes,7,6,8,50,01:32.3,Finished
2024,2,Saudi Arabian Grand Prix,09-03-2024,Jeddah Corniche Circuit,Oliver Bearman,British,Ferrari,11,7,6,50,01:32.2,Finished
2024,2,Saudi Arabian Grand Prix,09-03-2024,Jeddah Corniche Circuit,Lando Norris,British,McLaren,6,8,4,50,01:31.9,Finished
2024,2,Saudi Arabian Grand Prix,09-03-2024,Jeddah Corniche Circuit,Lewis Hamilton,British,Mercedes,8,9,2,50,01:31.7,Finished
2024,2,Saudi Arabian Grand Prix,09-03-2024,Jeddah Corniche Circuit,Nico Hülkenberg,German,Haas F1 Team,15,10,1,50,01:32.4,Finished
2024,2,Saudi Arabian Grand Prix,09-03-2024,Jeddah Corniche Circuit,Alexander Albon,Thai,Williams,12,11,0,50,01:32.3,Finished
2024,2,Saudi Arabian Grand Prix,09-03-2024,Jeddah Corniche Circuit,Kevin Magnussen,Danish,Haas F1 Team,13,12,0,50,01:32.3,Finished
2024,2,Saudi Arabian Grand Prix,09-03-2024,Jeddah Corniche Circuit,Esteban Ocon,French,Alpine F1 Team,17,13,0,49,01:33.5,Lapped
2024,2,Saudi Arabian Grand Prix,09-03-2024,Jeddah Corniche Circuit,Logan Sargeant,American,Williams,19,14,0,49,01:33.0,Lapped
2024,2,Saudi Arabian Grand Prix,09-03-2024,Jeddah Corniche Circuit,Yuki Tsunoda,Japanese,RB F1 Team,9,15,0,49,01:33.5,Lapped
2024,2,Saudi Arabian Grand Prix,09-03-2024,Jeddah Corniche Circuit,Daniel Ricciardo,Australian,RB F1 Team,14,16,0,49,01:33.3,Lapped
2024,2,Saudi Arabian Grand Prix,09-03-2024,Jeddah Corniche Circuit,Valtteri Bottas,Finnish,Sauber,16,17,0,49,01:32.7,Lapped
2024,2,Saudi Arabian Grand Prix,09-03-2024,Jeddah Corniche Circuit,Guanyu Zhou,Chinese,Sauber,20,18,0,49,01:32.2,Lapped
2024,2,Saudi Arabian Grand Prix,09-03-2024,Jeddah Corniche Circuit,Lance Stroll,Canadian,Aston Martin,10,19,0,5,01:35.6,Retired
2024,2,Saudi Arabian Grand Prix,09-03-2024,Jeddah Corniche Circuit,Pierre Gasly,French,Alpine F1 Team,18,20,0,1,N/A,Retired
2024,3,Australian Grand Prix,24-03-2024,Albert Park Grand Prix Circuit,Carlos Sainz,Spanish,Ferrari,2,1,25,58,01:20.0,Finished
2024,3,Australian Grand Prix,24-03-2024,Albert Park Grand Prix Circuit,Charles Leclerc,Monegasque,Ferrari,4,2,19,58,01:19.8,Finished
2024,3,Australian Grand Prix,24-03-2024,Albert Park Grand Prix Circuit,Lando Norris,British,McLaren,3,3,15,58,01:19.9,Finished
2024,3,Australian Grand Prix,24-03-2024,Albert Park Grand Prix Circuit,Oscar Piastri,Australian,McLaren,5,4,12,58,01:20.2,Finished
2024,3,Australian Grand Prix,24-03-2024,Albert Park Grand Prix Circuit,Sergio Pérez,Mexican,Red Bull,6,5,10,58,01:20.4,Finished
2024,3,Australian Grand Prix,24-03-2024,Albert Park Grand Prix Circuit,Lance Stroll,Canadian,Aston Martin,9,6,8,58,01:20.9,Finished
2024,3,Australian Grand Prix,24-03-2024,Albert Park Grand Prix Circuit,Yuki Tsunoda,Japanese,RB F1 Team,8,7,6,58,01:21.1,Finished
2024,3,Australian Grand Prix,24-03-2024,Albert Park Grand Prix Circuit,Fernando Alonso,Spanish,Aston Martin,10,8,4,58,01:20.5,Finished
2024,3,Australian Grand Prix,24-03-2024,Albert Park Grand Prix Circuit,Nico Hülkenberg,German,Haas F1 Team,16,9,2,58,01:21.1,Finished
2024,3,Australian Grand Prix,24-03-2024,Albert Park Grand Prix Circuit,Kevin Magnussen,Danish,Haas F1 Team,14,10,1,57,01:21.1,Lapped
2024,3,Australian Grand Prix,24-03-2024,Albert Park Grand Prix Circuit,Alexander Albon,Thai,Williams,12,11,0,57,01:21.6,Lapped
2024,3,Australian Grand Prix,24-03-2024,Albert Park Grand Prix Circuit,Daniel Ricciardo,Australian,RB F1 Team,18,12,0,57,01:21.2,Lapped
2024,3,Australian Grand Prix,24-03-2024,Albert Park Grand Prix Circuit,Pierre Gasly,French,Alpine F1 Team,17,13,0,57,01:21.1,Lapped
2024,3,Australian Grand Prix,24-03-2024,Albert Park Grand Prix Circuit,Valtteri Bottas,Finnish,Sauber,13,14,0,57,01:21.4,Lapped
2024,3,Australian Grand Prix,24-03-2024,Albert Park Grand Prix Circuit,Guanyu Zhou,Chinese,Sauber,19,15,0,57,01:21.3,Lapped
2024,3,Australian Grand Prix,24-03-2024,Albert Park Grand Prix Circuit,Esteban Ocon,French,Alpine F1 Team,15,16,0,57,01:21.4,Lapped
2024,3,Australian Grand Prix,24-03-2024,Albert Park Grand Prix Circuit,George Russell,British,Mercedes,7,17,0,56,01:20.3,Retired
2024,3,Australian Grand Prix,24-03-2024,Albert Park Grand Prix Circuit,Lewis Hamilton,British,Mercedes,11,18,0,15,01:22.4,Retired
2024,3,Australian Grand Prix,24-03-2024,Albert Park Grand Prix Circuit,Max Verstappen,Dutch,Red Bull,1,19,0,3,01:23.1,Retired
2024,4,Japanese Grand Prix,07-04-2024,Suzuka Circuit,Max Verstappen,Dutch,Red Bull,1,1,26,53,01:33.7,Finished
2024,4,Japanese Grand Prix,07-04-2024,Suzuka Circuit,Sergio Pérez,Mexican,Red Bull,2,2,18,53,01:33.9,Finished
2024,4,Japanese Grand Prix,07-04-2024,Suzuka Circuit,Carlos Sainz,Spanish,Ferrari,4,3,15,53,01:33.8,Finished
2024,4,Japanese Grand Prix,07-04-2024,Suzuka Circuit,Charles Leclerc,Monegasque,Ferrari,8,4,12,53,01:35.0,Finished
2024,4,Japanese Grand Prix,07-04-2024,Suzuka Circuit,Lando Norris,British,McLaren,3,5,10,53,01:35.2,Finished
2024,4,Japanese Grand Prix,07-04-2024,Suzuka Circuit,Fernando Alonso,Spanish,Aston Martin,5,6,8,53,01:34.7,Finished
2024,4,Japanese Grand Prix,07-04-2024,Suzuka Circuit,George Russell,British,Mercedes,9,7,6,53,01:34.4,Finished
2024,4,Japanese Grand Prix,07-04-2024,Suzuka Circuit,Oscar Piastri,Australian,McLaren,6,8,4,53,01:34.8,Finished
2024,4,Japanese Grand Prix,07-04-2024,Suzuka Circuit,Lewis Hamilton,British,Mercedes,7,9,2,53,01:34.0,Finished
2024,4,Japanese Grand Prix,07-04-2024,Suzuka Circuit,Yuki Tsunoda,Japanese,RB F1 Team,10,10,1,52,01:36.3,Lapped
2024,4,Japanese Grand Prix,07-04-2024,Suzuka Circuit,Nico Hülkenberg,German,Haas F1 Team,12,11,0,52,01:35.3,Lapped
2024,4,Japanese Grand Prix,07-04-2024,Suzuka Circuit,Lance Stroll,Canadian,Aston Martin,16,12,0,52,01:35.8,Lapped
2024,4,Japanese Grand Prix,07-04-2024,Suzuka Circuit,Kevin Magnussen,Danish,Haas F1 Team,18,13,0,52,01:36.7,Lapped
2024,4,Japanese Grand Prix,07-04-2024,Suzuka Circuit,Valtteri Bottas,Finnish,Sauber,13,14,0,52,01:36.6,Lapped
2024,4,Japanese Grand Prix,07-04-2024,Suzuka Circuit,Esteban Ocon,French,Alpine F1 Team,15,15,0,52,01:36.2,Lapped
2024,4,Japanese Grand Prix,07-04-2024,Suzuka Circuit,Pierre Gasly,French,Alpine F1 Team,17,16,0,52,01:36.6,Lapped
2024,4,Japanese Grand Prix,07-04-2024,Suzuka Circuit,Logan Sargeant,American,Williams,19,17,0,52,01:34.9,Lapped
2024,4,Japanese Grand Prix,07-04-2024,Suzuka Circuit,Guanyu Zhou,Chinese,Sauber,20,18,0,12,01:37.2,Retired
2024,4,Japanese Grand Prix,07-04-2024,Suzuka Circuit,Daniel Ricciardo,Australian,RB F1 Team,11,19,0,0,N/A,Retired
2024,4,Japanese Grand Prix,07-04-2024,Suzuka Circuit,Alexander Albon,Thai,Williams,14,20,0,0,N/A,Retired
2024,5,Chinese Grand Prix,21-04-2024,Shanghai International Circuit,Max Verstappen,Dutch,Red Bull,1,1,25,56,01:38.4,Finished
2024,5,Chinese Grand Prix,21-04-2024,Shanghai International Circuit,Lando Norris,British,McLaren,4,2,18,56,01:38.8,Finished
2024,5,Chinese Grand Prix,21-04-2024,Shanghai International Circuit,Sergio Pérez,Mexican,Red Bull,2,3,15,56,01:39.4,Finished
2024,5,Chinese Grand Prix,21-04-2024,Shanghai International Circuit,Charles Leclerc,Monegasque,Ferrari,6,4,12,56,01:39.4,Finished
2024,5,Chinese Grand Prix,21-04-2024,Shanghai International Circuit,Carlos Sainz,Spanish,Ferrari,7,5,10,56,01:39.8,Finished
2024,5,Chinese Grand Prix,21-04-2024,Shanghai International Circuit,George Russell,British,Mercedes,8,6,8,56,01:40.1,Finished
2024,5,Chinese Grand Prix,21-04-2024,Shanghai International Circuit,Fernando Alonso,Spanish,Aston Martin,3,7,7,56,01:37.8,Finished
2024,5,Chinese Grand Prix,21-04-2024,Shanghai International Circuit,Oscar Piastri,Australian,McLaren,5,8,4,56,01:39.7,Finished
2024,5,Chinese Grand Prix,21-04-2024,Shanghai International Circuit,Lewis Hamilton,British,Mercedes,18,9,2,56,01:40.8,Finished
2024,5,Chinese Grand Prix,21-04-2024,Shanghai International Circuit,Nico Hülkenberg,German,Haas F1 Team,9,10,1,56,01:40.8,Finished
2024,5,Chinese Grand Prix,21-04-2024,Shanghai International Circuit,Esteban Ocon,French,Alpine F1 Team,13,11,0,56,01:40.9,Finished
2024,5,Chinese Grand Prix,21-04-2024,Shanghai International Circuit,Alexander Albon,Thai,Williams,14,12,0,56,01:40.8,Finished
2024,5,Chinese Grand Prix,21-04-2024,Shanghai International Circuit,Pierre Gasly,French,Alpine F1 Team,15,13,0,56,01:39.2,Finished
2024,5,Chinese Grand Prix,21-04-2024,Shanghai International Circuit,Guanyu Zhou,Chinese,Sauber,16,14,0,56,01:38.6,Finished
2024,5,Chinese Grand Prix,21-04-2024,Shanghai International Circuit,Lance Stroll,Canadian,Aston Martin,11,15,0,56,01:39.4,Finished
2024,5,Chinese Grand Prix,21-04-2024,Shanghai International Circuit,Kevin Magnussen,Danish,Haas F1 Team,17,16,0,56,01:41.1,Finished
2024,5,Chinese Grand Prix,21-04-2024,Shanghai International Circuit,Logan Sargeant,American,Williams,20,17,0,56,01:41.0,Finished
2024,5,Chinese Grand Prix,21-04-2024,Shanghai International Circuit,Daniel Ricciardo,Australian,RB F1 Team,12,18,0,33,01:41.0,Retired
2024,5,Chinese Grand Prix,21-04-2024,Shanghai International Circuit,Yuki Tsunoda,Japanese,RB F1 Team,19,19,0,26,01:41.6,Retired
2024,5,Chinese Grand Prix,21-04-2024,Shanghai International Circuit,Valtteri Bottas,Finnish,Sauber,10,20,0,19,01:41.3,Retired
2024,6,Miami Grand Prix,05-05-2024,Miami International Autodrome,Lando Norris,British,McLaren,5,1,25,57,01:31.0,Finished
2024,6,Miami Grand Prix,05-05-2024,Miami International Autodrome,Max Verstappen,Dutch,Red Bull,1,2,18,57,01:31.3,Finished
2024,6,Miami Grand Prix,05-05-2024,Miami International Autodrome,Charles Leclerc,Monegasque,Ferrari,2,3,15,57,01:31.1,Finished
2024,6,Miami Grand Prix,05-05-2024,Miami International Autodrome,Sergio Pérez,Mexican,Red Bull,4,4,12,57,01:30.9,Finished
2024,6,Miami Grand Prix,05-05-2024,Miami International Autodrome,Carlos Sainz,Spanish,Ferrari,3,5,10,57,01:30.9,Finished
2024,6,Miami Grand Prix,05-05-2024,Miami International Autodrome,Lewis Hamilton,British,Mercedes,8,6,8,57,01:31.2,Finished
2024,6,Miami Grand Prix,05-05-2024,Miami International Autodrome,Yuki Tsunoda,Japanese,RB F1 Team,10,7,6,57,01:31.7,Finished
2024,6,Miami Grand Prix,05-05-2024,Miami International Autodrome,George Russell,British,Mercedes,7,8,4,57,01:31.9,Finished
2024,6,Miami Grand Prix,05-05-2024,Miami International Autodrome,Fernando Alonso,Spanish,Aston Martin,15,9,2,57,01:31.7,Finished
2024,6,Miami Grand Prix,05-05-2024,Miami International Autodrome,Esteban Ocon,French,Alpine F1 Team,13,10,1,57,01:32.0,Finished
2024,6,Miami Grand Prix,05-05-2024,Miami International Autodrome,Nico Hülkenberg,German,Haas F1 Team,9,11,0,57,01:31.9,Finished
2024,6,Miami Grand Prix,05-05-2024,Miami International Autodrome,Pierre Gasly,French,Alpine F1 Team,12,12,0,57,01:32.1,Finished
2024,6,Miami Grand Prix,05-05-2024,Miami International Autodrome,Oscar Piastri,Australian,McLaren,6,13,0,57,01:30.6,Finished
2024,6,Miami Grand Prix,05-05-2024,Miami International Autodrome,Guanyu Zhou,Chinese,Sauber,19,14,0,57,01:32.0,Finished
2024,6,Miami Grand Prix,05-05-2024,Miami International Autodrome,Daniel Ricciardo,Australian,RB F1 Team,20,15,0,57,01:32.1,Finished
2024,6,Miami Grand Prix,05-05-2024,Miami International Autodrome,Valtteri Bottas,Finnish,Sauber,16,16,0,57,01:32.1,Finished
2024,6,Miami Grand Prix,05-05-2024,Miami International Autodrome,Lance Stroll,Canadian,Aston Martin,11,17,0,57,01:31.6,Finished
2024,6,Miami Grand Prix,05-05-2024,Miami International Autodrome,Alexander Albon,Thai,Williams,14,18,0,57,01:30.8,Finished
2024,6,Miami Grand Prix,05-05-2024,Miami International Autodrome,Kevin Magnussen,Danish,Haas F1 Team,18,19,0,57,01:31.8,Finished
2024,6,Miami Grand Prix,05-05-2024,Miami International Autodrome,Logan Sargeant,American,Williams,17,20,0,27,01:33.5,Retired
2024,7,Emilia Romagna Grand Prix,19-05-2024,Autodromo Enzo e Dino Ferrari,Max Verstappen,Dutch,Red Bull,1,1,25,63,01:20.4,Finished
2024,7,Emilia Romagna Grand Prix,19-05-2024,Autodromo Enzo e Dino Ferrari,Lando Norris,British,McLaren,2,2,18,63,01:20.0,Finished
2024,7,Emilia Romagna Grand Prix,19-05-2024,Autodromo Enzo e Dino Ferrari,Charles Leclerc,Monegasque,Ferrari,3,3,15,63,01:19.9,Finished
2024,7,Emilia Romagna Grand Prix,19-05-2024,Autodromo Enzo e Dino Ferrari,Oscar Piastri,Australian,McLaren,5,4,12,63,01:19.9,Finished
2024,7,Emilia Romagna Grand Prix,19-05-2024,Autodromo Enzo e Dino Ferrari,Carlos Sainz,Spanish,Ferrari,4,5,10,63,01:20.2,Finished
2024,7,Emilia Romagna Grand Prix,19-05-2024,Autodromo Enzo e Dino Ferrari,Lewis Hamilton,British,Mercedes,8,6,8,63,01:20.3,Finished
2024,7,Emilia Romagna Grand Prix,19-05-2024,Autodromo Enzo e Dino Ferrari,George Russell,British,Mercedes,6,7,7,63,01:18.6,Finished
2024,7,Emilia Romagna Grand Prix,19-05-2024,Autodromo Enzo e Dino Ferrari,Sergio Pérez,Mexican,Red Bull,11,8,4,63,01:19.7,Finished
2024,7,Emilia Romagna Grand Prix,19-05-2024,Autodromo Enzo e Dino Ferrari,Lance Stroll,Canadian,Aston Martin,13,9,2,63,01:20.6,Finished
2024,7,Emilia Romagna Grand Prix,19-05-2024,Autodromo Enzo e Dino Ferrari,Yuki Tsunoda,Japanese,RB F1 Team,7,10,1,62,01:20.9,Lapped
2024,7,Emilia Romagna Grand Prix,19-05-2024,Autodromo Enzo e Dino Ferrari,Nico Hülkenberg,German,Haas F1 Team,10,11,0,62,01:21.7,Lapped
2024,7,Emilia Romagna Grand Prix,19-05-2024,Autodromo Enzo e Dino Ferrari,Kevin Magnussen,Danish,Haas F1 Team,18,12,0,62,01:21.0,Lapped
2024,7,Emilia Romagna Grand Prix,19-05-2024,Autodromo Enzo e Dino Ferrari,Daniel Ricciardo,Australian,RB F1 Team,9,13,0,62,01:21.6,Lapped
2024,7,Emilia Romagna Grand Prix,19-05-2024,Autodromo Enzo e Dino Ferrari,Esteban Ocon,French,Alpine F1 Team,12,14,0,62,01:21.3,Lapped
2024,7,Emilia Romagna Grand Prix,19-05-2024,Autodromo Enzo e Dino Ferrari,Guanyu Zhou,Chinese,Sauber,17,15,0,62,01:21.0,Lapped
2024,7,Emilia Romagna Grand Prix,19-05-2024,Autodromo Enzo e Dino Ferrari,Pierre Gasly,French,Alpine F1 Team,15,16,0,62,01:21.4,Lapped
2024,7,Emilia Romagna Grand Prix,19-05-2024,Autodromo Enzo e Dino Ferrari,Logan Sargeant,American,Williams,19,17,0,62,01:21.2,Lapped
2024,7,Emilia Romagna Grand Prix,19-05-2024,Autodromo Enzo e Dino Ferrari,Valtteri Bottas,Finnish,Sauber,16,18,0,62,01:21.5,Lapped
2024,7,Emilia Romagna Grand Prix,19-05-2024,Autodromo Enzo e Dino Ferrari,Fernando Alonso,Spanish,Aston Martin,20,19,0,62,01:19.0,Lapped
2024,7,Emilia Romagna Grand Prix,19-05-2024,Autodromo Enzo e Dino Ferrari,Alexander Albon,Thai,Williams,14,20,0,51,01:21.3,Retired
2024,8,Monaco Grand Prix,26-05-2024,Circuit de Monaco,Charles Leclerc,Monegasque,Ferrari,1,1,25,78,01:15.2,Finished
2024,8,Monaco Grand Prix,26-05-2024,Circuit de Monaco,Oscar Piastri,Australian,McLaren,2,2,18,78,01:16.3,Finished
2024,8,Monaco Grand Prix,26-05-2024,Circuit de Monaco,Carlos Sainz,Spanish,Ferrari,3,3,15,78,01:14.7,Finished
2024,8,Monaco Grand Prix,26-05-2024,Circuit de Monaco,Lando Norris,British,McLaren,4,4,12,78,01:15.7,Finished
2024,8,Monaco Grand Prix,26-05-2024,Circuit de Monaco,George Russell,British,Mercedes,5,5,10,78,01:15.2,Finished
2024,8,Monaco Grand Prix,26-05-2024,Circuit de Monaco,Max Verstappen,Dutch,Red Bull,6,6,8,78,01:14.6,Finished
2024,8,Monaco Grand Prix,26-05-2024,Circuit de Monaco,Lewis Hamilton,British,Mercedes,7,7,7,78,01:14.2,Finished
2024,8,Monaco Grand Prix,26-05-2024,Circuit de Monaco,Yuki Tsunoda,Japanese,RB F1 Team,8,8,4,77,01:14.7,Lapped
2024,8,Monaco Grand Prix,26-05-2024,Circuit de Monaco,Alexander Albon,Thai,Williams,9,9,2,77,01:17.1,Lapped
2024,8,Monaco Grand Prix,26-05-2024,Circuit de Monaco,Pierre Gasly,French,Alpine F1 Team,10,10,1,77,01:15.6,Lapped
2024,8,Monaco Grand Prix,26-05-2024,Circuit de Monaco,Fernando Alonso,Spanish,Aston Martin,14,11,0,76,01:17.9,Lapped
2024,8,Monaco Grand Prix,26-05-2024,Circuit de Monaco,Daniel Ricciardo,Australian,RB F1 Team,12,12,0,76,01:17.2,Lapped
2024,8,Monaco Grand Prix,26-05-2024,Circuit de Monaco,Valtteri Bottas,Finnish,Sauber,17,13,0,76,01:16.6,Lapped
2024,8,Monaco Grand Prix,26-05-2024,Circuit de Monaco,Lance Stroll,Canadian,Aston Martin,13,14,0,76,01:16.7,Lapped
2024,8,Monaco Grand Prix,26-05-2024,Circuit de Monaco,Logan Sargeant,American,Williams,15,15,0,76,01:15.5,Lapped
2024,8,Monaco Grand Prix,26-05-2024,Circuit de Monaco,Guanyu Zhou,Chinese,Sauber,18,16,0,76,01:14.7,Lapped
2024,8,Monaco Grand Prix,26-05-2024,Circuit de Monaco,Esteban Ocon,French,Alpine F1 Team,11,17,0,0,N/A,Retired
2024,8,Monaco Grand Prix,26-05-2024,Circuit de Monaco,Sergio Pérez,Mexican,Red Bull,16,18,0,0,N/A,Retired
2024,8,Monaco Grand Prix,26-05-2024,Circuit de Monaco,Nico Hülkenberg,German,Haas F1 Team,19,19,0,0,N/A,Retired
2024,8,Monaco Grand Prix,26-05-2024,Circuit de Monaco,Kevin Magnussen,Danish,Haas F1 Team,20,20,0,0,N/A,Retired
2024,9,Canadian Grand Prix,09-06-2024,Circuit Gilles Villeneuve,Max Verstappen,Dutch,Red Bull,2,1,25,70,01:15.6,Finished
2024,9,Canadian Grand Prix,09-06-2024,Circuit Gilles Villeneuve,Lando Norris,British,McLaren,3,2,18,70,01:15.6,Finished
2024,9,Canadian Grand Prix,09-06-2024,Circuit Gilles Villeneuve,George Russell,British,Mercedes,1,3,15,70,01:14.9,Finished
2024,9,Canadian Grand Prix,09-06-2024,Circuit Gilles Villeneuve,Lewis Hamilton,British,Mercedes,7,4,13,70,01:14.9,Finished
2024,9,Canadian Grand Prix,09-06-2024,Circuit Gilles Villeneuve,Oscar Piastri,Australian,McLaren,4,5,10,70,01:16.2,Finished
2024,9,Canadian Grand Prix,09-06-2024,Circuit Gilles Villeneuve,Fernando Alonso,Spanish,Aston Martin,6,6,8,70,01:16.3,Finished
2024,9,Canadian Grand Prix,09-06-2024,Circuit Gilles Villeneuve,Lance Stroll,Canadian,Aston Martin,9,7,6,70,01:16.8,Finished
2024,9,Canadian Grand Prix,09-06-2024,Circuit Gilles Villeneuve,Daniel Ricciardo,Australian,RB F1 Team,5,8,4,70,01:17.1,Finished
2024,9,Canadian Grand Prix,09-06-2024,Circuit Gilles Villeneuve,Pierre Gasly,French,Alpine F1 Team,15,9,2,70,01:17.0,Finished
2024,9,Canadian Grand Prix,09-06-2024,Circuit Gilles Villeneuve,Esteban Ocon,French,Alpine F1 Team,18,10,1,70,01:17.0,Finished
2024,9,Canadian Grand Prix,09-06-2024,Circuit Gilles Villeneuve,Nico Hülkenberg,German,Haas F1 Team,17,11,0,70,01:16.7,Finished
2024,9,Canadian Grand Prix,09-06-2024,Circuit Gilles Villeneuve,Kevin Magnussen,Danish,Haas F1 Team,14,12,0,70,01:16.5,Finished
2024,9,Canadian Grand Prix,09-06-2024,Circuit Gilles Villeneuve,Valtteri Bottas,Finnish,Sauber,19,13,0,70,01:17.3,Finished
2024,9,Canadian Grand Prix,09-06-2024,Circuit Gilles Villeneuve,Yuki Tsunoda,Japanese,RB F1 Team,8,14,0,70,01:17.3,Finished
2024,9,Canadian Grand Prix,09-06-2024,Circuit Gilles Villeneuve,Guanyu Zhou,Chinese,Sauber,20,15,0,69,01:17.3,Lapped
2024,9,Canadian Grand Prix,09-06-2024,Circuit Gilles Villeneuve,Carlos Sainz,Spanish,Ferrari,12,16,0,52,01:19.0,Retired
2024,9,Canadian Grand Prix,09-06-2024,Circuit Gilles Villeneuve,Alexander Albon,Thai,Williams,10,17,0,52,01:19.4,Retired
2024,9,Canadian Grand Prix,09-06-2024,Circuit Gilles Villeneuve,Sergio Pérez,Mexican,Red Bull,16,18,0,51,01:18.8,Retired
2024,9,Canadian Grand Prix,09-06-2024,Circuit Gilles Villeneuve,Charles Leclerc,Monegasque,Ferrari,11,19,0,40,01:26.0,Retired
2024,9,Canadian Grand Prix,09-06-2024,Circuit Gilles Villeneuve,Logan Sargeant,American,Williams,13,20,0,23,01:26.5,Retired
2024,10,Spanish Grand Prix,23-06-2024,Circuit de Barcelona-Catalunya,Max Verstappen,Dutch,Red Bull,2,1,25,66,01:17.8,Finished
2024,10,Spanish Grand Prix,23-06-2024,Circuit de Barcelona-Catalunya,Lando Norris,British,McLaren,1,2,19,66,01:17.1,Finished
2024,10,Spanish Grand Prix,23-06-2024,Circuit de Barcelona-Catalunya,Lewis Hamilton,British,Mercedes,3,3,15,66,01:17.8,Finished
2024,10,Spanish Grand Prix,23-06-2024,Circuit de Barcelona-Catalunya,George Russell,British,Mercedes,4,4,12,66,01:18.3,Finished
2024,10,Spanish Grand Prix,23-06-2024,Circuit de Barcelona-Catalunya,Charles Leclerc,Monegasque,Ferrari,5,5,10,66,01:17.9,Finished
2024,10,Spanish Grand Prix,23-06-2024,Circuit de Barcelona-Catalunya,Carlos Sainz,Spanish,Ferrari,6,6,8,66,01:18.5,Finished
2024,10,Spanish Grand Prix,23-06-2024,Circuit de Barcelona-Catalunya,Oscar Piastri,Australian,McLaren,9,7,6,66,01:17.9,Finished
2024,10,Spanish Grand Prix,23-06-2024,Circuit de Barcelona-Catalunya,Sergio Pérez,Mexican,Red Bull,11,8,4,66,01:17.8,Finished
2024,10,Spanish Grand Prix,23-06-2024,Circuit de Barcelona-Catalunya,Pierre Gasly,French,Alpine F1 Team,7,9,2,66,01:19.0,Finished
2024,10,Spanish Grand Prix,23-06-2024,Circuit de Barcelona-Catalunya,Esteban Ocon,French,Alpine F1 Team,8,10,1,66,01:19.0,Finished
2024,10,Spanish Grand Prix,23-06-2024,Circuit de Barcelona-Catalunya,Nico Hülkenberg,German,Haas F1 Team,13,11,0,66,01:18.6,Finished
2024,10,Spanish Grand Prix,23-06-2024,Circuit de Barcelona-Catalunya,Fernando Alonso,Spanish,Aston Martin,10,12,0,65,01:18.3,Lapped
2024,10,Spanish Grand Prix,23-06-2024,Circuit de Barcelona-Catalunya,Guanyu Zhou,Chinese,Sauber,15,13,0,65,01:18.8,Lapped
2024,10,Spanish Grand Prix,23-06-2024,Circuit de Barcelona-Catalunya,Lance Stroll,Canadian,Aston Martin,14,14,0,65,01:19.3,Lapped
2024,10,Spanish Grand Prix,23-06-2024,Circuit de Barcelona-Catalunya,Daniel Ricciardo,Australian,RB F1 Team,18,15,0,65,01:19.5,Lapped
2024,10,Spanish Grand Prix,23-06-2024,Circuit de Barcelona-Catalunya,Valtteri Bottas,Finnish,Sauber,12,16,0,65,01:19.6,Lapped
2024,10,Spanish Grand Prix,23-06-2024,Circuit de Barcelona-Catalunya,Kevin Magnussen,Danish,Haas F1 Team,16,17,0,65,01:19.8,Lapped
2024,10,Spanish Grand Prix,23-06-2024,Circuit de Barcelona-Catalunya,Alexander Albon,Thai,Williams,20,18,0,65,01:19.1,Lapped
2024,10,Spanish Grand Prix,23-06-2024,Circuit de Barcelona-Catalunya,Yuki Tsunoda,Japanese,RB F1 Team,17,19,0,65,01:19.4,Lapped
2024,10,Spanish Grand Prix,23-06-2024,Circuit de Barcelona-Catalunya,Logan Sargeant,American,Williams,19,20,0,64,01:20.2,Lapped
2024,11,Austrian Grand Prix,30-06-2024,Red Bull Ring,George Russell,British,Mercedes,3,1,25,71,01:09.2,Finished
2024,11,Austrian Grand Prix,30-06-2024,Red Bull Ring,Oscar Piastri,Australian,McLaren,7,2,18,71,01:08.7,Finished
2024,11,Austrian Grand Prix,30-06-2024,Red Bull Ring,Carlos Sainz,Spanish,Ferrari,4,3,15,71,01:09.3,Finished
2024,11,Austrian Grand Prix,30-06-2024,Red Bull Ring,Lewis Hamilton,British,Mercedes,5,4,12,71,01:09.6,Finished
2024,11,Austrian Grand Prix,30-06-2024,Red Bull Ring,Max Verstappen,Dutch,Red Bull,1,5,10,71,01:07.7,Finished
2024,11,Austrian Grand Prix,30-06-2024,Red Bull Ring,Nico Hülkenberg,German,Haas F1 Team,9,6,8,71,01:10.2,Finished
2024,11,Austrian Grand Prix,30-06-2024,Red Bull Ring,Sergio Pérez,Mexican,Red Bull,8,7,6,71,01:09.7,Finished
2024,11,Austrian Grand Prix,30-06-2024,Red Bull Ring,Kevin Magnussen,Danish,Haas F1 Team,12,8,4,71,01:10.1,Finished
2024,11,Austrian Grand Prix,30-06-2024,Red Bull Ring,Daniel Ricciardo,Australian,RB F1 Team,11,9,2,71,01:10.4,Finished
2024,11,Austrian Grand Prix,30-06-2024,Red Bull Ring,Pierre Gasly,French,Alpine F1 Team,13,10,1,71,01:09.6,Finished
2024,11,Austrian Grand Prix,30-06-2024,Red Bull Ring,Charles Leclerc,Monegasque,Ferrari,6,11,0,71,01:09.6,Finished
2024,11,Austrian Grand Prix,30-06-2024,Red Bull Ring,Esteban Ocon,French,Alpine F1 Team,10,12,0,71,01:09.6,Finished
2024,11,Austrian Grand Prix,30-06-2024,Red Bull Ring,Lance Stroll,Canadian,Aston Martin,17,13,0,70,01:10.1,Lapped
2024,11,Austrian Grand Prix,30-06-2024,Red Bull Ring,Yuki Tsunoda,Japanese,RB F1 Team,14,14,0,70,01:10.3,Lapped
2024,11,Austrian Grand Prix,30-06-2024,Red Bull Ring,Alexander Albon,Thai,Williams,16,15,0,70,01:10.4,Lapped
2024,11,Austrian Grand Prix,30-06-2024,Red Bull Ring,Valtteri Bottas,Finnish,Sauber,18,16,0,70,01:10.4,Lapped
2024,11,Austrian Grand Prix,30-06-2024,Red Bull Ring,Guanyu Zhou,Chinese,Sauber,20,17,0,70,01:10.5,Lapped
2024,11,Austrian Grand Prix,30-06-2024,Red Bull Ring,Fernando Alonso,Spanish,Aston Martin,15,18,0,70,01:07.7,Lapped
2024,11,Austrian Grand Prix,30-06-2024,Red Bull Ring,Logan Sargeant,American,Williams,19,19,0,69,01:10.4,Lapped
2024,11,Austrian Grand Prix,30-06-2024,Red Bull Ring,Lando Norris,British,McLaren,2,20,0,64,01:08.0,Lapped
2024,12,British Grand Prix,07-07-2024,Silverstone Circuit,Lewis Hamilton,British,Mercedes,2,1,25,52,01:29.4,Finished
2024,12,British Grand Prix,07-07-2024,Silverstone Circuit,Max Verstappen,Dutch,Red Bull,4,2,18,52,01:29.0,Finished
2024,12,British Grand Prix,07-07-2024,Silverstone Circuit,Lando Norris,British,McLaren,3,3,15,52,01:29.3,Finished
2024,12,British Grand Prix,07-07-2024,Silverstone Circuit,Oscar Piastri,Australian,McLaren,5,4,12,52,01:28.7,Finished
2024,12,British Grand Prix,07-07-2024,Silverstone Circuit,Carlos Sainz,Spanish,Ferrari,7,5,11,52,01:28.3,Finished
2024,12,British Grand Prix,07-07-2024,Silverstone Circuit,Nico Hülkenberg,German,Haas F1 Team,6,6,8,52,01:29.8,Finished
2024,12,British Grand Prix,07-07-2024,Silverstone Circuit,Lance Stroll,Canadian,Aston Martin,8,7,6,52,01:29.9,Finished
2024,12,British Grand Prix,07-07-2024,Silverstone Circuit,Fernando Alonso,Spanish,Aston Martin,10,8,4,52,01:29.7,Finished
2024,12,British Grand Prix,07-07-2024,Silverstone Circuit,Alexander Albon,Thai,Williams,9,9,2,52,01:29.7,Finished
2024,12,British Grand Prix,07-07-2024,Silverstone Circuit,Yuki Tsunoda,Japanese,RB F1 Team,13,10,1,52,01:30.2,Finished
2024,12,British Grand Prix,07-07-2024,Silverstone Circuit,Logan Sargeant,American,Williams,12,11,0,52,01:30.0,Finished
2024,12,British Grand Prix,07-07-2024,Silverstone Circuit,Kevin Magnussen,Danish,Haas F1 Team,17,12,0,52,01:30.1,Finished
2024,12,British Grand Prix,07-07-2024,Silverstone Circuit,Daniel Ricciardo,Australian,RB F1 Team,15,13,0,51,01:30.7,Lapped
2024,12,British Grand Prix,07-07-2024,Silverstone Circuit,Charles Leclerc,Monegasque,Ferrari,11,14,0,51,01:29.7,Lapped
2024,12,British Grand Prix,07-07-2024,Silverstone Circuit,Valtteri Bottas,Finnish,Sauber,16,15,0,51,01:31.3,Lapped
2024,12,British Grand Prix,07-07-2024,Silverstone Circuit,Esteban Ocon,French,Alpine F1 Team,18,16,0,50,01:30.9,Lapped
2024,12,British Grand Prix,07-07-2024,Silverstone Circuit,Sergio Pérez,Mexican,Red Bull,20,17,0,50,01:29.7,Lapped
2024,12,British Grand Prix,07-07-2024,Silverstone Circuit,Guanyu Zhou,Chinese,Sauber,14,18,0,50,01:31.0,Lapped
2024,12,British Grand Prix,07-07-2024,Silverstone Circuit,George Russell,British,Mercedes,1,19,0,33,01:31.3,Retired
2024,12,British Grand Prix,07-07-2024,Silverstone Circuit,Pierre Gasly,French,Alpine F1 Team,19,20,0,0,N/A,Did not start
2024,13,Hungarian Grand Prix,21-07-2024,Hungaroring,Oscar Piastri,Australian,McLaren,2,1,25,70,01:21.7,Finished
2024,13,Hungarian Grand Prix,21-07-2024,Hungaroring,Lando Norris,British,McLaren,1,2,18,70,01:21.7,Finished
2024,13,Hungarian Grand Prix,21-07-2024,Hungaroring,Lewis Hamilton,British,Mercedes,5,3,15,70,01:22.2,Finished
2024,13,Hungarian Grand Prix,21-07-2024,Hungaroring,Charles Leclerc,Monegasque,Ferrari,6,4,12,70,01:22.2,Finished
2024,13,Hungarian Grand Prix,21-07-2024,Hungaroring,Max Verstappen,Dutch,Red Bull,3,5,10,70,01:20.9,Finished
2024,13,Hungarian Grand Prix,21-07-2024,Hungaroring,Carlos Sainz,Spanish,Ferrari,4,6,8,70,01:21.4,Finished
2024,13,Hungarian Grand Prix,21-07-2024,Hungaroring,Sergio Pérez,Mexican,Red Bull,16,7,6,70,01:21.1,Finished
2024,13,Hungarian Grand Prix,21-07-2024,Hungaroring,George Russell,British,Mercedes,17,8,5,70,01:20.3,Finished
2024,13,Hungarian Grand Prix,21-07-2024,Hungaroring,Yuki Tsunoda,Japanese,RB F1 Team,10,9,2,70,01:23.5,Finished
2024,13,Hungarian Grand Prix,21-07-2024,Hungaroring,Lance Stroll,Canadian,Aston Martin,8,10,1,70,01:22.3,Finished
2024,13,Hungarian Grand Prix,21-07-2024,Hungaroring,Fernando Alonso,Spanish,Aston Martin,7,11,0,70,01:23.1,Finished
2024,13,Hungarian Grand Prix,21-07-2024,Hungaroring,Daniel Ricciardo,Australian,RB F1 Team,9,12,0,69,01:22.6,Lapped
2024,13,Hungarian Grand Prix,21-07-2024,Hungaroring,Nico Hülkenberg,German,Haas F1 Team,11,13,0,69,01:23.5,Lapped
2024,13,Hungarian Grand Prix,21-07-2024,Hungaroring,Alexander Albon,Thai,Williams,13,14,0,69,01:23.9,Lapped
2024,13,Hungarian Grand Prix,21-07-2024,Hungaroring,Kevin Magnussen,Danish,Haas F1 Team,15,15,0,69,01:23.6,Lapped
2024,13,Hungarian Grand Prix,21-07-2024,Hungaroring,Valtteri Bottas,Finnish,Sauber,12,16,0,69,01:22.8,Lapped
2024,13,Hungarian Grand Prix,21-07-2024,Hungaroring,Logan Sargeant,American,Williams,14,17,0,69,01:20.6,Lapped
2024,13,Hungarian Grand Prix,21-07-2024,Hungaroring,Esteban Ocon,French,Alpine F1 Team,19,18,0,69,01:21.6,Lapped
2024,13,Hungarian Grand Prix,21-07-2024,Hungaroring,Guanyu Zhou,Chinese,Sauber,18,19,0,69,01:23.5,Lapped
2024,13,Hungarian Grand Prix,21-07-2024,Hungaroring,Pierre Gasly,French,Alpine F1 Team,20,20,0,33,01:23.3,Retired
2024,14,Belgian Grand Prix,28-07-2024,Circuit de Spa-Francorchamps,Lewis Hamilton,British,Mercedes,3,1,25,44,01:46.7,Finished
2024,14,Belgian Grand Prix,28-07-2024,Circuit de Spa-Francorchamps,Oscar Piastri,Australian,McLaren,5,2,18,44,01:45.8,Finished
2024,14,Belgian Grand Prix,28-07-2024,Circuit de Spa-Francorchamps,Charles Leclerc,Monegasque,Ferrari,1,3,15,44,01:47.0,Finished
2024,14,Belgian Grand Prix,28-07-2024,Circuit de Spa-Francorchamps,Max Verstappen,Dutch,Red Bull,11,4,12,44,01:46.1,Finished
2024,14,Belgian Grand Prix,28-07-2024,Circuit de Spa-Francorchamps,Lando Norris,British,McLaren,4,5,10,44,01:45.6,Finished
2024,14,Belgian Grand Prix,28-07-2024,Circuit de Spa-Francorchamps,Carlos Sainz,Spanish,Ferrari,7,6,8,44,01:46.4,Finished
2024,14,Belgian Grand Prix,28-07-2024,Circuit de Spa-Francorchamps,Sergio Pérez,Mexican,Red Bull,2,7,7,44,01:44.7,Finished
2024,14,Belgian Grand Prix,28-07-2024,Circuit de Spa-Francorchamps,Fernando Alonso,Spanish,Aston Martin,8,8,4,44,01:48.1,Finished
2024,14,Belgian Grand Prix,28-07-2024,Circuit de Spa-Francorchamps,Esteban Ocon,French,Alpine F1 Team,9,9,2,44,01:47.0,Finished
2024,14,Belgian Grand Prix,28-07-2024,Circuit de Spa-Francorchamps,Daniel Ricciardo,Australian,RB F1 Team,13,10,1,44,01:47.4,Finished
2024,14,Belgian Grand Prix,28-07-2024,Circuit de Spa-Francorchamps,Lance Stroll,Canadian,Aston Martin,15,11,0,44,01:48.1,Finished
2024,14,Belgian Grand Prix,28-07-2024,Circuit de Spa-Francorchamps,Alexander Albon,Thai,Williams,10,12,0,44,01:48.0,Finished
2024,14,Belgian Grand Prix,28-07-2024,Circuit de Spa-Francorchamps,Pierre Gasly,French,Alpine F1 Team,12,13,0,44,01:47.4,Finished
2024,14,Belgian Grand Prix,28-07-2024,Circuit de Spa-Francorchamps,Kevin Magnussen,Danish,Haas F1 Team,17,14,0,44,01:47.8,Finished
2024,14,Belgian Grand Prix,28-07-2024,Circuit de Spa-Francorchamps,Valtteri Bottas,Finnish,Sauber,14,15,0,44,01:47.0,Finished
2024,14,Belgian Grand Prix,28-07-2024,Circuit de Spa-Francorchamps,Yuki Tsunoda,Japanese,RB F1 Team,20,16,0,44,01:48.0,Finished
2024,14,Belgian Grand Prix,28-07-2024,Circuit de Spa-Francorchamps,Logan Sargeant,American,Williams,18,17,0,44,01:47.5,Finished
2024,14,Belgian Grand Prix,28-07-2024,Circuit de Spa-Francorchamps,Nico Hülkenberg,German,Haas F1 Team,16,18,0,44,01:49.0,Finished
2024,14,Belgian Grand Prix,28-07-2024,Circuit de Spa-Francorchamps,Guanyu Zhou,Chinese,Sauber,19,19,0,5,01:52.1,Retired
2024,14,Belgian Grand Prix,28-07-2024,Circuit de Spa-Francorchamps,George Russell,British,Mercedes,6,20,0,44,01:47.1,Disqualified
2024,15,Dutch Grand Prix,25-08-2024,Circuit Park Zandvoort,Lando Norris,British,McLaren,1,1,26,72,01:13.8,Finished
2024,15,Dutch Grand Prix,25-08-2024,Circuit Park Zandvoort,Max Verstappen,Dutch,Red Bull,2,2,18,72,01:14.8,Finished
2024,15,Dutch Grand Prix,25-08-2024,Circuit Park Zandvoort,Charles Leclerc,Monegasque,Ferrari,6,3,15,72,01:14.6,Finished
2024,15,Dutch Grand Prix,25-08-2024,Circuit Park Zandvoort,Oscar Piastri,Australian,McLaren,3,4,12,72,01:14.2,Finished
2024,15,Dutch Grand Prix,25-08-2024,Circuit Park Zandvoort,Carlos Sainz,Spanish,Ferrari,10,5,10,72,01:14.1,Finished
2024,15,Dutch Grand Prix,25-08-2024,Circuit Park Zandvoort,Sergio Pérez,Mexican,Red Bull,5,6,8,72,01:14.6,Finished
2024,15,Dutch Grand Prix,25-08-2024,Circuit Park Zandvoort,George Russell,British,Mercedes,4,7,6,72,01:13.9,Finished
2024,15,Dutch Grand Prix,25-08-2024,Circuit Park Zandvoort,Lewis Hamilton,British,Mercedes,14,8,4,72,01:13.9,Finished
2024,15,Dutch Grand Prix,25-08-2024,Circuit Park Zandvoort,Pierre Gasly,French,Alpine F1 Team,9,9,2,71,01:14.9,Lapped
2024,15,Dutch Grand Prix,25-08-2024,Circuit Park Zandvoort,Fernando Alonso,Spanish,Aston Martin,7,10,1,71,01:14.8,Lapped
2024,15,Dutch Grand Prix,25-08-2024,Circuit Park Zandvoort,Nico Hülkenberg,German,Haas F1 Team,12,11,0,71,01:15.7,Lapped
2024,15,Dutch Grand Prix,25-08-2024,Circuit Park Zandvoort,Daniel Ricciardo,Australian,RB F1 Team,13,12,0,71,01:15.2,Lapped
2024,15,Dutch Grand Prix,25-08-2024,Circuit Park Zandvoort,Lance Stroll,Canadian,Aston Martin,8,13,0,71,01:15.3,Lapped
2024,15,Dutch Grand Prix,25-08-2024,Circuit Park Zandvoort,Alexander Albon,Thai,Williams,19,14,0,71,01:14.4,Lapped
2024,15,Dutch Grand Prix,25-08-2024,Circuit Park Zandvoort,Esteban Ocon,French,Alpine F1 Team,15,15,0,71,01:15.4,Lapped
2024,15,Dutch Grand Prix,25-08-2024,Circuit Park Zandvoort,Logan Sargeant,American,Williams,18,16,0,71,01:15.5,Lapped
2024,15,Dutch Grand Prix,25-08-2024,Circuit Park Zandvoort,Yuki Tsunoda,Japanese,RB F1 Team,11,17,0,71,01:15.6,Lapped
2024,15,Dutch Grand Prix,25-08-2024,Circuit Park Zandvoort,Kevin Magnussen,Danish,Haas F1 Team,20,18,0,71,01:15.0,Lapped
2024,15,Dutch Grand Prix,25-08-2024,Circuit Park Zandvoort,Valtteri Bottas,Finnish,Sauber,16,19,0,70,01:15.8,Lapped
2024,15,Dutch Grand Prix,25-08-2024,Circuit Park Zandvoort,Guanyu Zhou,Chinese,Sauber,17,20,0,70,01:15.7,Lapped
2024,16,Italian Grand Prix,01-09-2024,Autodromo Nazionale di Monza,Charles Leclerc,Monegasque,Ferrari,4,1,25,53,01:23.2,Finished
2024,16,Italian Grand Prix,01-09-2024,Autodromo Nazionale di Monza,Oscar Piastri,Australian,McLaren,2,2,18,53,01:21.9,Finished
2024,16,Italian Grand Prix,01-09-2024,Autodromo Nazionale di Monza,Lando Norris,British,McLaren,1,3,16,53,01:21.4,Finished
2024,16,Italian Grand Prix,01-09-2024,Autodromo Nazionale di Monza,Carlos Sainz,Spanish,Ferrari,5,4,12,53,01:23.2,Finished
2024,16,Italian Grand Prix,01-09-2024,Autodromo Nazionale di Monza,Lewis Hamilton,British,Mercedes,6,5,10,53,01:21.5,Finished
2024,16,Italian Grand Prix,01-09-2024,Autodromo Nazionale di Monza,Max Verstappen,Dutch,Red Bull,7,6,8,53,01:21.7,Finished
2024,16,Italian Grand Prix,01-09-2024,Autodromo Nazionale di Monza,George Russell,British,Mercedes,3,7,6,53,01:22.0,Finished
2024,16,Italian Grand Prix,01-09-2024,Autodromo Nazionale di Monza,Sergio Pérez,Mexican,Red Bull,8,8,4,53,01:23.0,Finished
2024,16,Italian Grand Prix,01-09-2024,Autodromo Nazionale di Monza,Alexander Albon,Thai,Williams,9,9,2,53,01:23.9,Finished
2024,16,Italian Grand Prix,01-09-2024,Autodromo Nazionale di Monza,Kevin Magnussen,Danish,Haas F1 Team,13,10,1,53,01:23.4,Finished
2024,16,Italian Grand Prix,01-09-2024,Autodromo Nazionale di Monza,Fernando Alonso,Spanish,Aston Martin,11,11,0,53,01:22.9,Finished
2024,16,Italian Grand Prix,01-09-2024,Autodromo Nazionale di Monza,Franco Colapinto,Argentine,Williams,18,12,0,53,01:23.7,Finished
2024,16,Italian Grand Prix,01-09-2024,Autodromo Nazionale di Monza,Daniel Ricciardo,Australian,RB F1 Team,12,13,0,53,01:24.2,Finished
2024,16,Italian Grand Prix,01-09-2024,Autodromo Nazionale di Monza,Esteban Ocon,French,Alpine F1 Team,15,14,0,52,01:24.3,Lapped
2024,16,Italian Grand Prix,01-09-2024,Autodromo Nazionale di Monza,Pierre Gasly,French,Alpine F1 Team,14,15,0,52,01:23.8,Lapped
2024,16,Italian Grand Prix,01-09-2024,Autodromo Nazionale di Monza,Valtteri Bottas,Finnish,Sauber,19,16,0,52,01:23.6,Lapped
2024,16,Italian Grand Prix,01-09-2024,Autodromo Nazionale di Monza,Nico Hülkenberg,German,Haas F1 Team,10,17,0,52,01:23.3,Lapped
2024,16,Italian Grand Prix,01-09-2024,Autodromo Nazionale di Monza,Guanyu Zhou,Chinese,Sauber,20,18,0,52,01:25.1,Lapped
2024,16,Italian Grand Prix,01-09-2024,Autodromo Nazionale di Monza,Lance Stroll,Canadian,Aston Martin,17,19,0,52,01:22.2,Lapped
2024,16,Italian Grand Prix,01-09-2024,Autodromo Nazionale di Monza,Yuki Tsunoda,Japanese,RB F1 Team,16,20,0,7,01:26.2,Retired
2024,17,Azerbaijan Grand Prix,15-09-2024,Baku City Circuit,Oscar Piastri,Australian,McLaren,2,1,25,51,01:47.1,Finished
2024,17,Azerbaijan Grand Prix,15-09-2024,Baku City Circuit,Charles Leclerc,Monegasque,Ferrari,1,2,18,51,01:47.1,Finished
2024,17,Azerbaijan Grand Prix,15-09-2024,Baku City Circuit,George Russell,British,Mercedes,5,3,15,51,01:46.6,Finished
2024,17,Azerbaijan Grand Prix,15-09-2024,Baku City Circuit,Lando Norris,British,McLaren,15,4,13,51,01:45.3,Finished
2024,17,Azerbaijan Grand Prix,15-09-2024,Baku City Circuit,Max Verstappen,Dutch,Red Bull,6,5,10,51,01:46.8,Finished
2024,17,Azerbaijan Grand Prix,15-09-2024,Baku City Circuit,Fernando Alonso,Spanish,Aston Martin,7,6,8,51,01:47.1,Finished
2024,17,Azerbaijan Grand Prix,15-09-2024,Baku City Circuit,Alexander Albon,Thai,Williams,9,7,6,51,01:46.9,Finished
2024,17,Azerbaijan Grand Prix,15-09-2024,Baku City Circuit,Franco Colapinto,Argentine,Williams,8,8,4,51,01:47.3,Finished
2024,17,Azerbaijan Grand Prix,15-09-2024,Baku City Circuit,Lewis Hamilton,British,Mercedes,19,9,2,51,01:47.2,Finished
2024,17,Azerbaijan Grand Prix,15-09-2024,Baku City Circuit,Oliver Bearman,British,Haas F1 Team,10,10,1,51,01:47.0,Finished
2024,17,Azerbaijan Grand Prix,15-09-2024,Baku City Circuit,Nico Hülkenberg,German,Haas F1 Team,12,11,0,51,01:47.7,Finished
2024,17,Azerbaijan Grand Prix,15-09-2024,Baku City Circuit,Pierre Gasly,French,Alpine F1 Team,18,12,0,51,01:48.0,Finished
2024,17,Azerbaijan Grand Prix,15-09-2024,Baku City Circuit,Daniel Ricciardo,Australian,RB F1 Team,14,13,0,51,01:48.4,Finished
2024,17,Azerbaijan Grand Prix,15-09-2024,Baku City Circuit,Guanyu Zhou,Chinese,Sauber,17,14,0,51,01:47.6,Finished
2024,17,Azerbaijan Grand Prix,15-09-2024,Baku City Circuit,Esteban Ocon,French,Alpine F1 Team,20,15,0,50,01:48.8,Lapped
2024,17,Azerbaijan Grand Prix,15-09-2024,Baku City Circuit,Valtteri Bottas,Finnish,Sauber,16,16,0,50,01:48.4,Lapped
2024,17,Azerbaijan Grand Prix,15-09-2024,Baku City Circuit,Sergio Pérez,Mexican,Red Bull,4,17,0,49,01:47.0,Finished
2024,17,Azerbaijan Grand Prix,15-09-2024,Baku City Circuit,Carlos Sainz,Spanish,Ferrari,3,18,0,49,01:46.9,Finished
2024,17,Azerbaijan Grand Prix,15-09-2024,Baku City Circuit,Lance Stroll,Canadian,Aston Martin,13,19,0,45,01:48.1,Finished
2024,17,Azerbaijan Grand Prix,15-09-2024,Baku City Circuit,Yuki Tsunoda,Japanese,RB F1 Team,11,20,0,14,01:50.9,Retired
2024,18,Singapore Grand Prix,22-09-2024,Marina Bay Street Circuit,Lando Norris,British,McLaren,1,1,25,62,01:34.9,Finished
2024,18,Singapore Grand Prix,22-09-2024,Marina Bay Street Circuit,Max Verstappen,Dutch,Red Bull,2,2,18,62,01:36.0,Finished
2024,18,Singapore Grand Prix,22-09-2024,Marina Bay Street Circuit,Oscar Piastri,Australian,McLaren,5,3,15,62,01:35.7,Finished
2024,18,Singapore Grand Prix,22-09-2024,Marina Bay Street Circuit,George Russell,British,Mercedes,4,4,12,62,01:37.0,Finished
2024,18,Singapore Grand Prix,22-09-2024,Marina Bay Street Circuit,Charles Leclerc,Monegasque,Ferrari,9,5,10,62,01:35.4,Finished
2024,18,Singapore Grand Prix,22-09-2024,Marina Bay Street Circuit,Lewis Hamilton,British,Mercedes,3,6,8,62,01:37.4,Finished
2024,18,Singapore Grand Prix,22-09-2024,Marina Bay Street Circuit,Carlos Sainz,Spanish,Ferrari,10,7,6,62,01:36.6,Finished
2024,18,Singapore Grand Prix,22-09-2024,Marina Bay Street Circuit,Fernando Alonso,Spanish,Aston Martin,7,8,4,61,01:37.7,Lapped
2024,18,Singapore Grand Prix,22-09-2024,Marina Bay Street Circuit,Nico Hülkenberg,German,Haas F1 Team,6,9,2,61,01:37.5,Lapped
2024,18,Singapore Grand Prix,22-09-2024,Marina Bay Street Circuit,Sergio Pérez,Mexican,Red Bull,13,10,1,61,01:37.5,Lapped
2024,18,Singapore Grand Prix,22-09-2024,Marina Bay Street Circuit,Franco Colapinto,Argentine,Williams,12,11,0,61,01:37.3,Lapped
2024,18,Singapore Grand Prix,22-09-2024,Marina Bay Street Circuit,Yuki Tsunoda,Japanese,RB F1 Team,8,12,0,61,01:36.4,Lapped
2024,18,Singapore Grand Prix,22-09-2024,Marina Bay Street Circuit,Esteban Ocon,French,Alpine F1 Team,15,13,0,61,01:38.0,Lapped
2024,18,Singapore Grand Prix,22-09-2024,Marina Bay Street Circuit,Lance Stroll,Canadian,Aston Martin,17,14,0,61,01:37.9,Lapped
2024,18,Singapore Grand Prix,22-09-2024,Marina Bay Street Circuit,Guanyu Zhou,Chinese,Sauber,20,15,0,61,01:37.5,Lapped
2024,18,Singapore Grand Prix,22-09-2024,Marina Bay Street Circuit,Valtteri Bottas,Finnish,Sauber,19,16,0,61,01:37.5,Lapped
2024,18,Singapore Grand Prix,22-09-2024,Marina Bay Street Circuit,Pierre Gasly,French,Alpine F1 Team,18,17,0,61,01:36.9,Lapped
2024,18,Singapore Grand Prix,22-09-2024,Marina Bay Street Circuit,Daniel Ricciardo,Australian,RB F1 Team,16,18,0,61,01:34.5,Lapped
2024,18,Singapore Grand Prix,22-09-2024,Marina Bay Street Circuit,Kevin Magnussen,Danish,Haas F1 Team,14,19,0,57,01:37.4,Finished
2024,18,Singapore Grand Prix,22-09-2024,Marina Bay Street Circuit,Alexander Albon,Thai,Williams,11,20,0,15,01:36.9,Retired
2024,19,United States Grand Prix,20-10-2024,Circuit of the Americas,Charles Leclerc,Monegasque,Ferrari,4,1,25,56,01:37.8,Finished
2024,19,United States Grand Prix,20-10-2024,Circuit of the Americas,Carlos Sainz,Spanish,Ferrari,3,2,18,56,01:37.8,Finished
2024,19,United States Grand Prix,20-10-2024,Circuit of the Americas,Max Verstappen,Dutch,Red Bull,2,3,15,56,01:38.1,Finished
2024,19,United States Grand Prix,20-10-2024,Circuit of the Americas,Lando Norris,British,McLaren,1,4,12,56,01:37.7,Finished
2024,19,United States Grand Prix,20-10-2024,Circuit of the Americas,Oscar Piastri,Australian,McLaren,5,5,10,56,01:37.9,Finished
2024,19,United States Grand Prix,20-10-2024,Circuit of the Americas,George Russell,British,Mercedes,20,6,8,56,01:37.7,Finished
2024,19,United States Grand Prix,20-10-2024,Circuit of the Americas,Sergio Pérez,Mexican,Red Bull,9,7,6,56,01:38.5,Finished
2024,19,United States Grand Prix,20-10-2024,Circuit of the Americas,Nico Hülkenberg,German,Haas F1 Team,11,8,4,56,01:38.4,Finished
2024,19,United States Grand Prix,20-10-2024,Circuit of the Americas,Liam Lawson,New Zealander,RB F1 Team,19,9,2,56,01:38.1,Finished
2024,19,United States Grand Prix,20-10-2024,Circuit of the Americas,Franco Colapinto,Argentine,Williams,15,10,1,56,01:37.6,Finished
2024,19,United States Grand Prix,20-10-2024,Circuit of the Americas,Kevin Magnussen,Danish,Haas F1 Team,8,11,0,56,01:38.2,Finished
2024,19,United States Grand Prix,20-10-2024,Circuit of the Americas,Pierre Gasly,French,Alpine F1 Team,6,12,0,56,01:38.3,Finished
2024,19,United States Grand Prix,20-10-2024,Circuit of the Americas,Fernando Alonso,Spanish,Aston Martin,7,13,0,55,01:39.3,Lapped
2024,19,United States Grand Prix,20-10-2024,Circuit of the Americas,Yuki Tsunoda,Japanese,RB F1 Team,10,14,0,55,01:39.2,Lapped
2024,19,United States Grand Prix,20-10-2024,Circuit of the Americas,Lance Stroll,Canadian,Aston Martin,13,15,0,55,01:39.2,Lapped
2024,19,United States Grand Prix,20-10-2024,Circuit of the Americas,Alexander Albon,Thai,Williams,14,16,0,55,01:39.1,Lapped
2024,19,United States Grand Prix,20-10-2024,Circuit of the Americas,Valtteri Bottas,Finnish,Sauber,16,17,0,55,01:40.6,Lapped
2024,19,United States Grand Prix,20-10-2024,Circuit of the Americas,Esteban Ocon,French,Alpine F1 Team,12,18,0,55,01:37.3,Lapped
2024,19,United States Grand Prix,20-10-2024,Circuit of the Americas,Guanyu Zhou,Chinese,Sauber,18,19,0,55,01:39.3,Lapped
2024,19,United States Grand Prix,20-10-2024,Circuit of the Americas,Lewis Hamilton,British,Mercedes,17,20,0,1,N/A,Retired
2024,20,Mexico City Grand Prix,27-10-2024,Autódromo Hermanos Rodríguez,Carlos Sainz,Spanish,Ferrari,1,1,25,71,01:20.1,Finished
2024,20,Mexico City Grand Prix,27-10-2024,Autódromo Hermanos Rodríguez,Lando Norris,British,McLaren,3,2,18,71,01:19.7,Finished
2024,20,Mexico City Grand Prix,27-10-2024,Autódromo Hermanos Rodríguez,Charles Leclerc,Monegasque,Ferrari,4,3,16,71,01:18.3,Finished
2024,20,Mexico City Grand Prix,27-10-2024,Autódromo Hermanos Rodríguez,Lewis Hamilton,British,Mercedes,6,4,12,71,01:20.4,Finished
2024,20,Mexico City Grand Prix,27-10-2024,Autódromo Hermanos Rodríguez,George Russell,British,Mercedes,5,5,10,71,01:20.7,Finished
2024,20,Mexico City Grand Prix,27-10-2024,Autódromo Hermanos Rodríguez,Max Verstappen,Dutch,Red Bull,2,6,8,71,01:20.9,Finished
2024,20,Mexico City Grand Prix,27-10-2024,Autódromo Hermanos Rodríguez,Kevin Magnussen,Danish,Haas F1 Team,7,7,6,71,01:20.6,Finished
2024,20,Mexico City Grand Prix,27-10-2024,Autódromo Hermanos Rodríguez,Oscar Piastri,Australian,McLaren,17,8,4,71,01:20.1,Finished
2024,20,Mexico City Grand Prix,27-10-2024,Autódromo Hermanos Rodríguez,Nico Hülkenberg,German,Haas F1 Team,10,9,2,70,01:20.7,Lapped
2024,20,Mexico City Grand Prix,27-10-2024,Autódromo Hermanos Rodríguez,Pierre Gasly,French,Alpine F1 Team,8,10,1,70,01:21.3,Lapped
2024,20,Mexico City Grand Prix,27-10-2024,Autódromo Hermanos Rodríguez,Lance Stroll,Canadian,Aston Martin,14,11,0,70,01:21.3,Lapped
2024,20,Mexico City Grand Prix,27-10-2024,Autódromo Hermanos Rodríguez,Franco Colapinto,Argentine,Williams,16,12,0,70,01:20.1,Lapped
2024,20,Mexico City Grand Prix,27-10-2024,Autódromo Hermanos Rodríguez,Esteban Ocon,French,Alpine F1 Team,20,13,0,70,01:20.7,Lapped
2024,20,Mexico City Grand Prix,27-10-2024,Autódromo Hermanos Rodríguez,Valtteri Bottas,Finnish,Sauber,15,14,0,70,01:21.1,Lapped
2024,20,Mexico City Grand Prix,27-10-2024,Autódromo Hermanos Rodríguez,Guanyu Zhou,Chinese,Sauber,19,15,0,70,01:21.6,Lapped
2024,20,Mexico City Grand Prix,27-10-2024,Autódromo Hermanos Rodríguez,Liam Lawson,New Zealander,RB F1 Team,12,16,0,70,01:19.5,Lapped
2024,20,Mexico City Grand Prix,27-10-2024,Autódromo Hermanos Rodríguez,Sergio Pérez,Mexican,Red Bull,18,17,0,70,01:19.2,Lapped
2024,20,Mexico City Grand Prix,27-10-2024,Autódromo Hermanos Rodríguez,Fernando Alonso,Spanish,Aston Martin,13,18,0,15,01:22.7,Retired
2024,20,Mexico City Grand Prix,27-10-2024,Autódromo Hermanos Rodríguez,Alexander Albon,Thai,Williams,9,19,0,0,N/A,Retired
2024,20,Mexico City Grand Prix,27-10-2024,Autódromo Hermanos Rodríguez,Yuki Tsunoda,Japanese,RB F1 Team,11,20,0,0,N/A,Retired
2024,21,São Paulo Grand Prix,03-11-2024,Autódromo José Carlos Pace,Max Verstappen,Dutch,Red Bull,17,1,26,69,01:20.5,Finished
2024,21,São Paulo Grand Prix,03-11-2024,Autódromo José Carlos Pace,Esteban Ocon,French,Alpine F1 Team,4,2,18,69,01:21.8,Finished
2024,21,São Paulo Grand Prix,03-11-2024,Autódromo José Carlos Pace,Pierre Gasly,French,Alpine F1 Team,13,3,15,69,01:21.6,Finished
2024,21,São Paulo Grand Prix,03-11-2024,Autódromo José Carlos Pace,George Russell,British,Mercedes,2,4,12,69,01:21.6,Finished
2024,21,São Paulo Grand Prix,03-11-2024,Autódromo José Carlos Pace,Charles Leclerc,Monegasque,Ferrari,6,5,10,69,01:21.6,Finished
2024,21,São Paulo Grand Prix,03-11-2024,Autódromo José Carlos Pace,Lando Norris,British,McLaren,1,6,8,69,01:21.5,Finished
2024,21,São Paulo Grand Prix,03-11-2024,Autódromo José Carlos Pace,Yuki Tsunoda,Japanese,RB F1 Team,3,7,6,69,01:21.8,Finished
2024,21,São Paulo Grand Prix,03-11-2024,Autódromo José Carlos Pace,Oscar Piastri,Australian,McLaren,8,8,4,69,01:21.5,Finished
2024,21,São Paulo Grand Prix,03-11-2024,Autódromo José Carlos Pace,Liam Lawson,New Zealander,RB F1 Team,5,9,2,69,01:22.1,Finished
2024,21,São Paulo Grand Prix,03-11-2024,Autódromo José Carlos Pace,Lewis Hamilton,British,Mercedes,14,10,1,69,01:22.0,Finished
2024,21,São Paulo Grand Prix,03-11-2024,Autódromo José Carlos Pace,Sergio Pérez,Mexican,Red Bull,12,11,0,69,01:22.1,Finished
2024,21,São Paulo Grand Prix,03-11-2024,Autódromo José Carlos Pace,Oliver Bearman,British,Haas F1 Team,15,12,0,69,01:22.5,Finished
2024,21,São Paulo Grand Prix,03-11-2024,Autódromo José Carlos Pace,Valtteri Bottas,Finnish,Sauber,11,13,0,69,01:22.9,Finished
2024,21,São Paulo Grand Prix,03-11-2024,Autódromo José Carlos Pace,Fernando Alonso,Spanish,Aston Martin,9,14,0,69,01:22.3,Finished
2024,21,São Paulo Grand Prix,03-11-2024,Autódromo José Carlos Pace,Guanyu Zhou,Chinese,Sauber,19,15,0,69,01:23.1,Finished
2024,21,São Paulo Grand Prix,03-11-2024,Autódromo José Carlos Pace,Carlos Sainz,Spanish,Ferrari,20,16,0,38,01:24.2,Retired
2024,21,São Paulo Grand Prix,03-11-2024,Autódromo José Carlos Pace,Franco Colapinto,Argentine,Williams,16,17,0,30,01:24.3,Retired
2024,21,São Paulo Grand Prix,03-11-2024,Autódromo José Carlos Pace,Alexander Albon,Thai,Williams,7,18,0,0,N/A,Did not start
2024,21,São Paulo Grand Prix,03-11-2024,Autódromo José Carlos Pace,Lance Stroll,Canadian,Aston Martin,10,19,0,0,N/A,Did not start
2024,21,São Paulo Grand Prix,03-11-2024,Autódromo José Carlos Pace,Nico Hülkenberg,German,Haas F1 Team,18,20,0,0,N/A,Disqualified
2024,22,Las Vegas Grand Prix,23-11-2024,Las Vegas Strip Street Circuit,George Russell,British,Mercedes,1,1,25,50,01:35.7,Finished
2024,22,Las Vegas Grand Prix,23-11-2024,Las Vegas Strip Street Circuit,Lewis Hamilton,British,Mercedes,10,2,18,50,01:35.5,Finished
2024,22,Las Vegas Grand Prix,23-11-2024,Las Vegas Strip Street Circuit,Carlos Sainz,Spanish,Ferrari,2,3,15,50,01:35.9,Finished
2024,22,Las Vegas Grand Prix,23-11-2024,Las Vegas Strip Street Circuit,Charles Leclerc,Monegasque,Ferrari,4,4,12,50,01:35.7,Finished
2024,22,Las Vegas Grand Prix,23-11-2024,Las Vegas Strip Street Circuit,Max Verstappen,Dutch,Red Bull,5,5,10,50,01:36.2,Finished
2024,22,Las Vegas Grand Prix,23-11-2024,Las Vegas Strip Street Circuit,Lando Norris,British,McLaren,6,6,9,50,01:34.9,Finished
2024,22,Las Vegas Grand Prix,23-11-2024,Las Vegas Strip Street Circuit,Oscar Piastri,Australian,McLaren,8,7,6,50,01:36.6,Finished
2024,22,Las Vegas Grand Prix,23-11-2024,Las Vegas Strip Street Circuit,Nico Hülkenberg,German,Haas F1 Team,9,8,4,50,01:36.6,Finished
2024,22,Las Vegas Grand Prix,23-11-2024,Las Vegas Strip Street Circuit,Yuki Tsunoda,Japanese,RB F1 Team,7,9,2,50,01:37.0,Finished
2024,22,Las Vegas Grand Prix,23-11-2024,Las Vegas Strip Street Circuit,Sergio Pérez,Mexican,Red Bull,15,10,1,50,01:36.3,Finished
2024,22,Las Vegas Grand Prix,23-11-2024,Las Vegas Strip Street Circuit,Fernando Alonso,Spanish,Aston Martin,16,11,0,50,01:36.6,Finished
2024,22,Las Vegas Grand Prix,23-11-2024,Las Vegas Strip Street Circuit,Kevin Magnussen,Danish,Haas F1 Team,12,12,0,50,01:36.6,Finished
2024,22,Las Vegas Grand Prix,23-11-2024,Las Vegas Strip Street Circuit,Guanyu Zhou,Chinese,Sauber,13,13,0,50,01:36.3,Finished
2024,22,Las Vegas Grand Prix,23-11-2024,Las Vegas Strip Street Circuit,Franco Colapinto,Argentine,Williams,20,14,0,50,01:36.9,Finished
2024,22,Las Vegas Grand Prix,23-11-2024,Las Vegas Strip Street Circuit,Lance Stroll,Canadian,Aston Martin,18,15,0,50,01:37.2,Finished
2024,22,Las Vegas Grand Prix,23-11-2024,Las Vegas Strip Street Circuit,Liam Lawson,New Zealander,RB F1 Team,14,16,0,50,01:37.0,Finished
2024,22,Las Vegas Grand Prix,23-11-2024,Las Vegas Strip Street Circuit,Esteban Ocon,French,Alpine F1 Team,11,17,0,49,01:36.5,Lapped
2024,22,Las Vegas Grand Prix,23-11-2024,Las Vegas Strip Street Circuit,Valtteri Bottas,Finnish,Sauber,19,18,0,49,01:36.6,Lapped
2024,22,Las Vegas Grand Prix,23-11-2024,Las Vegas Strip Street Circuit,Alexander Albon,Thai,Williams,17,19,0,25,01:38.0,Retired
2024,22,Las Vegas Grand Prix,23-11-2024,Las Vegas Strip Street Circuit,Pierre Gasly,French,Alpine F1 Team,3,20,0,15,01:38.3,Retired
2024,23,Qatar Grand Prix,01-12-2024,Losail International Circuit,Max Verstappen,Dutch,Red Bull,2,1,25,57,01:22.9,Finished
2024,23,Qatar Grand Prix,01-12-2024,Losail International Circuit,Charles Leclerc,Monegasque,Ferrari,5,2,18,57,01:23.2,Finished
2024,23,Qatar Grand Prix,01-12-2024,Losail International Circuit,Oscar Piastri,Australian,McLaren,4,3,15,57,01:23.2,Finished
2024,23,Qatar Grand Prix,01-12-2024,Losail International Circuit,George Russell,British,Mercedes,1,4,12,57,01:23.4,Finished
2024,23,Qatar Grand Prix,01-12-2024,Losail International Circuit,Pierre Gasly,French,Alpine F1 Team,11,5,10,57,01:23.7,Finished
2024,23,Qatar Grand Prix,01-12-2024,Losail International Circuit,Carlos Sainz,Spanish,Ferrari,7,6,8,57,01:23.5,Finished
2024,23,Qatar Grand Prix,01-12-2024,Losail International Circuit,Fernando Alonso,Spanish,Aston Martin,8,7,6,57,01:23.7,Finished
2024,23,Qatar Grand Prix,01-12-2024,Losail International Circuit,Guanyu Zhou,Chinese,Sauber,12,8,4,57,01:23.9,Finished
2024,23,Qatar Grand Prix,01-12-2024,Losail International Circuit,Kevin Magnussen,Danish,Haas F1 Team,10,9,2,57,01:24.3,Finished
2024,23,Qatar Grand Prix,01-12-2024,Losail International Circuit,Lando Norris,British,McLaren,3,10,2,57,01:22.4,Finished
2024,23,Qatar Grand Prix,01-12-2024,Losail International Circuit,Valtteri Bottas,Finnish,Sauber,13,11,0,57,01:25.5,Finished
2024,23,Qatar Grand Prix,01-12-2024,Losail International Circuit,Lewis Hamilton,British,Mercedes,6,12,0,57,01:23.9,Finished
2024,23,Qatar Grand Prix,01-12-2024,Losail International Circuit,Yuki Tsunoda,Japanese,RB F1 Team,14,13,0,57,01:26.1,Finished
2024,23,Qatar Grand Prix,01-12-2024,Losail International Circuit,Liam Lawson,New Zealander,RB F1 Team,17,14,0,57,01:26.1,Finished
2024,23,Qatar Grand Prix,01-12-2024,Losail International Circuit,Alexander Albon,Thai,Williams,16,15,0,56,01:25.6,Lapped
2024,23,Qatar Grand Prix,01-12-2024,Losail International Circuit,Nico Hülkenberg,German,Haas F1 Team,18,16,0,39,01:25.8,Retired
2024,23,Qatar Grand Prix,01-12-2024,Losail International Circuit,Sergio Pérez,Mexican,Red Bull,9,17,0,38,01:25.3,Retired
2024,23,Qatar Grand Prix,01-12-2024,Losail International Circuit,Lance Stroll,Canadian,Aston Martin,15,18,0,8,01:30.9,Retired
2024,23,Qatar Grand Prix,01-12-2024,Losail International Circuit,Franco Colapinto,Argentine,Williams,19,19,0,0,N/A,Retired
2024,23,Qatar Grand Prix,01-12-2024,Losail International Circuit,Esteban Ocon,French,Alpine F1 Team,20,20,0,0,N/A,Retired
2024,24,Abu Dhabi Grand Prix,08-12-2024,Yas Marina Circuit,Lando Norris,British,McLaren,1,1,25,58,01:27.4,Finished
2024,24,Abu Dhabi Grand Prix,08-12-2024,Yas Marina Circuit,Carlos Sainz,Spanish,Ferrari,3,2,18,58,01:27.8,Finished
2024,24,Abu Dhabi Grand Prix,08-12-2024,Yas Marina Circuit,Charles Leclerc,Monegasque,Ferrari,19,3,15,58,01:28.0,Finished
2024,24,Abu Dhabi Grand Prix,08-12-2024,Yas Marina Circuit,Lewis Hamilton,British,Mercedes,16,4,12,58,01:27.3,Finished
2024,24,Abu Dhabi Grand Prix,08-12-2024,Yas Marina Circuit,George Russell,British,Mercedes,6,5,10,58,01:28.2,Finished
2024,24,Abu Dhabi Grand Prix,08-12-2024,Yas Marina Circuit,Max Verstappen,Dutch,Red Bull,4,6,8,58,01:27.8,Finished
2024,24,Abu Dhabi Grand Prix,08-12-2024,Yas Marina Circuit,Pierre Gasly,French,Alpine F1 Team,5,7,6,58,01:29.3,Finished
2024,24,Abu Dhabi Grand Prix,08-12-2024,Yas Marina Circuit,Nico Hülkenberg,German,Haas F1 Team,7,8,4,58,01:29.2,Finished
2024,24,Abu Dhabi Grand Prix,08-12-2024,Yas Marina Circuit,Fernando Alonso,Spanish,Aston Martin,8,9,2,58,01:27.9,Finished
2024,24,Abu Dhabi Grand Prix,08-12-2024,Yas Marina Circuit,Oscar Piastri,Australian,McLaren,2,10,1,58,01:27.7,Finished
2024,24,Abu Dhabi Grand Prix,08-12-2024,Yas Marina Circuit,Alexander Albon,Thai,Williams,18,11,0,57,01:29.4,Lapped
2024,24,Abu Dhabi Grand Prix,08-12-2024,Yas Marina Circuit,Yuki Tsunoda,Japanese,RB F1 Team,11,12,0,57,01:29.2,Lapped
2024,24,Abu Dhabi Grand Prix,08-12-2024,Yas Marina Circuit,Guanyu Zhou,Chinese,Sauber,15,13,0,57,01:28.0,Lapped
2024,24,Abu Dhabi Grand Prix,08-12-2024,Yas Marina Circuit,Lance Stroll,Canadian,Aston Martin,13,14,0,57,01:28.6,Lapped
2024,24,Abu Dhabi Grand Prix,08-12-2024,Yas Marina Circuit,Jack Doohan,Australian,Alpine F1 Team,17,15,0,57,01:29.1,Lapped
2024,24,Abu Dhabi Grand Prix,08-12-2024,Yas Marina Circuit,Kevin Magnussen,Danish,Haas F1 Team,14,16,0,57,01:25.6,Lapped
2024,24,Abu Dhabi Grand Prix,08-12-2024,Yas Marina Circuit,Liam Lawson,New Zealander,RB F1 Team,12,17,0,55,01:28.8,Finished
2024,24,Abu Dhabi Grand Prix,08-12-2024,Yas Marina Circuit,Valtteri Bottas,Finnish,Sauber,9,18,0,30,01:29.5,Retired
2024,24,Abu Dhabi Grand Prix,08-12-2024,Yas Marina Circuit,Franco Colapinto,Argentine,Williams,20,19,0,26,01:29.4,Retired
2024,24,Abu Dhabi Grand Prix,08-12-2024,Yas Marina Circuit,Sergio Pérez,Mexican,Red Bull,10,20,0,0,N/A,Retired
2025,1,Australian Grand Prix,16-03-2025,Albert Park Grand Prix Circuit,Lando Norris,British,McLaren,1,1,25,57,01:22.2,Finished
2025,1,Australian Grand Prix,16-03-2025,Albert Park Grand Prix Circuit,Max Verstappen,Dutch,Red Bull,3,2,18,57,01:23.1,Finished
2025,1,Australian Grand Prix,16-03-2025,Albert Park Grand Prix Circuit,George Russell,British,Mercedes,4,3,15,57,01:25.1,Finished
2025,1,Australian Grand Prix,16-03-2025,Albert Park Grand Prix Circuit,Andrea Kimi Antonelli,Italian,Mercedes,16,4,12,57,01:24.9,Finished
2025,1,Australian Grand Prix,16-03-2025,Albert Park Grand Prix Circuit,Alexander Albon,Thai,Williams,6,5,10,57,01:24.6,Finished
2025,1,Australian Grand Prix,16-03-2025,Albert Park Grand Prix Circuit,Lance Stroll,Canadian,Aston Martin,13,6,8,57,01:25.5,Finished
2025,1,Australian Grand Prix,16-03-2025,Albert Park Grand Prix Circuit,Nico Hülkenberg,German,Sauber,17,7,6,57,01:25.2,Finished
2025,1,Australian Grand Prix,16-03-2025,Albert Park Grand Prix Circuit,Charles Leclerc,Monegasque,Ferrari,7,8,4,57,01:25.3,Finished
2025,1,Australian Grand Prix,16-03-2025,Albert Park Grand Prix Circuit,Oscar Piastri,Australian,McLaren,2,9,2,57,01:23.2,Finished
2025,1,Australian Grand Prix,16-03-2025,Albert Park Grand Prix Circuit,Lewis Hamilton,British,Ferrari,8,10,1,57,01:24.2,Finished
2025,1,Australian Grand Prix,16-03-2025,Albert Park Grand Prix Circuit,Pierre Gasly,French,Alpine F1 Team,9,11,0,57,01:25.0,Finished
2025,1,Australian Grand Prix,16-03-2025,Albert Park Grand Prix Circuit,Yuki Tsunoda,Japanese,RB F1 Team,5,12,0,57,01:24.2,Finished
2025,1,Australian Grand Prix,16-03-2025,Albert Park Grand Prix Circuit,Esteban Ocon,French,Haas F1 Team,19,13,0,57,01:26.8,Finished
2025,1,Australian Grand Prix,16-03-2025,Albert Park Grand Prix Circuit,Oliver Bearman,British,Haas F1 Team,20,14,0,57,01:27.6,Finished
2025,1,Australian Grand Prix,16-03-2025,Albert Park Grand Prix Circuit,Liam Lawson,New Zealander,Red Bull,18,15,0,46,01:23.0,Retired
2025,1,Australian Grand Prix,16-03-2025,Albert Park Grand Prix Circuit,Gabriel Bortoleto,Brazilian,Sauber,15,16,0,45,01:24.2,Retired
2025,1,Australian Grand Prix,16-03-2025,Albert Park Grand Prix Circuit,Fernando Alonso,Spanish,Aston Martin,12,17,0,32,01:28.8,Retired
2025,1,Australian Grand Prix,16-03-2025,Albert Park Grand Prix Circuit,Carlos Sainz,Spanish,Williams,10,18,0,0,N/A,Retired
2025,1,Australian Grand Prix,16-03-2025,Albert Park Grand Prix Circuit,Jack Doohan,Australian,Alpine F1 Team,14,19,0,0,N/A,Retired
2025,1,Australian Grand Prix,16-03-2025,Albert Park Grand Prix Circuit,Isack Hadjar,French,RB F1 Team,11,20,0,0,N/A,Retired
2025,2,Chinese Grand Prix,23-03-2025,Shanghai International Circuit,Oscar Piastri,Australian,McLaren,1,1,25,56,01:35.5,Finished
2025,2,Chinese Grand Prix,23-03-2025,Shanghai International Circuit,Lando Norris,British,McLaren,3,2,18,56,01:35.5,Finished
2025,2,Chinese Grand Prix,23-03-2025,Shanghai International Circuit,George Russell,British,Mercedes,2,3,15,56,01:35.8,Finished
2025,2,Chinese Grand Prix,23-03-2025,Shanghai International Circuit,Max Verstappen,Dutch,Red Bull,4,4,12,56,01:35.5,Finished
2025,2,Chinese Grand Prix,23-03-2025,Shanghai International Circuit,Esteban Ocon,French,Haas F1 Team,11,5,10,56,01:35.7,Finished
2025,2,Chinese Grand Prix,23-03-2025,Shanghai International Circuit,Andrea Kimi Antonelli,Italian,Mercedes,8,6,8,56,01:36.0,Finished
2025,2,Chinese Grand Prix,23-03-2025,Shanghai International Circuit,Alexander Albon,Thai,Williams,10,7,6,56,01:36.3,Finished
2025,2,Chinese Grand Prix,23-03-2025,Shanghai International Circuit,Oliver Bearman,British,Haas F1 Team,17,8,4,56,01:36.4,Finished
2025,2,Chinese Grand Prix,23-03-2025,Shanghai International Circuit,Lance Stroll,Canadian,Aston Martin,14,9,2,56,01:36.0,Finished
2025,2,Chinese Grand Prix,23-03-2025,Shanghai International Circuit,Carlos Sainz,Spanish,Williams,15,10,1,56,01:36.8,Finished
2025,2,Chinese Grand Prix,23-03-2025,Shanghai International Circuit,Isack Hadjar,French,RB F1 Team,7,11,0,56,01:35.9,Finished
2025,2,Chinese Grand Prix,23-03-2025,Shanghai International Circuit,Liam Lawson,New Zealander,Red Bull,20,12,0,56,01:36.0,Finished
2025,2,Chinese Grand Prix,23-03-2025,Shanghai International Circuit,Jack Doohan,Australian,Alpine F1 Team,18,13,0,56,01:36.4,Finished
2025,2,Chinese Grand Prix,23-03-2025,Shanghai International Circuit,Gabriel Bortoleto,Brazilian,Sauber,19,14,0,55,01:35.9,Lapped
2025,2,Chinese Grand Prix,23-03-2025,Shanghai International Circuit,Nico Hülkenberg,German,Sauber,12,15,0,55,01:37.3,Lapped
2025,2,Chinese Grand Prix,23-03-2025,Shanghai International Circuit,Yuki Tsunoda,Japanese,RB F1 Team,9,16,0,55,01:35.9,Lapped
2025,2,Chinese Grand Prix,23-03-2025,Shanghai International Circuit,Fernando Alonso,Spanish,Aston Martin,13,17,0,4,01:39.3,Retired
2025,2,Chinese Grand Prix,23-03-2025,Shanghai International Circuit,Charles Leclerc,Monegasque,Ferrari,6,18,0,0,N/A,Disqualified
2025,2,Chinese Grand Prix,23-03-2025,Shanghai International Circuit,Lewis Hamilton,British,Ferrari,5,19,0,0,N/A,Disqualified
2025,2,Chinese Grand Prix,23-03-2025,Shanghai International Circuit,Pierre Gasly,French,Alpine F1 Team,16,20,0,0,N/A,Disqualified
2025,3,Japanese Grand Prix,06-04-2025,Suzuka Circuit,Max Verstappen,Dutch,Red Bull,1,1,25,53,01:31.0,Finished
2025,3,Japanese Grand Prix,06-04-2025,Suzuka Circuit,Lando Norris,British,McLaren,2,2,18,53,01:31.1,Finished
2025,3,Japanese Grand Prix,06-04-2025,Suzuka Circuit,Oscar Piastri,Australian,McLaren,3,3,15,53,01:31.0,Finished
2025,3,Japanese Grand Prix,06-04-2025,Suzuka Circuit,Charles Leclerc,Monegasque,Ferrari,4,4,12,53,01:31.5,Finished
2025,3,Japanese Grand Prix,06-04-2025,Suzuka Circuit,George Russell,British,Mercedes,5,5,10,53,01:31.4,Finished
2025,3,Japanese Grand Prix,06-04-2025,Suzuka Circuit,Andrea Kimi Antonelli,Italian,Mercedes,6,6,8,53,01:31.0,Finished
2025,3,Japanese Grand Prix,06-04-2025,Suzuka Circuit,Lewis Hamilton,British,Ferrari,8,7,6,53,01:31.4,Finished
2025,3,Japanese Grand Prix,06-04-2025,Suzuka Circuit,Isack Hadjar,French,RB F1 Team,7,8,4,53,01:31.3,Finished
2025,3,Japanese Grand Prix,06-04-2025,Suzuka Circuit,Alexander Albon,Thai,Williams,9,9,2,53,01:31.1,Finished
2025,3,Japanese Grand Prix,06-04-2025,Suzuka Circuit,Oliver Bearman,British,Haas F1 Team,10,10,1,53,01:32.0,Finished
2025,3,Japanese Grand Prix,06-04-2025,Suzuka Circuit,Fernando Alonso,Spanish,Aston Martin,12,11,0,53,01:31.8,Finished
2025,3,Japanese Grand Prix,06-04-2025,Suzuka Circuit,Yuki Tsunoda,Japanese,Red Bull,14,12,0,53,01:31.9,Finished
2025,3,Japanese Grand Prix,06-04-2025,Suzuka Circuit,Pierre Gasly,French,Alpine F1 Team,11,13,0,53,01:31.8,Finished
2025,3,Japanese Grand Prix,06-04-2025,Suzuka Circuit,Carlos Sainz,Spanish,Williams,15,14,0,53,01:31.1,Finished
2025,3,Japanese Grand Prix,06-04-2025,Suzuka Circuit,Jack Doohan,Australian,Alpine F1 Team,19,15,0,53,01:32.7,Finished
2025,3,Japanese Grand Prix,06-04-2025,Suzuka Circuit,Nico Hülkenberg,German,Sauber,16,16,0,53,01:32.6,Finished
2025,3,Japanese Grand Prix,06-04-2025,Suzuka Circuit,Liam Lawson,New Zealander,RB F1 Team,13,17,0,53,01:32.0,Finished
2025,3,Japanese Grand Prix,06-04-2025,Suzuka Circuit,Esteban Ocon,French,Haas F1 Team,18,18,0,53,01:32.0,Finished
2025,3,Japanese Grand Prix,06-04-2025,Suzuka Circuit,Gabriel Bortoleto,Brazilian,Sauber,17,19,0,53,01:32.0,Finished
2025,3,Japanese Grand Prix,06-04-2025,Suzuka Circuit,Lance Stroll,Canadian,Aston Martin,20,20,0,52,01:32.1,Lapped
2025,4,Bahrain Grand Prix,13-04-2025,Bahrain International Circuit,Oscar Piastri,Australian,McLaren,1,1,25,57,01:35.1,Finished
2025,4,Bahrain Grand Prix,13-04-2025,Bahrain International Circuit,George Russell,British,Mercedes,3,2,18,57,01:35.5,Finished
2025,4,Bahrain Grand Prix,13-04-2025,Bahrain International Circuit,Lando Norris,British,McLaren,6,3,15,57,01:35.7,Finished
2025,4,Bahrain Grand Prix,13-04-2025,Bahrain International Circuit,Charles Leclerc,Monegasque,Ferrari,2,4,12,57,01:36.1,Finished
2025,4,Bahrain Grand Prix,13-04-2025,Bahrain International Circuit,Lewis Hamilton,British,Ferrari,9,5,10,57,01:36.2,Finished
2025,4,Bahrain Grand Prix,13-04-2025,Bahrain International Circuit,Max Verstappen,Dutch,Red Bull,7,6,8,57,01:36.2,Finished
2025,4,Bahrain Grand Prix,13-04-2025,Bahrain International Circuit,Pierre Gasly,French,Alpine F1 Team,4,7,6,57,01:36.5,Finished
2025,4,Bahrain Grand Prix,13-04-2025,Bahrain International Circuit,Esteban Ocon,French,Haas F1 Team,14,8,4,57,01:37.1,Finished
2025,4,Bahrain Grand Prix,13-04-2025,Bahrain International Circuit,Yuki Tsunoda,Japanese,Red Bull,10,9,2,57,01:37.2,Finished
2025,4,Bahrain Grand Prix,13-04-2025,Bahrain International Circuit,Oliver Bearman,British,Haas F1 Team,20,10,1,57,01:37.3,Finished
2025,4,Bahrain Grand Prix,13-04-2025,Bahrain International Circuit,Andrea Kimi Antonelli,Italian,Mercedes,5,11,0,57,01:36.7,Finished
2025,4,Bahrain Grand Prix,13-04-2025,Bahrain International Circuit,Alexander Albon,Thai,Williams,15,12,0,57,01:37.1,Finished
2025,4,Bahrain Grand Prix,13-04-2025,Bahrain International Circuit,Isack Hadjar,French,RB F1 Team,12,13,0,57,01:37.0,Finished
2025,4,Bahrain Grand Prix,13-04-2025,Bahrain International Circuit,Jack Doohan,Australian,Alpine F1 Team,11,14,0,57,01:36.7,Finished
2025,4,Bahrain Grand Prix,13-04-2025,Bahrain International Circuit,Fernando Alonso,Spanish,Aston Martin,13,15,0,57,01:37.9,Finished
2025,4,Bahrain Grand Prix,13-04-2025,Bahrain International Circuit,Liam Lawson,New Zealander,RB F1 Team,17,16,0,57,01:37.4,Finished
2025,4,Bahrain Grand Prix,13-04-2025,Bahrain International Circuit,Lance Stroll,Canadian,Aston Martin,19,17,0,57,01:38.1,Finished
2025,4,Bahrain Grand Prix,13-04-2025,Bahrain International Circuit,Gabriel Bortoleto,Brazilian,Sauber,18,18,0,57,01:38.0,Finished
2025,4,Bahrain Grand Prix,13-04-2025,Bahrain International Circuit,Carlos Sainz,Spanish,Williams,8,19,0,45,01:37.0,Retired
2025,4,Bahrain Grand Prix,13-04-2025,Bahrain International Circuit,Nico Hülkenberg,German,Sauber,16,20,0,0,N/A,Disqualified
2025,5,Saudi Arabian Grand Prix,20-04-2025,Jeddah Corniche Circuit,Oscar Piastri,Australian,McLaren,2,1,25,50,01:32.2,Finished
2025,5,Saudi Arabian Grand Prix,20-04-2025,Jeddah Corniche Circuit,Max Verstappen,Dutch,Red Bull,1,2,18,50,01:32.3,Finished
2025,5,Saudi Arabian Grand Prix,20-04-2025,Jeddah Corniche Circuit,Charles Leclerc,Monegasque,Ferrari,4,3,15,50,01:32.2,Finished
2025,5,Saudi Arabian Grand Prix,20-04-2025,Jeddah Corniche Circuit,Lando Norris,British,McLaren,10,4,12,50,01:31.8,Finished
2025,5,Saudi Arabian Grand Prix,20-04-2025,Jeddah Corniche Circuit,George Russell,British,Mercedes,3,5,10,50,01:32.9,Finished
2025,5,Saudi Arabian Grand Prix,20-04-2025,Jeddah Corniche Circuit,Andrea Kimi Antonelli,Italian,Mercedes,5,6,8,50,01:32.4,Finished
2025,5,Saudi Arabian Grand Prix,20-04-2025,Jeddah Corniche Circuit,Lewis Hamilton,British,Ferrari,7,7,6,50,01:32.6,Finished
2025,5,Saudi Arabian Grand Prix,20-04-2025,Jeddah Corniche Circuit,Carlos Sainz,Spanish,Williams,6,8,4,50,01:32.5,Finished
2025,5,Saudi Arabian Grand Prix,20-04-2025,Jeddah Corniche Circuit,Alexander Albon,Thai,Williams,11,9,2,50,01:33.5,Finished
2025,5,Saudi Arabian Grand Prix,20-04-2025,Jeddah Corniche Circuit,Isack Hadjar,French,RB F1 Team,14,10,1,50,01:33.3,Finished
2025,5,Saudi Arabian Grand Prix,20-04-2025,Jeddah Corniche Circuit,Fernando Alonso,Spanish,Aston Martin,13,11,0,50,01:33.0,Finished
2025,5,Saudi Arabian Grand Prix,20-04-2025,Jeddah Corniche Circuit,Liam Lawson,New Zealander,RB F1 Team,12,12,0,50,01:33.0,Finished
2025,5,Saudi Arabian Grand Prix,20-04-2025,Jeddah Corniche Circuit,Oliver Bearman,British,Haas F1 Team,15,13,0,50,01:33.2,Finished
2025,5,Saudi Arabian Grand Prix,20-04-2025,Jeddah Corniche Circuit,Esteban Ocon,French,Haas F1 Team,19,14,0,50,01:34.3,Finished
2025,5,Saudi Arabian Grand Prix,20-04-2025,Jeddah Corniche Circuit,Nico Hülkenberg,German,Sauber,18,15,0,49,01:33.4,Lapped
2025,5,Saudi Arabian Grand Prix,20-04-2025,Jeddah Corniche Circuit,Lance Stroll,Canadian,Aston Martin,16,16,0,49,01:32.7,Lapped
2025,5,Saudi Arabian Grand Prix,20-04-2025,Jeddah Corniche Circuit,Jack Doohan,Australian,Alpine F1 Team,17,17,0,49,01:33.2,Lapped
2025,5,Saudi Arabian Grand Prix,20-04-2025,Jeddah Corniche Circuit,Gabriel Bortoleto,Brazilian,Sauber,20,18,0,49,01:34.4,Lapped
2025,5,Saudi Arabian Grand Prix,20-04-2025,Jeddah Corniche Circuit,Yuki Tsunoda,Japanese,Red Bull,8,19,0,1,N/A,Retired
2025,5,Saudi Arabian Grand Prix,20-04-2025,Jeddah Corniche Circuit,Pierre Gasly,French,Alpine F1 Team,9,20,0,0,N/A,Retired
2025,6,Miami Grand Prix,04-05-2025,Miami International Autodrome,Oscar Piastri,Australian,McLaren,4,1,25,57,01:29.8,Finished
2025,6,Miami Grand Prix,04-05-2025,Miami International Autodrome,Lando Norris,British,McLaren,2,2,18,57,01:29.7,Finished
2025,6,Miami Grand Prix,04-05-2025,Miami International Autodrome,George Russell,British,Mercedes,5,3,15,57,01:30.3,Finished
2025,6,Miami Grand Prix,04-05-2025,Miami International Autodrome,Max Verstappen,Dutch,Red Bull,1,4,12,57,01:30.5,Finished
2025,6,Miami Grand Prix,04-05-2025,Miami International Autodrome,Alexander Albon,Thai,Williams,7,5,10,57,01:30.5,Finished
2025,6,Miami Grand Prix,04-05-2025,Miami International Autodrome,Andrea Kimi Antonelli,Italian,Mercedes,3,6,8,57,01:30.8,Finished
2025,6,Miami Grand Prix,04-05-2025,Miami International Autodrome,Charles Leclerc,Monegasque,Ferrari,8,7,6,57,01:30.5,Finished
2025,6,Miami Grand Prix,04-05-2025,Miami International Autodrome,Lewis Hamilton,British,Ferrari,12,8,4,57,01:30.6,Finished
2025,6,Miami Grand Prix,04-05-2025,Miami International Autodrome,Carlos Sainz,Spanish,Williams,6,9,2,57,01:30.7,Finished
2025,6,Miami Grand Prix,04-05-2025,Miami International Autodrome,Yuki Tsunoda,Japanese,Red Bull,10,10,1,57,01:31.0,Finished
2025,6,Miami Grand Prix,04-05-2025,Miami International Autodrome,Isack Hadjar,French,RB F1 Team,11,11,0,57,01:31.0,Finished
2025,6,Miami Grand Prix,04-05-2025,Miami International Autodrome,Esteban Ocon,French,Haas F1 Team,9,12,0,57,01:31.1,Finished
2025,6,Miami Grand Prix,04-05-2025,Miami International Autodrome,Pierre Gasly,French,Alpine F1 Team,20,13,0,57,01:31.2,Finished
2025,6,Miami Grand Prix,04-05-2025,Miami International Autodrome,Nico Hülkenberg,German,Sauber,16,14,0,56,01:31.0,Lapped
2025,6,Miami Grand Prix,04-05-2025,Miami International Autodrome,Fernando Alonso,Spanish,Aston Martin,17,15,0,56,01:31.3,Lapped
2025,6,Miami Grand Prix,04-05-2025,Miami International Autodrome,Lance Stroll,Canadian,Aston Martin,18,16,0,56,01:31.8,Lapped
2025,6,Miami Grand Prix,04-05-2025,Miami International Autodrome,Liam Lawson,New Zealander,RB F1 Team,15,17,0,36,01:31.8,Retired
2025,6,Miami Grand Prix,04-05-2025,Miami International Autodrome,Gabriel Bortoleto,Brazilian,Sauber,13,18,0,30,01:32.3,Retired
2025,6,Miami Grand Prix,04-05-2025,Miami International Autodrome,Oliver Bearman,British,Haas F1 Team,19,19,0,27,01:32.7,Retired
2025,6,Miami Grand Prix,04-05-2025,Miami International Autodrome,Jack Doohan,Australian,Alpine F1 Team,14,20,0,0,N/A,Retired
2025,7,Emilia Romagna Grand Prix,18-05-2025,Autodromo Enzo e Dino Ferrari,Max Verstappen,Dutch,Red Bull,2,1,25,63,01:18.0,Finished
2025,7,Emilia Romagna Grand Prix,18-05-2025,Autodromo Enzo e Dino Ferrari,Lando Norris,British,McLaren,4,2,18,63,01:18.3,Finished
2025,7,Emilia Romagna Grand Prix,18-05-2025,Autodromo Enzo e Dino Ferrari,Oscar Piastri,Australian,McLaren,1,3,15,63,01:18.9,Finished
2025,7,Emilia Romagna Grand Prix,18-05-2025,Autodromo Enzo e Dino Ferrari,Lewis Hamilton,British,Ferrari,12,4,12,63,01:18.3,Finished
2025,7,Emilia Romagna Grand Prix,18-05-2025,Autodromo Enzo e Dino Ferrari,Alexander Albon,Thai,Williams,7,5,10,63,01:18.3,Finished
2025,7,Emilia Romagna Grand Prix,18-05-2025,Autodromo Enzo e Dino Ferrari,Charles Leclerc,Monegasque,Ferrari,11,6,8,63,01:19.0,Finished
2025,7,Emilia Romagna Grand Prix,18-05-2025,Autodromo Enzo e Dino Ferrari,George Russell,British,Mercedes,3,7,6,63,01:19.7,Finished
2025,7,Emilia Romagna Grand Prix,18-05-2025,Autodromo Enzo e Dino Ferrari,Carlos Sainz,Spanish,Williams,6,8,4,63,01:19.8,Finished
2025,7,Emilia Romagna Grand Prix,18-05-2025,Autodromo Enzo e Dino Ferrari,Isack Hadjar,French,RB F1 Team,9,9,2,63,01:19.5,Finished
2025,7,Emilia Romagna Grand Prix,18-05-2025,Autodromo Enzo e Dino Ferrari,Yuki Tsunoda,Japanese,Red Bull,20,10,1,63,01:20.0,Finished
2025,7,Emilia Romagna Grand Prix,18-05-2025,Autodromo Enzo e Dino Ferrari,Fernando Alonso,Spanish,Aston Martin,5,11,0,63,01:19.9,Finished
2025,7,Emilia Romagna Grand Prix,18-05-2025,Autodromo Enzo e Dino Ferrari,Nico Hülkenberg,German,Sauber,17,12,0,63,01:20.4,Finished
2025,7,Emilia Romagna Grand Prix,18-05-2025,Autodromo Enzo e Dino Ferrari,Pierre Gasly,French,Alpine F1 Team,10,13,0,63,01:20.4,Finished
2025,7,Emilia Romagna Grand Prix,18-05-2025,Autodromo Enzo e Dino Ferrari,Liam Lawson,New Zealander,RB F1 Team,15,14,0,63,01:20.5,Finished
2025,7,Emilia Romagna Grand Prix,18-05-2025,Autodromo Enzo e Dino Ferrari,Lance Stroll,Canadian,Aston Martin,8,15,0,63,01:20.5,Finished
2025,7,Emilia Romagna Grand Prix,18-05-2025,Autodromo Enzo e Dino Ferrari,Franco Colapinto,Argentine,Alpine F1 Team,16,16,0,63,01:20.3,Finished
2025,7,Emilia Romagna Grand Prix,18-05-2025,Autodromo Enzo e Dino Ferrari,Oliver Bearman,British,Haas F1 Team,19,17,0,63,01:19.5,Finished
2025,7,Emilia Romagna Grand Prix,18-05-2025,Autodromo Enzo e Dino Ferrari,Gabriel Bortoleto,Brazilian,Sauber,14,18,0,63,01:20.6,Finished
2025,7,Emilia Romagna Grand Prix,18-05-2025,Autodromo Enzo e Dino Ferrari,Andrea Kimi Antonelli,Italian,Mercedes,13,19,0,44,01:20.6,Retired
2025,7,Emilia Romagna Grand Prix,18-05-2025,Autodromo Enzo e Dino Ferrari,Esteban Ocon,French,Haas F1 Team,18,20,0,27,01:21.4,Retired
2025,8,Monaco Grand Prix,25-05-2025,Circuit de Monaco,Lando Norris,British,McLaren,1,1,25,78,01:13.2,Finished
2025,8,Monaco Grand Prix,25-05-2025,Circuit de Monaco,Charles Leclerc,Monegasque,Ferrari,2,2,18,78,01:14.1,Finished
2025,8,Monaco Grand Prix,25-05-2025,Circuit de Monaco,Oscar Piastri,Australian,McLaren,3,3,15,78,01:13.7,Finished
2025,8,Monaco Grand Prix,25-05-2025,Circuit de Monaco,Max Verstappen,Dutch,Red Bull,4,4,12,78,01:14.2,Finished
2025,8,Monaco Grand Prix,25-05-2025,Circuit de Monaco,Lewis Hamilton,British,Ferrari,7,5,10,78,01:14.1,Finished
2025,8,Monaco Grand Prix,25-05-2025,Circuit de Monaco,Isack Hadjar,French,RB F1 Team,5,6,8,77,01:16.0,Lapped
2025,8,Monaco Grand Prix,25-05-2025,Circuit de Monaco,Esteban Ocon,French,Haas F1 Team,8,7,6,77,01:15.2,Lapped
2025,8,Monaco Grand Prix,25-05-2025,Circuit de Monaco,Liam Lawson,New Zealander,RB F1 Team,9,8,4,77,01:15.3,Lapped
2025,8,Monaco Grand Prix,25-05-2025,Circuit de Monaco,Alexander Albon,Thai,Williams,10,9,2,76,01:14.6,Lapped
2025,8,Monaco Grand Prix,25-05-2025,Circuit de Monaco,Carlos Sainz,Spanish,Williams,11,10,1,76,01:14.0,Lapped
2025,8,Monaco Grand Prix,25-05-2025,Circuit de Monaco,George Russell,British,Mercedes,14,11,0,76,01:13.4,Lapped
2025,8,Monaco Grand Prix,25-05-2025,Circuit de Monaco,Oliver Bearman,British,Haas F1 Team,20,12,0,76,01:14.9,Lapped
2025,8,Monaco Grand Prix,25-05-2025,Circuit de Monaco,Franco Colapinto,Argentine,Alpine F1 Team,18,13,0,76,01:15.3,Lapped
2025,8,Monaco Grand Prix,25-05-2025,Circuit de Monaco,Gabriel Bortoleto,Brazilian,Sauber,16,14,0,76,01:14.9,Lapped
2025,8,Monaco Grand Prix,25-05-2025,Circuit de Monaco,Lance Stroll,Canadian,Aston Martin,19,15,0,76,01:14.9,Lapped
2025,8,Monaco Grand Prix,25-05-2025,Circuit de Monaco,Nico Hülkenberg,German,Sauber,13,16,0,76,01:15.2,Lapped
2025,8,Monaco Grand Prix,25-05-2025,Circuit de Monaco,Yuki Tsunoda,Japanese,Red Bull,12,17,0,76,01:14.9,Lapped
2025,8,Monaco Grand Prix,25-05-2025,Circuit de Monaco,Andrea Kimi Antonelli,Italian,Mercedes,15,18,0,75,01:13.5,Lapped
2025,8,Monaco Grand Prix,25-05-2025,Circuit de Monaco,Fernando Alonso,Spanish,Aston Martin,6,19,0,36,01:15.6,Retired
2025,8,Monaco Grand Prix,25-05-2025,Circuit de Monaco,Pierre Gasly,French,Alpine F1 Team,17,20,0,7,01:18.1,Retired
2025,9,Spanish Grand Prix,01-06-2025,Circuit de Barcelona-Catalunya,Oscar Piastri,Australian,McLaren,1,1,25,66,01:15.7,Finished
2025,9,Spanish Grand Prix,01-06-2025,Circuit de Barcelona-Catalunya,Lando Norris,British,McLaren,2,2,18,66,01:16.2,Finished
2025,9,Spanish Grand Prix,01-06-2025,Circuit de Barcelona-Catalunya,Charles Leclerc,Monegasque,Ferrari,7,3,15,66,01:17.3,Finished
2025,9,Spanish Grand Prix,01-06-2025,Circuit de Barcelona-Catalunya,George Russell,British,Mercedes,4,4,12,66,01:17.2,Finished
2025,9,Spanish Grand Prix,01-06-2025,Circuit de Barcelona-Catalunya,Nico Hülkenberg,German,Sauber,15,5,10,66,01:17.6,Finished
2025,9,Spanish Grand Prix,01-06-2025,Circuit de Barcelona-Catalunya,Lewis Hamilton,British,Ferrari,5,6,8,66,01:17.7,Finished
2025,9,Spanish Grand Prix,01-06-2025,Circuit de Barcelona-Catalunya,Isack Hadjar,French,RB F1 Team,9,7,6,66,01:17.8,Finished
2025,9,Spanish Grand Prix,01-06-2025,Circuit de Barcelona-Catalunya,Pierre Gasly,French,Alpine F1 Team,8,8,4,66,01:17.9,Finished
2025,9,Spanish Grand Prix,01-06-2025,Circuit de Barcelona-Catalunya,Fernando Alonso,Spanish,Aston Martin,10,9,2,66,01:18.1,Finished
2025,9,Spanish Grand Prix,01-06-2025,Circuit de Barcelona-Catalunya,Max Verstappen,Dutch,Red Bull,3,10,1,66,01:17.0,Finished
2025,9,Spanish Grand Prix,01-06-2025,Circuit de Barcelona-Catalunya,Liam Lawson,New Zealander,RB F1 Team,13,11,0,66,01:19.4,Finished
2025,9,Spanish Grand Prix,01-06-2025,Circuit de Barcelona-Catalunya,Gabriel Bortoleto,Brazilian,Sauber,12,12,0,66,01:18.3,Finished
2025,9,Spanish Grand Prix,01-06-2025,Circuit de Barcelona-Catalunya,Yuki Tsunoda,Japanese,Red Bull,19,13,0,66,01:18.0,Finished
2025,9,Spanish Grand Prix,01-06-2025,Circuit de Barcelona-Catalunya,Carlos Sainz,Spanish,Williams,17,14,0,66,01:19.3,Finished
2025,9,Spanish Grand Prix,01-06-2025,Circuit de Barcelona-Catalunya,Franco Colapinto,Argentine,Alpine F1 Team,18,15,0,66,01:18.4,Finished
2025,9,Spanish Grand Prix,01-06-2025,Circuit de Barcelona-Catalunya,Esteban Ocon,French,Haas F1 Team,16,16,0,66,01:18.6,Finished
2025,9,Spanish Grand Prix,01-06-2025,Circuit de Barcelona-Catalunya,Oliver Bearman,British,Haas F1 Team,14,17,0,66,01:18.9,Finished
2025,9,Spanish Grand Prix,01-06-2025,Circuit de Barcelona-Catalunya,Andrea Kimi Antonelli,Italian,Mercedes,6,18,0,53,01:18.3,Retired
2025,9,Spanish Grand Prix,01-06-2025,Circuit de Barcelona-Catalunya,Alexander Albon,Thai,Williams,11,19,0,27,01:20.5,Retired
2025,10,Canadian Grand Prix,15-06-2025,Circuit Gilles Villeneuve,George Russell,British,Mercedes,1,1,25,70,01:14.1,Finished
2025,10,Canadian Grand Prix,15-06-2025,Circuit Gilles Villeneuve,Max Verstappen,Dutch,Red Bull,2,2,18,70,01:14.3,Finished
2025,10,Canadian Grand Prix,15-06-2025,Circuit Gilles Villeneuve,Andrea Kimi Antonelli,Italian,Mercedes,4,3,15,70,01:14.5,Finished
2025,10,Canadian Grand Prix,15-06-2025,Circuit Gilles Villeneuve,Oscar Piastri,Australian,McLaren,3,4,12,70,01:14.3,Finished
2025,10,Canadian Grand Prix,15-06-2025,Circuit Gilles Villeneuve,Charles Leclerc,Monegasque,Ferrari,8,5,10,70,01:14.3,Finished
2025,10,Canadian Grand Prix,15-06-2025,Circuit Gilles Villeneuve,Lewis Hamilton,British,Ferrari,5,6,8,70,01:14.8,Finished
2025,10,Canadian Grand Prix,15-06-2025,Circuit Gilles Villeneuve,Fernando Alonso,Spanish,Aston Martin,6,7,6,70,01:15.0,Finished
2025,10,Canadian Grand Prix,15-06-2025,Circuit Gilles Villeneuve,Nico Hülkenberg,German,Sauber,11,8,4,70,01:15.4,Finished
2025,10,Canadian Grand Prix,15-06-2025,Circuit Gilles Villeneuve,Esteban Ocon,French,Haas F1 Team,14,9,2,69,01:14.6,Lapped
2025,10,Canadian Grand Prix,15-06-2025,Circuit Gilles Villeneuve,Carlos Sainz,Spanish,Williams,16,10,1,69,01:14.4,Lapped
2025,10,Canadian Grand Prix,15-06-2025,Circuit Gilles Villeneuve,Oliver Bearman,British,Haas F1 Team,13,11,0,69,01:15.4,Lapped
2025,10,Canadian Grand Prix,15-06-2025,Circuit Gilles Villeneuve,Yuki Tsunoda,Japanese,Red Bull,18,12,0,69,01:15.4,Lapped
2025,10,Canadian Grand Prix,15-06-2025,Circuit Gilles Villeneuve,Franco Colapinto,Argentine,Alpine F1 Team,10,13,0,69,01:16.1,Lapped
2025,10,Canadian Grand Prix,15-06-2025,Circuit Gilles Villeneuve,Gabriel Bortoleto,Brazilian,Sauber,15,14,0,69,01:15.4,Lapped
2025,10,Canadian Grand Prix,15-06-2025,Circuit Gilles Villeneuve,Pierre Gasly,French,Alpine F1 Team,20,15,0,69,01:15.0,Lapped
2025,10,Canadian Grand Prix,15-06-2025,Circuit Gilles Villeneuve,Isack Hadjar,French,RB F1 Team,12,16,0,69,01:16.3,Lapped
2025,10,Canadian Grand Prix,15-06-2025,Circuit Gilles Villeneuve,Lance Stroll,Canadian,Aston Martin,17,17,0,69,01:14.9,Lapped
2025,10,Canadian Grand Prix,15-06-2025,Circuit Gilles Villeneuve,Lando Norris,British,McLaren,7,18,0,66,01:14.2,Retired
2025,10,Canadian Grand Prix,15-06-2025,Circuit Gilles Villeneuve,Liam Lawson,New Zealander,RB F1 Team,19,19,0,53,01:16.3,Retired
2025,10,Canadian Grand Prix,15-06-2025,Circuit Gilles Villeneuve,Alexander Albon,Thai,Williams,9,20,0,46,01:16.2,Retired
2025,11,Austrian Grand Prix,29-06-2025,Red Bull Ring,Lando Norris,British,McLaren,1,1,25,70,01:08.3,Finished
2025,11,Austrian Grand Prix,29-06-2025,Red Bull Ring,Oscar Piastri,Australian,McLaren,3,2,18,70,01:07.9,Finished
2025,11,Austrian Grand Prix,29-06-2025,Red Bull Ring,Charles Leclerc,Monegasque,Ferrari,2,3,15,70,01:08.8,Finished
2025,11,Austrian Grand Prix,29-06-2025,Red Bull Ring,Lewis Hamilton,British,Ferrari,4,4,12,70,01:08.6,Finished
2025,11,Austrian Grand Prix,29-06-2025,Red Bull Ring,George Russell,British,Mercedes,5,5,10,70,01:09.4,Finished
2025,11,Austrian Grand Prix,29-06-2025,Red Bull Ring,Liam Lawson,New Zealander,RB F1 Team,6,6,8,70,01:10.0,Finished
2025,11,Austrian Grand Prix,29-06-2025,Red Bull Ring,Fernando Alonso,Spanish,Aston Martin,11,7,6,69,01:09.9,Lapped
2025,11,Austrian Grand Prix,29-06-2025,Red Bull Ring,Gabriel Bortoleto,Brazilian,Sauber,8,8,4,69,01:09.2,Lapped
2025,11,Austrian Grand Prix,29-06-2025,Red Bull Ring,Nico Hülkenberg,German,Sauber,20,9,2,69,01:09.5,Lapped
2025,11,Austrian Grand Prix,29-06-2025,Red Bull Ring,Esteban Ocon,French,Haas F1 Team,17,10,1,69,01:09.6,Lapped
2025,11,Austrian Grand Prix,29-06-2025,Red Bull Ring,Oliver Bearman,British,Haas F1 Team,15,11,0,69,01:10.0,Lapped
2025,11,Austrian Grand Prix,29-06-2025,Red Bull Ring,Isack Hadjar,French,RB F1 Team,13,12,0,69,01:10.2,Lapped
2025,11,Austrian Grand Prix,29-06-2025,Red Bull Ring,Pierre Gasly,French,Alpine F1 Team,10,13,0,69,01:10.2,Lapped
2025,11,Austrian Grand Prix,29-06-2025,Red Bull Ring,Lance Stroll,Canadian,Aston Martin,16,14,0,69,01:09.2,Lapped
2025,11,Austrian Grand Prix,29-06-2025,Red Bull Ring,Franco Colapinto,Argentine,Alpine F1 Team,14,15,0,69,01:09.6,Lapped
2025,11,Austrian Grand Prix,29-06-2025,Red Bull Ring,Yuki Tsunoda,Japanese,Red Bull,18,16,0,68,01:09.8,Lapped
2025,11,Austrian Grand Prix,29-06-2025,Red Bull Ring,Alexander Albon,Thai,Williams,12,17,0,15,01:10.6,Retired
2025,11,Austrian Grand Prix,29-06-2025,Red Bull Ring,Max Verstappen,Dutch,Red Bull,7,18,0,0,N/A,Retired
2025,11,Austrian Grand Prix,29-06-2025,Red Bull Ring,Andrea Kimi Antonelli,Italian,Mercedes,9,19,0,0,N/A,Retired
2025,11,Austrian Grand Prix,29-06-2025,Red Bull Ring,Carlos Sainz,Spanish,Williams,19,20,0,0,N/A,Did not start
2025,12,British Grand Prix,06-07-2025,Silverstone Circuit,Lando Norris,British,McLaren,3,1,25,52,01:29.7,Finished
2025,12,British Grand Prix,06-07-2025,Silverstone Circuit,Oscar Piastri,Australian,McLaren,2,2,18,52,01:29.3,Finished
2025,12,British Grand Prix,06-07-2025,Silverstone Circuit,Nico Hülkenberg,German,Sauber,19,3,15,52,01:30.9,Finished
2025,12,British Grand Prix,06-07-2025,Silverstone Circuit,Lewis Hamilton,British,Ferrari,5,4,12,52,01:30.0,Finished
2025,12,British Grand Prix,06-07-2025,Silverstone Circuit,Max Verstappen,Dutch,Red Bull,1,5,10,52,01:30.2,Finished
2025,12,British Grand Prix,06-07-2025,Silverstone Circuit,Pierre Gasly,French,Alpine F1 Team,8,6,8,52,01:30.8,Finished
2025,12,British Grand Prix,06-07-2025,Silverstone Circuit,Lance Stroll,Canadian,Aston Martin,17,7,6,52,01:32.1,Finished
2025,12,British Grand Prix,06-07-2025,Silverstone Circuit,Alexander Albon,Thai,Williams,13,8,4,52,01:30.0,Finished
2025,12,British Grand Prix,06-07-2025,Silverstone Circuit,Fernando Alonso,Spanish,Aston Martin,7,9,2,52,01:30.4,Finished
2025,12,British Grand Prix,06-07-2025,Silverstone Circuit,George Russell,British,Mercedes,4,10,1,52,01:30.9,Finished
2025,12,British Grand Prix,06-07-2025,Silverstone Circuit,Oliver Bearman,British,Haas F1 Team,18,11,0,52,01:30.9,Finished
2025,12,British Grand Prix,06-07-2025,Silverstone Circuit,Carlos Sainz,Spanish,Williams,9,12,0,52,01:30.6,Finished
2025,12,British Grand Prix,06-07-2025,Silverstone Circuit,Esteban Ocon,French,Haas F1 Team,14,13,0,52,01:30.8,Finished
2025,12,British Grand Prix,06-07-2025,Silverstone Circuit,Charles Leclerc,Monegasque,Ferrari,6,14,0,52,01:30.8,Finished
2025,12,British Grand Prix,06-07-2025,Silverstone Circuit,Yuki Tsunoda,Japanese,Red Bull,11,15,0,51,01:30.9,Lapped
2025,12,British Grand Prix,06-07-2025,Silverstone Circuit,Andrea Kimi Antonelli,Italian,Mercedes,10,16,0,23,01:45.6,Retired
2025,12,British Grand Prix,06-07-2025,Silverstone Circuit,Isack Hadjar,French,RB F1 Team,12,17,0,17,01:41.7,Retired
2025,12,British Grand Prix,06-07-2025,Silverstone Circuit,Gabriel Bortoleto,Brazilian,Sauber,16,18,0,3,02:16.1,Retired
2025,12,British Grand Prix,06-07-2025,Silverstone Circuit,Liam Lawson,New Zealander,RB F1 Team,15,19,0,0,N/A,Retired
2025,12,British Grand Prix,06-07-2025,Silverstone Circuit,Franco Colapinto,Argentine,Alpine F1 Team,20,20,0,0,N/A,Did not start
2025,13,Belgian Grand Prix,27-07-2025,Circuit de Spa-Francorchamps,Oscar Piastri,Australian,McLaren,2,1,25,44,01:45.7,Finished
2025,13,Belgian Grand Prix,27-07-2025,Circuit de Spa-Francorchamps,Lando Norris,British,McLaren,1,2,18,44,01:45.3,Finished
2025,13,Belgian Grand Prix,27-07-2025,Circuit de Spa-Francorchamps,Charles Leclerc,Monegasque,Ferrari,3,3,15,44,01:46.2,Finished
2025,13,Belgian Grand Prix,27-07-2025,Circuit de Spa-Francorchamps,Max Verstappen,Dutch,Red Bull,4,4,12,44,01:46.1,Finished
2025,13,Belgian Grand Prix,27-07-2025,Circuit de Spa-Francorchamps,George Russell,British,Mercedes,6,5,10,44,01:46.6,Finished
2025,13,Belgian Grand Prix,27-07-2025,Circuit de Spa-Francorchamps,Alexander Albon,Thai,Williams,5,6,8,44,01:46.8,Finished
2025,13,Belgian Grand Prix,27-07-2025,Circuit de Spa-Francorchamps,Lewis Hamilton,British,Ferrari,18,7,6,44,01:46.5,Finished
2025,13,Belgian Grand Prix,27-07-2025,Circuit de Spa-Francorchamps,Liam Lawson,New Zealander,RB F1 Team,9,8,4,44,01:46.6,Finished
2025,13,Belgian Grand Prix,27-07-2025,Circuit de Spa-Francorchamps,Gabriel Bortoleto,Brazilian,Sauber,10,9,2,44,01:47.0,Finished
2025,13,Belgian Grand Prix,27-07-2025,Circuit de Spa-Francorchamps,Pierre Gasly,French,Alpine F1 Team,13,10,1,44,01:47.2,Finished
2025,13,Belgian Grand Prix,27-07-2025,Circuit de Spa-Francorchamps,Oliver Bearman,British,Haas F1 Team,12,11,0,44,01:46.7,Finished
2025,13,Belgian Grand Prix,27-07-2025,Circuit de Spa-Francorchamps,Nico Hülkenberg,German,Sauber,14,12,0,44,01:45.1,Finished
2025,13,Belgian Grand Prix,27-07-2025,Circuit de Spa-Francorchamps,Yuki Tsunoda,Japanese,Red Bull,7,13,0,44,01:47.2,Finished
2025,13,Belgian Grand Prix,27-07-2025,Circuit de Spa-Francorchamps,Lance Stroll,Canadian,Aston Martin,16,14,0,44,01:47.2,Finished
2025,13,Belgian Grand Prix,27-07-2025,Circuit de Spa-Francorchamps,Esteban Ocon,French,Haas F1 Team,11,15,0,44,01:46.7,Finished
2025,13,Belgian Grand Prix,27-07-2025,Circuit de Spa-Francorchamps,Andrea Kimi Antonelli,Italian,Mercedes,19,16,0,44,01:44.9,Finished
2025,13,Belgian Grand Prix,27-07-2025,Circuit de Spa-Francorchamps,Fernando Alonso,Spanish,Aston Martin,20,17,0,44,01:45.8,Finished
2025,13,Belgian Grand Prix,27-07-2025,Circuit de Spa-Francorchamps,Carlos Sainz,Spanish,Williams,17,18,0,44,01:46.1,Finished
2025,13,Belgian Grand Prix,27-07-2025,Circuit de Spa-Francorchamps,Franco Colapinto,Argentine,Alpine F1 Team,15,19,0,44,01:46.1,Finished
2025,13,Belgian Grand Prix,27-07-2025,Circuit de Spa-Francorchamps,Isack Hadjar,French,RB F1 Team,8,20,0,43,01:47.7,Lapped
2025,14,Hungarian Grand Prix,03-08-2025,Hungaroring,Lando Norris,British,McLaren,3,1,25,70,01:19.9,Finished
2025,14,Hungarian Grand Prix,03-08-2025,Hungaroring,Oscar Piastri,Australian,McLaren,2,2,18,70,01:19.4,Finished
2025,14,Hungarian Grand Prix,03-08-2025,Hungaroring,George Russell,British,Mercedes,4,3,15,70,01:19.4,Finished
2025,14,Hungarian Grand Prix,03-08-2025,Hungaroring,Charles Leclerc,Monegasque,Ferrari,1,4,12,70,01:20.4,Finished
2025,14,Hungarian Grand Prix,03-08-2025,Hungaroring,Fernando Alonso,Spanish,Aston Martin,5,5,10,70,01:20.1,Finished
2025,14,Hungarian Grand Prix,03-08-2025,Hungaroring,Gabriel Bortoleto,Brazilian,Sauber,7,6,8,70,01:20.7,Finished
2025,14,Hungarian Grand Prix,03-08-2025,Hungaroring,Lance Stroll,Canadian,Aston Martin,6,7,6,70,01:20.7,Finished
2025,14,Hungarian Grand Prix,03-08-2025,Hungaroring,Liam Lawson,New Zealander,RB F1 Team,9,8,4,70,01:20.5,Finished
2025,14,Hungarian Grand Prix,03-08-2025,Hungaroring,Max Verstappen,Dutch,Red Bull,8,9,2,70,01:19.6,Finished
2025,14,Hungarian Grand Prix,03-08-2025,Hungaroring,Andrea Kimi Antonelli,Italian,Mercedes,15,10,1,69,01:20.7,Lapped
2025,14,Hungarian Grand Prix,03-08-2025,Hungaroring,Isack Hadjar,French,RB F1 Team,10,11,0,69,01:20.8,Lapped
2025,14,Hungarian Grand Prix,03-08-2025,Hungaroring,Lewis Hamilton,British,Ferrari,12,12,0,69,01:20.0,Lapped
2025,14,Hungarian Grand Prix,03-08-2025,Hungaroring,Nico Hülkenberg,German,Sauber,18,13,0,69,01:20.0,Lapped
2025,14,Hungarian Grand Prix,03-08-2025,Hungaroring,Carlos Sainz,Spanish,Williams,13,14,0,69,01:19.8,Lapped
2025,14,Hungarian Grand Prix,03-08-2025,Hungaroring,Alexander Albon,Thai,Williams,19,15,0,69,01:20.8,Lapped
2025,14,Hungarian Grand Prix,03-08-2025,Hungaroring,Esteban Ocon,French,Haas F1 Team,17,16,0,69,01:21.9,Lapped
2025,14,Hungarian Grand Prix,03-08-2025,Hungaroring,Yuki Tsunoda,Japanese,Red Bull,20,17,0,69,01:21.2,Lapped
2025,14,Hungarian Grand Prix,03-08-2025,Hungaroring,Franco Colapinto,Argentine,Alpine F1 Team,14,18,0,69,01:20.8,Lapped
2025,14,Hungarian Grand Prix,03-08-2025,Hungaroring,Pierre Gasly,French,Alpine F1 Team,16,19,0,69,01:21.4,Lapped
2025,14,Hungarian Grand Prix,03-08-2025,Hungaroring,Oliver Bearman,British,Haas F1 Team,11,20,0,48,01:22.0,Retired
