race_key,season,round,race_name,driver,driver_id,constructor,grid,won,s_grid_logit,s_logit_post,s_gbm_post,s_nn_post,s_ens_post,s_logit_pre,s_gbm_pre,s_nn_pre,s_ens_pre,p_ens_post,p_ens_pre
2025-01,2025,1,Australian Grand Prix,Alexander Albon,albon,Williams,6,0.0,1.510269424306525,0.4112269195293262,-5.504795057873512,-3.2612655,-3.21240369715707,-0.5191830085239515,-6.133859992069219,-5.289256,-4.398516491018939,0.0019207588884997224,0.0007882602567579474
2025-01,2025,1,Australian Grand Prix,Fernando Alonso,alonso,Aston Martin,12,0.0,-0.7581525820585773,-0.5477989265130844,-5.4527058656113025,-1.5616863,-2.907635454461256,-0.18653533340322834,-5.6179240057267625,-1.590788,-2.723773466346157,0.002605145701371928,0.004207278729229867
2025-01,2025,1,Australian Grand Prix,Andrea Kimi Antonelli,antonelli,Mercedes,16,0.0,-2.0064377661310093,-0.33091573878330804,-4.4166758132363615,-1.3709729,-2.3525661657461834,0.8199570975111985,-3.4485525707295825,-0.1470118,-1.0222951436948935,0.004538324512307979,0.02306449399946206
2025-01,2025,1,Australian Grand Prix,Oliver Bearman,bearman,Haas F1 Team,20,0.0,-3.1349229891834076,-2.208074848153393,-5.6751219956022565,-5.682616,-5.216006671926777,-1.5808267789221282,-6.575955139177912,-5.0138154,-4.850915979021064,0.0002590115529234072,0.0005014123529816607
2025-01,2025,1,Australian Grand Prix,Gabriel Bortoleto,bortoleto,Sauber,15,0.0,-1.70743939146875,-1.1857236518656362,-5.345017233040326,-3.695065,-3.931785844953504,-1.1601887898841674,-5.962835977173737,-3.82805,-4.0334346108854495,0.0009355115514810014,0.0011355929206204464
2025-01,2025,1,Australian Grand Prix,Jack Doohan,doohan,Alpine F1 Team,14,0.0,-1.4003444833319307,-1.1194463959829115,-5.341647752443196,-3.4799201,-3.8222844884984806,-1.3721743288352388,-5.694187957734572,-4.1767416,-4.140993074780408,0.0010437704304057166,0.0010197897184487136
2025-01,2025,1,Australian Grand Prix,Pierre Gasly,gasly,Alpine F1 Team,9,0.0,0.2948840369673291,0.15206274664396,-5.57621863614285,-2.0175946,-2.8613264723798837,-0.0583945772425046,-6.2353779998579,-2.952965,-3.4057033311070284,0.00272862436651969,0.0021273693965009484
2025-01,2025,1,Australian Grand Prix,Isack Hadjar,hadjar,RB F1 Team,11,0.0,-0.42071264090775734,-0.24017761539376256,-4.966617941537295,-1.5570204,-2.600663085347634,-0.34240785287719844,-5.380383505585152,-2.3692288,-2.9804046943134064,0.0035411834322826145,0.0032549757583653855
2025-01,2025,1,Australian Grand Prix,Lewis Hamilton,hamilton,Ferrari,8,0.0,0.6775968121904168,1.690398117553031,-4.3908623359985555,-0.70770246,-1.3104279132564434,2.4209063127080395,-3.191145530633086,0.06932851,-0.25815525853433186,0.01286738925929769,0.049522854193633885
2025-01,2025,1,Australian Grand Prix,Nico Hülkenberg,hulkenberg,Sauber,17,0.0,-2.2980879104339,-1.7457278231122573,-5.721616156390597,-5.246089,-4.88826956181071,-1.2621612541688194,-6.554581839506172,-4.28647,-4.457783352844176,0.0003594624699943038,0.0007429000017975304
2025-01,2025,1,Australian Grand Prix,Liam Lawson,lawson,Red Bull,18,0.0,-2.5830295048455456,-1.351409256902058,-4.942960324746747,-2.0584495,-3.211629103642615,-0.18001086297551097,-4.588871872766167,-0.7613535,-2.036863677058969,0.0019222472722493676,0.008362235915801902
2025-01,2025,1,Australian Grand Prix,Charles Leclerc,leclerc,Ferrari,7,0.0,1.0811703292911579,2.716260433540684,-3.5065414760893634,0.2243627,-0.21759358082527755,3.6906362428543056,-2.415466751026352,0.98340034,0.8318629932546718,0.03837976926498533,0.1472972296408683
2025-01,2025,1,Australian Grand Prix,Max Verstappen,max_verstappen,Red Bull,3,0.0,3.0392885480057727,3.508330868645086,-1.4248666811099866,1.6625745,1.440338506094606,3.842164537474704,-1.6843611593450372,2.049107,1.5494642073259952,0.20143415738396972,0.3018872881802141
2025-01,2025,1,Australian Grand Prix,Lando Norris,norris,McLaren,1,1.0,4.535407874971785,4.483457330489648,-0.5435643077851546,2.1978154,2.3599269719580582,3.5950385634105793,-2.0070683124931255,1.1868607,1.0220092055456635,0.5052488253989811,0.1781451607872317
2025-01,2025,1,Australian Grand Prix,Esteban Ocon,ocon,Haas F1 Team,19,0.0,-2.861814478160287,-1.7071029490755703,-5.676471669220513,-5.918723,-5.114685959999963,-0.8182891520527519,-6.470820833547396,-4.0018415,-4.158616034138926,0.00028663034197602504,0.0010019754369101647
2025-01,2025,1,Australian Grand Prix,Oscar Piastri,piastri,McLaren,2,0.0,3.6968099504315663,3.3587414205250847,-1.3979415582160335,1.2168372,1.2217900876938703,2.9674360511288347,-1.9461532834203403,0.69364274,0.631631149555852,0.16188952323007075,0.12056881538941852
2025-01,2025,1,Australian Grand Prix,George Russell,russell,Mercedes,4,0.0,2.47549925066826,2.517594797114694,-3.0630668658505353,0.19396403,-0.13515358366425306,3.0161801591867663,-1.7716511660961094,0.75355446,0.7359222008045285,0.04167787764266133,0.13382215584274726
2025-01,2025,1,Australian Grand Prix,Carlos Sainz,sainz,Williams,10,0.0,-0.07036443510254106,1.0939971279725311,-4.5624123035949955,-0.36028242,-1.4721205500288275,1.502911513733581,-4.381638923039215,-0.6775403,-1.3098233472048992,0.010946322000817535,0.01730103238634536
2025-01,2025,1,Australian Grand Prix,Lance Stroll,stroll,Aston Martin,13,0.0,-1.0842683928639936,-1.039567399076429,-5.454055539229559,-3.2467027,-3.745120404843704,-0.8066435199461491,-5.927422481767135,-2.8466568,-3.528714772236231,0.0011275009722356017,0.0018811339317502515
2025-01,2025,1,Australian Grand Prix,Yuki Tsunoda,tsunoda,RB F1 Team,5,0.0,1.9716099338407647,0.5087754955745676,-4.740063614174769,-1.0392073,-2.026486677612381,-0.21959566852213963,-5.478559297046166,-2.3011518,-2.9462570173268503,0.0062879643269690266,0.0033680451609137733
2025-02,2025,2,Chinese Grand Prix,Alexander Albon,albon,Williams,10,0.0,-0.07036443510254106,0.10519116072654046,-5.498118472620328,-3.2948499,-3.3404192951297382,0.011684168256769212,-5.812372838968658,-3.8430474,-3.551923437302189,0.0020258337661241874,0.0021402740013031682
2025-02,2025,2,Chinese Grand Prix,Fernando Alonso,alonso,Aston Martin,13,0.0,-1.0842683928639936,-0.2620798426569195,-5.585964790562566,-1.724575,-2.9116452163832025,0.1906541328669211,-5.687905155162727,-1.5487348,-2.595135535850828,0.0031104127391001547,0.005571820051619392
2025-02,2025,2,Chinese Grand Prix,Andrea Kimi Antonelli,antonelli,Mercedes,8,0.0,0.6775968121904168,0.7897837557895883,-4.56459602085701,-1.1599153,-1.8973851329451341,0.6606939384973973,-3.9690689402991803,-1.6289438,-1.8184838614215506,0.008576410886278252,0.01211414084001936
2025-02,2025,2,Chinese Grand Prix,Oliver Bearman,bearman,Haas F1 Team,17,0.0,-2.2980879104339,-1.9821404602576687,-5.6895068192245555,-4.7667284,-4.782511019962727,-2.1710954195313166,-6.666889909930672,-5.7068524,-5.35706803639917,0.00047897332471269916,0.00035196950513811915
2025-02,2025,2,Chinese Grand Prix,Gabriel Bortoleto,bortoleto,Sauber,19,0.0,-2.861814478160287,-0.7024037440822188,-5.5691398187112515,-7.1801424,-5.17212520496567,0.6795746794852504,-6.233803876535233,-5.894341,-4.216669199807135,0.00032441732312436583,0.0011009661322021634
2025-02,2025,2,Chinese Grand Prix,Jack Doohan,doohan,Alpine F1 Team,18,0.0,-2.5830295048455456,-1.2548390639484446,-5.541746662122541,-5.653341,-4.786952285105133,-0.29550279976563054,-5.898990562118452,-4.4224772,-3.9103793937186633,0.0004768507940311549,0.0014955258773470034
2025-02,2025,2,Chinese Grand Prix,Pierre Gasly,gasly,Alpine F1 Team,16,0.0,-2.0064377661310093,-0.8064307151193744,-5.619937223144417,-3.2328975,-3.713953066316261,-0.2892726299206748,-6.203351187197603,-2.5222948,-3.3203211295586494,0.0013943768054167085,0.0026980685537801616
2025-02,2025,2,Chinese Grand Prix,Isack Hadjar,hadjar,RB F1 Team,7,0.0,1.0811703292911579,0.9784042963700529,-4.732565264370026,-3.1120896,-2.640048830544121,1.375104197719141,-4.561637511700921,-4.272216,-2.74716207534212,0.00408103983213344,0.004786001107019245
2025-02,2025,2,Chinese Grand Prix,Lewis Hamilton,hamilton,Ferrari,5,0.0,1.9716099338407647,1.910178917897328,-2.5232311670208096,-0.51017666,-0.4318775029140891,1.8473024621485594,-3.447097603150245,-0.19920236,-0.6625960467002728,0.037133634321257616,0.03848471884675691
2025-02,2025,2,Chinese Grand Prix,Nico Hülkenberg,hulkenberg,Sauber,12,0.0,-0.7581525820585773,-0.8216523474693788,-5.668041114682107,-4.349496,-4.167629587999381,-0.6329380370606443,-6.404973666178041,-4.635671,-4.299544520280772,0.0008858311335820001,0.0010134017854010542
2025-02,2025,2,Chinese Grand Prix,Liam Lawson,lawson,Red Bull,20,0.0,-3.1349229891834076,-1.3764358477196261,-4.994683024616131,-2.228684,-3.3065934665538994,-0.3625180555482198,-4.817568929971539,-1.0317725,-2.287915094171874,0.0020955314167443707,0.007575673072927953
2025-02,2025,2,Chinese Grand Prix,Charles Leclerc,leclerc,Ferrari,6,0.0,1.510269424306525,2.531651093100666,-3.065158280536861,0.1400501,-0.15128284536390563,3.1055776833755657,-2.8107285482106263,0.707258,0.36909012769686944,0.049161844382311436,0.10798015106829892
2025-02,2025,2,Chinese Grand Prix,Max Verstappen,max_verstappen,Red Bull,4,0.0,2.47549925066826,3.175313760648158,-1.5180194604076167,1.3837183,1.1692584640623054,3.3334492177539086,-1.7035780559172986,1.7071011,1.2290537554289211,0.18413314524141133,0.2551651676003844
2025-02,2025,2,Chinese Grand Prix,Lando Norris,norris,McLaren,3,0.0,3.0392885480057727,3.1830946207871116,-2.3163169606248424,0.9714079,0.7067757782538641,4.126149263190689,-2.1333554346943497,1.6831316,1.3538949559864197,0.11595201312491471,0.2890941033152022
2025-02,2025,2,Chinese Grand Prix,Esteban Ocon,ocon,Haas F1 Team,11,0.0,-0.42071264090775734,-0.9881130096583733,-5.690856492842812,-3.4844532,-3.9077997263735806,-1.1993533538248364,-6.599421256778026,-4.079976,-4.375110721255625,0.001148665600123845,0.0009396447270333434
2025-02,2025,2,Chinese Grand Prix,Oscar Piastri,piastri,McLaren,1,1.0,4.535407874971785,4.114945559607652,-0.9184850720947004,2.0701354,2.0249872894286454,3.222385778713769,-2.567957710091968,0.99895525,0.6089642985191944,0.4332816319307459,0.13725240385343812
2025-02,2025,2,Chinese Grand Prix,George Russell,russell,Mercedes,2,0.0,3.6968099504315663,3.379068793891765,-2.04238345517005,1.0616626,0.9221561982581102,2.9259654027559288,-2.4861184092837427,0.6007279,0.38325835431173894,0.14381918423937742,0.10952092757956676
2025-02,2025,2,Chinese Grand Prix,Carlos Sainz,sainz,Williams,15,0.0,-1.70743939146875,0.47942382770964653,-5.018730745398132,-1.4247149,-2.29314509452159,1.75866346713637,-5.323162521100558,-0.41060814,-1.4640878122767245,0.005773367617324039,0.017266522028858308
2025-02,2025,2,Chinese Grand Prix,Lance Stroll,stroll,Aston Martin,14,0.0,-1.4003444833319307,-0.5230309854866869,-5.594423316434919,-3.1828856,-3.575947489943797,-0.2686503768161772,-6.182608416372116,-3.2148144,-3.5601505294736158,0.001600719406670532,0.002122738003866242
2025-02,2025,2,Chinese Grand Prix,Yuki Tsunoda,tsunoda,RB F1 Team,9,0.0,0.2948840369673291,0.40768089227527754,-4.87667223984136,-2.1165767,-2.532127380051152,0.21249684531475546,-5.329449762235996,-3.3300571,-3.1111524467214204,0.004546116114615727,0.003325782049837215
2025-03,2025,3,Japanese Grand Prix,Alexander Albon,albon,Williams,9,0.0,0.2948840369673291,0.695032344786756,-5.394861573526916,-2.5432692,-2.7849454574908106,0.6452532721537703,-5.611722257871884,-3.4122634,-3.0860048174692927,0.0022518048977535417,0.00339023191508614
2025-03,2025,3,Japanese Grand Prix,Fernando Alonso,alonso,Aston Martin,12,0.0,-0.7581525820585773,-0.2576712824674825,-5.413238581595848,-2.0777602,-2.979335969298024,0.3023594148022933,-5.916863265034347,-1.7102883,-2.6978238231296894,0.0018539927554590422,0.00499820738386276
2025-03,2025,3,Japanese Grand Prix,Andrea Kimi Antonelli,antonelli,Mercedes,6,0.0,1.510269424306525,1.20322136065327,-4.111827680228834,-0.7496111,-1.4065715230498108,1.023913591401608,-3.1272147137417714,-1.038518,-1.1571760930191852,0.00893616034989793,0.023329695988727472
2025-03,2025,3,Japanese Grand Prix,Oliver Bearman,bearman,Haas F1 Team,10,0.0,-0.07036443510254106,-0.706241930885518,-5.577224219615935,-2.9726377,-3.558938850243115,-1.5018179649935048,-6.414215509776795,-5.1321487,-4.805828776987846,0.0010384598257165976,0.0006071826488790952
2025-03,2025,3,Japanese Grand Prix,Gabriel Bortoleto,bortoleto,Sauber,17,0.0,-2.2980879104339,-1.1463292835727235,-5.573613264988739,-6.6561584,-5.1430630541343,-0.5037933423272337,-6.26238613755222,-6.362584,-4.835508029749509,0.00021301652689644044,0.0005894267163278212
2025-03,2025,3,Japanese Grand Prix,Jack Doohan,doohan,Alpine F1 Team,19,0.0,-2.861814478160287,-1.8656390767261164,-5.56245739707152,-5.648362,-5.027851636137253,-1.1695104545450101,-6.0137735577920015,-4.874935,-4.441211479466292,0.000239028112792178,0.0008743204425799792
2025-03,2025,3,Japanese Grand Prix,Pierre Gasly,gasly,Alpine F1 Team,11,0.0,-0.42071264090775734,-0.5605485441993538,-5.641047415876775,-2.4643102,-3.332009952532725,-0.6269243160997292,-6.409993669472746,-2.9783359,-3.6887586581216896,0.001302997756547643,0.0018554819802347033
2025-03,2025,3,Japanese Grand Prix,Isack Hadjar,hadjar,RB F1 Team,7,0.0,1.0811703292911579,0.8431165707524448,-4.7246229010746355,-1.4177849,-2.0375585605129864,0.7847821255649371,-4.141961938654706,-2.8002372,-2.26786316119838,0.004754630419646017,0.0076832296557367225
2025-03,2025,3,Japanese Grand Prix,Lewis Hamilton,hamilton,Ferrari,8,0.0,0.6775968121904168,0.9158358399333819,-4.549121057248966,-1.0030884,-1.7826690776864675,1.4488549115881715,-3.559876766405466,-0.17797415,-0.8430693781741784,0.006134990018763834,0.031939189599551075
2025-03,2025,3,Japanese Grand Prix,Nico Hülkenberg,hulkenberg,Sauber,16,0.0,-2.0064377661310093,-1.1763705142568937,-5.652203283793995,-5.1752877,-4.615441877861475,-0.6682370906431814,-6.339047658828984,-4.626326,-4.284822268168738,0.0003610407850883178,0.0010223264667715273
2025-03,2025,3,Japanese Grand Prix,Liam Lawson,lawson,RB F1 Team,13,0.0,-1.0842683928639936,-0.8864593086031373,-5.3235027399061146,-4.1043744,-3.965825525513389,-0.6139829742137306,-5.9644900327441945,-4.391359,-4.040343148938191,0.000691323089413056,0.0013054659137829308
2025-03,2025,3,Japanese Grand Prix,Charles Leclerc,leclerc,Ferrari,4,0.0,2.47549925066826,2.3133463145319877,-2.7196430098119375,0.33434054,-0.027666883699033824,2.5716212331821477,-2.123825467290467,0.6120156,0.3903434133123683,0.03548147201676539,0.10964485605538567
2025-03,2025,3,Japanese Grand Prix,Max Verstappen,max_verstappen,Red Bull,1,1.0,4.535407874971785,4.708182875342102,0.06298416225143338,2.6840816,2.866516453852769,3.364636089432556,-2.0004525695504465,1.5842226,1.085939368837161,0.6411054697437832,0.21982736129009417
2025-03,2025,3,Japanese Grand Prix,Lando Norris,norris,McLaren,2,0.0,3.6968099504315663,4.098911485398546,-1.3690018829923865,1.7459387,1.720947668895534,4.1376180834961644,-2.104994871128563,1.608799,1.3411869387653066,0.20389908657689879,0.28374901199024083
2025-03,2025,3,Japanese Grand Prix,Esteban Ocon,ocon,Haas F1 Team,18,0.0,-2.5830295048455456,-1.354670808184535,-5.637333184509885,-4.3645983,-4.366573006419664,-0.5113894042329467,-6.435467683890795,-3.0593643,-3.68543188508194,0.0004630614661216289,0.0018616650267559958
2025-03,2025,3,Japanese Grand Prix,Oscar Piastri,piastri,McLaren,3,0.0,3.0392885480057727,2.8907273854794044,-2.302349866405142,0.62465936,0.46640834688771315,3.4568127973273293,-2.6886798574024886,1.1475428,0.7055702939794857,0.058153488920773225,0.15027597575463955
2025-03,2025,3,Japanese Grand Prix,George Russell,russell,Mercedes,5,0.0,1.9716099338407647,2.480398825166365,-3.3195183906747094,-0.13916817,-0.37614814109050143,3.0815432089373544,-2.4229654801149216,0.6308068,0.4748984331878896,0.025041373271126027,0.11931911961170871
2025-03,2025,3,Japanese Grand Prix,Carlos Sainz,sainz,Williams,15,0.0,-1.70743939146875,0.9581075258713486,-4.933513748659642,-1.2630547,-2.0141695242539,2.0956482914416084,-5.385805205571186,-0.07561903,-1.2396625526301859,0.004867147344860885,0.021482541788145456
2025-03,2025,3,Japanese Grand Prix,Lance Stroll,stroll,Aston Martin,20,0.0,-3.1349229891834076,-1.5382817450815194,-5.433949316544827,-5.1068597,-4.644367245783951,-0.21823973536446492,-6.086285380894655,-3.1112354,-3.4679568384993344,0.0003507471389896123,0.002313927528461434
2025-03,2025,3,Japanese Grand Prix,Yuki Tsunoda,tsunoda,Red Bull,14,0.0,-1.4003444833319307,-0.4724447865494214,-4.728920545342536,-1.4192632,-2.5456080387526985,0.3081542798119279,-4.383722206181924,-0.46621436,-1.6728022065580526,0.0028607089827068547,0.013930782243028194
2025-04,2025,4,Bahrain Grand Prix,Alexander Albon,albon,Williams,15,0.0,-1.70743939146875,-0.3733352145899115,-4.9196927622967195,-3.7693582,-3.484455098518508,0.5469915185752492,-4.888302514489999,-2.5460763,-2.5367214760341676,0.0014875830887250995,0.004672471589454494
2025-04,2025,4,Bahrain Grand Prix,Fernando Alonso,alonso,Aston Martin,13,0.0,-1.0842683928639936,-0.6310130778188744,-5.593477575688596,-2.6952791,-3.429619617481687,-0.09226743263705967,-5.948971916943269,-2.1210728,-3.0062941958746623,0.0015714333990812077,0.0029215533970434362
2025-04,2025,4,Bahrain Grand Prix,Andrea Kimi Antonelli,antonelli,Mercedes,5,0.0,1.9716099338407647,1.4391859027534182,-3.5989833272993117,-0.6080681,-1.0642344108019743,1.1405841545248037,-2.4017818884176125,-0.7786846,-0.7513173203623711,0.016732842460353156,0.02785722437057399
2025-04,2025,4,Bahrain Grand Prix,Oliver Bearman,bearman,Haas F1 Team,20,0.0,-3.1349229891834076,-2.148902450142372,-5.678277026971794,-5.440078,-5.1012130260284465,-1.4537508528128693,-6.395909487951655,-5.0503902,-4.751269815937409,0.00029534674306445674,0.0005102471004332528
2025-04,2025,4,Bahrain Grand Prix,Gabriel Bortoleto,bortoleto,Sauber,18,0.0,-2.5830295048455456,-2.092184896572055,-5.5771709154662785,-7.1662536,-5.704238814089131,-1.8107961551834977,-6.13524583450905,-6.670091,-5.383327124879705,0.00016160002135845079,0.0002711949161394709
2025-04,2025,4,Bahrain Grand Prix,Jack Doohan,doohan,Alpine F1 Team,11,0.0,-0.42071264090775734,-0.8912917771101351,-5.499482099497303,-4.019223,-4.002606697042371,-1.4462470407024606,-6.020957217868844,-5.7756796,-4.877540121764512,0.0008860349486910703,0.00044971984094564847
2025-04,2025,4,Bahrain Grand Prix,Pierre Gasly,gasly,Alpine F1 Team,4,0.0,2.47549925066826,0.520287550664328,-4.523108549134484,-1.2623492,-2.0244391528180117,-0.47646396653633794,-6.313579545129406,-3.4389176,-3.767470060358489,0.006405574715662601,0.0013647067844445103
2025-04,2025,4,Bahrain Grand Prix,Isack Hadjar,hadjar,RB F1 Team,12,0.0,-0.7581525820585773,-0.031167079391904304,-4.815069374915696,-2.479999,-2.816911388381788,0.6222133040003305,-3.951821584445932,-2.1793919,-2.0290421279224256,0.0028999584954633533,0.007762989680214085
2025-04,2025,4,Bahrain Grand Prix,Lewis Hamilton,hamilton,Ferrari,9,0.0,0.2948840369673291,0.8933824553294148,-4.594248630542456,-1.1831532,-1.8778879860206839,1.6724566824512812,-3.4668570350704746,-0.16558178,-0.7218889472310234,0.007416593296896505,0.028689198950962398
2025-04,2025,4,Bahrain Grand Prix,Nico Hülkenberg,hulkenberg,Sauber,16,0.0,-2.0064377661310093,-1.6327038605885853,-5.655760934271534,-5.550682,-4.936606107932142,-1.2777308533791631,-6.063011124697557,-4.891656,-4.505363954899868,0.00034819302112467883,0.0006524933712046832
2025-04,2025,4,Bahrain Grand Prix,Liam Lawson,lawson,RB F1 Team,17,0.0,-2.2980879104339,-1.5393570883851435,-5.362641224616743,-5.1922727,-4.650203990188764,-0.7684180696451741,-5.777474627150629,-4.0858817,-3.9158318410482114,0.000463663513234325,0.0011765398672676335
2025-04,2025,4,Bahrain Grand Prix,Charles Leclerc,leclerc,Ferrari,2,0.0,3.6968099504315663,3.310328671989824,-1.432078903404914,1.2672325,1.2094267110961772,2.8351233350510157,-1.9497540507932112,0.70401347,0.5853919906665023,0.1625579452657491,0.10603843753706994
2025-04,2025,4,Bahrain Grand Prix,Max Verstappen,max_verstappen,Red Bull,7,0.0,1.0811703292911579,2.886240301728985,-2.4025677971574773,1.3760567,0.7150592252028173,3.8310637069383966,-1.5231014843444708,2.034721,1.599471187704687,0.09915329020849287,0.292329281618578
2025-04,2025,4,Bahrain Grand Prix,Lando Norris,norris,McLaren,6,0.0,1.510269424306525,3.184145056764132,-3.5557524950355504,0.7430169,0.14280561085271679,4.412466971660538,-2.1472620123892203,1.6303465,1.4347863303318782,0.055947481716816266,0.24794228227627874
2025-04,2025,4,Bahrain Grand Prix,Esteban Ocon,ocon,Haas F1 Team,14,0.0,-1.4003444833319307,-1.078726798743655,-5.679626700590051,-4.1171613,-4.181596583537237,-0.8118090207974923,-6.463525370391168,-3.7764237,-4.070517728121638,0.0007408265399876819,0.0010079231512142102
2025-04,2025,4,Bahrain Grand Prix,Oscar Piastri,piastri,McLaren,1,1.0,4.535407874971785,4.712482759811907,-0.6349345323505021,2.3117223,2.4566516874252,3.840684583879864,-2.3890504782027175,1.3416595,1.0288092846657761,0.565810660858966,0.16521025586306773
2025-04,2025,4,Bahrain Grand Prix,George Russell,russell,Mercedes,3,0.0,3.0392885480057727,2.7667105072879354,-2.3094674516189753,-0.017033536,0.16925898791135657,2.9823822607122663,-2.6774001610116067,0.5036831,0.2978427474307197,0.057447230803197566,0.07953939260631376
2025-04,2025,4,Bahrain Grand Prix,Carlos Sainz,sainz,Williams,8,0.0,0.6775968121904168,1.4421988575340725,-4.949006092792952,0.13852692,-1.2950917512330917,1.7863024416370106,-5.404068310915505,-0.21247187,-1.410730357356578,0.013283412310442116,0.0144064971908421
2025-04,2025,4,Bahrain Grand Prix,Lance Stroll,stroll,Aston Martin,19,0.0,-2.861814478160287,-1.8398900619602807,-5.639212362064341,-5.461886,-4.975763797218664,-0.8672107038593142,-6.2028813421843285,-3.696326,-3.9654229908822747,0.0003348220829680537,0.001119617002876574
2025-04,2025,4,Bahrain Grand Prix,Yuki Tsunoda,tsunoda,Red Bull,10,0.0,-0.07036443510254106,0.11540423734521536,-4.54496796724788,-0.9817734,-2.080639788373837,0.49782857753334536,-3.729552028703206,-0.30047816,-1.3009594645466287,0.006055506509725378,0.01607797288507549
2025-05,2025,5,Saudi Arabian Grand Prix,Alexander Albon,albon,Williams,11,0.0,-0.42071264090775734,0.3568565654282306,-5.198475116952951,-3.4056993,-3.1710642368662447,0.6070294384367523,-5.4654281485214895,-3.9060001,-3.228051194562848,0.001568588933220793,0.0021135985118093904
2025-05,2025,5,Saudi Arabian Grand Prix,Fernando Alonso,alonso,Aston Martin,13,0.0,-1.0842683928639936,-0.6939949701420203,-5.628275573526636,-2.9083924,-3.5491569416616504,-0.31165372445222983,-6.130391026037687,-2.824385,-3.4129562007553162,0.0010747453413844216,0.0017567876535302756
2025-05,2025,5,Saudi Arabian Grand Prix,Andrea Kimi Antonelli,antonelli,Mercedes,5,0.0,1.9716099338407647,1.4652220790430637,-4.036734050516545,-0.29391095,-1.1017448783221033,1.3093699825328666,-2.909784799007566,-0.24398069,-0.6793167705256136,0.012422331808266749,0.027034839193233767
2025-05,2025,5,Saudi Arabian Grand Prix,Oliver Bearman,bearman,Haas F1 Team,15,0.0,-1.70743939146875,-1.4743686816952952,-5.728322389536692,-4.1938443,-4.3819271494573595,-1.5488294886018619,-6.516254961040811,-5.227993,-4.896027134871667,0.0004673455000668342,0.0003986848636296239
2025-05,2025,5,Saudi Arabian Grand Prix,Gabriel Bortoleto,bortoleto,Sauber,20,0.0,-3.1349229891834076,-2.7841160800482343,-5.726517031785411,-7.9573183,-6.331868497449511,-2.5896868728970586,-6.4983941067429924,-7.530243,-6.12076210240506,6.649504708579614e-05,0.00011714779254805994
2025-05,2025,5,Saudi Arabian Grand Prix,Jack Doohan,doohan,Alpine F1 Team,17,0.0,-2.2980879104339,-1.7154821699615788,-5.555090043572851,-4.672371,-4.5920189716535615,-1.4361071542723522,-6.311897282663115,-4.5938888,-4.545692610513884,0.000378788117025544,0.0005659500445040765
2025-05,2025,5,Saudi Arabian Grand Prix,Pierre Gasly,gasly,Alpine F1 Team,9,0.0,0.2948840369673291,-0.07703529475708615,-5.495579799702275,-1.456705,-2.7027484580113383,-0.2465345979290714,-6.321588151655834,-2.1996133,-3.229280345056329,0.0025055097965582143,0.002111002177125489
2025-05,2025,5,Saudi Arabian Grand Prix,Isack Hadjar,hadjar,RB F1 Team,14,0.0,-1.4003444833319307,-0.5565900692661534,-4.987648429560143,-3.143289,-3.3403233261848277,0.021004194835952172,-4.787476194608322,-2.8995082,-2.8234881928973077,0.0013243441519802093,0.0031675390211028873
2025-05,2025,5,Saudi Arabian Grand Prix,Lewis Hamilton,hamilton,Ferrari,7,0.0,1.0811703292911579,1.4042042847998542,-4.648013085986166,-0.80568665,-1.5570165374095917,1.954482300725976,-3.808040721323573,-0.12163947,-0.7274931246360661,0.00787918243066133,0.02576327480321556
2025-05,2025,5,Saudi Arabian Grand Prix,Nico Hülkenberg,hulkenberg,Sauber,18,0.0,-2.5830295048455456,-2.0617922619960445,-5.705806296836432,-6.497052,-5.484707261343286,-1.5400741900153294,-6.606015825448908,-5.727081,-5.109683672992153,0.00015513391335954358,0.0003219881524507239
2025-05,2025,5,Saudi Arabian Grand Prix,Liam Lawson,lawson,RB F1 Team,12,0.0,-0.7581525820585773,-0.9372525905376587,-5.389108010659324,-3.950112,-3.951267048263573,-1.0592597258153535,-6.068847002024793,-4.63938,-4.334130632311343,0.0007189047793862447,0.0006992915785257061
2025-05,2025,5,Saudi Arabian Grand Prix,Charles Leclerc,leclerc,Ferrari,4,0.0,2.47549925066826,2.5078525697212912,-2.7349118879207395,0.061693512,-0.06358256184251643,2.9398941483797385,-1.6080140921277468,0.60314023,0.7126951512883352,0.03508094556243371,0.1087594210470782
2025-05,2025,5,Saudi Arabian Grand Prix,Max Verstappen,max_verstappen,Red Bull,1,0.0,4.535407874971785,4.632093667736744,-0.05367289596440482,2.641768,2.7761367843926625,3.391819959925123,-1.9269598822763123,1.5815009,1.122017530810672,0.6002687477412788,0.1637696186775776
2025-05,2025,5,Saudi Arabian Grand Prix,Lando Norris,norris,McLaren,10,0.0,-0.07036443510254106,2.5820866131852105,-2.8801890681612634,0.36273652,0.024851568343773476,4.3659675131529765,-1.2850035973294487,1.6892542,1.7569383184437393,0.038324610122849254,0.30901241796831447
2025-05,2025,5,Saudi Arabian Grand Prix,Esteban Ocon,ocon,Haas F1 Team,19,0.0,-2.861814478160287,-1.6656824550231302,-5.729672063154949,-4.8785443,-4.719270265603507,-0.7337100378258398,-6.500670735580743,-3.3125336,-3.8845767051112294,0.0003335276254378654,0.0010962184015213617
2025-05,2025,5,Saudi Arabian Grand Prix,Oscar Piastri,piastri,McLaren,2,1.0,3.6968099504315663,4.063176200326646,-1.1363134438909424,1.6883783,1.7745437138805196,3.9512553224413587,-1.7376857432474297,1.4626285,1.3539953800835232,0.22047501930233365,0.20652852228937246
2025-05,2025,5,Saudi Arabian Grand Prix,George Russell,russell,Mercedes,3,0.0,3.0392885480057727,2.9077741781935513,-1.8993532399762196,0.19614485,0.4631512425603725,3.315306247172659,-1.8474443372380513,0.7347733,0.8112614765882777,0.059405803641782544,0.12002554820553774
2025-05,2025,5,Saudi Arabian Grand Prix,Carlos Sainz,sainz,Williams,6,0.0,1.510269424306525,1.7503535904377403,-4.863677710330555,0.1205493,-1.1507112286599803,1.771623135403861,-4.630225020334085,-0.8624137,-1.3705023045195575,0.011828707960014565,0.01354396202126647
2025-05,2025,5,Saudi Arabian Grand Prix,Lance Stroll,stroll,Aston Martin,16,0.0,-2.0064377661310093,-1.439236930961114,-5.661758150825754,-5.153289,-4.711728396719785,-1.043758740839726,-6.499620420264622,-4.856881,-4.567190035520644,0.0003360525564391765,0.0005539134176525849
2025-05,2025,5,Saudi Arabian Grand Prix,Yuki Tsunoda,tsunoda,Red Bull,8,0.0,0.6775968121904168,0.449021538729347,-4.647312776388974,-0.840984,-1.937583323787595,0.4383838749724785,-3.9048295846996237,-0.43776074,-1.437974071576454,0.005385215668434722,0.012660274180003355
2025-06,2025,6,Miami Grand Prix,Alexander Albon,albon,Williams,7,0.0,1.0811703292911579,0.6126394740559781,-4.939429818052599,-3.1881492,-2.8894674169824834,0.8691112132508441,-5.127134659092255,-2.9608543,-2.658814062489493,0.0035669691888666815,0.002942095601502658
2025-06,2025,6,Miami Grand Prix,Fernando Alonso,alonso,Aston Martin,17,0.0,-2.2980879104339,-1.5977430105316996,-5.602172134287684,-4.7494874,-4.594502595838199,-0.37702816954012675,-5.804907327234385,-2.4956918,-3.19609200498746,0.0006483536921321339,0.001719174398241317
2025-06,2025,6,Miami Grand Prix,Andrea Kimi Antonelli,antonelli,Mercedes,3,0.0,3.0392885480057727,1.45064205787326,-3.299495317434188,-0.035546344,-0.7245449165013498,1.5722000148214312,-2.6176860600732694,-0.07114255,-0.41126999390547914,0.031082307573419413,0.027845355544099837
2025-06,2025,6,Miami Grand Prix,Oliver Bearman,bearman,Haas F1 Team,19,0.0,-2.861814478160287,-2.029305561996422,-5.674719376494255,-5.9921145,-5.266116709062283,-1.240479355997598,-6.493237233053499,-4.6841846,-4.573687403752186,0.0003312330663078152,0.0004335486668183469
2025-06,2025,6,Miami Grand Prix,Gabriel Bortoleto,bortoleto,Sauber,13,0.0,-1.0842683928639936,-2.447475913831497,-5.726517031785411,-7.0682573,-5.860590787132552,-3.1249857163766386,-6.720596960052822,-7.733551,-6.474641847487899,0.0001827918689303298,6.478341382130308e-05
2025-06,2025,6,Miami Grand Prix,Jack Doohan,doohan,Alpine F1 Team,14,0.0,-1.4003444833319307,-1.973034039948042,-5.535355866703913,-5.365288,-4.949883086680176,-1.9969371493862524,-6.006635365148847,-5.0374994,-4.80320996279647,0.0004544354493033214,0.0003446334869757642
2025-06,2025,6,Miami Grand Prix,Pierre Gasly,gasly,Alpine F1 Team,20,0.0,-3.1349229891834076,-1.3621970178435598,-5.513404323877318,-4.9866385,-4.560988865499488,-0.44926724611556734,-5.99775096666143,-2.7912676,-3.4025904321307077,0.0006704506505048933,0.0013984238030725453
2025-06,2025,6,Miami Grand Prix,Isack Hadjar,hadjar,RB F1 Team,11,0.0,-0.42071264090775734,-0.5189548010600182,-4.980998185538672,-2.8306406,-3.2030834600629063,-0.23157506121558102,-5.327234521042485,-2.6653454,-3.0290718022983536,0.00260673954889085,0.002031682722970414
2025-06,2025,6,Miami Grand Prix,Lewis Hamilton,hamilton,Ferrari,12,0.0,-0.7581525820585773,0.8000468512097256,-3.9534703488868597,-0.7778526,-1.51156161525679,1.9828313165164384,-3.584939166694244,-0.124877796,-0.6360730694515161,0.014148690423593487,0.02223934705917699
2025-06,2025,6,Miami Grand Prix,Nico Hülkenberg,hulkenberg,Sauber,16,0.0,-2.0064377661310093,-1.8818744360627289,-5.68460570660472,-6.353345,-5.352123014640195,-1.774479781288393,-6.556651366302287,-5.7677255,-5.192806914798309,0.0003039356343375483,0.0002334305362919984
2025-06,2025,6,Miami Grand Prix,Liam Lawson,lawson,RB F1 Team,15,0.0,-1.70743939146875,-1.5367855712293972,-5.403658356869565,-4.943311,-4.56926140413218,-1.0455832572596115,-6.093633687142506,-3.7180157,-3.9988712658159495,0.0006649271995775654,0.0007703309230510584
2025-06,2025,6,Miami Grand Prix,Charles Leclerc,leclerc,Ferrari,8,0.0,0.6775968121904168,1.2256019013106962,-3.677525679630504,-0.65183747,-1.193385112787245,3.0261774616209207,-1.4571928379363477,0.62499166,0.8080722787358136,0.019449056749259584,0.09425543196881785
2025-06,2025,6,Miami Grand Prix,Max Verstappen,max_verstappen,Red Bull,1,0.0,4.535407874971785,3.727758762768689,-1.5833178069843357,2.3083408,1.7120786753290176,3.3836648826021194,-1.864920055651955,1.5330036,1.124001796977431,0.35540655544976635,0.12927449043102854
2025-06,2025,6,Miami Grand Prix,Lando Norris,norris,McLaren,2,0.0,3.6968099504315663,4.175578427808042,-1.56497885036491,1.8395437,1.7110641945724123,4.58430680264441,-1.3695808834890602,1.8292736,1.8577758608378472,0.3550461851637583,0.2692693124749776
2025-06,2025,6,Miami Grand Prix,Esteban Ocon,ocon,Haas F1 Team,9,0.0,0.2948840369673291,-0.7694072045795033,-5.653551053342657,-3.5953548,-3.8520055841126153,-0.8862137622733673,-6.5573627065385764,-3.826405,-4.150892483627264,0.0013623049772963876,0.0006616911954054726
2025-06,2025,6,Miami Grand Prix,Oscar Piastri,piastri,McLaren,4,1.0,2.47549925066826,3.3022101296645565,-2.253219786402618,1.2016207,0.8653519062860154,4.510090547000566,-0.8104824041276365,1.9354521,2.0754718351819257,0.15240410701087873,0.3347580441939185
2025-06,2025,6,Miami Grand Prix,George Russell,russell,Mercedes,5,0.0,1.9716099338407647,2.310507640567629,-3.2829783421471004,0.025807548,-0.3639886009971891,3.382926723910343,-2.1044673648567884,0.7166906,0.7348417524713339,0.04457597712802067,0.0875997314259906
2025-06,2025,6,Miami Grand Prix,Carlos Sainz,sainz,Williams,6,0.0,1.510269424306525,1.06169432306517,-4.876369329834408,-1.1202877,-1.8974755166973658,1.9958392198735981,-4.43815492655552,-0.41303134,-1.0516644215145616,0.009618690846709245,0.014676854924579881
2025-06,2025,6,Miami Grand Prix,Lance Stroll,stroll,Aston Martin,18,0.0,-2.5830295048455456,-1.633145260484354,-5.61445412135509,-5.6808167,-4.97092978473946,-1.1875516545656146,-6.261782372806764,-4.345998,-4.344386385417027,0.00044497103036171624,0.000545283080250258
2025-06,2025,6,Miami Grand Prix,Yuki Tsunoda,tsunoda,Red Bull,10,0.0,-0.07036443510254106,-0.00459891041787535,-4.712727662045014,-1.0325568,-2.2108096077405697,0.4130518113178578,-4.157106486109866,-0.45836037,-1.5478084868559343,0.007031317348084959,0.008936354149009215
2025-07,2025,7,Emilia Romagna Grand Prix,Alexander Albon,albon,Williams,7,0.0,1.0811703292911579,1.1566749460704453,-5.1419938647559125,-1.7794383,-2.21652854271144,0.8947137947959999,-5.421121100581263,-3.0491042,-2.79016729335201,0.003964960561834449,0.003943377675275641
2025-07,2025,7,Emilia Romagna Grand Prix,Fernando Alonso,alonso,Aston Martin,5,0.0,1.9716099338407647,0.25174740444362265,-5.01143170447161,-1.4010669,-2.3687868302474797,-0.7961943422671416,-5.426241777671642,-3.685912,-3.6493837397046103,0.0034049750800059435,0.0016699959273165504
2025-07,2025,7,Emilia Romagna Grand Prix,Andrea Kimi Antonelli,antonelli,Mercedes,13,0.0,-1.0842683928639936,0.236796170635306,-4.377805089624816,-1.16673,-2.0408066731660464,1.1120657668606089,-3.043862741464521,-0.12287456,-0.7567643840310758,0.0047266550654224086,0.0301275652998366
2025-07,2025,7,Emilia Romagna Grand Prix,Oliver Bearman,bearman,Haas F1 Team,19,0.0,-2.861814478160287,-1.8417949040832893,-5.726517031785411,-6.628226,-5.458518051419223,-1.3454643629702678,-6.652558185241106,-5.9065256,-5.12124038162363,0.00015497466915194414,0.0003832623818593996
2025-07,2025,7,Emilia Romagna Grand Prix,Gabriel Bortoleto,bortoleto,Sauber,14,0.0,-1.4003444833319307,-1.9500435288532658,-5.688417520268633,-7.4410906,-5.798033739457588,-2.588230364641563,-6.511202063770366,-8.275629,-6.399479178975709,0.00011035980591559395,0.0001067490793167532
2025-07,2025,7,Emilia Romagna Grand Prix,Franco Colapinto,colapinto,Alpine F1 Team,16,0.0,-2.0064377661310093,-1.2572459815075139,-5.482855994622091,-6.853817,-5.226813284175069,-0.7842229155690537,-6.146690477001583,-6.5924406,-4.980841217622523,0.00019538392048696468,0.0004410326851811031
2025-07,2025,7,Emilia Romagna Grand Prix,Pierre Gasly,gasly,Alpine F1 Team,10,0.0,-0.07036443510254106,-0.3609504960676286,-5.463776793085912,-3.4107711,-3.5510161540105525,-0.6555577849265707,-6.253785054717248,-4.3555036,-4.14900114738645,0.0010439465566108015,0.0010132913348417317
2025-07,2025,7,Emilia Romagna Grand Prix,Isack Hadjar,hadjar,RB F1 Team,9,0.0,0.2948840369673291,-0.27052060460687805,-5.154726221311132,-2.104095,-2.895005030770149,-0.8234741336144943,-4.826065015103909,-3.5891945,-3.4027553774185373,0.002011779030487436,0.002137099530190995
2025-07,2025,7,Emilia Romagna Grand Prix,Lewis Hamilton,hamilton,Ferrari,12,0.0,-0.7581525820585773,0.563787452141241,-4.627069966977153,-1.2557691,-2.0451563594257838,1.6071789421801481,-3.7324925326169027,-0.16442548,-0.843343058868429,0.004706140247684867,0.027628887351084173
2025-07,2025,7,Emilia Romagna Grand Prix,Nico Hülkenberg,hulkenberg,Sauber,17,0.0,-2.2980879104339,-2.094986564135618,-5.684176723702688,-6.807421,-5.608489635882383,-1.9589859620131322,-6.6616972616966725,-6.3792596,-5.524689616404755,0.00013339172422651406,0.00025602384635742514
2025-07,2025,7,Emilia Romagna Grand Prix,Liam Lawson,lawson,RB F1 Team,15,0.0,-1.70743939146875,-1.4253345850028185,-5.530381688785353,-5.1524,-4.65552746414175,-1.1203694095074421,-5.916084906567317,-4.614621,-4.291254742175181,0.00034593547388884636,0.0008789301807436486
2025-07,2025,7,Emilia Romagna Grand Prix,Charles Leclerc,leclerc,Ferrari,11,0.0,-0.42071264090775734,1.3614636671932894,-3.8449067207696035,-0.73459274,-1.237323266340365,2.5997403229696276,-2.2676184474128327,0.643072,0.359177604654815,0.010556071424179497,0.09196265144342972
2025-07,2025,7,Emilia Romagna Grand Prix,Max Verstappen,max_verstappen,Red Bull,2,1.0,3.6968099504315663,3.9733318125131842,-0.5028882658352318,1.9815848,2.0962854200694743,3.276962632653298,-1.4403226692086903,1.6233776,1.2743730516240699,0.2959853237722545,0.22965495320201984
2025-07,2025,7,Emilia Romagna Grand Prix,Lando Norris,norris,McLaren,4,0.0,2.47549925066826,2.8864612627703767,-2.4247372816697137,0.60559845,0.4103816622234201,3.4165736487089333,-1.634674936126922,1.2446077,1.1147048153102017,0.054839246432514775,0.19576397858317413
2025-07,2025,7,Emilia Romagna Grand Prix,Esteban Ocon,ocon,Haas F1 Team,18,0.0,-2.5830295048455456,-1.7683272333272413,-5.726517031785411,-6.0398517,-5.204042240064984,-1.2064164657868033,-6.614186951227144,-4.8682785,-4.6734934310986525,0.0001998840583279698,0.0005997223363064545
2025-07,2025,7,Emilia Romagna Grand Prix,Oscar Piastri,piastri,McLaren,1,0.0,4.535407874971785,4.570269333576545,0.0300686617675661,2.418981,2.698903110002292,3.479133775736676,-1.4006562733205787,1.5364043,1.331411722454692,0.5407340461333668,0.24313495264220322
2025-07,2025,7,Emilia Romagna Grand Prix,George Russell,russell,Mercedes,3,0.0,3.0392885480057727,2.8470386413514794,-1.8300487717448364,0.38041192,0.5372959977819349,3.0293839366458646,-1.8137466443826296,0.8176769,0.7488981762919322,0.06226007993836408,0.13578912130289125
2025-07,2025,7,Emilia Romagna Grand Prix,Carlos Sainz,sainz,Williams,6,0.0,1.510269424306525,1.910778692039604,-5.033209302278309,0.26408562,-1.0990234386352447,1.89474251731512,-5.123432560718421,-0.27027705,-1.2887187258705965,0.012121745792331223,0.017698611700915943
2025-07,2025,7,Emilia Romagna Grand Prix,Lance Stroll,stroll,Aston Martin,8,0.0,0.6775968121904168,-0.7242164159651843,-5.46993718182465,-3.071402,-3.5625730592830567,-1.70658529008228,-6.2999848422586755,-5.0643106,-4.814188940670566,0.0010319512131802967,0.0005210110577983688
2025-07,2025,7,Emilia Romagna Grand Prix,Yuki Tsunoda,tsunoda,Red Bull,20,0.0,-3.1349229891834076,-1.188876232531368,-4.743005972423823,-2.4079146,-3.2066220969803076,0.3871405176467041,-3.762518042644839,-0.3489666,-1.3717282504097201,0.0014731490997653967,0.016288782439257053
2025-08,2025,8,Monaco Grand Prix,Alexander Albon,albon,Williams,10,0.0,-0.07036443510254106,0.769347229739385,-5.136814496325035,-1.7796341,-2.363538525266463,1.139499317578419,-5.5201105528006655,-1.8769495,-2.304747526365609,0.0037521974789735185,0.006212164247050399
2025-08,2025,8,Monaco Grand Prix,Fernando Alonso,alonso,Aston Martin,6,0.0,1.510269424306525,-0.11559426019297275,-5.117747071688307,-1.3420112,-2.528199566794028,-0.7518279960023486,-5.325980340477735,-2.6649418,-3.2200776657391996,0.0031825431860879436,0.0024872537889824753
2025-08,2025,8,Monaco Grand Prix,Andrea Kimi Antonelli,antonelli,Mercedes,15,0.0,-1.70743939146875,-0.34334807425670655,-4.709657448671177,-1.5689318,-2.5461112543622795,0.8894172775648301,-4.19630450247061,-0.44285983,-1.3810845062735604,0.0031260459577035033,0.015645328363726955
2025-08,2025,8,Monaco Grand Prix,Oliver Bearman,bearman,Haas F1 Team,20,0.0,-3.1349229891834076,-2.1957192440106783,-5.729911510078432,-7.388688,-5.88830089259888,-1.8028181224580693,-6.669014126621876,-7.062471,-5.721502039313874,0.00011053526102984222,0.00020387562188383618
2025-08,2025,8,Monaco Grand Prix,Gabriel Bortoleto,bortoleto,Sauber,16,0.0,-2.0064377661310093,-2.2595883659795466,-5.685023041975612,-7.9512086,-6.1118860107045885,-2.638774136893526,-6.483182789015602,-8.150712,-6.3617665709926525,8.838917048307721e-05,0.00010747363692413857
2025-08,2025,8,Monaco Grand Prix,Franco Colapinto,colapinto,Alpine F1 Team,18,0.0,-2.5830295048455456,-2.110764782722923,-5.482855994622091,-7.605789,-5.84411883882714,-1.2721450651922146,-6.038559483266896,-5.730284,-4.803179326488825,0.00011552842784080855,0.0005107257861121525
2025-08,2025,8,Monaco Grand Prix,Pierre Gasly,gasly,Alpine F1 Team,17,0.0,-2.2980879104339,-1.777493584934438,-5.233545495067195,-5.0976486,-4.655747169258876,-1.028477184856567,-5.710673272385039,-3.258939,-3.682436784014435,0.00037913346661113,0.0015664628057208525
2025-08,2025,8,Monaco Grand Prix,Isack Hadjar,hadjar,RB F1 Team,5,0.0,1.9716099338407647,0.265562283733062,-5.106591203771088,-0.8891571,-2.2032360630786236,-0.7880997735865503,-5.290845110824843,-3.213019,-3.4223607685560378,0.004404576548090274,0.002031747180705617
2025-08,2025,8,Monaco Grand Prix,Lewis Hamilton,hamilton,Ferrari,7,0.0,1.0811703292911579,1.3844260114278872,-4.157684171158489,-1.1941159,-1.5254411459202846,1.5104776833315174,-3.536339356293743,-0.44213325,-0.9089971931915519,0.008674945488734088,0.02508473963058384
2025-08,2025,8,Monaco Grand Prix,Nico Hülkenberg,hulkenberg,Sauber,13,0.0,-1.0842683928639936,-1.4816504737794878,-5.726517031785411,-6.04194,-5.094619088780182,-1.8164400053251895,-6.529263004584545,-6.589245,-5.500751060641824,0.0002444513662816443,0.000254235522145759
2025-08,2025,8,Monaco Grand Prix,Liam Lawson,lawson,RB F1 Team,9,0.0,0.2948840369673291,-0.5724311619128641,-5.4949612332514155,-3.1075206,-3.5277212667343174,-1.1938692033654539,-6.401381437937125,-4.223526,-4.353021436220726,0.0011713523327283684,0.0008011039503362587
2025-08,2025,8,Monaco Grand Prix,Charles Leclerc,leclerc,Ferrari,2,0.0,3.6968099504315663,3.301613202620169,-1.068281076075501,1.1916138,1.3168794724735071,2.5268151263266,-2.1200531014742734,0.5391597,0.3483962626553922,0.14882329469078442,0.08820407239651272
2025-08,2025,8,Monaco Grand Prix,Max Verstappen,max_verstappen,Red Bull,4,0.0,2.47549925066826,2.986321980004167,-2.079751907107466,1.3001522,0.8484768249293136,3.3598899129303286,-1.5839929059628168,1.7935629,1.3146822140393637,0.09316359305738822,0.23181487154141364
2025-08,2025,8,Monaco Grand Prix,Lando Norris,norris,McLaren,1,1.0,4.535407874971785,4.872499366589396,-0.2629209426777628,2.355425,2.6780188920892587,3.883706133494588,-1.8804927330499457,1.3920162,1.2505107388739523,0.5805053864643843,0.21740622550647967
2025-08,2025,8,Monaco Grand Prix,Esteban Ocon,ocon,Haas F1 Team,8,0.0,0.6775968121904168,-0.5447820907519489,-5.686192923076866,-3.9135509,-3.900533960338978,-1.4385379667795153,-6.644641415514114,-5.8376465,-5.127235689583083,0.0008068207354921038,0.00036936172963856226
2025-08,2025,8,Monaco Grand Prix,Oscar Piastri,piastri,McLaren,3,0.0,3.0392885480057727,3.506853794546429,-1.4305700702659851,1.0564222,1.2045142509295286,3.9234619505117503,-1.1441606416861276,1.6165259,1.6190448976910634,0.13300602646253357,0.31428548768186043
2025-08,2025,8,Monaco Grand Prix,George Russell,russell,Mercedes,14,0.0,-1.4003444833319307,0.7132968018301348,-3.9425040275220815,-1.0016267,-1.6267405436236944,2.430240554077827,-3.1913341624583444,0.4730026,-0.10610796008858528,0.007839222389186079,0.05598864551403723
2025-08,2025,8,Monaco Grand Prix,Carlos Sainz,sainz,Williams,11,0.0,-0.42071264090775734,1.1089050724474763,-5.105818169948215,-0.6821458,-1.7990814228687932,1.9975051627997418,-4.602576643317697,-0.051557295,-0.9784736913165482,0.006598212408470802,0.023401103521050588
2025-08,2025,8,Monaco Grand Prix,Lance Stroll,stroll,Aston Martin,19,0.0,-2.861814478160287,-2.238573271470155,-5.524811636743436,-6.0686674,-5.318374709650386,-1.5169710526107,-6.092885167972791,-4.5263157,-4.469922571128946,0.00019544143265790739,0.0007127206721154545
2025-08,2025,8,Monaco Grand Prix,Yuki Tsunoda,tsunoda,Red Bull,12,0.0,-0.7581525820585773,-0.22754821755140978,-4.7782425433929845,-1.0999787,-2.3476465426094313,0.29978493989868327,-4.178978740488897,-0.39180464,-1.5730687116943762,0.0038123036745386168,0.012912400902719492
2025-09,2025,9,Spanish Grand Prix,Alexander Albon,albon,Williams,11,0.0,-0.42071264090775734,0.5746239618419432,-5.167690272948131,-2.033718,-2.5479749390398907,1.0974360610078528,-5.509566009410372,-1.842103,-2.3035218394362724,0.002317616976344536,0.0050352892496738156
2025-09,2025,9,Spanish Grand Prix,Fernando Alonso,alonso,Aston Martin,10,0.0,-0.07036443510254106,-0.4981291745227966,-5.33970569639397,-2.4430537,-3.1839720852049025,-0.7532720688074419,-6.0319398289999056,-3.350713,-3.733203507866272,0.0012269634120433488,0.0012053732908303464
2025-09,2025,9,Spanish Grand Prix,Andrea Kimi Antonelli,antonelli,Mercedes,6,0.0,1.510269424306525,0.5006212367278712,-4.686413008913812,-0.9252461,-1.9651758129821877,0.16973706234988606,-3.882180547160731,-0.84516513,-1.678631267329056,0.00415095578959656,0.009406129435962871
2025-09,2025,9,Spanish Grand Prix,Oliver Bearman,bearman,Haas F1 Team,14,0.0,-1.4003444833319307,-1.5472610074438562,-5.728561836460176,-6.058852,-5.127134921953253,-1.7186361764362665,-6.668634212266813,-6.5804663,-5.512827638683729,0.00017576269976569942,0.00020334833654322035
2025-09,2025,9,Spanish Grand Prix,Gabriel Bortoleto,bortoleto,Sauber,12,0.0,-0.7581525820585773,-1.7500413069555074,-5.685023041975612,-6.038209,-5.180425461999852,-2.5700591575195126,-6.6509047967181045,-6.9916215,-5.971322932151245,0.0001666414083610907,0.00012856378449680318
2025-09,2025,9,Spanish Grand Prix,Franco Colapinto,colapinto,Alpine F1 Team,18,0.0,-2.5830295048455456,-2.1442885716624156,-5.709128255217612,-7.219259,-5.795389934022583,-1.6993318289834884,-6.650258850598743,-6.514451,-5.474635331190288,9.009636109655378e-05,0.00021126489223694225
2025-09,2025,9,Spanish Grand Prix,Pierre Gasly,gasly,Alpine F1 Team,8,0.0,0.6775968121904168,-0.42917925180914285,-5.596888745823784,-2.7461164,-3.372873566997245,-1.2224877969925778,-6.375827451028253,-4.3001246,-4.382362530453104,0.0010157638229996028,0.0006297894519579815
2025-09,2025,9,Spanish Grand Prix,Isack Hadjar,hadjar,RB F1 Team,9,0.0,0.2948840369673291,0.3757916873162699,-5.161674679160504,-1.1729658,-2.2911560622977754,0.384420540972859,-5.221599653387632,-1.8630558,-2.4677906346890195,0.002996240598948608,0.00427251299294976
2025-09,2025,9,Spanish Grand Prix,Lewis Hamilton,hamilton,Ferrari,5,0.0,1.9716099338407647,1.7156491321533096,-4.059711528847534,-0.76640457,-1.1959634379348842,1.9142546815538597,-3.354965816632941,-0.2573339,-0.6254138377177585,0.008958035883432679,0.026966058268930754
2025-09,2025,9,Spanish Grand Prix,Nico Hülkenberg,hulkenberg,Sauber,15,0.0,-1.70743939146875,-1.9754568003309156,-5.726517031785411,-6.080888,-5.299461063742146,-2.121539120427169,-6.595803216786644,-6.152356,-5.476718802156351,0.00014794027524762268,0.00021082518618427344
2025-09,2025,9,Spanish Grand Prix,Liam Lawson,lawson,RB F1 Team,13,0.0,-1.0842683928639936,-0.6445314563481613,-5.538679820252982,-3.826757,-3.8487970296364185,-0.4459996759299802,-6.324880980328865,-3.8552577,-3.913756022708528,0.0006311052711011316,0.0010062562783129305
2025-09,2025,9,Spanish Grand Prix,Charles Leclerc,leclerc,Ferrari,7,0.0,1.0811703292911579,2.2231544022527476,-3.3950000442732478,-0.087129526,-0.4840714550463776,3.0048387647991035,-1.9959612602037837,0.7560631,0.6500524152370525,0.018255072313666108,0.09654847627145435
2025-09,2025,9,Spanish Grand Prix,Max Verstappen,max_verstappen,Red Bull,3,0.0,3.0392885480057727,2.869484978957741,-1.537513134961599,1.1396303,0.9503222027287124,2.884622205080419,-2.0175832043425634,1.4497898,0.8533205741731504,0.07661835229769942,0.11831060192311546
2025-09,2025,9,Spanish Grand Prix,Lando Norris,norris,McLaren,2,0.0,3.6968099504315663,4.4612203615741235,-0.6105424055098548,1.9467552,2.229092329147754,4.342173707908995,-0.7696918292333464,1.7999958,1.9787589800227958,0.2752299033545162,0.3645821093474637
2025-09,2025,9,Spanish Grand Prix,Esteban Ocon,ocon,Haas F1 Team,16,0.0,-2.0064377661310093,-1.5029757493450921,-5.729911510078432,-5.511779,-4.900278588645713,-1.1090814579180786,-6.644641415514114,-4.8282175,-4.6341053596674735,0.00022052060159447441,0.0004896264390518853
2025-09,2025,9,Spanish Grand Prix,Oscar Piastri,piastri,McLaren,1,1.0,4.535407874971785,5.088351725872701,0.037006418116651875,2.65308,2.9907816770104536,4.220422622950804,-1.007799555159541,1.8329093,1.8583404541368878,0.589512608647651,0.32322001938456685
2025-09,2025,9,Spanish Grand Prix,George Russell,russell,Mercedes,4,0.0,2.47549925066826,1.7273164828315202,-3.3446233848054026,-0.10182593,-0.6610004333062943,1.5850252384652384,-3.817674193546203,0.08367575,-0.7914970146621676,0.015294816775323215,0.022839598300622568
2025-09,2025,9,Spanish Grand Prix,Carlos Sainz,sainz,Williams,17,0.0,-2.2980879104339,0.09070994238266822,-5.092975359569745,-2.2021708,-2.770080010405239,1.816069185351628,-4.680996435989988,-0.11556027,-1.0977554161567928,0.001856020020193958,0.016814429147298533
2025-09,2025,9,Spanish Grand Prix,Yuki Tsunoda,tsunoda,Red Bull,19,0.0,-2.861814478160287,-1.4973461724749986,-4.781300903053857,-2.2035327,-3.261367824144213,-0.1494752805641617,-4.2549309194715725,-0.6202079,-1.8506359476380376,0.001135583490418143,0.00791972801834699
2025-10,2025,10,Canadian Grand Prix,Alexander Albon,albon,Williams,9,0.0,0.2948840369673291,0.5253370400569161,-5.000104066638784,-2.4189527,-2.650610612186452,0.6915475567905724,-5.0886935662131405,-2.7876217,-2.646250873419699,0.0037303473414612267,0.002820653653620761
2025-10,2025,10,Canadian Grand Prix,Fernando Alonso,alonso,Aston Martin,6,0.0,1.510269424306525,0.00869599676597978,-5.297822893596538,-0.954288,-2.400570728907961,-0.7710055045000457,-5.750545481595962,-2.3924356,-3.2831464415701466,0.004790051838671571,0.0014919337271638562
2025-10,2025,10,Canadian Grand Prix,Andrea Kimi Antonelli,antonelli,Mercedes,4,0.0,2.47549925066826,1.0542844341243975,-3.732993400689389,-0.61441314,-1.2661936879549438,0.6548876582721475,-3.316564174638834,-0.71654457,-1.2442462738723885,0.014893401679801499,0.011461266840254258
2025-10,2025,10,Canadian Grand Prix,Oliver Bearman,bearman,Haas F1 Team,13,0.0,-1.0842683928639936,-1.68148452792488,-5.7251673581671545,-5.8230524,-5.086774044589441,-2.1270977464325402,-6.649428259288888,-6.7742767,-5.72757906530458,0.0003263900690539609,0.00012946307913065436
2025-10,2025,10,Canadian Grand Prix,Gabriel Bortoleto,bortoleto,Sauber,15,0.0,-1.70743939146875,-1.8531047887519896,-5.705806296836432,-6.402896,-5.368264925631572,-2.008948633012949,-6.624015361882408,-6.1949873,-5.461342724610714,0.0002463128105847913,0.00016895494435782653
2025-10,2025,10,Canadian Grand Prix,Franco Colapinto,colapinto,Alpine F1 Team,10,0.0,-0.07036443510254106,-1.1477557943866372,-5.6654096682160455,-5.150276,-4.599900580337331,-1.761364762100639,-6.605413068614703,-6.0618277,-5.314258056917894,0.0005311086749298884,0.000195726200354662
2025-10,2025,10,Canadian Grand Prix,Pierre Gasly,gasly,Alpine F1 Team,20,0.0,-3.1349229891834076,-1.954232337363411,-5.684176723702688,-5.6120043,-5.094736599863425,-0.9809647421799585,-6.230169930495773,-3.529353,-3.955872428176834,0.0003238014896184642,0.000761357005284195
2025-10,2025,10,Canadian Grand Prix,Isack Hadjar,hadjar,RB F1 Team,12,0.0,-0.7581525820585773,0.025686916214184362,-5.1663405993298745,-1.7067616,-2.6328067171910843,0.29203969974037436,-5.217588873403159,-1.3966707,-2.328562376944551,0.003797356798454791,0.0038754320239006695
2025-10,2025,10,Canadian Grand Prix,Lewis Hamilton,hamilton,Ferrari,5,0.0,1.9716099338407647,1.6723719864416238,-4.158412049032489,-0.78948295,-1.2594268987850814,1.8779580710554926,-3.3614317706325174,-0.3114493,-0.6610953471353246,0.01499452393963649,0.02053486506558145
2025-10,2025,10,Canadian Grand Prix,Nico Hülkenberg,hulkenberg,Sauber,11,0.0,-0.42071264090775734,-1.176615888837426,-5.726517031785411,-4.5651536,-4.409515202568781,-1.5772556289579949,-6.58219709796435,-5.2511797,-4.939324278084546,0.0006424905053245604,0.0002847610832963353
2025-10,2025,10,Canadian Grand Prix,Liam Lawson,lawson,RB F1 Team,19,0.0,-2.861814478160287,-1.5842499644738044,-5.499627153420786,-4.860186,-4.59244964368865,-0.5849465438207448,-6.190694141807699,-3.0632682,-3.623808327858948,0.0005350807113400865,0.0010612115166652354
2025-10,2025,10,Canadian Grand Prix,Charles Leclerc,leclerc,Ferrari,8,0.0,0.6775968121904168,1.9993375884856057,-3.582133789746613,-0.38528174,-0.7567189391617997,2.923372610580257,-2.211638737313932,0.58890796,0.4790446540868176,0.024788826898841553,0.06421675626547975
2025-10,2025,10,Canadian Grand Prix,Max Verstappen,max_verstappen,Red Bull,2,0.0,3.6968099504315663,3.5638766149410075,-0.846611590522933,1.8610201,1.7603342723954636,2.7674141233602447,-1.4948061754848156,1.4763296,1.0124722958027201,0.3071837906091813,0.10947451904338393
2025-10,2025,10,Canadian Grand Prix,Lando Norris,norris,McLaren,7,0.0,1.0811703292911579,3.235281519344331,-2.88751196556837,0.9952303,0.5163786532297618,4.6096812242533,-0.3935442006680842,1.9657459,2.2768743170140566,0.08854320418490091,0.38764649950656416
2025-10,2025,10,Canadian Grand Prix,Esteban Ocon,ocon,Haas F1 Team,14,0.0,-1.4003444833319307,-1.5375133412409587,-5.726517031785411,-5.137033,-4.768164565449662,-1.5407419783254768,-6.573077303383443,-5.2010117,-4.904039246467187,0.0004488562479778715,0.00029498825915969527
2025-10,2025,10,Canadian Grand Prix,Oscar Piastri,piastri,McLaren,3,0.0,3.0392885480057727,3.8555325401241,-1.095654621749248,1.446202,1.6172227199804974,4.586654010734446,-0.6702298325541093,2.0685306,2.2043428906938476,0.26622310092292606,0.36052540083909385
2025-10,2025,10,Canadian Grand Prix,George Russell,russell,Mercedes,1,1.0,4.535407874971785,3.3943243950661506,-0.9550867495815588,1.7377542,1.6060384544770954,1.7173372735849233,-3.434598639975274,0.1495525,-0.5774091966172541,0.2632621798075364,0.022327304063227246
2025-10,2025,10,Canadian Grand Prix,Carlos Sainz,sainz,Williams,16,0.0,-2.0064377661310093,-0.07583874707800109,-5.118127354675701,-2.47162,-2.9473905068931288,1.2563840288946873,-5.230916390632336,-0.79832566,-1.757910645079486,0.0027724224137997177,0.006857266400944647
2025-10,2025,10,Canadian Grand Prix,Lance Stroll,stroll,Aston Martin,17,0.0,-2.2980879104339,-2.195438945863896,-5.729911510078432,-5.0175223,-4.97648835684569,-1.8992623503220698,-6.371938224457929,-4.220002,-4.6006854158448665,0.0003644461794360406,0.00039953021193362163
2025-10,2025,10,Canadian Grand Prix,Yuki Tsunoda,tsunoda,Red Bull,18,0.0,-2.5830295048455456,-0.8654560384762114,-5.079290079965733,-3.1468015,-3.495667573861947,-0.22573368902036406,-4.373945318049766,-0.7858207,-1.9835551916655016,0.001602306876522698,0.005472110270603003
2025-11,2025,11,Austrian Grand Prix,Alexander Albon,albon,Williams,12,0.0,-0.7581525820585773,0.1333500622262154,-5.04382265364035,-3.2650733,-3.1434681923816226,0.6952315015027736,-4.9054416171065425,-2.7031295,-2.5462800917422106,0.0016833704244257595,0.0035059423984441017
2025-11,2025,11,Austrian Grand Prix,Fernando Alonso,alonso,Aston Martin,11,0.0,-0.42071264090775734,-0.23973248057306157,-5.344371616563341,-2.1469045,-2.972545178726719,-0.01186893272504147,-5.743208897220264,-2.2481341,-2.947695375054513,0.001997149676585102,0.002346779760250393
2025-11,2025,11,Austrian Grand Prix,Andrea Kimi Antonelli,antonelli,Mercedes,9,0.0,0.2948840369673291,0.7371285472450323,-4.485010207394652,-0.7914589,-1.7453602329046851,1.4713859021988285,-3.3234025060998835,0.08469247,-0.6509303009353664,0.006813500067848413,0.02333161126544657
2025-11,2025,11,Austrian Grand Prix,Oliver Bearman,bearman,Haas F1 Team,15,0.0,-1.70743939146875,-1.6389469578258458,-5.7251673581671545,-5.1238503,-4.80157780600414,-1.7227928600998512,-6.603518345225508,-5.3936586,-5.0532575950925365,0.0003206799720603098,0.000285784243445091
2025-11,2025,11,Austrian Grand Prix,Gabriel Bortoleto,bortoleto,Sauber,8,0.0,0.6775968121904168,-0.6883882096784111,-5.662087709834865,-3.4644318,-3.773796945451715,-1.7746865114290735,-6.594506816699291,-5.1255765,-4.970313265054502,0.0008962545912199423,0.0003104992427652344
2025-11,2025,11,Austrian Grand Prix,Franco Colapinto,colapinto,Alpine F1 Team,14,0.0,-1.4003444833319307,-1.3420308574778086,-5.709128255217612,-5.2754416,-4.739533961940774,-1.4060240072241994,-6.57573914129722,-5.485071,-4.960024230441912,0.0003412063745265671,0.0003137104721167239
2025-11,2025,11,Austrian Grand Prix,Pierre Gasly,gasly,Alpine F1 Team,10,0.0,-0.07036443510254106,-0.4409924528088304,-5.640458136701121,-2.8473604,-3.433095921645,-0.7835779202802592,-6.423616614644256,-3.6252282,-3.9897334261459476,0.0012600737606209835,0.0008277914920851626
2025-11,2025,11,Austrian Grand Prix,Isack Hadjar,hadjar,RB F1 Team,13,0.0,-1.0842683928639936,-0.47220658481462785,-5.129276835972948,-1.9097459,-2.8880408562686277,-0.054788998288872126,-5.064018600135531,-1.7546972,-2.531608359388192,0.0021732534377032417,0.003557759843289604
2025-11,2025,11,Austrian Grand Prix,Lewis Hamilton,hamilton,Ferrari,4,0.0,2.47549925066826,2.02869717863697,-3.384833053629724,-0.5801343,-0.7444889554801896,2.2319085056022767,-2.8599630613972753,-0.095971026,-0.26666879079432226,0.01853715739542898,0.034263157718184396
2025-11,2025,11,Austrian Grand Prix,Nico Hülkenberg,hulkenberg,Sauber,20,0.0,-3.1349229891834076,-1.9825792897560968,-5.726517031785411,-5.896478,-5.231294795920632,-1.1323952210228319,-6.522874525095984,-4.383149,-4.4339187621699505,0.00020866428406164406,0.0005309012135889758
2025-11,2025,11,Austrian Grand Prix,Liam Lawson,lawson,RB F1 Team,6,0.0,1.510269424306525,0.2307830796436829,-5.28858893987734,-1.9590826,-2.6979685503148194,-0.5472648111539917,-5.753785895718551,-3.653569,-3.666426247938919,0.0026281958724891034,0.0011437509872134857
2025-11,2025,11,Austrian Grand Prix,Charles Leclerc,leclerc,Ferrari,2,0.0,3.6968099504315663,3.6009780804715255,-1.1985544626157065,1.2324646,1.397601517642924,3.1556589338516527,-1.5721688941121408,0.64192647,0.8196521563428855,0.15788512296050902,0.10153378548598636
2025-11,2025,11,Austrian Grand Prix,Max Verstappen,max_verstappen,Red Bull,7,0.0,1.0811703292911579,2.44831301191174,-2.656594715730685,0.9629347,0.2901613710031893,3.1894195010953044,-1.376667553014217,1.5289571,1.2307983883917066,0.052165823178208434,0.15316837968423352
2025-11,2025,11,Austrian Grand Prix,Lando Norris,norris,McLaren,1,1.0,4.535407874971785,4.848372539535988,-0.23655211694421033,2.4670162,2.7217874038631122,3.9436618927514684,-0.6939452869426124,1.4908903,1.7460320938274878,0.5935097161990376,0.25640841453599134
2025-11,2025,11,Austrian Grand Prix,Esteban Ocon,ocon,Haas F1 Team,17,0.0,-2.2980879104339,-1.5697166923953336,-5.726517031785411,-5.023773,-4.736998653347987,-1.0936898237154844,-6.603931744117951,-4.20349,-4.383346464853144,0.00034207253550854974,0.0005584406035020564
2025-11,2025,11,Austrian Grand Prix,Oscar Piastri,piastri,McLaren,3,0.0,3.0392885480057727,3.5814524815199995,-1.6461833278823765,1.248608,1.2241893902812575,4.127123554083905,-0.24992532493990394,1.7942932,2.0888899386282014,0.13274839522542545,0.3612713678054431
2025-11,2025,11,Austrian Grand Prix,George Russell,russell,Mercedes,5,0.0,1.9716099338407647,2.0522901319450164,-3.7339759380915116,0.32313848,-0.5223565960022114,2.4923180164482592,-3.438703113992521,0.7288503,-0.08012111941700507,0.023148027809018312,0.04128991698111338
2025-11,2025,11,Austrian Grand Prix,Carlos Sainz,sainz,Williams,19,0.0,-2.861814478160287,-0.5084537538613221,-5.1799424820247575,-3.1780581,-3.409120039855274,1.127873228851442,-5.637301788304358,-0.9436141,-2.008432210676639,0.001290650224283219,0.006003287512989808
2025-11,2025,11,Austrian Grand Prix,Lance Stroll,stroll,Aston Martin,16,0.0,-2.0064377661310093,-1.6262791874139801,-5.676308497035995,-4.9491224,-4.710738776087342,-1.3472853321373837,-6.3334370329248175,-4.347042,-4.429994580670407,0.0003511743008984268,0.0005329886593887725
2025-11,2025,11,Austrian Grand Prix,Yuki Tsunoda,tsunoda,Red Bull,18,0.0,-2.5830295048455456,-1.0899847170821206,-5.020347174157798,-2.0403945,-3.1339252005953773,0.11147197518810209,-3.819491172118807,-0.7018094,-1.6242018121543897,0.0016995117101408,0.008815730094521879
2025-12,2025,12,British Grand Prix,Alexander Albon,albon,Williams,13,0.0,-1.0842683928639936,-0.269042280017879,-5.05666546401882,-3.8238819,-3.5179845226259823,0.3136949976412886,-5.044673206239973,-3.3735836,-2.985023929031718,0.0010658929051423395,0.0021958111537264714
2025-12,2025,12,British Grand Prix,Fernando Alonso,alonso,Aston Martin,7,0.0,1.0811703292911579,0.13865819202509572,-5.258889221838164,-0.992746,-2.350417830994124,-0.11896098716849202,-5.47707169420553,-1.7085003,-2.690362079276509,0.0034259525440876446,0.0029482547176339154
2025-12,2025,12,British Grand Prix,Andrea Kimi Antonelli,antonelli,Mercedes,10,0.0,-0.07036443510254106,0.8624804660464512,-4.417707372622707,-1.1389029,-1.8048761444334698,1.4783694763776583,-2.843455551636898,-0.020669451,-0.5103932237382827,0.005911627857368215,0.026080351889736984
2025-12,2025,12,British Grand Prix,Oliver Bearman,bearman,Haas F1 Team,18,0.0,-2.5830295048455456,-1.140599204136689,-5.674545819659939,-5.5593596,-4.757952807698771,-1.375956194883467,-6.570389548578718,-5.4032526,-4.916844570292911,0.00030846236746780056,0.00031813828988418093
2025-12,2025,12,British Grand Prix,Gabriel Bortoleto,bortoleto,Sauber,16,0.0,-2.0064377661310093,-1.4011379381585214,-5.705806296836432,-5.4689913,-4.83540228475226,-1.0677381268179194,-6.547191501123125,-4.684897,-4.530198882549891,0.00028547383347894803,0.00046831064629076005
2025-12,2025,12,British Grand Prix,Franco Colapinto,colapinto,Alpine F1 Team,20,0.0,-3.1349229891834076,-2.0758193031608276,-5.729911510078432,-6.954033,-5.675076425817001,-1.2715760438403185,-6.505351268823434,-5.6731505,-4.953852583982223,0.00012328222414620748,0.0003065798208568662
2025-12,2025,12,British Grand Prix,Pierre Gasly,gasly,Alpine F1 Team,8,0.0,0.6775968121904168,-0.14981906223536126,-5.640458136701121,-2.8330956,-3.3156560199180682,-0.558430692467727,-6.151320532811075,-3.9193885,-3.9148614628423757,0.00130491950800862,0.0008665062045040032
2025-12,2025,12,British Grand Prix,Isack Hadjar,hadjar,RB F1 Team,12,0.0,-0.7581525820585773,-0.3581777407680058,-5.151790253119634,-1.6059307,-2.7360376247828135,-0.03267748500272555,-5.185890360339491,-1.6321398,-2.523211847103665,0.0023297471778290692,0.00348463605290354
2025-12,2025,12,British Grand Prix,Lewis Hamilton,hamilton,Ferrari,5,0.0,1.9716099338407647,1.8853218968675034,-3.501460970520915,-0.88369954,-0.9611790162381293,2.2379345300226534,-2.514431987180699,-0.14505771,-0.15526468822727524,0.013744219873096722,0.03720007454530244
2025-12,2025,12,British Grand Prix,Nico Hülkenberg,hulkenberg,Sauber,19,0.0,-2.861814478160287,-1.5991713532877148,-5.726517031785411,-5.5996923,-4.969762721773458,-0.7421258931753091,-6.563983049714076,-4.302458,-4.2755981812835255,0.00024958260344059706,0.0006040956528904532
2025-12,2025,12,British Grand Prix,Liam Lawson,lawson,RB F1 Team,15,0.0,-1.70743939146875,-0.9020926176830208,-5.485076807210545,-3.7680936,-3.9046623535866454,-0.22227418117517642,-6.0593658658163525,-2.9254222,-3.391090338903727,0.0007240716159118465,0.0014629941369933596
2025-12,2025,12,British Grand Prix,Charles Leclerc,leclerc,Ferrari,6,0.0,1.510269424306525,2.5038785494251017,-2.9340826753792455,-0.18455213,-0.23637158572142017,3.2291991348998286,-2.1525929553830756,0.66666436,0.6420710252706644,0.028372653983337652,0.08257000497498097
2025-12,2025,12,British Grand Prix,Max Verstappen,max_verstappen,Red Bull,1,0.0,4.535407874971785,4.179662925569819,0.029834479204221345,2.524631,2.5892483266669424,2.6063756879220166,-1.4379437729115345,1.3986294,0.9454847475245558,0.47868640959932257,0.11183898477134922
2025-12,2025,12,British Grand Prix,Lando Norris,norris,McLaren,3,1.0,3.0392885480057727,3.5387572197117994,-1.1769291756304352,1.0893399,1.326961728772888,4.110336954305834,-0.13236906576372826,1.6404717,2.0693502122587213,0.1354712049139871,0.34409771272866685
2025-12,2025,12,British Grand Prix,Esteban Ocon,ocon,Haas F1 Team,14,0.0,-1.4003444833319307,-0.9870983994442316,-5.690936197552322,-4.0970206,-4.142970245312066,-0.7895197317617876,-6.546396751826019,-4.342702,-4.301399185365346,0.0005705395047682072,0.0005887087310702794
2025-12,2025,12,British Grand Prix,Oscar Piastri,piastri,McLaren,2,0.0,3.6968099504315663,4.267987446262008,-0.7552302564706224,1.891221,2.077810329094994,4.079847312732367,-0.2699234925723709,1.7016737,2.029998795980657,0.28703601858996075,0.33081994328982484
2025-12,2025,12,British Grand Prix,George Russell,russell,Mercedes,4,0.0,2.47549925066826,2.221204826121678,-2.891044887374115,0.5096917,-0.06157646699974631,2.306366455518408,-3.003039484247029,0.73487073,0.01406875055261488,0.03379189267745531,0.04406404765157205
2025-12,2025,12,British Grand Prix,Carlos Sainz,sainz,Williams,9,0.0,0.2948840369673291,0.4875023028913668,-5.136814496325035,-1.3737991,-2.315864772543906,0.6314560083712906,-5.534608260350198,-1.9226856,-2.514051960707505,0.0035463985889265925,0.0035167015572683032
2025-12,2025,12,British Grand Prix,Lance Stroll,stroll,Aston Martin,17,0.0,-2.2980879104339,-1.8934111549760257,-5.637333184509885,-4.6027365,-4.665280032248631,-1.4799735986565064,-6.326680319402948,-3.7437286,-4.254168124464581,0.00033841488928628376,0.0006171811679345973
2025-12,2025,12,British Grand Prix,Yuki Tsunoda,tsunoda,Red Bull,11,0.0,-0.42071264090775734,-0.5459312391286371,-4.993770491419582,-1.1798817,-2.5836558239292744,-0.515226739176999,-3.9504308060515685,-0.93197143,-1.9880225634583044,0.00271323474297774,0.0059509620166100135
2025-13,2025,13,Belgian Grand Prix,Alexander Albon,albon,Williams,5,0.0,1.9716099338407647,0.6389098501574537,-4.809807049572,-1.5091852,-2.1839713916713954,0.5492207174534826,-4.906995351724573,-2.658774,-2.584293374721339,0.0030586530489923004,0.002202627141652493
2025-13,2025,13,Belgian Grand Prix,Fernando Alonso,alonso,Aston Martin,20,0.0,-3.1349229891834076,-1.0539228527469293,-5.340977138270319,-3.0350204,-3.6257706884612055,0.15336434048263348,-5.325178190987366,-1.291191,-2.380415454934765,0.0007233770697864829,0.002700747868558558
2025-13,2025,13,Belgian Grand Prix,Andrea Kimi Antonelli,antonelli,Mercedes,19,0.0,-2.861814478160287,-0.3202710126915081,-4.483736378692963,-2.2373164,-2.70736383500135,1.7144577192486898,-2.753667182714136,-0.14362031,-0.43565281964237396,0.0018122736109803049,0.01888355350479652
2025-13,2025,13,Belgian Grand Prix,Oliver Bearman,bearman,Haas F1 Team,12,0.0,-0.7581525820585773,-0.7631103748743058,-5.635813408682765,-3.4020646,-3.7684450101683473,-1.293602991918488,-6.406284968722256,-4.898038,-4.639993040620845,0.0006271942488769033,0.00028194342107067593
2025-13,2025,13,Belgian Grand Prix,Gabriel Bortoleto,bortoleto,Sauber,10,0.0,-0.07036443510254106,-0.25326207545819274,-5.59068291646683,-3.2981668,-3.515109310321773,-0.760077626549057,-6.427390627265804,-4.392954,-4.265232120284724,0.0008080241925280792,0.0004101271922724598
2025-13,2025,13,Belgian Grand Prix,Franco Colapinto,colapinto,Alpine F1 Team,15,0.0,-1.70743939146875,-1.841806067295102,-5.694577909007371,-5.647722,-5.069241565499607,-1.4906289714947305,-6.391871080498728,-5.0737047,-4.7719521918039645,0.00017079427194027408,0.0002470886712508976
2025-13,2025,13,Belgian Grand Prix,Pierre Gasly,gasly,Alpine F1 Team,13,0.0,-1.0842683928639936,-1.2272522643544024,-5.6818785865690735,-3.1232877,-3.8574290889853664,-0.8643307650522565,-6.25883290502199,-2.678899,-3.6102373731284536,0.000573795017779136,0.0007895491479867188
2025-13,2025,13,Belgian Grand Prix,Isack Hadjar,hadjar,RB F1 Team,8,0.0,0.6775968121904168,0.4194336114562612,-5.017903014841331,-1.1668441,-2.2167424600077994,0.16127286039851818,-5.345200085613744,-2.3470943,-2.773781002625101,0.0029600423351591565,0.001822416149469612
2025-13,2025,13,Belgian Grand Prix,Lewis Hamilton,hamilton,Ferrari,18,0.0,-2.5830295048455456,0.2670579602139687,-3.96252897154002,-1.9859298,-2.1844783362568423,2.2960109113611296,-2.3079313123798677,-0.06587249,-0.028652214540229485,0.003057102874349873,0.02836885712579401
2025-13,2025,13,Belgian Grand Prix,Nico Hülkenberg,hulkenberg,Sauber,14,0.0,-1.4003444833319307,-0.8223553361263303,-5.690936197552322,-3.8338165,-3.978426090488077,-0.5290505666953459,-6.4457955592095,-3.918361,-4.012121164445999,0.0005084033960414316,0.0005282545619792237
2025-13,2025,13,Belgian Grand Prix,Liam Lawson,lawson,RB F1 Team,9,0.0,0.2948840369673291,0.03115280819482267,-5.263551759171547,-2.776486,-3.079387625537569,-0.19463120204526616,-5.606967262952833,-3.9914215,-3.6069067851885865,0.001249268781216239,0.0007921831948844347
2025-13,2025,13,Belgian Grand Prix,Charles Leclerc,leclerc,Ferrari,3,0.0,3.0392885480057727,2.6674167359722545,-1.7968650388008156,0.1911424,0.4082175861752682,2.941753571708209,-1.5186747591029048,0.6187846,0.7520469759294879,0.040860491444395554,0.0619291601683443
2025-13,2025,13,Belgian Grand Prix,Max Verstappen,max_verstappen,Red Bull,4,0.0,2.47549925066826,2.7404320154039947,-1.2051942149466255,1.1623973,1.0372310470183117,2.7263915449535188,-1.1701755058374357,1.3797028,1.0813401468418136,0.0766444409580355,0.08608062222070144
2025-13,2025,13,Belgian Grand Prix,Lando Norris,norris,McLaren,1,0.0,4.535407874971785,5.380049771666039,-0.323675992978735,2.8699937,3.047659977845554,4.813539542089873,0.3992090799453409,2.1716542,2.719779284872295,0.5722671961837441,0.4430680911308788
2025-13,2025,13,Belgian Grand Prix,Esteban Ocon,ocon,Haas F1 Team,11,0.0,-0.42071264090775734,-0.3796877864344795,-5.637163082301021,-2.3609996,-3.2212535738917194,-0.8333182880052106,-6.3166952848302715,-3.7012353,-3.9966673673833526,0.0010840374569131644,0.0005364815058085246
2025-13,2025,13,Belgian Grand Prix,Oscar Piastri,piastri,McLaren,2,1.0,3.6968099504315663,4.674825104815654,-0.8254281944941938,2.1933563,2.323417015559828,4.667364992154021,-0.30196532176654167,2.1049695,2.3831278446122046,0.27737296545273726,0.31642049916470333
2025-13,2025,13,Belgian Grand Prix,George Russell,russell,Mercedes,6,0.0,1.510269424306525,1.5211813119107211,-3.9872024953543264,0.14458051,-0.8925856456241796,2.1522403996738255,-3.039319506753198,0.6563959,-0.08496386071147143,0.01112684197391462,0.026815506400680693
2025-13,2025,13,Belgian Grand Prix,Carlos Sainz,sainz,Williams,17,0.0,-2.2980879104339,0.22625977957943894,-5.11090884848333,-2.0498881,-2.666304784698836,0.8488057617863505,-5.527427622654239,-1.5013325,-2.2761639986335047,0.0018882325748370901,0.0029975047102537415
2025-13,2025,13,Belgian Grand Prix,Lance Stroll,stroll,Aston Martin,16,0.0,-2.0064377661310093,-1.6186194214012235,-5.672914018742974,-4.446328,-4.513165859413103,-1.1339643319690331,-6.343525972659964,-3.183612,-3.926633757584317,0.0002978337515803173,0.0005754001428294025
2025-13,2025,13,Belgian Grand Prix,Yuki Tsunoda,tsunoda,Red Bull,7,0.0,1.0811703292911579,0.002029392021615995,-4.917879657408957,-0.8946741,-2.2341258721772754,-0.394540393833607,-3.6916380004583207,-0.9610138,-1.8589517725148994,0.0029090313561920943,0.0045493865760840866
2025-14,2025,14,Hungarian Grand Prix,Alexander Albon,albon,Williams,19,0.0,-2.861814478160287,-0.7405978706708907,-4.988618521980916,-4.8292766,-4.059702826555772,0.9450052717853702,-4.7456346953959265,-2.613749,-2.3625056756511627,0.0006729845614652565,0.003396335544326112
2025-14,2025,14,Hungarian Grand Prix,Fernando Alonso,alonso,Aston Martin,5,0.0,1.9716099338407647,0.5359982136502358,-4.984775570559362,-0.75532275,-2.0009579040075285,-0.19934754361790763,-5.089307787023522,-2.1415918,-2.736664373982585,0.005273593628342406,0.002336229654151825
2025-14,2025,14,Hungarian Grand Prix,Andrea Kimi Antonelli,antonelli,Mercedes,15,0.0,-1.70743939146875,-0.22586694482204667,-4.481442186459642,-1.7041047,-2.46516570224614,1.1398460254477727,-3.029238558277066,-0.4453481,-0.8599177723969201,0.003315154519722368,0.015260762205917858
2025-14,2025,14,Hungarian Grand Prix,Oliver Bearman,bearman,Haas F1 Team,11,0.0,-0.42071264090775734,-0.8083756553111865,-5.6570139989144765,-3.259472,-3.739174528310458,-1.1768713359953764,-6.3644671096437735,-4.6322355,-4.483698276259654,0.0009272754731906118,0.00040718179142288405
2025-14,2025,14,Hungarian Grand Prix,Gabriel Bortoleto,bortoleto,Sauber,7,0.0,1.0811703292911579,0.2664930183767665,-5.494633596827953,-2.1703844,-2.8447064297628826,-0.43535515893052135,-6.100317959348546,-3.7869968,-3.8019843316865445,0.0022681477002657884,0.0008051057959025059
2025-14,2025,14,Hungarian Grand Prix,Franco Colapinto,colapinto,Alpine F1 Team,14,0.0,-1.4003444833319307,-1.3682346809074781,-5.610267584514802,-5.2625723,-4.706649441484438,-1.3908589135410265,-6.2818971988459005,-5.4579,-4.8362050882914644,0.00035240312950829655,0.0002862177645666962
2025-14,2025,14,Hungarian Grand Prix,Pierre Gasly,gasly,Alpine F1 Team,16,0.0,-2.0064377661310093,-1.2091160886734138,-5.61602336445001,-4.1480823,-4.219164551482857,-0.5299048590126156,-6.118730208600767,-3.3211598,-3.6720154936091753,0.0005737883869987904,0.0009168487607376226
2025-14,2025,14,Hungarian Grand Prix,Isack Hadjar,hadjar,RB F1 Team,10,0.0,-0.07036443510254106,-0.11525643484580526,-4.940317587531202,-1.6841236,-2.5913896755120844,-0.18148722023229846,-4.809851471960033,-2.1737907,-2.639017789429585,0.0029220349129697354,0.002575863855035802
2025-14,2025,14,Hungarian Grand Prix,Lewis Hamilton,hamilton,Ferrari,12,0.0,-0.7581525820585773,0.6221097168854778,-4.240396047361112,-1.6594509,-2.02927110893517,1.948716243145023,-2.5003903096157187,-0.36007565,-0.3358102273785512,0.005126375237983751,0.025774677497161932
2025-14,2025,14,Hungarian Grand Prix,Nico Hülkenberg,hulkenberg,Sauber,18,0.0,-2.5830295048455456,-1.187238754708907,-5.658363672532733,-4.743247,-4.455871222353601,-0.33435748975705215,-6.260137488914661,-3.7698376,-3.817329265999659,0.0004528468522005501,0.0007928458052922368
2025-14,2025,14,Hungarian Grand Prix,Liam Lawson,lawson,RB F1 Team,9,0.0,0.2948840369673291,-0.0009982848179523694,-5.175467264900363,-2.2512767,-2.855940375602495,-0.19199780223360363,-5.4655402851928665,-3.4344068,-3.3486909858918343,0.0022428100392708444,0.0012668224521955648
2025-14,2025,14,Hungarian Grand Prix,Charles Leclerc,leclerc,Ferrari,1,0.0,4.535407874971785,4.1296501733867075,-0.5670935344130694,1.9046122,2.1021068838158032,2.880256686955935,-1.454449235338101,0.59783727,0.7453367735172315,0.31918689880767376,0.07598527097064474
2025-14,2025,14,Hungarian Grand Prix,Max Verstappen,max_verstappen,Red Bull,8,0.0,0.6775968121904168,1.932051998172101,-2.993660888743886,0.69929636,-0.13930787567000205,2.7266348560823412,-1.6770809317536526,1.2450117,0.8451207427350064,0.033932120101387464,0.08395857208356763
2025-14,2025,14,Hungarian Grand Prix,Lando Norris,norris,McLaren,3,1.0,3.0392885480057727,3.8352720472829827,-0.6407256421297034,1.3144011,1.7336742291259206,4.558579045050435,-0.06270475355164938,1.9803883,2.3852984678392715,0.2208191777113195,0.3917019475907172
2025-14,2025,14,Hungarian Grand Prix,Esteban Ocon,ocon,Haas F1 Team,17,0.0,-2.2980879104339,-1.466603175753132,-5.646161584332625,-4.5316825,-4.477248374777804,-0.764157314671444,-6.321255666358319,-3.7479248,-3.990070464514108,0.0004432690142069481,0.0006670650446901179
2025-14,2025,14,Hungarian Grand Prix,Oscar Piastri,piastri,McLaren,2,0.0,3.6968099504315663,4.49468294798273,-0.6971465842856168,2.0243735,2.2385035590725084,4.459931172653648,-0.1826281518276376,1.9398196,2.289853573476194,0.3658317382570942,0.3560447119907557
2025-14,2025,14,Hungarian Grand Prix,George Russell,russell,Mercedes,4,0.0,2.47549925066826,1.916226499965648,-2.9985654315241685,0.3452789,-0.28339695364504086,1.9059963178252484,-3.0506333424086844,0.4443671,-0.2579192448094205,0.029378789941785634,0.027862550192879733
2025-14,2025,14,Hungarian Grand Prix,Carlos Sainz,sainz,Williams,13,0.0,-1.0842683928639936,0.07482583376826607,-5.104778568011227,-1.961859,-2.688326632728232,0.7676518083503658,-5.357849028618245,-1.704307,-2.318354298153837,0.0026520775244768457,0.0035496480112652555
2025-14,2025,14,Hungarian Grand Prix,Lance Stroll,stroll,Aston Martin,6,0.0,1.510269424306525,-0.0769844556280685,-5.2435403120974335,-1.7856092,-2.7322831452544842,-1.2137217847651336,-6.279338209082,-4.1300845,-4.2809673736149625,0.0025380264525322912,0.000498692987222255
2025-14,2025,14,Hungarian Grand Prix,Yuki Tsunoda,tsunoda,Red Bull,20,0.0,-3.1349229891834076,-1.3729786374874668,-5.022563947474882,-2.9076514,-3.5770448660609455,-0.30989998735211877,-3.7222279546363786,-0.8770213,-1.8081086212324253,0.00109048774760497,0.005912650001546236
2025-15,2025,15,Dutch Grand Prix,Alexander Albon,albon,Williams,15,0.0,-1.70743939146875,-0.31376486912308965,-4.933303510878889,-3.9449706,-3.5343061572917644,0.6656812208777048,-4.843264145863252,-3.0515752,-2.662600467555812,0.00072776304475446,0.0022717989180615753
2025-15,2025,15,Dutch Grand Prix,Fernando Alonso,alonso,Aston Martin,10,0.0,-0.07036443510254106,0.028561543285890084,-5.033045122045902,-1.1886296,-2.381229906212858,0.3006377257279102,-4.554945995535415,-1.2772212,-2.0373399970542936,0.0023054974793324805,0.004245384798273667
2025-15,2025,15,Dutch Grand Prix,Andrea Kimi Antonelli,antonelli,Mercedes,11,0.0,-0.42071264090775734,0.5399356943808772,-4.519306462444931,-1.0657525,-1.9398318780490529,1.4068873419515098,-2.793221705351366,-0.37327737,-0.6480897143622011,0.0035847706872465033,0.01703180955214112
2025-15,2025,15,Dutch Grand Prix,Oliver Bearman,bearman,Haas F1 Team,20,0.0,-3.1349229891834076,-1.9308560303523392,-5.672914018742974,-6.4119782,-5.389005155446382,-1.0013304340196778,-6.258291670691437,-5.1004753,-4.552397480218994,0.0001138949473522091,0.00034327444515785515
2025-15,2025,15,Dutch Grand Prix,Gabriel Bortoleto,bortoleto,Sauber,13,0.0,-1.0842683928639936,-0.42286634012313423,-5.627179232367229,-3.3816216,-3.6264423380723163,-0.08767180212955572,-6.008158138695566,-3.164967,-3.410881606583471,0.0006637060306092905,0.0010749679568351868
2025-15,2025,15,Dutch Grand Prix,Franco Colapinto,colapinto,Alpine F1 Team,16,0.0,-2.0064377661310093,-2.0997423694069832,-5.598376406877153,-5.4858027,-5.069170696274471,-2.007370349122389,-6.032601070122053,-5.0806904,-4.832524026405893,0.00015682193163500964,0.0002594084152845757
2025-15,2025,15,Dutch Grand Prix,Pierre Gasly,gasly,Alpine F1 Team,14,0.0,-1.4003444833319307,-1.4863119560666265,-5.642825919736877,-3.2868168,-4.004897381191771,-1.3318051206624082,-6.1446865216089055,-3.1398664,-3.9101537597971228,0.00045458471293227334,0.0006524757536234704
2025-15,2025,15,Dutch Grand Prix,Isack Hadjar,hadjar,RB F1 Team,4,0.0,2.47549925066826,1.016674540818387,-4.050529605066475,-0.25162485,-1.2632552923891407,0.21384307387447302,-4.6154740568381,-1.9471886,-2.3383594296255623,0.0070517167171478155,0.0031418538710666164
2025-15,2025,15,Dutch Grand Prix,Lewis Hamilton,hamilton,Ferrari,7,0.0,1.0811703292911579,1.348288934300906,-4.330756428368644,-0.9521316,-1.512839308625234,1.920072692478071,-2.781983193313723,-0.2756575,-0.41898227401671206,0.0054941675104966765,0.021417111088522085
2025-15,2025,15,Dutch Grand Prix,Nico Hülkenberg,hulkenberg,Sauber,17,0.0,-2.2980879104339,-1.0623017364387835,-5.672914018742974,-4.3534174,-4.263539838798178,-0.32117350492359226,-6.298128257654727,-3.5068145,-3.729590836937655,0.0003509844167416701,0.000781595155220188
2025-15,2025,15,Dutch Grand Prix,Liam Lawson,lawson,RB F1 Team,8,0.0,0.6775968121904168,0.44788919016992645,-5.153740959847871,-1.7355196,-2.476684301687387,0.2983822960712335,-5.217596132472349,-3.0370855,-2.93041680682208,0.002095604558583857,0.001738035849154395
2025-15,2025,15,Dutch Grand Prix,Charles Leclerc,leclerc,Ferrari,6,0.0,1.510269424306525,2.2133382047648973,-3.5535135996549827,-0.086232156,-0.5484486080924563,2.9158237342179114,-1.962111220063802,0.65678924,0.5931704173042326,0.014412239018814355,0.058929562657228984
2025-15,2025,15,Dutch Grand Prix,Max Verstappen,max_verstappen,Red Bull,3,0.0,3.0392885480057727,2.34377003976546,-1.858817954343049,0.8269706,0.5044295776718069,2.229090720039272,-2.070370275868981,0.9873363,0.4221087875304416,0.04130386021277244,0.04966404584452955
2025-15,2025,15,Dutch Grand Prix,Lando Norris,norris,McLaren,2,0.0,3.6968099504315663,4.6513963103625615,-0.15904551689893215,2.0947602,2.53272064028238,4.700604269605439,0.2058390615927882,2.0726638,2.5705031745483513,0.3139541718804694,0.42567478306130896
2025-15,2025,15,Dutch Grand Prix,Esteban Ocon,ocon,Haas F1 Team,18,0.0,-2.5830295048455456,-1.7164408073610131,-5.660711930542866,-5.504942,-4.95311938957687,-0.9806800266408071,-6.278338779028897,-4.475281,-4.321907343028297,0.0001761194177599856,0.00043225703341919495
2025-15,2025,15,Dutch Grand Prix,Oscar Piastri,piastri,McLaren,1,1.0,4.535407874971785,5.258600358200134,0.17712546410095983,2.771563,3.155673256579861,4.554542679701399,-0.03445293861424593,2.015919,2.4073038088713266,0.5853439610941107,0.36157745149953735
2025-15,2025,15,Dutch Grand Prix,George Russell,russell,Mercedes,5,0.0,1.9716099338407647,2.1207161671120613,-3.5975345125741915,0.49543563,-0.3773381504468757,2.395350205905817,-2.3817817467784725,0.7608887,0.2852434476518897,0.017101877197277973,0.04331140121156438
2025-15,2025,15,Dutch Grand Prix,Carlos Sainz,sainz,Williams,9,0.0,0.2948840369673291,0.4966437551429468,-5.005744969907633,-1.1353729,-2.170280126551958,0.5796385158217234,-5.282186764909836,-2.0045586,-2.4703216426487216,0.002846944343690068,0.0027534393899492264
2025-15,2025,15,Dutch Grand Prix,Lance Stroll,stroll,Aston Martin,19,0.0,-2.861814478160287,-1.733451886707966,-5.433852584626079,-4.209861,-4.374479408817182,-0.6906316112039323,-5.9893170529956095,-2.6900716,-3.4511100621934063,0.0003141285370203451,0.0010325819342705041
2025-15,2025,15,Dutch Grand Prix,Yuki Tsunoda,tsunoda,Red Bull,12,0.0,-0.7581525820585773,-0.7491596590368768,-5.02323409773726,-1.4580724,-2.7800884196204434,-0.6555342107145449,-4.011879264815536,-1.2619385,-2.183863595005275,0.0015471862612524282,0.003666761564851172
2025-16,2025,16,Italian Grand Prix,Alexander Albon,albon,Williams,14,0.0,-1.4003444833319307,-0.3158105466973943,-4.945555719955515,-2.2194343,-2.8763410819624458,0.45679631771312046,-4.781757826663911,-1.6830221,-2.2128247626857345,0.001805903614200447,0.0038086055749141853
2025-16,2025,16,Italian Grand Prix,Fernando Alonso,alonso,Aston Martin,8,0.0,0.6775968121904168,0.7740141346764191,-5.205983227312344,-0.6084799,-1.9380346399932016,0.9313316187369434,-5.201709364380205,-1.1773255,-2.006465615538337,0.004615256867977488,0.00468151735464309
2025-16,2025,16,Italian Grand Prix,Andrea Kimi Antonelli,antonelli,Mercedes,6,0.0,1.510269424306525,0.9440039848013331,-4.354525687453717,-0.6212101,-1.5501864763097684,0.943136355184923,-3.0834674797987187,-0.51439404,-0.9777725664706131,0.006801993217532311,0.013096111152218176
2025-16,2025,16,Italian Grand Prix,Oliver Bearman,bearman,Haas F1 Team,11,0.0,-0.42071264090775734,-0.45714258148767023,-5.622292480235759,-3.369971,-3.633262892120762,-0.6689813413135057,-6.303856649116812,-4.7014217,-4.299793826938175,0.0008471642136214975,0.00047250548061000537
2025-16,2025,16,Italian Grand Prix,Gabriel Bortoleto,bortoleto,Sauber,7,0.0,1.0811703292911579,0.2271046831363496,-5.5328391068584475,-1.7469006,-2.711712958995426,-0.36468290062916786,-6.178163570323805,-3.2838645,-3.619315669523583,0.00212907839305218,0.0009331141153117857
2025-16,2025,16,Italian Grand Prix,Franco Colapinto,colapinto,Alpine F1 Team,17,0.0,-2.2980879104339,-1.888073104394671,-5.621423452432022,-6.1776147,-5.26264538429743,-1.4566388175191949,-6.265505236105418,-5.5881224,-4.90235807039953,0.00016608705198507197,0.0002586524070417926
2025-16,2025,16,Italian Grand Prix,Pierre Gasly,gasly,Alpine F1 Team,20,0.0,-3.1349229891834076,-1.8290239504602614,-5.627179232367229,-5.3611703,-4.928234318018403,-0.8582120507641797,-6.2353345134533225,-3.8456283,-4.029051732888966,0.00023204309917749597,0.0006194248833780543
2025-16,2025,16,Italian Grand Prix,Isack Hadjar,hadjar,RB F1 Team,19,0.0,-2.861814478160287,-0.45405302405579395,-5.000432253071988,-2.9731283,-3.240387324616428,0.8926035869246628,-4.777592394086864,-0.9300014,-1.773428513445541,0.0012548484911960162,0.005910080075922244
2025-16,2025,16,Italian Grand Prix,Lewis Hamilton,hamilton,Ferrari,10,0.0,-0.07036443510254106,0.8411400357724568,-3.925424458449335,-1.5842487,-1.7950342952905154,1.2957142219150801,-2.627502658508491,-0.38038477,-0.6306174411732718,0.005324761226388544,0.018531471572548516
2025-16,2025,16,Italian Grand Prix,Nico Hülkenberg,hulkenberg,Sauber,12,0.0,-0.7581525820585773,-0.5069040109773698,-5.635983510891628,-2.85441,-3.4594287335370124,-0.5888287232586163,-6.354408297947291,-3.795784,-3.955332274173603,0.0010080053046942353,0.0006668138348626292
2025-16,2025,16,Italian Grand Prix,Liam Lawson,lawson,RB F1 Team,18,0.0,-2.5830295048455456,-0.8370804809642365,-5.235115782150065,-4.245693,-3.967191646193912,0.6375466529821079,-5.302246974219823,-2.1695852,-2.517163357712942,0.0006066583597286754,0.002809269643688522
2025-16,2025,16,Italian Grand Prix,Charles Leclerc,leclerc,Ferrari,4,0.0,2.47549925066826,2.093291566232319,-2.917395508893834,0.13275132,-0.26582261553902153,2.230097712081501,-2.213767588726129,0.40139627,0.15385449946866725,0.024571311180939106,0.04060707828739119
2025-16,2025,16,Italian Grand Prix,Max Verstappen,max_verstappen,Red Bull,1,1.0,4.535407874971785,4.35471265779813,-0.026136732637901682,2.4600463,2.610200993630952,2.967315412158154,-1.6736994731767099,1.3798375,0.9846704559464966,0.4359829597298202,0.09320099055836256
2025-16,2025,16,Italian Grand Prix,Lando Norris,norris,McLaren,2,0.0,3.6968099504315663,4.473676303261579,-0.8540879008634543,2.1134763,2.2043428907777898,4.525335613610734,-0.7216874674333368,2.064134,2.1611865362298706,0.2905411029206623,0.3022560271463846
2025-16,2025,16,Italian Grand Prix,Esteban Ocon,ocon,Haas F1 Team,15,0.0,-1.70743939146875,-1.0137338153896875,-5.635983510891628,-3.9153514,-4.062231183837574,-0.6956417301716764,-6.327849445869512,-4.021358,-4.067973085166643,0.0005516568811617708,0.0005957791756843875
2025-16,2025,16,Italian Grand Prix,Oscar Piastri,piastri,McLaren,3,0.0,3.0392885480057727,3.8970606141277795,-0.7037710502627393,1.5827384,1.8363656921839104,4.660783828970363,0.18104450180798276,2.2272887,2.603655099135665,0.20109307447076907,0.47047508020749207
2025-16,2025,16,Italian Grand Prix,George Russell,russell,Mercedes,5,0.0,1.9716099338407647,1.858448983394857,-3.856591612096212,0.14277482,-0.7133822950389841,2.0968944178189206,-2.9756694476669034,0.46506137,-0.15237655294339206,0.015705639799179463,0.02989560085730012
2025-16,2025,16,Italian Grand Prix,Carlos Sainz,sainz,Williams,13,0.0,-1.0842683928639936,-0.19887343192709522,-4.967986577895708,-1.3799589,-2.5172284736247956,0.31584726383695805,-4.841792592481503,-1.0654455,-2.0593877908307285,0.0025861588157690056,0.0044402030312890375
2025-16,2025,16,Italian Grand Prix,Lance Stroll,stroll,Aston Martin,16,0.0,-2.0064377661310093,-0.9512106577083251,-5.595329725442435,-3.3597302,-3.8089256713161883,-0.17967407253289028,-6.201895348834086,-2.754891,-3.365086668053022,0.0007106867623400436,0.0012032199152072166
2025-16,2025,16,Italian Grand Prix,Yuki Tsunoda,tsunoda,Red Bull,9,0.0,0.2948840369673291,0.10048239048883137,-4.920886571510676,-0.9651206,-2.2245136179183738,-0.0002974643120565723,-3.9477249516307484,-1.0432951,-1.8383723625164063,0.00346560959980473,0.005538454725749606
2025-17,2025,17,Azerbaijan Grand Prix,Alexander Albon,albon,Williams,19,0.0,-2.861814478160287,-0.7517156261676865,-4.911257452752528,-3.7632213,-3.624338054915842,0.9390479697810444,-4.8282147905347825,-1.7495667,-2.0768247441959833,0.00113799305913396,0.004772912721110292
2025-17,2025,17,Azerbaijan Grand Prix,Fernando Alonso,alonso,Aston Martin,11,0.0,-0.42071264090775734,-0.13491830614280156,-4.993438016471984,-1.4092666,-2.513692658251772,0.23092167482929726,-5.32130360631841,-1.425084,-2.399737612683884,0.0034553081166476905,0.003455765112186026
2025-17,2025,17,Azerbaijan Grand Prix,Andrea Kimi Antonelli,antonelli,Mercedes,4,0.0,2.47549925066826,1.5205329870933058,-3.3979894641014354,-0.37746018,-0.8670074008292166,1.2854381117966573,-2.794631593536528,-0.46160632,-0.7258732489260277,0.017932180473929932,0.018428681850315154
2025-17,2025,17,Azerbaijan Grand Prix,Oliver Bearman,bearman,Haas F1 Team,15,0.0,-1.70743939146875,-1.18233065303638,-5.660711930542866,-4.1655846,-4.232777816061087,-0.7952168569597405,-6.08521586972102,-4.1783795,-4.073115881128308,0.0006192950124250582,0.0006483436591361977
2025-17,2025,17,Azerbaijan Grand Prix,Gabriel Bortoleto,bortoleto,Sauber,13,0.0,-1.0842683928639936,-0.7910373693339948,-5.571975100707795,-2.5616806,-3.431512589705267,-0.5488536906256483,-6.123668066772218,-2.5885875,-3.4109966233216835,0.0013800113195622558,0.0012570715795928607
2025-17,2025,17,Azerbaijan Grand Prix,Franco Colapinto,colapinto,Alpine F1 Team,16,0.0,-2.0064377661310093,-1.965772408231247,-5.672914018742974,-5.639501,-5.1054156731099525,-1.8219847674050558,-6.3830783328261,-5.397357,-5.009962368895068,0.0002587711026254026,0.00025406100267104766
2025-17,2025,17,Azerbaijan Grand Prix,Pierre Gasly,gasly,Alpine F1 Team,18,0.0,-2.5830295048455456,-1.9156602616559075,-5.627179232367229,-5.027649,-4.833307896261248,-1.2433771607954092,-5.964420765568716,-3.9374344,-4.104945617353477,0.0003396961950336049,0.0006280320233229948
2025-17,2025,17,Azerbaijan Grand Prix,Isack Hadjar,hadjar,RB F1 Team,8,0.0,0.6775968121904168,0.7297751013422442,-4.855010113250398,-0.4909417,-1.7749034582535788,0.6056253206414767,-4.9677726310613,-1.253797,-2.0684311874341303,0.007233339563335138,0.004813143036480887
2025-17,2025,17,Azerbaijan Grand Prix,Lewis Hamilton,hamilton,Ferrari,12,0.0,-0.7581525820585773,0.5700368532219983,-4.517847093143292,-1.334646,-2.0310855504124694,1.7855097676912273,-2.9934915346259747,-0.22177121,-0.5265981029469643,0.005598612174301736,0.0224925331277859
2025-17,2025,17,Azerbaijan Grand Prix,Nico Hülkenberg,hulkenberg,Sauber,17,0.0,-2.2980879104339,-1.4179428692225553,-5.61770988708354,-4.2031293,-4.321271553029444,-0.7860011120352651,-6.013792473350426,-3.5713959,-3.8198547448992484,0.0005668462015005237,0.0008352090311052773
2025-17,2025,17,Azerbaijan Grand Prix,Liam Lawson,lawson,RB F1 Team,3,0.0,3.0392885480057727,1.2901398599033753,-3.6493283009413244,-0.4500804,-1.0801538327912519,0.32681133027366055,-5.778440978612499,-2.544565,-2.9451107844923508,0.014489879766800348,0.0020030493844054695
2025-17,2025,17,Azerbaijan Grand Prix,Charles Leclerc,leclerc,Ferrari,10,0.0,-0.07036443510254106,1.4947121461719344,-3.6971325995411277,-0.5737182,-1.0674153922218712,2.702255160985304,-2.204037194732842,0.5775644,0.39622576197798587,0.014675638867813798,0.05659990224400856
2025-17,2025,17,Azerbaijan Grand Prix,Max Verstappen,max_verstappen,Red Bull,1,1.0,4.535407874971785,4.491885072275188,0.0031003282109637606,2.6075613,2.7309038555710576,3.3234237313789055,-2.037696727980616,1.6949164,1.0978128176962958,0.6549167622288175,0.1141592397676782
2025-17,2025,17,Azerbaijan Grand Prix,Lando Norris,norris,McLaren,7,0.0,1.0811703292911579,3.249008624286123,-1.996166986381916,0.9753868,0.8567458746318647,4.532201143435504,-1.1930733863968144,1.9036591,1.9309920381826973,0.10051934193576664,0.2626371795455532
2025-17,2025,17,Azerbaijan Grand Prix,Esteban Ocon,ocon,Haas F1 Team,20,0.0,-3.1349229891834076,-1.8384650817196542,-5.659362256924609,-5.380679,-4.951739736028261,-0.8480500000956153,-6.048634304155048,-3.9408474,-3.991615142455045,0.00030175632909106676,0.0007033971249140939
2025-17,2025,17,Azerbaijan Grand Prix,Oscar Piastri,piastri,McLaren,9,0.0,0.2948840369673291,3.0317748568262584,-1.8718022564095302,0.92244613,0.8006825642061163,4.559666078156625,0.15806594321126566,1.9829363,2.4679502424034663,0.09503895456706765,0.4493183868192297
2025-17,2025,17,Azerbaijan Grand Prix,George Russell,russell,Mercedes,5,0.0,1.9716099338407647,2.091009803223907,-3.448900398968961,0.19296414,-0.4479100624822558,2.383338873346837,-2.571232496915489,0.56232417,0.13790802789567902,0.027267464882729284,0.04371492268374462
2025-17,2025,17,Azerbaijan Grand Prix,Carlos Sainz,sainz,Williams,2,0.0,3.6968099504315663,2.2597454298275164,-3.069383840758789,1.0383649,0.08794451314027295,0.7840896530545132,-5.278864293134872,-1.0579855,-2.0451595663394024,0.04659758913823866,0.004926466169703739
2025-17,2025,17,Azerbaijan Grand Prix,Lance Stroll,stroll,Aston Martin,14,0.0,-1.4003444833319307,-1.1176519514988283,-5.341607065672706,-2.775347,-3.5506730259002106,-0.9503197367080269,-5.838129972969086,-3.0993624,-3.6418200679734687,0.0012249882664245439,0.000997963504594936
2025-17,2025,17,Azerbaijan Grand Prix,Yuki Tsunoda,tsunoda,Red Bull,6,0.0,1.510269424306525,0.49298352553645786,-4.838145135581285,-0.5709077,-1.8902110943667858,0.07930295208058416,-3.971285989233038,-0.57315356,-1.6445725214464049,0.006445570798755217,0.0073537396124609255
2025-18,2025,18,Singapore Grand Prix,Alexander Albon,albon,Williams,20,0.0,-3.1349229891834076,-0.5605794036172181,-5.254766686135019,-4.144765,-3.829627098623114,1.2199977293008044,-5.201237765481123,-1.5921408,-2.0527544397733046,0.0008894045949951644,0.005499880588720851
2025-18,2025,18,Singapore Grand Prix,Fernando Alonso,alonso,Aston Martin,10,0.0,-0.07036443510254106,0.08873099789624932,-4.970473980587873,-1.1966028,-2.337102250107991,0.44174360574428884,-5.228471734833663,-1.5426924,-2.3312144882203456,0.003956349726786019,0.004163126408088694
2025-18,2025,18,Singapore Grand Prix,Andrea Kimi Antonelli,antonelli,Mercedes,4,0.0,2.47549925066826,1.9999988687767882,-3.327207437578833,-0.3429618,-0.6421745364939665,2.0652047081874674,-2.60337145099362,-0.08718457,-0.23032567205412147,0.021547278645171874,0.034027027951886134
2025-18,2025,18,Singapore Grand Prix,Oliver Bearman,bearman,Haas F1 Team,9,0.0,0.2948840369673291,-0.23331485100815835,-5.566371805034084,-2.369022,-3.1408392587159684,-0.6129045138321221,-6.161857385181661,-3.8265777,-3.904622260382867,0.0017710716323532235,0.0008631718819680587
2025-18,2025,18,Singapore Grand Prix,Gabriel Bortoleto,bortoleto,Sauber,14,0.0,-1.4003444833319307,-0.7520834335162262,-5.575130132077333,-2.834785,-3.5227557163462024,-0.218321934450445,-5.8584517144476385,-2.4893909,-3.155038699758168,0.0012088486138129983,0.0018265740726943712
2025-18,2025,18,Singapore Grand Prix,Franco Colapinto,colapinto,Alpine F1 Team,16,0.0,-2.0064377661310093,-1.9137578146141763,-5.672914018742974,-6.014369,-5.229551622391539,-1.7135502156229978,-6.389422735982813,-5.67118,-5.07321391070484,0.0002193410272509484,0.00026827757950294637
2025-18,2025,18,Singapore Grand Prix,Pierre Gasly,gasly,Alpine F1 Team,19,0.0,-2.861814478160287,-1.9680203433219603,-5.627179232367229,-5.6259055,-5.083467681770912,-1.1783348338010349,-5.955021175743179,-4.333881,-4.2235444156477415,0.0002538419073709255,0.0006274673789821197
2025-18,2025,18,Singapore Grand Prix,Isack Hadjar,hadjar,RB F1 Team,8,0.0,0.6775968121904168,0.9612706482894509,-4.92394843805016,-0.40689975,-1.6800869562158647,1.0943397103070942,-4.735497041423836,-0.6997473,-1.5988161540064005,0.0076319021106210595,0.008659566526353512
2025-18,2025,18,Singapore Grand Prix,Lewis Hamilton,hamilton,Ferrari,6,0.0,1.510269424306525,1.3856144508589192,-4.413425350625668,-0.9186083,-1.517384088912914,1.8011662069798178,-3.2791000621030975,-0.34448665,-0.6712230699743822,0.008980360041244747,0.021894987966656523
2025-18,2025,18,Singapore Grand Prix,Nico Hülkenberg,hulkenberg,Sauber,11,0.0,-0.42071264090775734,-0.4806432330726776,-5.620864918453077,-2.6265354,-3.3559015754454182,-0.5675477805324041,-6.025574145559889,-3.5057654,-3.719562058644887,0.0014283536519138198,0.0010386468518472029
2025-18,2025,18,Singapore Grand Prix,Liam Lawson,lawson,RB F1 Team,12,0.0,-0.7581525820585773,0.27036941457503294,-5.3006164312082396,-1.5542967,-2.5317335516701065,0.9838509623552416,-5.669729156104886,-1.3016751,-2.205299968472385,0.0032566221647718986,0.004721756414823629
2025-18,2025,18,Singapore Grand Prix,Charles Leclerc,leclerc,Ferrari,7,0.0,1.0811703292911579,1.811658115950122,-3.929096625194941,-0.52383703,-1.0155610103106072,2.62938115924888,-2.648436194273353,0.35954794,0.12540832030450758,0.01483312794186684,0.04856432175005431
2025-18,2025,18,Singapore Grand Prix,Max Verstappen,max_verstappen,Red Bull,2,0.0,3.6968099504315663,3.90022979427424,-1.0260180511002956,1.9436219,1.8524398166880536,3.65436121284489,-1.9590215247820744,1.750639,1.2692023367220724,0.26108966197264316,0.15242659827025393
2025-18,2025,18,Singapore Grand Prix,Lando Norris,norris,McLaren,5,0.0,1.9716099338407647,3.3817781415590877,-2.7231787326012915,1.0546507,0.6587385335357278,4.332686027053131,-0.9486719387598987,1.6821966,1.8659565595149528,0.07913558107885219,0.2768393516901106
2025-18,2025,18,Singapore Grand Prix,Esteban Ocon,ocon,Haas F1 Team,17,0.0,-2.2980879104339,-1.3478246665478661,-5.635983510891628,-4.3740826,-4.3670684207707495,-0.7052523852325271,-6.129601422385991,-3.885901,-3.9486045629375037,0.0005196268315471308,0.0008260303669267227
2025-18,2025,18,Singapore Grand Prix,Oscar Piastri,piastri,McLaren,3,0.0,3.0392885480057727,3.7640317763921076,-1.4924174568724622,1.3714931,1.400761790239136,4.329268691948945,-0.5747086417509361,1.8095877,2.049353773089566,0.16619899813627265,0.33256475523612755
2025-18,2025,18,Singapore Grand Prix,George Russell,russell,Mercedes,1,1.0,4.535407874971785,4.372602272595294,-0.3562715576579786,2.0416121,2.3292573922411757,3.151954361656326,-2.281477464784405,0.8793806,0.6444970874808444,0.4205996606077698,0.08161213042699327
2025-18,2025,18,Singapore Grand Prix,Carlos Sainz,sainz,Williams,18,0.0,-2.5830295048455456,-0.36703021636344996,-5.045815683042068,-2.6451104,-3.0982554024823394,1.3859349957846174,-4.810009281157707,-0.39031,-1.4048913027851668,0.0018481195480322017,0.01051275748108655
2025-18,2025,18,Singapore Grand Prix,Lance Stroll,stroll,Aston Martin,15,0.0,-1.70743939146875,-1.226572757370577,-5.350435465495447,-3.26909,-3.7857895727809545,-0.7636781779180957,-5.749774953849174,-3.1248574,-3.5499251517686643,0.0009292611149436724,0.0012306662247259965
2025-18,2025,18,Singapore Grand Prix,Yuki Tsunoda,tsunoda,Red Bull,13,0.0,-1.0842683928639936,-0.33470356668016504,-4.673790099606239,-1.2422584,-2.403391853467693,0.5032128301670207,-3.608715895919205,-0.38770235,-1.2865966163893827,0.003702588651779715,0.011832904932197044
2025-19,2025,19,United States Grand Prix,Alexander Albon,albon,Williams,18,0.0,-2.5830295048455456,-0.29999884651442943,-5.321852880977999,-2.8628726,-3.26234619712507,0.6941516423391922,-5.573396687895137,-1.7601273,-2.4453740893891203,0.0013586878313993009,0.003107334447823574
2025-19,2025,19,United States Grand Prix,Fernando Alonso,alonso,Aston Martin,10,0.0,-0.07036443510254106,-0.13093778085128896,-4.943104223607107,-1.4854772,-2.5221117073365016,0.6670668976359923,-4.667350483437516,-1.3030003,-1.9532739530157777,0.0028483899189870954,0.005082815825180135
2025-19,2025,19,United States Grand Prix,Andrea Kimi Antonelli,antonelli,Mercedes,7,0.0,1.0811703292911579,1.4339186227923773,-4.183219632296918,-0.673782,-1.3161631866152737,2.1549302583935543,-2.6504902962691657,0.1884027,-0.11313036261371263,0.00951341030864849,0.03200874013489848
2025-19,2025,19,United States Grand Prix,Oliver Bearman,bearman,Haas F1 Team,8,0.0,0.6775968121904168,-0.3159851955223472,-5.5327469729716885,-2.2600348,-3.117791935114341,-0.5142491013039101,-6.006315833710932,-3.611082,-3.731627897075831,0.0015699969334744296,0.0008585687333210898
2025-19,2025,19,United States Grand Prix,Gabriel Bortoleto,bortoleto,Sauber,16,0.0,-2.0064377661310093,-1.0449190832783104,-5.575130132077333,-3.581244,-3.92236079966408,-0.56271625893077,-5.823188874484672,-3.3104558,-3.571305920241633,0.0007022293644098043,0.0010078641987334067
2025-19,2025,19,United States Grand Prix,Franco Colapinto,colapinto,Alpine F1 Team,15,0.0,-1.70743939146875,-1.9036940638414734,-5.658363672532733,-5.3189087,-4.95268558131619,-2.0402959521236506,-6.39882232580835,-5.6736097,-5.197915944862494,0.000250619361220673,0.00019814095898224309
2025-19,2025,19,United States Grand Prix,Pierre Gasly,gasly,Alpine F1 Team,14,0.0,-1.4003444833319307,-1.364423748850924,-5.591428295925277,-4.1245394,-4.2603709224194235,-1.5682871279708492,-5.934091085090236,-4.740242,-4.5091289779901125,0.0005008216040006501,0.0003945578056022944
2025-19,2025,19,United States Grand Prix,Isack Hadjar,hadjar,RB F1 Team,20,0.0,-3.1349229891834076,-0.6491255923579448,-4.980889739670832,-2.2325985,-3.0231469501507973,0.7603256636773498,-4.512705949861125,-0.80049133,-1.6768865640293622,0.0017258482195752988,0.0067009733589919775
2025-19,2025,19,United States Grand Prix,Lewis Hamilton,hamilton,Ferrari,5,0.0,1.9716099338407647,1.770380567005096,-3.612733564194997,-0.64291453,-0.9555764883436794,2.081304472469967,-3.083297016198908,-0.1435825,-0.42193137605564507,0.013643853305570327,0.023504878169300435
2025-19,2025,19,United States Grand Prix,Nico Hülkenberg,hulkenberg,Sauber,11,0.0,-0.42071264090775734,-0.7414001531823021,-5.595840867026312,-3.194391,-3.664878469946861,-0.847310947664656,-5.921741241137363,-4.195407,-4.038364287151999,0.0009084523254155644,0.000631773124303927
2025-19,2025,19,United States Grand Prix,Liam Lawson,lawson,RB F1 Team,12,0.0,-0.7581525820585773,0.07108449619719251,-5.277597851321507,-1.3650956,-2.5267601757042684,0.5475279617987681,-5.497350045289698,-1.3396589,-2.316504168127847,0.002835179995292781,0.0035347238914374057
2025-19,2025,19,United States Grand Prix,Charles Leclerc,leclerc,Ferrari,3,0.0,3.0392885480057727,2.5864906647347126,-2.789209825593051,0.23340993,0.011800489684630936,2.9299098755074144,-2.494599906291096,0.6402624,0.39614841956199354,0.03589744384809342,0.05326544326437797
2025-19,2025,19,United States Grand Prix,Max Verstappen,max_verstappen,Red Bull,1,1.0,4.535407874971785,4.726021009620732,0.08833314999660076,2.606795,2.853405371797989,3.7612298386559155,-1.2991858708824997,1.6723301,1.52274805302268,0.6153990831664998,0.16433177627976736
2025-19,2025,19,United States Grand Prix,Lando Norris,norris,McLaren,2,0.0,3.6968099504315663,3.977518923934966,-1.4331845140073298,1.6611675,1.617000463449534,4.488016781466311,-0.4774310241424211,1.7073294,2.1059884597822354,0.17872817294529106,0.2944554790963916
2025-19,2025,19,United States Grand Prix,Esteban Ocon,ocon,Haas F1 Team,17,0.0,-2.2980879104339,-1.3967099145182318,-5.595329725442435,-4.360507,-4.365013636726706,-0.8607477408475697,-6.003295625142574,-4.071662,-4.027773863391304,0.0004510631011289539,0.0006384994237248061
2025-19,2025,19,United States Grand Prix,Oscar Piastri,piastri,McLaren,6,0.0,1.510269424306525,2.9364955560178587,-2.707570435327364,0.871185,0.4229884136787955,4.471224283560713,-0.49917134299001403,1.8793663,2.1551598836766463,0.054155200897158605,0.30929615274071237
2025-19,2025,19,United States Grand Prix,George Russell,russell,Mercedes,4,0.0,2.47549925066826,2.819688517814264,-1.7435851321759175,0.57686687,0.6355611571044772,3.2754082780314526,-1.9622499520240344,0.9825605,0.8455454934692375,0.06698218967964567,0.08348649237486398
2025-19,2025,19,United States Grand Prix,Carlos Sainz,sainz,Williams,9,0.0,0.2948840369673291,0.9810080725908075,-4.467407975745066,-0.28378898,-1.4496241582834757,0.9814959109193527,-4.762917887545525,-0.5584836,-1.5984481795966956,0.008324820241228641,0.0072477507383084125
2025-19,2025,19,United States Grand Prix,Lance Stroll,stroll,Aston Martin,19,0.0,-2.861814478160287,-1.5142414129709234,-5.329404977472598,-3.9134936,-4.136081915153843,-0.6430675361188994,-5.708867119233251,-2.9732108,-3.434582050427565,0.0005671018771494534,0.0011555279127986847
2025-19,2025,19,United States Grand Prix,Yuki Tsunoda,tsunoda,Red Bull,13,0.0,-1.0842683928639936,-0.04114127903834199,-4.665358106135285,-1.2170584,-2.277586817507869,0.5097812492468192,-3.8045832092857386,-0.4294346,-1.3716886323493167,0.0036374350758101065,0.009092507520479865
2025-20,2025,20,Mexico City Grand Prix,Alexander Albon,albon,Williams,17,0.0,-2.2980879104339,-0.885052540293822,-5.357603817419951,-3.7077694,-3.8259031590823036,0.21979104991710624,-5.901932406967378,-2.5274596,-3.0237113471034673,0.000606573944149861,0.001731441046540925
2025-20,2025,20,Mexico City Grand Prix,Fernando Alonso,alonso,Aston Martin,14,0.0,-1.4003444833319307,-0.19310589708728004,-5.037970063936669,-2.25674,-2.8790385267580825,0.8309488338319436,-4.728378748749119,-1.5680445,-2.013011007457501,0.0015635142214019532,0.004757176767950871
2025-20,2025,20,Mexico City Grand Prix,Andrea Kimi Antonelli,antonelli,Mercedes,6,0.0,1.510269424306525,1.3838635778202326,-4.527547334690156,-0.69039476,-1.474189494284518,1.7925666828340876,-3.586956166594523,-0.071631536,-0.687281750457081,0.006371182105465729,0.017910437317956246
2025-20,2025,20,Mexico City Grand Prix,Oliver Bearman,bearman,Haas F1 Team,9,0.0,0.2948840369673291,-0.16860949910709874,-5.547617575036951,-2.2063906,-3.0462182039281114,-0.3348340217629992,-5.999847626954981,-3.3459911,-3.565527754561659,0.0013228074268215948,0.0010071631627885094
2025-20,2025,20,Mexico City Grand Prix,Gabriel Bortoleto,bortoleto,Sauber,16,0.0,-2.0064377661310093,-1.5331935398599608,-5.430635667469141,-3.943018,-4.193643776971705,-0.9745101854119956,-5.732718973115193,-3.0665145,-3.5998070621646483,0.0004199291566967828,0.0009732233470262848
2025-20,2025,20,Mexico City Grand Prix,Franco Colapinto,colapinto,Alpine F1 Team,20,0.0,-3.1349229891834076,-2.8657704965445965,-5.672914018742974,-6.970398,-5.963186809938745,-2.3362747721493746,-6.421146873605993,-5.4985466,-5.250673335119051,7.156048166562922e-05,0.0001867456121009827
2025-20,2025,20,Mexico City Grand Prix,Pierre Gasly,gasly,Alpine F1 Team,18,0.0,-2.5830295048455456,-2.4349227036701753,-5.639431441443856,-5.6162558,-5.263990606419253,-1.9820624474308002,-6.091298286539496,-4.4383817,-4.608250459900937,0.0001439893290587136,0.0003550186072329307
2025-20,2025,20,Mexico City Grand Prix,Isack Hadjar,hadjar,RB F1 Team,8,0.0,0.6775968121904168,0.48976401734335123,-4.972518785262638,-0.6619458,-1.9781189993869002,0.4949392212091554,-5.046336023652403,-1.3868885,-2.187153883676447,0.0038491622265282655,0.00399686978128269
2025-20,2025,20,Mexico City Grand Prix,Lewis Hamilton,hamilton,Ferrari,3,0.0,3.0392885480057727,2.0317681953892266,-2.623652206368156,-0.6578609,-0.48052244468277777,2.085279791311956,-2.891190366351693,-0.29543835,-0.4056422776472909,0.0172093368357902,0.023736717386946438
2025-20,2025,20,Mexico City Grand Prix,Nico Hülkenberg,hulkenberg,Sauber,13,0.0,-1.0842683928639936,-1.1307945197685165,-5.45134640241812,-3.231259,-3.773217258476781,-0.9934148535310843,-5.863967092995661,-3.4080646,-3.780908146289947,0.0006393886855257824,0.0008120098872091139
2025-20,2025,20,Mexico City Grand Prix,Liam Lawson,lawson,RB F1 Team,15,0.0,-1.70743939146875,-0.4011417105984719,-5.321646919231088,-2.7277513,-3.249202400826364,0.5947265063172973,-5.679004619359338,-1.9971054,-2.608172993651083,0.001079795984101639,0.002623455626405886
2025-20,2025,20,Mexico City Grand Prix,Charles Leclerc,leclerc,Ferrari,2,0.0,3.6968099504315663,3.380758342545637,-1.2975981919005626,1.0754821,1.2144866744158613,2.930443864649633,-1.5537339439024829,0.45676643,0.6752950905337368,0.09373401980651978,0.06996257626459
2025-20,2025,20,Mexico City Grand Prix,Max Verstappen,max_verstappen,Red Bull,5,0.0,1.9716099338407647,3.038589677602724,-2.32299260770179,1.1389225,0.7130561322765705,3.975099895370601,-0.5457499471745048,1.8349531,1.9389167404712908,0.05677128503768631,0.24754246034215865
2025-20,2025,20,Mexico City Grand Prix,Lando Norris,norris,McLaren,1,1.0,4.535407874971785,5.54636089944412,0.2223352528870037,2.7575822,3.2783235662855654,4.782892869602766,-0.7690450596160675,1.8571504,2.162371114026048,0.7382614918143684,0.3095242675039349
2025-20,2025,20,Mexico City Grand Prix,Esteban Ocon,ocon,Haas F1 Team,11,0.0,-0.42071264090775734,-0.766669028709592,-5.616360213465283,-3.0550702,-3.628915508418586,-0.9124950323341096,-6.1141749727306935,-3.8822505,-4.017908659097071,0.000738642683932752,0.0006406683982527493
2025-20,2025,20,Mexico City Grand Prix,Oscar Piastri,piastri,McLaren,7,0.0,1.0811703292911579,3.2688438061404663,-3.117239915709828,0.96880496,0.4307931992094472,4.534454243768998,-1.1294724138119083,1.7782784,1.9090675252937876,0.04280982874154711,0.24026270024008825
2025-20,2025,20,Mexico City Grand Prix,George Russell,russell,Mercedes,4,0.0,2.47549925066826,2.5119363218989346,-2.8485687956923633,0.34130254,0.0017956252664752708,2.9599424549586284,-2.480125388172304,0.76372355,0.4580134759474059,0.027876112680555,0.05629911747981507
2025-20,2025,20,Mexico City Grand Prix,Carlos Sainz,sainz,Williams,12,0.0,-0.7581525820585773,0.4662317792881839,-5.03489648585105,-1.9160751,-2.493359296470804,0.7401127795399038,-5.324916261117971,-1.0520039,-2.0761153150167044,0.0022993241318589644,0.004466254191082165
2025-20,2025,20,Mexico City Grand Prix,Lance Stroll,stroll,Aston Martin,19,0.0,-2.861814478160287,-1.6325623767635944,-5.398914204958287,-4.7550793,-4.531888623774133,-0.5775544706370659,-5.778963922327568,-3.2409286,-3.5348745454027553,0.00029941817524866066,0.0010385139928686868
2025-20,2025,20,Mexico City Grand Prix,Yuki Tsunoda,tsunoda,Red Bull,10,0.0,-0.07036443510254106,0.20308492031070435,-4.424573666724798,-0.86741275,-1.9566644465143515,0.7863283005805428,-3.3745083215202096,-0.3262621,-1.0734299625809662,0.003932636531076948,0.012173183043768444
2025-21,2025,21,São Paulo Grand Prix,Alexander Albon,albon,Williams,12,0.0,-0.7581525820585773,-0.21726253641909962,-5.328012766935585,-3.191996,-3.359449644558709,0.28284438035511467,-5.878167384648619,-3.5225677,-3.3582472284249443,0.0009449208949276044,0.0010446452783712495
2025-21,2025,21,São Paulo Grand Prix,Fernando Alonso,alonso,Aston Martin,11,0.0,-0.42071264090775734,0.10563913858216312,-5.0165641936909955,-1.2377502,-2.3641436623006116,0.253986325310276,-5.359930757099891,-1.6700089,-2.4956787819255806,0.0025565326790706337,0.0024750134435825655
2025-21,2025,21,São Paulo Grand Prix,Andrea Kimi Antonelli,antonelli,Mercedes,2,0.0,3.6968099504315663,2.7087572398040147,-2.635033347447499,0.81234056,0.3406886160210239,1.947352371228542,-3.73149498867037,-0.04037713,-0.6719962485870912,0.03822478764928917,0.015331788628013671
2025-21,2025,21,São Paulo Grand Prix,Oliver Bearman,bearman,Haas F1 Team,8,0.0,0.6775968121904168,0.22881361108777468,-5.0864804051612555,-1.540312,-2.46000001296877,0.1587373307668296,-5.760648381130046,-2.688228,-3.053374610357023,0.00232285159695424,0.0014170113907652877
2025-21,2025,21,São Paulo Grand Prix,Gabriel Bortoleto,bortoleto,Sauber,18,0.0,-2.5830295048455456,-1.6577315455433517,-5.550944612684947,-4.4472914,-4.481677881690354,-0.9289500434599016,-5.847438256355804,-3.5973613,-3.8207976902253913,0.00030762237568562434,0.0006577876760244524
2025-21,2025,21,São Paulo Grand Prix,Franco Colapinto,colapinto,Alpine F1 Team,16,0.0,-2.0064377661310093,-2.850896921629768,-5.6940912289218595,-5.4178457,-5.368659750997562,-2.8915434829206426,-6.114405775062744,-5.235058,-5.245162930749561,0.0001267087452818455,0.00015830395612910644
2025-21,2025,21,São Paulo Grand Prix,Pierre Gasly,gasly,Alpine F1 Team,9,0.0,0.2948840369673291,-1.4446089629882282,-5.553061538267562,-2.2032049,-3.5377037152690782,-2.569322726631137,-5.948348810624331,-4.03871,-4.624691722178346,0.0007906434789346014,0.000294414361073652
2025-21,2025,21,São Paulo Grand Prix,Isack Hadjar,hadjar,RB F1 Team,5,0.0,1.9716099338407647,0.414902092207104,-4.7486709225260295,-0.51827073,-1.8655918800747542,-0.16905795341131535,-4.987571005751224,-1.414116,-2.4200976660776803,0.004208909973112937,0.0026693285025371255
2025-21,2025,21,São Paulo Grand Prix,Lewis Hamilton,hamilton,Ferrari,13,0.0,-1.0842683928639936,0.9972965232860718,-4.302483198863683,-1.3730478,-1.798764456466086,2.3783580412044287,-2.5792843114300865,-0.06965122,-0.09965749137580522,0.004499791777455315,0.027174176210485092
2025-21,2025,21,São Paulo Grand Prix,Nico Hülkenberg,hulkenberg,Sauber,10,0.0,-0.07036443510254106,-0.6858836026442303,-5.534096646589945,-2.9761653,-3.535885113452202,-0.8117739660980852,-6.042934680529453,-4.010624,-4.0018545960786245,0.0007920826528473907,0.0005488500617193937
2025-21,2025,21,São Paulo Grand Prix,Liam Lawson,lawson,RB F1 Team,7,0.0,1.0811703292911579,-0.03189528233853489,-5.183702551925487,-1.3277004,-2.5158747897101446,-0.036029430345819236,-5.341138521276018,-1.9362469,-2.6936333990009147,0.002196622142746674,0.002030518564006003
2025-21,2025,21,São Paulo Grand Prix,Charles Leclerc,leclerc,Ferrari,3,0.0,3.0392885480057727,2.9292772140075756,-2.323781547460561,0.39308745,0.3839516401507334,3.4086103653689466,-1.1271751146661917,0.8500069,1.1533541183443385,0.039914801525078564,0.09513326784849002
2025-21,2025,21,São Paulo Grand Prix,Max Verstappen,max_verstappen,Red Bull,19,0.0,-2.861814478160287,1.828047061212163,-2.1233845953193877,0.39865962,0.03972697169899681,3.799690074908967,-0.7487982455223184,1.6789291,1.74205947679039,0.02829040078389441,0.17139727138663471
2025-21,2025,21,São Paulo Grand Prix,Lando Norris,norris,McLaren,1,1.0,4.535407874971785,5.625952194539499,0.29432769003254716,2.881403,3.384215618167738,5.012166709441907,-0.2436835823235546,2.1067548,2.532246686255151,0.801921881623515,0.37772684266461515
2025-21,2025,21,São Paulo Grand Prix,Esteban Ocon,ocon,Haas F1 Team,20,0.0,-3.1349229891834076,-1.0887896499151757,-5.43943994599354,-3.6375172,-3.9086933368039967,-0.5140231269820102,-5.9359477112565795,-3.1945944,-3.552228832376687,0.0005455844048710982,0.0008604461693509886
2025-21,2025,21,São Paulo Grand Prix,Oscar Piastri,piastri,McLaren,4,0.0,2.47549925066826,3.135827738697522,-2.6997497396822165,0.9598403,0.5367255989365665,4.547042557497306,-0.7878847756716747,1.8996598,2.084221978099425,0.046503202418256964,0.24132548628164915
2025-21,2025,21,São Paulo Grand Prix,George Russell,russell,Mercedes,6,0.0,1.510269424306525,2.347179239924051,-3.1267821320627696,0.1626389,-0.23722045018856236,2.9688848259483858,-2.5519300885746667,0.7685975,0.43665553449486494,0.02144679314154725,0.04645946184925297
2025-21,2025,21,São Paulo Grand Prix,Carlos Sainz,sainz,Williams,15,0.0,-1.70743939146875,-0.07593792504298016,-4.908978086534956,-2.2015288,-2.7631623556688525,0.888276630232964,-4.578144399319135,-1.4219315,-1.8827474697371338,0.0017153775888779533,0.004568464441165374
2025-21,2025,21,São Paulo Grand Prix,Lance Stroll,stroll,Aston Martin,14,0.0,-1.4003444833319307,-0.9331038018749211,-5.330486554512381,-2.9318438,-3.535611571210418,-1.0915615163830994,-5.990534805856255,-3.859716,-4.030023137251936,0.0007922993505485649,0.0005336054730623112
2025-21,2025,21,São Paulo Grand Prix,Yuki Tsunoda,tsunoda,Red Bull,17,0.0,-2.2980879104339,-0.7747409281693425,-4.563667758801221,-1.5846655,-2.661897310197174,0.5408816484658536,-3.586264371333929,-0.48042887,-1.2986059325702894,0.0018981851971040275,0.008193315813071731
2025-22,2025,22,Las Vegas Grand Prix,Alexander Albon,albon,Williams,16,0.0,-2.0064377661310093,-0.886079302161338,-5.357603817419951,-4.716275,-4.214064831282837,0.37748651227969293,-5.754267261917296,-3.0391297,-3.0996980355570614,0.00034147738343103776,0.0012537474921355085
2025-22,2025,22,Las Vegas Grand Prix,Fernando Alonso,alonso,Aston Martin,7,0.0,1.0811703292911579,0.2127576987477986,-5.006750631850606,-0.8252122,-2.160564294705737,0.09137979049586739,-5.31421206559002,-1.6807925,-2.542701950419625,0.00266186420765051,0.0021883178532320397
2025-22,2025,22,Las Vegas Grand Prix,Andrea Kimi Antonelli,antonelli,Mercedes,17,0.0,-2.2980879104339,0.06819293885044851,-4.42352278654878,-1.8717794,-2.394301278903235,2.5750390878096656,-3.0559921078856878,0.34017518,-0.051850455174863724,0.0021070518080822816,0.026416389723556914
2025-22,2025,22,Las Vegas Grand Prix,Oliver Bearman,bearman,Haas F1 Team,14,0.0,-1.4003444833319307,-0.6613957534163639,-5.140684240341504,-3.2233615,-3.470250012910391,0.22112655490815697,-5.19821703890746,-2.086839,-2.6017444298337233,0.0007184501109093271,0.002062854422600695
2025-22,2025,22,Las Vegas Grand Prix,Gabriel Bortoleto,bortoleto,Sauber,18,0.0,-2.5830295048455456,-1.9186316451817789,-5.413238581595848,-6.802316,-5.434544190190034,-0.7759975364325378,-5.783324147848103,-3.7490735,-3.7967267333912647,0.00010076611019953468,0.000624445240984851
2025-22,2025,22,Las Vegas Grand Prix,Franco Colapinto,colapinto,Alpine F1 Team,15,0.0,-1.70743939146875,-2.185828686391393,-5.6760690501125115,-6.1339154,-5.381340168005187,-2.1694159780796762,-6.103950373931757,-5.3824205,-5.029618112598288,0.00010627245354426661,0.00018199373473334486
2025-22,2025,22,Las Vegas Grand Prix,Pierre Gasly,gasly,Alpine F1 Team,10,0.0,-0.07036443510254106,-1.1312439875720115,-5.5866156767352,-3.823656,-4.053175150749061,-1.5736217881506667,-5.932897303708262,-4.259847,-4.333717954836615,0.00040108409968177966,0.0003649908992477621
2025-22,2025,22,Las Vegas Grand Prix,Isack Hadjar,hadjar,RB F1 Team,8,0.0,0.6775968121904168,0.5197006061661356,-4.937171152669265,-0.530951,-1.9026504179996848,0.4747018078047352,-4.553778262261187,-1.0487055,-1.8886341000919278,0.0034450574613953443,0.0042088985882203726
2025-22,2025,22,Las Vegas Grand Prix,Lewis Hamilton,hamilton,Ferrari,19,0.0,-2.861814478160287,-0.8265344554416634,-4.648403172579024,-2.397617,-3.026969173195549,1.8263727108892973,-2.7342377128272366,-0.27395993,-0.43528272331432694,0.0011192086004267732,0.018003251351872966
2025-22,2025,22,Las Vegas Grand Prix,Nico Hülkenberg,hulkenberg,Sauber,11,0.0,-0.42071264090775734,-0.8148262734290799,-5.433949316544827,-4.47875,-4.124695359166379,-0.6723075239270176,-5.7575630292152065,-3.76853,-3.7562141240504796,0.0003734002579017397,0.0006502625799630356
2025-22,2025,22,Las Vegas Grand Prix,Liam Lawson,lawson,RB F1 Team,6,0.0,1.510269424306525,0.8999073152576549,-5.188841711301037,-0.61064017,-1.8838689189133744,0.6706044055448268,-5.247001479089045,-1.6192534,-2.2819450883840826,0.003510372239741497,0.0028402441226949007
2025-22,2025,22,Las Vegas Grand Prix,Charles Leclerc,leclerc,Ferrari,9,0.0,0.2948840369673291,1.3359014101130253,-4.258474465849293,-0.3288727,-1.2501692831038806,2.688965426982301,-1.5451834289273603,0.48487538,0.599857387768275,0.006615541931634916,0.05068816661855559
2025-22,2025,22,Las Vegas Grand Prix,Max Verstappen,max_verstappen,Red Bull,2,1.0,3.6968099504315663,3.7992908389512845,-0.6754197422825793,1.8682158,1.9194395800283757,3.5302580650176743,-0.9090305508358439,1.5977126,1.5538949138060665,0.15743781926658107,0.13159512963639824
2025-22,2025,22,Las Vegas Grand Prix,Lando Norris,norris,McLaren,1,0.0,4.535407874971785,5.709958886163878,0.33337303306391064,2.9951015,3.4752453463583226,5.199432760357338,0.27265230720357286,2.3589528,2.884281221824143,0.7460826226808568,0.49775914596063225
2025-22,2025,22,Las Vegas Grand Prix,Esteban Ocon,ocon,Haas F1 Team,13,0.0,-1.0842683928639936,-0.9605142685300144,-5.402362800499663,-3.6633027,-3.8550302927968203,-0.5893392991304914,-5.685975417978097,-2.7937725,-3.3402721854868287,0.0004889772613866177,0.0009856666251398293
2025-22,2025,22,Las Vegas Grand Prix,Oscar Piastri,piastri,McLaren,5,0.0,1.9716099338407647,3.3747976949296152,-3.1837997731054695,1.0683148,0.4842012397736329,4.438209843293593,-1.265886322012164,1.8409497,1.846458923852137,0.03747942972289843,0.1763188527681195
2025-22,2025,22,Las Vegas Grand Prix,George Russell,russell,Mercedes,4,0.0,2.47549925066826,2.533590485802351,-2.6240888067209958,0.3157631,0.08661349757032119,3.2801521752515934,-1.4696308388584376,0.83849496,0.9756699070344181,0.02518388987846237,0.07381079558831324
2025-22,2025,22,Las Vegas Grand Prix,Carlos Sainz,sainz,Williams,3,0.0,3.0392885480057727,1.395099357867908,-3.384928166808639,-0.031202221,-0.7770792121020631,0.8866928605197283,-4.8455459208301255,-1.3813097,-1.966856966651113,0.010617587134667443,0.003892213928038066
2025-22,2025,22,Las Vegas Grand Prix,Lance Stroll,stroll,Aston Martin,12,0.0,-0.7581525820585773,-1.2817194000368748,-5.398914204958287,-3.0680432,-3.7483314220266073,-1.3137230011503715,-5.792078528157138,-3.395805,-3.867889140053575,0.0005440356941403729,0.0005815524900290483
2025-22,2025,22,Las Vegas Grand Prix,Yuki Tsunoda,tsunoda,Red Bull,20,0.0,-3.1349229891834076,-1.6196578178339744,-4.985254446856988,-2.6212368,-3.547421360473606,0.1849227507255419,-3.9523592649310664,-0.5980966,-1.6078871647652928,0.0006650916964078134,0.005573080375531715
2025-23,2025,23,Qatar Grand Prix,Alexander Albon,albon,Williams,14,0.0,-1.4003444833319307,-0.2408979283811043,-5.6733773187756595,-4.2457604,-3.906497430892135,0.13327303540091148,-6.2243290585275854,-4.3080983,-3.830154602946726,0.0009226043114659486,0.0014115685293915891
2025-23,2025,23,Qatar Grand Prix,Fernando Alonso,alonso,Aston Martin,8,0.0,0.6775968121904168,0.04972098409559013,-5.307656246154272,-1.1200272,-2.4523037789349234,-0.21767842129453085,-5.1611646186587485,-1.8339624,-2.656577564834017,0.003949696803096267,0.004564361138055124
2025-23,2025,23,Qatar Grand Prix,Andrea Kimi Antonelli,antonelli,Mercedes,5,0.0,1.9716099338407647,2.142948743610187,-4.596037352142045,-0.12457077,-0.991100824564524,2.3088253944795722,-3.9908299112163292,0.3627909,-0.4858848992994512,0.017027705821051196,0.04000367088130535
2025-23,2025,23,Qatar Grand Prix,Oliver Bearman,bearman,Haas F1 Team,13,0.0,-1.0842683928639936,-0.41505145128009124,-5.728322389536692,-2.42374,-3.2940246359371876,-0.14918548682658592,-6.100462240002436,-2.7612185,-3.318828609735539,0.0017021939200829166,0.0023537916864831425
2025-23,2025,23,Qatar Grand Prix,Gabriel Bortoleto,bortoleto,Sauber,19,0.0,-2.861814478160287,-1.3677133072027494,-5.673867174058392,-4.9447355,-4.608695690672228,-1.5313822852056078,-6.355652546042168,-4.720956,-4.643700051080192,0.0004571457119035203,0.0006257252325700892
2025-23,2025,23,Qatar Grand Prix,Franco Colapinto,colapinto,Alpine F1 Team,20,0.0,-3.1349229891834076,-2.9786697294828746,-5.729672063154949,-6.405965,-5.811396917080095,-2.830983129569307,-6.314899631633234,-5.5247774,-5.403410196518424,0.00013731821341039357,0.0002927155164385813
2025-23,2025,23,Qatar Grand Prix,Pierre Gasly,gasly,Alpine F1 Team,9,0.0,0.2948840369673291,-1.5725983438297018,-5.698695540512741,-2.8230205,-3.8812278083317606,-2.250564641219491,-6.285819413713213,-3.8763924,-4.5717998970826175,0.0009462152373919434,0.0006723718281062145
2025-23,2025,23,Qatar Grand Prix,Isack Hadjar,hadjar,RB F1 Team,6,0.0,1.510269424306525,0.8170629413214797,-4.930300921934022,-0.4056216,-1.7374853630804965,0.658644028852799,-4.541669049162323,-0.99470776,-1.7965374936349914,0.008072451641520848,0.010786751062718763
2025-23,2025,23,Qatar Grand Prix,Lewis Hamilton,hamilton,Ferrari,17,0.0,-2.2980879104339,-0.28778904015348983,-5.05626603466439,-1.6522102,-2.6900390215455787,1.3447508419510183,-4.629965514501506,-0.47973037,-1.386682138285252,0.0031139859908762514,0.01625131750873844
2025-23,2025,23,Qatar Grand Prix,Nico Hülkenberg,hulkenberg,Sauber,11,0.0,-0.42071264090775734,-0.9455893158360195,-5.715361163868192,-3.3870761,-3.8634303440181963,-1.3557032085921599,-6.16678109257903,-4.3066483,-4.3568356645366135,0.0009632062190185758,0.0008336183933215416
2025-23,2025,23,Qatar Grand Prix,Liam Lawson,lawson,RB F1 Team,12,0.0,-0.7581525820585773,0.019411309012099077,-5.067622594347334,-1.7618122,-2.6184297089262834,0.7304742061740518,-4.923778485114544,-1.5530636,-2.116468011008072,0.003345154521447168,0.007833333159003681
2025-23,2025,23,Qatar Grand Prix,Charles Leclerc,leclerc,Ferrari,10,0.0,-0.07036443510254106,1.30050284934929,-4.338395676757162,-0.5362163,-1.3742322001044123,2.417579638197994,-2.3475757457534607,0.5672596,0.23471309842928326,0.011608184342374449,0.08223403106945869
2025-23,2025,23,Qatar Grand Prix,Max Verstappen,max_verstappen,Red Bull,3,1.0,3.0392885480057727,3.0426634267175365,-1.0898619669626441,1.2159884,1.218388381394007,3.1718289156851047,-1.2954834946707587,1.6308305,1.291742160933085,0.15514047201778733,0.23665379253975832
2025-23,2025,23,Qatar Grand Prix,Lando Norris,norris,McLaren,2,0.0,3.6968099504315663,4.130257932220755,-1.526326930510578,1.919524,1.739252273067082,3.996736639815329,-1.4563252602638577,1.784659,1.5929841782538994,0.26117609394306535,0.31984621414761966
2025-23,2025,23,Qatar Grand Prix,Esteban Ocon,ocon,Haas F1 Team,16,0.0,-2.0064377661310093,-1.253716075659313,-5.728322389536692,-3.8838506,-4.177895523350447,-0.829925107753848,-6.316823123812241,-3.4799294,-3.9139546445006497,0.0007033132281493182,0.0012980997661054614
2025-23,2025,23,Qatar Grand Prix,Oscar Piastri,piastri,McLaren,1,0.0,4.535407874971785,4.29499737288995,-0.809896062374504,2.3075407,2.2272501447667388,3.23046033766658,-3.175007864408552,1.2309943,0.47381643130427953,0.42546927700747134,0.10444624660832272
2025-23,2025,23,Qatar Grand Prix,George Russell,russell,Mercedes,4,0.0,2.47549925066826,3.0665839497221015,-1.8250980466905355,0.6328252,0.7206659225514913,3.285995013664251,-1.9774398739534067,1.0382023,0.8643437208356891,0.09431200789898045,0.15434646405529837
2025-23,2025,23,Qatar Grand Prix,Carlos Sainz,sainz,Williams,7,0.0,1.0811703292911579,1.1401869682208532,-5.30934876222675,-0.5210359,-1.8033642639060063,1.0246480755008325,-5.29459891739652,-1.6267611,-2.1718418217951037,0.00755778631839807,0.007411362528832587
2025-23,2025,23,Qatar Grand Prix,Lance Stroll,stroll,Aston Martin,18,0.0,-2.5830295048455456,-2.0792500967441523,-5.689257724629239,-4.7975683,-4.831611391437138,-1.4767299976904216,-6.215613310527607,-3.8381531,-4.246843785805221,0.00036579990773803837,0.0009305423743807349
2025-23,2025,23,Qatar Grand Prix,Yuki Tsunoda,tsunoda,Red Bull,15,0.0,-1.70743939146875,-0.7441394115747196,-5.050117628267016,-1.273643,-2.7175823256004255,-0.5282141348550923,-4.657072810567735,-0.7884647,-2.2002166436636985,0.003029386944770771,0.007204021974090834
2025-24,2025,24,Abu Dhabi Grand Prix,Alexander Albon,albon,Williams,17,0.0,-2.2980879104339,-0.7383662961780028,-5.715361163868192,-3.9981904,-4.018725084609476,0.16232383570782058,-6.337789984574913,-3.0229921,-3.387921381192226,0.0006022312930439673,0.002155541556167207
2025-24,2025,24,Abu Dhabi Grand Prix,Fernando Alonso,alonso,Aston Martin,6,0.0,1.510269424306525,0.5879090761527903,-5.172150540702902,-0.6869716,-2.0267625966659266,0.0777855937684657,-5.562385907841908,-1.7557545,-2.666724360604317,0.004414297868363632,0.004433720239140847
2025-24,2025,24,Abu Dhabi Grand Prix,Andrea Kimi Antonelli,antonelli,Mercedes,14,0.0,-1.4003444833319307,0.5473796012759571,-4.751618978534889,-1.4237709,-2.1639498503819055,1.9011688082227605,-3.563154689817324,-0.11297067,-0.6537414287789002,0.0038484156128928337,0.03318911453021966
2025-24,2025,24,Abu Dhabi Grand Prix,Oliver Bearman,bearman,Haas F1 Team,11,0.0,-0.42071264090775734,-0.265627614515692,-5.699764597375062,-2.3562415,-3.199638424158704,-0.2484652115851251,-6.129189911309814,-3.2532501,-3.54719767116775,0.0013661177536661274,0.0018381611633489171
2025-24,2025,24,Abu Dhabi Grand Prix,Gabriel Bortoleto,bortoleto,Sauber,7,0.0,1.0811703292911579,-0.12474435974145814,-5.61478812970883,-3.2051334,-3.4391920992494365,-1.1637506176347243,-6.413403829692082,-5.4972734,-4.815495427723797,0.0010751060260631505,0.0005170932504405287
2025-24,2025,24,Abu Dhabi Grand Prix,Franco Colapinto,colapinto,Alpine F1 Team,20,0.0,-3.1349229891834076,-2.857856018641148,-5.729672063154949,-6.685759,-5.872524353503053,-2.619068298642544,-6.335510796951329,-5.871702,-5.460727639364679,9.433405983160627e-05,0.00027123646770365055
2025-24,2025,24,Abu Dhabi Grand Prix,Pierre Gasly,gasly,Alpine F1 Team,19,0.0,-2.861814478160287,-2.406776950098756,-5.6967592400058615,-5.1630034,-5.100937102157933,-1.9892689841650562,-6.031629259657638,-4.0871,-4.459545824966251,0.00020406316161556296,0.0007381690248644205
2025-24,2025,24,Abu Dhabi Grand Prix,Isack Hadjar,hadjar,RB F1 Team,9,0.0,0.2948840369673291,0.5674003004170662,-4.951019981203025,-0.85986984,-2.016102990399964,0.7902664186719865,-4.5818349114336225,-1.2457333,-1.8553089866228327,0.004461604231242174,0.009980711583363038
2025-24,2025,24,Abu Dhabi Grand Prix,Lewis Hamilton,hamilton,Ferrari,16,0.0,-2.0064377661310093,-0.5310532043910171,-5.073675721933851,-1.9392703,-2.900640739567278,0.7483414026055778,-4.099197865142858,-0.8492776,-1.5469683733169421,0.0018422186721221195,0.013585390698634688
2025-24,2025,24,Abu Dhabi Grand Prix,Nico Hülkenberg,hulkenberg,Sauber,18,0.0,-2.5830295048455456,-1.5125460620844622,-5.694330675845343,-5.3321295,-4.821203101499111,-0.9380938650884397,-6.352163501485141,-4.7040906,-4.417686819168088,0.0002699302419164785,0.0007697238661626244
2025-24,2025,24,Abu Dhabi Grand Prix,Liam Lawson,lawson,RB F1 Team,13,0.0,-1.0842683928639936,-0.04216711354791665,-5.067622594347334,-2.002215,-2.7345403713189333,0.6821476544256329,-5.258773372864454,-1.8178562,-2.355177500575995,0.0021750921110295814,0.006054403598320082
2025-24,2025,24,Abu Dhabi Grand Prix,Charles Leclerc,leclerc,Ferrari,5,0.0,1.9716099338407647,1.846944308297695,-4.256386004041545,-0.15513057,-0.9860688737966566,1.9741488661347169,-2.6138022588093794,0.21883836,-0.1549920855978006,0.012497673550978899,0.05465120641874664
2025-24,2025,24,Abu Dhabi Grand Prix,Max Verstappen,max_verstappen,Red Bull,1,1.0,4.535407874971785,4.548996663188671,0.43841565405574767,2.654393,2.938246832066487,3.2965283632844593,-1.1676129460366989,1.7016363,1.4108460042075197,0.6326125926966425,0.261598106014242
2025-24,2025,24,Abu Dhabi Grand Prix,Lando Norris,norris,McLaren,2,0.0,3.6968099504315663,4.3914976708290165,-1.3127446722899168,1.8928051,1.9115463305352214,4.321050445990033,-1.3750651032853145,1.7104782,1.7150409195115037,0.22659351181040877,0.3546049294047434
2025-24,2025,24,Abu Dhabi Grand Prix,Esteban Ocon,ocon,Haas F1 Team,8,0.0,0.6775968121904168,-0.298928484595859,-5.666898424955347,-2.1780639,-3.131296914967081,-1.1206525889416423,-6.409257920430855,-4.008348,-4.249702663523119,0.0014627445062258858,0.0009105201146548936
2025-24,2025,24,Abu Dhabi Grand Prix,Oscar Piastri,piastri,McLaren,3,0.0,3.0392885480057727,3.338088228930056,-2.5137206785955284,0.9967216,0.7002022832031581,3.818552201990336,-2.7843781203545874,1.4422314,0.9120949270229608,0.06747881306334676,0.1588655587930218
2025-24,2025,24,Abu Dhabi Grand Prix,George Russell,russell,Mercedes,4,0.0,2.47549925066826,2.5797036462004583,-2.8106626276207782,0.1411365,-0.03453642431856974,2.78097336841814,-2.782757385310671,0.5731698,0.21044941934686673,0.032364914833085984,0.0787605939249833
2025-24,2025,24,Abu Dhabi Grand Prix,Carlos Sainz,sainz,Williams,12,0.0,-0.7581525820585773,0.6295740042692363,-5.377818713220447,-1.0255659,-2.220009541021344,1.2721849426503304,-5.659316399526327,-0.67715377,-1.8652473773072074,0.003638610375699544,0.00988201064896583
2025-24,2025,24,Abu Dhabi Grand Prix,Lance Stroll,stroll,Aston Martin,15,0.0,-1.70743939146875,-1.3146514940688585,-5.600073877353712,-3.8601584,-4.142904339474822,-1.17727780091267,-6.2835193625726555,-4.0620775,-4.2440365895889745,0.00053190362896425,0.0009156938324352008
2025-24,2025,24,Abu Dhabi Grand Prix,Yuki Tsunoda,tsunoda,Red Bull,10,0.0,-0.07036443510254106,-0.4843690023573389,-5.04642443999095,-1.2549267,-2.6090851493751934,-0.5596081134151389,-4.910424822954196,-0.82593554,-2.31889361988708,0.002465824502860175,0.006278114869841341
