race_key,season,round,race_name,driver,driver_id,constructor,grid,won,s_grid_logit,s_logit_post,s_gbm_post,s_nn_post,s_ens_post,s_logit_pre,s_gbm_pre,s_nn_pre,s_ens_pre,p_zero,s_llm_zero,p_few,s_llm_few,s_llm_blend
2025-01,2025,1,Australian Grand Prix,Alexander Albon,albon,Williams,6,0.0,1.510269424306525,0.4112269195293262,-5.504795057873512,-3.2612655,-3.21240369715707,-0.5191830085239515,-6.133859992069219,-5.289256,-4.398516491018939,0.026548672566371678,-3.628775530044231,0.038461538461538464,-3.258096538021482,-3.235250117589276
2025-01,2025,1,Australian Grand Prix,Fernando Alonso,alonso,Aston Martin,12,0.0,-0.7581525820585773,-0.5477989265130844,-5.452705865611303,-1.5616863,-2.907635454461256,-0.1865353334032283,-5.6179240057267625,-1.590788,-2.723773466346157,0.008849557522123894,-4.727387818712341,0.009615384615384616,-4.6443908991413725,-3.7760131768013143
2025-01,2025,1,Australian Grand Prix,Andrea Kimi Antonelli,antonelli,Mercedes,16,0.0,-2.0064377661310093,-0.330915738783308,-4.4166758132363615,-1.3709729,-2.3525661657461834,0.8199570975111985,-3.4485525707295825,-0.1470118,-1.0222951436948935,0.008849557522123894,-4.727387818712341,0.009615384615384616,-4.6443908991413725,-3.498478532443778
2025-01,2025,1,Australian Grand Prix,Oliver Bearman,bearman,Haas F1 Team,20,0.0,-3.134922989183408,-2.208074848153393,-5.6751219956022565,-5.682616,-5.216006671926777,-1.5808267789221282,-6.575955139177912,-5.0138154,-4.850915979021064,0.008849557522123894,-4.727387818712341,0.009615384615384616,-4.6443908991413725,-4.930198785534074
2025-01,2025,1,Australian Grand Prix,Gabriel Bortoleto,bortoleto,Sauber,15,0.0,-1.70743939146875,-1.1857236518656362,-5.345017233040326,-3.695065,-3.931785844953504,-1.1601887898841674,-5.962835977173737,-3.82805,-4.0334346108854495,0.008849557522123894,-4.727387818712341,0.009615384615384616,-4.6443908991413725,-4.288088372047438
2025-01,2025,1,Australian Grand Prix,Jack Doohan,doohan,Alpine F1 Team,14,0.0,-1.4003444833319307,-1.1194463959829115,-5.341647752443196,-3.4799201,-3.822284488498481,-1.3721743288352388,-5.694187957734572,-4.1767416,-4.140993074780408,0.008849557522123894,-4.727387818712341,0.009615384615384616,-4.6443908991413725,-4.2333376938199265
2025-01,2025,1,Australian Grand Prix,Pierre Gasly,gasly,Alpine F1 Team,9,0.0,0.2948840369673291,0.15206274664396,-5.57621863614285,-2.0175946,-2.861326472379884,-0.0583945772425046,-6.2353779998579,-2.952965,-3.4057033311070284,0.017699115044247787,-4.034240638152395,0.009615384615384616,-4.6443908991413725,-3.7528586857606285
2025-01,2025,1,Australian Grand Prix,Isack Hadjar,hadjar,RB F1 Team,11,0.0,-0.4207126409077573,-0.2401776153937625,-4.966617941537295,-1.5570204,-2.600663085347634,-0.3424078528771984,-5.380383505585152,-2.3692288,-2.9804046943134064,0.008849557522123894,-4.727387818712341,0.009615384615384616,-4.6443908991413725,-3.622526992244503
2025-01,2025,1,Australian Grand Prix,Lewis Hamilton,hamilton,Ferrari,8,0.0,0.6775968121904168,1.690398117553031,-4.390862335998556,-0.70770246,-1.3104279132564434,2.4209063127080395,-3.191145530633086,0.06932851,-0.2581552585343318,0.017699115044247787,-4.034240638152395,0.019230769230769232,-3.951243718581427,-2.6308358159189353
2025-01,2025,1,Australian Grand Prix,Nico Hülkenberg,hulkenberg,Sauber,17,0.0,-2.2980879104339,-1.7457278231122573,-5.721616156390597,-5.246089,-4.88826956181071,-1.2621612541688194,-6.554581839506172,-4.28647,-4.457783352844176,0.008849557522123894,-4.727387818712341,0.009615384615384616,-4.6443908991413725,-4.766330230476042
2025-01,2025,1,Australian Grand Prix,Liam Lawson,lawson,Red Bull,18,0.0,-2.5830295048455456,-1.351409256902058,-4.942960324746747,-2.0584495,-3.211629103642615,-0.1800108629755109,-4.588871872766167,-0.7613535,-2.036863677058969,0.008849557522123894,-4.727387818712341,0.009615384615384616,-4.6443908991413725,-3.9280100013919936
2025-01,2025,1,Australian Grand Prix,Charles Leclerc,leclerc,Ferrari,7,0.0,1.081170329291158,2.716260433540684,-3.5065414760893634,0.2243627,-0.2175935808252775,3.6906362428543056,-2.415466751026352,0.98340034,0.8318629932546718,0.026548672566371678,-3.628775530044231,0.028846153846153844,-3.545778610473263,-1.8816860956492703
2025-01,2025,1,Australian Grand Prix,Max Verstappen,max_verstappen,Red Bull,3,0.0,3.0392885480057727,3.508330868645086,-1.4248666811099866,1.6625745,1.440338506094606,3.842164537474704,-1.6843611593450372,2.049107,1.5494642073259952,0.17699115044247787,-1.7316555451583495,0.18269230769230768,-1.6999519199749322,-0.12980670694016316
2025-01,2025,1,Australian Grand Prix,Lando Norris,norris,McLaren,1,1.0,4.535407874971785,4.483457330489648,-0.5435643077851546,2.1978154,2.3599269719580582,3.5950385634105797,-2.007068312493125,1.1868607,1.0220092055456635,0.2831858407079646,-1.261651915912614,0.22115384615384615,-1.508896683212223,0.4255151443729176
2025-01,2025,1,Australian Grand Prix,Esteban Ocon,ocon,Haas F1 Team,19,0.0,-2.861814478160287,-1.7071029490755705,-5.676471669220513,-5.918723,-5.114685959999963,-0.8182891520527519,-6.470820833547396,-4.0018415,-4.158616034138926,0.008849557522123894,-4.727387818712341,0.009615384615384616,-4.6443908991413725,-4.879538429570667
2025-01,2025,1,Australian Grand Prix,Oscar Piastri,piastri,McLaren,2,0.0,3.6968099504315663,3.3587414205250847,-1.3979415582160335,1.2168372,1.2217900876938703,2.9674360511288347,-1.9461532834203403,0.69364274,0.631631149555852,0.20353982300884954,-1.591893602783191,0.19230769230769232,-1.6486586255873816,-0.21343426894675566
2025-01,2025,1,Australian Grand Prix,George Russell,russell,Mercedes,4,0.0,2.47549925066826,2.517594797114694,-3.063066865850536,0.19396403,-0.135153583664253,3.0161801591867663,-1.7716511660961094,0.75355446,0.7359222008045285,0.10619469026548671,-2.2424811689243405,0.14423076923076922,-1.9363406980391626,-1.0357471408517078
2025-01,2025,1,Australian Grand Prix,Carlos Sainz,sainz,Williams,10,0.0,-0.070364435102541,1.0939971279725311,-4.562412303594996,-0.36028242,-1.4721205500288277,1.502911513733581,-4.381638923039215,-0.6775403,-1.3098233472048992,0.017699115044247787,-4.034240638152395,0.009615384615384616,-4.6443908991413725,-3.0582557245851003
2025-01,2025,1,Australian Grand Prix,Lance Stroll,stroll,Aston Martin,13,0.0,-1.0842683928639936,-1.039567399076429,-5.454055539229559,-3.2467027,-3.745120404843704,-0.8066435199461491,-5.927422481767135,-2.8466568,-3.528714772236231,0.008849557522123894,-4.727387818712341,0.009615384615384616,-4.6443908991413725,-4.194755651992538
2025-01,2025,1,Australian Grand Prix,Yuki Tsunoda,tsunoda,RB F1 Team,5,0.0,1.9716099338407649,0.5087754955745676,-4.740063614174769,-1.0392073,-2.026486677612381,-0.2195956685221396,-5.478559297046166,-2.3011518,-2.9462570173268503,0.035398230088495575,-3.34109345759245,0.05769230769230769,-2.8526314299133175,-2.4395590537628493
2025-02,2025,2,Chinese Grand Prix,Alexander Albon,albon,Williams,10,0.0,-0.070364435102541,0.1051911607265404,-5.498118472620328,-3.2948499,-3.3404192951297382,0.0116841682567692,-5.812372838968658,-3.8430474,-3.551923437302189,0.009615384615384616,-4.6443908991413725,0.009523809523809523,-4.653960350157523,-3.9971898226436307
2025-02,2025,2,Chinese Grand Prix,Fernando Alonso,alonso,Aston Martin,13,0.0,-1.0842683928639936,-0.2620798426569195,-5.585964790562566,-1.724575,-2.9116452163832025,0.1906541328669211,-5.687905155162727,-1.5487348,-2.595135535850828,0.009615384615384616,-4.6443908991413725,0.009523809523809523,-4.653960350157523,-3.7828027832703626
2025-02,2025,2,Chinese Grand Prix,Andrea Kimi Antonelli,antonelli,Mercedes,8,0.0,0.6775968121904168,0.7897837557895883,-4.56459602085701,-1.1599153,-1.897385132945134,0.6606939384973973,-3.96906894029918,-1.6289438,-1.8184838614215504,0.009615384615384616,-4.6443908991413725,0.02857142857142857,-3.5553480614894135,-2.7263665972172735
2025-02,2025,2,Chinese Grand Prix,Oliver Bearman,bearman,Haas F1 Team,17,0.0,-2.2980879104339,-1.9821404602576689,-5.689506819224556,-4.7667284,-4.782511019962727,-2.171095419531317,-6.666889909930672,-5.7068524,-5.35706803639917,0.009615384615384616,-4.6443908991413725,0.009523809523809523,-4.653960350157523,-4.718235685060125
2025-02,2025,2,Chinese Grand Prix,Gabriel Bortoleto,bortoleto,Sauber,19,0.0,-2.861814478160287,-0.7024037440822188,-5.569139818711252,-7.1801424,-5.17212520496567,0.6795746794852504,-6.233803876535233,-5.894341,-4.216669199807135,0.009615384615384616,-4.6443908991413725,0.009523809523809523,-4.653960350157523,-4.913042777561596
2025-02,2025,2,Chinese Grand Prix,Jack Doohan,doohan,Alpine F1 Team,18,0.0,-2.5830295048455456,-1.2548390639484446,-5.541746662122541,-5.653341,-4.786952285105133,-0.2955027997656305,-5.898990562118452,-4.4224772,-3.9103793937186633,0.009615384615384616,-4.6443908991413725,0.009523809523809523,-4.653960350157523,-4.720456317631328
2025-02,2025,2,Chinese Grand Prix,Pierre Gasly,gasly,Alpine F1 Team,16,0.0,-2.0064377661310093,-0.8064307151193744,-5.619937223144417,-3.2328975,-3.713953066316261,-0.2892726299206748,-6.203351187197603,-2.5222948,-3.320321129558649,0.009615384615384616,-4.6443908991413725,0.009523809523809523,-4.653960350157523,-4.183956708236892
2025-02,2025,2,Chinese Grand Prix,Isack Hadjar,hadjar,RB F1 Team,7,0.0,1.081170329291158,0.9784042963700528,-4.732565264370026,-3.1120896,-2.640048830544121,1.375104197719141,-4.561637511700921,-4.272216,-2.74716207534212,0.009615384615384616,-4.6443908991413725,0.019047619047619046,-3.960813169597578,-3.3004310000708497
2025-02,2025,2,Chinese Grand Prix,Lewis Hamilton,hamilton,Ferrari,5,0.0,1.9716099338407649,1.910178917897328,-2.5232311670208096,-0.51017666,-0.4318775029140891,1.8473024621485596,-3.447097603150245,-0.19920236,-0.6625960467002728,0.04807692307692308,-3.0349529867072724,0.09523809523809523,-2.3513752571634776,-1.3916263800387834
2025-02,2025,2,Chinese Grand Prix,Nico Hülkenberg,hulkenberg,Sauber,12,0.0,-0.7581525820585773,-0.8216523474693788,-5.668041114682107,-4.349496,-4.167629587999381,-0.6329380370606443,-6.404973666178041,-4.635671,-4.299544520280772,0.009615384615384616,-4.6443908991413725,0.009523809523809523,-4.653960350157523,-4.410794969078452
2025-02,2025,2,Chinese Grand Prix,Liam Lawson,lawson,Red Bull,20,0.0,-3.134922989183408,-1.376435847719626,-4.994683024616131,-2.228684,-3.3065934665538994,-0.3625180555482198,-4.817568929971539,-1.0317725,-2.287915094171874,0.009615384615384616,-4.6443908991413725,0.009523809523809523,-4.653960350157523,-3.9802769083557115
2025-02,2025,2,Chinese Grand Prix,Charles Leclerc,leclerc,Ferrari,6,0.0,1.510269424306525,2.531651093100666,-3.065158280536861,0.1400501,-0.1512828453639056,3.1055776833755657,-2.8107285482106263,0.707258,0.3690901276968694,0.04807692307692308,-3.0349529867072724,0.07619047619047618,-2.5745188084776873,-1.3629008269207965
2025-02,2025,2,Chinese Grand Prix,Max Verstappen,max_verstappen,Red Bull,4,0.0,2.47549925066826,3.175313760648158,-1.5180194604076167,1.3837183,1.1692584640623054,3.333449217753909,-1.7035780559172986,1.7071011,1.2290537554289211,0.14423076923076922,-1.9363406980391626,0.2857142857142857,-1.252762968495368,-0.04175225221653134
2025-02,2025,2,Chinese Grand Prix,Lando Norris,norris,McLaren,3,0.0,3.0392885480057727,3.183094620787112,-2.3163169606248424,0.9714079,0.7067757782538641,4.126149263190689,-2.1333554346943497,1.6831316,1.3538949559864195,0.19230769230769232,-1.6486586255873816,0.11428571428571428,-2.169053700369523,-0.7311389610578296
2025-02,2025,2,Chinese Grand Prix,Esteban Ocon,ocon,Haas F1 Team,11,0.0,-0.4207126409077573,-0.9881130096583732,-5.690856492842812,-3.4844532,-3.9077997263735806,-1.1993533538248364,-6.599421256778026,-4.079976,-4.375110721255625,0.009615384615384616,-4.6443908991413725,0.009523809523809523,-4.653960350157523,-4.280880038265552
2025-02,2025,2,Chinese Grand Prix,Oscar Piastri,piastri,McLaren,1,1.0,4.535407874971785,4.114945559607652,-0.9184850720947004,2.0701354,2.0249872894286454,3.222385778713769,-2.567957710091968,0.99895525,0.6089642985191944,0.24038461538461536,-1.425515074273172,0.14285714285714285,-1.9459101490553135,0.039538570186665956
2025-02,2025,2,Chinese Grand Prix,George Russell,russell,Mercedes,2,0.0,3.6968099504315663,3.379068793891765,-2.04238345517005,1.0616626,0.9221561982581102,2.9259654027559288,-2.4861184092837427,0.6007279,0.3832583543117389,0.19230769230769232,-1.6486586255873816,0.12380952380952381,-2.089010992695987,-0.5834273972189383
2025-02,2025,2,Chinese Grand Prix,Carlos Sainz,sainz,Williams,15,0.0,-1.70743939146875,0.4794238277096465,-5.018730745398132,-1.4247149,-2.29314509452159,1.75866346713637,-5.323162521100558,-0.41060814,-1.4640878122767245,0.009615384615384616,-4.6443908991413725,0.009523809523809523,-4.653960350157523,-3.473552722339557
2025-02,2025,2,Chinese Grand Prix,Lance Stroll,stroll,Aston Martin,14,0.0,-1.4003444833319307,-0.5230309854866869,-5.594423316434919,-3.1828856,-3.575947489943797,-0.2686503768161772,-6.182608416372116,-3.2148144,-3.560150529473616,0.009615384615384616,-4.6443908991413725,0.009523809523809523,-4.653960350157523,-4.1149539200506595
2025-02,2025,2,Chinese Grand Prix,Yuki Tsunoda,tsunoda,RB F1 Team,9,0.0,0.2948840369673291,0.4076808922752775,-4.87667223984136,-2.1165767,-2.532127380051152,0.2124968453147554,-5.329449762235996,-3.3300571,-3.1111524467214204,0.009615384615384616,-4.6443908991413725,0.009523809523809523,-4.653960350157523,-3.5930438651043373
2025-03,2025,3,Japanese Grand Prix,Alexander Albon,albon,Williams,9,0.0,0.2948840369673291,0.695032344786756,-5.394861573526916,-2.5432692,-2.7849454574908106,0.6452532721537703,-5.611722257871884,-3.4122634,-3.0860048174692927,0.003033367037411526,-5.7980820429546025,0.01574803149606299,-4.151039905898646,-3.467992681694728
2025-03,2025,3,Japanese Grand Prix,Fernando Alonso,alonso,Aston Martin,12,0.0,-0.7581525820585773,-0.2576712824674825,-5.413238581595848,-2.0777602,-2.979335969298024,0.3023594148022933,-5.916863265034347,-1.7102883,-2.6978238231296894,0.003033367037411526,-5.7980820429546025,0.007874015748031494,-4.844187086458591,-3.9117615278783076
2025-03,2025,3,Japanese Grand Prix,Andrea Kimi Antonelli,antonelli,Mercedes,6,0.0,1.510269424306525,1.20322136065327,-4.111827680228834,-0.7496111,-1.4065715230498108,1.023913591401608,-3.1272147137417714,-1.038518,-1.1571760930191852,0.050556117290192104,-2.984671326194566,0.04724409448818897,-3.0524276172305362,-2.2294995701401734
2025-03,2025,3,Japanese Grand Prix,Oliver Bearman,bearman,Haas F1 Team,10,0.0,-0.070364435102541,-0.706241930885518,-5.577224219615935,-2.9726377,-3.558938850243115,-1.5018179649935048,-6.414215509776795,-5.1321487,-4.805828776987846,0.003033367037411526,-5.7980820429546025,0.007874015748031494,-4.844187086458591,-4.201562968350853
2025-03,2025,3,Japanese Grand Prix,Gabriel Bortoleto,bortoleto,Sauber,17,0.0,-2.2980879104339,-1.1463292835727237,-5.573613264988739,-6.6561584,-5.1430630541343,-0.5037933423272337,-6.26238613755222,-6.362584,-4.835508029749509,0.003033367037411526,-5.7980820429546025,0.007874015748031494,-4.844187086458591,-4.993625070296446
2025-03,2025,3,Japanese Grand Prix,Jack Doohan,doohan,Alpine F1 Team,19,0.0,-2.861814478160287,-1.8656390767261164,-5.56245739707152,-5.648362,-5.027851636137253,-1.16951045454501,-6.0137735577920015,-4.874935,-4.441211479466292,0.003033367037411526,-5.7980820429546025,0.007874015748031494,-4.844187086458591,-4.936019361297922
2025-03,2025,3,Japanese Grand Prix,Pierre Gasly,gasly,Alpine F1 Team,11,0.0,-0.4207126409077573,-0.5605485441993538,-5.641047415876775,-2.4643102,-3.332009952532725,-0.6269243160997292,-6.409993669472746,-2.9783359,-3.6887586581216896,0.003033367037411526,-5.7980820429546025,0.007874015748031494,-4.844187086458591,-4.088098519495658
2025-03,2025,3,Japanese Grand Prix,Isack Hadjar,hadjar,RB F1 Team,7,0.0,1.081170329291158,0.8431165707524448,-4.724622901074636,-1.4177849,-2.0375585605129864,0.7847821255649371,-4.141961938654706,-2.8002372,-2.26786316119838,0.003033367037411526,-5.7980820429546025,0.03149606299212598,-3.457892725338701,-2.7477256429258436
2025-03,2025,3,Japanese Grand Prix,Lewis Hamilton,hamilton,Ferrari,8,0.0,0.6775968121904168,0.915835839933382,-4.549121057248966,-1.0030884,-1.7826690776864675,1.4488549115881717,-3.559876766405466,-0.17797415,-0.8430693781741784,0.050556117290192104,-2.984671326194566,0.023622047244094484,-3.7455747977904816,-2.7641219377384747
2025-03,2025,3,Japanese Grand Prix,Nico Hülkenberg,hulkenberg,Sauber,16,0.0,-2.0064377661310093,-1.1763705142568937,-5.652203283793995,-5.1752877,-4.615441877861475,-0.6682370906431814,-6.339047658828984,-4.626326,-4.284822268168738,0.003033367037411526,-5.7980820429546025,0.007874015748031494,-4.844187086458591,-4.729814482160033
2025-03,2025,3,Japanese Grand Prix,Liam Lawson,lawson,RB F1 Team,13,0.0,-1.0842683928639936,-0.8864593086031373,-5.3235027399061146,-4.1043744,-3.965825525513389,-0.6139829742137306,-5.9644900327441945,-4.391359,-4.040343148938191,0.003033367037411526,-5.7980820429546025,0.007874015748031494,-4.844187086458591,-4.4050063059859905
2025-03,2025,3,Japanese Grand Prix,Charles Leclerc,leclerc,Ferrari,4,0.0,2.47549925066826,2.313346314531988,-2.719643009811937,0.33434054,-0.0276668836990338,2.571621233182148,-2.123825467290467,0.6120156,0.3903434133123683,0.050556117290192104,-2.984671326194566,0.10236220472440943,-2.279237728997055,-1.1534523063480444
2025-03,2025,3,Japanese Grand Prix,Max Verstappen,max_verstappen,Red Bull,1,1.0,4.535407874971785,4.708182875342102,0.0629841622514333,2.6840816,2.866516453852769,3.364636089432556,-2.0004525695504465,1.5842226,1.085939368837161,0.5561172901921132,-0.5867760533961955,0.2755905511811023,-1.2888390249691777,0.7888387144417957
2025-03,2025,3,Japanese Grand Prix,Lando Norris,norris,McLaren,2,0.0,3.6968099504315663,4.098911485398546,-1.3690018829923865,1.7459387,1.720947668895534,4.1376180834961644,-2.104994871128563,1.608799,1.3411869387653066,0.1516683518705763,-1.8860590375264565,0.18897637795275588,-1.6661332561106459,0.027407206392444095
2025-03,2025,3,Japanese Grand Prix,Esteban Ocon,ocon,Haas F1 Team,18,0.0,-2.5830295048455456,-1.354670808184535,-5.637333184509885,-4.3645983,-4.366573006419664,-0.5113894042329467,-6.435467683890795,-3.0593643,-3.68543188508194,0.003033367037411526,-5.7980820429546025,0.007874015748031494,-4.844187086458591,-4.6053800464391275
2025-03,2025,3,Japanese Grand Prix,Oscar Piastri,piastri,McLaren,3,0.0,3.0392885480057727,2.8907273854794044,-2.302349866405142,0.62465936,0.4664083468877131,3.4568127973273293,-2.6886798574024886,1.1475428,0.7055702939794857,0.050556117290192104,-2.984671326194566,0.13385826771653542,-2.0109737424023755,-0.7722826977573312
2025-03,2025,3,Japanese Grand Prix,George Russell,russell,Mercedes,5,0.0,1.9716099338407649,2.480398825166365,-3.319518390674709,-0.13916817,-0.3761481410905014,3.0815432089373544,-2.4229654801149216,0.6308068,0.4748984331878896,0.050556117290192104,-2.984671326194566,0.09448818897637794,-2.3592804366705913,-1.3677142888805462
2025-03,2025,3,Japanese Grand Prix,Carlos Sainz,sainz,Williams,15,0.0,-1.70743939146875,0.9581075258713486,-4.933513748659642,-1.2630547,-2.0141695242539,2.0956482914416084,-5.385805205571186,-0.07561903,-1.239662552630186,0.003033367037411526,-5.7980820429546025,0.007874015748031494,-4.844187086458591,-3.4291783053562455
2025-03,2025,3,Japanese Grand Prix,Lance Stroll,stroll,Aston Martin,20,0.0,-3.134922989183408,-1.5382817450815194,-5.433949316544827,-5.1068597,-4.644367245783951,-0.2182397353644649,-6.086285380894655,-3.1112354,-3.4679568384993344,0.003033367037411526,-5.7980820429546025,0.007874015748031494,-4.844187086458591,-4.744277166121272
2025-03,2025,3,Japanese Grand Prix,Yuki Tsunoda,tsunoda,Red Bull,14,0.0,-1.4003444833319307,-0.4724447865494214,-4.728920545342536,-1.4192632,-2.5456080387526985,0.3081542798119279,-4.383722206181924,-0.46621436,-1.6728022065580526,0.003033367037411526,-5.7980820429546025,0.007874015748031494,-4.844187086458591,-3.694897562605645
2025-04,2025,4,Bahrain Grand Prix,Alexander Albon,albon,Williams,15,0.0,-1.70743939146875,-0.3733352145899115,-4.91969276229672,-3.7693582,-3.484455098518508,0.5469915185752492,-4.888302514489999,-2.5460763,-2.536721476034168,0.0101010101010101,-4.59511985013459,0.007518796992481203,-4.890349128221754,-4.187402113370131
2025-04,2025,4,Bahrain Grand Prix,Fernando Alonso,alonso,Aston Martin,13,0.0,-1.0842683928639936,-0.6310130778188744,-5.593477575688596,-2.6952791,-3.429619617481687,-0.0922674326370596,-5.948971916943269,-2.1210728,-3.0062941958746623,0.0101010101010101,-4.59511985013459,0.015037593984962405,-4.197201947661808,-3.8134107825717476
2025-04,2025,4,Bahrain Grand Prix,Andrea Kimi Antonelli,antonelli,Mercedes,5,0.0,1.9716099338407649,1.4391859027534182,-3.598983327299312,-0.6080681,-1.0642344108019743,1.1405841545248037,-2.4017818884176125,-0.7786846,-0.7513173203623711,0.0404040404040404,-3.2088254890146994,0.08270676691729323,-2.4924538554233835,-1.7783441331126788
2025-04,2025,4,Bahrain Grand Prix,Oliver Bearman,bearman,Haas F1 Team,20,0.0,-3.134922989183408,-2.148902450142372,-5.678277026971794,-5.440078,-5.101213026028447,-1.4537508528128693,-6.395909487951655,-5.0503902,-4.751269815937409,0.0101010101010101,-4.59511985013459,0.007518796992481203,-4.890349128221754,-4.9957810771251
2025-04,2025,4,Bahrain Grand Prix,Gabriel Bortoleto,bortoleto,Sauber,18,0.0,-2.5830295048455456,-2.092184896572055,-5.577170915466279,-7.1662536,-5.704238814089131,-1.8107961551834977,-6.13524583450905,-6.670091,-5.383327124879705,0.0101010101010101,-4.59511985013459,0.007518796992481203,-4.890349128221754,-5.297293971155442
2025-04,2025,4,Bahrain Grand Prix,Jack Doohan,doohan,Alpine F1 Team,11,0.0,-0.4207126409077573,-0.8912917771101351,-5.499482099497303,-4.019223,-4.002606697042371,-1.4462470407024606,-6.020957217868844,-5.7756796,-4.877540121764512,0.0101010101010101,-4.59511985013459,0.022556390977443608,-3.791736839553644,-3.8971717682980076
2025-04,2025,4,Bahrain Grand Prix,Pierre Gasly,gasly,Alpine F1 Team,4,0.0,2.47549925066826,0.520287550664328,-4.523108549134484,-1.2623492,-2.024439152818012,-0.4764639665363379,-6.313579545129406,-3.4389176,-3.767470060358489,0.050505050505050504,-2.9856819377004897,0.09022556390977443,-2.4054424784337534,-2.2149408156258827
2025-04,2025,4,Bahrain Grand Prix,Isack Hadjar,hadjar,RB F1 Team,12,0.0,-0.7581525820585773,-0.0311670793919043,-4.815069374915696,-2.479999,-2.816911388381788,0.6222133040003305,-3.951821584445932,-2.1793919,-2.0290421279224256,0.0101010101010101,-4.59511985013459,0.022556390977443608,-3.791736839553644,-3.304324113967716
2025-04,2025,4,Bahrain Grand Prix,Lewis Hamilton,hamilton,Ferrari,9,0.0,0.2948840369673291,0.8933824553294148,-4.594248630542456,-1.1831532,-1.877887986020684,1.6724566824512812,-3.4668570350704746,-0.16558178,-0.7218889472310234,0.0202020202020202,-3.901972669574645,0.045112781954887216,-3.0985896589936988,-2.488238822507191
2025-04,2025,4,Bahrain Grand Prix,Nico Hülkenberg,hulkenberg,Sauber,16,0.0,-2.0064377661310093,-1.6327038605885853,-5.655760934271534,-5.550682,-4.936606107932142,-1.2777308533791631,-6.063011124697557,-4.891656,-4.505363954899868,0.0101010101010101,-4.59511985013459,0.007518796992481203,-4.890349128221754,-4.913477618076948
2025-04,2025,4,Bahrain Grand Prix,Liam Lawson,lawson,RB F1 Team,17,0.0,-2.2980879104339,-1.5393570883851435,-5.362641224616743,-5.1922727,-4.650203990188764,-0.7684180696451741,-5.777474627150629,-4.0858817,-3.9158318410482114,0.0101010101010101,-4.59511985013459,0.007518796992481203,-4.890349128221754,-4.770276559205259
2025-04,2025,4,Bahrain Grand Prix,Charles Leclerc,leclerc,Ferrari,2,0.0,3.6968099504315663,3.310328671989824,-1.432078903404914,1.2672325,1.2094267110961772,2.835123335051016,-1.9497540507932112,0.70401347,0.5853919906665023,0.1515151515151515,-1.88706964903238,0.14285714285714285,-1.9459101490553135,-0.36824171897956814
2025-04,2025,4,Bahrain Grand Prix,Max Verstappen,max_verstappen,Red Bull,7,0.0,1.081170329291158,2.886240301728985,-2.4025677971574773,1.3760567,0.7150592252028173,3.8310637069383966,-1.5231014843444708,2.034721,1.599471187704687,0.10101010101010101,-2.2925347571405443,0.06015037593984962,-2.810907586541918,-1.0479241806695503
2025-04,2025,4,Bahrain Grand Prix,Lando Norris,norris,McLaren,6,0.0,1.510269424306525,3.184145056764132,-3.5557524950355504,0.7430169,0.1428056108527167,4.412466971660538,-2.1472620123892203,1.6303465,1.4347863303318782,0.1212121212121212,-2.11021320034659,0.07518796992481203,-2.5877640352277083,-1.222479212187496
2025-04,2025,4,Bahrain Grand Prix,Esteban Ocon,ocon,Haas F1 Team,14,0.0,-1.4003444833319307,-1.078726798743655,-5.679626700590051,-4.1171613,-4.181596583537237,-0.8118090207974923,-6.463525370391168,-3.7764237,-4.070517728121638,0.0101010101010101,-4.59511985013459,0.015037593984962405,-4.197201947661808,-4.189399265599523
2025-04,2025,4,Bahrain Grand Prix,Oscar Piastri,piastri,McLaren,1,1.0,4.535407874971785,4.712482759811907,-0.6349345323505021,2.3117223,2.4566516874252,3.840684583879864,-2.389050478202717,1.3416595,1.028809284665776,0.23232323232323232,-1.4596256342054403,0.17293233082706766,-1.754854912292604,0.3508983875662979
2025-04,2025,4,Bahrain Grand Prix,George Russell,russell,Mercedes,3,0.0,3.0392885480057727,2.7667105072879354,-2.3094674516189757,-0.017033536,0.1692589879113565,2.9823822607122663,-2.6774001610116067,0.5036831,0.2978427474307197,0.1414141414141414,-1.9560625205193314,0.12781954887218044,-2.0571357841655376,-0.9439383981270906
2025-04,2025,4,Bahrain Grand Prix,Carlos Sainz,sainz,Williams,8,0.0,0.6775968121904168,1.4421988575340725,-4.949006092792952,0.13852692,-1.2950917512330915,1.7863024416370106,-5.404068310915505,-0.21247187,-1.410730357356578,0.0303030303030303,-3.4965075614664802,0.052631578947368425,-2.9444389791664403,-2.1197653651997657
2025-04,2025,4,Bahrain Grand Prix,Lance Stroll,stroll,Aston Martin,19,0.0,-2.861814478160287,-1.8398900619602807,-5.639212362064341,-5.461886,-4.975763797218664,-0.8672107038593142,-6.2028813421843285,-3.696326,-3.9654229908822742,0.0101010101010101,-4.59511985013459,0.007518796992481203,-4.890349128221754,-4.933056462720209
2025-04,2025,4,Bahrain Grand Prix,Yuki Tsunoda,tsunoda,Red Bull,10,0.0,-0.070364435102541,0.1154042373452153,-4.54496796724788,-0.9817734,-2.080639788373837,0.4978285775333453,-3.729552028703206,-0.30047816,-1.3009594645466287,0.0101010101010101,-4.59511985013459,0.03007518796992481,-3.5040547671018634,-2.79234727773785
2025-05,2025,5,Saudi Arabian Grand Prix,Alexander Albon,albon,Williams,11,0.0,-0.4207126409077573,0.3568565654282306,-5.198475116952951,-3.4056993,-3.1710642368662447,0.6070294384367523,-5.4654281485214895,-3.9060001,-3.228051194562848,0.030303030303030304,-3.4965075614664802,0.008403361344537815,-4.77912349311153,-3.975093864988887
2025-05,2025,5,Saudi Arabian Grand Prix,Fernando Alonso,alonso,Aston Martin,13,0.0,-1.0842683928639936,-0.6939949701420203,-5.628275573526636,-2.9083924,-3.5491569416616504,-0.3116537244522298,-6.130391026037687,-2.824385,-3.412956200755316,0.030303030303030304,-3.4965075614664802,0.008403361344537815,-4.77912349311153,-4.16414021738659
2025-05,2025,5,Saudi Arabian Grand Prix,Andrea Kimi Antonelli,antonelli,Mercedes,5,0.0,1.9716099338407649,1.4652220790430637,-4.036734050516545,-0.29391095,-1.101744878322103,1.3093699825328666,-2.909784799007566,-0.24398069,-0.6793167705256136,0.030303030303030304,-3.4965075614664802,0.04201680672268907,-3.169685580677429,-2.135715229499766
2025-05,2025,5,Saudi Arabian Grand Prix,Oliver Bearman,bearman,Haas F1 Team,15,0.0,-1.70743939146875,-1.4743686816952952,-5.728322389536692,-4.1938443,-4.38192714945736,-1.548829488601862,-6.516254961040811,-5.227993,-4.896027134871667,0.030303030303030304,-3.4965075614664802,0.008403361344537815,-4.77912349311153,-4.580525321284445
2025-05,2025,5,Saudi Arabian Grand Prix,Gabriel Bortoleto,bortoleto,Sauber,20,0.0,-3.134922989183408,-2.7841160800482343,-5.726517031785411,-7.9573183,-6.331868497449511,-2.5896868728970586,-6.498394106742992,-7.530243,-6.12076210240506,0.030303030303030304,-3.4965075614664802,0.008403361344537815,-4.77912349311153,-5.55549599528052
2025-05,2025,5,Saudi Arabian Grand Prix,Jack Doohan,doohan,Alpine F1 Team,17,0.0,-2.2980879104339,-1.7154821699615788,-5.555090043572851,-4.672371,-4.5920189716535615,-1.4361071542723522,-6.311897282663115,-4.5938888,-4.545692610513884,0.030303030303030304,-3.4965075614664802,0.008403361344537815,-4.77912349311153,-4.685571232382546
2025-05,2025,5,Saudi Arabian Grand Prix,Pierre Gasly,gasly,Alpine F1 Team,9,0.0,0.2948840369673291,-0.0770352947570861,-5.495579799702275,-1.456705,-2.7027484580113383,-0.2465345979290714,-6.321588151655834,-2.1996133,-3.229280345056329,0.030303030303030304,-3.4965075614664802,0.008403361344537815,-4.77912349311153,-3.7409359755614338
2025-05,2025,5,Saudi Arabian Grand Prix,Isack Hadjar,hadjar,RB F1 Team,14,0.0,-1.4003444833319307,-0.5565900692661534,-4.987648429560143,-3.143289,-3.340323326184828,0.0210041948359521,-4.787476194608322,-2.8995082,-2.823488192897308,0.030303030303030304,-3.4965075614664802,0.008403361344537815,-4.77912349311153,-4.0597234096481785
2025-05,2025,5,Saudi Arabian Grand Prix,Lewis Hamilton,hamilton,Ferrari,7,0.0,1.081170329291158,1.4042042847998542,-4.648013085986166,-0.80568665,-1.5570165374095917,1.954482300725976,-3.808040721323573,-0.12163947,-0.7274931246360661,0.030303030303030304,-3.4965075614664802,0.025210084033613443,-3.6805112044434196,-2.6187638709265055
2025-05,2025,5,Saudi Arabian Grand Prix,Nico Hülkenberg,hulkenberg,Sauber,18,0.0,-2.5830295048455456,-2.0617922619960445,-5.705806296836432,-6.497052,-5.484707261343286,-1.5400741900153294,-6.606015825448908,-5.727081,-5.109683672992153,0.030303030303030304,-3.4965075614664802,0.008403361344537815,-4.77912349311153,-5.131915377227408
2025-05,2025,5,Saudi Arabian Grand Prix,Liam Lawson,lawson,RB F1 Team,12,0.0,-0.7581525820585773,-0.9372525905376587,-5.389108010659324,-3.950112,-3.951267048263573,-1.0592597258153535,-6.068847002024793,-4.63938,-4.334130632311343,0.030303030303030304,-3.4965075614664802,0.008403361344537815,-4.77912349311153,-4.365195270687551
2025-05,2025,5,Saudi Arabian Grand Prix,Charles Leclerc,leclerc,Ferrari,4,0.0,2.47549925066826,2.5078525697212912,-2.7349118879207395,0.061693512,-0.0635825618425164,2.9398941483797385,-1.6080140921277468,0.60314023,0.7126951512883352,0.030303030303030304,-3.4965075614664802,0.1260504201680672,-2.0710732920093196,-1.067327926925918
2025-05,2025,5,Saudi Arabian Grand Prix,Max Verstappen,max_verstappen,Red Bull,1,0.0,4.535407874971785,4.632093667736744,-0.0536728959644048,2.641768,2.7761367843926625,3.391819959925123,-1.9269598822763123,1.5815009,1.122017530810672,0.3333333333333333,-1.0986122886681098,0.2941176470588235,-1.2237754316221159,0.7761806763852733
2025-05,2025,5,Saudi Arabian Grand Prix,Lando Norris,norris,McLaren,10,0.0,-0.070364435102541,2.5820866131852105,-2.8801890681612634,0.36273652,0.0248515683437734,4.3659675131529765,-1.285003597329449,1.6892542,1.7569383184437393,0.030303030303030304,-3.4965075614664802,0.008403361344537815,-4.77912349311153,-2.377135962383878
2025-05,2025,5,Saudi Arabian Grand Prix,Esteban Ocon,ocon,Haas F1 Team,19,0.0,-2.861814478160287,-1.6656824550231302,-5.729672063154949,-4.8785443,-4.719270265603507,-0.7337100378258398,-6.500670735580743,-3.3125336,-3.884576705111229,0.030303030303030304,-3.4965075614664802,0.008403361344537815,-4.77912349311153,-4.749196879357518
2025-05,2025,5,Saudi Arabian Grand Prix,Oscar Piastri,piastri,McLaren,2,1.0,3.6968099504315663,4.063176200326646,-1.1363134438909424,1.6883783,1.7745437138805196,3.951255322441359,-1.7376857432474295,1.4626285,1.3539953800835232,0.0909090909090909,-2.3978952727983707,0.19327731092436973,-1.6436292771823797,0.06545721834906992
2025-05,2025,5,Saudi Arabian Grand Prix,George Russell,russell,Mercedes,3,0.0,3.0392885480057727,2.9077741781935518,-1.89935323997622,0.19614485,0.4631512425603725,3.315306247172659,-1.8474443372380516,0.7347733,0.8112614765882777,0.06060606060606061,-2.803360380906535,0.1680672268907563,-1.7833912195575385,-0.660119988498583
2025-05,2025,5,Saudi Arabian Grand Prix,Carlos Sainz,sainz,Williams,6,0.0,1.510269424306525,1.7503535904377403,-4.863677710330555,0.1205493,-1.1507112286599803,1.771623135403861,-4.630225020334085,-0.8624137,-1.3705023045195577,0.030303030303030304,-3.4965075614664802,0.03361344537815126,-3.392829131991639,-2.2717701803258095
2025-05,2025,5,Saudi Arabian Grand Prix,Lance Stroll,stroll,Aston Martin,16,0.0,-2.0064377661310093,-1.439236930961114,-5.661758150825754,-5.153289,-4.711728396719785,-1.043758740839726,-6.499620420264622,-4.856881,-4.567190035520644,0.030303030303030304,-3.4965075614664802,0.008403361344537815,-4.77912349311153,-4.745425944915658
2025-05,2025,5,Saudi Arabian Grand Prix,Yuki Tsunoda,tsunoda,Red Bull,8,0.0,0.6775968121904168,0.449021538729347,-4.647312776388974,-0.840984,-1.937583323787595,0.4383838749724785,-3.904829584699624,-0.43776074,-1.437974071576454,0.030303030303030304,-3.4965075614664802,0.01680672268907563,-4.085976312551584,-3.0117798181695896
2025-06,2025,6,Miami Grand Prix,Alexander Albon,albon,Williams,7,0.0,1.081170329291158,0.6126394740559781,-4.939429818052599,-3.1881492,-2.8894674169824834,0.8691112132508441,-5.127134659092255,-2.9608543,-2.658814062489493,0.017857142857142856,-4.02535169073515,0.029197080291970802,-3.5336865647082343,-3.2115769908453586
2025-06,2025,6,Miami Grand Prix,Fernando Alonso,alonso,Aston Martin,17,0.0,-2.2980879104339,-1.5977430105316996,-5.602172134287684,-4.7494874,-4.594502595838199,-0.3770281695401267,-5.804907327234385,-2.4956918,-3.19609200498746,0.008928571428571428,-4.718498871295094,0.0218978102189781,-3.8213686371600155,-4.207935616499107
2025-06,2025,6,Miami Grand Prix,Andrea Kimi Antonelli,antonelli,Mercedes,3,0.0,3.0392885480057727,1.45064205787326,-3.299495317434188,-0.035546344,-0.7245449165013498,1.5722000148214312,-2.617686060073269,-0.07114255,-0.4112699939054791,0.044642857142857144,-3.109060958860994,0.0875912408759124,-2.4350742760401247,-1.5798095962707372
2025-06,2025,6,Miami Grand Prix,Oliver Bearman,bearman,Haas F1 Team,19,0.0,-2.861814478160287,-2.029305561996422,-5.674719376494255,-5.9921145,-5.266116709062283,-1.240479355997598,-6.493237233053499,-4.6841846,-4.573687403752186,0.008928571428571428,-4.718498871295094,0.014598540145985401,-4.22683374526818,-4.746475227165231
2025-06,2025,6,Miami Grand Prix,Gabriel Bortoleto,bortoleto,Sauber,13,0.0,-1.0842683928639936,-2.447475913831497,-5.726517031785411,-7.0682573,-5.860590787132552,-3.1249857163766386,-6.720596960052822,-7.733551,-6.474641847487899,0.008928571428571428,-4.718498871295094,0.0072992700729927005,-4.919980925828125,-5.390285856480339
2025-06,2025,6,Miami Grand Prix,Jack Doohan,doohan,Alpine F1 Team,14,0.0,-1.4003444833319307,-1.973034039948042,-5.535355866703913,-5.365288,-4.949883086680176,-1.9969371493862524,-6.006635365148847,-5.0374994,-4.80320996279647,0.008928571428571428,-4.718498871295094,0.014598540145985401,-4.22683374526818,-4.588358415974177
2025-06,2025,6,Miami Grand Prix,Pierre Gasly,gasly,Alpine F1 Team,20,0.0,-3.134922989183408,-1.3621970178435598,-5.513404323877318,-4.9866385,-4.560988865499488,-0.4492672461155673,-5.99775096666143,-2.7912676,-3.402590432130708,0.008928571428571428,-4.718498871295094,0.0072992700729927005,-4.919980925828125,-4.740484895663807
2025-06,2025,6,Miami Grand Prix,Isack Hadjar,hadjar,RB F1 Team,11,0.0,-0.4207126409077573,-0.5189548010600182,-4.980998185538672,-2.8306406,-3.2030834600629063,-0.231575061215581,-5.327234521042485,-2.6653454,-3.0290718022983536,0.008928571428571428,-4.718498871295094,0.0218978102189781,-3.8213686371600155,-3.5122260486114607
2025-06,2025,6,Miami Grand Prix,Lewis Hamilton,hamilton,Ferrari,12,0.0,-0.7581525820585773,0.8000468512097256,-3.95347034888686,-0.7778526,-1.51156161525679,1.9828313165164384,-3.584939166694244,-0.124877796,-0.6360730694515161,0.017857142857142856,-4.02535169073515,0.051094890510948905,-2.9740707767728116,-2.2428161960148008
2025-06,2025,6,Miami Grand Prix,Nico Hülkenberg,hulkenberg,Sauber,16,0.0,-2.0064377661310093,-1.8818744360627289,-5.68460570660472,-6.353345,-5.352123014640195,-1.774479781288393,-6.556651366302287,-5.7677255,-5.192806914798309,0.008928571428571428,-4.718498871295094,0.0072992700729927005,-4.919980925828125,-5.13605197023416
2025-06,2025,6,Miami Grand Prix,Liam Lawson,lawson,RB F1 Team,15,0.0,-1.70743939146875,-1.5367855712293972,-5.403658356869565,-4.943311,-4.56926140413218,-1.0455832572596115,-6.093633687142506,-3.7180157,-3.9988712658159495,0.008928571428571428,-4.718498871295094,0.0072992700729927005,-4.919980925828125,-4.744621164980153
2025-06,2025,6,Miami Grand Prix,Charles Leclerc,leclerc,Ferrari,8,0.0,0.6775968121904168,1.2256019013106962,-3.677525679630504,-0.65183747,-1.193385112787245,3.0261774616209207,-1.4571928379363477,0.62499166,0.8080722787358136,0.044642857142857144,-3.109060958860994,0.058394160583941604,-2.840539384148289,-2.0169622484677667
2025-06,2025,6,Miami Grand Prix,Max Verstappen,max_verstappen,Red Bull,1,0.0,4.535407874971785,3.727758762768689,-1.5833178069843357,2.3083408,1.7120786753290176,3.3836648826021194,-1.864920055651955,1.5330036,1.124001796977431,0.49107142857142855,-0.7111656860626236,0.2554744525547445,-1.3646328643387113,0.17372290549515312
2025-06,2025,6,Miami Grand Prix,Lando Norris,norris,McLaren,2,0.0,3.6968099504315663,4.175578427808042,-1.56497885036491,1.8395437,1.7110641945724123,4.58430680264441,-1.3695808834890602,1.8292736,1.8577758608378472,0.13392857142857142,-2.0104486701928845,0.1678832116788321,-1.7844867098989754,-0.03671125766328154
2025-06,2025,6,Miami Grand Prix,Esteban Ocon,ocon,Haas F1 Team,9,0.0,0.2948840369673291,-0.7694072045795033,-5.653551053342657,-3.5953548,-3.8520055841126153,-0.8862137622733673,-6.557362706538576,-3.826405,-4.150892483627264,0.008928571428571428,-4.718498871295094,0.014598540145985401,-4.22683374526818,-4.0394196646903975
2025-06,2025,6,Miami Grand Prix,Oscar Piastri,piastri,McLaren,4,1.0,2.47549925066826,3.3022101296645565,-2.253219786402618,1.2016207,0.8653519062860154,4.510090547000566,-0.8104824041276365,1.9354521,2.0754718351819257,0.08928571428571429,-2.4159137783010487,0.1094890510948905,-2.211930724725915,-0.6732894092199497
2025-06,2025,6,Miami Grand Prix,George Russell,russell,Mercedes,5,0.0,1.9716099338407649,2.310507640567629,-3.2829783421471004,0.025807548,-0.3639886009971891,3.382926723910343,-2.1044673648567884,0.7166906,0.7348417524713339,0.044642857142857144,-3.109060958860994,0.072992700729927,-2.617395832834079,-1.490692216915634
2025-06,2025,6,Miami Grand Prix,Carlos Sainz,sainz,Williams,6,0.0,1.510269424306525,1.06169432306517,-4.876369329834408,-1.1202877,-1.8974755166973656,1.995839219873598,-4.43815492655552,-0.41303134,-1.0516644215145616,0.017857142857142856,-4.02535169073515,0.0364963503649635,-3.3105430133940246,-2.604009265045695
2025-06,2025,6,Miami Grand Prix,Lance Stroll,stroll,Aston Martin,18,0.0,-2.5830295048455456,-1.633145260484354,-5.61445412135509,-5.6808167,-4.97092978473946,-1.1875516545656146,-6.261782372806764,-4.345998,-4.344386385417027,0.008928571428571428,-4.718498871295094,0.0072992700729927005,-4.919980925828125,-4.9454553552837925
2025-06,2025,6,Miami Grand Prix,Yuki Tsunoda,tsunoda,Red Bull,10,0.0,-0.070364435102541,-0.0045989104178753,-4.712727662045014,-1.0325568,-2.2108096077405697,0.4130518113178578,-4.157106486109866,-0.45836037,-1.5478084868559343,0.008928571428571428,-4.718498871295094,0.0072992700729927005,-4.919980925828125,-3.565395266784347
2025-07,2025,7,Emilia Romagna Grand Prix,Alexander Albon,albon,Williams,7,0.0,1.081170329291158,1.1566749460704453,-5.1419938647559125,-1.7794383,-2.21652854271144,0.8947137947959999,-5.421121100581263,-3.0491042,-2.79016729335201,0.02827521206409048,-3.565769756951828,0.023255813953488372,-3.7612001156935624,-2.9888643292025012
2025-07,2025,7,Emilia Romagna Grand Prix,Fernando Alonso,alonso,Aston Martin,5,0.0,1.9716099338407649,0.2517474044436226,-5.01143170447161,-1.4010669,-2.36878683024748,-0.7961943422671416,-5.426241777671642,-3.685912,-3.6493837397046094,0.05655042412818096,-2.8726225763918825,0.03875968992248062,-3.250374491927572,-2.809580661087526
2025-07,2025,7,Emilia Romagna Grand Prix,Andrea Kimi Antonelli,antonelli,Mercedes,13,0.0,-1.0842683928639936,0.236796170635306,-4.377805089624816,-1.16673,-2.0408066731660464,1.1120657668606089,-3.043862741464521,-0.12287456,-0.7567643840310758,0.009425070688030161,-4.664382045619937,0.007751937984496124,-4.859812404361672,-3.450309538763859
2025-07,2025,7,Emilia Romagna Grand Prix,Oliver Bearman,bearman,Haas F1 Team,19,0.0,-2.861814478160287,-1.8417949040832893,-5.726517031785411,-6.628226,-5.458518051419223,-1.3454643629702678,-6.652558185241106,-5.9065256,-5.12124038162363,0.002827521206409048,-5.868354849945874,0.007751937984496124,-4.859812404361672,-5.159165227890448
2025-07,2025,7,Emilia Romagna Grand Prix,Gabriel Bortoleto,bortoleto,Sauber,14,0.0,-1.4003444833319307,-1.9500435288532656,-5.688417520268633,-7.4410906,-5.798033739457588,-2.588230364641563,-6.511202063770366,-8.275629,-6.399479178975709,0.002827521206409048,-5.868354849945874,0.007751937984496124,-4.859812404361672,-5.32892307190963
2025-07,2025,7,Emilia Romagna Grand Prix,Franco Colapinto,colapinto,Alpine F1 Team,16,0.0,-2.0064377661310093,-1.257245981507514,-5.482855994622091,-6.853817,-5.226813284175069,-0.7842229155690537,-6.146690477001583,-6.5924406,-4.980841217622523,0.002827521206409048,-5.868354849945874,0.007751937984496124,-4.859812404361672,-5.043312844268371
2025-07,2025,7,Emilia Romagna Grand Prix,Pierre Gasly,gasly,Alpine F1 Team,10,0.0,-0.070364435102541,-0.3609504960676286,-5.463776793085912,-3.4107711,-3.5510161540105525,-0.6555577849265707,-6.253785054717248,-4.3555036,-4.14900114738645,0.009425070688030161,-4.664382045619937,0.023255813953488372,-3.7612001156935624,-3.656108134852057
2025-07,2025,7,Emilia Romagna Grand Prix,Isack Hadjar,hadjar,RB F1 Team,9,0.0,0.2948840369673291,-0.270520604606878,-5.154726221311132,-2.104095,-2.895005030770149,-0.8234741336144943,-4.826065015103909,-3.5891945,-3.4027553774185373,0.009425070688030161,-4.664382045619937,0.031007751937984496,-3.4735180432417816,-3.1842615370059653
2025-07,2025,7,Emilia Romagna Grand Prix,Lewis Hamilton,hamilton,Ferrari,12,0.0,-0.7581525820585773,0.563787452141241,-4.627069966977153,-1.2557691,-2.045156359425784,1.607178942180148,-3.732492532616903,-0.16442548,-0.843343058868429,0.009425070688030161,-4.664382045619937,0.06201550387596899,-2.780370862681836,-2.41276361105381
2025-07,2025,7,Emilia Romagna Grand Prix,Nico Hülkenberg,hulkenberg,Sauber,17,0.0,-2.2980879104339,-2.094986564135618,-5.684176723702688,-6.807421,-5.608489635882383,-1.958985962013132,-6.6616972616966725,-6.3792596,-5.524689616404755,0.002827521206409048,-5.868354849945874,0.007751937984496124,-4.859812404361672,-5.234151020122027
2025-07,2025,7,Emilia Romagna Grand Prix,Liam Lawson,lawson,RB F1 Team,15,0.0,-1.70743939146875,-1.4253345850028185,-5.530381688785353,-5.1524,-4.65552746414175,-1.120369409507442,-5.916084906567317,-4.614621,-4.291254742175181,0.002827521206409048,-5.868354849945874,0.007751937984496124,-4.859812404361672,-4.757669934251711
2025-07,2025,7,Emilia Romagna Grand Prix,Charles Leclerc,leclerc,Ferrari,11,0.0,-0.4207126409077573,1.3614636671932894,-3.844906720769604,-0.73459274,-1.237323266340365,2.599740322969628,-2.2676184474128327,0.643072,0.359177604654815,0.009425070688030161,-4.664382045619937,0.046511627906976744,-3.068052935133617,-2.152688100736991
2025-07,2025,7,Emilia Romagna Grand Prix,Max Verstappen,max_verstappen,Red Bull,2,1.0,3.6968099504315663,3.973331812513184,-0.5028882658352318,1.9815848,2.0962854200694743,3.276962632653298,-1.4403226692086903,1.6233776,1.27437305162407,0.22620169651272384,-1.4863282152719919,0.19379844961240308,-1.6409365794934714,0.22767442028800144
2025-07,2025,7,Emilia Romagna Grand Prix,Lando Norris,norris,McLaren,4,0.0,2.47549925066826,2.8864612627703767,-2.4247372816697137,0.60559845,0.4103816622234201,3.4165736487089333,-1.634674936126922,1.2446077,1.1147048153102015,0.12252591894439209,-2.0994326881584007,0.15503875968992248,-1.864080130807681,-0.7268492342921304
2025-07,2025,7,Emilia Romagna Grand Prix,Esteban Ocon,ocon,Haas F1 Team,18,0.0,-2.5830295048455456,-1.7683272333272413,-5.726517031785411,-6.0398517,-5.204042240064984,-1.2064164657868033,-6.614186951227144,-4.8682785,-4.6734934310986525,0.002827521206409048,-5.868354849945874,0.007751937984496124,-4.859812404361672,-5.031927322213328
2025-07,2025,7,Emilia Romagna Grand Prix,Oscar Piastri,piastri,McLaren,1,0.0,4.535407874971785,4.570269333576545,0.0300686617675661,2.418981,2.698903110002292,3.479133775736676,-1.4006562733205787,1.5364043,1.331411722454692,0.30160226201696516,-1.1986461428202109,0.17829457364341086,-1.7243181884325223,0.487292460784885
2025-07,2025,7,Emilia Romagna Grand Prix,George Russell,russell,Mercedes,3,0.0,3.0392885480057727,2.8470386413514794,-1.8300487717448364,0.38041192,0.5372959977819349,3.0293839366458646,-1.8137466443826296,0.8176769,0.7488981762919322,0.1413760603204524,-1.9563318445177273,0.11627906976744186,-2.151762203259462,-0.8072331027387635
2025-07,2025,7,Emilia Romagna Grand Prix,Carlos Sainz,sainz,Williams,6,0.0,1.510269424306525,1.910778692039604,-5.033209302278309,0.26408562,-1.0990234386352449,1.89474251731512,-5.123432560718421,-0.27027705,-1.2887187258705963,0.037700282752120645,-3.2780876845000466,0.054263565891472874,-2.9139022553063585,-2.006462846970802
2025-07,2025,7,Emilia Romagna Grand Prix,Lance Stroll,stroll,Aston Martin,8,0.0,0.6775968121904168,-0.7242164159651843,-5.46993718182465,-3.071402,-3.5625730592830567,-1.70658529008228,-6.299984842258676,-5.0643106,-4.814188940670566,0.018850141376060323,-3.971234865059992,0.015503875968992248,-4.1666652238017265,-3.8646191415423914
2025-07,2025,7,Emilia Romagna Grand Prix,Yuki Tsunoda,tsunoda,Red Bull,20,0.0,-3.134922989183408,-1.188876232531368,-4.743005972423823,-2.4079146,-3.206622096980308,0.3871405176467041,-3.762518042644839,-0.3489666,-1.37172825040972,0.002827521206409048,-5.868354849945874,0.007751937984496124,-4.859812404361672,-4.03321725067099
2025-08,2025,8,Monaco Grand Prix,Alexander Albon,albon,Williams,10,0.0,-0.070364435102541,0.769347229739385,-5.136814496325035,-1.7796341,-2.363538525266463,1.139499317578419,-5.5201105528006655,-1.8769495,-2.304747526365609,0.00980392156862745,-4.624972813284271,0.009708737864077669,-4.634728988229636,-3.4991337567480496
2025-08,2025,8,Monaco Grand Prix,Fernando Alonso,alonso,Aston Martin,6,0.0,1.510269424306525,-0.1155942601929727,-5.117747071688307,-1.3420112,-2.528199566794028,-0.7518279960023486,-5.325980340477735,-2.6649418,-3.2200776657392,0.0392156862745098,-3.2386784521643803,0.038834951456310676,-3.248434627109745,-2.8883170969518863
2025-08,2025,8,Monaco Grand Prix,Andrea Kimi Antonelli,antonelli,Mercedes,15,0.0,-1.70743939146875,-0.3433480742567065,-4.709657448671177,-1.5689318,-2.5461112543622795,0.8894172775648301,-4.19630450247061,-0.44285983,-1.3810845062735604,0.00980392156862745,-4.624972813284271,0.009708737864077669,-4.634728988229636,-3.5904201212959577
2025-08,2025,8,Monaco Grand Prix,Oliver Bearman,bearman,Haas F1 Team,20,0.0,-3.134922989183408,-2.1957192440106783,-5.729911510078432,-7.388688,-5.88830089259888,-1.8028181224580693,-6.669014126621876,-7.062471,-5.721502039313874,0.00980392156862745,-4.624972813284271,0.009708737864077669,-4.634728988229636,-5.2615149404142585
2025-08,2025,8,Monaco Grand Prix,Gabriel Bortoleto,bortoleto,Sauber,16,0.0,-2.0064377661310093,-2.2595883659795466,-5.685023041975612,-7.9512086,-6.1118860107045885,-2.638774136893526,-6.483182789015602,-8.150712,-6.3617665709926525,0.00980392156862745,-4.624972813284271,0.009708737864077669,-4.634728988229636,-5.373307499467112
2025-08,2025,8,Monaco Grand Prix,Franco Colapinto,colapinto,Alpine F1 Team,18,0.0,-2.5830295048455456,-2.110764782722923,-5.482855994622091,-7.605789,-5.84411883882714,-1.2721450651922146,-6.038559483266896,-5.730284,-4.803179326488825,0.00980392156862745,-4.624972813284271,0.009708737864077669,-4.634728988229636,-5.2394239135283875
2025-08,2025,8,Monaco Grand Prix,Pierre Gasly,gasly,Alpine F1 Team,17,0.0,-2.2980879104339,-1.777493584934438,-5.233545495067195,-5.0976486,-4.655747169258876,-1.028477184856567,-5.710673272385039,-3.258939,-3.682436784014435,0.00980392156862745,-4.624972813284271,0.009708737864077669,-4.634728988229636,-4.645238078744256
2025-08,2025,8,Monaco Grand Prix,Isack Hadjar,hadjar,RB F1 Team,5,0.0,1.9716099338407649,0.265562283733062,-5.106591203771088,-0.8891571,-2.203236063078624,-0.7880997735865503,-5.290845110824843,-3.213019,-3.4223607685560378,0.0392156862745098,-3.2386784521643803,0.04854368932038835,-3.0252910757955354,-2.61426356943708
2025-08,2025,8,Monaco Grand Prix,Lewis Hamilton,hamilton,Ferrari,7,0.0,1.081170329291158,1.3844260114278872,-4.157684171158489,-1.1941159,-1.5254411459202846,1.5104776833315174,-3.536339356293743,-0.44213325,-0.908997193191552,0.029411764705882353,-3.5263605246161616,0.029126213592233007,-3.5361166995615263,-2.5307789227409057
2025-08,2025,8,Monaco Grand Prix,Nico Hülkenberg,hulkenberg,Sauber,13,0.0,-1.0842683928639936,-1.4816504737794878,-5.726517031785411,-6.04194,-5.094619088780182,-1.8164400053251892,-6.529263004584545,-6.589245,-5.500751060641824,0.00980392156862745,-4.624972813284271,0.009708737864077669,-4.634728988229636,-4.8646740385049085
2025-08,2025,8,Monaco Grand Prix,Liam Lawson,lawson,RB F1 Team,9,0.0,0.2948840369673291,-0.5724311619128641,-5.494961233251416,-3.1075206,-3.5277212667343174,-1.193869203365454,-6.401381437937125,-4.223526,-4.353021436220726,0.00980392156862745,-4.624972813284271,0.009708737864077669,-4.634728988229636,-4.081225127481977
2025-08,2025,8,Monaco Grand Prix,Charles Leclerc,leclerc,Ferrari,2,0.0,3.6968099504315663,3.301613202620169,-1.068281076075501,1.1916138,1.3168794724735071,2.5268151263266,-2.1200531014742734,0.5391597,0.3483962626553922,0.1764705882352941,-1.7346010553881064,0.1941747572815534,-1.6389967146756448,-0.16105862110106883
2025-08,2025,8,Monaco Grand Prix,Max Verstappen,max_verstappen,Red Bull,4,0.0,2.47549925066826,2.986321980004167,-2.079751907107466,1.3001522,0.8484768249293136,3.359889912930329,-1.5839929059628168,1.7935629,1.3146822140393637,0.14705882352941177,-1.916922612182061,0.14563106796116504,-1.9266787871274258,-0.5391009810990561
2025-08,2025,8,Monaco Grand Prix,Lando Norris,norris,McLaren,1,1.0,4.535407874971785,4.872499366589396,-0.2629209426777628,2.355425,2.6780188920892587,3.883706133494588,-1.8804927330499457,1.3920162,1.2505107388739525,0.2647058823529412,-1.329135947279942,0.22330097087378642,-1.499234772300486,0.5893920598943864
2025-08,2025,8,Monaco Grand Prix,Esteban Ocon,ocon,Haas F1 Team,8,0.0,0.6775968121904168,-0.5447820907519489,-5.686192923076866,-3.9135509,-3.900533960338978,-1.4385379667795153,-6.644641415514114,-5.8376465,-5.127235689583083,0.0196078431372549,-3.9318256327243257,0.019417475728155338,-3.9415818076696905,-3.921057884004334
2025-08,2025,8,Monaco Grand Prix,Oscar Piastri,piastri,McLaren,3,0.0,3.0392885480057727,3.506853794546429,-1.4305700702659851,1.0564222,1.2045142509295286,3.9234619505117503,-1.1441606416861276,1.6165259,1.6190448976910634,0.16666666666666669,-1.791759469228055,0.18446601941747573,-1.6902900090631954,-0.2428878790668334
2025-08,2025,8,Monaco Grand Prix,George Russell,russell,Mercedes,14,0.0,-1.4003444833319307,0.7132968018301348,-3.9425040275220815,-1.0016267,-1.6267405436236944,2.430240554077827,-3.1913341624583444,0.4730026,-0.1061079600885852,0.00980392156862745,-4.624972813284271,0.009708737864077669,-4.634728988229636,-3.130734765926665
2025-08,2025,8,Monaco Grand Prix,Carlos Sainz,sainz,Williams,11,0.0,-0.4207126409077573,1.1089050724474765,-5.105818169948215,-0.6821458,-1.7990814228687932,1.9975051627997416,-4.602576643317697,-0.051557295,-0.9784736913165482,0.00980392156862745,-4.624972813284271,0.009708737864077669,-4.634728988229636,-3.2169052055492147
2025-08,2025,8,Monaco Grand Prix,Lance Stroll,stroll,Aston Martin,19,0.0,-2.861814478160287,-2.238573271470155,-5.524811636743436,-6.0686674,-5.318374709650386,-1.5169710526107,-6.092885167972791,-4.5263157,-4.469922571128946,0.00980392156862745,-4.624972813284271,0.009708737864077669,-4.634728988229636,-4.9765518489400105
2025-08,2025,8,Monaco Grand Prix,Yuki Tsunoda,tsunoda,Red Bull,12,0.0,-0.7581525820585773,-0.2275482175514097,-4.7782425433929845,-1.0999787,-2.3476465426094317,0.2997849398986832,-4.178978740488897,-0.39180464,-1.5730687116943762,0.00980392156862745,-4.624972813284271,0.009708737864077669,-4.634728988229636,-3.491187765419534
2025-09,2025,9,Spanish Grand Prix,Alexander Albon,albon,Williams,11,0.0,-0.4207126409077573,0.5746239618419432,-5.167690272948131,-2.033718,-2.5479749390398907,1.0974360610078528,-5.509566009410372,-1.842103,-2.3035218394362724,0.009009009009009009,-4.709530201312334,0.008264462809917356,-4.795790545596741,-3.6718827423183162
2025-09,2025,9,Spanish Grand Prix,Fernando Alonso,alonso,Aston Martin,10,0.0,-0.070364435102541,-0.4981291745227966,-5.33970569639397,-2.4430537,-3.1839720852049025,-0.7532720688074419,-6.0319398289999056,-3.350713,-3.733203507866272,0.009009009009009009,-4.709530201312334,0.01652892561983471,-4.102643365036796,-3.643307725120849
2025-09,2025,9,Spanish Grand Prix,Andrea Kimi Antonelli,antonelli,Mercedes,6,0.0,1.510269424306525,0.5006212367278712,-4.686413008913812,-0.9252461,-1.965175812982188,0.169737062349886,-3.882180547160731,-0.84516513,-1.678631267329056,0.009009009009009009,-4.709530201312334,0.04132231404958678,-3.186352633162641,-2.5757642230724143
2025-09,2025,9,Spanish Grand Prix,Oliver Bearman,bearman,Haas F1 Team,14,0.0,-1.4003444833319307,-1.5472610074438562,-5.728561836460176,-6.058852,-5.127134921953253,-1.7186361764362663,-6.668634212266813,-6.5804663,-5.512827638683729,0.009009009009009009,-4.709530201312334,0.008264462809917356,-4.795790545596741,-4.961462733774997
2025-09,2025,9,Spanish Grand Prix,Gabriel Bortoleto,bortoleto,Sauber,12,0.0,-0.7581525820585773,-1.7500413069555074,-5.685023041975612,-6.038209,-5.180425461999852,-2.5700591575195126,-6.6509047967181045,-6.9916215,-5.971322932151245,0.009009009009009009,-4.709530201312334,0.008264462809917356,-4.795790545596741,-4.988108003798297
2025-09,2025,9,Spanish Grand Prix,Franco Colapinto,colapinto,Alpine F1 Team,18,0.0,-2.5830295048455456,-2.144288571662416,-5.709128255217612,-7.219259,-5.795389934022583,-1.6993318289834884,-6.650258850598743,-6.514451,-5.474635331190288,0.009009009009009009,-4.709530201312334,0.008264462809917356,-4.795790545596741,-5.295590239809663
2025-09,2025,9,Spanish Grand Prix,Pierre Gasly,gasly,Alpine F1 Team,8,0.0,0.6775968121904168,-0.4291792518091428,-5.596888745823784,-2.7461164,-3.372873566997245,-1.2224877969925778,-6.375827451028253,-4.3001246,-4.382362530453104,0.009009009009009009,-4.709530201312334,0.024793388429752067,-3.6971782569286313,-3.535025911962938
2025-09,2025,9,Spanish Grand Prix,Isack Hadjar,hadjar,RB F1 Team,9,0.0,0.2948840369673291,0.3757916873162699,-5.161674679160504,-1.1729658,-2.291156062297776,0.384420540972859,-5.221599653387632,-1.8630558,-2.4677906346890195,0.009009009009009009,-4.709530201312334,0.01652892561983471,-4.102643365036796,-3.196899713667286
2025-09,2025,9,Spanish Grand Prix,Lewis Hamilton,hamilton,Ferrari,5,0.0,1.9716099338407649,1.7156491321533096,-4.059711528847534,-0.76640457,-1.1959634379348842,1.91425468155386,-3.354965816632941,-0.2573339,-0.6254138377177585,0.05405405405405405,-2.9177707320842794,0.09917355371900827,-2.3108838958087405,-1.7534236668718124
2025-09,2025,9,Spanish Grand Prix,Nico Hülkenberg,hulkenberg,Sauber,15,0.0,-1.70743939146875,-1.975456800330916,-5.726517031785411,-6.080888,-5.299461063742146,-2.121539120427169,-6.595803216786644,-6.152356,-5.476718802156351,0.009009009009009009,-4.709530201312334,0.008264462809917356,-4.795790545596741,-5.047625804669444
2025-09,2025,9,Spanish Grand Prix,Liam Lawson,lawson,RB F1 Team,13,0.0,-1.0842683928639936,-0.6445314563481613,-5.538679820252982,-3.826757,-3.8487970296364185,-0.4459996759299802,-6.324880980328865,-3.8552577,-3.913756022708528,0.009009009009009009,-4.709530201312334,0.008264462809917356,-4.795790545596741,-4.32229378761658
2025-09,2025,9,Spanish Grand Prix,Charles Leclerc,leclerc,Ferrari,7,0.0,1.081170329291158,2.223154402252748,-3.395000044273248,-0.087129526,-0.4840714550463776,3.0048387647991035,-1.995961260203784,0.7560631,0.6500524152370525,0.036036036036036036,-3.3232358401924436,0.04132231404958678,-3.186352633162641,-1.8352120441045092
2025-09,2025,9,Spanish Grand Prix,Max Verstappen,max_verstappen,Red Bull,3,0.0,3.0392885480057727,2.869484978957741,-1.537513134961599,1.1396303,0.9503222027287124,2.884622205080419,-2.0175832043425634,1.4497898,0.8533205741731504,0.18018018018018017,-1.7137979277583433,0.1652892561983471,-1.80005827204275,-0.42486803465701883
2025-09,2025,9,Spanish Grand Prix,Lando Norris,norris,McLaren,2,0.0,3.6968099504315663,4.461220361574124,-0.6105424055098548,1.9467552,2.229092329147754,4.342173707908995,-0.7696918292333464,1.7999958,1.978758980022796,0.2162162162162162,-1.5314763709643886,0.19008264462809918,-1.6602963296675914,0.2843979997400813
2025-09,2025,9,Spanish Grand Prix,Esteban Ocon,ocon,Haas F1 Team,16,0.0,-2.0064377661310093,-1.502975749345092,-5.729911510078432,-5.511779,-4.900278588645713,-1.1090814579180786,-6.644641415514114,-4.8282175,-4.6341053596674735,0.009009009009009009,-4.709530201312334,0.008264462809917356,-4.795790545596741,-4.848034567121227
2025-09,2025,9,Spanish Grand Prix,Oscar Piastri,piastri,McLaren,1,1.0,4.535407874971785,5.088351725872701,0.0370064181166518,2.65308,2.9907816770104536,4.220422622950804,-1.007799555159541,1.8329093,1.858340454136888,0.2882882882882883,-1.2437942985126076,0.2066115702479339,-1.5769147207285403,0.7069334781409566
2025-09,2025,9,Spanish Grand Prix,George Russell,russell,Mercedes,4,0.0,2.47549925066826,1.7273164828315202,-3.3446233848054026,-0.10182593,-0.6610004333062943,1.5850252384652384,-3.817674193546203,0.08367575,-0.7914970146621676,0.1081081081081081,-2.224623551524334,0.12396694214876033,-2.087740344494531,-1.3743703889004126
2025-09,2025,9,Spanish Grand Prix,Carlos Sainz,sainz,Williams,17,0.0,-2.2980879104339,0.0907099423826682,-5.092975359569745,-2.2021708,-2.770080010405239,1.816069185351628,-4.680996435989988,-0.11556027,-1.0977554161567928,0.009009009009009009,-4.709530201312334,0.008264462809917356,-4.795790545596741,-3.7829352780009904
2025-09,2025,9,Spanish Grand Prix,Yuki Tsunoda,tsunoda,Red Bull,19,0.0,-2.861814478160287,-1.4973461724749986,-4.781300903053857,-2.2035327,-3.261367824144213,-0.1494752805641617,-4.2549309194715725,-0.6202079,-1.8506359476380376,0.009009009009009009,-4.709530201312334,0.008264462809917356,-4.795790545596741,-4.028579184870477
2025-10,2025,10,Canadian Grand Prix,Alexander Albon,albon,Williams,9,0.0,0.2948840369673291,0.5253370400569161,-5.000104066638784,-2.4189527,-2.650610612186452,0.6915475567905724,-5.0886935662131405,-2.7876217,-2.646250873419699,0.011025358324145534,-4.507557357121091,0.016129032258064516,-4.127134385045092,-3.388872498615772
2025-10,2025,10,Canadian Grand Prix,Fernando Alonso,alonso,Aston Martin,6,0.0,1.510269424306525,0.0086959967659797,-5.297822893596538,-0.954288,-2.400570728907961,-0.7710055045000457,-5.750545481595962,-2.3924356,-3.2831464415701466,0.011025358324145534,-4.507557357121091,0.040322580645161296,-3.2108436531709366,-2.805707191039449
2025-10,2025,10,Canadian Grand Prix,Andrea Kimi Antonelli,antonelli,Mercedes,4,0.0,2.47549925066826,1.0542844341243975,-3.732993400689389,-0.61441314,-1.2661936879549438,0.6548876582721475,-3.316564174638834,-0.71654457,-1.2442462738723885,0.022050716648291068,-3.814410176561146,0.040322580645161296,-3.2108436531709366,-2.2385186705629403
2025-10,2025,10,Canadian Grand Prix,Oliver Bearman,bearman,Haas F1 Team,13,0.0,-1.0842683928639936,-1.68148452792488,-5.7251673581671545,-5.8230524,-5.086774044589441,-2.12709774643254,-6.649428259288888,-6.7742767,-5.72757906530458,0.0033076074972436605,-5.711530161447027,0.008064516129032258,-4.820281565605037,-4.953527805097239
2025-10,2025,10,Canadian Grand Prix,Gabriel Bortoleto,bortoleto,Sauber,15,0.0,-1.70743939146875,-1.8531047887519896,-5.705806296836432,-6.402896,-5.368264925631572,-2.008948633012949,-6.624015361882408,-6.1949873,-5.461342724610714,0.0033076074972436605,-5.711530161447027,0.008064516129032258,-4.820281565605037,-5.094273245618305
2025-10,2025,10,Canadian Grand Prix,Franco Colapinto,colapinto,Alpine F1 Team,10,0.0,-0.070364435102541,-1.1477557943866372,-5.6654096682160455,-5.150276,-4.599900580337331,-1.761364762100639,-6.605413068614703,-6.0618277,-5.314258056917894,0.0033076074972436605,-5.711530161447027,0.008064516129032258,-4.820281565605037,-4.710091072971184
2025-10,2025,10,Canadian Grand Prix,Pierre Gasly,gasly,Alpine F1 Team,20,0.0,-3.134922989183408,-1.954232337363411,-5.684176723702688,-5.6120043,-5.094736599863425,-0.9809647421799584,-6.230169930495773,-3.529353,-3.955872428176834,0.0033076074972436605,-5.711530161447027,0.008064516129032258,-4.820281565605037,-4.957509082734231
2025-10,2025,10,Canadian Grand Prix,Isack Hadjar,hadjar,RB F1 Team,12,0.0,-0.7581525820585773,0.0256869162141843,-5.1663405993298745,-1.7067616,-2.6328067171910843,0.2920396997403743,-5.217588873403159,-1.3966707,-2.328562376944551,0.011025358324145534,-4.507557357121091,0.024193548387096774,-3.721669276936927,-3.1772379970640054
2025-10,2025,10,Canadian Grand Prix,Lewis Hamilton,hamilton,Ferrari,5,0.0,1.9716099338407649,1.6723719864416238,-4.158412049032489,-0.78948295,-1.2594268987850814,1.8779580710554928,-3.3614317706325174,-0.3114493,-0.6610953471353246,0.05512679162072767,-2.8981194446869907,0.08064516129032259,-2.517696472610991,-1.8885616856980363
2025-10,2025,10,Canadian Grand Prix,Nico Hülkenberg,hulkenberg,Sauber,11,0.0,-0.4207126409077573,-1.176615888837426,-5.726517031785411,-4.5651536,-4.409515202568781,-1.5772556289579949,-6.58219709796435,-5.2511797,-4.939324278084546,0.0033076074972436605,-5.711530161447027,0.016129032258064516,-4.127134385045092,-4.268324793806936
2025-10,2025,10,Canadian Grand Prix,Liam Lawson,lawson,RB F1 Team,19,0.0,-2.861814478160287,-1.5842499644738044,-5.499627153420786,-4.860186,-4.59244964368865,-0.5849465438207448,-6.190694141807699,-3.0632682,-3.623808327858948,0.0033076074972436605,-5.711530161447027,0.008064516129032258,-4.820281565605037,-4.706365604646844
2025-10,2025,10,Canadian Grand Prix,Charles Leclerc,leclerc,Ferrari,8,0.0,0.6775968121904168,1.9993375884856055,-3.582133789746613,-0.38528174,-0.7567189391617997,2.923372610580257,-2.211638737313932,0.58890796,0.4790446540868176,0.044101433296582136,-3.1212629960012004,0.040322580645161296,-3.2108436531709366,-1.9837812961663681
2025-10,2025,10,Canadian Grand Prix,Max Verstappen,max_verstappen,Red Bull,2,0.0,3.6968099504315663,3.5638766149410075,-0.846611590522933,1.8610201,1.7603342723954636,2.7674141233602447,-1.4948061754848156,1.4763296,1.01247229580272,0.27563395810363833,-1.2886815322528904,0.282258064516129,-1.2649335041156233,0.24770038413992013
2025-10,2025,10,Canadian Grand Prix,Lando Norris,norris,McLaren,7,0.0,1.081170329291158,3.235281519344331,-2.88751196556837,0.9952303,0.5163786532297618,4.6096812242533,-0.3935442006680842,1.9657459,2.2768743170140566,0.11025358324145534,-2.2049722641270453,0.08064516129032259,-2.517696472610991,-1.0006589096906147
2025-10,2025,10,Canadian Grand Prix,Esteban Ocon,ocon,Haas F1 Team,14,0.0,-1.4003444833319307,-1.5375133412409587,-5.726517031785411,-5.137033,-4.768164565449662,-1.5407419783254768,-6.573077303383443,-5.2010117,-4.904039246467187,0.0033076074972436605,-5.711530161447027,0.016129032258064516,-4.127134385045092,-4.447649475247377
2025-10,2025,10,Canadian Grand Prix,Oscar Piastri,piastri,McLaren,3,0.0,3.0392885480057727,3.8555325401241,-1.095654621749248,1.446202,1.6172227199804974,4.586654010734446,-0.6702298325541093,2.0685306,2.204342890693848,0.16538037486218302,-1.799507156018881,0.16129032258064518,-1.8245492920510458,-0.1036632860352742
2025-10,2025,10,Canadian Grand Prix,George Russell,russell,Mercedes,1,1.0,4.535407874971785,3.3943243950661506,-0.9550867495815588,1.7377542,1.6060384544770954,1.7173372735849233,-3.434598639975274,0.1495525,-0.5774091966172541,0.2535832414553473,-1.3720631411919413,0.12096774193548386,-2.112231364502827,-0.2530964550128658
2025-10,2025,10,Canadian Grand Prix,Carlos Sainz,sainz,Williams,16,0.0,-2.0064377661310093,-0.075838747078001,-5.118127354675701,-2.47162,-2.9473905068931288,1.2563840288946873,-5.230916390632336,-0.79832566,-1.757910645079486,0.011025358324145534,-4.507557357121091,0.016129032258064516,-4.127134385045092,-3.53726244596911
2025-10,2025,10,Canadian Grand Prix,Lance Stroll,stroll,Aston Martin,17,0.0,-2.2980879104339,-2.195438945863896,-5.729911510078432,-5.0175223,-4.97648835684569,-1.8992623503220696,-6.371938224457929,-4.220002,-4.6006854158448665,0.0033076074972436605,-5.711530161447027,0.008064516129032258,-4.820281565605037,-4.898384961225363
2025-10,2025,10,Canadian Grand Prix,Yuki Tsunoda,tsunoda,Red Bull,18,0.0,-2.5830295048455456,-0.8654560384762114,-5.079290079965733,-3.1468015,-3.495667573861947,-0.225733689020364,-4.373945318049766,-0.7858207,-1.9835551916655016,0.0033076074972436605,-5.711530161447027,0.016129032258064516,-4.127134385045092,-3.811400979453519
2025-11,2025,11,Austrian Grand Prix,Alexander Albon,albon,Williams,12,0.0,-0.7581525820585773,0.1333500622262154,-5.04382265364035,-3.2650733,-3.1434681923816226,0.6952315015027736,-4.905441617106543,-2.7031295,-2.5462800917422106,0.008598452278589852,-4.7561730595246186,0.008333333333333333,-4.787491742782046,-3.9654799675818344
2025-11,2025,11,Austrian Grand Prix,Fernando Alonso,alonso,Aston Martin,11,0.0,-0.4207126409077573,-0.2397324805730615,-5.344371616563341,-2.1469045,-2.972545178726719,-0.0118689327250414,-5.743208897220264,-2.2481341,-2.947695375054513,0.008598452278589852,-4.7561730595246186,0.008333333333333333,-4.787491742782046,-3.8800184607543824
2025-11,2025,11,Austrian Grand Prix,Andrea Kimi Antonelli,antonelli,Mercedes,9,0.0,0.2948840369673291,0.7371285472450323,-4.485010207394652,-0.7914589,-1.7453602329046851,1.4713859021988285,-3.3234025060998835,0.08469247,-0.6509303009353664,0.0025795356835769554,-5.960145863850555,0.016666666666666666,-4.0943445622221,-2.9198523975633925
2025-11,2025,11,Austrian Grand Prix,Oliver Bearman,bearman,Haas F1 Team,15,0.0,-1.70743939146875,-1.6389469578258458,-5.7251673581671545,-5.1238503,-4.80157780600414,-1.7227928600998512,-6.603518345225508,-5.3936586,-5.0532575950925365,0.008598452278589852,-4.7561730595246186,0.008333333333333333,-4.787491742782046,-4.794534774393092
2025-11,2025,11,Austrian Grand Prix,Gabriel Bortoleto,bortoleto,Sauber,8,0.0,0.6775968121904168,-0.6883882096784111,-5.662087709834865,-3.4644318,-3.773796945451715,-1.7746865114290735,-6.594506816699291,-5.1255765,-4.970313265054502,0.008598452278589852,-4.7561730595246186,0.025,-3.6888794541139363,-3.731338199782826
2025-11,2025,11,Austrian Grand Prix,Franco Colapinto,colapinto,Alpine F1 Team,14,0.0,-1.4003444833319307,-1.3420308574778086,-5.709128255217612,-5.2754416,-4.739533961940774,-1.4060240072241994,-6.57573914129722,-5.485071,-4.960024230441912,0.008598452278589852,-4.7561730595246186,0.008333333333333333,-4.787491742782046,-4.76351285236141
2025-11,2025,11,Austrian Grand Prix,Pierre Gasly,gasly,Alpine F1 Team,10,0.0,-0.070364435102541,-0.4409924528088304,-5.640458136701121,-2.8473604,-3.433095921645,-0.7835779202802592,-6.423616614644256,-3.6252282,-3.989733426145948,0.008598452278589852,-4.7561730595246186,0.008333333333333333,-4.787491742782046,-4.110293832213523
2025-11,2025,11,Austrian Grand Prix,Isack Hadjar,hadjar,RB F1 Team,13,0.0,-1.0842683928639936,-0.4722065848146278,-5.129276835972948,-1.9097459,-2.888040856268628,-0.0547889982888721,-5.064018600135531,-1.7546972,-2.531608359388192,0.008598452278589852,-4.7561730595246186,0.008333333333333333,-4.787491742782046,-3.837766299525337
2025-11,2025,11,Austrian Grand Prix,Lewis Hamilton,hamilton,Ferrari,4,0.0,2.47549925066826,2.02869717863697,-3.384833053629724,-0.5801343,-0.7444889554801896,2.2319085056022767,-2.8599630613972757,-0.095971026,-0.2666687907943222,0.12897678417884778,-2.048122858422409,0.125,-2.0794415416798357,-1.4119652485800127
2025-11,2025,11,Austrian Grand Prix,Nico Hülkenberg,hulkenberg,Sauber,20,0.0,-3.134922989183408,-1.9825792897560968,-5.726517031785411,-5.896478,-5.231294795920632,-1.132395221022832,-6.522874525095984,-4.383149,-4.433918762169951,0.008598452278589852,-4.7561730595246186,0.008333333333333333,-4.787491742782046,-5.009393269351339
2025-11,2025,11,Austrian Grand Prix,Liam Lawson,lawson,RB F1 Team,6,0.0,1.510269424306525,0.2307830796436829,-5.28858893987734,-1.9590826,-2.6979685503148194,-0.5472648111539917,-5.753785895718551,-3.653569,-3.666426247938919,0.017196904557179704,-4.063025878964674,0.03333333333333333,-3.4011973816621555,-3.0495829659884874
2025-11,2025,11,Austrian Grand Prix,Charles Leclerc,leclerc,Ferrari,2,0.0,3.6968099504315663,3.600978080471525,-1.1985544626157063,1.2324646,1.397601517642924,3.1556589338516527,-1.5721688941121408,0.64192647,0.8196521563428855,0.1977644024075666,-1.6206788435954693,0.16666666666666669,-1.791759469228055,-0.1970789757925655
2025-11,2025,11,Austrian Grand Prix,Max Verstappen,max_verstappen,Red Bull,7,0.0,1.081170329291158,2.44831301191174,-2.656594715730685,0.9629347,0.2901613710031893,3.1894195010953044,-1.376667553014217,1.5289571,1.2307983883917066,0.06878761822871882,-2.676731517844783,0.09166666666666667,-2.3895964699836756,-1.049717549490243
2025-11,2025,11,Austrian Grand Prix,Lando Norris,norris,McLaren,1,1.0,4.535407874971785,4.848372539535988,-0.2365521169442103,2.4670162,2.721787403863112,3.943661892751469,-0.6939452869426124,1.4908903,1.7460320938274878,0.1977644024075666,-1.6206788435954693,0.19166666666666668,-1.6519975268528961,0.5348949385051078
2025-11,2025,11,Austrian Grand Prix,Esteban Ocon,ocon,Haas F1 Team,17,0.0,-2.2980879104339,-1.5697166923953336,-5.726517031785411,-5.023773,-4.736998653347987,-1.0936898237154844,-6.603931744117951,-4.20349,-4.383346464853144,0.008598452278589852,-4.7561730595246186,0.008333333333333333,-4.787491742782046,-4.762245198065017
2025-11,2025,11,Austrian Grand Prix,Oscar Piastri,piastri,McLaren,3,0.0,3.0392885480057727,3.5814524815199995,-1.6461833278823763,1.248608,1.2241893902812575,4.127123554083905,-0.2499253249399039,1.7942932,2.0888899386282014,0.1977644024075666,-1.6206788435954693,0.15833333333333335,-1.8430527636156053,-0.3094316866671739
2025-11,2025,11,Austrian Grand Prix,George Russell,russell,Mercedes,5,0.0,1.9716099338407649,2.0522901319450164,-3.733975938091512,0.32313848,-0.5223565960022114,2.4923180164482592,-3.438703113992521,0.7288503,-0.080121119417005,0.08598452278589852,-2.453587966530573,0.1,-2.3025850929940455,-1.4124708444981284
2025-11,2025,11,Austrian Grand Prix,Carlos Sainz,sainz,Williams,19,0.0,-2.861814478160287,-0.5084537538613221,-5.1799424820247575,-3.1780581,-3.409120039855274,1.127873228851442,-5.637301788304358,-0.9436141,-2.008432210676639,0.008598452278589852,-4.7561730595246186,0.008333333333333333,-4.787491742782046,-4.09830589131866
2025-11,2025,11,Austrian Grand Prix,Lance Stroll,stroll,Aston Martin,16,0.0,-2.0064377661310093,-1.62627918741398,-5.676308497035995,-4.9491224,-4.710738776087342,-1.3472853321373837,-6.3334370329248175,-4.347042,-4.429994580670407,0.008598452278589852,-4.7561730595246186,0.008333333333333333,-4.787491742782046,-4.749115259434694
2025-11,2025,11,Austrian Grand Prix,Yuki Tsunoda,tsunoda,Red Bull,18,0.0,-2.5830295048455456,-1.0899847170821206,-5.020347174157798,-2.0403945,-3.1339252005953773,0.111471975188102,-3.819491172118807,-0.7018094,-1.6242018121543895,0.008598452278589852,-4.7561730595246186,0.008333333333333333,-4.787491742782046,-3.9607084716887115
2025-12,2025,12,British Grand Prix,Alexander Albon,albon,Williams,13,0.0,-1.0842683928639936,-0.269042280017879,-5.05666546401882,-3.8238819,-3.5179845226259823,0.3136949976412886,-5.044673206239973,-3.3735836,-2.985023929031718,0.008771929824561403,-4.736198448394496,0.0070921985815602835,-4.948759890378168,-4.233372206502075
2025-12,2025,12,British Grand Prix,Fernando Alonso,alonso,Aston Martin,7,0.0,1.081170329291158,0.1386581920250957,-5.258889221838164,-0.992746,-2.350417830994124,-0.118960987168492,-5.47707169420553,-1.7085003,-2.690362079276509,0.008771929824561403,-4.736198448394496,0.042553191489361694,-3.1570004211501135,-2.7537091260721187
2025-12,2025,12,British Grand Prix,Andrea Kimi Antonelli,antonelli,Mercedes,10,0.0,-0.070364435102541,0.8624804660464512,-4.417707372622707,-1.1389029,-1.8048761444334696,1.4783694763776585,-2.843455551636898,-0.020669451,-0.5103932237382827,0.008771929824561403,-4.736198448394496,0.014184397163120567,-4.255612709818223,-3.0302444271258464
2025-12,2025,12,British Grand Prix,Oliver Bearman,bearman,Haas F1 Team,18,0.0,-2.5830295048455456,-1.140599204136689,-5.674545819659939,-5.5593596,-4.757952807698771,-1.375956194883467,-6.570389548578718,-5.4032526,-4.916844570292911,0.008771929824561403,-4.736198448394496,0.0070921985815602835,-4.948759890378168,-4.85335634903847
2025-12,2025,12,British Grand Prix,Gabriel Bortoleto,bortoleto,Sauber,16,0.0,-2.0064377661310093,-1.4011379381585214,-5.705806296836432,-5.4689913,-4.83540228475226,-1.0677381268179194,-6.547191501123125,-4.684897,-4.530198882549891,0.008771929824561403,-4.736198448394496,0.0070921985815602835,-4.948759890378168,-4.892081087565215
2025-12,2025,12,British Grand Prix,Franco Colapinto,colapinto,Alpine F1 Team,20,0.0,-3.134922989183408,-2.075819303160828,-5.729911510078432,-6.954033,-5.675076425817001,-1.2715760438403183,-6.505351268823434,-5.6731505,-4.953852583982223,0.008771929824561403,-4.736198448394496,0.0070921985815602835,-4.948759890378168,-5.311918158097585
2025-12,2025,12,British Grand Prix,Pierre Gasly,gasly,Alpine F1 Team,8,0.0,0.6775968121904168,-0.1498190622353612,-5.640458136701121,-2.8330956,-3.315656019918068,-0.558430692467727,-6.151320532811075,-3.9193885,-3.914861462842376,0.008771929824561403,-4.736198448394496,0.028368794326241134,-3.5624655292582776,-3.4390607745881727
2025-12,2025,12,British Grand Prix,Isack Hadjar,hadjar,RB F1 Team,12,0.0,-0.7581525820585773,-0.3581777407680058,-5.151790253119634,-1.6059307,-2.736037624782813,-0.0326774850027255,-5.185890360339491,-1.6321398,-2.523211847103665,0.008771929824561403,-4.736198448394496,0.0070921985815602835,-4.948759890378168,-3.842398757580491
2025-12,2025,12,British Grand Prix,Lewis Hamilton,hamilton,Ferrari,5,0.0,1.9716099338407649,1.8853218968675036,-3.501460970520915,-0.88369954,-0.9611790162381292,2.2379345300226534,-2.514431987180699,-0.14505771,-0.1552646882272752,0.026315789473684206,-3.637586159726386,0.08510638297872339,-2.463853240590168,-1.7125161284141486
2025-12,2025,12,British Grand Prix,Nico Hülkenberg,hulkenberg,Sauber,19,0.0,-2.861814478160287,-1.5991713532877148,-5.726517031785411,-5.5996923,-4.969762721773458,-0.7421258931753091,-6.563983049714076,-4.302458,-4.2755981812835255,0.008771929824561403,-4.736198448394496,0.0070921985815602835,-4.948759890378168,-4.959261306075813
2025-12,2025,12,British Grand Prix,Liam Lawson,lawson,RB F1 Team,15,0.0,-1.70743939146875,-0.9020926176830208,-5.485076807210545,-3.7680936,-3.904662353586645,-0.2222741811751764,-6.0593658658163525,-2.9254222,-3.391090338903727,0.008771929824561403,-4.736198448394496,0.0070921985815602835,-4.948759890378168,-4.4267111219824065
2025-12,2025,12,British Grand Prix,Charles Leclerc,leclerc,Ferrari,6,0.0,1.510269424306525,2.5038785494251017,-2.934082675379245,-0.18455213,-0.2363715857214201,3.229199134899829,-2.152592955383076,0.66666436,0.6420710252706644,0.017543859649122806,-4.04305126783455,0.07092198581560283,-2.6461747973841225,-1.4412731915527712
2025-12,2025,12,British Grand Prix,Max Verstappen,max_verstappen,Red Bull,1,0.0,4.535407874971785,4.179662925569819,0.0298344792042213,2.524631,2.5892483266669424,2.606375687922017,-1.4379437729115343,1.3986294,0.9454847475245558,0.4824561403508772,-0.7288652631620245,0.2482269503546099,-1.3934118288887547,0.5979182488890938
2025-12,2025,12,British Grand Prix,Lando Norris,norris,McLaren,3,1.0,3.0392885480057727,3.5387572197118,-1.1769291756304352,1.0893399,1.326961728772888,4.110336954305834,-0.1323690657637282,1.6404717,2.0693502122587213,0.13157894736842105,-2.0281482472922856,0.14184397163120566,-1.9530276168241774,-0.31303294402564463
2025-12,2025,12,British Grand Prix,Esteban Ocon,ocon,Haas F1 Team,14,0.0,-1.4003444833319307,-0.9870983994442316,-5.690936197552322,-4.0970206,-4.142970245312066,-0.7895197317617876,-6.546396751826019,-4.342702,-4.301399185365346,0.008771929824561403,-4.736198448394496,0.0070921985815602835,-4.948759890378168,-4.545865067845117
2025-12,2025,12,British Grand Prix,Oscar Piastri,piastri,McLaren,2,0.0,3.6968099504315663,4.267987446262008,-0.7552302564706224,1.891221,2.077810329094994,4.079847312732367,-0.2699234925723709,1.7016737,2.029998795980657,0.17543859649122806,-1.7404661748405046,0.17021276595744678,-1.770706060030223,0.15355213453238548
2025-12,2025,12,British Grand Prix,George Russell,russell,Mercedes,4,0.0,2.47549925066826,2.221204826121678,-2.891044887374115,0.5096917,-0.0615764669997463,2.306366455518408,-3.003039484247029,0.73487073,0.0140687505526148,0.043859649122807015,-3.126760535960395,0.10638297872340424,-2.2407096892759584,-1.1511430781378524
2025-12,2025,12,British Grand Prix,Carlos Sainz,sainz,Williams,9,0.0,0.2948840369673291,0.4875023028913668,-5.136814496325035,-1.3737991,-2.315864772543906,0.6314560083712906,-5.534608260350198,-1.9226856,-2.514051960707505,0.008771929824561403,-4.736198448394496,0.021276595744680847,-3.850147601710059,-3.0830061871269825
2025-12,2025,12,British Grand Prix,Lance Stroll,stroll,Aston Martin,17,0.0,-2.2980879104339,-1.8934111549760255,-5.637333184509885,-4.6027365,-4.665280032248631,-1.4799735986565064,-6.326680319402948,-3.7437286,-4.254168124464581,0.008771929824561403,-4.736198448394496,0.0070921985815602835,-4.948759890378168,-4.8070199613134
2025-12,2025,12,British Grand Prix,Yuki Tsunoda,tsunoda,Red Bull,11,0.0,-0.4207126409077573,-0.5459312391286371,-4.993770491419582,-1.1798817,-2.5836558239292744,-0.515226739176999,-3.950430806051569,-0.93197143,-1.9880225634583044,0.008771929824561403,-4.736198448394496,0.0070921985815602835,-4.948759890378168,-3.7662078571537214
2025-13,2025,13,Belgian Grand Prix,Alexander Albon,albon,Williams,5,0.0,1.9716099338407649,0.6389098501574537,-4.809807049572,-1.5091852,-2.1839713916713954,0.5492207174534826,-4.906995351724573,-2.658774,-2.584293374721339,0.04807692307692308,-3.0349529867072724,0.07272727272727272,-2.6210388241125804,-2.402505107891988
2025-13,2025,13,Belgian Grand Prix,Fernando Alonso,alonso,Aston Martin,20,0.0,-3.134922989183408,-1.053922852746929,-5.340977138270319,-3.0350204,-3.6257706884612055,0.1533643404826334,-5.325178190987366,-1.291191,-2.380415454934765,0.009615384615384616,-4.6443908991413725,0.00909090909090909,-4.700480365792417,-4.163125527126811
2025-13,2025,13,Belgian Grand Prix,Andrea Kimi Antonelli,antonelli,Mercedes,19,0.0,-2.861814478160287,-0.3202710126915081,-4.483736378692963,-2.2373164,-2.70736383500135,1.7144577192486898,-2.753667182714136,-0.14362031,-0.4356528196423739,0.009615384615384616,-4.6443908991413725,0.00909090909090909,-4.700480365792417,-3.703922100396883
2025-13,2025,13,Belgian Grand Prix,Oliver Bearman,bearman,Haas F1 Team,12,0.0,-0.7581525820585773,-0.7631103748743058,-5.635813408682765,-3.4020646,-3.7684450101683473,-1.293602991918488,-6.406284968722256,-4.898038,-4.639993040620845,0.009615384615384616,-4.6443908991413725,0.00909090909090909,-4.700480365792417,-4.234462687980382
2025-13,2025,13,Belgian Grand Prix,Gabriel Bortoleto,bortoleto,Sauber,10,0.0,-0.070364435102541,-0.2532620754581927,-5.59068291646683,-3.2981668,-3.515109310321773,-0.760077626549057,-6.427390627265804,-4.392954,-4.265232120284724,0.009615384615384616,-4.6443908991413725,0.00909090909090909,-4.700480365792417,-4.107794838057095
2025-13,2025,13,Belgian Grand Prix,Franco Colapinto,colapinto,Alpine F1 Team,15,0.0,-1.70743939146875,-1.841806067295102,-5.694577909007371,-5.647722,-5.069241565499607,-1.4906289714947305,-6.391871080498728,-5.0737047,-4.7719521918039645,0.009615384615384616,-4.6443908991413725,0.00909090909090909,-4.700480365792417,-4.884860965646012
2025-13,2025,13,Belgian Grand Prix,Pierre Gasly,gasly,Alpine F1 Team,13,0.0,-1.0842683928639936,-1.2272522643544024,-5.6818785865690735,-3.1232877,-3.8574290889853664,-0.8643307650522565,-6.25883290502199,-2.678899,-3.6102373731284536,0.009615384615384616,-4.6443908991413725,0.00909090909090909,-4.700480365792417,-4.278954727388891
2025-13,2025,13,Belgian Grand Prix,Isack Hadjar,hadjar,RB F1 Team,8,0.0,0.6775968121904168,0.4194336114562612,-5.017903014841331,-1.1668441,-2.2167424600077994,0.1612728603985181,-5.345200085613744,-2.3470943,-2.773781002625101,0.009615384615384616,-4.6443908991413725,0.027272727272727268,-3.6018680771243066,-2.9093052685660528
2025-13,2025,13,Belgian Grand Prix,Lewis Hamilton,hamilton,Ferrari,18,0.0,-2.5830295048455456,0.2670579602139687,-3.96252897154002,-1.9859298,-2.1844783362568423,2.2960109113611296,-2.307931312379868,-0.06587249,-0.0286522145402294,0.009615384615384616,-4.6443908991413725,0.00909090909090909,-4.700480365792417,-3.4424793510246294
2025-13,2025,13,Belgian Grand Prix,Nico Hülkenberg,hulkenberg,Sauber,14,0.0,-1.4003444833319307,-0.8223553361263303,-5.690936197552322,-3.8338165,-3.978426090488077,-0.5290505666953459,-6.4457955592095,-3.918361,-4.012121164445999,0.009615384615384616,-4.6443908991413725,0.00909090909090909,-4.700480365792417,-4.339453228140247
2025-13,2025,13,Belgian Grand Prix,Liam Lawson,lawson,RB F1 Team,9,0.0,0.2948840369673291,0.0311528081948226,-5.263551759171547,-2.776486,-3.079387625537569,-0.1946312020452661,-5.606967262952833,-3.9914215,-3.6069067851885865,0.009615384615384616,-4.6443908991413725,0.01818181818181818,-4.007333185232471,-3.54336040538502
2025-13,2025,13,Belgian Grand Prix,Charles Leclerc,leclerc,Ferrari,3,0.0,3.0392885480057727,2.6674167359722545,-1.7968650388008156,0.1911424,0.4082175861752682,2.941753571708209,-1.5186747591029048,0.6187846,0.7520469759294879,0.14423076923076922,-1.9363406980391626,0.14545454545454545,-1.927891643552635,-0.7598370286886834
2025-13,2025,13,Belgian Grand Prix,Max Verstappen,max_verstappen,Red Bull,4,0.0,2.47549925066826,2.7404320154039947,-1.2051942149466257,1.1623973,1.0372310470183117,2.7263915449535188,-1.1701755058374357,1.3797028,1.0813401468418136,0.15384615384615385,-1.8718021769015913,0.13636363636363635,-1.9924301646902063,-0.4775995588359473
2025-13,2025,13,Belgian Grand Prix,Lando Norris,norris,McLaren,1,0.0,4.535407874971785,5.380049771666039,-0.323675992978735,2.8699937,3.047659977845554,4.813539542089873,0.3992090799453409,2.1716542,2.719779284872295,0.22115384615384615,-1.508896683212223,0.20909090909090908,-1.5649861498632667,0.7413369139911438
2025-13,2025,13,Belgian Grand Prix,Esteban Ocon,ocon,Haas F1 Team,11,0.0,-0.4207126409077573,-0.3796877864344795,-5.637163082301021,-2.3609996,-3.2212535738917194,-0.8333182880052106,-6.316695284830272,-3.7012353,-3.9966673673833526,0.009615384615384616,-4.6443908991413725,0.00909090909090909,-4.700480365792417,-3.960866969842068
2025-13,2025,13,Belgian Grand Prix,Oscar Piastri,piastri,McLaren,2,1.0,3.6968099504315663,4.674825104815654,-0.8254281944941938,2.1933563,2.323417015559828,4.667364992154021,-0.3019653217665416,2.1049695,2.3831278446122046,0.23076923076923075,-1.4663370687934272,0.1909090909090909,-1.6559579280689933,0.3337295437454174
2025-13,2025,13,Belgian Grand Prix,George Russell,russell,Mercedes,6,0.0,1.510269424306525,1.5211813119107211,-3.9872024953543264,0.14458051,-0.8925856456241796,2.152240399673825,-3.039319506753198,0.6563959,-0.0849638607114714,0.05769230769230769,-2.8526314299133175,0.06363636363636364,-2.7545702167371027,-1.8235779311806413
2025-13,2025,13,Belgian Grand Prix,Carlos Sainz,sainz,Williams,17,0.0,-2.2980879104339,0.2262597795794389,-5.11090884848333,-2.0498881,-2.666304784698836,0.8488057617863505,-5.527427622654239,-1.5013325,-2.2761639986335047,0.009615384615384616,-4.6443908991413725,0.00909090909090909,-4.700480365792417,-3.6833925752456262
2025-13,2025,13,Belgian Grand Prix,Lance Stroll,stroll,Aston Martin,16,0.0,-2.0064377661310093,-1.6186194214012235,-5.672914018742974,-4.446328,-4.513165859413103,-1.1339643319690331,-6.343525972659964,-3.183612,-3.926633757584317,0.009615384615384616,-4.6443908991413725,0.00909090909090909,-4.700480365792417,-4.6068231126027595
2025-13,2025,13,Belgian Grand Prix,Yuki Tsunoda,tsunoda,Red Bull,7,0.0,1.081170329291158,0.0020293920216159,-4.917879657408957,-0.8946741,-2.2341258721772754,-0.394540393833607,-3.6916380004583207,-0.9610138,-1.8589517725148996,0.019230769230769232,-3.951243718581427,0.03636363636363636,-3.3141860046725258,-2.774155938424901
2025-14,2025,14,Hungarian Grand Prix,Alexander Albon,albon,Williams,19,0.0,-2.861814478160287,-0.7405978706708907,-4.988618521980916,-4.8292766,-4.059702826555772,0.9450052717853702,-4.745634695395927,-2.613749,-2.3625056756511627,0.008264462809917354,-4.795790545596741,0.007692307692307694,-4.867534450455582,-4.463618638505677
2025-14,2025,14,Hungarian Grand Prix,Fernando Alonso,alonso,Aston Martin,5,0.0,1.9716099338407649,0.5359982136502358,-4.984775570559362,-0.75532275,-2.0009579040075285,-0.1993475436179076,-5.089307787023522,-2.1415918,-2.736664373982585,0.04958677685950412,-3.0040310763686864,0.06153846153846155,-2.7880929087757464,-2.3945254063916375
2025-14,2025,14,Hungarian Grand Prix,Andrea Kimi Antonelli,antonelli,Mercedes,15,0.0,-1.70743939146875,-0.2258669448220466,-4.481442186459642,-1.7041047,-2.46516570224614,1.1398460254477727,-3.029238558277066,-0.4453481,-0.8599177723969201,0.008264462809917354,-4.795790545596741,0.007692307692307694,-4.867534450455582,-3.666350076350861
2025-14,2025,14,Hungarian Grand Prix,Oliver Bearman,bearman,Haas F1 Team,11,0.0,-0.4207126409077573,-0.8083756553111865,-5.6570139989144765,-3.259472,-3.739174528310458,-1.1768713359953764,-6.3644671096437735,-4.6322355,-4.483698276259654,0.016528925619834708,-4.102643365036796,0.007692307692307694,-4.867534450455582,-4.30335448938302
2025-14,2025,14,Hungarian Grand Prix,Gabriel Bortoleto,bortoleto,Sauber,7,0.0,1.081170329291158,0.2664930183767665,-5.494633596827953,-2.1703844,-2.8447064297628826,-0.4353551589305213,-6.100317959348546,-3.7869968,-3.801984331686545,0.02479338842975206,-3.697178256928632,0.015384615384615387,-4.174387269895637,-3.5095468498292597
2025-14,2025,14,Hungarian Grand Prix,Franco Colapinto,colapinto,Alpine F1 Team,14,0.0,-1.4003444833319307,-1.368234680907478,-5.610267584514802,-5.2625723,-4.706649441484438,-1.3908589135410263,-6.2818971988459005,-5.4579,-4.836205088291464,0.008264462809917354,-4.795790545596741,0.007692307692307694,-4.867534450455582,-4.78709194597001
2025-14,2025,14,Hungarian Grand Prix,Pierre Gasly,gasly,Alpine F1 Team,16,0.0,-2.0064377661310093,-1.2091160886734138,-5.61602336445001,-4.1480823,-4.219164551482857,-0.5299048590126156,-6.118730208600767,-3.3211598,-3.6720154936091753,0.008264462809917354,-4.795790545596741,0.007692307692307694,-4.867534450455582,-4.543349500969219
2025-14,2025,14,Hungarian Grand Prix,Isack Hadjar,hadjar,RB F1 Team,10,0.0,-0.070364435102541,-0.1152564348458052,-4.940317587531202,-1.6841236,-2.5913896755120844,-0.1814872202322984,-4.809851471960033,-2.1737907,-2.639017789429585,0.016528925619834708,-4.102643365036796,0.007692307692307694,-4.867534450455582,-3.729462062983833
2025-14,2025,14,Hungarian Grand Prix,Lewis Hamilton,hamilton,Ferrari,12,0.0,-0.7581525820585773,0.6221097168854778,-4.240396047361112,-1.6594509,-2.02927110893517,1.948716243145023,-2.5003903096157187,-0.36007565,-0.3358102273785512,0.016528925619834708,-4.102643365036796,0.06153846153846155,-2.7880929087757464,-2.4086820088554584
2025-14,2025,14,Hungarian Grand Prix,Nico Hülkenberg,hulkenberg,Sauber,18,0.0,-2.5830295048455456,-1.187238754708907,-5.658363672532733,-4.743247,-4.455871222353601,-0.3343574897570521,-6.260137488914661,-3.7698376,-3.817329265999659,0.008264462809917354,-4.795790545596741,0.007692307692307694,-4.867534450455582,-4.661702836404592
2025-14,2025,14,Hungarian Grand Prix,Liam Lawson,lawson,RB F1 Team,9,0.0,0.2948840369673291,-0.0009982848179523,-5.175467264900363,-2.2512767,-2.855940375602495,-0.1919978022336036,-5.4655402851928665,-3.4344068,-3.3486909858918343,0.016528925619834708,-4.102643365036796,0.007692307692307694,-4.867534450455582,-3.8617374130290383
2025-14,2025,14,Hungarian Grand Prix,Charles Leclerc,leclerc,Ferrari,1,0.0,4.535407874971785,4.129650173386708,-0.5670935344130694,1.9046122,2.1021068838158032,2.880256686955935,-1.454449235338101,0.59783727,0.7453367735172315,0.2644628099173553,-1.3300546427970148,0.09230769230769231,-2.382627800667582,-0.1402604584258893
2025-14,2025,14,Hungarian Grand Prix,Max Verstappen,max_verstappen,Red Bull,8,0.0,0.6775968121904168,1.932051998172101,-2.993660888743886,0.69929636,-0.139307875670002,2.726634856082341,-1.6770809317536526,1.2450117,0.8451207427350064,0.02479338842975206,-3.697178256928632,0.19230769230769235,-1.6486586255873814,-0.8939832506286917
2025-14,2025,14,Hungarian Grand Prix,Lando Norris,norris,McLaren,3,1.0,3.0392885480057727,3.835272047282983,-0.6407256421297034,1.3144011,1.7336742291259206,4.558579045050435,-0.0627047535516493,1.9803883,2.3852984678392715,0.16528925619834708,-1.8000582720427503,0.15384615384615388,-1.8718021769015911,-0.06906397388783525
2025-14,2025,14,Hungarian Grand Prix,Esteban Ocon,ocon,Haas F1 Team,17,0.0,-2.2980879104339,-1.466603175753132,-5.646161584332625,-4.5316825,-4.477248374777804,-0.764157314671444,-6.321255666358319,-3.7479248,-3.990070464514108,0.008264462809917354,-4.795790545596741,0.007692307692307694,-4.867534450455582,-4.672391412616693
2025-14,2025,14,Hungarian Grand Prix,Oscar Piastri,piastri,McLaren,2,0.0,3.6968099504315663,4.49468294798273,-0.6971465842856168,2.0243735,2.2385035590725084,4.459931172653648,-0.1826281518276376,1.9398196,2.289853573476194,0.19834710743801648,-1.6177367152487958,0.17692307692307696,-1.7320402345264325,0.25323166227303795
2025-14,2025,14,Hungarian Grand Prix,George Russell,russell,Mercedes,4,0.0,2.47549925066826,1.916226499965648,-2.9985654315241685,0.3452789,-0.2833969536450408,1.9059963178252484,-3.0506333424086844,0.4443671,-0.2579192448094205,0.09917355371900824,-2.310883895808741,0.11538461538461539,-2.159484249353372,-1.2214406014992065
2025-14,2025,14,Hungarian Grand Prix,Carlos Sainz,sainz,Williams,13,0.0,-1.0842683928639936,0.074825833768266,-5.104778568011227,-1.961859,-2.688326632728232,0.7676518083503658,-5.357849028618245,-1.704307,-2.318354298153837,0.016528925619834708,-4.102643365036796,0.015384615384615387,-4.174387269895637,-3.431356951311934
2025-14,2025,14,Hungarian Grand Prix,Lance Stroll,stroll,Aston Martin,6,0.0,1.510269424306525,-0.0769844556280685,-5.2435403120974335,-1.7856092,-2.732283145254484,-1.2137217847651336,-6.279338209082,-4.1300845,-4.2809673736149625,0.033057851239669415,-3.4094961844768505,0.03846153846153847,-3.2580965380214817,-2.9951898416379827
2025-14,2025,14,Hungarian Grand Prix,Yuki Tsunoda,tsunoda,Red Bull,20,0.0,-3.134922989183408,-1.3729786374874668,-5.022563947474882,-2.9076514,-3.577044866060945,-0.3098999873521187,-3.7222279546363786,-0.8770213,-1.808108621232425,0.008264462809917354,-4.795790545596741,0.007692307692307694,-4.867534450455582,-4.222289658258264
2025-15,2025,15,Dutch Grand Prix,Alexander Albon,albon,Williams,15,0.0,-1.70743939146875,-0.3137648691230896,-4.933303510878889,-3.9449706,-3.5343061572917644,0.6656812208777048,-4.843264145863252,-3.0515752,-2.662600467555812,0.002941176470588236,-5.828945617610207,0.007751937984496124,-4.859812404361672,-4.197059280826718
2025-15,2025,15,Dutch Grand Prix,Fernando Alonso,alonso,Aston Martin,10,0.0,-0.070364435102541,0.02856154328589,-5.033045122045902,-1.1886296,-2.381229906212858,0.3006377257279102,-4.554945995535415,-1.2772212,-2.0373399970542936,0.009803921568627453,-4.624972813284271,0.023255813953488372,-3.7612001156935624,-3.0712150109532104
2025-15,2025,15,Dutch Grand Prix,Andrea Kimi Antonelli,antonelli,Mercedes,11,0.0,-0.4207126409077573,0.5399356943808772,-4.519306462444931,-1.0657525,-1.9398318780490529,1.4068873419515098,-2.793221705351366,-0.37327737,-0.6480897143622011,0.002941176470588236,-5.828945617610207,0.007751937984496124,-4.859812404361672,-3.3998221412053624
2025-15,2025,15,Dutch Grand Prix,Oliver Bearman,bearman,Haas F1 Team,20,0.0,-3.134922989183408,-1.9308560303523392,-5.672914018742974,-6.4119782,-5.389005155446382,-1.0013304340196778,-6.258291670691437,-5.1004753,-4.552397480218994,0.002941176470588236,-5.828945617610207,0.007751937984496124,-4.859812404361672,-5.1244087799040265
2025-15,2025,15,Dutch Grand Prix,Gabriel Bortoleto,bortoleto,Sauber,13,0.0,-1.0842683928639936,-0.4228663401231342,-5.627179232367229,-3.3816216,-3.626442338072316,-0.0876718021295557,-6.008158138695566,-3.164967,-3.410881606583471,0.002941176470588236,-5.828945617610207,0.007751937984496124,-4.859812404361672,-4.243127371216994
2025-15,2025,15,Dutch Grand Prix,Franco Colapinto,colapinto,Alpine F1 Team,16,0.0,-2.0064377661310093,-2.0997423694069832,-5.598376406877153,-5.4858027,-5.069170696274471,-2.007370349122389,-6.032601070122053,-5.0806904,-4.832524026405893,0.002941176470588236,-5.828945617610207,0.007751937984496124,-4.859812404361672,-4.964491550318071
2025-15,2025,15,Dutch Grand Prix,Pierre Gasly,gasly,Alpine F1 Team,14,0.0,-1.4003444833319307,-1.4863119560666265,-5.642825919736877,-3.2868168,-4.004897381191771,-1.3318051206624082,-6.1446865216089055,-3.1398664,-3.9101537597971223,0.002941176470588236,-5.828945617610207,0.007751937984496124,-4.859812404361672,-4.432354892776722
2025-15,2025,15,Dutch Grand Prix,Isack Hadjar,hadjar,RB F1 Team,4,0.0,2.47549925066826,1.016674540818387,-4.050529605066475,-0.25162485,-1.2632552923891407,0.213843073874473,-4.6154740568381,-1.9471886,-2.3383594296255623,0.04901960784313727,-3.0155349008501706,0.03875968992248062,-3.250374491927572,-2.2568148921583564
2025-15,2025,15,Dutch Grand Prix,Lewis Hamilton,hamilton,Ferrari,7,0.0,1.081170329291158,1.348288934300906,-4.330756428368644,-0.9521316,-1.512839308625234,1.920072692478071,-2.781983193313723,-0.2756575,-0.418982274016712,0.03921568627450981,-3.2386784521643803,0.07751937984496124,-2.5572273113676265,-2.03503330999643
2025-15,2025,15,Dutch Grand Prix,Nico Hülkenberg,hulkenberg,Sauber,17,0.0,-2.2980879104339,-1.0623017364387837,-5.672914018742974,-4.3534174,-4.263539838798178,-0.3211735049235922,-6.298128257654727,-3.5068145,-3.729590836937655,0.002941176470588236,-5.828945617610207,0.007751937984496124,-4.859812404361672,-4.561676121579925
2025-15,2025,15,Dutch Grand Prix,Liam Lawson,lawson,RB F1 Team,8,0.0,0.6775968121904168,0.4478891901699264,-5.153740959847871,-1.7355196,-2.476684301687387,0.2983822960712335,-5.217596132472349,-3.0370855,-2.93041680682208,0.019607843137254905,-3.9318256327243257,0.015503875968992248,-4.1666652238017265,-3.321674762744557
2025-15,2025,15,Dutch Grand Prix,Charles Leclerc,leclerc,Ferrari,6,0.0,1.510269424306525,2.2133382047648973,-3.5535135996549827,-0.086232156,-0.5484486080924563,2.9158237342179114,-1.962111220063802,0.65678924,0.5931704173042326,0.05882352941176472,-2.8332133440562157,0.09302325581395349,-2.374905754573672,-1.4616771813330642
2025-15,2025,15,Dutch Grand Prix,Max Verstappen,max_verstappen,Red Bull,3,0.0,3.0392885480057727,2.34377003976546,-1.858817954343049,0.8269706,0.5044295776718069,2.229090720039272,-2.070370275868981,0.9873363,0.4221087875304416,0.1470588235294118,-1.9169226121820608,0.15503875968992248,-1.864080130807681,-0.6798252765679371
2025-15,2025,15,Dutch Grand Prix,Lando Norris,norris,McLaren,2,0.0,3.6968099504315663,4.6513963103625615,-0.1590455168989321,2.0947602,2.53272064028238,4.700604269605439,0.2058390615927882,2.0726638,2.5705031745483518,0.24509803921568632,-1.4060969884160701,0.17829457364341086,-1.7243181884325223,0.4042012259249288
2025-15,2025,15,Dutch Grand Prix,Esteban Ocon,ocon,Haas F1 Team,18,0.0,-2.5830295048455456,-1.7164408073610131,-5.660711930542866,-5.504942,-4.95311938957687,-0.9806800266408072,-6.278338779028897,-4.475281,-4.321907343028297,0.002941176470588236,-5.828945617610207,0.007751937984496124,-4.859812404361672,-4.906465896969271
2025-15,2025,15,Dutch Grand Prix,Oscar Piastri,piastri,McLaren,1,1.0,4.535407874971785,5.258600358200134,0.1771254641009598,2.771563,3.155673256579861,4.554542679701399,-0.0344529386142459,2.015919,2.4073038088713266,0.3137254901960785,-1.1592369104845444,0.19379844961240308,-1.6409365794934714,0.7573683385431949
2025-15,2025,15,Dutch Grand Prix,George Russell,russell,Mercedes,5,0.0,1.9716099338407649,2.1207161671120613,-3.5975345125741915,0.49543563,-0.3773381504468757,2.395350205905817,-2.3817817467784725,0.7608887,0.2852434476518897,0.07843137254901962,-2.545531271604435,0.11627906976744186,-2.151762203259462,-1.2645501768531688
2025-15,2025,15,Dutch Grand Prix,Carlos Sainz,sainz,Williams,9,0.0,0.2948840369673291,0.4966437551429468,-5.005744969907633,-1.1353729,-2.170280126551958,0.5796385158217234,-5.282186764909836,-2.0045586,-2.4703216426487216,0.009803921568627453,-4.624972813284271,0.031007751937984496,-3.4735180432417816,-2.8218990848968697
2025-15,2025,15,Dutch Grand Prix,Lance Stroll,stroll,Aston Martin,19,0.0,-2.861814478160287,-1.733451886707966,-5.433852584626079,-4.209861,-4.374479408817182,-0.6906316112039323,-5.9893170529956095,-2.6900716,-3.4511100621934063,0.002941176470588236,-5.828945617610207,0.007751937984496124,-4.859812404361672,-4.6171459065894265
2025-15,2025,15,Dutch Grand Prix,Yuki Tsunoda,tsunoda,Red Bull,12,0.0,-0.7581525820585773,-0.7491596590368768,-5.02323409773726,-1.4580724,-2.7800884196204434,-0.6555342107145449,-4.011879264815536,-1.2619385,-2.183863595005275,0.002941176470588236,-5.828945617610207,0.007751937984496124,-4.859812404361672,-3.8199504119910577
2025-16,2025,16,Italian Grand Prix,Alexander Albon,albon,Williams,14,0.0,-1.4003444833319307,-0.3158105466973943,-4.945555719955515,-2.2194343,-2.8763410819624458,0.4567963177131204,-4.781757826663911,-1.6830221,-2.2128247626857345,0.010869565217391304,-4.5217885770490405,0.00847457627118644,-4.770684624465665,-3.8235128532140554
2025-16,2025,16,Italian Grand Prix,Fernando Alonso,alonso,Aston Martin,8,0.0,0.6775968121904168,0.7740141346764191,-5.205983227312344,-0.6084799,-1.9380346399932016,0.9313316187369434,-5.201709364380205,-1.1773255,-2.006465615538337,0.010869565217391304,-4.5217885770490405,0.01694915254237288,-4.07753744390572,-3.0077860419494606
2025-16,2025,16,Italian Grand Prix,Andrea Kimi Antonelli,antonelli,Mercedes,6,0.0,1.510269424306525,0.9440039848013332,-4.354525687453717,-0.6212101,-1.5501864763097684,0.943136355184923,-3.0834674797987187,-0.51439404,-0.9777725664706132,0.021739130434782608,-3.828641396489095,0.01694915254237288,-4.07753744390572,-2.813861960107744
2025-16,2025,16,Italian Grand Prix,Oliver Bearman,bearman,Haas F1 Team,11,0.0,-0.4207126409077573,-0.4571425814876702,-5.622292480235759,-3.369971,-3.633262892120762,-0.6689813413135057,-6.303856649116812,-4.7014217,-4.299793826938175,0.010869565217391304,-4.5217885770490405,0.00847457627118644,-4.770684624465665,-4.201973758293214
2025-16,2025,16,Italian Grand Prix,Gabriel Bortoleto,bortoleto,Sauber,7,0.0,1.081170329291158,0.2271046831363496,-5.532839106858448,-1.7469006,-2.711712958995426,-0.3646829006291678,-6.178163570323805,-3.2838645,-3.619315669523583,0.010869565217391304,-4.5217885770490405,0.01694915254237288,-4.07753744390572,-3.394625201450573
2025-16,2025,16,Italian Grand Prix,Franco Colapinto,colapinto,Alpine F1 Team,17,0.0,-2.2980879104339,-1.888073104394671,-5.621423452432022,-6.1776147,-5.26264538429743,-1.4566388175191949,-6.265505236105418,-5.5881224,-4.90235807039953,0.010869565217391304,-4.5217885770490405,0.00847457627118644,-4.770684624465665,-5.016665004381547
2025-16,2025,16,Italian Grand Prix,Pierre Gasly,gasly,Alpine F1 Team,20,0.0,-3.134922989183408,-1.8290239504602612,-5.627179232367229,-5.3611703,-4.928234318018403,-0.8582120507641797,-6.2353345134533225,-3.8456283,-4.029051732888966,0.010869565217391304,-4.5217885770490405,0.00847457627118644,-4.770684624465665,-4.849459471242034
2025-16,2025,16,Italian Grand Prix,Isack Hadjar,hadjar,RB F1 Team,19,0.0,-2.861814478160287,-0.4540530240557939,-5.000432253071988,-2.9731283,-3.240387324616428,0.8926035869246628,-4.777592394086864,-0.9300014,-1.773428513445541,0.010869565217391304,-4.5217885770490405,0.00847457627118644,-4.770684624465665,-4.005535974541047
2025-16,2025,16,Italian Grand Prix,Lewis Hamilton,hamilton,Ferrari,10,0.0,-0.070364435102541,0.8411400357724568,-3.925424458449335,-1.5842487,-1.7950342952905154,1.29571422191508,-2.627502658508491,-0.38038477,-0.6306174411732718,0.043478260869565216,-3.1354942159291497,0.00847457627118644,-4.770684624465665,-3.2828594598780905
2025-16,2025,16,Italian Grand Prix,Nico Hülkenberg,hulkenberg,Sauber,12,0.0,-0.7581525820585773,-0.5069040109773698,-5.635983510891628,-2.85441,-3.4594287335370124,-0.5888287232586163,-6.354408297947291,-3.795784,-3.955332274173603,0.010869565217391304,-4.5217885770490405,0.00847457627118644,-4.770684624465665,-4.115056679001339
2025-16,2025,16,Italian Grand Prix,Liam Lawson,lawson,RB F1 Team,18,0.0,-2.5830295048455456,-0.8370804809642365,-5.235115782150065,-4.245693,-3.967191646193912,0.6375466529821079,-5.302246974219823,-2.1695852,-2.517163357712942,0.010869565217391304,-4.5217885770490405,0.00847457627118644,-4.770684624465665,-4.368938135329788
2025-16,2025,16,Italian Grand Prix,Charles Leclerc,leclerc,Ferrari,4,0.0,2.47549925066826,2.093291566232319,-2.917395508893834,0.13275132,-0.2658226155390215,2.230097712081501,-2.213767588726129,0.40139627,0.1538544994686672,0.10869565217391304,-2.2192034840549946,0.11016949152542374,-2.205735267004128,-1.2357789412715747
2025-16,2025,16,Italian Grand Prix,Max Verstappen,max_verstappen,Red Bull,1,1.0,4.535407874971785,4.35471265779813,-0.0261367326379016,2.4600463,2.610200993630952,2.967315412158154,-1.67369947317671,1.3798375,0.9846704559464966,0.25,-1.3862943611198906,0.2711864406779661,-1.3049487216659381,0.652626135982507
2025-16,2025,16,Italian Grand Prix,Lando Norris,norris,McLaren,2,0.0,3.6968099504315663,4.473676303261579,-0.8540879008634543,2.1134763,2.2043428907777898,4.525335613610734,-0.7216874674333368,2.064134,2.1611865362298706,0.1847826086956522,-1.688575232992824,0.19491525423728814,-1.635190408536515,0.2845762411206374
2025-16,2025,16,Italian Grand Prix,Esteban Ocon,ocon,Haas F1 Team,15,0.0,-1.70743939146875,-1.0137338153896875,-5.635983510891628,-3.9153514,-4.062231183837574,-0.6956417301716764,-6.327849445869512,-4.021358,-4.067973085166643,0.010869565217391304,-4.5217885770490405,0.00847457627118644,-4.770684624465665,-4.41645790415162
2025-16,2025,16,Italian Grand Prix,Oscar Piastri,piastri,McLaren,3,0.0,3.0392885480057727,3.89706061412778,-0.7037710502627393,1.5827384,1.8363656921839104,4.660783828970363,0.1810445018079827,2.2272887,2.603655099135665,0.16304347826086954,-1.8137383759468304,0.16949152542372883,-1.7749523509116736,0.030706670636118427
2025-16,2025,16,Italian Grand Prix,George Russell,russell,Mercedes,5,0.0,1.9716099338407649,1.858448983394857,-3.856591612096212,0.14277482,-0.7133822950389841,2.0968944178189206,-2.9756694476669034,0.46506137,-0.152376552943392,0.08695652173913043,-2.4423470353692043,0.1016949152542373,-2.2857779746776643,-1.4995801348583242
2025-16,2025,16,Italian Grand Prix,Carlos Sainz,sainz,Williams,13,0.0,-1.0842683928639936,-0.1988734319270952,-4.967986577895708,-1.3799589,-2.517228473624796,0.315847263836958,-4.841792592481503,-1.0654455,-2.0593877908307285,0.010869565217391304,-4.5217885770490405,0.00847457627118644,-4.770684624465665,-3.643956549045231
2025-16,2025,16,Italian Grand Prix,Lance Stroll,stroll,Aston Martin,16,0.0,-2.0064377661310093,-0.9512106577083252,-5.595329725442435,-3.3597302,-3.808925671316188,-0.1796740725328902,-6.201895348834086,-2.754891,-3.365086668053022,0.010869565217391304,-4.5217885770490405,0.00847457627118644,-4.770684624465665,-4.2898051478909265
2025-16,2025,16,Italian Grand Prix,Yuki Tsunoda,tsunoda,Red Bull,9,0.0,0.2948840369673291,0.1004823904888313,-4.920886571510676,-0.9651206,-2.2245136179183738,-0.0002974643120565,-3.947724951630749,-1.0432951,-1.8383723625164063,0.010869565217391304,-4.5217885770490405,0.00847457627118644,-4.770684624465665,-3.497599121192019
2025-17,2025,17,Azerbaijan Grand Prix,Alexander Albon,albon,Williams,19,0.0,-2.861814478160287,-0.7517156261676865,-4.911257452752528,-3.7632213,-3.624338054915842,0.9390479697810444,-4.828214790534783,-1.7495667,-2.0768247441959837,0.009174311926605503,-4.6913478822291435,0.006329113924050633,-5.062595033026967,-4.343466543971404
2025-17,2025,17,Azerbaijan Grand Prix,Fernando Alonso,alonso,Aston Martin,11,0.0,-0.4207126409077573,-0.1349183061428015,-4.993438016471984,-1.4092666,-2.513692658251772,0.2309216748292972,-5.32130360631841,-1.425084,-2.399737612683884,0.018348623853211007,-3.9982007016691985,0.05063291139240506,-2.9831534913471307,-2.7484230747994514
2025-17,2025,17,Azerbaijan Grand Prix,Andrea Kimi Antonelli,antonelli,Mercedes,4,0.0,2.47549925066826,1.5205329870933058,-3.3979894641014354,-0.37746018,-0.8670074008292166,1.2854381117966571,-2.794631593536528,-0.46160632,-0.7258732489260277,0.09174311926605505,-2.388762789235098,0.02531645569620253,-3.676300671907076,-2.2716540363681466
2025-17,2025,17,Azerbaijan Grand Prix,Oliver Bearman,bearman,Haas F1 Team,15,0.0,-1.70743939146875,-1.18233065303638,-5.660711930542866,-4.1655846,-4.232777816061087,-0.7952168569597405,-6.08521586972102,-4.1783795,-4.073115881128308,0.009174311926605503,-4.6913478822291435,0.006329113924050633,-5.062595033026967,-4.647686424544027
2025-17,2025,17,Azerbaijan Grand Prix,Gabriel Bortoleto,bortoleto,Sauber,13,0.0,-1.0842683928639936,-0.7910373693339948,-5.571975100707795,-2.5616806,-3.431512589705267,-0.5488536906256483,-6.123668066772218,-2.5885875,-3.4109966233216835,0.009174311926605503,-4.6913478822291435,0.012658227848101266,-4.3694478524670215,-3.900480221086144
2025-17,2025,17,Azerbaijan Grand Prix,Franco Colapinto,colapinto,Alpine F1 Team,16,0.0,-2.0064377661310093,-1.965772408231247,-5.672914018742974,-5.639501,-5.1054156731099525,-1.821984767405056,-6.3830783328261,-5.397357,-5.009962368895068,0.009174311926605503,-4.6913478822291435,0.006329113924050633,-5.062595033026967,-5.084005353068459
2025-17,2025,17,Azerbaijan Grand Prix,Pierre Gasly,gasly,Alpine F1 Team,18,0.0,-2.5830295048455456,-1.9156602616559075,-5.627179232367229,-5.027649,-4.833307896261248,-1.2433771607954092,-5.964420765568716,-3.9374344,-4.104945617353477,0.009174311926605503,-4.6913478822291435,0.006329113924050633,-5.062595033026967,-4.947951464644108
2025-17,2025,17,Azerbaijan Grand Prix,Isack Hadjar,hadjar,RB F1 Team,8,0.0,0.6775968121904168,0.7297751013422442,-4.855010113250398,-0.4909417,-1.7749034582535788,0.6056253206414767,-4.9677726310613,-1.253797,-2.0684311874341303,0.03669724770642201,-3.305053521109253,0.018987341772151896,-3.9639827443588573,-2.869443101306218
2025-17,2025,17,Azerbaijan Grand Prix,Lewis Hamilton,hamilton,Ferrari,12,0.0,-0.7581525820585773,0.5700368532219983,-4.517847093143292,-1.334646,-2.0310855504124694,1.7855097676912273,-2.9934915346259747,-0.22177121,-0.5265981029469643,0.009174311926605503,-4.6913478822291435,0.04430379746835443,-3.1166848839716534,-2.5738852171920614
2025-17,2025,17,Azerbaijan Grand Prix,Nico Hülkenberg,hulkenberg,Sauber,17,0.0,-2.2980879104339,-1.4179428692225553,-5.61770988708354,-4.2031293,-4.321271553029444,-0.7860011120352651,-6.013792473350426,-3.5713959,-3.819854744899248,0.009174311926605503,-4.6913478822291435,0.006329113924050633,-5.062595033026967,-4.691933293028205
2025-17,2025,17,Azerbaijan Grand Prix,Liam Lawson,lawson,RB F1 Team,3,0.0,3.0392885480057727,1.290139859903375,-3.649328300941325,-0.4500804,-1.080153832791252,0.3268113302736605,-5.778440978612499,-2.544565,-2.9451107844923508,0.11009174311926605,-2.2064412324411435,0.03164556962025317,-3.4531571205928664,-2.2666554766920592
2025-17,2025,17,Azerbaijan Grand Prix,Charles Leclerc,leclerc,Ferrari,10,0.0,-0.070364435102541,1.4947121461719344,-3.697132599541128,-0.5737182,-1.0674153922218712,2.702255160985304,-2.204037194732842,0.5775644,0.3962257619779858,0.018348623853211007,-3.9982007016691985,0.07594936708860758,-2.5776883832389665,-1.8225518877304188
2025-17,2025,17,Azerbaijan Grand Prix,Max Verstappen,max_verstappen,Red Bull,1,1.0,4.535407874971785,4.491885072275188,0.0031003282109637,2.6075613,2.7309038555710576,3.323423731378905,-2.037696727980616,1.6949164,1.0978128176962958,0.2935779816513761,-1.2256119794294174,0.22151898734177214,-1.5072469715375532,0.6118284420167522
2025-17,2025,17,Azerbaijan Grand Prix,Lando Norris,norris,McLaren,7,0.0,1.081170329291158,3.249008624286123,-1.996166986381916,0.9753868,0.8567458746318647,4.532201143435504,-1.1930733863968144,1.9036591,1.9309920381826973,0.045871559633027525,-3.0819099697950434,0.10759493670886076,-2.2293816889707507,-0.686317907169443
2025-17,2025,17,Azerbaijan Grand Prix,Esteban Ocon,ocon,Haas F1 Team,20,0.0,-3.134922989183408,-1.8384650817196544,-5.659362256924609,-5.380679,-4.951739736028261,-0.8480500000956153,-6.048634304155048,-3.9408474,-3.991615142455045,0.009174311926605503,-4.6913478822291435,0.006329113924050633,-5.062595033026967,-5.007167384527614
2025-17,2025,17,Azerbaijan Grand Prix,Oscar Piastri,piastri,McLaren,9,0.0,0.2948840369673291,3.0317748568262584,-1.8718022564095305,0.92244613,0.8006825642061163,4.559666078156625,0.1580659432112656,1.9829363,2.4679502424034663,0.027522935779816512,-3.592735593561034,0.08227848101265822,-2.49764567556543,-0.848481555679657
2025-17,2025,17,Azerbaijan Grand Prix,George Russell,russell,Mercedes,5,0.0,1.9716099338407649,2.091009803223907,-3.448900398968961,0.19296414,-0.4479100624822558,2.383338873346837,-2.571232496915489,0.56232417,0.137908027895679,0.08256880733944953,-2.4941233048929243,0.09493670886075949,-2.354544831924757,-1.4012274472035062
2025-17,2025,17,Azerbaijan Grand Prix,Carlos Sainz,sainz,Williams,2,0.0,3.6968099504315663,2.2597454298275164,-3.069383840758789,1.0383649,0.0879445131402729,0.7840896530545132,-5.278864293134872,-1.0579855,-2.0451595663394024,0.13761467889908255,-1.9832976811269338,0.14556962025316456,-1.9271008170978172,-0.9195781519787721
2025-17,2025,17,Azerbaijan Grand Prix,Lance Stroll,stroll,Aston Martin,14,0.0,-1.4003444833319307,-1.1176519514988283,-5.341607065672706,-2.775347,-3.5506730259002106,-0.9503197367080268,-5.838129972969086,-3.0993624,-3.6418200679734687,0.009174311926605503,-4.6913478822291435,0.012658227848101266,-4.3694478524670215,-3.960060439183616
2025-17,2025,17,Azerbaijan Grand Prix,Yuki Tsunoda,tsunoda,Red Bull,6,0.0,1.510269424306525,0.4929835255364578,-4.838145135581285,-0.5709077,-1.8902110943667856,0.0793029520805841,-3.971285989233038,-0.57315356,-1.6445725214464049,0.055045871559633024,-2.899588413001089,0.03797468354430379,-3.270835563798912,-2.580523329082849
2025-18,2025,18,Singapore Grand Prix,Alexander Albon,albon,Williams,20,0.0,-3.134922989183408,-0.5605794036172181,-5.254766686135019,-4.144765,-3.829627098623114,1.2199977293008044,-5.201237765481123,-1.5921408,-2.0527544397733046,0.01,-4.605170185988091,0.030303030303030304,-3.4965075614664802,-3.663067330044797
2025-18,2025,18,Singapore Grand Prix,Fernando Alonso,alonso,Aston Martin,10,0.0,-0.070364435102541,0.0887309978962493,-4.970473980587873,-1.1966028,-2.337102250107991,0.4417436057442888,-5.228471734833663,-1.5426924,-2.3312144882203456,0.01,-4.605170185988091,0.030303030303030304,-3.4965075614664802,-2.9168049057872354
2025-18,2025,18,Singapore Grand Prix,Andrea Kimi Antonelli,antonelli,Mercedes,4,0.0,2.47549925066826,1.999998868776788,-3.327207437578833,-0.3429618,-0.6421745364939665,2.065204708187468,-2.60337145099362,-0.08718457,-0.2303256720541214,0.05,-2.995732273553991,0.030303030303030304,-3.4965075614664802,-2.0693410489802235
2025-18,2025,18,Singapore Grand Prix,Oliver Bearman,bearman,Haas F1 Team,9,0.0,0.2948840369673291,-0.2333148510081583,-5.566371805034084,-2.369022,-3.1408392587159684,-0.6129045138321221,-6.161857385181661,-3.8265777,-3.904622260382867,0.01,-4.605170185988091,0.030303030303030304,-3.4965075614664802,-3.3186734100912245
2025-18,2025,18,Singapore Grand Prix,Gabriel Bortoleto,bortoleto,Sauber,14,0.0,-1.4003444833319307,-0.7520834335162262,-5.575130132077333,-2.834785,-3.5227557163462024,-0.218321934450445,-5.858451714447639,-2.4893909,-3.155038699758168,0.01,-4.605170185988091,0.030303030303030304,-3.4965075614664802,-3.5096316389063413
2025-18,2025,18,Singapore Grand Prix,Franco Colapinto,colapinto,Alpine F1 Team,16,0.0,-2.0064377661310093,-1.9137578146141765,-5.672914018742974,-6.014369,-5.229551622391539,-1.7135502156229978,-6.389422735982813,-5.67118,-5.07321391070484,0.01,-4.605170185988091,0.030303030303030304,-3.4965075614664802,-4.36302959192901
2025-18,2025,18,Singapore Grand Prix,Pierre Gasly,gasly,Alpine F1 Team,19,0.0,-2.861814478160287,-1.9680203433219603,-5.627179232367229,-5.6259055,-5.083467681770912,-1.1783348338010349,-5.955021175743179,-4.333881,-4.2235444156477415,0.01,-4.605170185988091,0.030303030303030304,-3.4965075614664802,-4.289987621618696
2025-18,2025,18,Singapore Grand Prix,Isack Hadjar,hadjar,RB F1 Team,8,0.0,0.6775968121904168,0.9612706482894507,-4.92394843805016,-0.40689975,-1.680086956215865,1.0943397103070942,-4.735497041423836,-0.6997473,-1.5988161540064003,0.02,-3.912023005428146,0.030303030303030304,-3.4965075614664802,-2.5882972588411723
2025-18,2025,18,Singapore Grand Prix,Lewis Hamilton,hamilton,Ferrari,6,0.0,1.510269424306525,1.3856144508589192,-4.413425350625668,-0.9186083,-1.517384088912914,1.8011662069798178,-3.279100062103097,-0.34448665,-0.6712230699743822,0.04,-3.2188758248682006,0.030303030303030304,-3.4965075614664802,-2.506945825189697
2025-18,2025,18,Singapore Grand Prix,Nico Hülkenberg,hulkenberg,Sauber,11,0.0,-0.4207126409077573,-0.4806432330726776,-5.620864918453077,-2.6265354,-3.3559015754454182,-0.5675477805324041,-6.025574145559889,-3.5057654,-3.719562058644887,0.01,-4.605170185988091,0.030303030303030304,-3.4965075614664802,-3.4262045684559492
2025-18,2025,18,Singapore Grand Prix,Liam Lawson,lawson,RB F1 Team,12,0.0,-0.7581525820585773,0.2703694145750329,-5.30061643120824,-1.5542967,-2.5317335516701065,0.9838509623552416,-5.669729156104886,-1.3016751,-2.205299968472385,0.01,-4.605170185988091,0.030303030303030304,-3.4965075614664802,-3.0141205565682934
2025-18,2025,18,Singapore Grand Prix,Charles Leclerc,leclerc,Ferrari,7,0.0,1.081170329291158,1.811658115950122,-3.929096625194941,-0.52383703,-1.0155610103106072,2.62938115924888,-2.648436194273353,0.35954794,0.1254083203045075,0.06,-2.8134107167600364,0.030303030303030304,-3.4965075614664802,-2.2560342858885436
2025-18,2025,18,Singapore Grand Prix,Max Verstappen,max_verstappen,Red Bull,2,0.0,3.6968099504315663,3.90022979427424,-1.0260180511002956,1.9436219,1.8524398166880536,3.65436121284489,-1.9590215247820744,1.750639,1.2692023367220724,0.21,-1.5606477482646683,0.2121212121212121,-1.550597412411167,0.1509212021384433
2025-18,2025,18,Singapore Grand Prix,Lando Norris,norris,McLaren,5,0.0,1.9716099338407649,3.381778141559088,-2.7231787326012915,1.0546507,0.6587385335357278,4.332686027053131,-0.9486719387598987,1.6821966,1.8659565595149528,0.12,-2.120263536200091,0.0909090909090909,-2.3978952727983707,-0.8695783696313215
2025-18,2025,18,Singapore Grand Prix,Esteban Ocon,ocon,Haas F1 Team,17,0.0,-2.2980879104339,-1.347824666547866,-5.635983510891628,-4.3740826,-4.3670684207707495,-0.7052523852325271,-6.129601422385991,-3.885901,-3.948604562937504,0.01,-4.605170185988091,0.030303030303030304,-3.4965075614664802,-3.9317879911186147
2025-18,2025,18,Singapore Grand Prix,Oscar Piastri,piastri,McLaren,3,0.0,3.0392885480057727,3.764031776392108,-1.4924174568724622,1.3714931,1.400761790239136,4.329268691948945,-0.5747086417509361,1.8095877,2.049353773089566,0.15,-1.8971199848858813,0.12121212121212122,-2.1102132003465894,-0.3547257050537267
2025-18,2025,18,Singapore Grand Prix,George Russell,russell,Mercedes,1,1.0,4.535407874971785,4.372602272595294,-0.3562715576579786,2.0416121,2.329257392241176,3.151954361656326,-2.281477464784405,0.8793806,0.6444970874808444,0.23,-1.4696759700589417,0.0909090909090909,-2.3978952727983707,-0.034318940278597276
2025-18,2025,18,Singapore Grand Prix,Carlos Sainz,sainz,Williams,18,0.0,-2.5830295048455456,-0.3670302163634499,-5.045815683042068,-2.6451104,-3.0982554024823394,1.3859349957846174,-4.810009281157707,-0.39031,-1.4048913027851668,0.01,-4.605170185988091,0.030303030303030304,-3.4965075614664802,-3.29738148197441
2025-18,2025,18,Singapore Grand Prix,Lance Stroll,stroll,Aston Martin,15,0.0,-1.70743939146875,-1.226572757370577,-5.350435465495447,-3.26909,-3.7857895727809545,-0.7636781779180957,-5.749774953849174,-3.1248574,-3.5499251517686643,0.01,-4.605170185988091,0.030303030303030304,-3.4965075614664802,-3.641148567123717
2025-18,2025,18,Singapore Grand Prix,Yuki Tsunoda,tsunoda,Red Bull,13,0.0,-1.0842683928639936,-0.334703566680165,-4.673790099606239,-1.2422584,-2.403391853467693,0.5032128301670207,-3.608715895919205,-0.38770235,-1.2865966163893827,0.01,-4.605170185988091,0.030303030303030304,-3.4965075614664802,-2.949949707467087
2025-19,2025,19,United States Grand Prix,Alexander Albon,albon,Williams,18,0.0,-2.5830295048455456,-0.2999988465144294,-5.321852880977999,-2.8628726,-3.26234619712507,0.6941516423391922,-5.573396687895137,-1.7601273,-2.4453740893891203,0.0030241935483870967,-5.801110818616763,0.007692307692307692,-4.867534450455582,-4.064940323790326
2025-19,2025,19,United States Grand Prix,Fernando Alonso,alonso,Aston Martin,10,0.0,-0.070364435102541,-0.1309377808512889,-4.943104223607107,-1.4854772,-2.5221117073365016,0.6670668976359923,-4.667350483437516,-1.3030003,-1.9532739530157777,0.0030241935483870967,-5.801110818616763,0.015384615384615384,-4.174387269895637,-3.3482494886160694
2025-19,2025,19,United States Grand Prix,Andrea Kimi Antonelli,antonelli,Mercedes,7,0.0,1.081170329291158,1.4339186227923773,-4.183219632296918,-0.673782,-1.3161631866152737,2.1549302583935543,-2.6504902962691657,0.1884027,-0.1131303626137126,0.0030241935483870967,-5.801110818616763,0.030769230769230767,-3.481240089335692,-2.3987016379754826
2025-19,2025,19,United States Grand Prix,Oliver Bearman,bearman,Haas F1 Team,8,0.0,0.6775968121904168,-0.3159851955223472,-5.5327469729716885,-2.2600348,-3.117791935114341,-0.5142491013039101,-6.006315833710932,-3.611082,-3.731627897075831,0.0030241935483870967,-5.801110818616763,0.023076923076923075,-3.7689221617874726,-3.443357048450907
2025-19,2025,19,United States Grand Prix,Gabriel Bortoleto,bortoleto,Sauber,16,0.0,-2.0064377661310093,-1.0449190832783104,-5.575130132077333,-3.581244,-3.92236079966408,-0.56271625893077,-5.823188874484672,-3.3104558,-3.571305920241633,0.0030241935483870967,-5.801110818616763,0.007692307692307692,-4.867534450455582,-4.394947625059832
2025-19,2025,19,United States Grand Prix,Franco Colapinto,colapinto,Alpine F1 Team,15,0.0,-1.70743939146875,-1.9036940638414732,-5.658363672532733,-5.3189087,-4.95268558131619,-2.0402959521236506,-6.39882232580835,-5.6736097,-5.197915944862494,0.0030241935483870967,-5.801110818616763,0.007692307692307692,-4.867534450455582,-4.910110015885886
2025-19,2025,19,United States Grand Prix,Pierre Gasly,gasly,Alpine F1 Team,14,0.0,-1.4003444833319307,-1.364423748850924,-5.591428295925277,-4.1245394,-4.260370922419424,-1.5682871279708492,-5.934091085090236,-4.740242,-4.5091289779901125,0.0030241935483870967,-5.801110818616763,0.007692307692307692,-4.867534450455582,-4.563952686437503
2025-19,2025,19,United States Grand Prix,Isack Hadjar,hadjar,RB F1 Team,20,0.0,-3.134922989183408,-0.6491255923579448,-4.980889739670832,-2.2325985,-3.0231469501507973,0.7603256636773498,-4.512705949861125,-0.80049133,-1.6768865640293622,0.0030241935483870967,-5.801110818616763,0.007692307692307692,-4.867534450455582,-3.9453407003031895
2025-19,2025,19,United States Grand Prix,Lewis Hamilton,hamilton,Ferrari,5,0.0,1.9716099338407649,1.770380567005096,-3.612733564194997,-0.64291453,-0.9555764883436794,2.081304472469967,-3.083297016198908,-0.1435825,-0.421931376055645,0.05040322580645161,-2.987700101856727,0.06923076923076922,-2.670309873119363,-1.8129431807315213
2025-19,2025,19,United States Grand Prix,Nico Hülkenberg,hulkenberg,Sauber,11,0.0,-0.4207126409077573,-0.7414001531823021,-5.595840867026312,-3.194391,-3.664878469946861,-0.847310947664656,-5.921741241137363,-4.195407,-4.038364287151999,0.0030241935483870967,-5.801110818616763,0.007692307692307692,-4.867534450455582,-4.2662064602012215
2025-19,2025,19,United States Grand Prix,Liam Lawson,lawson,RB F1 Team,12,0.0,-0.7581525820585773,0.0710844961971925,-5.277597851321507,-1.3650956,-2.5267601757042684,0.5475279617987681,-5.497350045289698,-1.3396589,-2.316504168127847,0.0030241935483870967,-5.801110818616763,0.007692307692307692,-4.867534450455582,-3.6971473130799253
2025-19,2025,19,United States Grand Prix,Charles Leclerc,leclerc,Ferrari,3,0.0,3.0392885480057727,2.586490664734713,-2.789209825593051,0.23340993,0.0118004896846309,2.9299098755074144,-2.494599906291096,0.6402624,0.3961484195619935,0.05040322580645161,-2.987700101856727,0.13076923076923078,-2.0343211063993665,-1.0112603083573677
2025-19,2025,19,United States Grand Prix,Max Verstappen,max_verstappen,Red Bull,1,1.0,4.535407874971785,4.726021009620732,0.0883331499966007,2.606795,2.853405371797989,3.761229838655916,-1.2991858708824997,1.6723301,1.52274805302268,0.5544354838709677,-0.5898048290583562,0.2692307692307692,-1.3121863889661687,0.7706094914159101
2025-19,2025,19,United States Grand Prix,Lando Norris,norris,McLaren,2,0.0,3.6968099504315663,3.977518923934966,-1.4331845140073298,1.6611675,1.617000463449534,4.488016781466311,-0.4774310241424211,1.7073294,2.105988459782236,0.15120967741935482,-1.8890878131886173,0.1846153846153846,-1.6894806201076369,-0.036240078329051406
2025-19,2025,19,United States Grand Prix,Esteban Ocon,ocon,Haas F1 Team,17,0.0,-2.2980879104339,-1.3967099145182318,-5.595329725442435,-4.360507,-4.365013636726706,-0.8607477408475697,-6.003295625142574,-4.071662,-4.027773863391304,0.0030241935483870967,-5.801110818616763,0.007692307692307692,-4.867534450455582,-4.616274043591144
2025-19,2025,19,United States Grand Prix,Oscar Piastri,piastri,McLaren,6,0.0,1.510269424306525,2.9364955560178587,-2.707570435327364,0.871185,0.4229884136787955,4.471224283560713,-0.499171342990014,1.8793663,2.1551598836766463,0.05040322580645161,-2.987700101856727,0.061538461538461535,-2.7880929087757464,-1.1825522475484755
2025-19,2025,19,United States Grand Prix,George Russell,russell,Mercedes,4,0.0,2.47549925066826,2.819688517814264,-1.7435851321759177,0.57686687,0.6355611571044772,3.2754082780314526,-1.9622499520240344,0.9825605,0.8455454934692375,0.10080645161290322,-2.2945529212967815,0.11538461538461538,-2.1594842493533726,-0.7619615461244477
2025-19,2025,19,United States Grand Prix,Carlos Sainz,sainz,Williams,9,0.0,0.2948840369673291,0.9810080725908076,-4.467407975745066,-0.28378898,-1.4496241582834757,0.9814959109193528,-4.762917887545525,-0.5584836,-1.5984481795966956,0.0030241935483870967,-5.801110818616763,0.023076923076923075,-3.7689221617874726,-2.609273160035474
2025-19,2025,19,United States Grand Prix,Lance Stroll,stroll,Aston Martin,19,0.0,-2.861814478160287,-1.5142414129709234,-5.329404977472598,-3.9134936,-4.136081915153843,-0.6430675361188994,-5.708867119233251,-2.9732108,-3.434582050427565,0.0030241935483870967,-5.801110818616763,0.007692307692307692,-4.867534450455582,-4.501808182804712
2025-19,2025,19,United States Grand Prix,Yuki Tsunoda,tsunoda,Red Bull,13,0.0,-1.0842683928639936,-0.0411412790383419,-4.665358106135285,-1.2170584,-2.277586817507869,0.5097812492468192,-3.8045832092857386,-0.4294346,-1.3716886323493167,0.0030241935483870967,-5.801110818616763,0.007692307692307692,-4.867534450455582,-3.5725606339817255
2025-20,2025,20,Mexico City Grand Prix,Alexander Albon,albon,Williams,17,0.0,-2.2980879104339,-0.885052540293822,-5.357603817419951,-3.7077694,-3.825903159082304,0.2197910499171062,-5.901932406967378,-2.5274596,-3.023711347103468,0.008130081300813009,-4.812184355372417,0.007246376811594204,-4.927253685157204,-4.376578422119755
2025-20,2025,20,Mexico City Grand Prix,Fernando Alonso,alonso,Aston Martin,14,0.0,-1.4003444833319307,-0.19310589708728,-5.037970063936669,-2.25674,-2.8790385267580825,0.8309488338319436,-4.728378748749119,-1.5680445,-2.013011007457501,0.008130081300813009,-4.812184355372417,0.007246376811594204,-4.927253685157204,-3.903146105957643
2025-20,2025,20,Mexico City Grand Prix,Andrea Kimi Antonelli,antonelli,Mercedes,6,0.0,1.510269424306525,1.3838635778202326,-4.527547334690156,-0.69039476,-1.474189494284518,1.7925666828340876,-3.586956166594523,-0.071631536,-0.687281750457081,0.016260162601626018,-4.119037174812472,0.043478260869565216,-3.1354942159291497,-2.304841855106834
2025-20,2025,20,Mexico City Grand Prix,Oliver Bearman,bearman,Haas F1 Team,9,0.0,0.2948840369673291,-0.1686094991070987,-5.547617575036951,-2.2063906,-3.0462182039281114,-0.3348340217629992,-5.999847626954981,-3.3459911,-3.565527754561659,0.008130081300813009,-4.812184355372417,0.028985507246376815,-3.540959324037314,-3.2935887639827124
2025-20,2025,20,Mexico City Grand Prix,Gabriel Bortoleto,bortoleto,Sauber,16,0.0,-2.0064377661310093,-1.5331935398599608,-5.430635667469141,-3.943018,-4.193643776971705,-0.9745101854119956,-5.732718973115193,-3.0665145,-3.5998070621646483,0.008130081300813009,-4.812184355372417,0.007246376811594204,-4.927253685157204,-4.560448731064454
2025-20,2025,20,Mexico City Grand Prix,Franco Colapinto,colapinto,Alpine F1 Team,20,0.0,-3.134922989183408,-2.8657704965445965,-5.672914018742974,-6.970398,-5.963186809938745,-2.336274772149374,-6.421146873605993,-5.4985466,-5.250673335119051,0.008130081300813009,-4.812184355372417,0.007246376811594204,-4.927253685157204,-5.445220247547974
2025-20,2025,20,Mexico City Grand Prix,Pierre Gasly,gasly,Alpine F1 Team,18,0.0,-2.5830295048455456,-2.4349227036701757,-5.639431441443856,-5.6162558,-5.263990606419253,-1.9820624474308,-6.091298286539496,-4.4383817,-4.608250459900937,0.008130081300813009,-4.812184355372417,0.007246376811594204,-4.927253685157204,-5.095622145788228
2025-20,2025,20,Mexico City Grand Prix,Isack Hadjar,hadjar,RB F1 Team,8,0.0,0.6775968121904168,0.4897640173433512,-4.972518785262638,-0.6619458,-1.9781189993869,0.4949392212091554,-5.046336023652403,-1.3868885,-2.187153883676447,0.008130081300813009,-4.812184355372417,0.03623188405797102,-3.317815772723104,-2.647967386055002
2025-20,2025,20,Mexico City Grand Prix,Lewis Hamilton,hamilton,Ferrari,3,0.0,3.0392885480057727,2.0317681953892266,-2.623652206368156,-0.6578609,-0.4805224446827777,2.085279791311956,-2.891190366351693,-0.29543835,-0.4056422776472909,0.1626016260162602,-1.8164520818184264,0.13768115942028986,-1.9828147059907641,-1.2316685753367709
2025-20,2025,20,Mexico City Grand Prix,Nico Hülkenberg,hulkenberg,Sauber,13,0.0,-1.0842683928639936,-1.1307945197685163,-5.45134640241812,-3.231259,-3.773217258476781,-0.9934148535310844,-5.863967092995661,-3.4080646,-3.780908146289947,0.008130081300813009,-4.812184355372417,0.007246376811594204,-4.927253685157204,-4.350235471816992
2025-20,2025,20,Mexico City Grand Prix,Liam Lawson,lawson,RB F1 Team,15,0.0,-1.70743939146875,-0.4011417105984719,-5.321646919231088,-2.7277513,-3.249202400826364,0.5947265063172973,-5.679004619359338,-1.9971054,-2.608172993651083,0.008130081300813009,-4.812184355372417,0.007246376811594204,-4.927253685157204,-4.088228042991784
2025-20,2025,20,Mexico City Grand Prix,Charles Leclerc,leclerc,Ferrari,2,0.0,3.6968099504315663,3.380758342545637,-1.2975981919005626,1.0754821,1.2144866744158611,2.930443864649633,-1.5537339439024829,0.45676643,0.6752950905337368,0.1869918699186992,-1.6766901394432676,0.1449275362318841,-1.9315214116032136,-0.3585173685936762
2025-20,2025,20,Mexico City Grand Prix,Max Verstappen,max_verstappen,Red Bull,5,0.0,1.9716099338407649,3.038589677602724,-2.32299260770179,1.1389225,0.7130561322765705,3.975099895370601,-0.5457499471745048,1.8349531,1.9389167404712908,0.0813008130081301,-2.5095992623783716,0.10869565217391305,-2.2192034840549946,-0.753073675889212
2025-20,2025,20,Mexico City Grand Prix,Lando Norris,norris,McLaren,1,1.0,4.535407874971785,5.54636089944412,0.2223352528870037,2.7575822,3.278323566285565,4.782892869602766,-0.7690450596160675,1.8571504,2.162371114026048,0.2601626016260163,-1.3464484525726907,0.16666666666666669,-1.791759469228055,0.743282048528755
2025-20,2025,20,Mexico City Grand Prix,Esteban Ocon,ocon,Haas F1 Team,11,0.0,-0.4207126409077573,-0.766669028709592,-5.616360213465283,-3.0550702,-3.628915508418586,-0.9124950323341096,-6.1141749727306935,-3.8822505,-4.017908659097071,0.008130081300813009,-4.812184355372417,0.014492753623188408,-4.23410650459726,-3.9315110065079226
2025-20,2025,20,Mexico City Grand Prix,Oscar Piastri,piastri,McLaren,7,0.0,1.081170329291158,3.2688438061404663,-3.117239915709828,0.96880496,0.4307931992094472,4.534454243768998,-1.1294724138119083,1.7782784,1.909067525293788,0.06504065040650407,-2.7327428136925813,0.10144927536231886,-2.288196355541946,-0.9287015781662493
2025-20,2025,20,Mexico City Grand Prix,George Russell,russell,Mercedes,4,0.0,2.47549925066826,2.5119363218989346,-2.8485687956923638,0.34130254,0.0017956252664752,2.9599424549586284,-2.480125388172304,0.76372355,0.4580134759474059,0.12195121951219512,-2.1041341542702074,0.12318840579710147,-2.0940403411009885,-1.0461223579172567
2025-20,2025,20,Mexico City Grand Prix,Carlos Sainz,sainz,Williams,12,0.0,-0.7581525820585773,0.4662317792881839,-5.03489648585105,-1.9160751,-2.493359296470804,0.7401127795399038,-5.324916261117971,-1.0520039,-2.0761153150167044,0.008130081300813009,-4.812184355372417,0.014492753623188408,-4.23410650459726,-3.363732900534032
2025-20,2025,20,Mexico City Grand Prix,Lance Stroll,stroll,Aston Martin,19,0.0,-2.861814478160287,-1.6325623767635944,-5.398914204958287,-4.7550793,-4.531888623774133,-0.5775544706370659,-5.778963922327568,-3.2409286,-3.5348745454027557,0.008130081300813009,-4.812184355372417,0.007246376811594204,-4.927253685157204,-4.729571154465669
2025-20,2025,20,Mexico City Grand Prix,Yuki Tsunoda,tsunoda,Red Bull,10,0.0,-0.070364435102541,0.2030849203107043,-4.424573666724798,-0.86741275,-1.9566644465143517,0.7863283005805428,-3.3745083215202096,-0.3262621,-1.0734299625809662,0.008130081300813009,-4.812184355372417,0.021739130434782608,-3.828641396489095,-2.8926529215017234
2025-21,2025,21,São Paulo Grand Prix,Alexander Albon,albon,Williams,12,0.0,-0.7581525820585773,-0.2172625364190996,-5.328012766935585,-3.191996,-3.359449644558709,0.2828443803551146,-5.878167384648619,-3.5225677,-3.3582472284249443,0.025862068965517238,-3.654977902438255,0.009132420091324202,-4.695924549256556,-4.027687096907632
2025-21,2025,21,São Paulo Grand Prix,Fernando Alonso,alonso,Aston Martin,11,0.0,-0.4207126409077573,0.1056391385821631,-5.016564193690996,-1.2377502,-2.364143662300612,0.253986325310276,-5.359930757099891,-1.6700089,-2.495678781925581,0.017241379310344827,-4.060443010546419,0.009132420091324202,-4.695924549256556,-3.530034105778584
2025-21,2025,21,São Paulo Grand Prix,Andrea Kimi Antonelli,antonelli,Mercedes,2,0.0,3.6968099504315663,2.7087572398040147,-2.635033347447499,0.81234056,0.3406886160210239,1.947352371228542,-3.73149498867037,-0.04037713,-0.6719962485870912,0.1293103448275862,-2.045539990004155,0.0027397260273972603,-5.8998973535824915,-2.779604368780734
2025-21,2025,21,São Paulo Grand Prix,Oliver Bearman,bearman,Haas F1 Team,8,0.0,0.6775968121904168,0.2288136110877746,-5.086480405161256,-1.540312,-2.46000001296877,0.1587373307668296,-5.760648381130046,-2.688228,-3.053374610357023,0.008620689655172414,-4.7535901911063645,0.018264840182648404,-4.00277736869661,-3.23138869083269
2025-21,2025,21,São Paulo Grand Prix,Gabriel Bortoleto,bortoleto,Sauber,18,0.0,-2.5830295048455456,-1.6577315455433517,-5.550944612684947,-4.4472914,-4.481677881690354,-0.9289500434599016,-5.847438256355804,-3.5973613,-3.8207976902253913,0.008620689655172414,-4.7535901911063645,0.0027397260273972603,-5.8998973535824915,-5.190787617636422
2025-21,2025,21,São Paulo Grand Prix,Franco Colapinto,colapinto,Alpine F1 Team,16,0.0,-2.0064377661310093,-2.850896921629768,-5.69409122892186,-5.4178457,-5.368659750997562,-2.8915434829206426,-6.114405775062744,-5.235058,-5.245162930749561,0.008620689655172414,-4.7535901911063645,0.0027397260273972603,-5.8998973535824915,-5.634278552290027
2025-21,2025,21,São Paulo Grand Prix,Pierre Gasly,gasly,Alpine F1 Team,9,0.0,0.2948840369673291,-1.4446089629882282,-5.553061538267562,-2.2032049,-3.5377037152690782,-2.569322726631137,-5.948348810624331,-4.03871,-4.624691722178346,0.008620689655172414,-4.7535901911063645,0.009132420091324202,-4.695924549256556,-4.116814132262817
2025-21,2025,21,São Paulo Grand Prix,Isack Hadjar,hadjar,RB F1 Team,5,0.0,1.9716099338407649,0.414902092207104,-4.7486709225260295,-0.51827073,-1.8655918800747544,-0.1690579534113153,-4.987571005751224,-1.414116,-2.4200976660776803,0.034482758620689655,-3.367295829986474,0.03652968036529681,-3.3096301881366648,-2.5876110341057097
2025-21,2025,21,São Paulo Grand Prix,Lewis Hamilton,hamilton,Ferrari,13,0.0,-1.0842683928639936,0.9972965232860718,-4.302483198863683,-1.3730478,-1.798764456466086,2.3783580412044287,-2.5792843114300865,-0.06965122,-0.0996574913758052,0.051724137931034475,-2.96183072187831,0.04566210045662101,-3.086486636822455,-2.442625546644271
2025-21,2025,21,São Paulo Grand Prix,Nico Hülkenberg,hulkenberg,Sauber,10,0.0,-0.070364435102541,-0.6858836026442303,-5.534096646589945,-2.9761653,-3.535885113452202,-0.8117739660980852,-6.042934680529453,-4.010624,-4.0018545960786245,0.008620689655172414,-4.7535901911063645,0.009132420091324202,-4.695924549256556,-4.115904831354379
2025-21,2025,21,São Paulo Grand Prix,Liam Lawson,lawson,RB F1 Team,7,0.0,1.081170329291158,-0.0318952823385348,-5.183702551925487,-1.3277004,-2.515874789710145,-0.0360294303458192,-5.341138521276018,-1.9362469,-2.6936333990009147,0.025862068965517238,-3.654977902438255,0.0273972602739726,-3.597312260588446,-3.0565935251492955
2025-21,2025,21,São Paulo Grand Prix,Charles Leclerc,leclerc,Ferrari,3,0.0,3.0392885480057727,2.929277214007576,-2.323781547460561,0.39308745,0.3839516401507334,3.4086103653689466,-1.1271751146661917,0.8500069,1.1533541183443383,0.10344827586206895,-2.2686835413183646,0.1095890410958904,-2.211017899468555,-0.9135331296589109
2025-21,2025,21,São Paulo Grand Prix,Max Verstappen,max_verstappen,Red Bull,19,0.0,-2.861814478160287,1.828047061212163,-2.123384595319388,0.39865962,0.0397269716989968,3.799690074908967,-0.7487982455223184,1.6789291,1.74205947679039,0.06896551724137931,-2.6741486494265287,0.1643835616438356,-1.8055527913603908,-0.882912909830697
2025-21,2025,21,São Paulo Grand Prix,Lando Norris,norris,McLaren,1,1.0,4.535407874971785,5.625952194539499,0.2943276900325471,2.881403,3.384215618167738,5.012166709441907,-0.2436835823235546,2.1067548,2.532246686255151,0.27586206896551724,-1.2878542883066382,0.21004566210045664,-1.5604303333274057,0.9118926424201662
2025-21,2025,21,São Paulo Grand Prix,Esteban Ocon,ocon,Haas F1 Team,20,0.0,-3.134922989183408,-1.0887896499151757,-5.43943994599354,-3.6375172,-3.9086933368039967,-0.5140231269820102,-5.93594771125658,-3.1945944,-3.552228832376687,0.008620689655172414,-4.7535901911063645,0.0027397260273972603,-5.8998973535824915,-4.904295345193244
2025-21,2025,21,São Paulo Grand Prix,Oscar Piastri,piastri,McLaren,4,0.0,2.47549925066826,3.135827738697522,-2.6997497396822165,0.9598403,0.5367255989365665,4.547042557497306,-0.7878847756716747,1.8996598,2.084221978099425,0.09482758620689655,-2.3556949183079943,0.18264840182648404,-1.7001922757025645,-0.581733338382999
2025-21,2025,21,São Paulo Grand Prix,George Russell,russell,Mercedes,6,0.0,1.510269424306525,2.347179239924051,-3.1267821320627696,0.1626389,-0.2372204501885623,2.9688848259483858,-2.5519300885746667,0.7685975,0.4366555344948649,0.08620689655172413,-2.451005098112319,0.136986301369863,-1.9878743481543455,-1.1125473991714538
2025-21,2025,21,São Paulo Grand Prix,Carlos Sainz,sainz,Williams,15,0.0,-1.70743939146875,-0.0759379250429801,-4.908978086534956,-2.2015288,-2.7631623556688525,0.888276630232964,-4.578144399319135,-1.4219315,-1.8827474697371336,0.017241379310344827,-4.060443010546419,0.009132420091324202,-4.695924549256556,-3.7295434524627042
2025-21,2025,21,São Paulo Grand Prix,Lance Stroll,stroll,Aston Martin,14,0.0,-1.4003444833319307,-0.9331038018749211,-5.330486554512381,-2.9318438,-3.535611571210418,-1.0915615163830994,-5.990534805856255,-3.859716,-4.030023137251936,0.008620689655172414,-4.7535901911063645,0.009132420091324202,-4.695924549256556,-4.115768060233487
2025-21,2025,21,São Paulo Grand Prix,Yuki Tsunoda,tsunoda,Red Bull,17,0.0,-2.2980879104339,-0.7747409281693425,-4.563667758801221,-1.5846655,-2.661897310197174,0.5408816484658536,-3.586264371333929,-0.48042887,-1.2986059325702894,0.008620689655172414,-4.7535901911063645,0.0027397260273972603,-5.8998973535824915,-4.2808973318898325
2025-22,2025,22,Las Vegas Grand Prix,Alexander Albon,albon,Williams,16,0.0,-2.0064377661310093,-0.886079302161338,-5.357603817419951,-4.716275,-4.214064831282837,0.3774865122796929,-5.754267261917296,-3.0391297,-3.0996980355570614,0.018518518518518517,-3.9889840465642745,0.002384737678855326,-6.038666148592276,-5.126365489937557
2025-22,2025,22,Las Vegas Grand Prix,Fernando Alonso,alonso,Aston Martin,7,0.0,1.081170329291158,0.2127576987477986,-5.006750631850606,-0.8252122,-2.160564294705737,0.0913797904958673,-5.31421206559002,-1.6807925,-2.542701950419625,0.009259259259259259,-4.68213122712422,0.031796502384737683,-3.448398983146449,-2.8044816389260934
2025-22,2025,22,Las Vegas Grand Prix,Andrea Kimi Antonelli,antonelli,Mercedes,17,0.0,-2.2980879104339,0.0681929388504485,-4.42352278654878,-1.8717794,-2.394301278903235,2.5750390878096656,-3.055992107885688,0.34017518,-0.0518504551748637,0.018518518518518517,-3.9889840465642745,0.002384737678855326,-6.038666148592276,-4.216483713747756
2025-22,2025,22,Las Vegas Grand Prix,Oliver Bearman,bearman,Haas F1 Team,14,0.0,-1.4003444833319307,-0.6613957534163639,-5.140684240341504,-3.2233615,-3.470250012910391,0.2211265549081569,-5.19821703890746,-2.086839,-2.601744429833724,0.027777777777777776,-3.58351893845611,0.007949125596184421,-4.83469334426634,-4.152471678588365
2025-22,2025,22,Las Vegas Grand Prix,Gabriel Bortoleto,bortoleto,Sauber,18,0.0,-2.5830295048455456,-1.9186316451817789,-5.413238581595848,-6.802316,-5.434544190190034,-0.7759975364325378,-5.783324147848103,-3.7490735,-3.7967267333912647,0.009259259259259259,-4.68213122712422,0.002384737678855326,-6.038666148592276,-5.736605169391155
2025-22,2025,22,Las Vegas Grand Prix,Franco Colapinto,colapinto,Alpine F1 Team,15,0.0,-1.70743939146875,-2.185828686391393,-5.676069050112512,-6.1339154,-5.381340168005187,-2.169415978079676,-6.103950373931757,-5.3824205,-5.029618112598288,0.009259259259259259,-4.68213122712422,0.002384737678855326,-6.038666148592276,-5.710003158298732
2025-22,2025,22,Las Vegas Grand Prix,Pierre Gasly,gasly,Alpine F1 Team,10,0.0,-0.070364435102541,-1.1312439875720115,-5.5866156767352,-3.823656,-4.053175150749061,-1.573621788150667,-5.932897303708262,-4.259847,-4.333717954836615,0.037037037037037035,-3.295836866004329,0.007949125596184421,-4.83469334426634,-4.4439342475077
2025-22,2025,22,Las Vegas Grand Prix,Isack Hadjar,hadjar,RB F1 Team,8,0.0,0.6775968121904168,0.5197006061661356,-4.937171152669265,-0.530951,-1.9026504179996848,0.4747018078047352,-4.553778262261187,-1.0487055,-1.888634100091928,0.009259259259259259,-4.68213122712422,0.02384737678855326,-3.7360810555982304,-2.8193657367989577
2025-22,2025,22,Las Vegas Grand Prix,Lewis Hamilton,hamilton,Ferrari,19,0.0,-2.861814478160287,-0.8265344554416634,-4.648403172579024,-2.397617,-3.026969173195549,1.826372710889297,-2.7342377128272366,-0.27395993,-0.4352827233143269,0.018518518518518517,-3.9889840465642745,0.002384737678855326,-6.038666148592276,-4.532817660893913
2025-22,2025,22,Las Vegas Grand Prix,Nico Hülkenberg,hulkenberg,Sauber,11,0.0,-0.4207126409077573,-0.8148262734290799,-5.433949316544827,-4.47875,-4.124695359166379,-0.6723075239270176,-5.757563029215207,-3.76853,-3.75621412405048,0.009259259259259259,-4.68213122712422,0.007949125596184421,-4.83469334426634,-4.479694351716359
2025-22,2025,22,Las Vegas Grand Prix,Liam Lawson,lawson,RB F1 Team,6,0.0,1.510269424306525,0.8999073152576549,-5.188841711301037,-0.61064017,-1.8838689189133744,0.6706044055448268,-5.247001479089045,-1.6192534,-2.2819450883840826,0.009259259259259259,-4.68213122712422,0.039745627980922106,-3.2252554318322395,-2.5545621753728067
2025-22,2025,22,Las Vegas Grand Prix,Charles Leclerc,leclerc,Ferrari,9,0.0,0.2948840369673291,1.335901410113025,-4.258474465849293,-0.3288727,-1.2501692831038806,2.688965426982301,-1.5451834289273605,0.48487538,0.599857387768275,0.07407407407407407,-2.6026896854443837,0.015898251192368842,-4.141546163706395,-2.6958577234051377
2025-22,2025,22,Las Vegas Grand Prix,Max Verstappen,max_verstappen,Red Bull,2,1.0,3.6968099504315663,3.799290838951285,-0.6754197422825793,1.8682158,1.919439580028376,3.5302580650176743,-0.909030550835844,1.5977126,1.5538949138060665,0.2037037037037037,-1.5910887737659039,0.25437201907790147,-1.3689574414666135,0.2752410692808812
2025-22,2025,22,Las Vegas Grand Prix,Lando Norris,norris,McLaren,1,0.0,4.535407874971785,5.709958886163878,0.3333730330639106,2.9951015,3.4752453463583226,5.199432760357338,0.2726523072035728,2.3589528,2.884281221824143,0.21296296296296297,-1.54663701119507,0.1828298887122417,-1.6991991283371901,0.8880231090105662
2025-22,2025,22,Las Vegas Grand Prix,Esteban Ocon,ocon,Haas F1 Team,13,0.0,-1.0842683928639936,-0.9605142685300144,-5.402362800499663,-3.6633027,-3.85503029279682,-0.5893392991304914,-5.685975417978097,-2.7937725,-3.3402721854868287,0.027777777777777776,-3.58351893845611,0.007949125596184421,-4.83469334426634,-4.34486181853158
2025-22,2025,22,Las Vegas Grand Prix,Oscar Piastri,piastri,McLaren,5,0.0,1.9716099338407649,3.3747976949296152,-3.183799773105469,1.0683148,0.4842012397736329,4.438209843293593,-1.265886322012164,1.8409497,1.846458923852137,0.1111111111111111,-2.1972245773362196,0.11923688394276631,-2.12664314316413,-0.8212209516952486
2025-22,2025,22,Las Vegas Grand Prix,George Russell,russell,Mercedes,4,0.0,2.47549925066826,2.533590485802351,-2.624088806720996,0.3157631,0.0866134975703211,3.2801521752515934,-1.4696308388584376,0.83849496,0.975669907034418,0.13888888888888887,-1.9740810260220099,0.15898251192368842,-1.838961070712349,-0.876173786571014
2025-22,2025,22,Las Vegas Grand Prix,Carlos Sainz,sainz,Williams,3,0.0,3.0392885480057727,1.395099357867908,-3.384928166808639,-0.031202221,-0.7770792121020631,0.8866928605197283,-4.8455459208301255,-1.3813097,-1.966856966651113,0.009259259259259259,-4.68213122712422,0.11923688394276631,-2.12664314316413,-1.4518611776330965
2025-22,2025,22,Las Vegas Grand Prix,Lance Stroll,stroll,Aston Martin,12,0.0,-0.7581525820585773,-1.2817194000368748,-5.398914204958287,-3.0680432,-3.7483314220266073,-1.3137230011503715,-5.792078528157138,-3.395805,-3.867889140053575,0.027777777777777776,-3.58351893845611,0.007949125596184421,-4.83469334426634,-4.291512383146474
2025-22,2025,22,Las Vegas Grand Prix,Yuki Tsunoda,tsunoda,Red Bull,20,0.0,-3.134922989183408,-1.6196578178339744,-4.985254446856988,-2.6212368,-3.547421360473606,0.1849227507255419,-3.9523592649310655,-0.5980966,-1.6078871647652928,0.018518518518518517,-3.9889840465642745,0.002384737678855326,-6.038666148592276,-4.793043754532941
2025-23,2025,23,Qatar Grand Prix,Alexander Albon,albon,Williams,14,0.0,-1.4003444833319307,-0.2408979283811043,-5.67337731877566,-4.2457604,-3.906497430892135,0.1332730354009114,-6.2243290585275854,-4.3080983,-3.830154602946726,0.008695652173913042,-4.74493212836325,0.009433962264150943,-4.663439094112067,-4.284968262502101
2025-23,2025,23,Qatar Grand Prix,Fernando Alonso,alonso,Aston Martin,8,0.0,0.6775968121904168,0.0497209840955901,-5.307656246154272,-1.1200272,-2.452303778934924,-0.2176784212945308,-5.1611646186587485,-1.8339624,-2.656577564834017,0.017391304347826084,-4.051784947803305,0.028301886792452827,-3.5648268054439574,-3.0085652921894406
2025-23,2025,23,Qatar Grand Prix,Andrea Kimi Antonelli,antonelli,Mercedes,5,0.0,1.9716099338407649,2.142948743610187,-4.596037352142045,-0.12457077,-0.991100824564524,2.308825394479572,-3.990829911216329,0.3627909,-0.4858848992994512,0.043478260869565216,-3.1354942159291497,0.04716981132075472,-3.054001181677967,-2.0225510031212455
2025-23,2025,23,Qatar Grand Prix,Oliver Bearman,bearman,Haas F1 Team,13,0.0,-1.0842683928639936,-0.4150514512800912,-5.728322389536692,-2.42374,-3.294024635937188,-0.1491854868265859,-6.100462240002436,-2.7612185,-3.318828609735539,0.008695652173913042,-4.74493212836325,0.018867924528301886,-3.970291913552122,-3.632158274744655
2025-23,2025,23,Qatar Grand Prix,Gabriel Bortoleto,bortoleto,Sauber,19,0.0,-2.861814478160287,-1.3677133072027494,-5.673867174058392,-4.9447355,-4.608695690672228,-1.5313822852056078,-6.355652546042168,-4.720956,-4.643700051080192,0.008695652173913042,-4.74493212836325,0.009433962264150943,-4.663439094112067,-4.636067392392148
2025-23,2025,23,Qatar Grand Prix,Franco Colapinto,colapinto,Alpine F1 Team,20,0.0,-3.134922989183408,-2.9786697294828746,-5.729672063154949,-6.405965,-5.811396917080095,-2.830983129569307,-6.314899631633234,-5.5247774,-5.403410196518424,0.008695652173913042,-4.74493212836325,0.009433962264150943,-4.663439094112067,-5.237418005596081
2025-23,2025,23,Qatar Grand Prix,Pierre Gasly,gasly,Alpine F1 Team,9,0.0,0.2948840369673291,-1.5725983438297018,-5.698695540512741,-2.8230205,-3.8812278083317606,-2.250564641219491,-6.285819413713213,-3.8763924,-4.5717998970826175,0.008695652173913042,-4.74493212836325,0.018867924528301886,-3.970291913552122,-3.925759860941941
2025-23,2025,23,Qatar Grand Prix,Isack Hadjar,hadjar,RB F1 Team,6,0.0,1.510269424306525,0.8170629413214797,-4.930300921934022,-0.4056216,-1.7374853630804965,0.658644028852799,-4.541669049162323,-0.99470776,-1.7965374936349914,0.026086956521739126,-3.6463198396951406,0.028301886792452827,-3.5648268054439574,-2.651156084262227
2025-23,2025,23,Qatar Grand Prix,Lewis Hamilton,hamilton,Ferrari,17,0.0,-2.2980879104339,-0.2877890401534898,-5.05626603466439,-1.6522102,-2.6900390215455787,1.3447508419510183,-4.629965514501506,-0.47973037,-1.386682138285252,0.008695652173913042,-4.74493212836325,0.009433962264150943,-4.663439094112067,-3.676739057828823
2025-23,2025,23,Qatar Grand Prix,Nico Hülkenberg,hulkenberg,Sauber,11,0.0,-0.4207126409077573,-0.9455893158360196,-5.715361163868192,-3.3870761,-3.863430344018196,-1.35570320859216,-6.16678109257903,-4.3066483,-4.3568356645366135,0.008695652173913042,-4.74493212836325,0.018867924528301886,-3.970291913552122,-3.916861128785159
2025-23,2025,23,Qatar Grand Prix,Liam Lawson,lawson,RB F1 Team,12,0.0,-0.7581525820585773,0.019411309012099,-5.067622594347334,-1.7618122,-2.618429708926284,0.7304742061740518,-4.923778485114544,-1.5530636,-2.116468011008072,0.008695652173913042,-4.74493212836325,0.018867924528301886,-3.970291913552122,-3.294360811239203
2025-23,2025,23,Qatar Grand Prix,Charles Leclerc,leclerc,Ferrari,10,0.0,-0.070364435102541,1.30050284934929,-4.338395676757162,-0.5362163,-1.3742322001044125,2.417579638197994,-2.3475757457534607,0.5672596,0.2347130984292832,0.008695652173913042,-4.74493212836325,0.028301886792452827,-3.5648268054439574,-2.469529502774185
2025-23,2025,23,Qatar Grand Prix,Max Verstappen,max_verstappen,Red Bull,3,1.0,3.0392885480057727,3.0426634267175365,-1.089861966962644,1.2159884,1.218388381394007,3.1718289156851047,-1.2954834946707587,1.6308305,1.291742160933085,0.17391304347826086,-1.749199854809259,0.23584905660377356,-1.4445632692438666,-0.11308744392492975
2025-23,2025,23,Qatar Grand Prix,Lando Norris,norris,McLaren,2,0.0,3.6968099504315663,4.130257932220755,-1.526326930510578,1.919524,1.739252273067082,3.996736639815329,-1.4563252602638577,1.784659,1.5929841782538994,0.208695652173913,-1.5668782980153046,0.16981132075471697,-1.7730673362159024,-0.016907531574410162
2025-23,2025,23,Qatar Grand Prix,Esteban Ocon,ocon,Haas F1 Team,16,0.0,-2.0064377661310093,-1.253716075659313,-5.728322389536692,-3.8838506,-4.177895523350447,-0.829925107753848,-6.316823123812241,-3.4799294,-3.9139546445006497,0.008695652173913042,-4.74493212836325,0.009433962264150943,-4.663439094112067,-4.420667308731257
2025-23,2025,23,Qatar Grand Prix,Oscar Piastri,piastri,McLaren,1,0.0,4.535407874971785,4.29499737288995,-0.809896062374504,2.3075407,2.2272501447667388,3.23046033766658,-3.175007864408552,1.2309943,0.4738164313042795,0.27826086956521734,-1.2791962255635236,0.14150943396226415,-1.955388893009857,0.13593062587844085
2025-23,2025,23,Qatar Grand Prix,George Russell,russell,Mercedes,4,0.0,2.47549925066826,3.066583949722101,-1.8250980466905355,0.6328252,0.7206659225514913,3.285995013664251,-1.9774398739534067,1.0382023,0.8643437208356891,0.13043478260869562,-2.03688192726104,0.14150943396226415,-1.955388893009857,-0.6173614852291829
2025-23,2025,23,Qatar Grand Prix,Carlos Sainz,sainz,Williams,7,0.0,1.081170329291158,1.1401869682208532,-5.30934876222675,-0.5210359,-1.8033642639060063,1.0246480755008325,-5.29459891739652,-1.6267611,-2.171841821795104,0.017391304347826084,-4.051784947803305,0.03773584905660377,-3.2771447329921766,-2.5402544984490913
2025-23,2025,23,Qatar Grand Prix,Lance Stroll,stroll,Aston Martin,18,0.0,-2.5830295048455456,-2.0792500967441523,-5.689257724629239,-4.7975683,-4.831611391437138,-1.4767299976904216,-6.215613310527607,-3.8381531,-4.246843785805221,0.008695652173913042,-4.74493212836325,0.009433962264150943,-4.663439094112067,-4.747525242774603
2025-23,2025,23,Qatar Grand Prix,Yuki Tsunoda,tsunoda,Red Bull,15,0.0,-1.70743939146875,-0.7441394115747196,-5.050117628267016,-1.273643,-2.717582325600425,-0.5282141348550923,-4.657072810567735,-0.7884647,-2.2002166436636985,0.008695652173913042,-4.74493212836325,0.009433962264150943,-4.663439094112067,-3.690510709856246
2025-24,2025,24,Abu Dhabi Grand Prix,Alexander Albon,albon,Williams,17,0.0,-2.2980879104339,-0.7383662961780028,-5.715361163868192,-3.9981904,-4.018725084609476,0.1623238357078205,-6.337789984574913,-3.0229921,-3.387921381192226,0.009009009009009009,-4.709530201312334,0.007299270072992701,-4.919980925828125,-4.4693530052188
2025-24,2025,24,Abu Dhabi Grand Prix,Fernando Alonso,alonso,Aston Martin,6,0.0,1.510269424306525,0.5879090761527903,-5.172150540702902,-0.6869716,-2.0267625966659266,0.0777855937684657,-5.562385907841908,-1.7557545,-2.666724360604317,0.018018018018018018,-4.0163830207523885,0.05839416058394161,-2.840539384148289,-2.4336509904071075
2025-24,2025,24,Abu Dhabi Grand Prix,Andrea Kimi Antonelli,antonelli,Mercedes,14,0.0,-1.4003444833319307,0.5473796012759571,-4.751618978534889,-1.4237709,-2.163949850381905,1.9011688082227605,-3.563154689817324,-0.11297067,-0.6537414287789002,0.009009009009009009,-4.709530201312334,0.007299270072992701,-4.919980925828125,-3.541965388105015
2025-24,2025,24,Abu Dhabi Grand Prix,Oliver Bearman,bearman,Haas F1 Team,11,0.0,-0.4207126409077573,-0.265627614515692,-5.699764597375062,-2.3562415,-3.199638424158704,-0.2484652115851251,-6.129189911309814,-3.2532501,-3.54719767116775,0.009009009009009009,-4.709530201312334,0.014598540145985403,-4.22683374526818,-3.713236084713442
2025-24,2025,24,Abu Dhabi Grand Prix,Gabriel Bortoleto,bortoleto,Sauber,7,0.0,1.081170329291158,-0.1247443597414581,-5.61478812970883,-3.2051334,-3.4391920992494365,-1.1637506176347243,-6.413403829692082,-5.4972734,-4.815495427723797,0.009009009009009009,-4.709530201312334,0.03649635036496351,-3.3105430133940246,-3.3748675563217305
2025-24,2025,24,Abu Dhabi Grand Prix,Franco Colapinto,colapinto,Alpine F1 Team,20,0.0,-3.134922989183408,-2.857856018641148,-5.729672063154949,-6.685759,-5.872524353503053,-2.619068298642544,-6.335510796951329,-5.871702,-5.460727639364679,0.009009009009009009,-4.709530201312334,0.007299270072992701,-4.919980925828125,-5.3962526396655885
2025-24,2025,24,Abu Dhabi Grand Prix,Pierre Gasly,gasly,Alpine F1 Team,19,0.0,-2.861814478160287,-2.406776950098756,-5.6967592400058615,-5.1630034,-5.100937102157933,-1.989268984165056,-6.031629259657638,-4.0871,-4.459545824966251,0.009009009009009009,-4.709530201312334,0.007299270072992701,-4.919980925828125,-5.010459013993029
2025-24,2025,24,Abu Dhabi Grand Prix,Isack Hadjar,hadjar,RB F1 Team,9,0.0,0.2948840369673291,0.5674003004170662,-4.951019981203025,-0.85986984,-2.016102990399964,0.7902664186719865,-4.581834911433623,-1.2457333,-1.8553089866228327,0.009009009009009009,-4.709530201312334,0.021897810218978103,-3.821368637160015,-2.9187358137799895
2025-24,2025,24,Abu Dhabi Grand Prix,Lewis Hamilton,hamilton,Ferrari,16,0.0,-2.0064377661310093,-0.5310532043910171,-5.073675721933851,-1.9392703,-2.900640739567278,0.7483414026055778,-4.099197865142858,-0.8492776,-1.546968373316942,0.009009009009009009,-4.709530201312334,0.007299270072992701,-4.919980925828125,-3.910310832697702
2025-24,2025,24,Abu Dhabi Grand Prix,Nico Hülkenberg,hulkenberg,Sauber,18,0.0,-2.5830295048455456,-1.5125460620844622,-5.694330675845343,-5.3321295,-4.821203101499111,-0.9380938650884396,-6.352163501485141,-4.7040906,-4.417686819168088,0.009009009009009009,-4.709530201312334,0.007299270072992701,-4.919980925828125,-4.870592013663618
2025-24,2025,24,Abu Dhabi Grand Prix,Liam Lawson,lawson,RB F1 Team,13,0.0,-1.0842683928639936,-0.0421671135479166,-5.067622594347334,-2.002215,-2.7345403713189333,0.6821476544256329,-5.258773372864454,-1.8178562,-2.355177500575995,0.009009009009009009,-4.709530201312334,0.007299270072992701,-4.919980925828125,-3.827260648573529
2025-24,2025,24,Abu Dhabi Grand Prix,Charles Leclerc,leclerc,Ferrari,5,0.0,1.9716099338407649,1.846944308297695,-4.256386004041545,-0.15513057,-0.9860688737966566,1.9741488661347169,-2.6138022588093794,0.21883836,-0.1549920855978006,0.04504504504504504,-3.100092288878234,0.08759124087591241,-2.4350742760401247,-1.7105715749183907
2025-24,2025,24,Abu Dhabi Grand Prix,Max Verstappen,max_verstappen,Red Bull,1,1.0,4.535407874971785,4.548996663188671,0.4384156540557476,2.654393,2.938246832066487,3.2965283632844598,-1.1676129460366989,1.7016363,1.4108460042075197,0.4954954954954955,-0.7021970160798633,0.25547445255474455,-1.3646328643387111,0.786806983863888
2025-24,2025,24,Abu Dhabi Grand Prix,Lando Norris,norris,McLaren,2,0.0,3.6968099504315663,4.3914976708290165,-1.3127446722899168,1.8928051,1.9115463305352212,4.321050445990033,-1.3750651032853145,1.7104782,1.7150409195115035,0.13513513513513511,-2.0014800002101243,0.16788321167883213,-1.7844867098989752,0.06352981031812299
2025-24,2025,24,Abu Dhabi Grand Prix,Esteban Ocon,ocon,Haas F1 Team,8,0.0,0.6775968121904168,-0.298928484595859,-5.666898424955347,-2.1780639,-3.131296914967081,-1.1206525889416423,-6.409257920430855,-4.008348,-4.249702663523119,0.009009009009009009,-4.709530201312334,0.029197080291970805,-3.5336865647082343,-3.332491739837658
2025-24,2025,24,Abu Dhabi Grand Prix,Oscar Piastri,piastri,McLaren,3,0.0,3.0392885480057727,3.338088228930056,-2.5137206785955284,0.9967216,0.7002022832031581,3.818552201990336,-2.7843781203545874,1.4422314,0.9120949270229608,0.09009009009009009,-2.4069451083182885,0.13138686131386862,-2.02960916793196,-0.6647034423644009
2025-24,2025,24,Abu Dhabi Grand Prix,George Russell,russell,Mercedes,4,0.0,2.47549925066826,2.5797036462004583,-2.8106626276207782,0.1411365,-0.0345364243185697,2.78097336841814,-2.782757385310671,0.5731698,0.2104494193468667,0.09009009009009009,-2.4069451083182885,0.10948905109489052,-2.211930724725915,-1.1232335745222424
2025-24,2025,24,Abu Dhabi Grand Prix,Carlos Sainz,sainz,Williams,12,0.0,-0.7581525820585773,0.6295740042692363,-5.377818713220447,-1.0255659,-2.220009541021344,1.2721849426503304,-5.659316399526327,-0.67715377,-1.8652473773072076,0.009009009009009009,-4.709530201312334,0.014598540145985403,-4.22683374526818,-3.2234216431447615
2025-24,2025,24,Abu Dhabi Grand Prix,Lance Stroll,stroll,Aston Martin,15,0.0,-1.70743939146875,-1.3146514940688585,-5.600073877353712,-3.8601584,-4.142904339474822,-1.17727780091267,-6.283519362572656,-4.0620775,-4.244036589588975,0.009009009009009009,-4.709530201312334,0.007299270072992701,-4.919980925828125,-4.531442632651474
2025-24,2025,24,Abu Dhabi Grand Prix,Yuki Tsunoda,tsunoda,Red Bull,10,0.0,-0.070364435102541,-0.4843690023573389,-5.04642443999095,-1.2549267,-2.609085149375193,-0.5596081134151389,-4.910424822954196,-0.82593554,-2.31889361988708,0.009009009009009009,-4.709530201312334,0.014598540145985403,-4.22683374526818,-3.417959447321686
