race_key,season,round,race_name,driver,driver_id,constructor,grid,won,s_grid_logit,s_logit_pre,s_logit_post,s_gbm_pre,s_gbm_post,s_ens_pre,s_ens_post,s_ens_pre_cal,s_ens_post_cal,p_mkt,overround,s_mkt,s_blend
2025-02,2025,2,Chinese Grand Prix,Alexander Albon,albon,Williams,10,0.0,-0.0553457300962787,0.0567434840362503,0.2670471676095468,-5.847002075810302,-5.512629463429411,-2.895129295887026,-2.622791147909932,-2.7843231001435904,-2.4374437499566723,0.0014570179698882952,1.0295,-6.214608098422191,-4.418699623166062
2025-02,2025,2,Chinese Grand Prix,Fernando Alonso,alonso,Aston Martin,13,0.0,-1.1100611509119296,0.18321188269439,-0.2335758840616816,-5.5911141400728654,-5.855988362666106,-2.703951128689237,-3.044782123363894,-2.600461955175685,-2.829613468265368,0.00048567265662943174,1.0295,-6.214608098422191,-4.629695110893042
2025-02,2025,2,Chinese Grand Prix,Andrea Kimi Antonelli,antonelli,Mercedes,8,0.0,0.7214189490226794,0.659982614921772,1.1593185587526746,-4.092400080347549,-4.841333182420061,-1.7162087327128883,-1.8410073118336927,-1.6505237351399862,-1.710907011955367,0.005342399222923748,1.0295,-5.232080434229419,-3.536543873031556
2025-02,2025,2,Chinese Grand Prix,Oliver Bearman,bearman,Haas F1 Team,17,0.0,-2.3752372672429565,-2.1399381435435827,-2.5879586640472487,-6.476095630587134,-6.305031027111119,-4.308016887065358,-4.446494845579184,-4.143134799369881,-4.1322699595079335,0.00048567265662943174,1.0295,-6.214608098422191,-5.330551472000687
2025-02,2025,2,Chinese Grand Prix,Gabriel Bortoleto,bortoleto,Sauber,19,0.0,-2.963685368895656,0.5788992956778217,-0.4370559105453954,-5.929911927772202,-5.865225148262091,-2.67550631604719,-3.151140529403744,-2.573105819810323,-2.9284557387464822,0.00048567265662943174,1.0295,-6.214608098422191,-4.682874313912968
2025-02,2025,2,Chinese Grand Prix,Jack Doohan,doohan,Alpine F1 Team,18,0.0,-2.6726078315716864,-0.3216512870077881,-1.4644219218969596,-5.8561387453064215,-5.78639983109144,-3.088895016157105,-3.6254108764942,-2.970672763949761,-3.369210350194146,0.0014570179698882952,1.0295,-6.214608098422191,-4.920009487458196
2025-02,2025,2,Chinese Grand Prix,Pierre Gasly,gasly,Alpine F1 Team,16,0.0,-2.071009518597719,-0.2740324624801001,-1.0070316865719382,-6.29969756716977,-6.162349667801231,-3.286865014824935,-3.5846906771865847,-3.1610657944818747,-3.331367765824273,0.0014570179698882952,1.0295,-6.214608098422191,-4.899649387804388
2025-02,2025,2,Chinese Grand Prix,Isack Hadjar,hadjar,RB F1 Team,7,0.0,1.140049841274523,1.4103344083727665,1.6241308155520555,-4.6402715254114,-4.514326137896224,-1.6149685585193168,-1.4450976611720845,-1.5531583580322406,-1.342975503447086,0.003885381253035454,1.0295,-5.550534165347954,-3.4978159132600193
2025-02,2025,2,Chinese Grand Prix,Lewis Hamilton,hamilton,Ferrari,5,0.0,2.062449623755723,1.9192769574476127,2.57888914668678,-3.7007037801281606,-2.9196470046517518,-0.8907134113402739,-0.1703789289824857,-0.8566228563006468,-0.1583385912765528,0.0626517727051967,1.0295,-2.770163302666117,-1.4702711158243014
2025-02,2025,2,Chinese Grand Prix,Nico Hülkenberg,hulkenberg,Sauber,12,0.0,-0.7706041155161271,-0.7632332281523712,-1.145806241105753,-6.336032248262036,-6.18649292014798,-3.549632738207204,-3.6661495806268665,-3.413776525993861,-3.407070131690142,0.0014570179698882952,1.0295,-6.214608098422191,-4.940378839524529
2025-02,2025,2,Chinese Grand Prix,Liam Lawson,lawson,Red Bull,20,0.0,-3.248960676403887,-0.2261827699147717,-1.6792007781392675,-5.0621876972390485,-5.53999305007918,-2.64418523357691,-3.609596914109224,-2.5429834989981246,-3.3545139288614654,0.00048567265662943174,1.0295,-6.214608098422191,-4.9121025062657075
2025-02,2025,2,Chinese Grand Prix,Charles Leclerc,leclerc,Ferrari,6,0.0,1.584771855360971,3.2381694233768474,3.125334218578321,-2.607185677059021,-3.130239475900104,0.3154918731589131,-0.0024526286608916,0.30341695329182,-0.0022793063051241,0.020398251578436135,1.0295,-3.892306088744421,-1.9473793587026564
2025-02,2025,2,Chinese Grand Prix,Max Verstappen,max_verstappen,Red Bull,4,0.0,2.583618909510768,3.4752606982089715,3.704969493370093,-1.3413870418068814,-1.2884896887344417,1.0669368282010452,1.2082399023178254,1.0261016188031509,1.1228560080735706,0.0825643516270034,1.0295,-2.4941772699775275,-0.6429686838298511
2025-02,2025,2,Chinese Grand Prix,Lando Norris,norris,McLaren,3,0.0,3.1660153179035238,4.068615283722072,3.624682637452567,-1.5951348624070307,-2.381308959609428,1.2367402106575205,0.6216868389215695,1.1894060629009493,0.5777534750211598,0.26711996114618747,1.0295,-1.3200574288012727,-0.3491852949398516
2025-02,2025,2,Chinese Grand Prix,Esteban Ocon,ocon,Haas F1 Team,11,0.0,-0.419572052690933,-1.2894177668415188,-1.2941833651602273,-6.436494490826477,-6.261635216880328,-3.8629561288339977,-3.777909291020277,-3.7151079917687615,-3.5109320071629435,0.00048567265662943174,1.0295,-6.214608098422191,-4.996258694721234
2025-02,2025,2,Chinese Grand Prix,Oscar Piastri,piastri,McLaren,1,1.0,4.707514244120891,3.11920142348224,4.502408188771017,-2.818607342082593,-0.941195735169722,0.1502970406998232,1.7806062268006473,0.1445446747052878,1.6547743506408283,0.4613890237979601,1.0295,-0.7735137224332032,0.5035462521837221
2025-02,2025,2,Chinese Grand Prix,George Russell,russell,Mercedes,2,0.0,3.844220557024888,2.980048502469004,4.062853956264575,-2.3991431594815493,-1.7834778057145098,0.2904526714937274,1.1396880752750325,0.2793360848813575,1.059148601364226,0.0825643516270034,1.0295,-2.4941772699775275,-0.6772445973512475
2025-02,2025,2,Chinese Grand Prix,Carlos Sainz,sainz,Williams,15,0.0,-1.7592707324270518,1.9485786532142004,0.6809480745378662,-4.83929359411948,-4.991708509294673,-1.4453574704526395,-2.155380217378404,-1.390038848580471,-2.003063813836562,0.00048567265662943174,1.0295,-6.214608098422191,-4.184994157900298
2025-02,2025,2,Chinese Grand Prix,Lance Stroll,stroll,Aston Martin,14,0.0,-1.439256026234936,-0.335492774950586,-0.5741491602391727,-5.848862604486801,-5.91667622883967,-3.092177689718693,-3.245412694539421,-2.9738297987118165,-3.0160658787639028,0.0014570179698882952,1.0295,-6.214608098422191,-4.7300103964808065
2025-02,2025,2,Chinese Grand Prix,Yuki Tsunoda,tsunoda,RB F1 Team,9,0.0,0.324110988604564,0.1316329748277156,0.4440737696650386,-5.434448298271578,-5.210466855286078,-2.6514076617219318,-2.3831965428105195,-2.549929500875097,-2.214780815781269,0.003885381253035454,1.0295,-5.550534165347954,-3.9668653540792365
2025-03,2025,3,Japanese Grand Prix,Alexander Albon,albon,Williams,9,0.0,0.3228152252008482,0.6078880845015893,0.9533030434477676,-5.178355455290915,-5.075647843446548,-2.2852336853946627,-2.06117239999939,-2.195266242520682,-1.922424930708632,0.002911208151382824,1.0305,-5.839187111662404,-3.950179755830897
2025-03,2025,3,Japanese Grand Prix,Fernando Alonso,alonso,Aston Martin,12,0.0,-0.7728799059200054,0.3142176331936121,-0.3442834982121203,-5.763403725518617,-6.129799596424707,-2.7245930461625023,-3.2370415473184138,-2.617328449634757,-3.0191406465108908,0.001940805434255216,1.0305,-6.214608098422191,-4.725824822870303
2025-03,2025,3,Japanese Grand Prix,Andrea Kimi Antonelli,antonelli,Mercedes,6,0.0,1.585356321946338,0.8817250599759039,1.4861044516009292,-2.86834775567795,-4.260812897723059,-0.993311347851023,-1.387354223061065,-0.9542056395311188,-1.2939647096658602,0.005337214944201843,1.0305,-5.233051308092088,-3.3102027655765767
2025-03,2025,3,Japanese Grand Prix,Oliver Bearman,bearman,Haas F1 Team,10,0.0,-0.0570471074247167,-1.5734248179538035,-0.953997767075107,-6.343723868241169,-6.161682851426575,-3.9585743430974873,-3.5578403092508406,-3.802729094818853,-3.318344894384355,0.000485201358563804,1.0305,-6.214608098422191,-4.886224203836516
2025-03,2025,3,Japanese Grand Prix,Gabriel Bortoleto,bortoleto,Sauber,17,0.0,-2.3779535916912757,-0.7069330772196029,-1.273791311272897,-5.9495190465085726,-6.249739301179677,-3.3282260618640875,-3.761765306226287,-3.19719701656068,-3.508542714896796,0.000485201358563804,1.0305,-6.214608098422191,-4.988186702324239
2025-03,2025,3,Japanese Grand Prix,Jack Doohan,doohan,Alpine F1 Team,19,0.0,-2.966288200957655,-1.284498630647361,-2.4940038650176426,-5.545266023854127,-5.959716573450978,-3.4148823272507443,-4.22686021923431,-3.2804417084808355,-3.942329842995664,0.000485201358563804,1.0305,-6.214608098422191,-5.22073415882825
2025-03,2025,3,Japanese Grand Prix,Pierre Gasly,gasly,Alpine F1 Team,11,0.0,-0.4215964238887241,-0.6434293449234801,-0.7877071995796376,-6.146613688450255,-6.331098483703312,-3.395021516686868,-3.5594028416414747,-3.2613627988451905,-3.3198022451730598,0.00242600679281902,1.0305,-6.021508668456359,-4.790455755048916
2025-03,2025,3,Japanese Grand Prix,Isack Hadjar,hadjar,RB F1 Team,7,0.0,1.1398746504630974,0.7317568868094914,1.1481409865840462,-3.723970087116978,-4.459180636611294,-1.4961066001537433,-1.655519825013624,-1.437206328403429,-1.5440787897652442,0.000970402717127608,1.0305,-6.214608098422191,-3.9350639617179075
2025-03,2025,3,Japanese Grand Prix,Lewis Hamilton,hamilton,Ferrari,8,0.0,0.7206256368530246,1.5125890654819112,1.2568347085368756,-3.8662404772923207,-4.968664255291031,-1.1768257059052047,-1.8559147733770776,-1.130495214566253,-1.730984186287188,0.014070839398350316,1.0305,-4.263650750903985,-3.0597827621405314
2025-03,2025,3,Japanese Grand Prix,Nico Hülkenberg,hulkenberg,Sauber,16,0.0,-2.073728322359864,-0.8019971035829779,-1.5395259071710614,-6.411817605944693,-6.465477169925203,-3.6069073547638353,-4.002501538548132,-3.464906896138785,-3.73307382871363,0.000485201358563804,1.0305,-6.214608098422191,-5.108554818485162
2025-03,2025,3,Japanese Grand Prix,Liam Lawson,lawson,RB F1 Team,13,0.0,-1.1125255696791323,-0.5900330824758112,-1.0238173797726138,-5.751634506220605,-5.952880518758538,-3.170833794348208,-3.488348949265576,-3.0460011305908283,-3.253531333468945,0.000485201358563804,1.0305,-6.214608098422191,-4.851478523843884
2025-03,2025,3,Japanese Grand Prix,Charles Leclerc,leclerc,Ferrari,4,0.0,2.58631616751375,2.6634643373497147,2.8621125886671845,-2.08663392905804,-2.778577073468023,0.2884152041458376,0.0417677575995807,0.2770605761404759,0.0389561681057114,0.0242600679281902,1.0305,-3.7189235754623127,-1.838577908931366
2025-03,2025,3,Japanese Grand Prix,Max Verstappen,max_verstappen,Red Bull,1,1.0,4.716774504578842,3.4373480291950997,5.258720882523665,-1.698011438328045,0.1941476386305976,0.8696682954335272,2.7264342605771312,0.8354302946597834,2.542904802370332,0.27656477438136823,1.0305,-1.2853102200618634,0.7205620202576339
2025-03,2025,3,Japanese Grand Prix,Lando Norris,norris,McLaren,2,0.0,3.850450541872384,4.159071710874588,4.5928018832112185,-1.8648557915282704,-1.3944294983971843,1.1471079596731584,1.599186192407017,1.1019474272988248,1.4915372460494667,0.4366812227074236,1.0305,-0.8285518175661483,0.38531718742043436
2025-03,2025,3,Japanese Grand Prix,Esteban Ocon,ocon,Haas F1 Team,18,0.0,-2.6752844786619545,-0.5880489305717244,-1.71925236081762,-6.421297463329993,-6.251290285768933,-3.5046731969508587,-3.9852713232932766,-3.36669759837036,-3.7170034624660415,0.000485201358563804,1.0305,-6.214608098422191,-5.0999397108577345
2025-03,2025,3,Japanese Grand Prix,Oscar Piastri,piastri,McLaren,3,0.0,3.1702190731097737,3.423992696078397,3.397508747697552,-2.195346787790468,-2.203718753485387,0.6143229541439643,0.5968949971060824,0.5901376528172962,0.5567151119684743,0.22804463852498785,1.0305,-1.4782138861863547,-0.44065944454013617
2025-03,2025,3,Japanese Grand Prix,George Russell,russell,Mercedes,5,0.0,2.063972522224553,3.0947233417595217,3.128027227297613,-2.2587159410523188,-3.241975511969985,0.4180037003536014,-0.056974142336186,0.4015472984227939,-0.0531389376419258,0.0,1.0305,-6.214608098422191,-3.1357911203791886
2025-03,2025,3,Japanese Grand Prix,Carlos Sainz,sainz,Williams,15,0.0,-1.7619512705130769,2.171819180955397,1.2929601873741985,-4.688456241006349,-4.978543835485026,-1.2583185300254756,-1.842791824055414,-1.2087797449152835,-1.718744606065563,0.000970402717127608,1.0305,-6.214608098422191,-4.028699961238803
2025-03,2025,3,Japanese Grand Prix,Lance Stroll,stroll,Aston Martin,20,0.0,-3.2514582181860674,-0.2444242148635533,-2.0060823460554142,-5.788919141324411,-6.2125115767747525,-3.016671678093982,-4.109296961415083,-2.89790822794748,-3.8326803358670634,0.000485201358563804,1.0305,-6.214608098422191,-5.161952529918637
2025-03,2025,3,Japanese Grand Prix,Yuki Tsunoda,tsunoda,Red Bull,14,0.0,-1.441853404410598,0.3414771700844864,-0.7887322924858884,-4.4340555752419535,-5.229307882297231,-2.0462892025787336,-3.00902008739156,-1.9657287731954027,-2.806468412349356,0.00242600679281902,1.0305,-6.021508668456359,-4.515264377923959
2025-04,2025,4,Bahrain Grand Prix,Alexander Albon,albon,Williams,15,0.0,-1.7646186274569773,0.5594076509110693,-0.3437769012904089,-4.88271047533539,-5.346215188356222,-2.1616514122121604,-2.844996044823316,-2.0809423145129053,-2.6637817100381507,0.0004805382027871216,1.0405,-6.214608098422191,-4.529802071622754
2025-04,2025,4,Bahrain Grand Prix,Fernando Alonso,alonso,Aston Martin,13,0.0,-1.1149775788921985,-0.0723484556854105,-0.7222091852525344,-5.658518298896178,-6.14234340276713,-2.865433377290794,-3.4322762940098324,-2.758447328989048,-3.213654666556389,0.0004805382027871216,1.0405,-6.214608098422191,-4.823442196216012
2025-04,2025,4,Bahrain Grand Prix,Andrea Kimi Antonelli,antonelli,Mercedes,5,0.0,2.0654895029735147,1.0180852949761146,1.7797908677641083,-2.519323857743384,-3.321190353605469,-0.7506192813836347,-0.7706997429206803,-0.7225935763259728,-0.7216093965609397,0.007208073041806823,1.0405,-4.932553625291424,-2.8516266841060522
2025-04,2025,4,Bahrain Grand Prix,Oliver Bearman,bearman,Haas F1 Team,20,0.0,-3.253944179872672,-1.59172260345133,-2.880808129956012,-6.383155093726431,-6.535605157777835,-3.98743884858888,-4.708206643866923,-3.838560731709146,-4.408313596018266,0.0014416146083613649,1.0405,-6.214608098422191,-5.461407371144557
2025-04,2025,4,Bahrain Grand Prix,Gabriel Bortoleto,bortoleto,Sauber,18,0.0,-2.677948388363291,-2.091540698993699,-2.7725461391763075,-5.950871028221135,-6.299423983231544,-4.021205863607417,-4.535985061203926,-3.871066995202832,-4.247061807002156,0.0004805382027871216,1.0405,-6.214608098422191,-5.3752965798130585
2025-04,2025,4,Bahrain Grand Prix,Jack Doohan,doohan,Alpine F1 Team,11,0.0,-0.4236102499951384,-1.656617652836743,-1.288113670646729,-5.508404276443793,-5.662600470648825,-3.582510964640268,-3.475357070647777,-3.4487515500462624,-3.2539913781209644,0.0004805382027871216,1.0405,-6.214608098422191,-4.844982584534984
2025-04,2025,4,Bahrain Grand Prix,Pierre Gasly,gasly,Alpine F1 Team,4,0.0,2.58900191795992,-0.5313023973338252,0.6346127453665112,-5.936155599811947,-4.801800830798811,-3.2337289985728863,-2.08359404271615,-3.1129919786240303,-1.9508778271347011,0.01249399327246516,1.0405,-4.382507288372152,-3.233050665544151
2025-04,2025,4,Bahrain Grand Prix,Isack Hadjar,hadjar,RB F1 Team,12,0.0,-0.7751440657767618,0.4947280840069983,-0.1192603993635723,-3.876254807621764,-5.036579978853364,-1.6907633618073823,-2.577920189108468,-1.627635706449304,-2.413717467966355,0.0004805382027871216,1.0405,-6.214608098422191,-4.39626414376533
2025-04,2025,4,Bahrain Grand Prix,Lewis Hamilton,hamilton,Ferrari,9,0.0,0.3215267341166622,1.7482552826976985,1.2966772216212294,-3.690392745721638,-5.109978402867082,-0.9710687315119696,-1.906650590622926,-0.934812154396196,-1.7852049319984928,0.0076886112445939455,1.0405,-4.868015104153853,-3.3873328473883895
2025-04,2025,4,Bahrain Grand Prix,Nico Hülkenberg,hulkenberg,Sauber,16,0.0,-2.076433899813228,-1.4269760206945687,-2.150128715680045,-6.096541285574912,-6.422965632496658,-3.76175865313474,-4.286547174088351,-3.621306707487238,-4.013512068787919,0.0004805382027871216,1.0405,-6.214608098422191,-5.250577636255271
2025-04,2025,4,Bahrain Grand Prix,Liam Lawson,lawson,RB F1 Team,17,0.0,-2.3806568435187963,-0.7986019332548839,-1.917071295578606,-5.795645106643195,-6.204347947681696,-3.2971235199490394,-4.060709621630151,-3.1740195528641,-3.80205942273853,0.0004805382027871216,1.0405,-6.214608098422191,-5.137658860026171
2025-04,2025,4,Bahrain Grand Prix,Charles Leclerc,leclerc,Ferrari,2,0.0,3.8566520609765274,2.915205944817332,3.867606327217061,-1.9911861284107208,-1.4125165667107258,0.4620099082033058,1.2275448802531672,0.4447599470816628,1.1493554116601354,0.05430081691494474,1.0405,-2.9132160076812936,-0.8428355637140632
2025-04,2025,4,Bahrain Grand Prix,Max Verstappen,max_verstappen,Red Bull,7,0.0,1.139701546227504,3.902405380163748,3.235445441892977,-0.91953156046686,-2.1216012827079376,1.491436909848444,0.5569220795925198,1.435751461866779,0.5214484752041535,0.04757328207592504,1.0405,-3.0454839762590447,-1.2442809483332624
2025-04,2025,4,Bahrain Grand Prix,Lando Norris,norris,McLaren,6,0.0,1.5859393092113117,4.362963643689527,3.6322965072508935,-2.2521938704903324,-3.470061735405653,1.0553848865995974,0.0811173859226201,1.015980215965994,0.0759505481141015,0.12493993272465162,1.0405,-2.0799221953781064,-0.9994024047277431
2025-04,2025,4,Bahrain Grand Prix,Esteban Ocon,ocon,Haas F1 Team,14,0.0,-1.4444378657156882,-0.9312478674086776,-1.3356857616545723,-6.401475014075829,-6.541254250487342,-3.6663614407422536,-3.938470006070957,-3.529471319583068,-3.687605958818548,0.0004805382027871216,1.0405,-6.214608098422191,-5.0765390522465745
2025-04,2025,4,Bahrain Grand Prix,Oscar Piastri,piastri,McLaren,1,1.0,4.725991651716546,3.693852281925441,5.144950910150593,-2.148569748544283,-0.457689842320973,0.7726412666905789,2.34363053391481,0.7437933316685349,2.194351082733025,0.6679481018740989,1.0405,-0.4035448002688971,0.9700428668229564
2025-04,2025,4,Bahrain Grand Prix,George Russell,russell,Mercedes,3,0.0,3.174404109934837,3.041629632392081,3.5847542200848483,-2.5464592768837084,-2.465299202385143,0.2475851777541862,0.5597275088498526,0.2383411450728018,0.5240752103653804,0.071119654012494,1.0405,-2.6433915526295193,-1.0418320218898334
2025-04,2025,4,Bahrain Grand Prix,Carlos Sainz,sainz,Williams,8,0.0,0.7198372863932494,1.8995254335985812,1.9133768487520253,-5.009715855810278,-5.542372692349616,-1.555095211105848,-1.8144979217987955,-1.4970329672973783,-1.698922002294045,0.0004805382027871216,1.0405,-6.214608098422191,-4.014553010110493
2025-04,2025,4,Bahrain Grand Prix,Lance Stroll,stroll,Aston Martin,19,0.0,-2.968878797470413,-0.8863013903839709,-2.3093412787026164,-5.878284600486989,-6.313359723445931,-3.38229299543548,-4.311350501074274,-3.256009074598888,-4.036735527707454,0.0004805382027871216,1.0405,-6.214608098422191,-5.262979299748233
2025-04,2025,4,Bahrain Grand Prix,Yuki Tsunoda,tsunoda,Red Bull,10,0.0,-0.0587393744354126,0.5032069868884352,0.0305078816504969,-3.9929297878626056,-4.828787616708711,-1.744861400487085,-2.399139867529107,-1.679713898698416,-2.246324704238482,0.0004805382027871216,1.0405,-6.214608098422191,-4.306873982975649
2025-05,2025,5,Saudi Arabian Grand Prix,Alexander Albon,albon,Williams,11,0.0,-0.4256136517339871,0.5888767762450349,0.5185547645041227,-5.007097402025464,-5.367689587386337,-2.209110312890215,-2.424567411441107,-2.1278778957420927,-2.279643635882405,0.0004789272030651341,1.044,-6.214608098422191,-4.319587754931649
2025-05,2025,5,Saudi Arabian Grand Prix,Fernando Alonso,alonso,Aston Martin,13,0.0,-1.1174172701098903,-0.3482800617760158,-0.8884295554183917,-5.719317893882074,-5.947003717098764,-3.0337989778290453,-3.417716636258578,-2.9222414776568924,-3.21342930797927,0.0004789272030651341,1.044,-6.214608098422191,-4.816162367340384
2025-05,2025,5,Saudi Arabian Grand Prix,Andrea Kimi Antonelli,antonelli,Mercedes,5,0.0,2.067000491442377,1.1304132278255268,1.6319818553069865,-3.1970525617803105,-4.270205990408811,-1.033319666977392,-1.319112067550912,-0.9953228979860566,-1.2402647233556454,0.006226053639846743,1.044,-5.079012591540993,-3.1990623295459524
2025-05,2025,5,Saudi Arabian Grand Prix,Oliver Bearman,bearman,Haas F1 Team,15,0.0,-1.7672728522136465,-1.718264489998582,-1.981363972684086,-6.368291579406846,-6.534463284223194,-4.043278034702714,-4.25791362845364,-3.8946004217993098,-4.003405168046849,0.0004789272030651341,1.044,-6.214608098422191,-5.2362608634379155
2025-05,2025,5,Saudi Arabian Grand Prix,Gabriel Bortoleto,bortoleto,Sauber,20,0.0,-3.2564184605011373,-2.903886130962057,-3.904275253641365,-6.056503604164362,-6.468972563746817,-4.48019486756321,-5.186623908694092,-4.3154511441451495,-4.87660360746262,0.0004789272030651341,1.044,-6.214608098422191,-5.700616003558142
2025-05,2025,5,Saudi Arabian Grand Prix,Jack Doohan,doohan,Alpine F1 Team,17,0.0,-2.383347018254046,-1.660073090473428,-2.4994422253719817,-5.875428908449179,-6.03029222333279,-3.767750999461304,-4.264867224352386,-3.629204943561512,-4.009943126349132,0.0004789272030651341,1.044,-6.214608098422191,-5.239737661387289
2025-05,2025,5,Saudi Arabian Grand Prix,Pierre Gasly,gasly,Alpine F1 Team,9,0.0,0.320245382780791,-0.3148984394465187,-0.134692328318716,-5.870187272490611,-5.953340251942218,-3.092542855968565,-3.044016290130467,-2.978825252162798,-2.862066169236245,0.004310344827586207,1.044,-5.44673737166631,-4.245376830898389
2025-05,2025,5,Saudi Arabian Grand Prix,Isack Hadjar,hadjar,RB F1 Team,14,0.0,-1.447009481901368,-0.1778368106227872,-0.9532210777553662,-4.309790154087861,-5.341117109018064,-2.2438134823553244,-3.147169093386715,-2.161304975768888,-2.9590532154024585,0.0004789272030651341,1.044,-6.214608098422191,-4.680888595904453
2025-05,2025,5,Saudi Arabian Grand Prix,Lewis Hamilton,hamilton,Ferrari,7,0.0,1.1395304076724868,1.9654645913843056,1.86532002639154,-4.002563637517752,-5.019607942723305,-1.018549523066723,-1.5771439581658826,-0.981095875206319,-1.4828732623137342,0.004310344827586207,1.044,-5.44673737166631,-3.5119406649160965
2025-05,2025,5,Saudi Arabian Grand Prix,Nico Hülkenberg,hulkenberg,Sauber,18,0.0,-2.680599526036004,-1.7217769466035606,-2.785033020970433,-6.41283896287056,-6.55826164771968,-4.0673079547370605,-4.671647334345057,-3.917746724353408,-4.392408750762174,0.0004789272030651341,1.044,-6.214608098422191,-5.443127716383624
2025-05,2025,5,Saudi Arabian Grand Prix,Liam Lawson,lawson,RB F1 Team,12,0.0,-0.7773967031118469,-1.1246737984025068,-1.1920032511613978,-5.894287833980633,-6.043694681370518,-3.5094808161915703,-3.617848966265958,-3.3804317560469794,-3.401599119337276,0.0004789272030651341,1.044,-6.214608098422191,-4.916228532344075
2025-05,2025,5,Saudi Arabian Grand Prix,Charles Leclerc,leclerc,Ferrari,4,0.0,2.591676128979999,3.0118792628761843,3.2148664636411954,-1.7815845392100496,-2.4798840805643656,0.6151473618330674,0.3674911915384149,0.5925274379603596,0.345525124226367,0.03256704980842912,1.044,-3.4244542438264225,-1.5284815261440037
2025-05,2025,5,Saudi Arabian Grand Prix,Max Verstappen,max_verstappen,Red Bull,1,0.0,4.735165964175469,3.474871244770702,5.218115486591766,-1.3405680542947702,0.3450294148622061,1.0671515952379662,2.781572450726986,1.027910773700521,2.6153093971005155,0.39272030651340994,1.044,-0.9346576087442305,0.9234574209913777
2025-05,2025,5,Saudi Arabian Grand Prix,Lando Norris,norris,McLaren,10,0.0,-0.060422660255058,4.325324039687678,2.7080756095377425,-1.6864214412100755,-2.995901308711684,1.3194512992388012,-0.1439128495869706,1.2709330257415534,-0.135310740437463,0.05651340996168582,1.044,-2.873277324536865,-1.5085950870619178
2025-05,2025,5,Saudi Arabian Grand Prix,Esteban Ocon,ocon,Haas F1 Team,19,0.0,-2.9714570915772804,-0.8414936441807184,-2.0909937073564056,-6.353280738562462,-6.486648001078223,-3.59738719137159,-4.288820854217314,-3.465105677285276,-4.032464974832367,0.0004789272030651341,1.044,-6.214608098422191,-5.251714476319753
2025-05,2025,5,Saudi Arabian Grand Prix,Oscar Piastri,piastri,McLaren,2,1.0,3.8628252389069417,3.845936816928288,4.440395379913196,-1.395882203938611,-0.9059796245282128,1.2250273064948387,1.7672078776924915,1.179981149859575,1.6615764827377724,0.421455938697318,1.044,-0.8640400415302771,0.4515839180811072
2025-05,2025,5,Saudi Arabian Grand Prix,George Russell,russell,Mercedes,3,0.0,3.178570459133284,3.344162304676237,3.699791282789936,-2.201190104166147,-2.272371589377908,0.5714861002550453,0.7137098467060139,0.5504716687803513,0.6710492363431205,0.07567049808429119,1.044,-2.5813669159755626,-0.9338285346347743
2025-05,2025,5,Saudi Arabian Grand Prix,Carlos Sainz,sainz,Williams,6,0.0,1.5865207140636663,1.8685385905158205,2.4491463529629005,-4.210663716796375,-4.318333720140833,-1.1710625631402776,-0.9345936835889664,-1.128000773930167,-0.878730173834654,0.0,1.044,-6.214608098422191,-3.574600891005579
2025-05,2025,5,Saudi Arabian Grand Prix,Lance Stroll,stroll,Aston Martin,16,0.0,-2.0791262744221557,-1.1328127683721896,-1.9418124415486249,-6.11628369379265,-6.195399296050267,-3.62454823108242,-4.068605868799446,-3.4912679633824486,-3.825412909517592,0.0004789272030651341,1.044,-6.214608098422191,-5.141606983610819
2025-05,2025,5,Saudi Arabian Grand Prix,Yuki Tsunoda,tsunoda,Red Bull,8,0.0,0.7190537674392069,0.4445876825145212,0.3781467738831638,-3.833963853628591,-4.909890803458224,-1.6946880855570348,-2.26587201478753,-1.6323717726510425,-2.1304339462206383,0.0014367816091954023,1.044,-6.214608098422191,-4.240240056604861
2025-06,2025,6,Miami Grand Prix,Alexander Albon,albon,Williams,7,0.0,1.1434510226842909,0.8280041272468144,0.8495060610154995,-4.929033074432129,-5.2638465711061055,-2.0505144735926573,-2.207170255045303,-1.9792492026280009,-2.0742006682788885,0.009532888465204958,1.049,-4.653007515402251,-3.4300888852237774
2025-06,2025,6,Miami Grand Prix,Fernando Alonso,alonso,Aston Martin,17,0.0,-2.389040170794154,-0.443643718144475,-2.17500094768654,-5.619580856653476,-6.0739059070447885,-3.031612287398976,-4.124453427365665,-2.926249133954496,-3.875978319194692,0.0028598665395614875,1.049,-5.856980319728187,-4.990716873546926
2025-06,2025,6,Miami Grand Prix,Andrea Kimi Antonelli,antonelli,Mercedes,3,0.0,3.1837804182122973,1.3739568992227595,1.6210162084560986,-3.1298250632367592,-3.5692046333142846,-0.8779340820069998,-0.974094212429093,-0.8474216369357319,-0.9154105179555128,0.04432793136320305,1.049,-3.1161402958029867,-2.0451172541160396
2025-06,2025,6,Miami Grand Prix,Oliver Bearman,bearman,Haas F1 Team,19,0.0,-2.9795456277782364,-1.365808893592806,-2.691962365327744,-6.50186848023811,-6.573209792143158,-3.9338386869154576,-4.632586078735451,-3.797118813164413,-4.353498837893373,0.0023832221163012394,1.049,-6.039301876522142,-5.335943977628796
2025-06,2025,6,Miami Grand Prix,Gabriel Bortoleto,bortoleto,Sauber,13,0.0,-1.118683707296832,-3.4707866865457304,-3.585035648320295,-6.59101885862347,-6.573295136153701,-5.0309027725846,-5.079165392236998,-4.85605462891024,-4.773174260932012,0.0004766444232602479,1.049,-6.214608098422191,-5.646886745329595
2025-06,2025,6,Miami Grand Prix,Jack Doohan,doohan,Alpine F1 Team,14,0.0,-1.4493293969400065,-2.213095377457756,-2.9622986293544358,-5.684319911766946,-6.196685958472241,-3.948707644612351,-4.579492293913338,-3.811471002843875,-4.303603654815518,0.0004766444232602479,1.049,-6.214608098422191,-5.397050196167765
2025-06,2025,6,Miami Grand Prix,Pierre Gasly,gasly,Alpine F1 Team,20,0.0,-3.2657415916909955,-0.5275398689136227,-1.8295440153542533,-5.703839770741952,-6.105410250018805,-3.115689819827787,-3.967477132686529,-3.00740456648704,-3.728458962868135,0.0014299332697807437,1.049,-6.214608098422191,-5.09104261555436
2025-06,2025,6,Miami Grand Prix,Isack Hadjar,hadjar,RB F1 Team,11,0.0,-0.4249055056935915,-0.4859795583631556,-0.9778100378502153,-5.190136370083841,-5.725690692774809,-2.8380579642234984,-3.351750365312512,-2.7394217573405384,-3.149826268156429,0.0004766444232602479,1.049,-6.214608098422191,-4.783179231867352
2025-06,2025,6,Miami Grand Prix,Lewis Hamilton,hamilton,Ferrari,12,0.0,-0.7776519819221326,1.9457019517855063,1.047196035502525,-3.815816137900384,-4.682140169070284,-0.935057093057439,-1.81747206678388,-0.9025593477538376,-1.7079796027896177,0.01763584366062917,1.049,-4.037821876312018,-2.927646971547949
2025-06,2025,6,Miami Grand Prix,Nico Hülkenberg,hulkenberg,Sauber,16,0.0,-2.083662988750683,-2.001359106232266,-2.615426721519297,-6.457479783808103,-6.452907664689627,-4.229419445020184,-4.534167193104462,-4.082426713852354,-4.26100913625825,0.0004766444232602479,1.049,-6.214608098422191,-5.374387645763327
2025-06,2025,6,Miami Grand Prix,Liam Lawson,lawson,RB F1 Team,15,0.0,-1.7706841026247813,-1.1408638978008805,-2.068846704718081,-5.971374409208678,-6.305269916490375,-3.556119153504779,-4.187058310604228,-3.4325268559029487,-3.934811610534189,0.0004766444232602479,1.049,-6.214608098422191,-5.200833204513209
2025-06,2025,6,Miami Grand Prix,Charles Leclerc,leclerc,Ferrari,8,0.0,0.722289724151855,3.056183510835818,1.333548038829709,-1.869274103130155,-3.960152090707166,0.5934547038528315,-1.3133020259387287,0.5728292896848339,-1.2341829696315008,0.01382268827454719,1.049,-4.281443958969768,-2.7973729924542483
2025-06,2025,6,Miami Grand Prix,Max Verstappen,max_verstappen,Red Bull,1,0.0,4.7388410806962415,3.455608523374528,3.822488822063504,-1.5530191092905654,-1.7089332912823163,0.9512947070419812,1.056777765390594,0.9182326263116708,0.9931128521621224,0.3574833174451859,1.049,-1.0286665824258863,0.014055591482353913
2025-06,2025,6,Miami Grand Prix,Lando Norris,norris,McLaren,2,0.0,3.867649413998536,4.545128292556344,4.70997507662649,-1.2552728247855265,-1.2586673659281988,1.6449277338854085,1.7256538553491456,1.58775855893819,1.6216929218764642,0.34795042897998096,1.049,-1.0556952548138057,0.33497930026767
2025-06,2025,6,Miami Grand Prix,Esteban Ocon,ocon,Haas F1 Team,9,0.0,0.3227087488998025,-1.0131723168614568,-0.9601607393646427,-6.466436491832375,-6.4504969990253525,-3.739804404346916,-3.7053288691949975,-3.609828158061934,-3.482103656982987,0.007149666348903718,1.049,-4.940689587854032,-4.323009228524515
2025-06,2025,6,Miami Grand Prix,Oscar Piastri,piastri,McLaren,4,1.0,2.5968767720487773,4.407206975838781,3.769041945995331,-0.3564479653461866,-1.6023702617067308,2.0253795052462973,1.0833358421443,1.954987795699012,1.0180709542499964,0.1572926596758818,1.049,-1.8496471344957166,-0.3831556461757083
2025-06,2025,6,Miami Grand Prix,George Russell,russell,Mercedes,5,0.0,2.0719393278293765,3.3889880985301684,2.985990187321164,-2.4123612579705203,-3.723102906685128,0.488313420279824,-0.3685563596819821,0.4713421729855057,-0.3463529131037111,0.03336510962821736,1.049,-3.400244546906883,-1.8844004532944325
2025-06,2025,6,Miami Grand Prix,Carlos Sainz,sainz,Williams,6,0.0,1.5910183918419678,2.043690575281377,1.3928796354256625,-4.6283810466713335,-5.160238497583236,-1.292345235694978,-1.8836794310787863,-1.2474300036457642,-1.7701983459751818,0.0,1.049,-6.214608098422191,-4.049143764750489
2025-06,2025,6,Miami Grand Prix,Lance Stroll,stroll,Aston Martin,18,0.0,-2.687477394697846,-1.2874501435485413,-2.1580691975534845,-5.847356202010154,-6.194795996013731,-3.567403172779348,-4.176432596783608,-3.4434187010663235,-3.9248260361738554,0.0004766444232602479,1.049,-6.214608098422191,-5.1955203476028995
2025-06,2025,6,Miami Grand Prix,Yuki Tsunoda,tsunoda,Red Bull,10,0.0,-0.0588055003401335,0.4588681526258485,-0.0820484998736163,-4.113334166493559,-5.225005309246893,-1.827233006933855,-2.653526904560255,-1.7637278441897202,-2.493666841583057,0.0019065776930409916,1.049,-6.214608098422191,-4.434067501491223
2025-07,2025,7,Emilia Romagna Grand Prix,Alexander Albon,albon,Williams,7,0.0,1.1447828032113097,0.8053892947667143,1.5921587491095783,-5.6000867556109615,-5.58863174683047,-2.397348730422124,-1.9982364988604455,-2.3218807455773303,-1.879184187915225,0.0028776978417266188,1.0425,-5.850764665004847,-3.924500581932646
2025-07,2025,7,Emilia Romagna Grand Prix,Fernando Alonso,alonso,Aston Martin,5,0.0,2.0711667404669667,-0.9539309176178316,0.2219028393605788,-5.825878268337726,-5.3193574759636375,-3.3899045929777785,-2.548727318301529,-3.2831911786122783,-2.396877486018888,0.0038369304556354917,1.0425,-5.563082592553066,-4.055904955427297
2025-07,2025,7,Emilia Romagna Grand Prix,Andrea Kimi Antonelli,antonelli,Mercedes,13,0.0,-1.1160916217020271,0.9066024697660818,-0.1275509994265038,-3.5930826991345146,-4.93095804358877,-1.3432401146842163,-2.529254521507637,-1.3009552258269923,-2.378564852929442,0.0033573141486810554,1.0425,-5.6966139851775885,-4.112934253342613
2025-07,2025,7,Emilia Romagna Grand Prix,Oliver Bearman,bearman,Haas F1 Team,19,0.0,-2.979567561101944,-1.4758699515722755,-2.214080349377852,-6.579920597401786,-6.654354853768266,-4.027895274487031,-4.434217601573059,-3.901098060684149,-4.170032730061454,0.0019184652278177458,1.0425,-6.214608098422191,-5.324412849997625
2025-07,2025,7,Emilia Romagna Grand Prix,Gabriel Bortoleto,bortoleto,Sauber,14,0.0,-1.4469750322163784,-2.9316903364011777,-2.704807020636037,-6.44543033635603,-6.572813611395334,-4.688560336378604,-4.638810316015686,-4.540965538876025,-4.362436078795446,0.0009592326139088729,1.0425,-6.214608098422191,-5.426709207218939
2025-07,2025,7,Emilia Romagna Grand Prix,Franco Colapinto,colapinto,Alpine F1 Team,16,0.0,-2.082044345559521,-0.9159219084990672,-1.437844545216647,-6.261302824027398,-6.482776997824852,-3.5886123662632325,-3.9603107715207497,-3.475643677046581,-3.724360647659198,0.0,1.0425,-6.214608098422191,-5.08745943497147
2025-07,2025,7,Emilia Romagna Grand Prix,Pierre Gasly,gasly,Alpine F1 Team,10,0.0,-0.0561562297472347,-0.7577762007913834,-0.6036500855092253,-6.348268104105332,-6.320790334962446,-3.553022152448358,-3.462220210235836,-3.4411738349501464,-3.2559456690266817,0.0038369304556354917,1.0425,-5.563082592553066,-4.512651401394451
2025-07,2025,7,Emilia Romagna Grand Prix,Isack Hadjar,hadjar,RB F1 Team,9,0.0,0.3251045999827496,-1.059342364492441,-0.7047370759958586,-5.684496153443033,-5.922165757692502,-3.3719192589677367,-3.31345141684418,-3.265772018766752,-3.116040325311733,0.0038369304556354917,1.0425,-5.563082592553066,-4.4382670046986235
2025-07,2025,7,Emilia Romagna Grand Prix,Lewis Hamilton,hamilton,Ferrari,12,0.0,-0.7749224535373082,1.5224383101123766,0.710222334640847,-4.093767866439658,-5.316176951198227,-1.2856647781636408,-2.30297730827869,-1.2451923476145592,-2.1657689394187787,0.0023980815347721825,1.0425,-6.0330862217988015,-4.168031765038746
2025-07,2025,7,Emilia Romagna Grand Prix,Nico Hülkenberg,hulkenberg,Sauber,17,0.0,-2.3879032181196918,-2.1809075786558902,-2.892858886876219,-6.533964685677993,-6.599964174694283,-4.357436132166941,-4.746411530785251,-4.220265048205942,-4.463626554252555,0.0009592326139088729,1.0425,-6.214608098422191,-5.480509814603721
2025-07,2025,7,Emilia Romagna Grand Prix,Liam Lawson,lawson,RB F1 Team,15,0.0,-1.7686571640330755,-1.2322013799893052,-1.9228941783907392,-6.26311087625805,-6.465774342776236,-3.747656128123678,-4.194334260583488,-3.629680777983052,-3.9444413240447225,0.0014388489208633094,1.0425,-6.214608098422191,-5.204471179502839
2025-07,2025,7,Emilia Romagna Grand Prix,Charles Leclerc,leclerc,Ferrari,11,0.0,-0.4221516414603395,2.5647271668737472,1.6192378127062013,-2.2275458361401976,-4.146779364282053,0.1685906653667748,-1.263770775787926,0.1632834701233722,-1.188476969750258,0.007673860911270983,1.0425,-4.86993541199312,-3.066853093890523
2025-07,2025,7,Emilia Romagna Grand Prix,Max Verstappen,max_verstappen,Red Bull,2,1.0,3.859829490639962,3.261079135256177,4.316917774624616,-1.519343505980498,-0.2712987518964781,0.8708678146378395,2.022809511364069,0.843453096786034,1.9022931725487184,0.2014388489208633,1.0425,-1.602269422955488,0.21027004420429052
2025-07,2025,7,Emilia Romagna Grand Prix,Lando Norris,norris,McLaren,4,0.0,2.594466001715385,3.3962989782412354,3.2052502042502806,-1.3577137049475465,-2.425941890518568,1.0192926366468444,0.3896541568658564,0.987205539647265,0.3664390730303111,0.11031175059952039,1.0425,-2.2044448253097064,-0.907395334221925
2025-07,2025,7,Emilia Romagna Grand Prix,Esteban Ocon,ocon,Haas F1 Team,18,0.0,-2.6868891384414253,-1.3407445298778844,-2.360731788343143,-6.574940112670902,-6.585480119912252,-3.957842321274393,-4.473105954127698,-3.8332503582739066,-4.206604165552911,0.0014388489208633094,1.0425,-6.214608098422191,-5.343857026274945
2025-07,2025,7,Emilia Romagna Grand Prix,Oscar Piastri,piastri,McLaren,1,0.0,4.726039859638385,3.384270667640718,4.828914523912888,-0.8554510365800579,-0.0006673393449086,1.26440981553033,2.414123592283989,1.2246064863003563,2.270293273534087,0.6187050359712231,1.0425,-0.480126636877184,0.9669984777034025
2025-07,2025,7,Emilia Romagna Grand Prix,George Russell,russell,Mercedes,3,0.0,3.179133175821674,2.965067066769185,3.463221882990889,-2.0173876909357817,-2.0219930953223213,0.4738396879167017,0.7206143938342839,0.4589233238797255,0.6776811329638686,0.03117505995203837,1.0425,-3.4681368643372648,-1.3737612352514903
2025-07,2025,7,Emilia Romagna Grand Prix,Carlos Sainz,sainz,Williams,6,0.0,1.5914590042231729,1.8553370631614,2.5307507157660347,-5.371956959292835,-5.267859235167763,-1.7583099480657176,-1.3685542597008642,-1.7029587566311248,-1.2870175910611763,0.0,1.0425,-6.214608098422191,-3.7915811790615277
2025-07,2025,7,Emilia Romagna Grand Prix,Lance Stroll,stroll,Aston Martin,8,0.0,0.724257719908903,-1.8509517129478348,-0.9477294909500804,-6.419686378489606,-6.272633839663784,-4.13531904571872,-3.610181665306932,-4.00514015638553,-3.3950917745798024,0.0019184652278177458,1.0425,-6.214608098422191,-4.912394881864562
2025-07,2025,7,Emilia Romagna Grand Prix,Yuki Tsunoda,tsunoda,Red Bull,20,0.0,-3.266430411865993,0.3891029566278869,-1.808783442653574,-3.876916433075161,-5.071690345629375,-1.743906738223637,-3.4402368941414747,-1.6890089565113282,-3.2352720900854384,0.0019184652278177458,1.0425,-6.214608098422191,-4.827422496281833
2025-08,2025,8,Monaco Grand Prix,Alexander Albon,albon,Williams,10,0.0,-0.0545505185228474,1.0862125523992976,1.1273669493807563,-5.433685023113846,-5.531985408835758,-2.173736235357274,-2.2023092297275007,-2.1076842069581803,-2.0737245088730014,0.006613131790269249,1.0585,-5.018697941519607,-3.6105035856235537
2025-08,2025,8,Monaco Grand Prix,Fernando Alonso,alonso,Aston Martin,6,0.0,1.5959482820837994,-0.8611312904883311,-0.2460378163107235,-5.719743823818046,-5.500946862928,-3.2904375571531888,-2.8734923396193617,-3.1904529907484216,-2.705719710153873,0.008502598016060462,1.0585,-4.7673835132387,-3.820437926429031
2025-08,2025,8,Monaco Grand Prix,Andrea Kimi Antonelli,antonelli,Mercedes,15,0.0,-1.772069400001126,0.7052683105674797,-0.6683054001152893,-4.446075759406651,-5.512755202836473,-1.8704037244195857,-3.0905303014758814,-1.813568880378433,-2.910085625159096,0.0014170996693434106,1.0585,-6.214608098422191,-4.652569199949037
2025-08,2025,8,Monaco Grand Prix,Oliver Bearman,bearman,Haas F1 Team,20,0.0,-3.275735232959077,-1.8766207459653783,-2.7847560757676764,-6.595371543794016,-6.626768346332463,-4.235996144879698,-4.70576221105007,-4.107279452804102,-4.431010095339964,0.0004723665564478035,1.0585,-6.214608098422191,-5.460185154736131
2025-08,2025,8,Monaco Grand Prix,Gabriel Bortoleto,bortoleto,Sauber,16,0.0,-2.08657875529589,-3.025805888700803,-3.177724098885773,-6.490321397558809,-6.586630165779695,-4.758063643129805,-4.882177132332734,-4.613483196906048,-4.597124799422654,0.0004723665564478035,1.0585,-6.214608098422191,-5.5483926153774625
2025-08,2025,8,Monaco Grand Prix,Franco Colapinto,colapinto,Alpine F1 Team,18,0.0,-2.6937572201710664,-1.4186177262861035,-2.6472617406899164,-6.282716680007318,-6.424997822003806,-3.850667203146711,-4.536129781346861,-3.733659272138052,-4.271281878145531,0.0,1.0585,-6.214608098422191,-5.375368939884526
2025-08,2025,8,Monaco Grand Prix,Pierre Gasly,gasly,Alpine F1 Team,17,0.0,-2.39359046625221,-1.1111252626618346,-2.396207317841793,-5.601689556215157,-5.943483710913433,-3.356407409438496,-4.169845514377613,-3.254418256421169,-3.92638359984031,0.0004723665564478035,1.0585,-6.214608098422191,-5.192226806399902
2025-08,2025,8,Monaco Grand Prix,Isack Hadjar,hadjar,RB F1 Team,5,0.0,2.0761007281482997,-1.0302356433770568,0.0789482214545302,-5.653587769914058,-5.1715836675355416,-3.3419117066455573,-2.546317723040506,-3.2403630259159764,-2.397647613863994,0.01606046291922532,1.0585,-4.131394746518704,-3.338856234779605
2025-08,2025,8,Monaco Grand Prix,Lewis Hamilton,hamilton,Ferrari,7,0.0,1.148692825798975,1.4517176343864313,1.9184500753872669,-4.143540670016109,-4.953374190475999,-1.3459115178148389,-1.5174620575443658,-1.3050141060905678,-1.4288630395487052,0.018422295701464336,1.0585,-3.994193625005219,-2.755827841274792
2025-08,2025,8,Monaco Grand Prix,Nico Hülkenberg,hulkenberg,Sauber,13,0.0,-1.1173645638603067,-2.025768559298214,-1.990191588101156,-6.515720915975371,-6.6237905615822745,-4.270744737636793,-4.306991074841715,-4.14097216076787,-4.0555217363828895,0.0004723665564478035,1.0585,-6.214608098422191,-5.260799586631953
2025-08,2025,8,Monaco Grand Prix,Liam Lawson,lawson,RB F1 Team,9,0.0,0.3275560191487929,-1.3126190226242218,-0.6882813143647012,-6.436000378873041,-6.254248356072346,-3.874309700748632,-3.471264835218524,-3.756583359245808,-3.268590472407157,0.0004723665564478035,1.0585,-6.214608098422191,-4.842936466820357
2025-08,2025,8,Monaco Grand Prix,Charles Leclerc,leclerc,Ferrari,2,0.0,3.8646738484772056,2.494287837898793,3.8279916793143416,-2.559371238399592,-1.217926389136058,-0.0325417002503993,1.305032645089142,-0.0315528749853409,1.2288365977268196,0.23145961265942372,1.0585,-1.4633498800301927,-0.07915861747052533
2025-08,2025,8,Monaco Grand Prix,Max Verstappen,max_verstappen,Red Bull,4,0.0,2.5996671403663094,3.3942872612103816,3.35866099216705,-0.7824023866759953,-1.7526851727970356,1.305942437267193,0.8029879096850071,1.2662595421896414,0.7561044044884366,0.059990552668871044,1.0585,-2.813568184676274,-1.0052901374956333
2025-08,2025,8,Monaco Grand Prix,Lando Norris,norris,McLaren,1,1.0,4.729754608356659,3.868716904650855,5.397260950013374,-2.2060375469577376,-0.5727925882237263,0.8313396788465588,2.412234180894824,0.8060782551359487,2.2713927156731475,0.5337742087860179,1.0585,-0.627782359428479,0.8922259107331726
2025-08,2025,8,Monaco Grand Prix,Esteban Ocon,ocon,Haas F1 Team,8,0.0,0.7274819673802354,-1.523762407988443,-0.6232160469273323,-6.595371543794016,-6.483695421694626,-4.059566975891229,-3.553455734310979,-3.936211331899989,-3.3459825477586382,0.0004723665564478035,1.0585,-6.214608098422191,-4.8840319163665855
2025-08,2025,8,Monaco Grand Prix,Oscar Piastri,piastri,McLaren,3,0.0,3.1843514990530566,3.842020992090299,4.021033360874855,-1.144272621040509,-1.9300914090688213,1.348874185524895,1.0454709759030163,1.307886748981357,0.9844297779716052,0.11336797354747284,1.0585,-2.177116347792874,-0.5658226859449288
2025-08,2025,8,Monaco Grand Prix,George Russell,russell,Mercedes,14,0.0,-1.4492988817599446,2.452876149713372,0.7226870301302489,-3.20955307910118,-4.562635938512681,-0.3783384646939038,-1.919974454191216,-0.3668421190895237,-1.807874220533069,0.005668398677373642,1.0585,-5.172848621346865,-3.5464115377690404
2025-08,2025,8,Monaco Grand Prix,Carlos Sainz,sainz,Williams,11,0.0,-0.4214538179266431,2.0192810221385065,1.57924132996932,-4.884327205507775,-5.5251452502964575,-1.4325230916846343,-1.9729519601635688,-1.3889938656473455,-1.857758565143216,0.0,1.0585,-6.214608098422191,-4.09378002929288
2025-08,2025,8,Monaco Grand Prix,Lance Stroll,stroll,Aston Martin,19,0.0,-2.9876421683960803,-1.676057079568218,-3.173556236826302,-6.261078677885,-6.42657332715456,-3.968567878726609,-4.800064781990431,-3.847977370105724,-4.519806686649241,0.0004723665564478035,1.0585,-6.214608098422191,-5.507336440206311
2025-08,2025,8,Monaco Grand Prix,Yuki Tsunoda,tsunoda,Red Bull,12,0.0,-0.7751863846952295,0.2689699669033549,-0.4964926555472173,-4.125652557377018,-5.413899787852935,-1.9283412952368315,-2.955196221700076,-1.869745936736404,-2.782653203622368,0.0014170996693434106,1.0585,-6.214608098422191,-4.584902160061134
2025-10,2025,10,Canadian Grand Prix,Alexander Albon,albon,Williams,9,0.0,0.3242935554602686,0.6192863185486538,0.746126150884949,-5.165006579873759,-5.233320836751465,-2.2728601306625524,-2.243597342933258,-2.210169226276576,-2.12636595554768,0.008712871287128712,1.2625,-4.742953888351145,-3.4932756156422013
2025-10,2025,10,Canadian Grand Prix,Fernando Alonso,alonso,Aston Martin,6,0.0,1.596300421579984,-0.9496046783581318,-0.1642316418257503,-5.940330521349376,-5.743207278433484,-3.4449675998537543,-2.953719460129617,-3.349947175366718,-2.799383107686773,0.019405940594059406,1.2625,-3.942176043598834,-3.447947751864225
2025-10,2025,10,Canadian Grand Prix,Andrea Kimi Antonelli,antonelli,Mercedes,4,0.0,2.604118442949519,0.5735394061879648,1.2945082287803442,-3.914537924100489,-3.682787009354727,-1.6704992589562622,-1.1941393902871913,-1.624422904363539,-1.1317437835638773,0.022970297029702973,1.2625,-3.7735533311630407,-2.483846360725116
2025-10,2025,10,Canadian Grand Prix,Oliver Bearman,bearman,Haas F1 Team,13,0.0,-1.1228153116674726,-2.2526435366541686,-2.169275196272749,-6.625615017734358,-6.652790523991143,-4.439129277194263,-4.411032860131946,-4.316687502040924,-4.180549657062818,0.017425742574257424,1.2625,-4.049806707791199,-4.2304197839615725
2025-10,2025,10,Canadian Grand Prix,Gabriel Bortoleto,bortoleto,Sauber,15,0.0,-1.7778903774533454,-2.267764363310381,-2.553273389894516,-6.594350591570407,-6.653744776070413,-4.431057477440394,-4.603509082982464,-4.3088383417798095,-4.362968703337256,0.01108910891089109,1.2625,-4.501791831534256,-4.552650457258361
2025-10,2025,10,Canadian Grand Prix,Franco Colapinto,colapinto,Alpine F1 Team,10,0.0,-0.0585831006575747,-1.9360236198112843,-1.4852595240820234,-6.444488066028747,-6.437850734343567,-4.190255842920015,-3.9615551292127953,-4.0746785907796905,-3.754557823985605,0.00039603960396039607,1.2625,-6.214608098422191,-5.088081613817494
2025-10,2025,10,Canadian Grand Prix,Pierre Gasly,gasly,Alpine F1 Team,20,0.0,-3.2810597583195023,-1.1418320336714043,-2.781536455899935,-6.308916936608137,-6.415247564506751,-3.7253744851397705,-4.598392010203343,-3.622619769836734,-4.358119005425171,0.017029702970297027,1.2625,-4.072796226015898,-4.33559411810962
2025-10,2025,10,Canadian Grand Prix,Isack Hadjar,hadjar,RB F1 Team,12,0.0,-0.7802936163755048,0.140727778627566,-0.0404116073370776,-5.598811171353767,-5.858430308598139,-2.729041696363101,-2.9494209579676083,-2.653768216159033,-2.795309208827009,0.0019801980198019802,1.2625,-6.214608098422191,-4.5820145281949
2025-10,2025,10,Canadian Grand Prix,Lewis Hamilton,hamilton,Ferrari,5,0.0,2.078270527574582,1.7850502568561528,2.243153707938798,-3.853926949625401,-4.489043284316175,-1.034438346384624,-1.1229447881886885,-1.0059060691047716,-1.0642692081469265,0.021782178217821784,1.2625,-3.826663156476989,-2.4748039723328388
2025-10,2025,10,Canadian Grand Prix,Nico Hülkenberg,hulkenberg,Sauber,11,0.0,-0.4260940841639463,-1.8024034071981576,-1.5817780616993915,-6.609561202261727,-6.632713318090209,-4.205982304729942,-4.107245689894801,-4.08997127925691,-3.8926358303866335,0.016237623762376238,1.2625,-4.120424275005153,-4.113834982449976
2025-10,2025,10,Canadian Grand Prix,Liam Lawson,lawson,RB F1 Team,19,0.0,-2.9932010334742447,-0.7395792103311631,-2.152316704554305,-6.120371147475134,-6.393252184360384,-3.4299751789031485,-4.272784444457344,-3.3353682811508407,-4.04952493222759,0.018217821782178217,1.2625,-4.005354945220366,-4.139069694838855
2025-10,2025,10,Canadian Grand Prix,Charles Leclerc,leclerc,Ferrari,8,0.0,0.7251800081732513,2.889743453859813,2.3876963403806686,-2.4940606636266187,-3.788189364345758,0.1978413951165973,-0.7002465119825447,0.192384457482152,-0.6636575623788245,0.01108910891089109,1.2625,-4.501791831534256,-2.6010191717584004
2025-10,2025,10,Canadian Grand Prix,Max Verstappen,max_verstappen,Red Bull,2,0.0,3.8760159641654734,2.738566272468089,3.870815059662184,-1.2902616351752918,-0.5363148928442045,0.7241523186463988,1.6672500834089896,0.704178470209051,1.5801337204785442,0.25742574257425743,1.2625,-1.3570239788197773,0.15511305229460615
2025-10,2025,10,Canadian Grand Prix,Lando Norris,norris,McLaren,7,0.0,1.147578783178408,4.659502114742561,3.60357643272717,-0.5738017857977447,-3.2883175847548087,2.042850164472408,0.1576294239861806,1.986503483650266,0.1493930458656173,0.07524752475247524,1.2625,-2.586972269548974,-1.2146714227813968
2025-10,2025,10,Canadian Grand Prix,Esteban Ocon,ocon,Haas F1 Team,14,0.0,-1.4549836982952602,-1.6604607767860855,-1.968693704734625,-6.5407301924356185,-6.632713318090209,-4.100595484610852,-4.300703511412417,-3.987491279040416,-4.075985185298807,0.017029702970297027,1.2625,-4.072796226015898,-4.186749868714157
2025-10,2025,10,Canadian Grand Prix,Oscar Piastri,piastri,McLaren,3,0.0,3.191737300776257,4.5937518697939375,4.449171373726711,-0.3258594770397691,-1.2542563512522311,2.1339461963770843,1.5974575112372398,2.0750868696824427,1.5139879167836214,0.2772277227722772,1.2625,-1.2829160066660557,0.15727075228559206
2025-10,2025,10,Canadian Grand Prix,George Russell,russell,Mercedes,1,1.0,4.747027032668446,1.695320079266724,3.666735172955375,-3.5820840902611866,-1.1912742732049584,-0.9433820054972312,1.2377304498752082,-0.9173612793169372,1.1730571437201285,0.17425742574257427,1.2625,-1.7472216147971533,-0.25474558246097256
2025-10,2025,10,Canadian Grand Prix,Carlos Sainz,sainz,Williams,16,0.0,-2.092447629799305,1.2666828213819905,-0.1703669616427778,-5.303231849252748,-5.746330063839948,-2.018274513935379,-2.9583485127413627,-1.962605688181068,-2.803770285230488,0.013465346534653467,1.2625,-4.307635817093299,-3.632992164917331
2025-10,2025,10,Canadian Grand Prix,Lance Stroll,stroll,Aston Martin,17,0.0,-2.39942713152187,-2.062642976565076,-3.138298852594368,-6.342354041693703,-6.54786872020297,-4.20249850912939,-4.843083786398669,-4.08658357504973,-4.590025262643319,0.01782178217821782,1.2625,-4.02733385193914,-4.4352088191689045
2025-10,2025,10,Canadian Grand Prix,Yuki Tsunoda,tsunoda,Red Bull,18,0.0,-2.699488543359617,-0.2836934968827475,-1.2848295388834323,-4.850990001306953,-5.659088780100908,-2.5673417490948505,-3.47195915949217,-2.496528339176963,-3.290543991349211,0.001188118811881188,1.2625,-6.214608098422191,-4.843283628957181
2025-11,2025,11,Austrian Grand Prix,Alexander Albon,albon,Williams,12,0.0,-0.7824868008044658,0.675911951510834,0.3015488126302038,-5.101779117465274,-5.423749472215235,-2.21293358297722,-2.561100329792516,-2.130197805123702,-2.4287007781322063,0.001440230436869899,1.0415,-6.214608098422191,-4.387854214107354
2025-11,2025,11,Austrian Grand Prix,Fernando Alonso,alonso,Aston Martin,11,0.0,-0.4280520741826619,-0.1112004523112546,-0.3298486113624898,-5.914803848499217,-6.113713416501495,-3.013002150405236,-3.2217810139319925,-2.9003539089461667,-3.0552266791290097,0.001440230436869899,1.0415,-6.214608098422191,-4.718194556177092
2025-11,2025,11,Austrian Grand Prix,Andrea Kimi Antonelli,antonelli,Mercedes,9,0.0,0.3230257138483849,1.5002204328819564,0.8368002366327191,-3.144859255537087,-4.518798123770975,-0.8223194113275653,-1.840998943569128,-0.7915750470757016,-1.7458260087566124,0.004320691310609697,1.0415,-5.444339863924752,-3.6426694037469405
2025-11,2025,11,Austrian Grand Prix,Oliver Bearman,bearman,Haas F1 Team,15,0.0,-1.7804489388444336,-1.870229503143641,-2.139236152017836,-6.487196410630874,-6.603970302489855,-4.178712956887257,-4.371603227253845,-4.022481848292706,-4.145607275204571,0.001440230436869899,1.0415,-6.214608098422191,-5.293105662838018
2025-11,2025,11,Austrian Grand Prix,Gabriel Bortoleto,bortoleto,Sauber,8,0.0,0.7243917107331326,-2.057302590844817,-1.016593876074344,-6.458626209673991,-6.495252080558295,-4.257964400259404,-3.75592297831632,-4.098770288227313,-3.561755450939514,0.001440230436869899,1.0415,-6.214608098422191,-4.985265538369256
2025-11,2025,11,Austrian Grand Prix,Franco Colapinto,colapinto,Alpine F1 Team,14,0.0,-1.457470845647538,-1.5290310037246555,-1.709720079818706,-6.449735084135294,-6.51694663823149,-3.989383043929975,-4.113333359025098,-3.840230483801567,-3.9006890177515023,0.001440230436869899,1.0415,-6.214608098422191,-5.163970728723644
2025-11,2025,11,Austrian Grand Prix,Pierre Gasly,gasly,Alpine F1 Team,10,0.0,-0.0602362268615429,-0.882856525052941,-0.6208370446191187,-6.209787292877079,-6.267898058247964,-3.54632190896501,-3.444367551433541,-3.4137342416648235,-3.2663063039852376,0.001440230436869899,1.0415,-6.214608098422191,-4.829487824927866
2025-11,2025,11,Austrian Grand Prix,Isack Hadjar,hadjar,RB F1 Team,13,0.0,-1.1251825711045913,-0.0950124492544276,-0.7352518490058539,-5.096880542138833,-5.7284590541209806,-2.5959464956966305,-3.231855451563417,-2.498890870421777,-3.06478030505692,0.001440230436869899,1.0415,-6.214608098422191,-4.723231774992804
2025-11,2025,11,Austrian Grand Prix,Lewis Hamilton,hamilton,Ferrari,4,0.0,2.606689670678163,2.1536222277202817,2.7629392006494697,-3.4916731539032453,-3.7503328762322936,-0.6690254630914818,-0.4936968377914119,-0.6440123571770175,-0.4681745108371255,0.01968314930388862,1.0415,-3.9279923745566645,-2.2108446061740383
2025-11,2025,11,Austrian Grand Prix,Nico Hülkenberg,hulkenberg,Sauber,20,0.0,-3.2833925335029712,-1.3662123880052317,-2.808279822417881,-6.4202156793877165,-6.544745852158775,-3.893214033696474,-4.676512837288328,-3.747656980422984,-4.4347541698171415,0.00048007681228996637,1.0415,-6.214608098422191,-5.44556046785526
2025-11,2025,11,Austrian Grand Prix,Liam Lawson,lawson,RB F1 Team,6,0.0,1.5968341631097178,-0.6502187759402547,0.4805422910111372,-5.7929310864740735,-5.373719862633172,-3.221574931207164,-2.4465887858110174,-3.1011287009645807,-2.320109063571959,0.001440230436869899,1.0415,-6.214608098422191,-4.330598442116605
2025-11,2025,11,Austrian Grand Prix,Charles Leclerc,leclerc,Ferrari,2,0.0,3.882006816004816,3.175570538048456,4.402986130255227,-2.024664431644451,-1.3633219031330623,0.5754530532020026,1.5198321135610824,0.5539383740715084,1.4412623331844077,0.07057129140662505,1.0415,-2.651131854482236,-0.5656498704605768
2025-11,2025,11,Austrian Grand Prix,Max Verstappen,max_verstappen,Red Bull,7,0.0,1.1473826209904974,3.243291082685273,2.822123388163089,-1.3579395205066929,-2.9117606602131616,0.94267578108929,-0.0448186360250362,0.9074316081000738,-0.0425016759096072,0.03504560729716754,1.0415,-3.351105000112581,-1.6979618180688085
2025-11,2025,11,Austrian Grand Prix,Lando Norris,norris,McLaren,1,1.0,4.755957964446722,3.9962192930072034,5.410355325556491,-1.1059554630228825,0.0480641539718053,1.4451319149921606,2.729209739764148,1.3911022260726391,2.588119544378872,0.6577052328372539,1.0415,-0.4189984224388015,1.1551056586626733
2025-11,2025,11,Austrian Grand Prix,Esteban Ocon,ocon,Haas F1 Team,17,0.0,-2.402001462225625,-1.2405331393732946,-2.0870069289331186,-6.492595683919998,-6.611552034131787,-3.866564411646646,-4.349279481532452,-3.7220037177879854,-4.124437585765358,0.001440230436869899,1.0415,-6.214608098422191,-5.281943789977322
2025-11,2025,11,Austrian Grand Prix,Oscar Piastri,piastri,McLaren,3,0.0,3.1957653917666264,4.149389780343695,4.084677152778237,-0.6832524657426347,-2.016400008089477,1.73306865730053,1.03413857234438,1.6682737694022665,0.9806773776616554,0.1824291886701872,1.0415,-1.7013931885405407,-0.3336273080980804
2025-11,2025,11,Austrian Grand Prix,George Russell,russell,Mercedes,5,0.0,2.0797081884785933,2.5877446709792444,2.39486672415591,-2.646661419934847,-3.6773347955178415,-0.0294583744778011,-0.6412340356809663,-0.02835700318249,-0.608084573379203,0.013442150744119058,1.0415,-4.309359931085768,-2.4752969833833673
2025-11,2025,11,Austrian Grand Prix,Carlos Sainz,sainz,Williams,19,0.0,-2.9956458284197645,1.1898334296609336,-0.6916924113635596,-5.505372960973131,-5.87603797260802,-2.1577697656560986,-3.28386519198579,-2.077096418130603,-3.1141013314786004,0.001440230436869899,1.0415,-6.214608098422191,-4.7492366452039905
2025-11,2025,11,Austrian Grand Prix,Lance Stroll,stroll,Aston Martin,16,0.0,-2.0950339060426124,-1.4707607310912063,-2.187786267416986,-6.3482542952296726,-6.495116447666349,-3.90950751316044,-4.341451357541668,-3.7633412894591687,-4.1170141472508375,0.00048007681228996637,1.0415,-6.214608098422191,-5.27802972798193
2025-11,2025,11,Austrian Grand Prix,Yuki Tsunoda,tsunoda,Red Bull,18,0.0,-2.7020147206609884,0.0940646016221813,-1.5920523465887717,-4.3200735596865405,-5.666409479363482,-2.11300447903218,-3.629230912976127,-2.0340047880674392,-3.4416129035759635,0.001440230436869899,1.0415,-6.214608098422191,-4.921919505699159
2025-12,2025,12,British Grand Prix,Alexander Albon,albon,Williams,13,0.0,-1.127538374753563,0.311973981422632,-0.2676364303320832,-5.330685795075149,-5.565204483668958,-2.5093559068262583,-2.9164204570005205,-2.4202418038837674,-2.7754769149935994,0.004147465437788018,1.085,-5.485257869198286,-4.200839163099403
2025-12,2025,12,British Grand Prix,Fernando Alonso,alonso,Aston Martin,7,0.0,1.1471890121397332,-0.2528747132800926,0.0770188497928723,-5.951942413492709,-5.848690520475082,-3.102408563386401,-2.885835835341105,-2.9922335358683045,-2.746370374074316,0.004608294930875576,1.085,-5.37989735354046,-4.132866594440783
2025-12,2025,12,British Grand Prix,Andrea Kimi Antonelli,antonelli,Mercedes,10,0.0,-0.0618805525500772,1.5132442612084342,1.0868329389729692,-3.0089344843975336,-4.290361614416172,-0.7478451115945497,-1.6017643377216015,-0.721287082867583,-1.5243549440668056,0.0032258064516129032,1.085,-5.736572297479192,-3.6691683176003966
2025-12,2025,12,British Grand Prix,Oliver Bearman,bearman,Haas F1 Team,18,0.0,-2.704530003517974,-1.565211459591601,-1.3609080366137063,-6.554916433254384,-6.458009973492696,-4.060063946422992,-3.9094590050532014,-3.915879952637815,-3.720524313493069,0.004147465437788018,1.085,-5.485257869198286,-4.697358437125743
2025-12,2025,12,British Grand Prix,Gabriel Bortoleto,bortoleto,Sauber,16,0.0,-2.097608465325432,-1.3736459079912775,-1.9683978840407972,-6.547240676929549,-6.679091214966981,-3.960443292460413,-4.323744549503889,-3.819797101020559,-4.114788440285344,0.004147465437788018,1.085,-5.485257869198286,-4.904501209351087
2025-12,2025,12,British Grand Prix,Franco Colapinto,colapinto,Alpine F1 Team,20,0.0,-3.285715881336209,-1.423734755102018,-2.7967878537693878,-6.4963872973042776,-6.627735518911902,-3.960061026203148,-4.712261686340645,-3.8194284100853535,-4.484529484235796,0.004147465437788018,1.085,-5.485257869198286,-5.098759777769465
2025-12,2025,12,British Grand Prix,Pierre Gasly,gasly,Alpine F1 Team,8,0.0,0.7236085639022174,-0.703223249182322,-0.3367753262146095,-6.240383319839872,-6.321308820202564,-3.4718032845110973,-3.3290420732085866,-3.348510038443304,-3.1681575271679745,0.004147465437788018,1.085,-5.485257869198286,-4.407149971203436
2025-12,2025,12,British Grand Prix,Isack Hadjar,hadjar,RB F1 Team,12,0.0,-0.7846691052166727,-0.1427127707151882,-0.6711482535302806,-5.600963989812098,-5.877743319841656,-2.871838380263643,-3.2744457866859684,-2.76985153162379,-3.116199747032339,0.0032258064516129032,1.085,-5.736572297479192,-4.50550904208258
2025-12,2025,12,British Grand Prix,Lewis Hamilton,hamilton,Ferrari,5,0.0,2.0811410343959795,2.146783304107174,2.517611641163109,-2.8501889016718955,-3.955456691501241,-0.3517027987823606,-0.7189225251690659,-0.3392128688642514,-0.6841787395524674,0.05990783410138249,1.085,-2.8149479960789225,-1.766935260623994
2025-12,2025,12,British Grand Prix,Nico Hülkenberg,hulkenberg,Sauber,19,0.0,-2.998080388395473,-1.0153384635524172,-2.1262735114563696,-6.573168896447487,-6.699450238341212,-3.794253679999952,-4.412861874898791,-3.659509336995581,-4.199598941036635,0.0004608294930875576,1.085,-6.214608098422191,-5.313734986660491
2025-12,2025,12,British Grand Prix,Liam Lawson,lawson,RB F1 Team,15,0.0,-1.7829956513322716,-0.3567162440511534,-1.1852024875078793,-6.126508311554333,-6.315482179220408,-3.241612277802743,-3.7503423333641432,-3.1264937450199173,-3.569097365432981,0.0004608294930875576,1.085,-6.214608098422191,-4.982475215893167
2025-12,2025,12,British Grand Prix,Charles Leclerc,leclerc,Ferrari,6,0.0,1.597367194534896,3.237506436137122,3.0853526388691703,-2.3880817516558417,-3.649096997776533,0.4247123422406402,-0.2818721794536813,0.4096296434156468,-0.268249979242443,0.02857142857142857,1.085,-3.5553480614894135,-1.9186101204715473
2025-12,2025,12,British Grand Prix,Max Verstappen,max_verstappen,Red Bull,1,0.0,4.764848911882291,2.672436333410685,4.598322995773783,-1.528346613158476,0.3441276023987678,0.5720448601261048,2.4712252990862758,0.5517299799553304,2.351796961545208,0.3456221198156682,1.085,-1.0624092400041492,0.7044080295410633
2025-12,2025,12,British Grand Prix,Lando Norris,norris,McLaren,3,1.0,3.1997766738413134,4.138050364342849,4.0572711384399405,-0.2869337354695232,-1.9104363898241583,1.9255583144366628,1.073417374307891,1.8571764633856875,1.021541710624499,0.20276497695852536,1.085,-1.5957077196221983,-0.26114517265715365
2025-12,2025,12,British Grand Prix,Esteban Ocon,ocon,Haas F1 Team,14,0.0,-1.4599462234581213,-0.9755142438050816,-1.3606206605395608,-6.560294167418871,-6.487879980365725,-3.767904205611976,-3.924250320452643,-3.634095604630769,-3.7346008004190185,0.004147465437788018,1.085,-5.485257869198286,-4.704754094825464
2025-12,2025,12,British Grand Prix,Oscar Piastri,piastri,McLaren,2,0.0,3.8879716340935415,4.094296499512709,4.703207925640238,-0.6115149943282088,-1.210072379440272,1.7413907525922503,1.746567773099983,1.6795491962122002,1.662160379884455,0.2857142857142857,1.085,-1.252762968495368,0.24690240230230742
2025-12,2025,12,British Grand Prix,George Russell,russell,Mercedes,4,0.0,2.609250868094151,2.3990193426378914,2.5464921052012994,-2.268650673418022,-2.714433827229209,0.0651843346099347,-0.0839708610139549,0.0628694603073834,-0.0799127525377683,0.035023041474654376,1.085,-3.351749106248174,-1.7178599836310644
2025-12,2025,12,British Grand Prix,Carlos Sainz,sainz,Williams,9,0.0,0.3217650756915766,0.6949254601428484,0.6296910626417537,-5.662313623643948,-5.771461085489817,-2.4836940817505497,-2.570885011424032,-2.395491300520243,-2.446640361194388,0.0009216589861751152,1.085,-6.214608098422191,-4.392746554923112
2025-12,2025,12,British Grand Prix,Lance Stroll,stroll,Aston Martin,17,0.0,-2.404564399686666,-1.636674751573688,-2.6811776043954625,-6.44507712788609,-6.380203339546395,-4.040875939729888,-4.530690471970929,-3.8973733646303024,-4.311733167195557,0.0004608294930875576,1.085,-6.214608098422191,-5.372649285196561
2025-12,2025,12,British Grand Prix,Yuki Tsunoda,tsunoda,Red Bull,11,0.0,-0.430000055494551,-0.4798225782398514,-0.8997770295303275,-4.624767041142819,-5.4814225731131545,-2.552294809691335,-3.190599801321741,-2.4616558286716663,-3.0364058352063865,0.004147465437788018,1.085,-5.485257869198286,-4.337928835260014
2025-14,2025,14,Hungarian Grand Prix,Alexander Albon,albon,Williams,19,0.0,-3.012042558862281,0.855425982843481,-1.0235182751716616,-4.985109124597917,-5.426471413561797,-2.0648415708772183,-3.224994844366729,-2.001817453735637,-3.0621295948084075,0.0004911591355599214,1.018,-6.214608098422191,-4.71980147139446
2025-14,2025,14,Hungarian Grand Prix,Fernando Alonso,alonso,Aston Martin,5,0.0,2.089389474388923,-0.3776814317020892,0.7109619556950476,-5.586362560748992,-5.265572244971058,-2.9820219962255408,-2.2773051446380053,-2.891003243862352,-2.16229910940363,0.005893909626719057,1.018,-5.133835727882413,-3.705570436260209
2025-14,2025,14,Hungarian Grand Prix,Andrea Kimi Antonelli,antonelli,Mercedes,15,0.0,-1.7877496306072602,1.1030153203914017,-0.4466870111453963,-3.001310265894256,-4.708984802449752,-0.9491474727514272,-2.5778359067975742,-0.9201771234757156,-2.4476527875859744,0.0029469548133595285,1.018,-5.826982908442359,-4.2024094076199665
2025-14,2025,14,Hungarian Grand Prix,Oliver Bearman,bearman,Haas F1 Team,11,0.0,-0.4272176218304638,-1.410310969545837,-1.1084239837186525,-6.423610510495501,-6.405008872591552,-3.9169607400206687,-3.756716428155102,-3.7974053242445502,-3.5669987423547487,0.0004911591355599214,1.018,-6.214608098422191,-4.9856622632886465
2025-14,2025,14,Hungarian Grand Prix,Gabriel Bortoleto,bortoleto,Sauber,7,0.0,1.1547901483763057,-0.7369263907002788,0.32968798180611,-6.293813947676295,-6.069399997717074,-3.515370169188287,-2.869856007955482,-3.408072299722776,-2.7249256010903204,0.0004911591355599214,1.018,-6.214608098422191,-4.542232053188837
2025-14,2025,14,Hungarian Grand Prix,Franco Colapinto,colapinto,Alpine F1 Team,14,0.0,-1.4626318489945052,-1.623726917828254,-1.8064935037815264,-6.364314296394574,-6.333977556391288,-3.994020607111414,-4.070235530086407,-3.872113131904228,-3.8646848370282174,0.0014734774066797642,1.018,-6.214608098422191,-5.142421814254299
2025-14,2025,14,Hungarian Grand Prix,Pierre Gasly,gasly,Alpine F1 Team,16,0.0,-2.104533068368654,-0.7282080625579295,-1.808249498644182,-6.213834663083212,-6.173436300918162,-3.4710213628205704,-3.990842899781172,-3.365077129588962,-3.78930160865128,0.0004911591355599214,1.018,-6.214608098422191,-5.102725499101682
2025-14,2025,14,Hungarian Grand Prix,Isack Hadjar,hadjar,RB F1 Team,10,0.0,-0.0575761120559734,-0.2638308125474272,-0.3299910933902836,-5.149304015993242,-5.441601382469685,-2.706567414270334,-2.885796237929984,-2.623956223090135,-2.740060834573945,0.0004911591355599214,1.018,-6.214608098422191,-4.550202168176088
2025-14,2025,14,Hungarian Grand Prix,Lewis Hamilton,hamilton,Ferrari,12,0.0,-0.7835717270024608,1.8279435415601388,0.7539932728350054,-3.2151076331002946,-4.910307635112968,-0.6935820457700779,-2.078157181138981,-0.6724121910381525,-1.9732083039279609,0.007367387033398821,1.018,-4.910692176568204,-3.4944246788535924
2025-14,2025,14,Hungarian Grand Prix,Nico Hülkenberg,hulkenberg,Sauber,18,0.0,-2.716066227965216,-0.5850095755916432,-1.816446809812056,-6.285450043765065,-6.367548820602296,-3.4352298096783542,-4.091997815207176,-3.330378023959296,-3.885348106439443,0.0004911591355599214,1.018,-6.214608098422191,-5.1533029568146835
2025-14,2025,14,Hungarian Grand Prix,Liam Lawson,lawson,RB F1 Team,9,0.0,0.3274033127554472,-0.2867215455530556,0.0808335509762606,-5.919285493996471,-5.806324287400665,-3.103003519774763,-2.8627453682122024,-3.0082921094277006,-2.718174055290503,0.0004911591355599214,1.018,-6.214608098422191,-4.538676733317197
2025-14,2025,14,Hungarian Grand Prix,Charles Leclerc,leclerc,Ferrari,1,0.0,4.764502650318402,2.849793750219338,4.68665015132721,-2.297252854743442,-0.760819391590218,0.2762704477379478,1.962915379868496,0.2678379842954395,1.863786321177884,0.18172888015717092,1.018,-1.7052393720321433,0.12883800391817635
2025-14,2025,14,Hungarian Grand Prix,Max Verstappen,max_verstappen,Red Bull,8,0.0,0.7303600000657717,2.7007373560925028,2.119665012490642,-1.8308227370520511,-2.9144541389162253,0.4349573095202258,-0.3973945632127915,0.4216813270848548,-0.377325766878489,0.014734774066797641,1.018,-4.217544996008258,-2.307469779610525
2025-14,2025,14,Hungarian Grand Prix,Lando Norris,norris,McLaren,3,1.0,3.2064336522200207,4.567961190540375,4.365272920441626,-0.2604109140658268,-0.7204298503853018,2.153775138237274,1.822421535028162,2.088036546703965,1.7303875466262044,0.2897838899803536,1.018,-1.2386198407706484,0.29190084712875686
2025-14,2025,14,Hungarian Grand Prix,Esteban Ocon,ocon,Haas F1 Team,17,0.0,-2.4137524444601466,-0.9832699103719252,-2.096376250931989,-6.394422267329467,-6.383457920275792,-3.688846088850696,-4.23991708560389,-3.57625330144269,-4.025797315626687,0.0004911591355599214,1.018,-6.214608098422191,-5.227262592013041
2025-14,2025,14,Hungarian Grand Prix,Oscar Piastri,piastri,McLaren,2,0.0,3.8922706116399297,4.46865583043855,4.960881257856546,-0.1241454809788638,-0.4473080144166029,2.172255174729843,2.256786621719972,2.105952526369553,2.1428167910430864,0.4666011787819253,1.018,-0.762280393075827,0.7472531143220724
2025-14,2025,14,Hungarian Grand Prix,George Russell,russell,Mercedes,4,0.0,2.6170818856511326,1.975492472405016,2.220318845329687,-2.774561134176053,-3.22740437607966,-0.3995343308855186,-0.5035427653749864,-0.3873395461490242,-0.4781133857623848,0.022593320235756383,1.018,-3.7901009811813187,-2.1468218732781525
2025-14,2025,14,Hungarian Grand Prix,Carlos Sainz,sainz,Williams,13,0.0,-1.1282690908773612,0.7271589984920386,0.0650086285852775,-5.629789693998469,-5.879625956845287,-2.4513153477532152,-2.9073086641300048,-2.376495086573505,-2.7604868631731163,0.0004911591355599214,1.018,-6.214608098422191,-4.560958381276098
2025-14,2025,14,Hungarian Grand Prix,Lance Stroll,stroll,Aston Martin,6,0.0,1.6054956087094046,-1.4219152811395877,-0.1734325092047247,-6.259461243235306,-5.37995052924477,-3.8406882621874474,-2.776691519224747,-3.723460872757484,-2.636466005991775,0.0019646365422396855,1.018,-6.214608098422191,-4.495649808823469
2025-14,2025,14,Hungarian Grand Prix,Yuki Tsunoda,tsunoda,Red Bull,20,0.0,-3.302175699121489,-0.3680056915944943,-1.9983384202772985,-4.340360996795916,-5.535348997418736,-2.354183344195205,-3.766843708848017,-2.2823277941375384,-3.576614585920786,0.0004911591355599214,1.018,-6.214608098422191,-4.990725903635104
2025-16,2025,16,Italian Grand Prix,Alexander Albon,albon,Williams,14,0.0,-1.4654936051479623,0.2664261587731032,-0.4627256883508356,-5.048013039657735,-5.2833125678628186,-2.390793440442316,-2.873019128106827,-2.327717406744234,-2.735219052327739,0.0014756517461878998,1.0165,-6.214608098422191,-4.5438136132645095
2025-16,2025,16,Italian Grand Prix,Fernando Alonso,alonso,Aston Martin,8,0.0,0.7331040718981096,0.666323226433376,0.8603486996365244,-5.279951934697033,-5.603232640442205,-2.3068143541318284,-2.3714419704028407,-2.2459539311964543,-2.257699294612667,0.0014756517461878998,1.0165,-6.214608098422191,-4.293025034412516
2025-16,2025,16,Italian Grand Prix,Andrea Kimi Antonelli,antonelli,Mercedes,6,0.0,1.6096823587218931,0.821754606625364,1.1376545758243095,-3.4292412264838097,-4.225451512965584,-1.3037433099292228,-1.5438984685706374,-1.269346797223579,-1.4698476821060018,0.005410723069355632,1.0165,-5.219372540829976,-3.3816355047003066
2025-16,2025,16,Italian Grand Prix,Oliver Bearman,bearman,Haas F1 Team,11,0.0,-0.4270959665598529,-0.9361704549014538,-0.5767603096281017,-6.246366231536753,-6.438420586110847,-3.591268343219104,-3.5075904478694744,-3.496520315554349,-3.3393541055528395,0.0004918839153959666,1.0165,-6.214608098422191,-4.8610992731458325
2025-16,2025,16,Italian Grand Prix,Gabriel Bortoleto,bortoleto,Sauber,7,0.0,1.1582943812906392,-0.6685169894998563,0.2310598545489117,-6.211676928566559,-6.156538613383969,-3.440096959033208,-2.9627393794175285,-3.349337268947852,-2.8206360056518096,0.0029513034923757996,1.0165,-5.8255083444002915,-4.39412386190891
2025-16,2025,16,Italian Grand Prix,Franco Colapinto,colapinto,Alpine F1 Team,17,0.0,-2.419846701120682,-1.7329967952628265,-2.6203822877863776,-6.0420445523028885,-6.335281613940772,-3.887520673782858,-4.477831950863575,-3.784956654293097,-4.263059422508838,0.0004918839153959666,1.0165,-6.214608098422191,-5.346220024642883
2025-16,2025,16,Italian Grand Prix,Pierre Gasly,gasly,Alpine F1 Team,20,0.0,-3.311687727973492,-1.1164402700619087,-2.675690805488226,-5.918319369993377,-6.281678853444964,-3.5173798200276427,-4.478684829466594,-3.4245811849368715,-4.263871394062205,0.0009837678307919333,1.0165,-6.214608098422191,-5.346646463944393
2025-16,2025,16,Italian Grand Prix,Isack Hadjar,hadjar,RB F1 Team,19,0.0,-3.020397576740874,0.7656969018661259,-0.8321421637573551,-5.159344904678306,-5.698747796011581,-2.1968240014060902,-3.265444979884468,-2.138865441541625,-3.108822783645546,0.0004918839153959666,1.0165,-6.214608098422191,-4.740026539153329
2025-16,2025,16,Italian Grand Prix,Lewis Hamilton,hamilton,Ferrari,10,0.0,-0.0565323943656579,1.2538664524699263,1.1682970910699295,-3.808329719445833,-4.530539326062828,-1.2772316334879534,-1.681121117496449,-1.2435345753517903,-1.600488651419731,0.003443187407771766,1.0165,-5.6713576645730335,-3.6762393910347413
2025-16,2025,16,Italian Grand Prix,Nico Hülkenberg,hulkenberg,Sauber,12,0.0,-0.7844113986530514,-0.8482645990481965,-0.7652062039660783,-6.398902359421474,-6.493133050963151,-3.623583479234835,-3.629169627464615,-3.5279828849811787,-3.455101921201437,0.0004918839153959666,1.0165,-6.214608098422191,-4.921888862943403
2025-16,2025,16,Italian Grand Prix,Liam Lawson,lawson,RB F1 Team,18,0.0,-2.7232815015958733,0.4531835897988475,-1.207989543443798,-5.642730033274296,-6.231445094052323,-2.594773221737724,-3.719717318748061,-2.526315612475199,-3.541306627574545,0.0004918839153959666,1.0165,-6.214608098422191,-4.967162708585127
2025-16,2025,16,Italian Grand Prix,Charles Leclerc,leclerc,Ferrari,4,0.0,2.622308099850524,2.3192740838262744,2.6033135019469933,-2.987296913971857,-3.1748170080680502,-0.3340114150727915,-0.2857517530605284,-0.3251992295797706,-0.2720460965821132,0.03197245450073783,1.0165,-3.4428805437327092,-1.8643161483966189
2025-16,2025,16,Italian Grand Prix,Max Verstappen,max_verstappen,Red Bull,1,1.0,4.769426278136967,2.8672077638213382,4.774862208195552,-2.4314010517845954,-0.2020887830473667,0.2179033560183714,2.286386712574093,0.2121544363523558,2.176723585318612,0.3098868666994589,1.0165,-1.1715479942427682,0.5574193591656623
2025-16,2025,16,Italian Grand Prix,Lando Norris,norris,McLaren,2,0.0,3.8977573404070265,4.613909035082957,5.040510509508995,-0.4950419443797784,-0.9378890930361756,2.059433545351589,2.05131070823641,2.005099742393888,1.9529226507828217,0.35907525823905556,1.0165,-1.0242232794859099,0.51354371437525
2025-16,2025,16,Italian Grand Prix,Esteban Ocon,ocon,Haas F1 Team,15,0.0,-1.7916650175373254,-0.9244301355772944,-1.4453220521509835,-6.270760734937189,-6.479627716509905,-3.597595435257242,-3.9624748843304447,-3.502680480636834,-3.77242068873124,0.0004918839153959666,1.0165,-6.214608098422191,-5.0885414913763185
2025-16,2025,16,Italian Grand Prix,Oscar Piastri,piastri,McLaren,3,0.0,3.2119326813777125,4.782288671979667,4.504042222169271,-0.1552065788239644,-0.8719988004652207,2.313541046577851,1.816021710852025,2.252503154074331,1.7289189390940174,0.2606984751598623,1.0165,-1.344390807082179,0.23581545188492292
2025-16,2025,16,Italian Grand Prix,George Russell,russell,Mercedes,5,0.0,2.094160669210026,2.108763313211174,2.1420731948501053,-2.78866731728216,-3.67884329516382,-0.3399520020354929,-0.7683850501568574,-0.3309830867066329,-0.731530607698305,0.014756517461878997,1.0165,-4.216070431966191,-2.4922277410615243
2025-16,2025,16,Italian Grand Prix,Carlos Sainz,sainz,Williams,13,0.0,-1.130104535313474,0.1547558865494444,-0.464500890723725,-5.313342472321381,-5.567052777160813,-2.579293292885968,-3.0157768339422693,-2.5112440888404644,-2.8711295978050333,0.0019675356615838665,1.0165,-6.214608098422191,-4.61519246618223
2025-16,2025,16,Italian Grand Prix,Lance Stroll,stroll,Aston Martin,16,0.0,-2.1095267141999625,-0.4340513319630418,-1.4018462801733578,-5.980150274240091,-6.43555782348284,-3.207100803101566,-3.918702051828099,-3.1224882243201253,-3.7307473548284262,0.0004918839153959666,1.0165,-6.214608098422191,-5.066655075125145
2025-16,2025,16,Italian Grand Prix,Yuki Tsunoda,tsunoda,Red Bull,9,0.0,0.3293237690715477,-0.1549867233949856,-0.1918640754328395,-4.635447686018797,-5.453948678381241,-2.395217204706892,-2.8229063769070404,-2.332024459335144,-2.6875098844683034,0.002459419576979833,1.0165,-6.007829901194246,-4.415368139050644
2025-17,2025,17,Azerbaijan Grand Prix,Alexander Albon,albon,Williams,19,0.0,-3.022741754775314,0.7584730268460422,-1.094697516846439,-5.1204712287033045,-5.453108296200773,-2.180999100928631,-3.273902906523606,-2.111594400321053,-3.123465668043251,0.0009823182711198428,1.018,-6.214608098422191,-4.744255502472899
2025-17,2025,17,Azerbaijan Grand Prix,Fernando Alonso,alonso,Aston Martin,11,0.0,-0.4290148828944834,0.0743339292810832,-0.2315555118991855,-5.509857117999807,-5.765592866838848,-2.7177615943593616,-2.9985741893690165,-2.631275804567439,-2.8607884231728704,0.0004911591355599214,1.018,-6.214608098422191,-4.606591143895604
2025-17,2025,17,Azerbaijan Grand Prix,Andrea Kimi Antonelli,antonelli,Mercedes,4,0.0,2.6247978282704576,1.177935376653199,2.000905200436302,-3.20936459182634,-3.234880627628012,-1.0157146075865704,-0.616987713595855,-0.9833920962144777,-0.588636864331291,0.02504911591355599,1.018,-3.6869167449460876,-2.151952229270971
2025-17,2025,17,Azerbaijan Grand Prix,Oliver Bearman,bearman,Haas F1 Team,15,0.0,-1.794147925750513,-1.0652942073791682,-1.6108451317791508,-6.03290208625823,-6.350017952062509,-3.5490981468186997,-3.98043154192083,-3.4361572042011703,-3.7975290105313104,0.0009823182711198428,1.018,-6.214608098422191,-5.09751982017151
2025-17,2025,17,Azerbaijan Grand Prix,Gabriel Bortoleto,bortoleto,Sauber,13,0.0,-1.1324126591483457,-0.8285894743101792,-1.2258208405436453,-6.09998445243093,-6.18823395985946,-3.4642869633705544,-3.707027400201552,-3.3540449190665957,-3.5366879060320384,0.0009823182711198428,1.018,-6.214608098422191,-4.960817749311872
2025-17,2025,17,Azerbaijan Grand Prix,Franco Colapinto,colapinto,Alpine F1 Team,16,0.0,-2.112030183178629,-2.1192771434288007,-2.7206877834568544,-6.344480571435067,-6.545986994239013,-4.2318788574319335,-4.633337388847933,-4.097210170506503,-4.420433554608634,0.0004911591355599214,1.018,-6.214608098422191,-5.423972743635062
2025-17,2025,17,Azerbaijan Grand Prix,Pierre Gasly,gasly,Alpine F1 Team,18,0.0,-2.7257124420564347,-1.4874767511712317,-2.766312249276991,-6.005432079347925,-6.321292883820582,-3.7464544152595782,-4.543802566548786,-3.6272331157549993,-4.335012895679351,0.0009823182711198428,1.018,-6.214608098422191,-5.379205332485489
2025-17,2025,17,Azerbaijan Grand Prix,Isack Hadjar,hadjar,RB F1 Team,8,0.0,0.7323157176562266,0.4702337741344319,0.8459637603022354,-5.189386671484842,-5.343325696443822,-2.359576448675205,-2.248680968070793,-2.2844889821506813,-2.1453531160487214,0.0004911591355599214,1.018,-6.214608098422191,-4.2316445332464925
2025-17,2025,17,Azerbaijan Grand Prix,Lewis Hamilton,hamilton,Ferrari,12,0.0,-0.7865549815112534,1.7067608169914563,0.6811300560308186,-3.823657845447225,-5.23778935562033,-1.058448514227884,-2.278329649794756,-1.0247661059191215,-2.1736394281696487,0.012278978388998036,1.018,-4.399866552802212,-3.339098101298484
2025-17,2025,17,Azerbaijan Grand Prix,Nico Hülkenberg,hulkenberg,Sauber,17,0.0,-2.422331715385878,-1.0534116587661904,-2.0956537992978967,-5.973963910043735,-6.182768073126507,-3.5136877844049628,-4.139210936212201,-3.401873685719045,-3.949012423760696,0.0009823182711198428,1.018,-6.214608098422191,-5.176909517317196
2025-17,2025,17,Azerbaijan Grand Prix,Liam Lawson,lawson,RB F1 Team,3,0.0,3.2158488797636435,0.1234028595604886,1.8347590760193,-5.810658668634615,-4.221458941896529,-2.843627904537063,-1.1933499329386146,-2.753136742358355,-1.138514993241936,0.015225933202357564,1.018,-4.184755173185267,-2.689052553061941
2025-17,2025,17,Azerbaijan Grand Prix,Charles Leclerc,leclerc,Ferrari,10,0.0,-0.0581581076579534,2.7748916291909507,1.7795903574145917,-2.567291510361424,-3.9978846654862177,0.1038000594147632,-1.109147154035813,0.1004968888432288,-1.058181368034948,0.023575638506876228,1.018,-3.7475413667625226,-2.428344260399168
2025-17,2025,17,Azerbaijan Grand Prix,Max Verstappen,max_verstappen,Red Bull,1,1.0,4.778152185973496,3.2992721143132235,4.964749043735703,-1.8563629124570136,-0.1721978197283084,0.721454600928105,2.396275612003697,0.6984961592863569,2.286165722981226,0.6532416502946955,1.018,-0.4258081564546139,0.9852337277745417
2025-17,2025,17,Azerbaijan Grand Prix,Lando Norris,norris,McLaren,7,0.0,1.1580818302425424,4.551174388915394,3.631602056035203,-0.8762411676469385,-2.567910140029152,1.837466610634228,0.5318459580030257,1.7789939501305208,0.5074074088146895,0.11296660117878193,1.018,-2.1806630687472177,-0.824408555372096
2025-17,2025,17,Azerbaijan Grand Prix,Esteban Ocon,ocon,Haas F1 Team,20,0.0,-3.31391500436676,-1.0791080830640976,-2.655010136769264,-6.013893214108257,-6.311561453607194,-3.546500648586177,-4.483285795188229,-3.433642364685509,-4.2772768958398695,0.0009823182711198428,1.018,-6.214608098422191,-5.34894694680521
2025-17,2025,17,Azerbaijan Grand Prix,Oscar Piastri,piastri,McLaren,9,0.0,0.3280703718864159,4.615984198474395,3.252501414105544,-0.4915243015557202,-2.400206091442514,2.0622299484593376,0.4261476613315151,1.9966047714036204,0.4065659940719786,0.07367387033398821,1.018,-2.6081070835741578,-1.0909797111213213
2025-17,2025,17,Azerbaijan Grand Prix,George Russell,russell,Mercedes,5,0.0,2.095541967016894,2.444493653522308,2.582022508163905,-2.6262388385305835,-3.6609798222992938,-0.0908725925041378,-0.5394786570676944,-0.0879808053990909,-0.5146893820935835,0.04223968565815324,1.018,-3.1643950814169055,-1.8519368692423
2025-17,2025,17,Azerbaijan Grand Prix,Carlos Sainz,sainz,Williams,2,0.0,3.9035976800068815,0.6585425876837667,2.590609069297965,-5.508737675779081,-3.373182273011105,-2.4250975440476568,-0.3912866018565701,-2.347925036770081,-0.3733068151865465,0.027013752455795677,1.018,-3.6114091924379426,-2.0013478971472565
2025-17,2025,17,Azerbaijan Grand Prix,Lance Stroll,stroll,Aston Martin,14,0.0,-1.4679129639962538,-1.1338382409436594,-1.6239637683242432,-5.944965563959028,-6.057806348974075,-3.539401902451344,-3.840885058649159,-3.426769517933196,-3.66439474783625,0.0004911591355599214,1.018,-6.214608098422191,-5.027746578535675
2025-17,2025,17,Azerbaijan Grand Prix,Yuki Tsunoda,tsunoda,Red Bull,6,0.0,1.6101811390967071,-0.082370034939322,0.4311682045935361,-4.42268107663003,-4.999831645095766,-2.252525555784676,-2.284331720251114,-2.1808447092664043,-2.179365700922044,0.0068762278978389,1.018,-4.979685048055154,-3.632008384153134
2025-18,2025,18,Singapore Grand Prix,Alexander Albon,albon,Williams,20,0.0,-3.316131552009239,1.0244598586179352,-0.7666380443435956,-5.4121732625505725,-6.062695869747016,-2.1938567019663187,-3.414666957045306,-2.119132489713038,-3.2714173771927126,0.0019249278152069298,1.039,-6.214608098422191,-4.8146375277337485
2025-18,2025,18,Singapore Grand Prix,Fernando Alonso,alonso,Aston Martin,10,0.0,-0.0597757056113965,0.3560976549104105,0.0469814399435494,-5.548985847924663,-5.552165018711076,-2.5964440965071263,-2.752591789383763,-2.508007490963436,-2.637117096743133,0.0033686236766121273,1.039,-5.693251022603859,-4.222921405993811
2025-18,2025,18,Singapore Grand Prix,Andrea Kimi Antonelli,antonelli,Mercedes,4,0.0,2.627276831290689,1.932541615333318,2.6254821786300875,-3.0000906997120054,-3.3268101661650844,-0.5337745421893436,-0.3506639937674984,-0.515593827765195,-0.3359531975438771,0.02165543792107796,1.039,-3.832498681888853,-2.091581337828176
2025-18,2025,18,Singapore Grand Prix,Oliver Bearman,bearman,Haas F1 Team,9,0.0,0.3268233925997796,-0.8674287451341293,-0.3235368060129249,-5.945985420423131,-6.05420896482672,-3.40670708277863,-3.1888728854198223,-3.290672383287937,-3.0550956512748595,0.0014436958614051974,1.039,-6.214608098422191,-4.701740491921007
2025-18,2025,18,Singapore Grand Prix,Gabriel Bortoleto,bortoleto,Sauber,14,0.0,-1.4703206179567538,-0.4753735015473186,-1.147217852286455,-6.028343961861823,-6.0836636106151865,-3.25185873170457,-3.61544073145082,-3.14109826960703,-3.463768438873734,0.0014436958614051974,1.039,-6.214608098422191,-4.915024414936505
2025-18,2025,18,Singapore Grand Prix,Franco Colapinto,colapinto,Alpine F1 Team,16,0.0,-2.114521591137602,-1.9950879420663328,-2.6584756799063163,-6.284371823133556,-6.509969246032951,-4.139729882599944,-4.584222462969634,-3.998727941068671,-4.39190855650906,0.0014436958614051974,1.039,-6.214608098422191,-5.399415280695912
2025-18,2025,18,Singapore Grand Prix,Pierre Gasly,gasly,Alpine F1 Team,19,0.0,-3.0250746508405078,-1.3723490987322178,-2.7823839547910034,-5.942521920844522,-6.2618324334265125,-3.6574355097883697,-4.522108194108758,-3.532860834017086,-4.332400059464031,0.004331087584215592,1.039,-5.441936594322954,-4.982022394215855
2025-18,2025,18,Singapore Grand Prix,Isack Hadjar,hadjar,RB F1 Team,8,0.0,0.7315316572802915,0.9768319848028602,1.170880157853131,-5.112154735242981,-5.584116008241668,-2.06766137522006,-2.2066179251942684,-1.99723545937452,-2.1140475238474856,0.0038498556304138597,1.039,-5.5597196299793366,-3.8831687775868025
2025-18,2025,18,Singapore Grand Prix,Lewis Hamilton,hamilton,Ferrari,6,0.0,1.610678322660521,1.7343143229750368,1.876970168125014,-3.935611353744367,-4.699166720955649,-1.100648515384665,-1.4110982764153177,-1.0631596979946565,-1.3519009263457449,0.012512030798845044,1.039,-4.38106463363769,-2.896081455026504
2025-18,2025,18,Singapore Grand Prix,Nico Hülkenberg,hulkenberg,Sauber,11,0.0,-0.4309243504115911,-0.8168834216047994,-0.7304643621284741,-5.97529074759727,-6.15568898013513,-3.3960870846010347,-3.443076671131802,-3.2804141092818617,-3.298635267989319,0.00048123195380173246,1.039,-6.214608098422191,-4.828842384776997
2025-18,2025,18,Singapore Grand Prix,Liam Lawson,lawson,RB F1 Team,12,0.0,-0.7886880973772771,0.7899391383938262,0.372800568901473,-5.789112810537112,-6.022746049121287,-2.499586836071643,-2.824972740109907,-2.414449252966641,-2.7064615754176,0.0009624639076034649,1.039,-6.214608098422191,-4.519790419266049
2025-18,2025,18,Singapore Grand Prix,Charles Leclerc,leclerc,Ferrari,7,0.0,1.157870939472468,2.711176085558939,2.289347142871038,-2.8409596574228546,-4.461800500395565,-0.0648917859319577,-1.0862266787622636,-0.0626815287254921,-1.0406581014120395,0.006256015399422522,1.039,-5.074211814197636,-3.08021924647995
2025-18,2025,18,Singapore Grand Prix,Max Verstappen,max_verstappen,Red Bull,2,0.0,3.909411910453164,3.71273078280608,4.310395814909914,-1.7742458206693037,-1.4459563861261742,0.969242481068388,1.43221971439187,0.9362294402369898,1.372136293395298,0.39942252165543796,1.039,-0.917735470868529,0.2572421217616705
2025-18,2025,18,Singapore Grand Prix,Lando Norris,norris,McLaren,5,0.0,2.096917623378106,4.380429817279278,4.019123047773306,-1.172357135371834,-2.565632905883766,1.6040363409537222,0.7267450709447698,1.5494018008326775,0.6962571998339474,0.04331087584215592,1.039,-3.1393515013289077,-1.206303215192069
2025-18,2025,18,Singapore Grand Prix,Esteban Ocon,ocon,Haas F1 Team,17,0.0,-2.4248047689422187,-0.9099865240618222,-2.022861013480702,-5.982515023766968,-6.157054121615989,-3.4462507739143957,-4.089957567548345,-3.328869190113957,-3.918378696010841,0.0014436958614051974,1.039,-6.214608098422191,-5.152282832985268
2025-18,2025,18,Singapore Grand Prix,Oscar Piastri,piastri,McLaren,3,0.0,3.219747805647615,4.389015667561545,4.4855121298049285,-1.0045733246837198,-1.6651025306730205,1.6922211714389128,1.410204799565954,1.63458299758701,1.351044931975607,0.12030798845043311,1.039,-2.1177002537969263,-0.3537477271154862
2025-18,2025,18,Singapore Grand Prix,George Russell,russell,Mercedes,1,1.0,4.786838724935125,3.264840678456504,5.11709842387045,-2.4742861484216028,-0.5457690243245853,0.3952772650174505,2.2856646997729326,0.3818138595800822,2.189778186667803,0.370548604427334,1.039,-0.992770656811443,0.6464470214807447
2025-18,2025,18,Singapore Grand Prix,Carlos Sainz,sainz,Williams,18,0.0,-2.728131685985524,1.279172558965552,-0.652794814065978,-5.128829286549115,-5.778754732098877,-1.9248283637917811,-3.2157747730824275,-1.859267434913337,-3.080868970865267,0.0019249278152069298,1.039,-6.214608098422191,-4.71519143575231
2025-18,2025,18,Singapore Grand Prix,Lance Stroll,stroll,Aston Martin,15,0.0,-1.79661885212488,-0.927077627737538,-1.8015114963907877,-5.862361026231836,-6.099324657894604,-3.394719326984687,-3.950418077142696,-3.279092938395788,-3.7846930629871576,0.0019249278152069298,1.039,-6.214608098422191,-5.082513087782444
2025-18,2025,18,Singapore Grand Prix,Yuki Tsunoda,tsunoda,Red Bull,13,0.0,-1.1347095744255062,0.359071464644307,-0.9122775640564366,-3.9457649820304166,-5.395108233090991,-1.7933467586930547,-3.153692898573714,-1.7322641803641217,-3.021391509188524,0.0014436958614051974,1.039,-6.214608098422191,-4.684150498497953
2025-19,2025,19,United States Grand Prix,Alexander Albon,albon,Williams,18,0.0,-2.7305394838783883,0.4684181260041892,-0.2437643076371219,-5.890469585870697,-6.182503877593208,-2.711025729933254,-3.2131340926151646,-2.612907061747418,-3.0885147244812825,0.003623188405797102,1.1039999999999999,-5.62040086571715,-4.4167674791661575
2025-19,2025,19,United States Grand Prix,Fernando Alonso,alonso,Aston Martin,10,0.0,-0.0613851934861063,0.575030149248245,-0.5070457224780095,-5.3088214987218185,-5.764615312983631,-2.366895674736787,-3.1358305177308203,-2.281231917002659,-3.0142093197258224,0.006340579710144929,1.1039999999999999,-5.060785077781727,-4.098307797756274
2025-19,2025,19,United States Grand Prix,Andrea Kimi Antonelli,antonelli,Mercedes,7,0.0,1.1576618005677242,2.099217039458882,1.7381507753672705,-2.912035976231743,-4.484816679546142,-0.4064094683864305,-1.3733329520894362,-0.3917005132718024,-1.320069104458499,0.004528985507246378,1.1039999999999999,-5.39725731440294,-3.385295133246188
2025-19,2025,19,United States Grand Prix,Oliver Bearman,bearman,Haas F1 Team,8,0.0,0.7307519496147146,-0.7848738604229966,-0.6030240729734077,-6.12723255114368,-6.307943134823947,-3.456053205783338,-3.4554836038986774,-3.330970166553313,-3.3214648636585644,0.00588768115942029,1.1039999999999999,-5.1348930499354495,-4.295188326917064
2025-19,2025,19,United States Grand Prix,Gabriel Bortoleto,bortoleto,Sauber,16,0.0,-2.1170011284669803,-0.8534426948780554,-1.490077632578645,-6.054892190326896,-6.373456339772358,-3.4541674426024755,-3.931766986175501,-3.329152653765568,-3.779275896994701,0.001811594202898551,1.1039999999999999,-6.214608098422191,-5.073187542298847
2025-19,2025,19,United States Grand Prix,Franco Colapinto,colapinto,Alpine F1 Team,15,0.0,-1.7990779567481798,-2.3961571694520205,-2.7256731917797845,-6.409615028877492,-6.591984905040627,-4.402886099164756,-4.658829048410206,-4.24353485603413,-4.478139318220913,0.001811594202898551,1.1039999999999999,-6.214608098422191,-5.436718573416199
2025-19,2025,19,United States Grand Prix,Pierre Gasly,gasly,Alpine F1 Team,14,0.0,-1.4727166966259144,-1.7892806825914278,-1.9690966816281408,-6.0570930877662565,-6.360752053135007,-3.923186885178842,-4.164924367381574,-3.781197132751312,-4.003390417030295,0.0009057971014492755,1.1039999999999999,-6.214608098422191,-5.189766232901883
2025-19,2025,19,United States Grand Prix,Isack Hadjar,hadjar,RB F1 Team,20,0.0,-3.318337680924924,0.6813137624568164,-1.0067483751990145,-5.0988116170545466,-5.923644136304467,-2.208748927298865,-3.4651962557517404,-2.1288088881061,-3.330800816468903,0.0031702898550724644,1.1039999999999999,-5.753932258341672,-4.609564257046706
2025-19,2025,19,United States Grand Prix,Lewis Hamilton,hamilton,Ferrari,5,0.0,2.0982877973106264,1.983189182286356,2.4528372446349342,-4.00113874505477,-4.262764813709095,-1.0089747813842072,-0.9049637845370802,-0.9724575101944016,-0.8698653380476374,0.016304347826086956,1.1039999999999999,-4.116323468940876,-2.510643626738978
2025-19,2025,19,United States Grand Prix,Nico Hülkenberg,hulkenberg,Sauber,11,0.0,-0.4328244058720322,-1.1294048881416652,-1.1882883833850937,-6.064262883344238,-6.3797476124825385,-3.596833885742952,-3.784017997933816,-3.4666556485325386,-3.637257259565146,0.004528985507246378,1.1039999999999999,-5.39725731440294,-4.5906376561683775
2025-19,2025,19,United States Grand Prix,Liam Lawson,lawson,RB F1 Team,12,0.0,-0.7908108142114652,0.3591355226141667,0.0868662550952068,-5.7715531452758,-6.131894451304829,-2.706208811330817,-3.022514098104811,-2.608264479239549,-2.905287805574017,0.002264492753623189,1.1039999999999999,-6.090404494962885,-4.556459296533848
2025-19,2025,19,United States Grand Prix,Charles Leclerc,leclerc,Ferrari,3,0.0,3.2236296896126104,3.0343666852437527,3.363205446693303,-2.6295281945589046,-3.0390265650866435,0.202419245342424,0.1620894408033297,0.1950931965525184,0.1558029046327696,0.04936594202898551,1.1039999999999999,-3.0084945251678423,-1.4232025421822563
2025-19,2025,19,United States Grand Prix,Max Verstappen,max_verstappen,Red Bull,1,1.0,4.79548620716971,3.8328587601099904,5.353926266254255,-1.1105170094987291,-0.0279869101903193,1.3611708753056306,2.662969678031968,1.31190676394597,2.5596880878242176,0.552536231884058,1.1039999999999999,-0.5932362696696837,1.0348667041811421
2025-19,2025,19,United States Grand Prix,Lando Norris,norris,McLaren,2,0.0,3.915200300998327,4.481674228307017,4.1137284011919295,-1.1871024455449724,-2.2546772598814093,1.6472858913810222,0.92952557065526,1.5876665760794286,0.8934745108673802,0.26721014492753625,1.1039999999999999,-1.3197198704972206,-0.19509714992098032
2025-19,2025,19,United States Grand Prix,Esteban Ocon,ocon,Haas F1 Team,17,0.0,-2.42726608231066,-1.0814316973689952,-2.06734204642451,-6.0956506075806125,-6.412776169267576,-3.588541152474804,-4.240059107846043,-3.458663049613876,-4.075611104233462,0.0013586956521739132,1.1039999999999999,-6.214608098422191,-5.227333603134117
2025-19,2025,19,United States Grand Prix,Oscar Piastri,piastri,McLaren,6,0.0,1.6111740343392482,4.526044101169738,3.019955011134796,-0.972404962505656,-2.989989736679622,1.776819569332041,0.0149826372275869,1.7125121126286762,0.0144015451441372,0.04076086956521739,1.1039999999999999,-3.2000327370667208,-1.592525049919567
2025-19,2025,19,United States Grand Prix,George Russell,russell,Mercedes,4,0.0,2.6297453030122258,3.4673627627385435,3.542559644313925,-1.9890955124959944,-1.4307678156359205,0.7391336251212745,1.0558959143390023,0.712382566985779,1.014943660910644,0.03170289855072465,1.1039999999999999,-3.451347165347627,-1.1977256255043123
2025-19,2025,19,United States Grand Prix,Carlos Sainz,sainz,Williams,9,0.0,0.3255828577999956,0.8409097285945075,1.333232146668212,-5.384511103639006,-5.13451397882146,-2.271800687522249,-1.900640916076624,-2.189578650533748,-1.826925763461224,0.004981884057971015,1.1039999999999999,-5.301947134598615,-3.6012940253376193
2025-19,2025,19,United States Grand Prix,Lance Stroll,stroll,Aston Martin,19,0.0,-3.027396545262313,-0.8403247037955301,-2.196089805313516,-6.019782065345818,-6.298337303896112,-3.430053384570674,-4.247213554604814,-3.305911342617911,-4.082488070311774,0.00045289855072463774,1.1039999999999999,-6.214608098422191,-5.230910826513503
2025-19,2025,19,United States Grand Prix,Yuki Tsunoda,tsunoda,Red Bull,13,0.0,-1.136995380040505,0.3269360461590442,-0.2777604815849321,-4.264819756794042,-5.540346358073711,-1.9689418553174989,-2.909053419829321,-1.8976810220299232,-2.7962276277529687,0.00045289855072463774,1.1039999999999999,-6.214608098422191,-4.5618307591257565
2025-20,2025,20,Mexico City Grand Prix,Alexander Albon,albon,Williams,17,0.0,-2.4297159500325587,0.0417489360888487,-1.2835216553174909,-6.023953087075473,-6.206925460545407,-2.991102075493312,-3.745223557931449,-2.885403049482471,-3.6133830653106807,0.0004275331338178709,1.1695,-6.214608098422191,-4.97991582817682
2025-20,2025,20,Mexico City Grand Prix,Fernando Alonso,alonso,Aston Martin,14,0.0,-1.4751013783448792,0.7553597066089071,-0.3381861890198068,-5.3228837575609695,-5.979200984060178,-2.283762025476032,-3.1586935865399925,-2.20305885465778,-3.047500299398142,0.002992731936725096,1.1695,-5.811568617528866,-4.485131102034429
2025-20,2025,20,Mexico City Grand Prix,Andrea Kimi Antonelli,antonelli,Mercedes,6,0.0,1.6116684449510694,1.7488686748293751,1.7285858683934312,-3.946161701276512,-4.851453597010248,-1.0986465132235683,-1.5614338643084082,-1.0598227407654568,-1.5064677970814708,0.01539119281744335,1.1695,-4.173959828128069,-2.8676968462182386
2025-20,2025,20,Mexico City Grand Prix,Oliver Bearman,bearman,Haas F1 Team,9,0.0,0.3243487979469659,-0.6071827657214219,-0.2305211791084797,-6.196227270970409,-6.238813719891333,-3.401705018345916,-3.234667449499906,-3.2814961795499165,-3.12079970745196,0.012398460880718257,1.1695,-4.3901829365977045,-3.8124251930488056
2025-20,2025,20,Mexico City Grand Prix,Gabriel Bortoleto,bortoleto,Sauber,16,0.0,-2.119469051552552,-1.2500883350436818,-2.268155271752807,-6.027250685007568,-6.379470283912962,-3.638669510025625,-4.3238127778328845,-3.5100868627344517,-4.1716046124692365,0.012398460880718257,1.1695,-4.3901829365977045,-4.356997857215294
2025-20,2025,20,Mexico City Grand Prix,Franco Colapinto,colapinto,Alpine F1 Team,20,0.0,-3.3205337972230384,-2.6541061749665165,-4.10968385414602,-6.331642990240013,-6.525949372970097,-4.492874582603265,-5.317816613558058,-4.334106190424035,-5.130617224481901,0.016673792218896966,1.1695,-4.093917120454533,-4.7058668670062955
2025-20,2025,20,Mexico City Grand Prix,Pierre Gasly,gasly,Alpine F1 Team,18,0.0,-2.732936167921739,-2.223346883891313,-3.5059751038292783,-6.157246360938528,-6.398791560321548,-4.1902966224149205,-4.952383332075414,-4.042220675654486,-4.778048035917999,0.012398460880718257,1.1695,-4.3901829365977045,-4.671283134336559
2025-20,2025,20,Mexico City Grand Prix,Isack Hadjar,hadjar,RB F1 Team,8,0.0,0.7299766702006795,0.3354292298697583,0.5118015075993128,-5.60541190849343,-5.788073066830373,-2.634991339311836,-2.63813577961553,-2.541876490308788,-2.5452673258623744,0.007268063274903805,1.1695,-4.924265422527963,-3.7812006010717463
2025-20,2025,20,Mexico City Grand Prix,Lewis Hamilton,hamilton,Ferrari,3,0.0,3.2274948666883088,1.979825277100523,2.7961646938839104,-3.651360590964402,-3.13876547770278,-0.8357676569319392,-0.1713003919094347,-0.806233450114708,-0.1652702236948717,0.046173578452330055,1.1695,-3.075347539459959,-1.623323965684697
2025-20,2025,20,Mexico City Grand Prix,Nico Hülkenberg,hulkenberg,Sauber,13,0.0,-1.1392702143212163,-1.2799826283791755,-1.6256415395363883,-6.034558143903376,-6.416053903427549,-3.657270386141276,-4.020847721481969,-3.528030424442653,-3.8793046236792663,0.0004275331338178709,1.1695,-6.214608098422191,-5.11772790995208
2025-20,2025,20,Mexico City Grand Prix,Liam Lawson,lawson,RB F1 Team,15,0.0,-1.801525457291767,0.3835031446044564,-0.6476986503303103,-5.9036121930978585,-6.090657355228081,-2.760054524246701,-3.369178002779196,-2.6625202149565115,-3.250575179545113,0.0021376656690893546,1.1695,-6.148040854150079,-4.758609428464638
2025-20,2025,20,Mexico City Grand Prix,Charles Leclerc,leclerc,Ferrari,2,0.0,3.920963252653737,3.0272343125482264,4.131548663579503,-1.9056431846955435,-1.5765218796588132,0.5607955639263416,1.277513391960345,0.5409782713692366,1.2325419790872758,0.1410859341598974,1.1695,-1.958386112123653,-0.340436360081654
2025-20,2025,20,Mexico City Grand Prix,Max Verstappen,max_verstappen,Red Bull,5,0.0,2.0996527106939,4.100342951734708,3.5489250172241675,-0.4707457423387602,-2.584119880461708,1.814798604697974,0.4824025683812298,1.750667578714592,0.4654208872417379,0.08978195810175288,1.1695,-2.41037123586671,-0.9639843337427402
2025-20,2025,20,Mexico City Grand Prix,Lando Norris,norris,McLaren,1,1.0,4.804095113441957,4.747701876937028,6.424568130792361,-1.2182047748893985,0.2708628749983386,1.7647485510238148,3.34771550289535,1.702386184815869,3.22986820907461,0.5857203933304832,1.1695,-0.5349127477620083,1.4064013775666708
2025-20,2025,20,Mexico City Grand Prix,Esteban Ocon,ocon,Haas F1 Team,11,0.0,-0.4347151051887629,-1.2302054606284405,-1.1180878113171844,-6.196227270970409,-6.354739844038851,-3.7132163657994246,-3.7364138276780174,-3.581999395155658,-3.604883457846584,0.0004275331338178709,1.1695,-6.214608098422191,-4.975510963050104
2025-20,2025,20,Mexico City Grand Prix,Oscar Piastri,piastri,McLaren,7,0.0,1.1574545357373265,4.452838410899845,3.765787140821056,-1.5309959430994102,-3.6628805563298426,1.460921233900217,0.0514532922456067,1.4092954626612528,0.0496420178872964,0.021376656690893545,1.1695,-3.845455761156033,-1.8970012344552132
2025-20,2025,20,Mexico City Grand Prix,George Russell,russell,Mercedes,4,0.0,2.632203519611802,3.2038838008988875,3.1654071952630782,-2.48798744521967,-3.03563222917282,0.3579481778396087,0.0648874830451291,0.3452990696496911,0.0626032942384357,0.02778965369816161,1.1695,-3.583091496688542,-1.7591020068217065
2025-20,2025,20,Mexico City Grand Prix,Carlos Sainz,sainz,Williams,12,0.0,-0.792923229564858,0.6635033383441473,0.5739249027750871,-5.663682008561411,-5.912870370006565,-2.5000893351086315,-2.6694727336157387,-2.411741628814626,-2.575501146928403,0.0021376656690893546,1.1695,-6.148040854150079,-4.408756793882908
2025-20,2025,20,Mexico City Grand Prix,Lance Stroll,stroll,Aston Martin,19,0.0,-3.0297078074045585,-0.8389411162232954,-2.350314972836168,-6.046633620358151,-6.317442936056501,-3.4427873682907237,-4.333878954446335,-3.3211267688172867,-4.18131643648851,0.0008550662676357418,1.1695,-6.214608098422191,-5.2742435264342635
2025-20,2025,20,Mexico City Grand Prix,Yuki Tsunoda,tsunoda,Red Bull,10,0.0,-0.0629865845752252,0.6589317074816681,-0.1300783634579072,-3.952842465579619,-5.291216872363983,-1.6469553790489757,-2.7106476179109453,-1.5887555667205775,-2.6152265804911994,0.0021376656690893546,1.1695,-6.148040854150079,-4.429344236030512
2025-24,2025,24,Abu Dhabi Grand Prix,Alexander Albon,albon,Williams,17,0.0,-2.443568981346516,-0.1254180633752767,-1.124632952155802,-6.127103638604884,-6.349489796009471,-3.12626085099008,-3.7370613740826366,-3.032897325191,-3.600117274864606,0.000495785820525533,1.0085,-6.214608098422191,-4.9758347362524145
2025-24,2025,24,Abu Dhabi Grand Prix,Fernando Alonso,alonso,Aston Martin,6,0.0,1.6206584252583116,-0.0065508890232238,0.7859339973689049,-5.942003114398413,-5.386249369785792,-2.9742770017108184,-2.3001576862084434,-2.885452363966692,-2.215868724677923,0.000495785820525533,1.0085,-6.214608098422191,-4.257382892315317
2025-24,2025,24,Abu Dhabi Grand Prix,Andrea Kimi Antonelli,antonelli,Mercedes,14,0.0,-1.4824184603059885,1.8308243962368136,0.3629385609450695,-4.31489859534436,-5.544793063930211,-1.242037099553773,-2.5909272514925705,-1.2049445572757098,-2.4959830793000024,0.000495785820525533,1.0085,-6.214608098422191,-4.402767674957381
2025-24,2025,24,Abu Dhabi Grand Prix,Oliver Bearman,bearman,Haas F1 Team,11,0.0,-0.4356741014208953,-0.5162033582607566,-0.3583335033888257,-6.3439140820051785,-6.479636794834303,-3.4300587201329678,-3.4189851491115646,-3.3276224900570046,-3.293696909337916,0.000495785820525533,1.0085,-6.214608098422191,-4.816796623766878
2025-24,2025,24,Abu Dhabi Grand Prix,Gabriel Bortoleto,bortoleto,Sauber,7,0.0,1.1645479064023263,-1.4542775557957306,-0.1175159245930726,-6.615592072775905,-6.217585931647938,-4.034934814285817,-3.167550928120505,-3.914434395866837,-3.051476460736308,0.000495785820525533,1.0085,-6.214608098422191,-4.691079513271348
2025-24,2025,24,Abu Dhabi Grand Prix,Franco Colapinto,colapinto,Alpine F1 Team,20,0.0,-3.34105507229949,-2.967124495421663,-4.258089155419725,-6.547707025899406,-6.614141712993642,-4.757415760660535,-5.436115434206684,-4.615338969798149,-5.236909733025121,0.000495785820525533,1.0085,-6.214608098422191,-5.825361766314438
2025-24,2025,24,Abu Dhabi Grand Prix,Pierre Gasly,gasly,Alpine F1 Team,19,0.0,-3.047993657507571,-2.2406528315708534,-3.6376982832890663,-6.250441407284368,-6.531153327103132,-4.245547119427611,-5.0844258051961,-4.118756916399493,-4.898107722019205,0.000495785820525533,1.0085,-6.214608098422191,-5.6495169518091455
2025-24,2025,24,Abu Dhabi Grand Prix,Isack Hadjar,hadjar,RB F1 Team,9,0.0,0.3274927549418013,0.6056168395281458,0.5810079469717049,-5.383761606928072,-5.513907410035056,-2.389072383699963,-2.466449731531676,-2.3177244598500377,-2.376067020909463,0.000495785820525533,1.0085,-6.214608098422191,-4.340528914976934
2025-24,2025,24,Abu Dhabi Grand Prix,Lewis Hamilton,hamilton,Ferrari,16,0.0,-2.131126930770188,0.6205026536652727,-0.8814020484260899,-4.924661919017243,-5.772704161922872,-2.152079632675985,-3.327053105174481,-2.087809326427104,-3.205133702485914,0.000495785820525533,1.0085,-6.214608098422191,-4.770830601798336
2025-24,2025,24,Abu Dhabi Grand Prix,Nico Hülkenberg,hulkenberg,Sauber,18,0.0,-2.748998922465064,-1.1986213608555385,-2.2741474982761365,-6.505040146635887,-6.446588891843299,-3.8518307537457126,-4.360368195059718,-3.736798606048524,-4.200583103256674,0.000495785820525533,1.0085,-6.214608098422191,-5.287488146740955
2025-24,2025,24,Abu Dhabi Grand Prix,Liam Lawson,lawson,RB F1 Team,13,0.0,-1.1444451979334032,0.4251685166723313,-0.2923533855830562,-5.639524411219299,-5.7541584445863405,-2.607177947273484,-3.0232559150846985,-2.529316458055151,-2.912469118574436,0.000495785820525533,1.0085,-6.214608098422191,-4.618932006753445
2025-24,2025,24,Abu Dhabi Grand Prix,Charles Leclerc,leclerc,Ferrari,5,0.0,2.110469271509197,2.0566109716456764,2.3953224165627365,-3.218950601518116,-4.234571051354735,-0.5811698149362199,-0.9196243173959996,-0.5638135975261274,-0.8859248109768131,0.000495785820525533,1.0085,-6.214608098422191,-3.5671162079090957
2025-24,2025,24,Abu Dhabi Grand Prix,Max Verstappen,max_verstappen,Red Bull,1,1.0,4.8206575360861255,3.4314622120460494,5.112385095467166,-0.5122279514618506,0.8684858899420399,1.4596171302920995,2.990435492704603,1.416026717304761,2.8808513960509625,0.9910758552305405,1.0085,-0.008964203453811577,1.4907356446253957
2025-24,2025,24,Abu Dhabi Grand Prix,Lando Norris,norris,McLaren,2,0.0,3.9365185070437207,4.237708590463464,5.019963813202352,-1.6422265996154464,-1.6907395046781095,1.2977409954240091,1.6646121542621213,1.2589848964668724,1.6036126711940193,0.000495785820525533,1.0085,-6.214608098422191,-2.274997972080035
2025-24,2025,24,Abu Dhabi Grand Prix,Esteban Ocon,ocon,Haas F1 Team,8,0.0,0.7351179890492123,-1.4720675433268335,-0.4457826982345119,-6.6113981084113735,-6.407748021577318,-4.041732825869103,-3.426765359905916,-3.921029389736602,-3.301192015379546,0.000495785820525533,1.0085,-6.214608098422191,-4.820686729164054
2025-24,2025,24,Abu Dhabi Grand Prix,Oscar Piastri,piastri,McLaren,3,0.0,3.2416496502269783,3.723710274917853,3.9540122572329968,-2.1776215960992107,-2.9309884425018056,0.7730443394093214,0.5115119073655956,0.749957927696934,0.4927676239884799,0.000495785820525533,1.0085,-6.214608098422191,-2.851548095528298
2025-24,2025,24,Abu Dhabi Grand Prix,George Russell,russell,Mercedes,4,0.0,2.644754243893906,2.85431778331424,3.201575672737984,-2.880987356860162,-3.300729599848798,-0.0133347867729609,-0.0495769635554073,-0.0129365529824222,-0.047760222555876,0.000495785820525533,1.0085,-6.214608098422191,-3.1320925309887993
2025-24,2025,24,Abu Dhabi Grand Prix,Carlos Sainz,sainz,Williams,12,0.0,-0.7959779213441576,1.1217064805981432,0.6734439256855356,-5.316589249053202,-5.851733365321224,-2.097441384227529,-2.589144719817845,-2.034802809865966,-2.4942658682529264,0.0,1.0085,-6.214608098422191,-4.401876409120018
2025-24,2025,24,Abu Dhabi Grand Prix,Lance Stroll,stroll,Aston Martin,15,0.0,-1.811004144947616,-1.4640849840374297,-2.0548666138370395,-6.416267347081327,-6.384330259503987,-3.940176165559378,-4.219598436670513,-3.822505645849028,-4.064971833270534,0.000495785820525533,1.0085,-6.214608098422191,-5.217103267546352
2025-24,2025,24,Abu Dhabi Grand Prix,Yuki Tsunoda,tsunoda,Red Bull,10,0.0,-0.061877922324045,-0.9044464425820856,-1.1028520878686594,-5.392558268642196,-6.012808894520255,-3.1485023556121408,-3.557830491194457,-3.054474603317074,-3.4274542829881707,0.000495785820525533,1.0085,-6.214608098422191,-4.886219294808324
