race_key,season,round,race_name,driver,driver_id,constructor,grid,won,s_grid_logit,s_logit_pre,s_logit_post,s_gbm_pre,s_gbm_post,s_ens_pre,s_ens_post,s_ens_pre_cal,s_ens_post_cal,p_sim,p_v1,s_sim2,s_sim1,s_blend2
2022-01,2022,1,Bahrain Grand Prix,Alexander Albon,albon,Williams,14,0.0,-1.5277771197885637,-0.4350698628566516,-0.9954231744818948,-5.993348362770521,-6.3604821298430405,-3.2142091128135863,-3.677952652162468,-3.019304365318763,-3.290502769192886,0.004862842892768081,0.0083541147132169,-5.3261320547309134,-4.785001081469601,-4.502042353446691
2022-01,2022,1,Bahrain Grand Prix,Fernando Alonso,alonso,Alpine F1 Team,8,0.0,0.8872939943807954,1.098247123875857,1.5888010089551254,-5.203792853780109,-5.226274995129705,-2.052772864952126,-1.8187369930872896,-1.9282958434314283,-1.6271441419096635,0.01458852867830424,0.0178304239401496,-4.227519766062804,-4.026849070600655,-3.0231283795750468
2022-01,2022,1,Bahrain Grand Prix,Valtteri Bottas,bottas,Alfa Romeo,6,0.0,1.8213176928895844,1.5623839041632253,2.1146596310987937,-4.113532981069757,-4.336525124059477,-1.275574538453266,-1.1109327464803418,-1.19822564029448,-0.9939027563422655,0.026807980049875314,0.0302992518703241,-3.6190556727328973,-3.4966322575200146,-2.3649942096066194
2022-01,2022,1,Bahrain Grand Prix,Pierre Gasly,gasly,AlphaTauri,10,0.0,0.0313115417431175,1.2380926588594414,1.1269233959005165,-4.688124083809179,-5.341865406973125,-1.7250157124748688,-2.107471005536304,-1.620413385723885,-1.885461786908452,0.012842892768079803,0.0158354114713216,-4.354964712630924,-4.145506614401975,-3.231217859083614
2022-01,2022,1,Bahrain Grand Prix,Lewis Hamilton,hamilton,Mercedes,5,0.0,2.329790143281155,4.01053014604485,3.685880763168405,-0.659479916328637,-1.9402186637322516,1.6755251148581063,0.872831049718077,1.5739238226052854,0.7808836213392335,0.19513715710723195,0.2098503740648379,-1.6340525978863065,-1.5613605066697542,-0.38061077408411476
2022-01,2022,1,Bahrain Grand Prix,Nico Hülkenberg,hulkenberg,Aston Martin,17,0.0,-2.605205597685368,-0.0517134634761085,-1.085974683122507,-6.056820217475807,-6.326431234873769,-3.054266840475958,-3.706202958998138,-2.869060748889812,-3.315777078479784,0.0031172069825436415,0.0036159600997506,-5.77081787599236,-5.622397870874092,-4.738510417495249
2022-01,2022,1,Bahrain Grand Prix,Kevin Magnussen,kevin_magnussen,Haas F1 Team,7,0.0,1.3425479885575609,-2.4908353299723727,-0.6270517709969708,-6.42298878263735,-5.901091534263415,-4.456912056304861,-3.264071652630193,-4.186651694128135,-2.9202216090271755,0.0018703241895261847,0.0016209476309226,-6.28164349975835,-6.424744343399081,-4.772857576194271
2022-01,2022,1,Bahrain Grand Prix,Nicholas Latifi,latifi,Williams,20,0.0,-3.6265216118141614,-1.865293293693944,-2.8405424462472246,-6.467608492200442,-6.545155176413142,-4.166450892947193,-4.692848811330183,-3.913803653536995,-4.198485807044422,0.00037406483790523696,0.0006234413965087,-7.891081412192451,-7.380255788426505,-6.291965111761317
2022-01,2022,1,Bahrain Grand Prix,Charles Leclerc,leclerc,Ferrari,1,1.0,5.025546662084778,1.5290345019416658,4.04967515438573,-4.393191936057568,-1.842976946729145,-1.4320787170579512,1.1033491038282923,-1.34523964376052,0.9871180041969476,0.11758104738154615,0.1235660847880299,-2.1406274182271026,-2.0909791665305724,-0.5186391571994051
2022-01,2022,1,Bahrain Grand Prix,Max Verstappen,max_verstappen,Red Bull,2,0.0,4.169521805441155,4.318667167491912,5.10959672773371,-0.7336912160652801,-0.7196332841144446,1.792487975713316,2.194981721809633,1.683794233635007,1.9637537828813023,0.324064837905237,0.279925187032419,-1.1268116662190697,-1.2732329006842054,0.5340850277952816
2022-01,2022,1,Bahrain Grand Prix,Mick Schumacher,mick_schumacher,Haas F1 Team,12,0.0,-0.7692358021812914,-3.237431119970162,-2.01868206204426,-6.440367712880725,-6.065437744759787,-4.838899416425444,-4.042059903402024,-4.545475922244109,-3.616253541917636,0.00037406483790523696,0.0006234413965087,-7.891081412192451,-7.380255788426505,-5.966570657797238
2022-01,2022,1,Bahrain Grand Prix,Lando Norris,norris,McLaren,13,0.0,-1.153131060558846,1.33114296745066,0.5333326079158767,-3.803378316258289,-5.223399166282016,-1.2361176744038147,-2.34503327918307,-1.1611613804143837,-2.097998323731686,0.012842892768079803,0.0153366583541147,-4.354964712630924,-4.177509345488144,-3.349998995906997
2022-01,2022,1,Bahrain Grand Prix,Esteban Ocon,ocon,Alpine F1 Team,11,0.0,-0.3749080682745426,1.0542239293888125,1.0610439710112334,-5.146398235274982,-5.546003212845094,-2.046087152943085,-2.24247962091693,-1.9220155428207155,-2.0062480679699144,0.008104738154613468,0.006359102244389,-4.815306430964923,-5.057868068136239,-3.528893025940927
2022-01,2022,1,Bahrain Grand Prix,Sergio Pérez,perez,Red Bull,4,0.0,2.8774611349596926,1.7443826308037145,2.4362017746615576,-3.223549007240431,-3.717356276304046,-0.7395831882183583,-0.6405772508212442,-0.6947359895788977,-0.573096343823232,0.1599750623441397,0.1697007481296758,-1.8327373362449235,-1.773718698209094,-1.2366572935330837
2022-01,2022,1,Bahrain Grand Prix,Daniel Ricciardo,ricciardo,McLaren,18,0.0,-2.9511686712628684,1.0243602498306454,-0.4809862092767373,-4.731781463613835,-5.631796718128274,-1.8537106068915947,-3.0563914637025054,-1.7413044176600492,-2.7344192615251584,0.00660847880299252,0.005361596009975,-5.019401787308438,-5.228493585167009,-4.037896625505471
2022-01,2022,1,Bahrain Grand Prix,George Russell,russell,Mercedes,9,0.0,0.4512581805429546,0.031071642814713,0.1104522636465898,-3.781120842263184,-4.91231119929542,-1.8750245997242356,-2.4009294678244157,-1.7613259624143769,-2.148006189766485,0.017581047381546137,0.0235660847880299,-4.040933810482391,-3.747946685800919,-3.2209316391534033
2022-01,2022,1,Bahrain Grand Prix,Carlos Sainz,sainz,Ferrari,3,0.0,3.4803156208059383,1.463273817768033,2.638683404890245,-4.286871865249638,-2.35109831204772,-1.4117990237408025,0.1437925464212628,-1.3261896801736162,0.1286448785332436,0.08092269326683293,0.0706982543640897,-2.51426098415647,-2.649334397132809,-1.1852342188676035
2022-01,2022,1,Bahrain Grand Prix,Lance Stroll,stroll,Aston Martin,19,0.0,-3.2914598921702827,-0.5809361318054816,-1.811908481738855,-6.167691591694773,-6.41075593720986,-3.374313861750127,-4.111332209474358,-3.1697006060130124,-3.678228432982472,0.0023690773067331673,0.004364089775561,-6.0452547216941195,-5.434345639371169,-5.078293465584238
2022-01,2022,1,Bahrain Grand Prix,Yuki Tsunoda,tsunoda,AlphaTauri,16,0.0,-2.2530622011654358,0.2238338710026888,-0.5278500514685278,-5.505342127937819,-5.969790480924824,-2.6407541284675653,-3.248820266196676,-2.4806228182323267,-2.906576863148239,0.004613466334164589,0.0076059850374064,-5.378775788216336,-4.87881983668726,-4.313798027206506
2022-01,2022,1,Bahrain Grand Prix,Guanyu Zhou,zhou,Alfa Romeo,15,0.0,-1.8941491692678856,-0.735118678651013,-1.0165365301964258,-5.278631839123931,-5.92964134353809,-3.006875258887472,-3.4730889368672577,-2.824542920662941,-3.1072201970016184,0.005361596009975063,0.004862842892768,-5.228493585166998,-5.32613205473093,-4.350791261017128
2022-02,2022,2,Saudi Arabian Grand Prix,Alexander Albon,albon,Williams,16,0.0,-2.2588459236540928,-0.7129259049720356,-1.5648279776657743,-6.149367041827449,-6.437583423394072,-3.431146473399742,-4.001205700529923,-3.159141212155888,-3.579023494040188,0.010099750623441397,0.0115960099750623,-4.5952445461881215,-4.457094207707308,-4.298225123359022
2022-02,2022,2,Saudi Arabian Grand Prix,Fernando Alonso,alonso,Alpine F1 Team,7,0.0,1.3437159996539214,1.0320216746845956,1.6826194592680217,-4.979123141137897,-5.29442785877697,-1.9735507332266509,-1.8059041997544745,-1.817096852014925,-1.615356480685583,0.03428927680798005,0.0392768079800498,-3.372922603193989,-3.237121062034929,-2.5894134014742316
2022-02,2022,2,Saudi Arabian Grand Prix,Valtteri Bottas,bottas,Alfa Romeo,8,0.0,0.8872915591164088,1.9951736623785936,2.126375576964048,-3.899248178912132,-4.523464777481478,-0.9520372582667692,-1.1985446002587152,-0.8765641925855637,-1.0720816683863137,0.03229426433915212,0.0445137157107232,-3.4328656391610224,-3.111957919080921,-2.315705119709869
2022-02,2022,2,Saudi Arabian Grand Prix,Pierre Gasly,gasly,AlphaTauri,9,0.0,0.4502225289361267,1.0899509262274054,1.227791566994204,-4.405969729064576,-5.278043197605251,-1.658009401418585,-2.025125815305524,-1.5265701627052437,-1.8114472021285568,0.028304239401496258,0.0350374064837905,-3.5647436833791577,-3.3513390315268152,-2.7949347493423407
2022-02,2022,2,Saudi Arabian Grand Prix,Lewis Hamilton,hamilton,Mercedes,15,0.0,-1.8994503810787808,4.688290226811169,2.550814071775179,-0.6740445335785438,-2.5221923877095067,2.007122846616313,0.0143108420328361,1.8480075251122947,0.0128008514654057,0.04251870324189526,0.0457605985037406,-3.1578112235770432,-3.084331852805991,-1.5717501907721037
2022-02,2022,2,Saudi Arabian Grand Prix,Nico Hülkenberg,hulkenberg,Aston Martin,17,0.0,-2.6114234913539565,-0.5434281402592179,-1.386501638133972,-6.282351261511899,-6.44859628105694,-3.4128897008855583,-3.917548959595456,-3.14233175126646,-3.5041936893141687,0.007107231920199501,0.0071072319201995,-4.94664243302601,-4.94664243302601,-4.432095696310733
2022-02,2022,2,Saudi Arabian Grand Prix,Kevin Magnussen,kevin_magnussen,Haas F1 Team,10,0.0,0.0293575607262247,-1.0796978417697751,-0.1092178495064051,-5.885009468621524,-6.006280026362811,-3.482353655195649,-3.057748937934608,-3.206288927831669,-2.735114389718828,0.012094763092269327,0.0110972568578553,-4.414982722357177,-4.501057331128425,-3.7363658301458926
2022-02,2022,2,Saudi Arabian Grand Prix,Nicholas Latifi,latifi,Williams,18,0.0,-2.957776604678778,-2.138841173831433,-2.69682760585988,-6.363148167429577,-6.4983101325570445,-4.250994670630505,-4.597568869208462,-3.913995674844304,-4.112462150142789,0.003366583541147132,0.0021197007481296,-5.6938568348562315,-6.15648035680438,-5.1457128520323465
2022-02,2022,2,Saudi Arabian Grand Prix,Charles Leclerc,leclerc,Ferrari,2,0.0,4.180474423703275,2.4434815938966103,3.669041592492997,-3.246039528613038,-1.5831931238202208,-0.4012789673582138,1.042924234336388,-0.3694674457009107,0.9328813904017612,0.13977556109725686,0.1445137157107232,-1.9677172777884002,-1.9343808575208086,-0.4623965217260061
2022-02,2022,2,Saudi Arabian Grand Prix,Max Verstappen,max_verstappen,Red Bull,4,1.0,2.883348331922185,4.3408082035841,4.700697968379735,-0.9819803818210736,-1.6120036540402074,1.6794139108815132,1.544347157169764,1.5462778226651277,1.381397301751501,0.16371571072319202,0.1592269326683292,-1.809623826557764,-1.8374248448280206,-0.132638334694
2022-02,2022,2,Saudi Arabian Grand Prix,Mick Schumacher,mick_schumacher,Haas F1 Team,20,0.0,-3.633791281499419,-1.8685187834603367,-2.469130410117589,-5.971016013504494,-6.233584019160643,-3.9197673984824153,-4.351357214639116,-3.609026553256151,-3.8922292098334488,0.003366583541147132,0.0028678304239401,-5.6938568348562315,-5.854199484931428,-5.022607024747674
2022-02,2022,2,Saudi Arabian Grand Prix,Lando Norris,norris,McLaren,11,0.0,-0.3776823589942312,0.4178582101461354,0.1855345889079663,-4.1929338204930815,-5.456996911138469,-1.887537805173473,-2.635731161115251,-1.7379026270240714,-2.3576252898859837,0.019825436408977555,0.0228179551122194,-3.9207894986403287,-3.7802075480191415,-3.27826032987779
2022-02,2022,2,Saudi Arabian Grand Prix,Esteban Ocon,ocon,Alpine F1 Team,5,0.0,2.333846977801602,0.9941046067948676,2.0765031266378244,-4.664733587846078,-4.66774913110809,-1.8353144905256047,-1.295623002235133,-1.6898193327612088,-1.158916964405076,0.04775561097256858,0.0432668329177057,-3.041658711679914,-3.140368920913702,-2.1686408569575235
2022-02,2022,2,Saudi Arabian Grand Prix,Sergio Pérez,perez,Red Bull,1,0.0,5.040531485304082,2.10318069675899,4.536032664553421,-3.6018422598305917,-1.1928173107437696,-0.7493307815358006,1.6716076769048256,-0.6899273382348942,1.495230087187958,0.22605985037406484,0.1938902743142145,-1.4869554901057092,-1.6404628762472255,0.09232609339955822
2022-02,2022,2,Saudi Arabian Grand Prix,Daniel Ricciardo,ricciardo,McLaren,14,0.0,-1.5325425587969148,0.0923332000707921,-0.5245743365968786,-4.976820599122313,-5.760695672300572,-2.4422436995257604,-3.142635004448725,-2.24863402979562,-2.81104380927615,0.012842892768079801,0.0153366583541147,-4.354964712630925,-4.177509345488144,-3.748799858539825
2022-02,2022,2,Saudi Arabian Grand Prix,George Russell,russell,Mercedes,6,0.0,1.823824067458415,0.9782598281194808,1.512197678537842,-3.585777303586254,-4.632916678997675,-1.3037587377333866,-1.5603595002299162,-1.20040283649005,-1.39572012249509,0.05798004987531172,0.0592269326683291,-2.847656295273204,-2.8263788968259203,-2.20400789775156
2022-02,2022,2,Saudi Arabian Grand Prix,Carlos Sainz,sainz,Ferrari,3,0.0,3.488427225420859,2.233726299021728,2.86947971577974,-3.368397115435717,-2.668230326839228,-0.5673354082069944,0.1006246944702562,-0.5223597077760751,0.0900074059031671,0.12206982543640897,0.1208229426433915,-2.10316205833005,-2.113429088969794,-1.0012686819298968
2022-02,2022,2,Saudi Arabian Grand Prix,Lance Stroll,stroll,Aston Martin,13,0.0,-1.1573016450779647,-1.016104106773388,-1.0332269018160103,-6.336636119815855,-6.490970167452998,-3.6763701132946216,-3.762098534634504,-3.384924667625565,-3.365145421183367,0.011097256857855361,0.0158354114713216,-4.50105733112842,-4.145506614401975,-4.131577932881462
2022-02,2022,2,Saudi Arabian Grand Prix,Yuki Tsunoda,tsunoda,AlphaTauri,19,0.0,-3.2984173647017148,0.0505523628163085,-1.184873152920539,-5.3388099259216695,-5.834532414359355,-2.6441287815526806,-3.509702783639947,-2.4345146057766183,-3.139380891635236,0.010099750623441397,0.0113466334164588,-4.5952445461881215,-4.478834194343714,-4.052473664914034
2022-02,2022,2,Saudi Arabian Grand Prix,Guanyu Zhou,zhou,Alfa Romeo,12,0.0,-0.7727454870525836,-0.7912227143725599,-0.4626365990996429,-5.834154669551215,-5.909357126055881,-3.3126886919618874,-3.185996862577762,-3.050074210166293,-2.8498303952715927,0.015336658354114713,0.0143391521197007,-4.177509345488143,-4.244761572497313,-3.6817531040329525
2022-03,2022,3,Australian Grand Prix,Alexander Albon,albon,Williams,20,0.0,-3.626241247650933,-1.177415146477861,-2.8202129130043563,-6.205421335843636,-6.460128476904172,-3.691418241160748,-4.640170694954264,-3.414755855423906,-4.171446145863215,0.00012468827930174565,0.0003740648379052,-8.98969370086056,-7.891081412192549,-6.814932197907412
2022-03,2022,3,Australian Grand Prix,Fernando Alonso,alonso,Alpine F1 Team,10,0.0,0.0315045636613232,1.4378507673331773,1.4378783207114454,-4.1727106731311485,-4.681039586747152,-1.3674299528989855,-1.621580633017853,-1.2649445642538637,-1.4577774669290324,0.004613466334164589,0.0031172069825436,-5.378775788216336,-5.770817875992373,-3.5001782106170944
2022-03,2022,3,Australian Grand Prix,Valtteri Bottas,bottas,Alfa Romeo,12,0.0,-0.7686354081454281,2.1535907640101235,1.42630823876312,-3.8468585106221145,-4.699074865784349,-0.8466338733059955,-1.6363833135106145,-0.7831808230331531,-1.471084861968857,0.005361596009975063,0.0021197007481296,-5.228493585166998,-6.15648035680438,-3.432438449338806
2022-03,2022,3,Australian Grand Prix,Pierre Gasly,gasly,AlphaTauri,11,0.0,-0.3744777517284832,1.2081125219414337,0.9148771959854508,-4.618318157523773,-5.460781135149478,-1.7051028177911696,-2.2729519695820137,-1.577309708834656,-2.0433508499062984,0.004862842892768081,0.0026184538653366,-5.3261320547309134,-5.945171263137159,-3.7995420121564636
2022-03,2022,3,Australian Grand Prix,Lewis Hamilton,hamilton,Mercedes,5,0.0,2.32728536152898,3.760588271302013,3.716782101470861,-0.9002643756367249,-1.530886308323765,1.4301619478326442,1.0929478965735475,1.3229749561053097,0.9825443050508234,0.09014962593516211,0.0956359102244389,-2.4062844787017954,-2.347206899493304,-0.6566682910641239
2022-03,2022,3,Australian Grand Prix,Kevin Magnussen,kevin_magnussen,Haas F1 Team,16,0.0,-2.25230990521518,-1.0756714481200729,-1.4994912559636555,-5.942148089519724,-6.098557070940839,-3.5089097688198985,-3.799024163452247,-3.2459259277713786,-3.415267615457905,0.00012468827930174565,0.0006234413965087,-8.98969370086056,-7.380255788426505,-6.394358932156403
2022-03,2022,3,Australian Grand Prix,Nicholas Latifi,latifi,Williams,18,0.0,-2.950588035661636,-2.5619664621822658,-3.1657266384603067,-6.407867192946613,-6.491827320175115,-4.484916827564439,-4.828776979317711,-4.148783745837259,-4.341000459640725,0.000374064837905237,0.0003740648379052,-7.891081412192451,-7.891081412192549,-6.359929195755081
2022-03,2022,3,Australian Grand Prix,Charles Leclerc,leclerc,Ferrari,1,1.0,5.016039715817857,2.4462314421989246,4.429312705148543,-3.391367109439865,-1.544320263511852,-0.4725678336204701,1.4424962208183452,-0.4371500793237315,1.2967831781055306,0.2911471321695761,0.2811720698254364,-1.2339265307575624,-1.2687884489237815,0.10428484503039137
2022-03,2022,3,Australian Grand Prix,Max Verstappen,max_verstappen,Red Bull,2,0.0,4.162794613972038,5.193413224389213,5.823103278529,-0.6073259800802372,-0.6845632401004252,2.293043622154488,2.569270019214287,2.1211858488926785,2.3097364782264727,0.30685785536159604,0.306359102244389,-1.1813706504695043,-1.182997328339381,0.6939496843723914
2022-03,2022,3,Australian Grand Prix,Mick Schumacher,mick_schumacher,Haas F1 Team,15,0.0,-1.8933667742422104,-1.8267679070161176,-1.823530373209516,-5.937682067690225,-6.098557070940839,-3.882224987353171,-3.9610437220751775,-3.591262122459656,-3.560920848453625,0.0006234413965087283,0.0001246882793017,-7.380255788426459,-8.989693700860926,-5.670649755250818
2022-03,2022,3,Australian Grand Prix,Lando Norris,norris,McLaren,4,0.0,2.873919524766852,0.8810099268514016,2.0290297658204053,-4.4450292430942655,-4.15401308349904,-1.782009658121432,-1.0624916588393172,-1.648452577559641,-0.9551645891166444,0.024064837905236915,0.0208229426433915,-3.727003511955674,-3.871699888443806,-2.3947475853974955
2022-03,2022,3,Australian Grand Prix,Esteban Ocon,ocon,Alpine F1 Team,8,0.0,0.8867663051152085,1.393640960224276,1.7337192564565502,-4.458689826539351,-5.000898200847744,-1.5325244331575378,-1.633589472195597,-1.4176656341328997,-1.4685732391532664,0.006109725685785538,0.005860349127182,-5.097873402749934,-5.139546099150509,-3.3657314374727654
2022-03,2022,3,Australian Grand Prix,Sergio Pérez,perez,Red Bull,3,0.0,3.475425265321724,2.8312006599054733,3.424619972014023,-3.551888336399013,-3.1205340457411066,-0.3603438382467701,0.1520429631364581,-0.3333369862831264,0.1366844183708316,0.2056109725685786,0.221571072319202,-1.581769378300961,-1.5070118727059088,-0.7148632075822514
2022-03,2022,3,Australian Grand Prix,Daniel Ricciardo,ricciardo,McLaren,7,0.0,1.3415058447829988,0.6481538242999588,1.346432377320049,-4.795598613697327,-5.003586049310635,-2.073722394698684,-1.828576835995293,-1.9183021882652749,-1.6438640507819724,0.0056109725685785546,0.0061097256857855,-5.18303121109024,-5.097873402749939,-3.5058040235427663
2022-03,2022,3,Australian Grand Prix,George Russell,russell,Mercedes,6,0.0,1.819628175399599,0.3983836213099498,1.0282694085330095,-4.241288031628578,-4.614224810851712,-1.921452205159314,-1.792977701159351,-1.7774442612121293,-1.6118609449546517,0.025810473815461355,0.0245635910224438,-3.656974907595191,-3.7064899721225752,-2.724976304377271
2022-03,2022,3,Australian Grand Prix,Carlos Sainz,sainz,Ferrari,9,0.0,0.4511363177558402,2.21563192854292,1.7199014535442376,-3.2338730753881504,-4.626846051794641,-0.5091205734226152,-1.4534722991252016,-0.470963284470573,-1.3066505132877506,0.02481296758104739,0.0263092269326683,-3.6963888761360675,-3.637835567384495,-2.5749305876306345
2022-03,2022,3,Australian Grand Prix,Lance Stroll,stroll,Aston Martin,19,0.0,-3.2910146127820648,-1.1746448905918807,-2.6506198803389536,-6.432578592559944,-6.458130875402111,-3.803611741575912,-4.5543753778705325,-3.5185407390253687,-4.094317400325639,0.0006234413965087283,0.0003740648379052,-7.380255788426459,-7.891081412192549,-5.967315583148496
2022-03,2022,3,Australian Grand Prix,Yuki Tsunoda,tsunoda,AlphaTauri,13,0.0,-1.152419557117046,0.2136538998308804,-0.0397587952303542,-5.09339737773074,-5.60968416281896,-2.4398717389499294,-2.824721479024657,-2.257009572679242,-2.539383635095042,0.001870324189526185,0.0011221945137157,-6.28164349975835,-6.79246912352435,-4.553182489391504
2022-03,2022,3,Australian Grand Prix,Sebastian Vettel,vettel,Aston Martin,17,0.0,-2.604521665211496,-0.6163417558303146,-1.8358381995109108,-6.012798734960569,-6.341080812345341,-3.314570245395441,-4.088459505928126,-3.066151656150159,-3.675465789882932,0.00012468827930174565,0.0003740648379052,-8.98969370086056,-7.891081412192549,-6.539076603394343
2022-03,2022,3,Australian Grand Prix,Guanyu Zhou,zhou,Alfa Romeo,14,0.0,-1.5270067867232746,-0.7881285975087113,-1.0397202728438024,-5.43823622397912,-5.9632649874499055,-3.113182410743916,-3.501492630146854,-2.879857326258351,-3.14779108291802,0.001122194513715711,0.0003740648379052,-6.792469123524341,-7.891081412192549,-5.146980876835597
2022-04,2022,4,Emilia Romagna Grand Prix,Alexander Albon,albon,Williams,18,0.0,-2.957041721428268,-1.114302309737014,-2.2943042229648887,-6.301420820750243,-6.474144826863695,-3.7078615652436286,-4.384224524914291,-3.384317085393539,-3.93835652205685,0.0036159600997506237,0.0033665835411471,-5.622397870874086,-5.69385683485624,-5.003311197894188
2022-04,2022,4,Emilia Romagna Grand Prix,Fernando Alonso,alonso,Alpine F1 Team,9,0.0,0.4500880782989642,1.042641977471708,0.9904270218033276,-4.688284798245891,-5.316593960403454,-1.822821410387092,-2.163083469300063,-1.6637637447472615,-1.9431016456069397,0.014588528678304239,0.0168329177057356,-4.227519766062804,-4.084418922422135,-3.1953016176814337
2022-04,2022,4,Emilia Romagna Grand Prix,Valtteri Bottas,bottas,Alfa Romeo,7,0.0,1.3426195137235064,1.976855099656996,2.3392731980563704,-4.223422784668892,-4.456763649882773,-1.123283842505948,-1.0587452259132013,-1.025267160881612,-0.9510726793248172,0.01658354114713217,0.0183291770573566,-4.099344572638806,-3.999261114081824,-2.5790448992760036
2022-04,2022,4,Emilia Romagna Grand Prix,Pierre Gasly,gasly,AlphaTauri,17,0.0,-2.6106027379140087,0.9837979343082408,-0.3896898482292252,-4.499319454175565,-5.594571239314243,-1.7577607599336624,-2.9921305437717343,-1.60438022488225,-2.687836075671624,0.00685785536159601,0.0073566084788029,-4.9823605156280895,-4.912156256954853,-3.987245529699912
2022-04,2022,4,Emilia Romagna Grand Prix,Lewis Hamilton,hamilton,Mercedes,14,0.0,-1.531689053459855,4.1032305217804055,2.3665753247194448,-0.7104057391227221,-2.7739775434468883,1.6964123913288418,-0.2037011093637217,1.5483850566762676,-0.1829850611103254,0.02855361596009975,0.0410224438902743,-3.5559716973063207,-3.1936359500951887,-1.8798364033350212
2022-04,2022,4,Emilia Romagna Grand Prix,Kevin Magnussen,kevin_magnussen,Haas F1 Team,8,0.0,0.8867307374649023,-1.222954597952185,-0.0649883352615287,-6.3382149364688525,-6.236965165520283,-3.780584767210519,-3.150976750390906,-3.450694529801958,-2.830527899570592,0.006109725685785536,0.0056109725685785,-5.097873402749934,-5.18303121109025,-4.12442507657042
2022-04,2022,4,Emilia Romagna Grand Prix,Nicholas Latifi,latifi,Williams,19,0.0,-3.2978006073112374,-2.406635151104148,-3.269622169503664,-6.35286078009033,-6.468365236153056,-4.379747965597239,-4.86899370282836,-3.9975753163574232,-4.373825518382336,0.0016209476309226932,0.0016209476309226,-6.4247443433990234,-6.424744343399081,-5.646869023113691
2022-04,2022,4,Emilia Romagna Grand Prix,Charles Leclerc,leclerc,Ferrari,2,0.0,4.173567778708155,2.5688477332218804,3.644945234048924,-2.7177123654219137,-1.6927332318854071,-0.0744323161000166,0.9761060010817584,-0.0679374228649627,0.8768377198141618,0.2238154613466334,0.2088528678304239,-1.4969333999381809,-1.5661252566013937,-0.26041369942821124
2022-04,2022,4,Emilia Romagna Grand Prix,Max Verstappen,max_verstappen,Red Bull,1,1.0,5.030810003125607,5.085533804634776,6.735222683595564,-0.0289963180554096,0.6622632036125853,2.5282687432896838,3.698742943604075,2.3076544131494607,3.32258722439395,0.30561097256857855,0.2679551122194514,-1.1854423173324475,-1.3169358042180497,1.2566503131358138
2022-04,2022,4,Emilia Romagna Grand Prix,Mick Schumacher,mick_schumacher,Haas F1 Team,10,0.0,0.0295579824061809,-1.930035553499512,-0.7284140400835165,-6.392523363206442,-6.346619105343671,-4.161279458352977,-3.537516572713594,-3.798170163636034,-3.1777572947870727,0.0038653366583541147,0.0051122194513715,-5.555706496375414,-5.276121634156266,-4.546611534544504
2022-04,2022,4,Emilia Romagna Grand Prix,Lando Norris,norris,McLaren,5,0.0,2.3312427782135177,0.9764768383512924,1.868413987388393,-4.219533185127523,-4.404510051011837,-1.6215281733881155,-1.268048031811722,-1.480035164496169,-1.139089754182851,0.02680798004987531,0.0317955112219451,-3.6190556727328973,-3.4484301557021353,-2.44355185227231
2022-04,2022,4,Emilia Romagna Grand Prix,Esteban Ocon,ocon,Alpine F1 Team,16,0.0,-2.2579744473517964,1.1470719953889883,-0.0828417689182352,-4.319624313958461,-5.355586568985355,-1.5862761592847363,-2.719214168951795,-1.4478592076743395,-2.442674821123596,0.00885286783042394,0.0078553615960099,-4.727013823819245,-4.846558974469037,-3.72311399638552
2022-04,2022,4,Emilia Romagna Grand Prix,Sergio Pérez,perez,Red Bull,3,0.0,3.4833867243960777,3.0560744105475357,3.8729593747866367,-3.595182564120563,-3.463641186315767,-0.2695540767865139,0.2046590942354349,-0.2460330439672551,0.1838456205880856,0.1639650872817955,0.1652119700748129,-1.8081017562486952,-1.800525962440238,-0.8017213310066301
2022-04,2022,4,Emilia Romagna Grand Prix,Daniel Ricciardo,ricciardo,McLaren,6,0.0,1.8220581840503136,0.7529494860553115,1.6225503589155237,-4.1008113095610055,-4.008773823686534,-1.673930911752847,-1.1931117323855052,-1.5278652896636158,-1.071774345971677,0.020074812967581047,0.0253117206982543,-3.908289335876097,-3.6764877218187753,-2.550700534130801
2022-04,2022,4,Emilia Romagna Grand Prix,George Russell,russell,Mercedes,11,0.0,-0.3772251302334022,1.3127724507860974,0.7917809821742267,-4.091932953310226,-5.405679762566877,-1.3895802512620643,-2.3069493901963254,-1.2683267978378938,-2.072336652765836,0.019825436408977555,0.0268079800498753,-3.9207894986403287,-3.6190556727328977,-3.1138694444183272
2022-04,2022,4,Emilia Romagna Grand Prix,Carlos Sainz,sainz,Ferrari,4,0.0,2.8796828951247653,2.054656242362157,2.6036469642072526,-2.9769474958078064,-3.5994334880866976,-0.4611456267228244,-0.4978932619397225,-0.4209064971577549,-0.4472583838499465,0.12630922693266833,0.1445137157107232,-2.069022196611877,-1.9343808575208086,-1.2834577292757996
2022-04,2022,4,Emilia Romagna Grand Prix,Lance Stroll,stroll,Aston Martin,15,0.0,-1.898566680644884,-1.776713085809318,-1.804269918143808,-6.409787295816816,-6.397392915363203,-4.093250190813067,-4.100831416753506,-3.736077065393031,-3.683783999712591,0.0046134663341645885,0.0041147132169576,-5.378775788216336,-5.493186139394082,-4.739803602484921
2022-04,2022,4,Emilia Romagna Grand Prix,Yuki Tsunoda,tsunoda,AlphaTauri,12,0.0,-0.7720990799842118,-0.0287124558683505,-0.0739717029780468,-5.623835967235841,-6.048258650634491,-2.826274211552096,-3.0611151768062688,-2.579656207184864,-2.749805091603482,0.008104738154613466,0.0091022443890274,-4.815306430964923,-4.699234259712172,-3.938210803885596
2022-04,2022,4,Emilia Romagna Grand Prix,Sebastian Vettel,vettel,Aston Martin,13,0.0,-1.156525388904293,-1.0683629563223889,-1.0727943613980526,-6.271547870681169,-6.261339997300592,-3.669955413501779,-3.6670671793493215,-3.34971858846367,-3.294132830228022,0.005361596009975062,0.005860349127182,-5.228493585166998,-5.139546099150509,-4.447780382258159
2022-04,2022,4,Emilia Romagna Grand Prix,Guanyu Zhou,zhou,Alfa Romeo,20,0.0,-3.6333223899992495,-0.8924715828286851,-2.0550726002298214,-5.909374463301771,-5.930392321141148,-3.400923023065228,-3.9927324606854846,-3.1041617089907816,-3.586678519316066,0.00486284289276808,0.0033665835411471,-5.3261320547309134,-5.69385683485624,-4.659432257708199
2022-05,2022,5,Miami Grand Prix,Alexander Albon,albon,Williams,18,0.0,-2.9634620854427998,-1.6428837570566626,-2.537287972736143,-6.468079369336152,-6.559666920153153,-4.055481563196407,-4.548477446444648,-3.730162347395088,-4.108960294424112,0.0008728179551122195,0.0006234413965087,-7.043783551805247,-7.380255788426505,-5.796130499124947
2022-05,2022,5,Miami Grand Prix,Fernando Alonso,alonso,Alpine F1 Team,11,0.0,-0.3799532885522853,0.6345222784755362,0.4905645359489939,-4.487124085822699,-5.165471097606939,-1.9263009036735808,-2.3374532808289725,-1.7717785147500462,-2.111586313021087,0.00486284289276808,0.0098503740648379,-5.3261320547309134,-4.620245848393539,-3.831792667779943
2022-05,2022,5,Miami Grand Prix,Valtteri Bottas,bottas,Alfa Romeo,5,0.0,2.335183674570134,2.17354661228147,2.814771969868352,-4.08219581440697,-3.659944112545001,-0.95432460106275,-0.4225860713383245,-0.8777713912898161,-0.3817517858559709,0.023316708229426435,0.0193266832917705,-3.7585850840059734,-3.9462685839413174,-2.090585577672149
2022-05,2022,5,Miami Grand Prix,Pierre Gasly,gasly,AlphaTauri,7,0.0,1.3437326576903148,0.9742664699992608,1.6519557175110622,-4.996370497848951,-5.219478858525829,-2.011052013924845,-1.7837615705073833,-1.8497311315805924,-1.6113975619827507,0.009600997506234414,0.0096009975062344,-4.6458882790068765,-4.645888279006877,-3.2148249247571297
2022-05,2022,5,Miami Grand Prix,Lewis Hamilton,hamilton,Mercedes,6,0.0,1.824480377611392,3.98047951619118,4.00002321146873,-1.1730237528034229,-1.8306025785419708,1.4037278816938783,1.0847103164633798,1.2911248167914764,0.9798952888694904,0.050997506234413965,0.0602244389027431,-2.9759785448177585,-2.8096770472079884,-0.9456341141771893
2022-05,2022,5,Miami Grand Prix,Kevin Magnussen,kevin_magnussen,Haas F1 Team,16,0.0,-2.26360788785348,-1.2040491939483615,-1.5628071525850311,-6.361915123774108,-6.486642044476271,-3.782982158861235,-4.024724598530651,-3.479522071536578,-3.6358174281552342,0.002119700748129676,0.0018703241895261,-6.1564803568043445,-6.281643499758395,-5.090602477667497
2022-05,2022,5,Miami Grand Prix,Nicholas Latifi,latifi,Williams,19,0.0,-3.304552587476719,-2.8909057080938148,-3.398843836496208,-6.395739995920182,-6.529599085522369,-4.643322852006998,-4.964221461009289,-4.2708486771431176,-4.484531168107541,0.0008728179551122195,0.0006234413965087,-7.043783551805247,-7.380255788426505,-6.004002506407268
2022-05,2022,5,Miami Grand Prix,Charles Leclerc,leclerc,Ferrari,1,0.0,5.0454974159607495,2.834550866326074,4.883866384150099,-3.127036814437409,-1.219448627987798,-0.1462429740556676,1.8322088780811503,-0.1345117779215285,1.6551634299102624,0.29463840399002494,0.2719451371571072,-1.2220064236736523,-1.3021549346589312,0.305101227203749
2022-05,2022,5,Miami Grand Prix,Max Verstappen,max_verstappen,Red Bull,3,1.0,3.491307888511644,5.57313152305533,5.505396958099324,0.4495820211310811,-0.3928023440821707,3.011356772093205,2.5562973070085766,2.76979428232979,2.309283547937968,0.21458852867830425,0.2158354114713217,-1.5390329046490208,-1.5332391456843508,0.5086322011797779
2022-05,2022,5,Miami Grand Prix,Mick Schumacher,mick_schumacher,Haas F1 Team,15,0.0,-1.9037370652196557,-1.994792577942826,-1.8821914381782168,-6.417832558218073,-6.516876378918331,-4.20631256808045,-4.199533908548275,-3.868894117339267,-3.793735000005469,0.0011221945137157108,0.0011221945137157,-6.792469123524341,-6.79246912352435,-5.496001516036308
2022-05,2022,5,Miami Grand Prix,Lando Norris,norris,McLaren,8,0.0,0.8867008146022779,1.4781747454661065,1.6939375713261782,-4.126546748727995,-4.9474256254467095,-1.3241860016309446,-1.6267440270602656,-1.2179635604947228,-1.4695525469972357,0.015336658354114713,0.0115960099750623,-4.177509345488143,-4.457094207707308,-2.902126686274204
2022-05,2022,5,Miami Grand Prix,Esteban Ocon,ocon,Alpine F1 Team,20,0.0,-3.6403690745204313,0.4506718362822841,-1.233257571081049,-5.484577976459396,-5.89296519908396,-2.516953070088556,-3.5631113850825047,-2.315050241482286,-3.2188096738521845,0.003117206982543641,0.0013715710723192,-5.77081787599236,-6.591798428062191,-4.666964630537432
2022-05,2022,5,Miami Grand Prix,Sergio Pérez,perez,Red Bull,4,0.0,2.885419172387742,3.5350831824778544,3.6582793923261296,-2.985672081511495,-3.498994942816398,0.2747055504831797,0.0796422247548658,0.2526694512266906,0.0719464355117644,0.14825436408977555,0.1664588528678304,-1.9088258041697785,-1.7930071300262103,-0.9145917897074564
2022-05,2022,5,Miami Grand Prix,Daniel Ricciardo,ricciardo,McLaren,14,0.0,-1.5363437335441368,0.9872138984386328,0.3729982647816368,-4.516366972042021,-5.101082202857205,-1.764576536801694,-2.364041969037784,-1.6230272173859042,-2.135605749286782,0.00486284289276808,0.0041147132169576,-5.3261320547309134,-5.493186139394082,-3.845087011884349
2022-05,2022,5,Miami Grand Prix,George Russell,russell,Mercedes,12,0.0,-0.77554026457394,1.4009475212395353,1.0679902596281532,-4.946533055870519,-5.537730347112196,-1.7727927673154915,-2.234870043742021,-1.6305843652171794,-2.018915643983637,0.010349127182044887,0.0138403990024937,-4.570853093063962,-4.280163499548231,-3.402861568402992
2022-05,2022,5,Miami Grand Prix,Carlos Sainz,sainz,Ferrari,2,0.0,4.1842833325838855,2.355685016844129,3.7271938275497543,-3.653530143696237,-2.661067178485003,-0.6489225634260543,0.5330633245323759,-0.5968678379489749,0.4815536760832661,0.1983790523690773,0.2001246882793017,-1.6175756725227735,-1.6088146652964441,-0.5422561739951988
2022-05,2022,5,Miami Grand Prix,Lance Stroll,stroll,Aston Martin,20,0.0,-3.6403690745204313,-1.2055397564213126,-2.3593902660983623,-6.484292116266662,-6.270282805616052,-3.844915936343988,-4.314836535857207,-3.5364876972454087,-3.897895990805921,0.002119700748129676,0.0003740648379052,-6.1564803568043445,-7.891081412192549,-5.235658446330776
2022-05,2022,5,Miami Grand Prix,Yuki Tsunoda,tsunoda,AlphaTauri,9,0.0,0.449050737782999,0.1426721546336049,0.7588298024538862,-5.987436125576804,-5.783895418436757,-2.9223819854716,-2.5125328079914357,-2.687956800454557,-2.269747991065556,0.01084788029925187,0.0086034912718204,-4.523785582205976,-4.755587196263306,-3.518159195098706
2022-05,2022,5,Miami Grand Prix,Sebastian Vettel,vettel,Aston Martin,20,0.0,-3.6403690745204313,-0.4999120541697285,-1.794430833887671,-6.375332120375697,-6.175330361540258,-3.437622087272713,-3.984880597713965,-3.1618658042700543,-3.5998235336587943,0.0016209476309226932,0.0016209476309226,-6.4247443433990234,-6.424744343399081,-5.204812470556494
2022-05,2022,5,Miami Grand Prix,Guanyu Zhou,zhou,Alfa Romeo,17,0.0,-2.616651451699023,-0.9842942835017284,-1.4893938712929595,-5.569256707799608,-5.943364101303634,-3.276775495650668,-3.716378986298297,-3.0139218695175813,-3.3572671016909403,0.002119700748129676,0.0008728179551122,-6.1564803568043445,-7.043783551805269,-4.936429671551321
2022-06,2022,6,Spanish Grand Prix,Alexander Albon,albon,Williams,18,0.0,-2.963078775805186,-1.4930478844224937,-2.6615330474320187,-6.498659585947708,-6.569619478231218,-3.9958537351851007,-4.615576262831619,-3.702078179756272,-4.198541807392186,0.0008728179551122196,0.0003740648379052,-7.043783551805246,-7.891081412192549,-5.829679907318432
2022-06,2022,6,Spanish Grand Prix,Fernando Alonso,alonso,Alpine F1 Team,20,0.0,-3.641703389256377,0.6711451820293277,-1.2108928282870954,-4.791507203621139,-5.427027571322876,-2.060181010795905,-3.3189601998049856,-1.9087163024155176,-3.019079820685938,0.0006234413965087283,0.0006234413965087,-7.380255788426459,-7.380255788426505,-5.349607994115722
2022-06,2022,6,Spanish Grand Prix,Valtteri Bottas,bottas,Alfa Romeo,7,0.0,1.347436095781118,2.256319531616157,2.610109040118056,-3.442664502672442,-4.191739933866167,-0.5931724855281426,-0.7908154468740556,-0.5495623866732462,-0.7193623345300976,0.007107231920199502,0.0108478802992518,-4.94664243302601,-4.523785582205983,-2.868728939950033
2022-06,2022,6,Spanish Grand Prix,Pierre Gasly,gasly,AlphaTauri,14,0.0,-1.5332939475009426,1.225251319523067,0.3228642716817636,-4.305394706692188,-5.2909745054146455,-1.5400716935845606,-2.484055116866441,-1.4268454728149798,-2.259611512438076,0.001122194513715711,0.0013715710723192,-6.792469123524341,-6.591798428062191,-4.638262120195391
2022-06,2022,6,Spanish Grand Prix,Lewis Hamilton,hamilton,Mercedes,6,0.0,1.827550331328097,3.306935542173824,3.448311381586597,-1.6752157260637084,-1.867669995918972,0.8158599080550577,0.7903206928338123,0.7558778082273008,0.7189122833546755,0.030299251870324194,0.0370324189526184,-3.4966322575200115,-3.295961562057862,-1.3531557823430995
2022-06,2022,6,Spanish Grand Prix,Kevin Magnussen,kevin_magnussen,Haas F1 Team,8,0.0,0.8907890191635454,-0.9157953112216064,0.2038069178864344,-6.446062802301707,-6.240329246385371,-3.6809290567616566,-3.018261164249468,-3.4103067943343808,-2.745550059648512,0.0018703241895261847,0.0016209476309226,-6.28164349975835,-6.424744343399081,-4.64995233200391
2022-06,2022,6,Spanish Grand Prix,Nicholas Latifi,latifi,Williams,19,0.0,-3.3050004346715984,-2.627945643762278,-3.4845200327227053,-6.456708087980313,-6.53074614278292,-4.542326865871296,-5.007633087752813,-4.208374552699648,-4.555174842265978,0.00012468827930174565,0.0001246882793017,-8.98969370086056,-8.989693700860926,-6.9986633943066865
2022-06,2022,6,Spanish Grand Prix,Charles Leclerc,leclerc,Ferrari,1,0.0,5.036828821324917,2.8362852573042976,4.812023052802942,-2.944932026750167,-0.8081649237557097,-0.0543233847229347,2.0019290645236163,-0.0503295241921476,1.821047339315204,0.3425187032418953,0.334788029925187,-1.071429014765286,-1.0942576939175952,0.4652500248791651
2022-06,2022,6,Spanish Grand Prix,Max Verstappen,max_verstappen,Red Bull,2,1.0,4.180238325533924,5.229181262122808,5.529386145058324,0.0719236996253266,-0.0615584944388168,2.6505524808740675,2.7339138253097537,2.45568360456722,2.486894558715093,0.3091022443890275,0.291645885286783,-1.1740831688253694,-1.2322149342763813,0.7799153282421921
2022-06,2022,6,Spanish Grand Prix,Mick Schumacher,mick_schumacher,Haas F1 Team,10,0.0,0.0319078266217793,-1.778589257848208,-0.7589171321876726,-6.439020262965321,-6.303935456842205,-4.108804760406764,-3.531426294514939,-3.806725034612897,-3.2123488147390926,0.001122194513715711,0.0008728179551122,-6.792469123524341,-7.043783551805269,-5.16194770901964
2022-06,2022,6,Spanish Grand Prix,Lando Norris,norris,McLaren,11,0.0,-0.3758061036663806,1.2138034351246023,0.73462678761863,-4.583470299384925,-5.607614038980877,-1.6848334321301612,-2.436493625681124,-1.5609643142566136,-2.2163473786024963,0.00286783042394015,0.0011221945137157,-5.85419948493141,-6.79246912352435,-4.145346555306267
2022-06,2022,6,Spanish Grand Prix,Esteban Ocon,ocon,Alpine F1 Team,12,0.0,-0.7716527101603166,0.4088600789899669,-0.0233525220554233,-5.622268892777053,-6.210329172646337,-2.606704406893543,-3.11684084735088,-2.4150592452523965,-2.835222702302851,0.0018703241895261847,0.0003740648379052,-6.28164349975835,-7.891081412192549,-4.699242173554615
2022-06,2022,6,Spanish Grand Prix,Sergio Pérez,perez,Red Bull,5,0.0,2.3373059877727287,3.1071259072267985,2.815540104452759,-2.93216856624384,-3.818133884492964,0.0874786704914791,-0.5012968900201025,0.0810472301248013,-0.456002854424478,0.10710723192019951,0.1193266832917705,-2.233924778876305,-2.1258903094076067,-1.3676108344482036
2022-06,2022,6,Spanish Grand Prix,Daniel Ricciardo,ricciardo,McLaren,9,0.0,0.4533204444653247,0.5262717875154829,0.7392754876919837,-4.122908853096502,-5.333374379280806,-1.7983185327905091,-2.297049445794411,-1.6661059792737034,-2.0895024981990464,0.0023690773067331673,0.0033665835411471,-6.0452547216941195,-5.69385683485624,-4.171152083744265
2022-06,2022,6,Spanish Grand Prix,George Russell,russell,Mercedes,4,0.0,2.8861792550447096,1.003342354557274,2.021126759474083,-4.766499233780112,-4.908257192509571,-1.881578439611419,-1.443565216517744,-1.7432446096435037,-1.3131337384789752,0.031047381546134668,0.0325436408977556,-3.4722408043958524,-3.4251732935378674,-2.457903010456798
2022-06,2022,6,Spanish Grand Prix,Carlos Sainz,sainz,Ferrari,3,0.0,3.490122083021581,2.347157800178667,3.1692879233486586,-3.168380746092249,-2.964343971655269,-0.4106114729567909,0.1024719758466945,-0.3804232775103068,0.0932132522959299,0.1564837905236908,0.161720698254364,-1.8548028492946758,-1.8218845165441169,-0.8761654367239906
2022-06,2022,6,Spanish Grand Prix,Lance Stroll,stroll,Aston Martin,17,0.0,-2.615496974542295,-1.1410532566385745,-2.065311517294054,-6.437388010247187,-6.568310350977969,-3.789220633442881,-4.316810934136012,-3.5106367637606497,-3.9267710356189935,0.0006234413965087283,0.0006234413965087,-7.380255788426459,-7.380255788426505,-5.848533361281236
2022-06,2022,6,Spanish Grand Prix,Yuki Tsunoda,tsunoda,AlphaTauri,13,0.0,-1.1570883803204417,0.350402555395489,-0.1337279083493527,-5.631932175840829,-6.082358536041218,-2.64076481022267,-3.108043222195285,-2.446615524414506,-2.8272199752503315,0.0016209476309226934,0.0006234413965087,-6.4247443433990234,-7.380255788426505,-4.766393782797154
2022-06,2022,6,Spanish Grand Prix,Sebastian Vettel,vettel,Aston Martin,16,0.0,-2.261747610413237,-0.4400983430604075,-1.2903464956334505,-5.9198078091056825,-6.404895922293709,-3.179953076083045,-3.84762120896358,-2.9461626165029133,-3.4999743444671982,0.0006234413965087283,0.0001246882793017,-7.380255788426459,-8.989693700860926,-5.61393849869502
2022-06,2022,6,Spanish Grand Prix,Guanyu Zhou,zhou,Alfa Romeo,15,0.0,-1.9012425876945895,-0.2725128079475999,-0.5438463044044011,-5.568575034688386,-5.966498475978433,-2.9205439213179933,-3.255172390191417,-2.7058252480380918,-2.961055476549061,0.0006234413965087283,0.0008728179551122,-7.380255788426459,-7.043783551805269,-5.317714089308938
2022-07,2022,7,Monaco Grand Prix,Alexander Albon,albon,Williams,16,0.0,-2.2668279825275874,-2.0124845227875587,-2.66070267110963,-6.408776972604246,-6.525920789477487,-4.210630747695902,-4.593311730293559,-3.933022287014188,-4.205112747260995,0.0008728179551122195,0.0001246882793017,-7.043783551805247,-8.989693700860926,-5.818547641049403
2022-07,2022,7,Monaco Grand Prix,Fernando Alonso,alonso,Alpine F1 Team,7,0.0,1.3514589052004569,0.3645546817482484,1.1604181251859946,-5.711484051197608,-5.699598100376408,-2.67346468472468,-2.2695899875952064,-2.4972021577340464,-2.0777779406847654,0.007356608478802993,0.0066084788029925,-4.912156256954841,-5.019401787308441,-3.5908731222750236
2022-07,2022,7,Monaco Grand Prix,Valtteri Bottas,bottas,Alfa Romeo,12,0.0,-0.7721100264473639,2.241768629532043,1.141229383427433,-3.769348196998887,-4.616470469428324,-0.763789783733422,-1.7376205430004457,-0.7134328375056671,-1.5907673426742936,0.0038653366583541147,0.0023690773067331,-5.555706496375414,-6.045254721694148,-3.6466635196879302
2022-07,2022,7,Monaco Grand Prix,Pierre Gasly,gasly,AlphaTauri,17,0.0,-2.6218281787859152,0.679836138201785,-0.5713542535073439,-4.902903295145062,-5.565091580296892,-2.1115335784716387,-3.0682229169021182,-1.972319379573285,-2.808915235212836,0.0006234413965087282,0.0006234413965087,-7.38025578842646,-7.380255788426505,-5.22423935266429
2022-07,2022,7,Monaco Grand Prix,Lewis Hamilton,hamilton,Mercedes,8,0.0,0.8940820420172588,3.250818357501043,2.913298421680774,-2.005643942437229,-3.306204724024371,0.622587207531907,-0.1964531511717984,0.5815397999866986,-0.1798501165910035,0.02057356608478803,0.0268079800498753,-3.8837482269599795,-3.6190556727328977,-2.040100689065889
2022-07,2022,7,Monaco Grand Prix,Kevin Magnussen,kevin_magnussen,Haas F1 Team,13,0.0,-1.1586360780446447,-1.1020841208444097,-1.1025065515565162,-6.040142747847652,-6.210995729336514,-3.5711134343460307,-3.656751140446515,-3.33566858942082,-3.347704605554841,0.0003740648379052369,0.0006234413965087,-7.891081412192451,-7.380255788426505,-5.773916276319483
2022-07,2022,7,Monaco Grand Prix,Nicholas Latifi,latifi,Williams,19,0.0,-3.313924426235665,-3.0296483327267856,-3.735225400956405,-6.366912028643625,-6.55794467678388,-4.698280180685206,-5.146585038870143,-4.388520810423366,-4.7116267352558765,0.00012468827930174563,0.0001246882793017,-8.98969370086056,-8.989693700860926,-7.068139369865351
2022-07,2022,7,Monaco Grand Prix,Charles Leclerc,leclerc,Ferrari,1,0.0,5.040422292702274,2.8680525007035085,4.797444272338184,-3.349246077710056,-1.4933987421826085,-0.2405967885032738,1.6520227650777877,-0.2247341522134717,1.5124037722887105,0.349501246882793,0.3233167082294264,-1.051248149695772,-1.129122915321896,0.30038730769100785
2022-07,2022,7,Monaco Grand Prix,Max Verstappen,max_verstappen,Red Bull,4,0.0,2.891536657866056,5.335318755328627,4.875040834442616,0.0937082613815394,-0.96162833256712,2.7145135083550835,1.956706250937748,2.5355446170633136,1.7913372489390642,0.1697007481296758,0.1719451371571072,-1.773718698209094,-1.7605798230672587,0.09149377636432698
2022-07,2022,7,Monaco Grand Prix,Mick Schumacher,mick_schumacher,Haas F1 Team,15,0.0,-1.9051063364667495,-1.9239150655149904,-2.0055410215333644,-6.109533653750239,-6.307284604157034,-4.016724359632614,-4.156412812845199,-3.7519002196696096,-3.805137889271287,0.0003740648379052369,0.0001246882793017,-7.891081412192451,-8.989693700860926,-6.023747112518825
2022-07,2022,7,Monaco Grand Prix,Lando Norris,norris,McLaren,5,0.0,2.3424006119563248,0.825042168790576,1.7361495529429096,-4.688300885381341,-4.747058846543565,-1.9316293582953823,-1.5054546468003278,-1.8042763119477725,-1.3782227067089934,0.019825436408977555,0.0138403990024937,-3.9207894986403287,-4.280163499548231,-2.7131220727203282
2022-07,2022,7,Monaco Grand Prix,Esteban Ocon,ocon,Alpine F1 Team,10,0.0,0.0334657441570981,0.1676561854931088,0.4122484966653859,-6.157488710751902,-6.129951841457939,-2.9949162626293964,-2.8588516723962765,-2.797460312830394,-2.617238784565071,0.0028678304239401495,0.0028678304239401,-5.854199484931411,-5.854199484931428,-4.3565255786638435
2022-07,2022,7,Monaco Grand Prix,Sergio Pérez,perez,Red Bull,3,1.0,3.4954634074526334,3.192961072085337,3.266854619769902,-2.206107442128919,-2.608891658007469,0.493426814978209,0.3289814808812163,0.4608950004418388,0.3011779517907854,0.19089775561097258,0.2051122194513715,-1.6560173052028764,-1.5841980376610882,-0.66351791216083
2022-07,2022,7,Monaco Grand Prix,Daniel Ricciardo,ricciardo,McLaren,14,0.0,-1.535978765351561,0.1919547221730127,-0.2424947861657026,-4.764965121192335,-5.208717547177841,-2.286505199509661,-2.725606166671772,-2.135755056167371,-2.495254384738251,0.0003740648379052369,0.0008728179551122,-7.891081412192451,-7.043783551805269,-5.3083437894321115
2022-07,2022,7,Monaco Grand Prix,George Russell,russell,Mercedes,6,0.0,1.832184096109181,1.228668917039166,1.6770236292765537,-4.759166110239963,-5.216923748176969,-1.7652485966003986,-1.7699500594502076,-1.648865096125808,-1.6203645635289274,0.022069825436408976,0.0283042394014962,-3.813543968286731,-3.5647436833791595,-2.791747013868469
2022-07,2022,7,Monaco Grand Prix,Carlos Sainz,sainz,Ferrari,2,0.0,4.185127213231411,2.2950173809069394,3.6691968183465207,-3.335715985312829,-2.4635385567702968,-0.5203493022029448,0.602829130788112,-0.4860424780102964,0.5518816512232114,0.20660847880299252,0.2120947630922692,-1.5769296834339972,-1.550722108464699,-0.4870502763229426
2022-07,2022,7,Monaco Grand Prix,Lance Stroll,stroll,Aston Martin,18,0.0,-2.970692043011029,-1.7804877935837626,-2.720846587865664,-6.265553936422302,-6.539033730339582,-4.023020865003033,-4.629940159102622,-3.757781594085001,-4.238645562349792,0.00012468827930174563,0.0003740648379052,-8.98969370086056,-7.891081412192549,-6.809816929981591
2022-07,2022,7,Monaco Grand Prix,Yuki Tsunoda,tsunoda,AlphaTauri,11,0.0,-0.3752257566191235,-0.0765957719137288,-0.1118857911393333,-5.885023743004809,-6.135846260845056,-2.980809757459269,-3.1238660259921947,-2.7842838548243454,-2.8598557245745195,0.002369077306733167,0.0023690773067331,-6.0452547216941195,-6.045254721694148,-4.584560373843157
2022-07,2022,7,Monaco Grand Prix,Sebastian Vettel,vettel,Aston Martin,9,0.0,0.4557865661227688,-1.063003180056204,-0.496890360251328,-5.988207571216313,-6.315426025760725,-3.525605375636258,-3.4061581930060263,-3.2931608940494725,-3.1182902614976054,0.001371571072319202,0.0013715710723192,-6.59179842806219,-6.591798428062191,-4.998978310534108
2022-07,2022,7,Monaco Grand Prix,Guanyu Zhou,zhou,Alfa Romeo,20,0.0,-3.6519645312541194,0.1404507027266078,-1.5374728280077947,-5.481536624619407,-5.894894695807569,-2.6705429609463995,-3.716183761907682,-2.4944730642976856,-3.4021143405748324,0.00012468827930174563,0.0001246882793017,-8.98969370086056,-8.989693700860926,-6.352938731384121
2022-08,2022,8,Azerbaijan Grand Prix,Alexander Albon,albon,Williams,17,0.0,-2.6231277297790343,-2.021067094080543,-2.9060873218265337,-6.508812020792703,-6.564880513219049,-4.264939557436623,-4.735483917522791,-3.9474830574252313,-4.3101081187501125,0.002618453865336659,0.0013715710723192,-5.945171263137137,-6.591798428062191,-5.340327590329965
2022-08,2022,8,Azerbaijan Grand Prix,Fernando Alonso,alonso,Alpine F1 Team,10,0.0,0.0359714044950427,0.576961169457468,0.6724143348201945,-5.400397645233614,-5.861441151253609,-2.411718237888073,-2.594513408216707,-2.232204408793212,-2.361455238731055,0.006608478802992521,0.0066084788029925,-5.019401787308438,-5.019401787308441,-3.8069575977625725
2022-08,2022,8,Azerbaijan Grand Prix,Valtteri Bottas,bottas,Alfa Romeo,15,0.0,-1.904875600343361,1.23059559707545,-0.0011700807161868,-4.512712035451766,-5.124110114899998,-1.6410582191881578,-2.5626400978080923,-1.518907695936307,-2.3324450221710804,0.003117206982543642,0.0031172069825436,-5.770817875992359,-5.770817875992373,-4.1667289869002255
2022-08,2022,8,Azerbaijan Grand Prix,Pierre Gasly,gasly,AlphaTauri,6,0.0,1.8338907179936224,0.0407650778126323,0.9524405270376168,-5.90549558835732,-5.334500023230151,-2.932365255272344,-2.191029748096267,-2.7140975874291744,-1.9942154318692784,0.007356608478802994,0.0096009975062344,-4.91215625695484,-4.645888279006877,-3.5515930025255535
2022-08,2022,8,Azerbaijan Grand Prix,Lewis Hamilton,hamilton,Mercedes,7,0.0,1.3536933247847216,3.1515393141443964,3.011216236807917,-1.7231628870189777,-3.1773047303827715,0.7141882135627095,-0.0830442467874272,0.6610283299175412,-0.0755846051909341,0.03553615960099751,0.0377805486284289,-3.3372045205919094,-3.275960895351192,-1.7101243836896682
2022-08,2022,8,Azerbaijan Grand Prix,Kevin Magnussen,kevin_magnussen,Haas F1 Team,16,0.0,-2.267326879434005,-1.1577113629758056,-1.9962084545073264,-6.219538620039396,-6.324299711266625,-3.688624991507601,-4.160254082886976,-3.4140658884092323,-3.786549634845879,0.002618453865336659,0.0013715710723192,-5.945171263137137,-6.591798428062191,-5.052712673012056
2022-08,2022,8,Azerbaijan Grand Prix,Nicholas Latifi,latifi,Williams,18,0.0,-2.9728570866002872,-3.195500030719344,-3.781254060003157,-6.517358268386385,-6.548356626200847,-4.856429149552865,-5.164805343102001,-4.494945714768394,-4.700864754010804,0.000374064837905237,0.0001246882793017,-7.891081412192451,-8.989693700860926,-6.527943377647226
2022-08,2022,8,Azerbaijan Grand Prix,Charles Leclerc,leclerc,Ferrari,1,0.0,5.030988127591741,2.891808719794657,4.955634597154067,-2.617421582624574,-1.3426511941431616,0.1371935685850414,1.806491701505453,0.126981702855048,1.644219404969795,0.2769326683291771,0.2672069825436409,-1.2839808769661325,-1.3197317053869833,0.2612554122696602
2022-08,2022,8,Azerbaijan Grand Prix,Max Verstappen,max_verstappen,Red Bull,3,1.0,3.493250381164457,5.692776446677063,5.486129241390284,-0.1287121618303226,-0.6162950312505244,2.78203214242337,2.4349171050698795,2.574954369114025,2.2161950427518686,0.22506234413965093,0.219576059850374,-1.4913778300935787,-1.5160565923643543,0.4717696374881504
2022-08,2022,8,Azerbaijan Grand Prix,Mick Schumacher,mick_schumacher,Haas F1 Team,20,0.0,-3.656034431534411,-1.896115865864144,-3.1977068488078397,-6.201621811910738,-6.307775824248423,-4.048868838887441,-4.752741336528131,-3.747495346182909,-4.325815350167023,0.0008728179551122197,0.0001246882793017,-7.043783551805246,-8.989693700860926,-5.898262444166688
2022-08,2022,8,Azerbaijan Grand Prix,Lando Norris,norris,McLaren,11,0.0,-0.3729534303245907,0.7600727730786527,0.3076880772414465,-4.473220813673639,-5.662098708558415,-1.8565740202974927,-2.677205315658484,-1.7183817944620678,-2.436719154273224,0.010099750623441399,0.006359102244389,-4.5952445461881215,-5.057868068136239,-3.636224930923303
2022-08,2022,8,Azerbaijan Grand Prix,Esteban Ocon,ocon,Alpine F1 Team,13,0.0,-1.157189386387168,0.3693043574966027,-0.1581265244554906,-5.894041637290924,-6.278705173452518,-2.7623686398971605,-3.218415848954004,-2.556754499684105,-2.929314199286144,0.0036159600997506245,0.0031172069825436,-5.622397870874086,-5.770817875992373,-4.420406859914045
2022-08,2022,8,Azerbaijan Grand Prix,Sergio Pérez,perez,Red Bull,2,0.0,4.180178674882635,3.827575663070611,4.570187381938755,-1.2068334196831811,-1.1540805422101137,1.3103711216937148,1.708053419864321,1.2128349610033369,1.5546235697210922,0.23852867830423946,0.2315461346633416,-1.433265731420307,-1.4629761395078547,0.13739384422200696
2022-08,2022,8,Azerbaijan Grand Prix,Daniel Ricciardo,ricciardo,McLaren,12,0.0,-0.7701957932951826,0.0860328022630572,-0.3050907004196906,-4.957462488188673,-5.814020323703445,-2.435714842962808,-3.059555512061568,-2.2544148506277444,-2.784723859689838,0.006359102244389029,0.0038653366583541,-5.0578680681362345,-5.555706496375418,-4.058711790098901
2022-08,2022,8,Azerbaijan Grand Prix,George Russell,russell,Mercedes,5,0.0,2.343267821068615,1.3843528355671966,1.9845237147275236,-4.929338388936238,-4.985784322587756,-1.7724927766845209,-1.5006303039301163,-1.640559053919189,-1.3658327150639118,0.036284289276807984,0.0412718204488778,-3.3163704336890674,-3.1875753254834973,-2.408500368809592
2022-08,2022,8,Azerbaijan Grand Prix,Carlos Sainz,sainz,Ferrari,4,0.0,2.891153217606932,2.641107572374352,3.178935567193488,-2.5079236548821,-2.8903541426226496,0.0665919587461258,0.1442907122854189,0.0616352530606755,0.1313294652274843,0.13104738154613468,0.1549875311720698,-2.0321963299836088,-1.8644106093498494,-0.9439528088490949
2022-08,2022,8,Azerbaijan Grand Prix,Lance Stroll,stroll,Aston Martin,19,0.0,-3.3170144665078736,-1.7712863932213438,-2.895203014337081,-6.474903598254656,-6.597065858186817,-4.123094995738,-4.746134436261949,-3.8161965534660154,-4.319801930002788,0.0016209476309226936,0.0013715710723192,-6.4247443433990234,-6.591798428062191,-5.585439389830486
2022-08,2022,8,Azerbaijan Grand Prix,Yuki Tsunoda,tsunoda,AlphaTauri,8,0.0,0.896597553164945,-0.7779121790613099,0.0563559327513767,-6.202654663106951,-6.0308498064448575,-3.49028342108413,-2.9872469368467405,-3.230487673926788,-2.7189105695347497,0.0051122194513715715,0.005860349127182,-5.276121634156253,-5.139546099150509,-4.131684285501496
2022-08,2022,8,Azerbaijan Grand Prix,Sebastian Vettel,vettel,Aston Martin,9,0.0,0.4583815485983495,-0.9319033550016584,-0.3725870637871694,-5.933734881701586,-6.389784208933411,-3.432819118351622,-3.38118563636029,-3.1773006689555685,-3.0774628139591003,0.004364089775561098,0.0031172069825436,-5.434345639371147,-5.770817875992373,-4.407765637865719
2022-08,2022,8,Azerbaijan Grand Prix,Guanyu Zhou,zhou,Alfa Romeo,14,0.0,-1.5350966496466691,-1.097176785191632,-1.2598057138222345,-6.453015942035412,-6.499144411446066,-3.775096363613522,-3.87947506263415,-3.4941008506269844,-3.530992239689636,0.001870324189526185,0.0016209476309226,-6.28164349975835,-6.424744343399081,-5.08055928119625
2022-09,2022,9,Canadian Grand Prix,Alexander Albon,albon,Williams,12,0.0,-0.7683128230469762,-2.141917164135826,-3.7806044286105656,-6.525387298390217,-6.573867032266855,-4.333652231263022,-5.17723573043871,-4.039353213052517,-4.737748737827086,0.0008728179551122195,0.0008728179551122,-7.043783551805247,-7.043783551805269,-6.110509641121979
2022-09,2022,9,Canadian Grand Prix,Fernando Alonso,alonso,Alpine F1 Team,2,0.0,4.1754207000882415,0.53034075822914,2.5214916289554554,-5.596673777404932,-4.127240638386167,-2.533166509587896,-0.8028745047153556,-2.3611387655623504,-0.7347198136999634,0.06296758104738155,0.0564837905236907,-2.7651352715852004,-2.8738015753775272,-1.7840048881502781
2022-09,2022,9,Canadian Grand Prix,Valtteri Bottas,bottas,Alfa Romeo,11,0.0,-0.3706958091064291,1.031482267847836,0.2066269045328491,-4.950585075132083,-5.599983184385475,-1.9595514036421235,-2.6966781399263127,-1.826477953478168,-2.467761585327533,0.0028678304239401495,0.0041147132169576,-5.854199484931411,-5.493186139394082,-4.275438812428861
2022-09,2022,9,Canadian Grand Prix,Pierre Gasly,gasly,AlphaTauri,15,0.0,-1.904722519454184,0.4799024578773008,-3.810218613263401,-5.816415504850845,-6.093611928715235,-2.668256523486772,-4.951915270989318,-2.487054794946808,-4.531555360135838,0.00012468827930174563,0.0001246882793017,-8.98969370086056,-8.989693700860926,-6.970804485924939
2022-09,2022,9,Canadian Grand Prix,Lewis Hamilton,hamilton,Mercedes,4,0.0,2.8908987810592723,2.791270808322736,3.0841035729155566,-2.2671136829307845,-2.6866572113962945,0.2620785626959756,0.198723180759631,0.2442807654618014,0.181853898072581,0.09538653366583541,0.0961346633416458,-2.3498178670340244,-2.3420053272972314,-1.0755473431371967
2022-09,2022,9,Canadian Grand Prix,Kevin Magnussen,kevin_magnussen,Haas F1 Team,5,0.0,2.344238811624301,-1.326402238735582,0.2707690113614592,-6.49832935639454,-5.955405996723216,-3.912365797565061,-2.8423184926808784,-3.6466764086479015,-2.601038769015124,0.00685785536159601,0.0081047381546134,-4.9823605156280895,-4.815306430964931,-3.9123395041544837
2022-09,2022,9,Canadian Grand Prix,Nicholas Latifi,latifi,Williams,18,0.0,-2.975142341508695,-3.338969841054701,-5.611556394870091,-6.525387298390217,-6.561239267377107,-4.932178569722459,-6.086397831123598,-4.597233531854211,-5.569733568974624,0.00012468827930174563,0.0001246882793017,-8.98969370086056,-8.989693700860926,-7.538045765992079
2022-09,2022,9,Canadian Grand Prix,Charles Leclerc,leclerc,Ferrari,19,0.0,-3.3202382226713034,2.577619070892347,-1.1919645221968262,-3.572911486591439,-5.083671554009842,-0.497646207849546,-3.137818038103334,-0.4638509740442672,-2.871453845949448,0.004364089775561097,0.0071072319201995,-5.434345639371147,-4.94664243302601,-4.286081838737241
2022-09,2022,9,Canadian Grand Prix,Max Verstappen,max_verstappen,Red Bull,1,1.0,5.021787171395772,5.36705549022315,5.313590380084322,0.03479440027137,0.4509459054911149,2.70092494524726,2.8822681427877184,2.5175046989450163,2.637597159288436,0.5180798004987531,0.4983790523690773,-0.6576259935710116,-0.6963943421492367,1.1123210746083534
2022-09,2022,9,Canadian Grand Prix,Mick Schumacher,mick_schumacher,Haas F1 Team,6,0.0,1.8356781139106488,-2.273562157330233,-0.5844751254483093,-6.502604420211897,-5.940309022973199,-4.388083288771065,-3.2623920742107537,-4.090087848713598,-2.9854529978257998,0.0036159600997506237,0.0051122194513715,-5.622397870874086,-5.276121634156266,-4.44239497254242
2022-09,2022,9,Canadian Grand Prix,Lando Norris,norris,McLaren,14,0.0,-1.534277210944169,1.1110361806969005,-1.2812241583648545,-4.959701897845495,-5.887208607606267,-1.9243328585742967,-3.5842163829855607,-1.793651105455502,-3.2799581724184024,0.0003740648379052369,0.0006234413965087,-7.891081412192451,-7.380255788426505,-5.737648897589006
2022-09,2022,9,Canadian Grand Prix,Esteban Ocon,ocon,Alpine F1 Team,7,0.0,1.3559871893017506,0.1527103660846271,0.9292084222965654,-5.888372778118243,-6.015405023830261,-2.867831206016808,-2.5430983007668475,-2.673076328771336,-2.327218885126439,0.01084788029925187,0.0115960099750623,-4.523785582205976,-4.457094207707308,-3.5334419414864118
2022-09,2022,9,Canadian Grand Prix,Sergio Pérez,perez,Red Bull,13,0.0,-1.1557899259892297,3.602980546703946,0.3814821501218439,-1.5188824722552188,-3.760220312425216,1.042049037224364,-1.6893690811516862,0.9712833199455336,-1.5459613293042531,0.00860349127182045,0.0133416458852867,-4.755587196263301,-4.31686486639866,-3.2224781387074937
2022-09,2022,9,Canadian Grand Prix,Daniel Ricciardo,ricciardo,McLaren,9,0.0,0.4609970611455538,0.3656997131426446,-0.5361111153079802,-5.214191025429405,-5.905762298048245,-2.42424565614338,-3.2209367066781125,-2.259614744747856,-2.947516707992752,0.007855361596009976,0.0073566084788029,-4.846558974469027,-4.912156256954853,-4.03374784057357
2022-09,2022,9,Canadian Grand Prix,George Russell,russell,Mercedes,8,0.0,0.8991525088669912,1.272497633533261,1.019210001575885,-4.793791566611284,-5.595443519304463,-1.7606469665390114,-2.288116758864289,-1.6410811486061034,-2.093882305295703,0.029052369077306732,0.0273067331670822,-3.5386552472948596,-3.600621971044063,-2.913386003079574
2022-09,2022,9,Canadian Grand Prix,Carlos Sainz,sainz,Ferrari,3,0.0,3.491194698919867,2.315230989399981,1.786919032443823,-3.599926412942982,-3.835013363477252,-0.6423477117715004,-1.0240471655167145,-0.5987257756225027,-0.9371174925216504,0.24351620947630923,0.2594763092269326,-1.4125717699838813,-1.349089874466926,-1.218309467750298
2022-09,2022,9,Canadian Grand Prix,Lance Stroll,stroll,Aston Martin,17,0.0,-2.6245336670393424,-1.5603999406461655,-5.559218704689959,-6.525387298390217,-6.566344562565083,-4.042893619518191,-6.062781633627521,-3.7683400652734953,-5.548122111489409,0.0003740648379052369,0.0001246882793017,-7.891081412192451,-8.989693700860926,-6.976931522909986
2022-09,2022,9,Canadian Grand Prix,Yuki Tsunoda,tsunoda,AlphaTauri,20,0.0,-3.660251256792545,-0.3867671856507713,-5.297203968072112,-6.067122939752052,-6.287330079309281,-3.226945062701412,-5.792267023690696,-3.0078027058410224,-5.300571040121953,0.0003740648379052369,0.0001246882793017,-7.891081412192451,-8.989693700860926,-6.8416742179415735
2022-09,2022,9,Canadian Grand Prix,Sebastian Vettel,vettel,Aston Martin,16,0.0,-2.2679179883453835,-0.7788317722830663,-4.728493006104793,-6.230450435264387,-6.458071396185466,-3.5046411037737264,-5.593282201145129,-3.2666403642173387,-5.118477710602626,0.0003740648379052369,0.0001246882793017,-7.891081412192451,-8.989693700860926,-6.74218180666879
2022-09,2022,9,Canadian Grand Prix,Guanyu Zhou,zhou,Alfa Romeo,10,0.0,0.0384795895175939,-0.3509408698160287,-0.3796544553433509,-6.501366918820738,-6.34672786767894,-3.426153894318383,-3.3631911615111454,-3.193483233746681,-3.077695417042644,0.003366583541147132,0.0033665835411471,-5.6938568348562315,-5.69385683485624,-4.5285239981836884
2022-10,2022,10,British Grand Prix,Alexander Albon,albon,Williams,16,0.0,-2.273326470638698,-3.829763811170301,-3.8188319830722617,-6.478263882891926,-6.579791205256472,-5.154013847031114,-5.199311594164367,-4.836135056485029,-4.780874986255927,0.00037406483790523696,0.0001246882793017,-7.891081412192451,-8.989693700860926,-6.545196503178409
2022-10,2022,10,British Grand Prix,Fernando Alonso,alonso,Alpine F1 Team,7,0.0,1.3569893736029428,0.7918226194224556,1.1277312737025624,-4.848070221601122,-5.637331559236039,-2.028123801089333,-2.254800142766738,-1.903037303438697,-2.0733355572801244,0.006109725685785537,0.0071072319201995,-5.097873402749934,-4.94664243302601,-3.6763367727583356
2022-10,2022,10,British Grand Prix,Valtteri Bottas,bottas,Alfa Romeo,12,0.0,-0.7716690167394169,1.0419757619807637,0.7926130198894777,-5.571771459308346,-6.189996618628053,-2.264897848663791,-2.6986917993692874,-2.125208082549096,-2.4815031539367185,0.0031172069825436415,0.0028678304239401,-5.77081787599236,-5.854199484931428,-4.234754837680823
2022-10,2022,10,British Grand Prix,Pierre Gasly,gasly,AlphaTauri,11,0.0,-0.3733758772736,-2.8334367035632315,-2.100105173058492,-6.41783282303038,-6.526221754708232,-4.625634763296805,-4.313163463883361,-4.340344263949057,-3.966043377599701,0.0018703241895261847,0.0016209476309226,-6.28164349975835,-6.424744343399081,-5.297403481820856
2022-10,2022,10,British Grand Prix,Lewis Hamilton,hamilton,Mercedes,5,0.0,2.3479787265731416,2.8225462527441367,3.152248575790795,-2.246353027042264,-2.76877833678956,0.2880966128509363,0.1917351195006176,0.2703279755186497,0.1763044241926453,0.05074812967581048,0.0557356608478803,-2.980880515417965,-2.8871351062469914,-1.3945726979586737
2022-10,2022,10,British Grand Prix,Kevin Magnussen,kevin_magnussen,Haas F1 Team,17,0.0,-2.630323967421329,-0.6866917426495581,-1.6408443780922448,-6.138131321553473,-6.2736886860789225,-3.412411532101516,-3.957266532085584,-3.201947749336403,-3.6387887578098495,0.00037406483790523696,0.0001246882793017,-7.891081412192451,-8.989693700860926,-5.924173972139018
2022-10,2022,10,British Grand Prix,Nicholas Latifi,latifi,Williams,10,0.0,0.0365586129192851,-5.050827327684612,-3.488579075592788,-6.519085586706686,-6.543514740163318,-5.7849564571956495,-5.016046907878053,-5.428163670727994,-4.612359301311467,0.00037406483790523696,0.0003740648379052,-7.891081412192451,-7.891081412192549,-6.453564160035252
2022-10,2022,10,British Grand Prix,Charles Leclerc,leclerc,Ferrari,3,0.0,3.498811523158233,1.4047974060719266,2.613930672608665,-4.725286895589379,-4.209681218929804,-1.6602447447587263,-0.7978752731605692,-1.5578475438318404,-0.7336628833491855,0.19812967581047383,0.1841645885286783,-1.618833534323844,-1.6919254183291803,-1.2083544037422067
2022-10,2022,10,British Grand Prix,Max Verstappen,max_verstappen,Red Bull,2,0.0,4.185770928129027,4.163671619217046,4.748843778570855,-0.730649060886491,0.2025753222109014,1.7165112791652777,2.475709550390878,1.6106437852907551,2.276466345272185,0.2938902743142145,0.2901496259351621,-1.224548797924429,-1.2373585375582685,0.6255803762332245
2022-10,2022,10,British Grand Prix,Mick Schumacher,mick_schumacher,Haas F1 Team,19,0.0,-3.326666351910811,-1.3582658088985755,-2.4426849069878145,-6.108850908061345,-6.2736886860789225,-3.73355835847996,-4.358186796533369,-3.503287534487028,-4.007443266982344,0.0006234413965087283,0.0003740648379052,-7.380255788426459,-7.891081412192549,-5.869221292479914
2022-10,2022,10,British Grand Prix,Lando Norris,norris,McLaren,6,0.0,1.8379455499720276,-1.1924359321389295,-0.1887942939722058,-6.270752968485743,-6.118872417420565,-3.731594450312336,-3.153833355696386,-3.501444752255732,-2.9000152670195543,0.008104738154613468,0.0128428927680798,-4.815306430964923,-4.354964712630925,-3.9845698933306544
2022-10,2022,10,British Grand Prix,Esteban Ocon,ocon,Alpine F1 Team,15,0.0,-1.90970195394851,0.4363643314638288,-0.6359774854926601,-5.138224126252949,-5.924517985131288,-2.35092989739456,-3.280247735311974,-2.20593402143802,-3.0162559143555527,0.0021197007481296762,0.0008728179551122,-6.156480356804344,-7.043783551805269,-4.718364046058159
2022-10,2022,10,British Grand Prix,Sergio Pérez,perez,Red Bull,4,0.0,2.8963846513306497,1.9970564227736969,2.25740111388304,-4.0207305643403215,-4.01237307498175,-1.0118370707833124,-0.8774859805493549,-0.949431040486058,-0.806866582088914,0.14576059850374068,0.1662094763092269,-1.9257897393884915,-1.7945063806818518,-1.4016378599689232
2022-10,2022,10,British Grand Prix,Daniel Ricciardo,ricciardo,McLaren,14,0.0,-1.5387755583168563,-1.4935679697155468,-1.8624954300389625,-5.748400771388131,-6.456434970915753,-3.620984370551839,-4.159465200477357,-3.397656656180189,-3.8247146325070847,0.0008728179551122196,0.0016209476309226,-7.043783551805246,-6.424744343399081,-5.601624376141302
2022-10,2022,10,British Grand Prix,George Russell,russell,Mercedes,8,0.0,0.8990535034462868,1.3140679422845147,1.274025549922717,-4.318545681008406,-5.203157960171103,-1.5022388693619455,-1.9645662051241928,-1.4095868336715165,-1.806459424256053,0.023067331670822946,0.0317955112219451,-3.7693378757822353,-3.4484301557021353,-2.866952040453214
2022-10,2022,10,British Grand Prix,Carlos Sainz,sainz,Ferrari,1,1.0,5.036034646949151,1.6195693327507596,3.877526199547911,-3.431731513528675,-2.3654838860177043,-0.9060810903889576,0.7560211567651034,-0.8501976625018883,0.6951771541285104,0.2582294264339153,0.2370324189526184,-1.3539068394649758,-1.4395583583721312,-0.2989428413499362
2022-10,2022,10,British Grand Prix,Lance Stroll,stroll,Aston Martin,20,0.0,-3.666942030397831,-4.070565730552067,-4.76294884357472,-6.505667627147583,-6.603827162819197,-5.288116678849825,-5.683388003196958,-4.961966966406258,-5.225993297298884,0.0006234413965087283,0.0006234413965087,-7.380255788426459,-7.380255788426505,-6.531821895811708
2022-10,2022,10,British Grand Prix,Yuki Tsunoda,tsunoda,AlphaTauri,13,0.0,-1.1597494609623469,-3.517583402601124,-2.881304398568317,-6.458021403417766,-6.530722682653054,-4.987802403009445,-4.7060135406106856,-4.680174864083679,-4.327277181567598,0.001122194513715711,0.0026184538653366,-6.792469123524341,-5.945171263137159,-5.749241332067513
2022-10,2022,10,British Grand Prix,Sebastian Vettel,vettel,Aston Martin,18,0.0,-2.981271341724684,-3.2513354131838827,-3.815994708349293,-6.459929934586775,-6.587917151683894,-4.855632673885329,-5.201955930016593,-4.556156830878072,-4.783306507987642,0.0006234413965087283,0.0003740648379052,-7.380255788426459,-7.891081412192549,-6.291105859221526
2022-10,2022,10,British Grand Prix,Guanyu Zhou,zhou,Alfa Romeo,9,0.0,0.4599309454680336,-0.1977214322293682,0.6093859983128206,-6.35837185929335,-6.395081168966294,-3.2780466457613597,-2.8928475853267366,-3.0758699473598776,-2.6600334312070144,0.003865336658354115,0.0033665835411471,-5.5557064963754135,-5.69385683485624,-4.224277040851075
2022-11,2022,11,Austrian Grand Prix,Alexander Albon,albon,Williams,15,0.0,-1.9146537464179847,-3.171053258340219,-3.21096660137462,-6.48502290631017,-6.59774586628535,-4.828038082325195,-4.904356233829985,-4.478503016526972,-4.483213886812694,0.0008728179551122195,0.0006234413965087,-7.043783551805247,-7.380255788426505,-5.9740698928176155
2022-11,2022,11,Austrian Grand Prix,Fernando Alonso,alonso,Alpine F1 Team,19,0.0,-3.333062966540682,1.1199657926881674,-0.6546790043982113,-5.454333017779487,-5.808380618687499,-2.16718361254566,-3.2315298115428552,-2.010286203351414,-2.954034869413274,0.0003740648379052369,0.0006234413965087,-7.891081412192451,-7.380255788426505,-5.5613056118676525
2022-11,2022,11,Austrian Grand Prix,Valtteri Bottas,bottas,Alfa Romeo,20,0.0,-3.673600968889522,0.8980077989714206,-0.4644849398423124,-5.778532120398514,-6.184535175147607,-2.440262160713546,-3.3245100574949595,-2.2635947069019275,-3.039030801596243,0.00012468827930174563,0.0001246882793017,-8.98969370086056,-8.989693700860926,-6.15710187917776
2022-11,2022,11,Austrian Grand Prix,Pierre Gasly,gasly,AlphaTauri,14,0.0,-1.5432480055865252,-2.082534286581577,-2.113060623855385,-6.414916449898523,-6.485585147148323,-4.24872536824005,-4.299322885501854,-3.941130756138079,-3.930135403137544,0.002119700748129676,0.0008728179551122,-6.1564803568043445,-7.043783551805269,-5.2279016211531
2022-11,2022,11,Austrian Grand Prix,Lewis Hamilton,hamilton,Mercedes,8,0.0,0.8989601026077063,2.7695989531701803,2.4542140994148203,-2.4078869493473207,-3.451838361487856,0.1808560019114298,-0.4988121310365176,0.1677625851963589,-0.4559785966092349,0.02057356608478803,0.0243142144638403,-3.8837482269599795,-3.7166941422968174,-2.1912801789982486
2022-11,2022,11,Austrian Grand Prix,Kevin Magnussen,kevin_magnussen,Haas F1 Team,7,0.0,1.357991385525974,-0.7518995408370072,0.5417620517682438,-6.072544360255619,-5.930480283420116,-3.412221950546313,-2.694359115825936,-3.1651876058155555,-2.462991599347584,0.0011221945137157108,0.0013715710723192,-6.792469123524341,-6.591798428062191,-4.743414119675139
2022-11,2022,11,Austrian Grand Prix,Nicholas Latifi,latifi,Williams,17,0.0,-2.636084126505793,-4.447799864538794,-4.3144389976347695,-6.503644469262679,-6.59774586628535,-5.475722166900736,-5.45609243196006,-5.079296771064033,-4.987571903926452,0.00012468827930174563,0.0001246882793017,-8.98969370086056,-8.989693700860926,-7.222893066410309
2022-11,2022,11,Austrian Grand Prix,Charles Leclerc,leclerc,Ferrari,2,1.0,4.196067098286177,2.014676944015827,3.483991306896616,-4.083680306653031,-2.976040987545681,-1.034501681318602,0.2539751596754671,-0.9596069503570092,0.2321660394300789,0.2719451371571072,0.2791770573566084,-1.3021549346589312,-1.2759090842618055,-0.524089887491732
2022-11,2022,11,Austrian Grand Prix,Max Verstappen,max_verstappen,Red Bull,1,0.0,5.050204093571537,4.533182294118456,6.107572062131484,-1.036615980199095,0.4002730016782218,1.7482831569596804,3.253922531904853,1.621712848713991,2.974504702782621,0.34002493765586034,0.3248129675810474,-1.0787363180149716,-1.1245057466730928,1.0875931069449405
2022-11,2022,11,Austrian Grand Prix,Mick Schumacher,mick_schumacher,Haas F1 Team,9,0.0,0.4588753388711769,-1.3190209460124178,-0.2682921125135116,-6.06434177648506,-5.918601048776175,-3.691681361248739,-3.0934465806448435,-3.4244150171339247,-2.8278089941337194,0.001371571072319202,0.0023690773067331,-6.59179842806219,-6.045254721694148,-4.842622504353517
2022-11,2022,11,Austrian Grand Prix,Lando Norris,norris,McLaren,10,0.0,0.0346523194881683,-0.8658709982067593,-0.604452996457548,-6.031000033013843,-6.392185106806343,-3.448435515610301,-3.4983190516319453,-3.1987794204642417,-3.1979146303835653,0.0038653366583541147,0.0036159600997506,-5.555706496375414,-5.622397870874092,-4.52701277400368
2022-11,2022,11,Austrian Grand Prix,Esteban Ocon,ocon,Alpine F1 Team,6,0.0,1.840205969135119,0.776338037968805,1.6697852684924537,-5.673689908143792,-5.503904776539369,-2.4486759350874934,-1.9170597540234575,-2.2713993499622305,-1.7524397701379606,0.009600997506234414,0.0083541147132169,-4.6458882790068765,-4.785001081469601,-3.2814740165151672
2022-11,2022,11,Austrian Grand Prix,Sergio Pérez,perez,Red Bull,5,0.0,2.351703431666348,2.596285810264806,2.871313262034632,-3.546482723434706,-4.08646136843116,-0.4750984565849501,-0.6075740531982643,-0.4407027936984058,-0.5554010154842189,0.09114713216957605,0.0938902743142144,-2.3952802411107816,-2.365628473060667,-1.5014271471545229
2022-11,2022,11,Austrian Grand Prix,Daniel Ricciardo,ricciardo,McLaren,11,0.0,-0.3760377113629852,-1.1000929705320683,-0.9592814139656828,-6.262965237998377,-6.445632983850041,-3.6815291042652234,-3.702457198907862,-3.414997752242895,-3.3845232152948,0.0008728179551122195,0.0013715710723192,-7.043783551805247,-6.591798428062191,-5.373120375356555
2022-11,2022,11,Austrian Grand Prix,George Russell,russell,Mercedes,4,0.0,2.901845339264286,1.3523313867250832,2.103917636946923,-4.653368455874138,-4.91409575127923,-1.6505185345745272,-1.4050890571661534,-1.5310260834491518,-1.2844325479139382,0.06521197007481297,0.0652119700748129,-2.7301122367956374,-2.7301122367956383,-2.067600646980895
2022-11,2022,11,Austrian Grand Prix,Carlos Sainz,sainz,Ferrari,3,0.0,3.506390687371427,2.4334957195418374,3.2540547110723117,-2.07105171989885,-1.6176937688506006,0.1812219998214936,0.8181804711108553,0.1681020859866001,0.7479224336725244,0.18765586034912718,0.1918952618453865,-1.673145523677584,-1.6508055670216812,-0.42748252628336436
2022-11,2022,11,Austrian Grand Prix,Lance Stroll,stroll,Aston Martin,12,0.0,-0.7750039653076493,-3.5237531772201605,-2.759699521236408,-6.441746919344289,-6.582777930501951,-4.982750048282225,-4.67123872586918,-4.622014313334656,-4.270114430101148,0.00012468827930174563,0.0003740648379052,-8.98969370086056,-7.891081412192549,-6.83046621336487
2022-11,2022,11,Austrian Grand Prix,Yuki Tsunoda,tsunoda,AlphaTauri,16,0.0,-2.278705907607789,-2.924519861792111,-2.9818665962169475,-6.462579519367478,-6.50663575305189,-4.693549690579794,-4.744251174634419,-4.353751169534587,-4.336857221327572,0.0003740648379052369,0.0001246882793017,-7.891081412192451,-8.989693700860926,-6.317666293413435
2022-11,2022,11,Austrian Grand Prix,Sebastian Vettel,vettel,Aston Martin,18,0.0,-2.987369385242477,-2.6987491739467395,-3.320823283619691,-6.518017426674368,-6.582777930501951,-4.608383300310554,-4.951800607060822,-4.274750563237833,-4.526584160662786,0.0003740648379052369,0.0001246882793017,-7.891081412192451,-8.989693700860926,-6.421441009626636
2022-11,2022,11,Austrian Grand Prix,Guanyu Zhou,zhou,Alfa Romeo,13,0.0,-1.1636852133755315,0.0634661775994365,-0.1611853832967609,-6.124694551341811,-6.256705093974064,-3.0306141868711878,-3.2089452386354127,-2.811207067218377,-2.933389658082997,0.002119700748129676,0.0006234413965087,-6.1564803568043445,-7.380255788426505,-4.682712797719878
2022-12,2022,12,French Grand Prix,Alexander Albon,albon,Williams,13,0.0,-1.165212169473529,-2.38070822152992,-2.136847353348041,-6.480807114642007,-6.5580041732456325,-4.430757668085963,-4.347425763296837,-4.061144481004485,-3.913500155765463,0.0006234413965087282,0.0003740648379052,-7.38025578842646,-7.891081412192549,-5.863840775861648
2022-12,2022,12,French Grand Prix,Fernando Alonso,alonso,Alpine F1 Team,7,0.0,1.3620135350461298,1.0877107747260075,1.5360259854392189,-5.150528433117345,-5.650397919512783,-2.0314088291956685,-2.0571859670367822,-1.8619489878162556,-1.8518539569797532,0.008104738154613466,0.0110972568578553,-4.815306430964923,-4.501057331128425,-3.436246199000853
2022-12,2022,12,French Grand Prix,Valtteri Bottas,bottas,Alfa Romeo,11,0.0,-0.3754455370341361,0.8095171969579547,0.5623549972772544,-5.6867274421304455,-6.157569452984994,-2.438605122586245,-2.7976072278538697,-2.2351770231700816,-2.5183722317719446,0.0016209476309226932,0.0013715710723192,-6.4247443433990234,-6.591798428062191,-4.611175785626447
2022-12,2022,12,French Grand Prix,Pierre Gasly,gasly,AlphaTauri,14,0.0,-1.545907144747824,-1.808115174568094,-1.9671930094820909,-6.441287815125875,-6.494003418126943,-4.124701494846985,-4.230598213804517,-3.780619471076834,-3.808333406974525,0.0011221945137157108,0.0003740648379052,-6.792469123524341,-7.891081412192549,-5.511533668664429
2022-12,2022,12,French Grand Prix,Lewis Hamilton,hamilton,Mercedes,4,0.0,2.9072009050899204,3.130896571933796,3.53620766015149,-2.5075357646876126,-2.760261947413729,0.3116804036230913,0.3879728563688804,0.2856800677970659,0.3492484786401436,0.08491271820448877,0.0993765586034912,-2.4661313947110477,-2.308839022070346,-1.0390792691710837
2022-12,2022,12,French Grand Prix,Kevin Magnussen,kevin_magnussen,Haas F1 Team,20,0.0,-3.683801862370337,-0.0752474123217653,-1.452600776112706,-6.066699654640378,-6.208338992906659,-3.070973533481072,-3.8304698845096814,-2.8147933493720307,-3.448142718443016,0.0003740648379052369,0.0001246882793017,-7.891081412192451,-8.989693700860926,-5.860775648351066
2022-12,2022,12,French Grand Prix,Nicholas Latifi,latifi,Williams,18,0.0,-2.9949347309895296,-3.41205414044751,-3.59752927101014,-6.482542314352684,-6.5580041732456325,-4.947298227400097,-5.077766722127886,-4.5345952988597,-4.570944264478598,0.00012468827930174563,0.0001246882793017,-8.98969370086056,-8.989693700860926,-7.033730211494223
2022-12,2022,12,French Grand Prix,Charles Leclerc,leclerc,Ferrari,1,0.0,5.053814892847737,2.709214643560524,4.645111339715303,-3.172960677355068,-1.6110759383067057,-0.2318730168972718,1.5170177007042986,-0.2125302021477978,1.3656010087917116,0.40586034912718205,0.3981296758104738,-0.9017461462178905,-0.9209775081457782,0.30763577724320407
2022-12,2022,12,French Grand Prix,Max Verstappen,max_verstappen,Red Bull,2,1.0,4.200962281206094,4.160236404283556,5.063992775438456,-1.2948865520692665,-0.665629482124348,1.432674926107145,2.199181646657053,1.3131613834676223,1.979676752484039,0.2734413965087282,0.263715710723192,-1.296667952442672,-1.332883609380182,0.4512568471071905
2022-12,2022,12,French Grand Prix,Mick Schumacher,mick_schumacher,Haas F1 Team,17,0.0,-2.6423732979116616,-0.5858148584050689,-1.2617667568839936,-6.0646826342360285,-6.177911666829126,-3.3252487463205487,-3.71983921185656,-3.0478569593991107,-3.348554323325233,0.0011221945137157108,0.0003740648379052,-6.792469123524341,-7.891081412192549,-5.25615416769045
2022-12,2022,12,French Grand Prix,Lando Norris,norris,McLaren,5,0.0,2.3567954158159594,-0.369207427886814,0.9044955459064684,-6.310679915415174,-5.868137967922501,-3.3399436716509943,-2.4818212110080164,-3.061326036106773,-2.234105474062522,0.02057356608478803,0.0180798004987531,-3.8837482269599795,-4.012959958439986,-3.182784718983998
2022-12,2022,12,French Grand Prix,Esteban Ocon,ocon,Alpine F1 Team,10,0.0,0.0362181746943763,1.0112537117741474,0.8717493401793154,-5.312990965562068,-5.810597077196553,-2.1508686268939603,-2.4694238685086187,-1.9714434658417048,-2.2229455361028965,0.0046134663341645885,0.0031172069825436,-5.378775788216336,-5.770817875992373,-3.9240998283624773
2022-12,2022,12,French Grand Prix,Sergio Pérez,perez,Red Bull,3,0.0,3.5117328085572206,2.4172653745684096,3.159797167559808,-3.4153234278975746,-2.8459786182313973,-0.4990290266645825,0.1569092746642051,-0.4574000948184082,0.1412478336084896,0.13653366583541146,0.1457605985037406,-1.991184058609959,-1.9257897393884922,-0.9171373919728769
2022-12,2022,12,French Grand Prix,Daniel Ricciardo,ricciardo,McLaren,9,0.0,0.461345963982928,-0.8133276733957319,-0.178573545850827,-6.279117354552802,-6.28790848839293,-3.546222513974267,-3.2332410171218786,-3.250397126156038,-2.9105245064698315,0.004364089775561097,0.0041147132169576,-5.434345639371147,-5.493186139394082,-4.333793328246513
2022-12,2022,12,French Grand Prix,George Russell,russell,Mercedes,6,0.0,1.844837591255383,1.7097224435125289,1.9619400485780936,-4.315901433713672,-4.79259970121183,-1.3030894951005718,-1.415329826316868,-1.1943859510530863,-1.274062812644831,0.03753117206982544,0.0385286783042394,-3.2825834361116843,-3.2563524239628148,-2.3489566312142762
2022-12,2022,12,French Grand Prix,Carlos Sainz,sainz,Ferrari,19,0.0,-3.3419329598612326,2.733132301287243,0.2068139297445228,-2.7500989119763077,-3.8554882445004335,-0.0084833053445321,-1.8243371573779557,-0.0077756291951541,-1.6422462713091006,0.011346633416458854,0.0105985037406483,-4.47883419434371,-4.547042444370251,-3.151585675860833
2022-12,2022,12,French Grand Prix,Lance Stroll,stroll,Aston Martin,15,0.0,-1.9184866049474736,-3.2955342884082137,-3.2042560227612564,-6.399346364740645,-6.562900095745197,-4.8474403265744295,-4.883578059253226,-4.443067530202011,-4.39613797593336,0.00012468827930174563,0.0001246882793017,-8.98969370086056,-8.989693700860926,-6.936635880056893
2022-12,2022,12,French Grand Prix,Yuki Tsunoda,tsunoda,AlphaTauri,8,0.0,0.9022547284574568,-2.625959014687325,-1.3285277479801167,-6.479566038575278,-6.374416366263499,-4.552762526631302,-3.851472057121808,-4.172971711255869,-3.4670486205248574,0.00486284289276808,0.0021197007481296,-5.3261320547309134,-6.15648035680438,-4.588802055926361
2022-12,2022,12,French Grand Prix,Sebastian Vettel,vettel,Aston Martin,12,0.0,-0.7754451701894631,-2.735758812181874,-2.22385220564534,-6.405068691578209,-6.484825158850152,-4.570413751880041,-4.354338682247746,-4.189150473754711,-3.919723081897883,0.0018703241895261845,0.0016209476309226,-6.28164349975835,-6.424744343399081,-5.317991091003048
2022-12,2022,12,French Grand Prix,Guanyu Zhou,zhou,Alfa Romeo,16,0.0,-2.28374993047324,-0.1086039237486879,-0.8791801612914522,-6.218399804348655,-6.4520091162165984,-3.1635018640486714,-3.665594638754025,-2.899602979500932,-3.299724013885926,0.0008728179551122195,0.0008728179551122,-7.043783551805247,-7.043783551805269,-5.354689095279636
2022-13,2022,13,Hungarian Grand Prix,Alexander Albon,albon,Williams,17,0.0,-2.648658708014201,-2.5272347375582824,-2.9615788413879143,-6.542220334956389,-6.587282635569666,-4.534727536257336,-4.77443073847879,-4.188287492363743,-4.323259902219843,0.0008728179551122196,0.0013715710723192,-7.043783551805246,-6.591798428062191,-5.909107145142018
2022-13,2022,13,Hungarian Grand Prix,Fernando Alonso,alonso,Alpine F1 Team,6,0.0,1.849470305605956,0.5978231418608162,1.5920236117352964,-5.152377614869875,-4.920887995494638,-2.277277236504529,-1.664432191879671,-2.103299854299192,-1.5071478358925685,0.024064837905236912,0.0270573566084788,-3.7270035119556746,-3.609796347320101,-2.6957178519176725
2022-13,2022,13,Hungarian Grand Prix,Valtteri Bottas,bottas,Alfa Romeo,8,0.0,0.90554964987416,0.4413234730440295,1.096993549261324,-6.32113027277215,-6.013068251432787,-2.93990339986406,-2.458037351085732,-2.715303298810926,-2.225759446558328,0.010099750623441399,0.0110972568578553,-4.5952445461881215,-4.501057331128425,-3.526640948636927
2022-13,2022,13,Hungarian Grand Prix,Pierre Gasly,gasly,AlphaTauri,20,0.0,-3.693996421923795,-1.6168240026016525,-2.9307221993863664,-6.474485086548027,-6.515646077833402,-4.045654544574839,-4.723184138609884,-3.7365782601025,-4.276855967913544,0.0013715710723192023,0.0008728179551122,-6.591798428062189,-7.043783551805269,-5.657491283336037
2022-13,2022,13,Hungarian Grand Prix,Lewis Hamilton,hamilton,Mercedes,7,0.0,1.3660362618021824,3.0812086521426867,3.038649682364714,-2.5505904248892013,-3.6090986206525018,0.2653091136267427,-0.2852244691438939,0.24504026610827,-0.2582715255755543,0.06221945137157108,0.0786783042394015,-2.7770876051090414,-2.542387838319347,-1.5311560371264676
2022-13,2022,13,Hungarian Grand Prix,Kevin Magnussen,kevin_magnussen,Haas F1 Team,13,0.0,-1.166737898270046,-0.5239391908881664,-0.5309684642698895,-6.28265317670305,-6.418713399649446,-3.403296183795608,-3.474840931959668,-3.143294216782139,-3.146477829631249,0.002618453865336659,0.0031172069825436,-5.945171263137137,-5.770817875992373,-4.710006097548403
2022-13,2022,13,Hungarian Grand Prix,Nicholas Latifi,latifi,Williams,19,0.0,-3.3507975301464743,-3.350020660871504,-3.754854167540629,-6.468643127690651,-6.562487687583943,-4.9093318942810775,-5.1586709275622855,-4.534273162892185,-4.671190429077862,0.0008728179551122196,0.0001246882793017,-7.043783551805246,-8.989693700860926,-6.101227239683766
2022-13,2022,13,Hungarian Grand Prix,Charles Leclerc,leclerc,Ferrari,3,0.0,3.5170797764995263,2.561645818744434,3.210423390394887,-3.751301656247682,-2.791507229631784,-0.5948279187516241,0.2094580803815515,-0.5493847893389304,0.1896648563380401,0.23229426433915215,0.2295511221945137,-1.4597503302589716,-1.4716295196274825,-0.62514612493871
2022-13,2022,13,Hungarian Grand Prix,Max Verstappen,max_verstappen,Red Bull,10,1.0,0.0377843031380231,4.650331378034739,3.2775965703019807,-0.6036560022882478,-2.663689458536431,2.0233376878732456,0.3069535558827749,1.8687605513653047,0.2779472721840373,0.06197007481296759,0.0781795511221945,-2.7811036747639313,-2.5487471602276397,-1.2370750594405782
2022-13,2022,13,Hungarian Grand Prix,Mick Schumacher,mick_schumacher,Haas F1 Team,15,0.0,-1.9223171178161045,-1.2459586332199608,-1.4203683485201275,-6.425972999963518,-6.472232131866531,-3.8359658165917394,-3.946300240193329,-3.5429091433409408,-3.5733855039615103,0.001122194513715711,0.0011221945137157,-6.792469123524341,-6.79246912352435,-5.369384681858834
2022-13,2022,13,Hungarian Grand Prix,Lando Norris,norris,McLaren,4,0.0,2.912559571494776,0.0220373085241004,1.552221406861614,-6.31775988595511,-5.412621550401391,-3.1478612887155046,-1.9302000717698884,-2.9073738075351896,-1.7478013674575568,0.03728179551122195,0.0377805486284289,-3.2892501274698733,-3.275960895351192,-2.609725099619881
2022-13,2022,13,Hungarian Grand Prix,Esteban Ocon,ocon,Alpine F1 Team,5,0.0,2.3618893019042124,0.4852565145196661,1.6706486246828964,-5.495391628875637,-5.101198887300256,-2.505067557177985,-1.7152751313086796,-2.313687654520938,-1.5531862545825543,0.022568578553615964,0.0278054862842892,-3.791196669594734,-3.582521929400444,-2.753235900451707
2022-13,2022,13,Hungarian Grand Prix,Sergio Pérez,perez,Red Bull,11,0.0,-0.3748528846122285,2.7837439091252905,1.5513934009943386,-3.138531979645442,-4.621690235820464,-0.1773940352600758,-1.5351484174130623,-0.1638416449851168,-1.3900810296543853,0.0330423940149626,0.0427680798004987,-3.4099638748743377,-3.1519632536946216,-2.4725561461437
2022-13,2022,13,Hungarian Grand Prix,Daniel Ricciardo,ricciardo,McLaren,9,0.0,0.4638167936775906,-0.5306154979137989,0.25170851131776,-6.3450803836887815,-6.1355024272421685,-3.4378479408012903,-2.941896957962204,-3.175206319670139,-2.663895624732191,0.009351620947630925,0.0081047381546134,-4.67220558732425,-4.815306430964931,-3.8070512726432266
2022-13,2022,13,Hungarian Grand Prix,George Russell,russell,Mercedes,1,0.0,5.057437400010425,1.7456432068307062,4.092328742009923,-4.150189524918989,-2.10036679616302,-1.2022731590441416,0.9959809729234514,-1.11042297341312,0.901863455450563,0.20586034912718207,0.1849127182044888,-1.580557256940432,-1.687871358722628,-0.2922881420084903
2022-13,2022,13,Hungarian Grand Prix,Carlos Sainz,sainz,Ferrari,2,0.0,4.205864913850885,2.40036591105957,3.6335358073729167,-2.8144391721924946,-1.3281565241613018,-0.2070366305664623,1.1526896416058074,-0.1912196319028062,1.0437635773194467,0.2841645885286784,0.2582294264339152,-1.2582016716148756,-1.353906839464976,-0.052756015004534085
2022-13,2022,13,Hungarian Grand Prix,Lance Stroll,stroll,Aston Martin,14,0.0,-1.5485645384757718,-2.5338010516162357,-2.244186910776291,-6.482526666645653,-6.575698450996951,-4.508163859130944,-4.409942680886621,-4.163753203198604,-3.993214983665157,0.0031172069825436415,0.0016209476309226,-5.77081787599236,-6.424744343399081,-5.09038027843949
2022-13,2022,13,Hungarian Grand Prix,Yuki Tsunoda,tsunoda,AlphaTauri,16,0.0,-2.288790933441131,-2.224039600628425,-2.5214009926604604,-6.427772449518144,-6.498812714626583,-4.325906025073285,-4.510106853643522,-3.9954193395506414,-4.083913912069113,0.0018703241895261847,0.0008728179551122,-6.28164349975835,-7.043783551805269,-5.395875176700936
2022-13,2022,13,Hungarian Grand Prix,Sebastian Vettel,vettel,Aston Martin,18,0.0,-3.0024955127056367,-2.0388890220918143,-2.5390858360138444,-6.3400067213427365,-6.557768664946133,-4.189447871717276,-4.548427250479989,-3.869386193708383,-4.118613134689532,0.0018703241895261847,0.0016209476309226,-6.28164349975835,-6.424744343399081,-5.415035375119169
2022-13,2022,13,Hungarian Grand Prix,Guanyu Zhou,zhou,Alfa Romeo,12,0.0,-0.7758855741300936,-0.6166281493775545,-0.2593793616881829,-6.383189351193831,-6.234108847143195,-3.4999087502856927,-3.2467441044156886,-3.2325258631380183,-2.939935537500599,0.0033665835411471326,0.0051122194513715,-5.693856834856231,-5.276121634156266,-4.470300469635959
2022-14,2022,14,Belgian Grand Prix,Alexander Albon,albon,Williams,6,0.0,1.789897998190047,-2.8461934161115723,-1.1845643871003797,-6.38860023519705,-6.047843390708652,-4.617396825654311,-3.6162038889045154,-4.295734829714362,-3.273636843273468,0.005361596009975062,0.0023690773067331,-5.228493585166998,-6.045254721694148,-4.422348737035756
2022-14,2022,14,Belgian Grand Prix,Fernando Alonso,alonso,Alpine F1 Team,3,0.0,3.4231796084708987,1.0793846328789924,2.3366081661865894,-5.131005689657444,-4.0423924711650905,-2.0258105283892256,-0.8528921524892505,-1.8846863663208069,-0.7720967233884158,0.033042394014962596,0.0327930174563591,-3.4099638748743377,-3.417539668682796,-2.131428013681794
2022-14,2022,14,Belgian Grand Prix,Valtteri Bottas,bottas,Alfa Romeo,13,0.0,-1.1409401090123967,0.7408258282243035,0.3023651229689872,-5.998389709917491,-6.228708171904472,-2.628781940846594,-2.9631715244677426,-2.445652944593649,-2.6824669663122926,0.0018703241895261845,0.0031172069825436,-6.28164349975835,-5.770817875992373,-4.622407512113046
2022-14,2022,14,Belgian Grand Prix,Pierre Gasly,gasly,AlphaTauri,20,0.0,-3.579882278921609,-1.7733582105663752,-3.0478461081120485,-6.394870457448564,-6.450630280665478,-4.084114334007469,-4.749238194388763,-3.7996024287224737,-4.299337539660264,0.002369077306733167,0.0011221945137157,-6.0452547216941195,-6.79246912352435,-5.397246458041441
2022-14,2022,14,Belgian Grand Prix,Lewis Hamilton,hamilton,Mercedes,4,0.0,2.8298088717655485,3.1776667672921697,3.3758790183003167,-2.0936994150063053,-2.9655750895412845,0.5419836761429322,0.2051519643795161,0.504227434343138,0.1857176889619907,0.1332917705735661,0.1427680798004987,-2.015214789835515,-1.9465337848722206,-0.9050314127279995
2022-14,2022,14,Belgian Grand Prix,Kevin Magnussen,kevin_magnussen,Haas F1 Team,12,0.0,-0.7625247486551279,-0.7929648311481666,-0.6699288969996791,-6.343172059474249,-6.429853329939832,-3.568068445311208,-3.549891113469756,-3.319505876161324,-3.213605951345881,0.003117206982543641,0.0021197007481296,-5.77081787599236,-6.15648035680438,-4.660354494731058
2022-14,2022,14,Belgian Grand Prix,Nicholas Latifi,latifi,Williams,11,0.0,-0.3738676792383915,-3.6320570183085454,-2.5209541429791784,-6.483725731504801,-6.556766526098689,-5.057891374906674,-4.538860334538933,-4.705543180387052,-4.108889010160435,0.0011221945137157108,0.0008728179551122,-6.792469123524341,-7.043783551805269,-5.665664729031636
2022-14,2022,14,Belgian Grand Prix,Charles Leclerc,leclerc,Ferrari,15,0.0,-1.8714879773721045,2.936244601695164,1.229891578918502,-3.3677965128614606,-4.858733253814095,-0.2157759555831482,-1.8144208374477968,-0.2007443420637947,-1.6425387188197462,0.04451371571072319,0.0604738154613466,-3.111957919080921,-2.8055448099230778,-2.463189378264359
2022-14,2022,14,Belgian Grand Prix,Max Verstappen,max_verstappen,Red Bull,14,1.0,-1.510275399501288,4.880491187679018,3.362695823387876,-0.3130728148549646,-1.4341843555473417,2.2837091864120267,0.964255733920267,2.124619014441894,0.8729107079897932,0.045012468827930176,0.0584788029925187,-3.100815742527679,-2.839090932414281,-1.0682800043037062
2022-14,2022,14,Belgian Grand Prix,Mick Schumacher,mick_schumacher,Haas F1 Team,19,0.0,-3.2494074955304635,-1.4954317364013183,-2.5608803829638176,-6.451677709069649,-6.462041805438296,-3.973554722735484,-4.5114610942010565,-3.696744738375825,-4.0840853305551486,0.0003740648379052369,0.0003740648379052,-7.891081412192451,-7.891081412192549,-6.2012712531967535
2022-14,2022,14,Belgian Grand Prix,Lando Norris,norris,McLaren,17,0.0,-2.57262203962029,0.4538912030358595,-0.860997175509946,-6.306438853527082,-6.52435562653202,-2.926273825245611,-3.692676401020983,-2.7224206337534653,-3.342865028644947,0.00486284289276808,0.0033665835411471,-5.3261320547309134,-5.69385683485624,-4.509404227875948
2022-14,2022,14,Belgian Grand Prix,Esteban Ocon,ocon,Alpine F1 Team,16,0.0,-2.225377931985556,0.8107400285322517,-0.3491610683151102,-5.042255970188373,-5.536320956102539,-2.115757970828061,-2.942741012208825,-1.9683677946055589,-2.663971859367976,0.0028678304239401495,0.0031172069825436,-5.854199484931411,-5.770817875992373,-4.398470248570118
2022-14,2022,14,Belgian Grand Prix,Sergio Pérez,perez,Red Bull,2,0.0,4.101323031516373,2.7767536746907187,3.775145338971876,-3.4023980210457,-2.7262166023055,-0.3128221731774905,0.5244643683331878,-0.2910300230985799,0.4747812711632766,0.22680798004987532,0.2265586034912718,-1.4836515223424378,-1.484751632464389,-0.479593577004625
2022-14,2022,14,Belgian Grand Prix,Daniel Ricciardo,ricciardo,McLaren,7,0.0,1.318343049829461,-0.1984985799835541,0.7248634125073486,-6.205315369531385,-6.352742896284058,-3.201906974757469,-2.8139397418883547,-2.978852334404225,-2.547372077681095,0.010099750623441397,0.0110972568578553,-4.5952445461881215,-4.501057331128425,-3.704592144038238
2022-14,2022,14,Belgian Grand Prix,George Russell,russell,Mercedes,5,0.0,2.290612553257386,1.9216355608896527,2.1163199073372985,-3.3416478342156988,-4.682357148703886,-0.710006136663023,-1.283018620683294,-0.660544935975279,-1.1614768293795286,0.08266832917705735,0.1018703241895262,-2.4929187106746977,-2.284054606000557,-1.8879686656789958
2022-14,2022,14,Belgian Grand Prix,Carlos Sainz,sainz,Ferrari,1,0.0,4.9432347087615085,2.9978304890670384,4.25215784288279,-2.622074642621928,-2.3802119402649287,0.1878779232225553,0.9359729513089304,0.1747897720285639,0.8473071850604449,0.3889027431421446,0.3315461346633417,-0.9444259842527569,-1.1039883096175402,-0.004226516471913244
2022-14,2022,14,Belgian Grand Prix,Lance Stroll,stroll,Aston Martin,9,0.0,0.4402713248498604,-2.497439029569632,-1.4136138035301866,-6.442608321441247,-6.413800893857521,-4.470023675505439,-3.913707348693854,-4.1586281442889605,-3.54295746702368,0.005610972568578554,0.005361596009975,-5.18303121109024,-5.228493585167009,-4.5483692798920465
2022-14,2022,14,Belgian Grand Prix,Yuki Tsunoda,tsunoda,AlphaTauri,20,0.0,-3.579882278921609,-2.32695189801108,-3.2881070143340665,-6.426990518543394,-6.446892970973036,-4.3769712082772365,-4.867499992653551,-4.07205799674562,-4.406396265286673,0.001371571072319202,0.0006234413965087,-6.59179842806219,-7.380255788426505,-5.72964921035787
2022-14,2022,14,Belgian Grand Prix,Sebastian Vettel,vettel,Aston Martin,10,0.0,0.0264638134691886,-1.984978326473348,-1.1077810851545835,-6.3190462891795045,-6.393387915189833,-4.152012307826427,-3.750584500172209,-3.8627704218610734,-3.3952874286891026,0.005361596009975062,0.0096009975062344,-5.228493585166998,-4.645888279006877,-4.489539042669604
2022-14,2022,14,Belgian Grand Prix,Guanyu Zhou,zhou,Alfa Romeo,18,0.0,-2.913798836644728,-0.3908863510582893,-1.5172745743079654,-6.3659687984615765,-6.432889515358016,-3.378427574759933,-3.975082044832991,-3.1430759691110404,-3.5985180694394514,0.001371571072319202,0.0023690773067331,-6.59179842806219,-6.045254721694148,-5.283440236447591
2022-15,2022,15,Dutch Grand Prix,Alexander Albon,albon,Williams,15,0.0,-1.7892556475137174,-2.263868651927041,-2.409100889510001,-6.443342691624814,-6.606862219984914,-4.353605671775927,-4.507981554747458,-4.078976659029964,-4.098751980028895,0.0003740648379052369,0.0011221945137157,-7.891081412192451,-6.79246912352435,-6.199531483469954
2022-15,2022,15,Dutch Grand Prix,Fernando Alonso,alonso,Alpine F1 Team,13,0.0,-1.1015558742211191,1.090800746622254,0.4658928904879238,-4.632649078018313,-5.720270183171984,-1.7709241656980297,-2.6271886463420304,-1.65921281838273,-2.388695369608068,0.0036159600997506237,0.0016209476309226,-5.622397870874086,-6.424744343399081,-4.124793258608058
2022-15,2022,15,Dutch Grand Prix,Valtteri Bottas,bottas,Alfa Romeo,16,0.0,-2.121375089005006,0.1837311291059237,-0.5976485212526487,-6.1812052659933165,-6.458903500946064,-2.9987370684436963,-3.528276011099356,-2.8095742772588257,-3.207983020993548,0.0011221945137157108,0.0008728179551122,-6.792469123524341,-7.043783551805269,-5.160372567311848
2022-15,2022,15,Dutch Grand Prix,Pierre Gasly,gasly,AlphaTauri,11,0.0,-0.376219933191037,-1.5125759260236582,-0.9433638838701054,-6.429219064877701,-6.4038901269526045,-3.97089749545068,-3.673627005411355,-3.720410028025502,-3.3401392129611187,0.0026184538653366584,0.0041147132169576,-5.945171263137137,-5.493186139394082,-4.809399134274246
2022-15,2022,15,Dutch Grand Prix,Lewis Hamilton,hamilton,Mercedes,4,0.0,2.697172064408837,2.887014721641369,3.327189634829258,-2.2313349283784234,-2.217536183677911,0.3278398966314728,0.5548267255756734,0.3071594873481228,0.5044601696808934,0.09663341645885287,0.0993765586034912,-2.3368306715072134,-2.308839022070346,-0.89100197296577
2022-15,2022,15,Dutch Grand Prix,Kevin Magnussen,kevin_magnussen,Haas F1 Team,18,0.0,-2.765665786029172,-0.9846150521334176,-1.663126394103114,-6.296370696197015,-6.495071860372584,-3.640492874165216,-4.079099127237849,-3.410847600955877,-3.7088030244695407,0.0006234413965087282,0.0003740648379052,-7.38025578842646,-7.891081412192549,-5.729677457832155
2022-15,2022,15,Dutch Grand Prix,Nicholas Latifi,latifi,Williams,20,0.0,-3.3869391914419835,-3.199217053644175,-3.836740428956469,-6.449684813159239,-6.580759134531448,-4.824450933401707,-5.208749781743959,-4.520120615782246,-4.735905243204604,0.0006234413965087282,0.0003740648379052,-7.38025578842646,-7.891081412192549,-6.29450278508521
2022-15,2022,15,Dutch Grand Prix,Charles Leclerc,leclerc,Ferrari,2,0.0,3.942302161153621,2.962382144064463,4.329807740119891,-3.701511448519696,-1.7819006941148228,-0.3695646522276163,1.2739535230025345,-0.3462522111755827,1.1583054325882098,0.2275561097256858,0.2377805486284289,-1.4803584348439682,-1.4364070952601413,-0.10320245592071686
2022-15,2022,15,Dutch Grand Prix,Max Verstappen,max_verstappen,Red Bull,1,1.0,4.777296016499266,4.975078300165722,6.2325528469182405,0.1418700311633448,0.9687122251072132,2.5584741656645336,3.6006325360127267,2.397083519100559,3.2737711006817536,0.3420199501246883,0.3128428927680798,-1.072886209922957,-1.1620541544941378,1.263873163044885
2022-15,2022,15,Dutch Grand Prix,Mick Schumacher,mick_schumacher,Haas F1 Team,8,0.0,0.807751270639887,-1.682808507937732,-0.5986412338252669,-6.433292248765944,-6.464922531990884,-4.058050378351838,-3.531781882908075,-3.8020652356676727,-3.211170633640849,0.0028678304239401495,0.0028678304239401,-5.854199484931411,-5.854199484931428,-4.692990683919743
2022-15,2022,15,Dutch Grand Prix,Lando Norris,norris,McLaren,7,0.0,1.2373284721856108,-0.0869583167127858,0.5203548725238959,-6.223787974575459,-6.207267834401033,-3.1553731456441225,-2.8434564809385683,-2.956329622375309,-2.5853306496117323,0.009850374064837904,0.0078553615960099,-4.620245848393539,-4.846558974469037,-3.731851164666054
2022-15,2022,15,Dutch Grand Prix,Esteban Ocon,ocon,Alpine F1 Team,12,0.0,-0.7441646088211429,0.8117259141374265,0.3863038241185156,-4.779989579670061,-5.836100394512464,-1.984131832766317,-2.724898285196974,-1.8589711711283108,-2.4775350356228603,0.002119700748129676,0.0031172069825436,-6.1564803568043445,-5.770817875992373,-4.44068932100066
2022-15,2022,15,Dutch Grand Prix,Sergio Pérez,perez,Red Bull,5,0.0,2.17410655472918,3.0373605343607344,2.8845689725043826,-3.0085665423825243,-3.790772411065636,0.014396995989105,-0.4531017192806266,0.013488821686451,-0.4119696468367659,0.07319201995012468,0.0844139650872818,-2.614668881032464,-2.472022427948285,-1.5338853001565451
2022-15,2022,15,Dutch Grand Prix,Daniel Ricciardo,ricciardo,McLaren,17,0.0,-2.4466464205679785,-0.5727065275412812,-1.445884095281754,-6.205824649416647,-6.377410768715798,-3.389265588478964,-3.911647431998776,-3.1754679382847613,-3.5565524087371974,0.0016209476309226932,0.0011221945137157,-6.4247443433990234,-6.79246912352435,-5.1681958876989
2022-15,2022,15,Dutch Grand Prix,George Russell,russell,Mercedes,6,0.0,1.6906939812549684,1.704490373902935,1.9344145801877388,-3.207617769293946,-4.079725699255787,-0.7515636976955056,-1.072655559534024,-0.7041544438781686,-0.9752810753848312,0.05049875311720698,0.0517456359102244,-2.985806633754021,-2.9614151806298628,-2.0292310966440223
2022-15,2022,15,Dutch Grand Prix,Carlos Sainz,sainz,Ferrari,3,0.0,3.2760607629619374,3.181771369206279,3.916159579059792,-1.8527375969188289,-1.3949904995065496,0.6645168861437251,1.260584539776621,0.6225986165177511,1.14615007085864,0.17668329177057357,0.1841645885286783,-1.7333964611698798,-1.6919254183291803,-0.23640596069662934
2022-15,2022,15,Dutch Grand Prix,Lance Stroll,stroll,Aston Martin,10,0.0,0.0037544708245438,-2.2274266097084685,-1.354963064378712,-6.360643714551913,-6.4843191950735735,-4.294035162130191,-3.919641129726143,-4.0231639059396365,-3.563820447434759,0.0036159600997506237,0.0023690773067331,-5.622397870874086,-6.045254721694148,-4.771019500300115
2022-15,2022,15,Dutch Grand Prix,Yuki Tsunoda,tsunoda,AlphaTauri,9,0.0,0.3976150292407471,-2.066252574200339,-1.0215234601892518,-6.480187687914671,-6.418729191273086,-4.273220131057505,-3.7201263257311687,-4.003661904081063,-3.382417376462058,0.003117206982543641,0.0026184538653366,-5.77081787599236,-5.945171263137159,-4.745472100861765
2022-15,2022,15,Dutch Grand Prix,Sebastian Vettel,vettel,Aston Martin,19,0.0,-3.078947549918737,-1.5898557512435842,-2.363296047659558,-6.393658839256615,-6.599340713785119,-3.9917572952501,-4.481318380722339,-3.739953974562848,-4.074509259422769,0.0008728179551122195,0.0001246882793017,-7.043783551805247,-8.989693700860926,-5.7625509662637935
2022-15,2022,15,Dutch Grand Prix,Guanyu Zhou,zhou,Alfa Romeo,14,0.0,-1.4495907224759867,-1.0983828053993203,-1.197543863499121,-6.416394961617047,-6.547279972227076,-3.757388883508184,-3.8724119178630985,-3.520369714254947,-3.520878651136814,0.0003740648379052369,0.0011221945137157,-7.891081412192451,-6.79246912352435,-5.881746665027775
2022-16,2022,16,Italian Grand Prix,Fernando Alonso,alonso,Alpine F1 Team,6,0.0,1.6923697842825174,1.1256626431996388,1.3151661281437708,-4.957183608332848,-5.409112598218701,-1.9157604825666048,-2.046973235037465,-1.806711963706758,-1.8707979804987085,0.02905236907730674,0.0370324189526184,-3.5386552472948596,-3.295961562057862,-2.7928142411661625
2022-16,2022,16,Italian Grand Prix,Valtteri Bottas,bottas,Alfa Romeo,15,0.0,-1.793595774488871,0.0788197251386669,-0.4198484202302965,-5.98926354310686,-6.370328050308893,-2.9552219089840968,-3.395088235269595,-2.7870053834792285,-3.102885814743461,0.0036159600997506245,0.0036159600997506,-5.622397870874086,-5.622397870874092,-4.50874305307184
2022-16,2022,16,Italian Grand Prix,Nyck de Vries,de_vries,Williams,8,0.0,0.8073256067724504,-2.472886906256365,-1.8782427458483253,-5.399462074227018,-5.952329768866434,-3.936174490241692,-3.91528625735738,-3.712120386380175,-3.578312357955414,0.008104738154613468,0.0046134663341645,-4.815306430964923,-5.3787757882163545,-4.365296344161152
2022-16,2022,16,Italian Grand Prix,Pierre Gasly,gasly,AlphaTauri,5,0.0,2.177125627405164,-1.1962132873552012,-0.0787257557944038,-6.458386121750969,-6.166576475037166,-3.827299704553085,-3.1226511154157848,-3.6094429485482378,-2.8538963287494905,0.019077306733167085,0.0180798004987531,-3.9592557794681245,-4.012959958439986,-3.5409534474419546
2022-16,2022,16,Italian Grand Prix,Lewis Hamilton,hamilton,Mercedes,19,0.0,-3.0841692039865927,2.726943022190832,0.9337671193037788,-2.840304989031211,-3.9336620239626514,-0.0566809834201893,-1.4999474523294365,-0.0534546002967571,-1.3708526406896244,0.015586034912718209,0.0143391521197007,-4.161379963558259,-4.244761572497313,-2.830663707943848
2022-16,2022,16,Italian Grand Prix,Kevin Magnussen,kevin_magnussen,Haas F1 Team,16,0.0,-2.1260032297253675,-1.1014015607581382,-1.9540463079322676,-6.439628573744836,-6.513871536178618,-3.770515067251487,-4.233958922055443,-3.555890594534703,-3.869558070089196,0.0021197007481296762,0.0011221945137157,-6.156480356804344,-6.79246912352435,-5.195219639429894
2022-16,2022,16,Italian Grand Prix,Nicholas Latifi,latifi,Williams,10,0.0,0.0017779806451754,-3.866049054825852,-3.1737412597163157,-6.407490846612832,-6.515732833089246,-5.136769950719343,-4.844737046402781,-4.844375802313457,-4.427768828297217,0.0023690773067331673,0.0028678304239401,-6.0452547216941195,-5.854199484931428,-5.44499588404845
2022-16,2022,16,Italian Grand Prix,Charles Leclerc,leclerc,Ferrari,1,0.0,4.79035814287017,3.024076828467573,5.064201184018307,-3.39852828636738,-1.4682268861338208,-0.1872257289499033,1.797987148942243,-0.1765685050326998,1.6432411863666674,0.3938902743142146,0.3689526184538654,-0.9316829000584747,-0.9970870484603503,0.43315212444188417
2022-16,2022,16,Italian Grand Prix,Max Verstappen,max_verstappen,Red Bull,7,1.0,1.237870581119625,5.235077062856628,4.489184037970634,0.4198053685238556,-1.322053065433164,2.827441215690242,1.5835654862687347,2.666498196173926,1.4472739862887274,0.10012468827930178,0.1255610972568578,-2.301338986913798,-2.0749628081419984,-0.3588867503225317
2022-16,2022,16,Italian Grand Prix,Mick Schumacher,mick_schumacher,Haas F1 Team,17,0.0,-2.451514810086566,-1.7314763469917756,-2.5763178331334085,-6.465175413529787,-6.541343777842436,-4.098325880260781,-4.558830805487922,-3.865041828776085,-4.166469457616532,0.0023690773067331673,0.0026184538653366,-6.0452547216941195,-5.945171263137159,-5.302042763591021
2022-16,2022,16,Italian Grand Prix,Lando Norris,norris,McLaren,3,0.0,3.282708887907779,-0.2325131203859552,0.9223556653839872,-5.789737381315969,-5.008325620867881,-3.011125250850962,-2.0429849777419467,-2.8397266069730653,-1.8671529774442213,0.06122194513715712,0.064713216957606,-2.7932495730660394,-2.7377898176946713,-2.418117275403993
2022-16,2022,16,Italian Grand Prix,Esteban Ocon,ocon,Alpine F1 Team,14,0.0,-1.453590206641079,0.700399277303035,0.0067479173910141,-4.829760693292189,-5.909081498989927,-2.0646807079945773,-2.9511667907994563,-1.9471553831044497,-2.697171012224509,0.007605985037406486,0.005860349127182,-4.878819836687248,-5.139546099150509,-3.914993313743352
2022-16,2022,16,Italian Grand Prix,Sergio Pérez,perez,Red Bull,13,0.0,-1.1051563361192067,3.0412173461226115,1.840828918661691,-3.0434460487231503,-4.3081802078949,-0.0011143513002693,-1.2336756446166044,-0.0010509204278353,-1.1274978417081962,0.031296758104738163,0.0288029925187032,-3.464240761728776,-3.547275990338768,-2.34895820317269
2022-16,2022,16,Italian Grand Prix,Daniel Ricciardo,ricciardo,McLaren,4,0.0,2.7018109823746133,-0.923637082796889,0.2935145314976566,-5.812834707078281,-5.623132767207931,-3.368235894937585,-2.664809117855137,-3.1765098734145663,-2.4354590625639965,0.030299251870324197,0.0307980049875311,-3.4966322575200115,-3.4803053642325854,-3.0807206876875743
2022-16,2022,16,Italian Grand Prix,George Russell,russell,Mercedes,2,0.0,3.9515687702539,1.747516930552465,2.519929179155348,-2.6703227125757234,-2.817008229654196,-0.4614028910116292,-0.1485395252494241,-0.4351390118261372,-0.1357552893727863,0.2430174563591023,0.2470074812967581,-1.414622001352999,-1.3983366541620093,-0.7815807633012116
2022-16,2022,16,Italian Grand Prix,Carlos Sainz,sainz,Ferrari,18,0.0,-2.770730817448242,3.0783497482138693,1.827147759359038,-1.966897947048187,-3.20331710526294,0.5557259005828411,-0.688084672951951,0.5240929867076035,-0.6288638241755339,0.023815461346633423,0.0208229426433915,-3.73742027281393,-3.871699888443806,-2.2127524728829404
2022-16,2022,16,Italian Grand Prix,Lance Stroll,stroll,Aston Martin,12,0.0,-0.7473007882894138,-2.289279228492388,-2.306822126982038,-6.201080292746239,-6.491054208649509,-4.245179760619314,-4.398938167815774,-4.003536523167662,-4.020338175324416,0.005860349127182047,0.005860349127182,-5.139546099150501,-5.139546099150509,-4.769242133483138
2022-16,2022,16,Italian Grand Prix,Yuki Tsunoda,tsunoda,AlphaTauri,20,0.0,-3.392280570033888,-1.6194928396524757,-2.4232092058127703,-6.475971305623402,-6.513871536178618,-4.047732072637938,-4.468540370995694,-3.8173279113247727,-4.083949979777184,0.0016209476309226936,0.0028678304239401,-6.4247443433990234,-5.854199484931428,-5.446642357197359
2022-16,2022,16,Italian Grand Prix,Sebastian Vettel,vettel,Aston Martin,11,0.0,-0.3788182211482429,-1.840994324093541,-1.8065792097208293,-6.176552235857694,-6.491054208649509,-4.0087732799756175,-4.148816709185169,-3.7805867229376497,-3.791743725882598,0.009351620947630925,0.0066084788029925,-4.67220558732425,-5.019401787308441,-4.4105111482547095
2022-16,2022,16,Italian Grand Prix,Guanyu Zhou,zhou,Alfa Romeo,9,0.0,0.3963571915094337,-1.231194292679505,-0.7729767065061635,-6.453087664062338,-6.452795145750878,-3.842140978370921,-3.612885926128521,-3.6234394304713895,-3.3019384810127894,0.009600997506234416,0.0078553615960099,-4.6458882790068765,-4.846558974469037,-4.129387102567699
2022-17,2022,17,Singapore Grand Prix,Alexander Albon,albon,Williams,18,0.0,-2.735415423534313,-2.371597283192569,-4.095167723378941,-6.492649430191908,-6.576231657190016,-4.432123356692238,-5.335699690284478,-4.204805887054051,-4.893924327122274,0.0006234413965087283,0.0006234413965087,-7.380255788426459,-7.380255788426505,-6.357977739355469
2022-17,2022,17,Singapore Grand Prix,Fernando Alonso,alonso,Alpine F1 Team,5,0.0,2.1484391159407688,0.8250809143878696,1.4887297463856972,-5.124782964705743,-5.064074555815158,-2.1498510251589367,-1.7876724047147303,-2.039588143057452,-1.6396600217753534,0.011845386533665837,0.0178304239401496,-4.435816809260019,-4.026849070600655,-3.111744606987375
2022-17,2022,17,Singapore Grand Prix,Valtteri Bottas,bottas,Alfa Romeo,15,0.0,-1.7717564647585768,0.0617856726511603,-1.4768469239382158,-6.264712219008047,-6.377290834526706,-3.1014632731784437,-3.927068879232461,-2.9423935166090187,-3.601922716406829,0.0006234413965087283,0.0008728179551122,-7.380255788426459,-7.043783551805269,-5.65366233382946
2022-17,2022,17,Singapore Grand Prix,Pierre Gasly,gasly,AlphaTauri,7,0.0,1.2204291148539377,-1.0794243856786794,-0.0848843125758466,-6.494908351902725,-6.354167168945232,-3.7871663687907033,-3.219525740760539,-3.5929278499659825,-2.952961421946952,0.0051122194513715715,0.0038653366583541,-5.276121634156253,-5.555706496375418,-4.247823687458396
2022-17,2022,17,Singapore Grand Prix,Lewis Hamilton,hamilton,Mercedes,3,0.0,3.2414707819802318,2.567040730084357,3.070807585618992,-3.380448151947834,-2.2466440731463613,-0.4067037109317386,0.412081756236315,-0.3858444407758508,0.3779629755550674,0.1455112219451372,0.1614713216957605,-1.927502068574004,-1.8234277267269225,-0.7577101561688445
2022-17,2022,17,Singapore Grand Prix,Kevin Magnussen,kevin_magnussen,Haas F1 Team,9,0.0,0.3893929855525848,-1.5339854869398892,-0.8538919170715196,-6.472666191065521,-6.369686996114692,-4.003325839002705,-3.6117894565931055,-3.798000800274894,-3.312747214437463,0.0033665835411471326,0.0018703241895261,-5.693856834856231,-6.281643499758395,-4.652823145724668
2022-17,2022,17,Singapore Grand Prix,Nicholas Latifi,latifi,Williams,19,0.0,-3.044458191775178,-3.364177568494453,-4.909867048167991,-6.506181975905695,-6.589224747132951,-4.935179772200074,-5.749545897650471,-4.682061235611475,-5.273505664056126,0.00037406483790523696,0.0001246882793017,-7.891081412192451,-8.989693700860926,-6.820313654921461
2022-17,2022,17,Singapore Grand Prix,Charles Leclerc,leclerc,Ferrari,1,0.0,4.7334101146407885,3.186599756305992,5.117371800404227,-2.0105977935412294,-0.2251368827935176,0.588000981382381,2.4461174588053547,0.5578432252741736,2.243588363948532,0.3569825436408978,0.3412718204488777,-1.030068395762445,-1.0750759918198813,0.7080245315214548
2022-17,2022,17,Singapore Grand Prix,Max Verstappen,max_verstappen,Red Bull,8,0.0,0.795199660018145,4.87417127200471,3.700537945614093,0.0143397189080887,-1.9170219138930729,2.4442554954563995,0.8917580158605104,2.318893015746211,0.8179238902205459,0.06720698254364091,0.0719451371571072,-2.699978129951563,-2.6318514343524613,-0.9041100570455263
2022-17,2022,17,Singapore Grand Prix,Mick Schumacher,mick_schumacher,Haas F1 Team,12,0.0,-0.7394808312038189,-2.1172789225049264,-1.926276836695713,-6.5247168781318665,-6.519538400016664,-4.320997900318396,-4.222907618356189,-4.099379901458057,-3.8732671485042807,0.0018703241895261847,0.0008728179551122,-6.28164349975835,-7.043783551805269,-5.252275559057269
2022-17,2022,17,Singapore Grand Prix,Lando Norris,norris,McLaren,6,0.0,1.6694246321129524,0.0206447423266308,0.5247042640879451,-6.391370804728463,-6.099405115583774,-3.185363031200916,-2.7873504257479143,-3.021990172221644,-2.5565685568137844,0.01458852867830424,0.0130922693266832,-4.227519766062804,-4.335733350703044,-3.5074350959053593
2022-17,2022,17,Singapore Grand Prix,Esteban Ocon,ocon,Alpine F1 Team,17,0.0,-2.420640419110802,0.4595917590813173,-1.1216335384821936,-5.363621153774915,-5.742116245018753,-2.4520146973467987,-3.431874891750473,-2.326254258916108,-3.147728881923319,0.0021197007481296762,0.0003740648379052,-6.156480356804344,-7.891081412192549,-4.794177624277408
2022-17,2022,17,Singapore Grand Prix,Sergio Pérez,perez,Red Bull,2,1.0,3.9031431222647495,2.6346432430849718,3.213744458384145,-2.891434414435809,-2.249497356831806,-0.1283955856754188,0.4821235507761694,-0.121810353880284,0.4422055795453264,0.2337905236907731,0.2218204488778054,-1.4533297624560488,-1.5058870131947255,-0.4856031058399397
2022-17,2022,17,Singapore Grand Prix,Daniel Ricciardo,ricciardo,McLaren,16,0.0,-2.0996192949709083,-0.633404661761724,-1.6927948903261525,-6.0073734937818735,-6.3262589507358,-3.320389077771799,-4.009526920530976,-3.15009091983951,-3.6775535497935823,0.0006234413965087283,0.0001246882793017,-7.380255788426459,-8.989693700860926,-5.694891354478718
2022-17,2022,17,Singapore Grand Prix,George Russell,russell,Mercedes,20,0.0,-3.3482157845885983,1.919449221077944,-0.0518948646706541,-2.487746752759674,-4.171262635458837,-0.284148765840865,-2.1115787500647456,-0.2695751691122836,-1.9367481705150729,0.004114713216957607,0.004862842892768,-5.49318613939408,-5.32613205473093,-3.802382444729413
2022-17,2022,17,Singapore Grand Prix,Carlos Sainz,sainz,Ferrari,4,0.0,2.6670694554231504,3.010785738926491,3.50457544743552,-1.7531997488552065,-2.6350326470524856,0.6287929950356422,0.434771400191517,0.5965430730333822,0.3987740044681631,0.14401496259351623,0.1504987531172069,-1.937838077904666,-1.8938004797630292,-0.7515333388565745
2022-17,2022,17,Singapore Grand Prix,Lance Stroll,stroll,Aston Martin,11,0.0,-0.3758262680141084,-2.1204251999396124,-2.18327955502066,-6.470948302881052,-6.4981198352923775,-4.295686751410332,-4.340699695156519,-4.075366926328196,-3.981306495479721,0.0008728179551122196,0.0028678304239401,-7.043783551805246,-5.854199484931428,-5.692241623480882
2022-17,2022,17,Singapore Grand Prix,Yuki Tsunoda,tsunoda,AlphaTauri,10,0.0,-0.0001532257686869,-1.6987897180374774,-0.9708214841324722,-6.45966065141703,-6.333812709154436,-4.079225184727254,-3.6523170966434537,-3.870007373657887,-3.3499193221414254,0.0031172069825436415,0.0023690773067331,-5.77081787599236,-6.045254721694148,-4.7115674863179065
2022-17,2022,17,Singapore Grand Prix,Sebastian Vettel,vettel,Aston Martin,13,0.0,-1.0925918529474663,-1.835746008955355,-2.226903589965208,-6.214824983481933,-6.426516639378601,-4.025285496218644,-4.326710114671904,-3.818834177080584,-3.9684751983239694,0.0023690773067331673,0.0016209476309226,-6.0452547216941195,-6.424744343399081,-5.185982418183012
2022-17,2022,17,Singapore Grand Prix,Guanyu Zhou,zhou,Alfa Romeo,14,0.0,-1.4363552069889267,-1.1567348882400788,-2.1989811786977587,-6.45045862427843,-6.448403229631327,-3.8035967562592554,-4.323692204164543,-3.6085155456130433,-3.9657071591714006,0.0008728179551122196,0.0016209476309226,-7.043783551805246,-6.424744343399081,-5.683737877984894
2022-18,2022,18,Japanese Grand Prix,Alexander Albon,albon,Williams,16,0.0,-2.104799516031348,-3.246162226635099,-3.117537745471432,-6.5132337904095,-6.612163198415224,-4.8796980085223,-4.864850471943328,-4.580060352067713,-4.433199013960603,0.0016209476309226927,0.0011221945137157,-6.4247443433990234,-6.79246912352435,-5.6447974076711755
2022-18,2022,18,Japanese Grand Prix,Fernando Alonso,alonso,Alpine F1 Team,7,0.0,1.2245780088275326,0.7350352742853259,1.3504121264224194,-5.2713101045463935,-5.255311411557694,-2.268137415130534,-1.9524496425676372,-2.1288625300045005,-1.7792114845373634,0.011845386533665831,0.0138403990024937,-4.43581680926002,-4.280163499548231,-3.1941332259138284
2022-18,2022,18,Japanese Grand Prix,Valtteri Bottas,bottas,Alfa Romeo,12,0.0,-0.7399804715435974,-0.8089215481117744,-0.5227263458289091,-6.270069888853374,-6.286525390376764,-3.5394957184825744,-3.4046258681028365,-3.3221531287844206,-3.1025381208374547,0.004114713216957605,0.0018703241895261,-5.49318613939408,-6.281643499758395,-4.4489060037484585
2022-18,2022,18,Japanese Grand Prix,Pierre Gasly,gasly,AlphaTauri,17,0.0,-2.4270787892617256,-0.9798303324125168,-1.7546620930442414,-6.456578181446181,-6.514012404971555,-3.718204256929349,-4.134337249007898,-3.4898880767436085,-3.7675032195513527,0.001870324189526184,0.0018703241895261,-6.28164349975835,-6.281643499758395,-5.207990374383124
2022-18,2022,18,Japanese Grand Prix,Lewis Hamilton,hamilton,Mercedes,6,0.0,1.674239345944065,1.7260673578218848,1.7353005622957656,-3.52409529263242,-4.0389445699878,-0.8990139674052674,-1.1518220038460172,-0.8438100515394106,-1.049622429539654,0.05274314214463839,0.0509975062344139,-2.9423215218142826,-2.97597854481776,-2.04707176283015
2022-18,2022,18,Japanese Grand Prix,Kevin Magnussen,kevin_magnussen,Haas F1 Team,18,0.0,-2.7431408529288404,-1.6971656735706142,-2.3583561822428627,-6.471460252789257,-6.547102903198237,-4.084312963179936,-4.45272954272055,-3.8335158928741593,-4.0576450051375685,0.0023690773067331665,0.0011221945137157,-6.04525472169412,-6.79246912352435,-5.248992132207335
2022-18,2022,18,Japanese Grand Prix,Nicholas Latifi,latifi,Williams,20,0.0,-3.3585928581829982,-4.1303304636826645,-4.341724628755506,-6.47777565417346,-6.568259408839014,-5.304053058928062,-5.45499201879726,-4.9783578979750045,-4.9709781170796665,0.0011221945137157106,0.0011221945137157,-6.792469123524341,-6.79246912352435,-6.1237305711608006
2022-18,2022,18,Japanese Grand Prix,Charles Leclerc,leclerc,Ferrari,2,0.0,3.908595053340826,3.646348664904319,4.678890135268815,-2.029703770258385,-1.3543849336264562,0.8083224473229669,1.662252600821179,0.7586874405351522,1.5147632251829968,0.23603491271820443,0.2437655860349127,-1.4437755496512377,-1.411548228441094,0.10923852558497071
2022-18,2022,18,Japanese Grand Prix,Max Verstappen,max_verstappen,Red Bull,1,1.0,4.737763151283474,4.6816821449315045,5.926947405272642,0.279356603419888,1.0096672582318684,2.4805193741756963,3.4683073317522557,2.328203183548711,3.160569216240352,0.3148379052369077,0.3043640897755611,-1.1556973591511002,-1.1895306304676,1.1563049863005777
2022-18,2022,18,Japanese Grand Prix,Mick Schumacher,mick_schumacher,Haas F1 Team,15,0.0,-1.7757102035519607,-2.3482654091518214,-2.35156795060467,-6.492237368360696,-6.554194164497575,-4.420251388756259,-4.452881057551123,-4.148826033180178,-4.057783076266655,0.0033665835411471313,0.0021197007481296,-5.6938568348562315,-6.15648035680438,-5.0733689462036775
2022-18,2022,18,Japanese Grand Prix,Lando Norris,norris,McLaren,10,0.0,0.0014131469836002,0.1830373337110471,0.3635031297350765,-6.2077534737862505,-6.044901389758494,-3.012358070037602,-2.840699130011709,-2.8273843460629364,-2.5886478227348397,0.009351620947630921,0.0056109725685785,-4.67220558732425,-5.18303121109025,-3.756452358667979
2022-18,2022,18,Japanese Grand Prix,Esteban Ocon,ocon,Alpine F1 Team,5,0.0,2.1537807069002426,0.1218020022413654,1.2682731115240424,-6.1347279909525065,-5.637432307570373,-3.0064629943555707,-2.184579598023165,-2.8218512572618355,-1.9907448699047223,0.01882793017456359,0.0143391521197007,-3.972413864045636,-4.244761572497313,-3.0784967310344005
2022-18,2022,18,Japanese Grand Prix,Sergio Pérez,perez,Red Bull,4,0.0,2.6727545615991115,3.0262991445747995,3.029131966509113,-1.6819142122483446,-2.554965483289123,0.6721924661632275,0.237083241609995,0.6309165152958147,0.2160471732879721,0.12556109725685782,0.1302992518703241,-2.074962808141998,-2.0379215364616496,-0.9189397832660015
2022-18,2022,18,Japanese Grand Prix,Daniel Ricciardo,ricciardo,McLaren,11,0.0,-0.3752650880542313,-0.5460392768604715,-0.2346907225907493,-6.353871568268012,-6.210261142961707,-3.449955422564242,-3.2224759327762285,-3.238111051071469,-2.936550097497379,0.0058603491271820435,0.005361596009975,-5.139546099150502,-5.228493585167009,-4.1810110159633656
2022-18,2022,18,Japanese Grand Prix,George Russell,russell,Mercedes,8,0.0,0.7985727329599044,0.9019811426041868,0.6510515975974995,-3.263303398857519,-4.596634359592456,-1.180661128126666,-1.9727913809974784,-1.1081626798864166,-1.7977483286334972,0.030798004987531165,0.0298004987531172,-3.480305364232583,-3.5132301489290496,-2.7265483726150306
2022-18,2022,18,Japanese Grand Prix,Carlos Sainz,sainz,Ferrari,3,0.0,3.247241267466032,3.3779854353281658,3.9521991629564655,-1.6770906366636542,-1.550683729750756,0.8504473993322558,1.200757716602855,0.7982257115907673,1.0942161441444962,0.1634663341645885,0.178428927680798,-1.8111482170968605,-1.7235649213041093,-0.3051952502470028
2022-18,2022,18,Japanese Grand Prix,Lance Stroll,stroll,Aston Martin,19,0.0,-3.05349721205748,-1.882745126255129,-2.5009129739453777,-6.462299220040397,-6.611897138993459,-4.172522173147764,-4.556405056469418,-3.9163086199149055,-4.152121533855983,0.002618453865336658,0.0016209476309226,-5.945171263137137,-6.424744343399081,-5.250788159803278
2022-18,2022,18,Japanese Grand Prix,Yuki Tsunoda,tsunoda,AlphaTauri,13,0.0,-1.0942011143482504,-1.448180906205429,-1.287446256413982,-6.471460252789257,-6.502925775728369,-3.959820579497343,-3.8951860160711753,-3.7166679589152887,-3.5495715449486123,0.001870324189526184,0.0028678304239401,-6.28164349975835,-5.854199484931428,-5.088414757914762
2022-18,2022,18,Japanese Grand Prix,Sebastian Vettel,vettel,Aston Martin,9,0.0,0.3919003391608376,-1.6842390855994918,-0.5833878665391022,-6.328273254807194,-6.380738677651798,-4.006256170203344,-3.48206327209545,-3.7602521740749073,-3.1731046110109107,0.008354114713216955,0.0073566084788029,-4.785001081469594,-4.912156256954853,-4.133532176782522
2022-18,2022,18,Japanese Grand Prix,Guanyu Zhou,zhou,Alfa Romeo,14,0.0,-1.439117355112737,-1.7287098953355533,-1.515782614708301,-6.471460252789257,-6.42276133846496,-4.100085074062405,-3.969271976586631,-3.848319517933549,-3.617083960592138,0.0033665835411471313,0.0021197007481296,-5.6938568348562315,-6.15648035680438,-4.831564405721432
2022-19,2022,19,United States Grand Prix,Alexander Albon,albon,Williams,8,0.0,0.7980795180393563,-2.657741134017697,-1.518854317558749,-6.441481727121424,-6.356802997476141,-4.549611430569561,-3.937828657517445,-4.295636658927034,-3.606208277787765,0.0018703241895261845,0.0011221945137157,-6.28164349975835,-6.79246912352435,-5.109736078637898
2022-19,2022,19,United States Grand Prix,Fernando Alonso,alonso,Alpine F1 Team,14,0.0,-1.442987726892597,1.3461307330776269,0.8920037156672718,-4.686496716324848,-5.648497432910636,-1.6701829916236108,-2.378246858621682,-1.5769477010120485,-2.1779651310657018,0.004114713216957606,0.004364089775561,-5.49318613939408,-5.434345639371169,-3.935716499007881
2022-19,2022,19,United States Grand Prix,Valtteri Bottas,bottas,Alfa Romeo,7,0.0,1.2250188938106372,-0.7543273612723498,-0.0551279782038778,-6.237330699869394,-6.290002030340178,-3.495829030570872,-3.172565004272028,-3.3006799737140744,-2.905390552832828,0.0038653366583541147,0.0031172069825436,-5.555706496375414,-5.770817875992373,-4.3641357503237215
2022-19,2022,19,United States Grand Prix,Pierre Gasly,gasly,AlphaTauri,11,0.0,-0.3778316670080853,-1.0962111196748543,-1.12203034372536,-6.409805785373777,-6.423793257455461,-3.753008452524316,-3.7729118005904105,-3.543502766324866,-3.455179732281687,0.0026184538653366584,0.0031172069825436,-5.945171263137137,-5.770817875992373,-4.859041531863774
2022-19,2022,19,United States Grand Prix,Lewis Hamilton,hamilton,Mercedes,3,0.0,3.2536480978470794,1.7231906567577044,2.2974347706829006,-3.588969081574771,-3.0320219176324303,-0.9328892124085332,-0.3672935734747649,-0.8808121662025075,-0.3363623052806934,0.10960099750623441,0.1183291770573566,-2.2109088031753834,-2.1342849022506325,-1.2891011883250743
2022-19,2022,19,United States Grand Prix,Kevin Magnussen,kevin_magnussen,Haas F1 Team,13,0.0,-1.0977047678886742,-1.562676953835179,-1.7132810005689043,-6.440300351670882,-6.541565225001448,-4.001488652753031,-4.127423112785176,-3.778111957331398,-3.779836221884296,0.0006234413965087282,0.0001246882793017,-7.38025578842646,-8.989693700860926,-5.753839450605819
2022-19,2022,19,United States Grand Prix,Nicholas Latifi,latifi,Williams,17,0.0,-2.431721944132179,-3.5364924576524595,-3.689357537015054,-6.500691809014246,-6.556059431872156,-5.018592133333352,-5.122708484443605,-4.738437265059084,-4.691304611750316,0.0003740648379052369,0.0006234413965087,-7.891081412192451,-7.380255788426505,-6.506894948318028
2022-19,2022,19,United States Grand Prix,Charles Leclerc,leclerc,Ferrari,12,0.0,-0.7430523037500989,3.284148398459432,2.8051570934521703,-2.2543454926821926,-3.071559519576521,0.5149014528886198,-0.1332012130621753,0.4861579039259293,-0.1219838034951526,0.039526184538653364,0.0475062344139651,-3.2307919269832794,-3.046894325733859,-1.6819965700227273
2022-19,2022,19,United States Grand Prix,Max Verstappen,max_verstappen,Red Bull,2,1.0,3.917582722042243,4.959765085450669,5.412822233451209,0.6872286367755671,0.3009379035831727,2.823496861113118,2.856880068517191,2.665879670836976,2.6162907144437964,0.3380299251870324,0.3205735660847881,-1.0846208513618947,-1.1376434935946704,0.8861296085776481
2022-19,2022,19,United States Grand Prix,Mick Schumacher,mick_schumacher,Haas F1 Team,16,0.0,-2.109234343994757,-2.206799264008209,-2.7085595814438306,-6.418984765793809,-6.472764952577727,-4.312892014901009,-4.590662267010779,-4.072131725518179,-4.2040641448983305,0.0003740648379052369,0.0001246882793017,-7.891081412192451,-8.989693700860926,-6.240871839601615
2022-19,2022,19,United States Grand Prix,Lando Norris,norris,McLaren,6,0.0,1.6757798527831202,-0.0486013386406479,0.520075210325629,-5.911627461863706,-6.030121798216988,-2.9801144002521767,-2.75502329394568,-2.813754286685753,-2.5230117082820307,0.011845386533665835,0.0118453865336658,-4.435816809260019,-4.4358168092600225,-3.5954200516028494
2022-19,2022,19,United States Grand Prix,Esteban Ocon,ocon,Alpine F1 Team,20,0.0,-3.363613832756174,0.9084360856960824,-0.7026545797911107,-5.689001041092386,-6.191775072276497,-2.390282477698152,-3.447214826033804,-2.2568487865579563,-3.156911009122733,0.001371571072319202,0.0021197007481296,-6.59179842806219,-6.15648035680438,-5.019506627047997
2022-19,2022,19,United States Grand Prix,Sergio Pérez,perez,Red Bull,9,0.0,0.3906082969143436,3.336655885112429,2.715263088323108,-1.0781564475852732,-2.4490349402231653,1.1292497187635782,0.1331140740499712,1.066211161773127,0.1219040028094298,0.053491271820448875,0.0652119700748129,-2.928236781932543,-2.7301122367956383,-1.397561353941286
2022-19,2022,19,United States Grand Prix,Daniel Ricciardo,ricciardo,McLaren,15,0.0,-1.7798890546221386,-0.6730243594212627,-1.4568661568458408,-6.349807208863319,-6.598555616543523,-3.5114157841422906,-4.027710886694682,-3.315396621730468,-3.6885211631557424,0.0018703241895261845,0.0006234413965087,-6.28164349975835,-7.380255788426505,-5.154677193226516
2022-19,2022,19,United States Grand Prix,George Russell,russell,Mercedes,4,0.0,2.677188364424315,0.8948482086367231,1.3690792934188083,-4.039921156554237,-4.113476944683742,-1.5725364739587568,-1.3721988256324669,-1.484752143809221,-1.2566404468411103,0.08092269326683292,0.0933915211970075,-2.5142609841564703,-2.3709547173433405,-1.9432299048944686
2022-19,2022,19,United States Grand Prix,Carlos Sainz,sainz,Ferrari,1,0.0,4.750505858535158,2.874184890583555,4.76094331792744,-2.613005173419643,-0.9285582860106502,0.130589858581956,1.916192515958395,0.1232998888739209,1.754822241869856,0.3340399002493766,0.3120947630922693,-1.0964948313159515,-1.1644484094287861,0.40984884232122176
2022-19,2022,19,United States Grand Prix,Lance Stroll,stroll,Aston Martin,5,0.0,2.156629906743171,-1.7101850433532948,-0.0910969326790265,-6.412741596562819,-6.024337751415861,-4.061463319958057,-3.057717342047444,-3.834738634792645,-2.800214673885375,0.01084788029925187,0.0110972568578553,-4.523785582205976,-4.501057331128425,-3.79075146212671
2022-19,2022,19,United States Grand Prix,Yuki Tsunoda,tsunoda,AlphaTauri,19,0.0,-3.05843009391966,-1.497417771461827,-2.189762015330039,-6.433342914966895,-6.537381488400087,-3.965380343214361,-4.363571751865063,-3.7440193363431535,-3.996097834845151,0.0008728179551122195,0.0008728179551122,-7.043783551805247,-7.043783551805269,-5.7036776518351555
2022-19,2022,19,United States Grand Prix,Sebastian Vettel,vettel,Aston Martin,10,0.0,-0.0005644743966494,-1.3005976318988213,-0.6765453606869102,-6.3490217519476735,-6.312435953806781,-3.8248096919232473,-3.4944906572468457,-3.61129581652824,-3.2002055525595847,0.003117206982543641,0.0028678304239401,-5.77081787599236,-5.854199484931428,-4.6326542666196024
2022-19,2022,19,United States Grand Prix,Guanyu Zhou,zhou,Alfa Romeo,18,0.0,-2.7479488327617867,-1.7541344648478117,-2.1531106703288234,-6.433342914966895,-6.49582869563006,-4.093738689907354,-4.324469682979442,-3.8652122839054153,-3.9602887083549057,0.0006234413965087282,0.0008728179551122,-7.38025578842646,-7.043783551805269,-5.85236273570295
2022-20,2022,20,Mexico City Grand Prix,Alexander Albon,albon,Williams,17,0.0,-2.438123440802431,-2.6822823270897103,-3.492496108141023,-6.550735492903196,-6.582289722651818,-4.616508909996453,-5.0373929153964205,-4.382633103726325,-4.636497186208855,0.0006234413965087282,0.0001246882793017,-7.38025578842646,-8.989693700860926,-6.20882435191144
2022-20,2022,20,Mexico City Grand Prix,Fernando Alonso,alonso,Alpine F1 Team,9,0.0,0.3931166050098145,0.9285506669938024,1.050226486693467,-5.481181883296385,-5.565375515467528,-2.2763156081512914,-2.2575745143870303,-2.16099575096898,-2.077907770827236,0.004364089775561097,0.0078553615960099,-5.434345639371147,-4.846558974469037,-3.8459600768790887
2022-20,2022,20,Mexico City Grand Prix,Valtteri Bottas,bottas,Alfa Romeo,6,0.0,1.6805785629784378,-0.7178724197701156,0.5786128841834629,-6.092012885289534,-5.421864291008138,-3.4049426525298245,-2.4216257034123374,-3.2324457021958604,-2.2289031148642806,0.005361596009975062,0.0056109725685785,-5.228493585166998,-5.18303121109025,-3.8250596442896674
2022-20,2022,20,Mexico City Grand Prix,Pierre Gasly,gasly,AlphaTauri,14,0.0,-1.4457253999929152,-1.3851690585663912,-1.6843514844302367,-6.50356023427242,-6.493133892525417,-3.944364646419405,-4.088742688477828,-3.744540173015446,-3.7633443109663816,0.0026184538653366584,0.0016209476309226,-5.945171263137137,-6.424744343399081,-5.016956975807483
2022-20,2022,20,Mexico City Grand Prix,Lewis Hamilton,hamilton,Mercedes,3,0.0,3.2593811194452247,2.178294263479046,2.8609251112636693,-3.653366257845784,-2.3336308315320142,-0.737535997183369,0.2636471398658275,-0.7001718700133782,0.2426650536637213,0.11658354114713217,0.120074812967581,-2.1491471715718733,-2.119640289062435,-0.9427500158530229
2022-20,2022,20,Mexico City Grand Prix,Kevin Magnussen,kevin_magnussen,Haas F1 Team,19,0.0,-3.06742447418364,-1.585119266085902,-2.2833839736449963,-6.459508895612926,-6.474498144831201,-4.022314080849414,-4.378941059238098,-3.818540630592807,-4.030447543148242,0.0006234413965087282,0.0008728179551122,-7.38025578842646,-7.043783551805269,-5.879598423832279
2022-20,2022,20,Mexico City Grand Prix,Nicholas Latifi,latifi,Williams,18,0.0,-2.7556334612184887,-3.623083450277428,-4.327215608634636,-6.496091815508908,-6.557463927071096,-5.059587632893168,-5.442339767852866,-4.803265125971337,-5.009216760304394,0.00012468827930174563,0.0001246882793017,-8.98969370086056,-8.989693700860926,-7.216016734356713
2022-20,2022,20,Mexico City Grand Prix,Charles Leclerc,leclerc,Ferrari,7,0.0,1.229157780948162,2.8513573308223163,2.360521648123905,-2.1062159240754563,-3.541991339458299,0.37257070337343,-0.5907348456671968,0.3536959919100969,-0.5437218211349188,0.06845386533665836,0.0799251870324189,-2.6815952593510297,-2.5266642439398908,-1.6361650525091131
2022-20,2022,20,Mexico City Grand Prix,Max Verstappen,max_verstappen,Red Bull,1,1.0,4.754800280502529,4.922412698396466,6.095865153672322,0.0823358400826179,1.004715355272902,2.502374269239542,3.550290254472612,2.3756021106196923,3.267744059585946,0.38391521197007483,0.3427680798004987,-0.9573335529360597,-1.0707012126953146,1.296478350768276
2022-20,2022,20,Mexico City Grand Prix,Mick Schumacher,mick_schumacher,Haas F1 Team,15,0.0,-1.7838140729299503,-2.2780967464608683,-2.50832440062801,-6.525039280381212,-6.525399449019772,-4.40156801342104,-4.516861924823891,-4.178581274293867,-4.157392118635599,0.0006234413965087282,0.0001246882793017,-7.38025578842646,-8.989693700860926,-5.9485588566251755
2022-20,2022,20,Mexico City Grand Prix,Lando Norris,norris,McLaren,8,0.0,0.8014482145318893,0.2262268905608784,0.6578789899124271,-6.1300295568646,-6.161142953448834,-2.9519013331518607,-2.751631981768204,-2.802355796084699,-2.5326461832978886,0.007855361596009976,0.0088528678304239,-4.846558974469027,-4.72701382381925,-3.7990954781186153
2022-20,2022,20,Mexico City Grand Prix,Esteban Ocon,ocon,Alpine F1 Team,10,0.0,0.0010079330838746,0.3183614070054226,0.4309140453223714,-6.006167559126227,-5.899994027517206,-2.843903076060402,-2.7345399910974173,-2.699828811754859,-2.5169144411084727,0.006109725685785536,0.0041147132169576,-5.097873402749934,-5.493186139394082,-3.9162066969236755
2022-20,2022,20,Mexico City Grand Prix,Sergio Pérez,perez,Red Bull,4,0.0,2.6828439369543675,3.192375297470788,3.0892496277695325,-1.2345198607536738,-2.2543223121092457,0.9789277183585572,0.4174636578301434,0.9293345054188988,0.3842402423995935,0.1475062344139651,0.1557356608478803,-1.9138848368821733,-1.8595951907349826,-0.7482105895260149
2022-20,2022,20,Mexico City Grand Prix,Daniel Ricciardo,ricciardo,McLaren,11,0.0,-0.3772595859683109,-0.6097489131808852,-0.3930492169723827,-6.443996092539396,-6.478908532797003,-3.5268725028601406,-3.4359788748846927,-3.348198494794814,-3.162530033459233,0.003366583541147132,0.0028678304239401,-5.6938568348562315,-5.854199484931428,-4.564917854870462
2022-20,2022,20,Mexico City Grand Prix,George Russell,russell,Mercedes,2,0.0,3.9229879134894863,1.2287838689973476,2.588060200365103,-3.5566842451441496,-2.202136960924856,-1.1639501880734011,0.1929616197201238,-1.1049835979506188,0.1776049678682352,0.13728179551122194,0.1427680798004987,-1.9857195641378802,-1.9465337848722206,-0.8963789722088782
2022-20,2022,20,Mexico City Grand Prix,Carlos Sainz,sainz,Ferrari,5,0.0,2.1619490344501973,2.578038708551877,2.510468124188026,-1.9697337810721955,-3.5288600279794635,0.3041524637398407,-0.5091959518957188,0.2887438716471947,-0.4686721162801429,0.10910224438902744,0.121571072319202,-2.2154698145029457,-2.107256229862713,-1.3623328831993322
2022-20,2022,20,Mexico City Grand Prix,Lance Stroll,stroll,Aston Martin,20,0.0,-3.373942508735862,-1.5532006314297226,-2.776880104091496,-6.558948117302919,-6.620445671136631,-4.056074374366321,-4.698662887614064,-3.8505906023015855,-4.324724638965783,0.0003740648379052369,0.0006234413965087,-7.891081412192451,-7.380255788426505,-6.294872149903258
2022-20,2022,20,Mexico City Grand Prix,Yuki Tsunoda,tsunoda,AlphaTauri,13,0.0,-1.0992939286505283,-1.5463892132501005,-1.5751081584225952,-6.45134309455348,-6.502501273792426,-3.9988661539017913,-4.03880471610751,-3.796280593223034,-3.7173806007161296,0.002369077306733167,0.0018703241895261,-6.0452547216941195,-6.281643499758395,-5.042029718900815
2022-20,2022,20,Mexico City Grand Prix,Sebastian Vettel,vettel,Aston Martin,16,0.0,-2.1143817153311297,-1.2644641130337824,-2.0875396567208284,-6.252805632368817,-6.526822086195188,-3.7586348727013,-4.307180871458009,-3.5682196090321323,-3.964398316035685,0.0011221945137157108,0.0011221945137157,-6.792469123524341,-6.79246912352435,-5.549824997491175
2022-20,2022,20,Mexico City Grand Prix,Guanyu Zhou,zhou,Alfa Romeo,12,0.0,-0.7435363619530247,-1.840776084714819,-1.3499356130468678,-6.440958138866427,-5.967024777300139,-4.140867111790623,-3.658480195173504,-3.9310876760073543,-3.367323815237449,0.0016209476309226932,0.0013715710723192,-6.4247443433990234,-6.591798428062191,-5.041612269286263
2022-21,2022,21,São Paulo Grand Prix,Alexander Albon,albon,Williams,19,0.0,-3.0722956932575665,-2.713511662439632,-2.8869182386420555,-6.5171408746878425,-6.516959114143287,-4.615326268563737,-4.701938676392671,-4.406945979318493,-4.346505232765853,0.0016209476309226934,0.0003740648379052,-6.4247443433990234,-7.891081412192549,-5.563341509895848
2022-21,2022,21,São Paulo Grand Prix,Fernando Alonso,alonso,Alpine F1 Team,17,0.0,-2.4427107505930143,0.7827909601586518,0.2636676091787453,-4.563490387168143,-4.976545196320368,-1.8903497135047456,-2.356438793570811,-1.805001116861032,-2.178308619457764,0.003865336658354115,0.0023690773067331,-5.5557064963754135,-6.045254721694148,-3.956072644973112
2022-21,2022,21,São Paulo Grand Prix,Valtteri Bottas,bottas,Alfa Romeo,14,0.0,-1.4495518102300042,-0.6393900784991623,-2.3230219578169558,-6.214541491336534,-6.434718283326969,-3.426965784917848,-4.378870120571962,-3.272239535907296,-4.047858384080422,0.0023690773067331673,0.0018703241895261,-6.0452547216941195,-6.281643499758395,-5.212062421133041
2022-21,2022,21,São Paulo Grand Prix,Pierre Gasly,gasly,AlphaTauri,10,0.0,-0.0009496215849538,-1.632917729355903,-1.5613452870252813,-6.463312170078264,-6.341572988418941,-4.048114949717084,-3.951459137722111,-3.8653440436024553,-3.6527566608644704,0.005860349127182046,0.0038653366583541,-5.139546099150501,-5.555706496375418,-4.545502618436306
2022-21,2022,21,São Paulo Grand Prix,Lewis Hamilton,hamilton,Mercedes,2,0.0,3.9318808370408633,2.4350628349649988,3.052784692503262,-3.492028892031801,-3.147705706988072,-0.5284830285334012,-0.047460507242405,-0.5046222135143013,-0.0438728272052026,0.15748129675810477,0.1562344139650872,-1.8484485785100688,-1.8563977459644925,-0.9479545428762369
2022-21,2022,21,São Paulo Grand Prix,Kevin Magnussen,kevin_magnussen,Haas F1 Team,8,0.0,0.8009580964702694,-2.0373846211046867,-0.2074971367001538,-6.439692202323565,-5.711386427271953,-4.238538411714126,-2.959441781986053,-4.047169956091395,-2.735728829482939,0.003865336658354115,0.0023690773067331,-5.5557064963754135,-6.045254721694148,-4.257574139180733
2022-21,2022,21,São Paulo Grand Prix,Nicholas Latifi,latifi,Williams,18,0.0,-2.760382500780236,-3.762707242316784,-3.976615986616213,-6.529623801647963,-6.563347971178849,-5.146165521982374,-5.269981978897531,-4.913818035028153,-4.87160846288054,0.0006234413965087283,0.0001246882793017,-7.380255788426459,-8.989693700860926,-6.325118883661995
2022-21,2022,21,São Paulo Grand Prix,Charles Leclerc,leclerc,Ferrari,5,0.0,2.164765460509212,2.8932430448378,2.6562633524054347,-1.95744072083941,-3.067971806839617,0.4679011619991948,-0.2058542272170911,0.4467755960474036,-0.1902930976701949,0.12306733167082295,0.1312967581047381,-2.0950236614270783,-2.030295188726585,-1.1504389443220846
2022-21,2022,21,São Paulo Grand Prix,Max Verstappen,max_verstappen,Red Bull,3,0.0,3.2657188529706014,5.091832820517719,4.964157917047916,0.4228570970358902,0.1770710247348855,2.7573449587768044,2.570614470891401,2.632851844612282,2.3762941242196662,0.23503740648379054,0.2452618453865336,-1.448010600978449,-1.4054288824715013,0.561301934956476
2022-21,2022,21,São Paulo Grand Prix,Mick Schumacher,mick_schumacher,Haas F1 Team,12,0.0,-0.7465748000102108,-2.671959724732573,-3.058512728280002,-6.484591592807344,-6.359176634837407,-4.578275658769958,-4.708844681558705,-4.371568190975742,-4.352889192587018,0.0008728179551122196,0.0008728179551122,-7.043783551805246,-7.043783551805269,-5.876314116681975
2022-21,2022,21,São Paulo Grand Prix,Lando Norris,norris,McLaren,6,0.0,1.6821000690523786,0.1656196999758094,1.0968287654245044,-5.843536570995823,-5.541061491536872,-2.8389584355100066,-2.2221163630561835,-2.710780502786976,-2.054140018527057,0.016583541147132175,0.0160847880299251,-4.099344572638806,-4.129881296498893,-3.160730467847495
2022-21,2022,21,São Paulo Grand Prix,Esteban Ocon,ocon,Alpine F1 Team,16,0.0,-2.1187641994897777,0.2130797124948418,-0.0592322207906339,-5.623410316396159,-5.573223538876315,-2.7051653019506583,-2.816227879833474,-2.583028080165015,-2.603340889538863,0.006109725685785537,0.0028678304239401,-5.097873402749934,-5.854199484931428,-3.957050641291704
2022-21,2022,21,São Paulo Grand Prix,Sergio Pérez,perez,Red Bull,4,0.0,2.687228617400796,3.3536890811491404,2.796033808080837,-0.9773957396052184,-2.6746847605546478,1.188146670771961,0.0606745237630947,1.1345022841101526,0.0560879571560459,0.15299251870324193,0.164214463840399,-1.8773662561496485,-1.8065819991172791,-0.9083458661932768
2022-21,2022,21,São Paulo Grand Prix,Daniel Ricciardo,ricciardo,McLaren,11,0.0,-0.3797990438084898,-0.5224896563803325,-0.5113436693323898,-6.235170439960232,-5.969280113092906,-3.378830048170282,-3.240311891212648,-3.2262771100293888,-2.995367136892237,0.005860349127182046,0.0031172069825436,-5.139546099150501,-5.770817875992373,-4.189928995181575
2022-21,2022,21,São Paulo Grand Prix,George Russell,russell,Mercedes,1,1.0,4.767411633336149,1.399963070793499,2.734318223292302,-3.5188233791475345,-2.934171190574469,-1.059430154177018,-0.0999264836410835,-1.0115972710575238,-0.0923727453568322,0.18640897755610975,0.1674563591022443,-1.6798122150357733,-1.7870325043373232,-0.8898693493384284
2022-21,2022,21,São Paulo Grand Prix,Carlos Sainz,sainz,Ferrari,7,0.0,1.229591486538812,2.582258627537274,2.8262088576995863,-2.6546593601656387,-3.376603341692953,-0.0362003663141823,-0.2751972419966833,-0.0345659330445967,-0.2543942689824697,0.08017456359102246,0.0903990024937655,-2.5235489766229406,-2.4035220460058864,-1.399373109309812
2022-21,2022,21,São Paulo Grand Prix,Lance Stroll,stroll,Aston Martin,15,0.0,-1.7879445262755715,-1.6863654661429506,-1.7617479827518423,-6.532556643318178,-6.240219363933886,-4.1094610547305646,-4.000983673342864,-3.923920394461425,-3.698537490441569,0.004114713216957607,0.0018703241895261,-5.49318613939408,-6.281643499758395,-4.747084906368472
2022-21,2022,21,São Paulo Grand Prix,Yuki Tsunoda,tsunoda,AlphaTauri,20,0.0,-3.378899441612901,-1.682891017755498,-2.971252927300472,-6.415083582689164,-6.465032142456056,-4.048987300222331,-4.718142534878264,-3.866177007802157,-4.361484193689406,0.0006234413965087283,0.0003740648379052,-7.380255788426459,-7.891081412192549,-6.0491991616523615
2022-21,2022,21,São Paulo Grand Prix,Sebastian Vettel,vettel,Aston Martin,9,0.0,0.3918366731254873,-1.466840676995902,-0.6995071460826892,-6.267622126541816,-6.064694591985952,-3.8672314017688594,-3.3821008690343204,-3.6926273215399528,-3.1264378667477013,0.011596009975062346,0.0078553615960099,-4.457094207707304,-4.846558974469037,-3.9195975383708124
2022-21,2022,21,São Paulo Grand Prix,Guanyu Zhou,zhou,Alfa Romeo,13,0.0,-1.1027586004813574,-1.864188368127217,-3.0251287791746444,-6.361221819707689,-6.4657059089659645,-4.112705093917453,-4.7454173440703045,-3.927017966468152,-4.386697219429428,0.0008728179551122196,0.0011221945137157,-7.043783551805246,-6.79246912352435,-5.894600447937775
2022-22,2022,22,Abu Dhabi Grand Prix,Alexander Albon,albon,Williams,19,0.0,-3.077142263476594,-2.871950932000874,-3.397072793340307,-6.348847806729879,-6.543111728029252,-4.610399369365377,-4.97009226068478,-4.319554997343649,-4.545810251121757,0.0008728179551122195,0.0001246882793017,-7.043783551805247,-8.989693700860926,-6.006937906245014
2022-22,2022,22,Abu Dhabi Grand Prix,Fernando Alonso,alonso,Alpine F1 Team,10,0.0,-0.0028933223253735,1.1413981415587775,0.9452683259058238,-4.076574798954305,-4.688336587552631,-1.4675883286977638,-1.871534130823404,-1.3750063695983563,-1.7117668226241525,0.0028678304239401495,0.005361596009975,-5.854199484931411,-5.228493585167009,-3.8628668078774075
2022-22,2022,22,Abu Dhabi Grand Prix,Valtteri Bottas,bottas,Alfa Romeo,18,0.0,-2.7651068381842627,-0.861611338740826,-1.570082283229741,-6.187919511471359,-6.451053166246659,-3.524765425106092,-4.0105677247382,-3.3024076412228287,-3.668197473948112,0.0016209476309226932,0.0001246882793017,-6.4247443433990234,-8.989693700860926,-5.217656034068612
2022-22,2022,22,Abu Dhabi Grand Prix,Pierre Gasly,gasly,AlphaTauri,17,0.0,-2.4472735507352974,-2.12350516129976,-2.8078091718381524,-6.288407417707699,-6.569380907412053,-4.20595628950373,-4.688595039625103,-3.940625974759232,-4.288343611462424,0.0006234413965087282,0.0003740648379052,-7.38025578842646,-7.891081412192549,-6.034425414025781
2022-22,2022,22,Abu Dhabi Grand Prix,Lewis Hamilton,hamilton,Mercedes,5,0.0,2.167570132671755,2.5918091943606485,2.402167969164653,-3.1931214811091726,-4.1381573058839685,-0.300656143374262,-0.8679946683596578,-0.2816894248302677,-0.7938965424365618,0.07369077306733167,0.0824189526184538,-2.607877683454462,-2.4959398610088748,-1.73793617590706
2022-22,2022,22,Abu Dhabi Grand Prix,Kevin Magnussen,kevin_magnussen,Haas F1 Team,16,0.0,-2.123122634358365,-2.107115289130085,-2.331282843437342,-6.430416614878138,-6.548942909702606,-4.268765952004111,-4.440112876569974,-3.999473326105355,-4.061073632397431,0.00012468827930174563,0.0001246882793017,-8.98969370086056,-8.989693700860926,-6.714903288715266
2022-22,2022,22,Abu Dhabi Grand Prix,Nicholas Latifi,latifi,Williams,20,0.0,-3.3838320055790527,-3.669618067108436,-4.096839573321423,-6.483049743802464,-6.604833546618141,-5.07633390545545,-5.350836559969782,-4.7560963232808655,-4.89405154081312,0.00012468827930174563,0.0001246882793017,-8.98969370086056,-8.989693700860926,-7.170265130415171
2022-22,2022,22,Abu Dhabi Grand Prix,Charles Leclerc,leclerc,Ferrari,3,0.0,3.2720245723588866,3.108090158836889,3.47827580097266,-2.265390151753251,-2.0008362633319403,0.4213500035418192,0.73871976882036,0.3947693827835047,0.6756574569799253,0.15249376558603492,0.1619700748129675,-1.8806315651733878,-1.8203436841899612,-0.5709558981765139
2022-22,2022,22,Abu Dhabi Grand Prix,Max Verstappen,max_verstappen,Red Bull,1,1.0,4.779953605660196,4.866597078844986,6.2008966683204685,0.0558632133900564,0.8909518848319558,2.461230146117521,3.545924276576212,2.3059648688825405,3.243219256445101,0.35448877805486284,0.3153366583541147,-1.0370785892095604,-1.1541144541905952,1.2544228436833258
2022-22,2022,22,Abu Dhabi Grand Prix,Mick Schumacher,mick_schumacher,Haas F1 Team,12,0.0,-0.7495942915895584,-3.010134973708336,-2.3892714285748924,-6.4093992948055325,-6.596328590388171,-4.709767134256934,-4.492800009481532,-4.4126542043807335,-4.10926302131203,0.0008728179551122195,0.0006234413965087,-7.043783551805247,-7.380255788426505,-5.7682917806433895
2022-22,2022,22,Abu Dhabi Grand Prix,Lando Norris,norris,McLaren,7,0.0,1.2300266219428806,-0.0540860625559183,0.4666410781503357,-5.443893718721486,-5.684931104174824,-2.7489898906387022,-2.609145013012244,-2.5755714567066006,-2.386410055329657,0.005860349127182045,0.006857855361596,-5.139546099150501,-4.98236051562809,-3.874345556081373
2022-22,2022,22,Abu Dhabi Grand Prix,Esteban Ocon,ocon,Alpine F1 Team,8,0.0,0.8004743372872167,0.5404783592148017,0.8973537201028563,-5.277767581618834,-5.535513131236455,-2.368644611202016,-2.3190797055667995,-2.2192200387744587,-2.1211067613625127,0.005361596009975062,0.005860349127182,-5.228493585166998,-5.139546099150509,-3.773786645366899
2022-22,2022,22,Abu Dhabi Grand Prix,Sergio Pérez,perez,Red Bull,2,0.0,3.9407266781434656,3.269313684974817,4.070533490624334,-1.3946867747359464,-0.9344457042373928,0.9373134551194352,1.5680438931934706,0.8781835790715705,1.434184644875314,0.21932668329177057,0.222069825436409,-1.517192956123002,-1.5047634175708984,0.025425468535234308
2022-22,2022,22,Abu Dhabi Grand Prix,Daniel Ricciardo,ricciardo,McLaren,13,0.0,-1.106202489383178,-0.7119456176598636,-0.8013374015959075,-5.819634405463003,-5.906655131621917,-3.2657900115614336,-3.3539962666089123,-3.05976954153908,-3.067675570447904,0.0011221945137157108,0.0011221945137157,-6.792469123524341,-6.79246912352435,-5.073232695066626
2022-22,2022,22,Abu Dhabi Grand Prix,George Russell,russell,Mercedes,6,0.0,1.6836170567279751,2.003499920701929,1.7123884077020866,-1.718032458718507,-3.4436733865420504,0.1427337309917112,-0.8656424894199819,0.1337294563007929,-0.7917451620243644,0.05124688279301746,0.0634663341645885,-2.9711004863643256,-2.757245684310038,-1.9183714878921538
2022-22,2022,22,Abu Dhabi Grand Prix,Carlos Sainz,sainz,Ferrari,4,0.0,2.691592609628291,2.984829344248266,3.204642779165706,-2.390267156079402,-3.4839835930181,0.2972810940844319,-0.1396704069261969,0.2785272885687027,-0.1277471592641973,0.12256857855361596,0.1270573566084788,-2.0990845807133938,-2.063116667637835,-1.1193774938197953
2022-22,2022,22,Abu Dhabi Grand Prix,Lance Stroll,stroll,Aston Martin,14,0.0,-1.4533560019376623,-1.4275681855679418,-1.456194424352722,-6.460534520235616,-6.530011841697876,-3.944051352901779,-3.993103133025299,-3.695243159282304,-3.6522237825403754,0.0011221945137157108,0.0011221945137157,-6.792469123524341,-6.79246912352435,-5.392786128274819
2022-22,2022,22,Abu Dhabi Grand Prix,Yuki Tsunoda,tsunoda,AlphaTauri,11,0.0,-0.382321843754725,-2.5189140422186203,-1.9702539330386104,-6.329408960669182,-6.526026594741225,-4.424161501443901,-4.248140263889918,-4.14506583737624,-3.885489151288546,0.0016209476309226932,0.0008728179551122,-6.4247443433990234,-7.043783551805269,-5.336442303644471
2022-22,2022,22,Abu Dhabi Grand Prix,Sebastian Vettel,vettel,Aston Martin,9,0.0,0.3905671962887707,-1.2951156509107995,-0.4809455823989431,-6.144806727270047,-6.354120172045058,-3.719961189090423,-3.417532877222001,-3.485289593571978,-3.125788249387734,0.0028678304239401495,0.004364089775561,-5.854199484931411,-5.434345639371169,-4.635866181076706
2022-22,2022,22,Abu Dhabi Grand Prix,Guanyu Zhou,zhou,Alfa Romeo,15,0.0,-1.7920516840783831,-1.934055458928713,-1.823009578887649,-6.480923754403846,-6.585892067383581,-4.20748960666628,-4.204450823135615,-3.942062563497296,-3.845529348284944,0.0011221945137157108,0.0006234413965087,-6.792469123524341,-7.380255788426505,-5.498459973329978
2023-01,2023,1,Bahrain Grand Prix,Alexander Albon,albon,Williams,15,0.0,-1.796135887071183,-2.8129032225138637,-2.690693523408845,-6.555561966788406,-6.584582987085653,-4.684232594651134,-4.637638255247249,-4.416159779415741,-4.261010980053911,0.001371571072319202,0.0016209476309226,-6.59179842806219,-6.424744343399081,-5.6147183416547195
2023-01,2023,1,Bahrain Grand Prix,Fernando Alonso,alonso,Aston Martin,5,0.0,2.1703632483345308,0.1052997245417473,1.3976173932745957,-5.500577297956869,-4.777367984432493,-2.697638786707561,-1.6898752955789489,-2.5432562684554445,-1.5526388202522408,0.015586034912718205,0.0198254364089775,-4.161379963558259,-3.9207894986403313,-2.925627629568604
2023-01,2023,1,Bahrain Grand Prix,Valtteri Bottas,bottas,Alfa Romeo,12,0.0,-0.7525950914662556,-1.0923883725252028,-0.8960949358246814,-6.256970203029121,-6.476839449953156,-3.6746792877771615,-3.686467192888919,-3.464381954786809,-3.387085477987706,0.003366583541147132,0.0038653366583541,-5.6938568348562315,-5.555706496375418,-4.690162013872575
2023-01,2023,1,Bahrain Grand Prix,Nyck de Vries,de_vries,AlphaTauri,19,0.0,-3.081964585762626,-1.8222181919309857,-2.884894050326631,-6.487765289644701,-6.556262778197311,-4.154991740787843,-4.720578414261971,-3.917206722489503,-4.33721548519169,0.0011221945137157108,0.0011221945137157,-6.792469123524341,-6.79246912352435,-5.756523768893156
2023-01,2023,1,Bahrain Grand Prix,Pierre Gasly,gasly,Alpine F1 Team,20,0.0,-3.388740609034616,0.1406081449355924,-1.5481245114044564,-5.243845476206259,-5.861776542233094,-2.551618665635333,-3.704950526818775,-2.405592697606949,-3.4040677617469046,0.001371571072319202,0.0041147132169576,-6.59179842806219,-5.493186139394082,-5.148374477440482
2023-01,2023,1,Bahrain Grand Prix,Lewis Hamilton,hamilton,Mercedes,7,0.0,1.2304632013513186,2.31640292696117,1.8658356526112645,-2.7068519287745207,-4.196754634144403,-0.1952245009066753,-1.1654594907665694,-0.1840520451194163,-1.0708113513048538,0.05498753117206982,0.0709476309226932,-2.900648825413714,-2.6458132667342302,-2.033054158090142
2023-01,2023,1,Bahrain Grand Prix,Nico Hülkenberg,hulkenberg,Haas F1 Team,10,0.0,-0.0048233397587058,-1.600177272715216,-0.978668916781674,-6.487185180744839,-6.399326330963347,-4.043681226730028,-3.68899762387251,-3.812266370943013,-3.3894104101216764,0.003117206982543641,0.0013715710723192,-5.77081787599236,-6.591798428062191,-4.729907749932435
2023-01,2023,1,Bahrain Grand Prix,Kevin Magnussen,kevin_magnussen,Haas F1 Team,17,0.0,-2.45181221863608,-2.130597582443192,-2.5265565032825035,-6.490169083193445,-6.531543219674583,-4.310383332818319,-4.529049861478543,-4.06370544664935,-4.161241159147471,0.002119700748129676,0.0006234413965087,-6.1564803568043445,-7.380255788426505,-5.342765109141444
2023-01,2023,1,Bahrain Grand Prix,Charles Leclerc,leclerc,Ferrari,3,0.0,3.2782987448433425,3.2346676733120883,3.604833672041487,-1.7644175336303771,-2.014228831805684,0.7351250698408555,0.7953024201179018,0.6930547748586248,0.7307151093019348,0.16321695760598504,0.1701995012468828,-1.8126749349506603,-1.7707839932415002,-0.5086862574163793
2023-01,2023,1,Bahrain Grand Prix,Max Verstappen,max_verstappen,Red Bull,1,1.0,4.792427143957548,5.298235556176313,6.515509027097594,0.3531885292990226,1.1934069919704684,2.825712042737668,3.854458009534032,2.6640000510645354,3.541433591159997,0.3048628428927681,0.2569825436408977,-1.1878932989515878,-1.3587471199701016,1.333282355291222
2023-01,2023,1,Bahrain Grand Prix,Lando Norris,norris,McLaren,11,0.0,-0.3848282016599191,0.3294310316298339,-0.0641654995596057,-5.369416624309714,-6.0062829739214,-2.51999279633994,-3.035224236740503,-2.375776737543212,-2.7887306184443927,0.006109725685785536,0.0066084788029925,-5.097873402749934,-5.019401787308441,-4.066548819745218
2023-01,2023,1,Bahrain Grand Prix,Esteban Ocon,ocon,Alpine F1 Team,9,0.0,0.3893080563928697,0.5482065628560339,0.6238033167807958,-5.2756899663484,-5.745467849506733,-2.363741701746183,-2.560832266362969,-2.228467699084581,-2.352864497937692,0.009600997506234414,0.0115960099750623,-4.6458882790068765,-4.457094207707308,-3.603360272684923
2023-01,2023,1,Bahrain Grand Prix,Sergio Pérez,perez,Red Bull,2,0.0,3.949526099402114,3.514434426382849,4.272593530357315,-1.2337901077127111,-0.817016967872359,1.140322159335069,1.727788281242478,1.0750629380322418,1.5874728541521772,0.21982543640897756,0.2051122194513715,-1.5149215184626899,-1.5841980376610882,0.10643338138989411
2023-01,2023,1,Bahrain Grand Prix,Oscar Piastri,piastri,McLaren,18,0.0,-2.769806864099535,-0.2737883091806403,-1.5559019861027028,-4.488184490332324,-5.693821771277815,-2.380986399756482,-3.624861878690259,-2.244725504439553,-3.3304831934233263,0.003117206982543641,0.0041147132169576,-5.77081787599236,-5.493186139394082,-4.697839877341309
2023-01,2023,1,Bahrain Grand Prix,George Russell,russell,Mercedes,6,0.0,1.6851296239195837,1.6283124220086127,1.4735207943788362,-1.6464933683671492,-3.3118659438646514,-0.0090904731792682,-0.9191725747429076,-0.0085702366863641,-0.8445256438689492,0.0726932668329177,0.0854114713216957,-2.621506514510068,-2.4602748625983355,-1.7703395446264878
2023-01,2023,1,Bahrain Grand Prix,Carlos Sainz,sainz,Ferrari,4,0.0,2.6959362313128934,3.040760569719833,3.261725695027916,-2.694427396066514,-3.868771587737079,0.1731665868266596,-0.3035229463545814,0.1632564780740894,-0.2788735420775578,0.11957605985037406,0.1375311720698254,-2.123802625977122,-1.983904681607058,-1.2136627861658518
2023-01,2023,1,Bahrain Grand Prix,Logan Sargeant,sargeant,Williams,16,0.0,-2.1274573808025217,-2.374884374917669,-2.5521448499040726,-5.377707802330314,-6.025935804246337,-3.876296088623992,-4.289040327075204,-3.654460476457776,-3.940723040845954,0.001371571072319202,0.0013715710723192,-6.59179842806219,-6.591798428062191,-5.440419377568697
2023-01,2023,1,Bahrain Grand Prix,Lance Stroll,stroll,Aston Martin,8,0.0,0.7999968799266577,-1.0935086197645991,-0.0399961905587859,-6.443812124314065,-5.593870395403444,-3.768660372039333,-2.816933292981115,-3.5529846182878493,-2.5881673021588507,0.008354114713216957,0.0110972568578553,-4.785001081469594,-4.501057331128425,-3.8009671872253543
2023-01,2023,1,Bahrain Grand Prix,Yuki Tsunoda,tsunoda,AlphaTauri,14,0.0,-1.4571382917584317,-2.006386656839099,-2.019993958631679,-6.490845430866799,-6.546587606348064,-4.248616043852949,-4.283290782489871,-4.00547302293839,-3.935440422569141,0.005112219451371571,0.004364089775561,-5.276121634156253,-5.434345639371169,-4.779706208323062
2023-01,2023,1,Bahrain Grand Prix,Guanyu Zhou,zhou,Alfa Romeo,13,0.0,-1.1096258835184605,-2.021660777166259,-1.7389271691929382,-6.517975808962957,-6.564902287395723,-4.269818293064608,-4.151914728294331,-4.025461893753344,-3.814733550098013,0.003117206982543641,0.0021197007481296,-5.77081787599236,-6.15648035680438,-4.961366302143345
2023-02,2023,2,Saudi Arabian Grand Prix,Alexander Albon,albon,Williams,17,0.0,-2.4563271232963517,-2.0833391401854557,-5.447634787762551,-6.517724011848842,-6.615569772907825,-4.300531576017149,-6.031602280335187,-4.078047250759699,-5.563800062995916,0.004862842892768081,0.0021197007481296,-5.3261320547309134,-6.15648035680438,-5.678867167533051
2023-02,2023,2,Saudi Arabian Grand Prix,Fernando Alonso,alonso,Aston Martin,2,0.0,3.9582797495602633,0.8202199072507819,2.8934405474445755,-5.175528654219833,-2.873108891851094,-2.177654373484525,0.0101658277967406,-2.0649952857962672,0.0093773811181675,0.08541147132169577,0.0831670822942643,-2.4602748625983346,-2.486903654944937,-1.225054517400797
2023-02,2023,2,Saudi Arabian Grand Prix,Valtteri Bottas,bottas,Alfa Romeo,14,0.0,-1.4608989898510951,-0.7162027532127108,-0.9176556172782724,-6.432182548624249,-6.176660676713386,-3.57419265091848,-3.5471581469958293,-3.389284849121523,-3.272045769008351,0.01034912718204489,0.0051122194513715,-4.570853093063962,-5.276121634156266,-4.059005620029896
2023-02,2023,2,Saudi Arabian Grand Prix,Nyck de Vries,de_vries,AlphaTauri,18,0.0,-2.774482960268748,-2.4997015444670154,-3.127595223434461,-6.457549682567005,-6.613923538192799,-4.478625613517011,-4.87075938081363,-4.246927745453248,-4.492990434426129,0.003865336658354115,0.0033665835411471,-5.5557064963754135,-5.69385683485624,-5.213232938594522
2023-02,2023,2,Saudi Arabian Grand Prix,Pierre Gasly,gasly,Alpine F1 Team,9,0.0,0.3880591369391595,-0.242865772262869,0.0974854807394189,-5.53700321095254,-5.473116493646188,-2.8899344916077045,-2.6878155064533846,-2.7404262008212337,-2.479352481990191,0.018578553615960103,0.0130922693266832,-3.985747394915101,-4.335733350703044,-3.336781450684243
2023-02,2023,2,Saudi Arabian Grand Prix,Lewis Hamilton,hamilton,Mercedes,7,0.0,1.2309012377038142,2.764929020329906,2.2967568027363146,-2.299858269985643,-4.010336635245404,0.2325353751721315,-0.8567899162545445,0.2205053562944249,-0.7903385482781514,0.06496259351620949,0.0749376558603491,-2.733943659107193,-2.591098766325353,-1.7953667876808685
2023-02,2023,2,Saudi Arabian Grand Prix,Nico Hülkenberg,hulkenberg,Haas F1 Team,10,0.0,-0.006739841702794,-1.4256034081607705,-0.8589183350055318,-6.377019674512937,-6.097009812663345,-3.9013115413368538,-3.4779640738344386,-3.699480523345051,-3.208218286571479,0.011845386533665837,0.0051122194513715,-4.435816809260019,-5.276121634156266,-3.9568904415472286
2023-02,2023,2,Saudi Arabian Grand Prix,Kevin Magnussen,kevin_magnussen,Haas F1 Team,13,0.0,-1.1130290653480122,-1.9980123997995645,-1.6664426377403625,-6.399890548055987,-6.18430452421859,-4.198951473927776,-3.925373580979477,-3.9817223084275457,-3.6209273692234274,0.005361596009975063,0.0008728179551122,-5.228493585166998,-7.043783551805269,-4.576933583073237
2023-02,2023,2,Saudi Arabian Grand Prix,Charles Leclerc,leclerc,Ferrari,12,0.0,-0.7555774495802916,2.923445402796778,2.307596492656236,-2.653474145630265,-3.7227476783944544,0.1349856285832564,-0.7075755928691094,0.1280022624658491,-0.6526970687398751,0.03728179551122195,0.0457605985037406,-3.2892501274698733,-3.084331852805991,-1.9984128601694913
2023-02,2023,2,Saudi Arabian Grand Prix,Max Verstappen,max_verstappen,Red Bull,15,0.0,-1.8001974687963829,5.164697998688978,2.826875579792452,0.5314846302395896,-1.900049201512844,2.848091314464284,0.463413189139804,2.7007477446823738,0.4274715425676072,0.04102244389027432,0.0509975062344139,-3.1936359500951883,-2.97597854481776,-1.3651113804776922
2023-02,2023,2,Saudi Arabian Grand Prix,Lando Norris,norris,McLaren,19,0.0,-3.0867630516425666,-0.3538083151429995,-1.9557384399756643,-5.550947739081103,-6.076460059498917,-2.952378027112051,-4.016099249737291,-2.799639273389126,-3.704616488314685,0.0068578553615960105,0.004862842892768,-4.9823605156280895,-5.32613205473093,-4.49922988268269
2023-02,2023,2,Saudi Arabian Grand Prix,Esteban Ocon,ocon,Alpine F1 Team,6,0.0,1.686637865558432,0.2964456398522931,1.048296129006904,-5.103416366965973,-4.9779743720324685,-2.40348536355684,-1.9648391215127825,-2.279143102623521,-1.812449084000636,0.032044887780548634,0.033291770573566,-3.44061761596534,-3.402445042460313,-2.702728368739061
2023-02,2023,2,Saudi Arabian Grand Prix,Sergio Pérez,perez,Red Bull,1,1.0,4.804833175676702,3.592223875299529,4.850822184785733,-1.220764442671129,0.0278243345159975,1.1857297163142,2.4393232596508656,1.1243870029289418,2.250132929016446,0.3205735660847881,0.2976309226932668,-1.1376434935946704,-1.2119010745217302,0.6508398830280976
2023-02,2023,2,Saudi Arabian Grand Prix,Oscar Piastri,piastri,McLaren,8,0.0,0.7995256675986215,0.0446120537575756,0.5949788675476646,-5.759896927538657,-6.15471375208293,-2.8576424368905404,-2.7798674422676326,-2.709804747953615,-2.564265004812194,0.014089775561097258,0.0113466334164588,-4.26230588214822,-4.478834194343714,-3.521086662207926
2023-02,2023,2,Saudi Arabian Grand Prix,George Russell,russell,Mercedes,3,0.0,3.284541827447239,1.9564398998480592,2.441412243625841,-1.884407180399814,-2.228015164350236,0.0360163597241225,0.1066985396378026,0.0341530841383466,0.0984231575569648,0.1537406483790524,0.1652119700748129,-1.8724881976962156,-1.800525962440238,-0.8828948290292065
2023-02,2023,2,Saudi Arabian Grand Prix,Carlos Sainz,sainz,Ferrari,4,0.0,2.7002597927843626,2.7314080970451453,2.887307813175669,-3.351928444884947,-4.246721085358641,-0.3102601739199009,-0.6797066360914861,-0.2942091290133182,-0.6269895873330682,0.12755610972568582,0.1470074812967581,-2.0591989349089332,-1.9172718003231892,-1.3694527855002097
2023-02,2023,2,Saudi Arabian Grand Prix,Logan Sargeant,sargeant,Williams,20,0.0,-3.3936256505638687,-2.639729065406973,-7.644624154100236,-6.079798516819918,-6.3913612189706095,-4.359763791113446,-7.017992686535423,-4.134215137836015,-6.4736874774974,0.00012468827930174565,0.0001246882793017,-8.98969370086056,-8.989693700860926,-8.00384319369799
2023-02,2023,2,Saudi Arabian Grand Prix,Lance Stroll,stroll,Aston Martin,5,0.0,2.173144999908315,-0.54815901743896,0.9028291823049076,-6.121934028638594,-5.228953830200811,-3.335046523038777,-2.163062323947952,-3.162510741760391,-1.9952983858837765,0.03902743142144639,0.0402743142144638,-3.243490510320407,-3.2120413776379046,-2.7032764171341794
2023-02,2023,2,Saudi Arabian Grand Prix,Yuki Tsunoda,tsunoda,AlphaTauri,16,0.0,-2.1317687918589083,-1.7747833433286015,-2.183344743279894,-6.439768877841741,-6.566137428675757,-4.107276110585171,-4.374741085977825,-3.894789691649053,-4.035442590289891,0.01234413965087282,0.0071072319201995,-4.39457385072597,-4.94664243302601,-4.3846574683518975
2023-02,2023,2,Saudi Arabian Grand Prix,Guanyu Zhou,zhou,Alfa Romeo,11,0.0,-0.3873183295034001,-1.878236661678576,-1.2744139036315083,-6.479584236239685,-6.197864078005555,-4.17891044895913,-3.736138990818532,-3.962718088755827,-3.446369536043491,0.010099750623441399,0.0086034912718204,-4.5952445461881215,-4.755587196263306,-4.165691768503327
2023-03,2023,3,Australian Grand Prix,Alexander Albon,albon,Williams,8,0.0,0.7990606436518567,-5.5366547920201326,-2.572421791284378,-6.507342557087342,-6.310240644916208,-6.021998674553737,-4.441331218100293,-5.6835637001227735,-4.123580577729984,0.002618453865336659,0.0016209476309226,-5.945171263137137,-6.424744343399081,-5.193251240618715
2023-03,2023,3,Australian Grand Prix,Fernando Alonso,alonso,Aston Martin,4,0.0,2.704563597022325,1.167942613552064,2.339235143762316,-4.459105475384609,-3.934144581121959,-1.6455814309162726,-0.7974547186798218,-1.5531001236968738,-0.7404016111578788,0.039276807980049885,0.0355361596009975,-3.2371210620349267,-3.33720452059191,-2.017287890357374
2023-03,2023,3,Australian Grand Prix,Valtteri Bottas,bottas,Alfa Romeo,19,0.0,-3.0915380432094746,-1.1082125654026629,-2.4131650846860184,-6.337893688674874,-6.588316715252172,-3.723053127038768,-4.500740899969095,-3.5138183765930853,-4.178739852788082,0.0008728179551122196,0.0001246882793017,-7.043783551805246,-8.989693700860926,-5.772262225887171
2023-03,2023,3,Australian Grand Prix,Nyck de Vries,de_vries,AlphaTauri,15,0.0,-1.8042367556753984,-2.7417490788122243,-2.8189116531971745,-6.514302344729711,-6.614273498513511,-4.628025711770968,-4.716592575855342,-4.36793170510048,-4.379148634445153,0.001122194513715711,0.0006234413965087,-6.792469123524341,-7.380255788426505,-5.754530849689841
2023-03,2023,3,Australian Grand Prix,Pierre Gasly,gasly,Alpine F1 Team,9,0.0,0.386820322902962,0.1803194170504159,0.4793735003459388,-5.514402418580884,-5.167282566717734,-2.667041500765234,-2.3439545331858977,-2.517154366792278,-2.1762586291102544,0.005361596009975063,0.006857855361596,-5.228493585166998,-4.98236051562809,-3.7862240591764476
2023-03,2023,3,Australian Grand Prix,Lewis Hamilton,hamilton,Mercedes,3,0.0,3.290754267052053,2.4831693646156063,2.9796955018344304,-2.679769624003959,-2.472866318165517,-0.0983001296941763,0.2534145918344568,-0.0927756844597086,0.2352842960108948,0.14226932668329179,0.1522443890274314,-1.9500333509984844,-1.8822682267498556,-0.8483093795820138
2023-03,2023,3,Australian Grand Prix,Nico Hülkenberg,hulkenberg,Haas F1 Team,10,0.0,-0.0086429933067752,-1.3014680891349046,-0.6733812781591173,-6.263969555731348,-5.88189671290372,-3.782718822433126,-3.2776389955314187,-3.570130873292711,-3.0431435619352105,0.0013715710723192023,0.0016209476309226,-6.591798428062189,-6.424744343399081,-4.934718711796804
2023-03,2023,3,Australian Grand Prix,Kevin Magnussen,kevin_magnussen,Haas F1 Team,14,0.0,-1.4646383999804604,-1.6418558882037553,-1.6199616985811789,-6.262578174844591,-5.866946051287345,-3.952217031524173,-3.7434538749342616,-3.73010332106099,-3.4756321774419816,0.0008728179551122196,0.0008728179551122,-7.043783551805246,-7.043783551805269,-5.393618713369754
2023-03,2023,3,Australian Grand Prix,Charles Leclerc,leclerc,Ferrari,7,0.0,1.23134074257576,2.826295700813374,2.412483149284757,-2.341797808175149,-3.688523609603611,0.2422489463191124,-0.6380202301594271,0.2286346098862814,-0.5923737051094253,0.040024937655860356,0.0477556109725685,-3.218252577730544,-3.041658711679916,-1.9281364039449855
2023-03,2023,3,Australian Grand Prix,Max Verstappen,max_verstappen,Red Bull,1,1.0,4.817172609576804,5.417576977648845,6.430866962246387,-0.2175260399842815,0.5180661134431388,2.600025468832281,3.474466537844763,2.4539046208184256,3.2258892728017816,0.452992518703242,0.4402743142144639,-0.7918796686393581,-0.8203573049321736,1.3412934346027026
2023-03,2023,3,Australian Grand Prix,Lando Norris,norris,McLaren,13,0.0,-1.116412311737922,-0.7463877742358255,-1.312236995463681,-5.602219832282414,-6.189662676416152,-3.17430380325912,-3.750949835939916,-2.995908641693973,-3.482591847346439,0.0021197007481296762,0.0013715710723192,-6.156480356804344,-6.591798428062191,-4.95371509637213
2023-03,2023,3,Australian Grand Prix,Esteban Ocon,ocon,Alpine F1 Team,11,0.0,-0.389792435520876,0.6812779604612322,0.4985617251380538,-5.080057335657482,-5.245842467430147,-2.199389687598125,-2.3736403711460463,-2.075784480604094,-2.2038206232140105,0.004862842892768081,0.0033665835411471,-5.3261320547309134,-5.69385683485624,-3.84988621293848
2023-03,2023,3,Australian Grand Prix,Sergio Pérez,perez,Red Bull,20,0.0,-3.398487518863581,4.0189013731352645,0.7637169719575223,-1.6165796803668435,-3.9957971524565465,1.2011608463842105,-1.6160400902495122,1.1336558763065412,-1.5004221035863796,0.0073566084788029935,0.006359102244389,-4.912156256954841,-5.057868068136239,-3.264098173602177
2023-03,2023,3,Australian Grand Prix,Oscar Piastri,piastri,McLaren,16,0.0,-2.136057212781288,-0.809004223638445,-1.6098796866674536,-5.081710065496578,-5.992515272593301,-2.945357144567512,-3.801197479630378,-2.779828733854995,-3.5292445731675293,0.00037406483790523696,0.0001246882793017,-7.891081412192451,-8.989693700860926,-5.846139445911414
2023-03,2023,3,Australian Grand Prix,George Russell,russell,Mercedes,2,0.0,3.966988263674012,1.84601994506454,3.060143402218804,-2.812275445626514,-1.5740066033318738,-0.4831277502809872,0.7430683994434651,-0.4559760791084007,0.6899063072311455,0.19413965087281798,0.19214463840399,-1.6391775290265618,-1.6495068655404446,-0.4480545647915483
2023-03,2023,3,Australian Grand Prix,Carlos Sainz,sainz,Ferrari,5,0.0,2.1759155747636223,2.8481204193838416,2.751094338306936,-3.194148871341965,-4.054555907181435,-0.1730142259790617,-0.6517307844372497,-0.1632908652960313,-0.6051033513694323,0.08167082294264341,0.0901496259351621,-2.505058465225308,-2.4062844787017954,-1.578394624831279
2023-03,2023,3,Australian Grand Prix,Logan Sargeant,sargeant,Williams,18,0.0,-2.779135499500069,-8.994127931671324,-6.788318229083896,-6.514156785724129,-6.466908758420489,-7.7541423586977265,-6.627613493752193,-7.318361297836834,-6.153447454708738,0.00012468827930174565,0.0001246882793017,-8.98969370086056,-8.989693700860926,-7.808653597306376
2023-03,2023,3,Australian Grand Prix,Lance Stroll,stroll,Aston Martin,6,0.0,1.6881418735031306,-0.1907946430260606,0.9696337981029456,-5.830712306537053,-5.326264812666216,-3.0107534747815565,-2.178315507281636,-2.8415498049831505,-2.022470083155989,0.01957605985037407,0.0173316708229426,-3.933447895512252,-4.055219767729871,-3.055881701396944
2023-03,2023,3,Australian Grand Prix,Yuki Tsunoda,tsunoda,AlphaTauri,12,0.0,-0.7585416111569454,-1.7339591391528468,-1.4900540866086054,-6.437300931487048,-6.585303258435912,-4.085630035319947,-4.037678672522259,-3.8560185439756136,-3.7488069534811697,0.0023690773067331673,0.0008728179551122,-6.0452547216941195,-7.043783551805269,-5.04146669710819
2023-03,2023,3,Australian Grand Prix,Guanyu Zhou,zhou,Alfa Romeo,17,0.0,-2.460818625331415,-2.02103078337991,-2.733209900298684,-6.517512498269047,-6.601680556884033,-4.269271640824479,-4.667445228591358,-4.029339532452113,-4.333517485433168,0.0006234413965087283,0.0006234413965087,-7.380255788426459,-7.380255788426505,-6.023850508508909
2023-04,2023,4,Azerbaijan Grand Prix,Alexander Albon,albon,Williams,12,0.0,-0.7614878168200246,-3.99676847702604,-2.3322559179061018,-6.411846494670836,-6.47665264461845,-5.204307485848438,-4.404454281262276,-4.939920475009587,-4.106266692337396,0.0026184538653366584,0.0021197007481296,-5.945171263137137,-6.15648035680438,-5.174812772199706
2023-04,2023,4,Azerbaijan Grand Prix,Fernando Alonso,alonso,Aston Martin,6,0.0,1.6896417364148788,1.495560662737626,2.0361169099486767,-3.790458956435288,-4.132420466254838,-1.147449146848831,-1.0481517781530807,-1.0891569243293358,-0.9771904668086886,0.031795511221945134,0.0390274314214463,-3.448430155702134,-3.243490510320409,-2.248290966927607
2023-04,2023,4,Azerbaijan Grand Prix,Valtteri Bottas,bottas,Alfa Romeo,13,0.0,-1.1197758940516342,-0.9603331545839427,-1.379164541968498,-6.485748878434417,-6.55466049322825,-3.72304101650918,-3.966912517598374,-3.533904673535235,-3.6983471055038746,0.0026184538653366584,0.0023690773067331,-5.945171263137137,-6.045254721694148,-4.956041890367755
2023-04,2023,4,Azerbaijan Grand Prix,Nyck de Vries,de_vries,AlphaTauri,18,0.0,-2.7837648456045745,-1.9986380320229071,-3.901571231968567,-6.365128137064292,-6.528379212172111,-4.1818830845436,-5.214975222070339,-3.969436842386217,-4.861914255042549,0.0003740648379052369,0.0001246882793017,-7.891081412192451,-8.989693700860926,-6.553028317131394
2023-04,2023,4,Azerbaijan Grand Prix,Pierre Gasly,gasly,Alpine F1 Team,17,0.0,-2.465287076944727,0.1370669793347334,-1.260872218985604,-5.292449008009192,-5.651479485621037,-2.5776910143372294,-3.4561758523033204,-2.446740254029553,-3.222188012156331,0.003366583541147132,0.004364089775561,-5.6938568348562315,-5.434345639371169,-4.575016343579776
2023-04,2023,4,Azerbaijan Grand Prix,Lewis Hamilton,hamilton,Mercedes,5,0.0,2.1786751551348216,2.7391165587208484,2.5379849569537227,-2.255854724773702,-3.7567423710475936,0.2416309169735728,-0.6093787070469354,0.2293556861117133,-0.5681229337336499,0.07593516209476309,0.0956359102244388,-2.577875433150663,-2.347206899493305,-1.5936270700987993
2023-04,2023,4,Azerbaijan Grand Prix,Nico Hülkenberg,hulkenberg,Haas F1 Team,20,0.0,-3.403326592600961,-0.7220300102140729,-1.8701323510149563,-6.016932531488476,-6.222034654157056,-3.3694812708512742,-4.046083502586006,-3.1983063193903445,-3.772158106343935,0.003117206982543641,0.0021197007481296,-5.77081787599236,-6.15648035680438,-4.908450689289182
2023-04,2023,4,Azerbaijan Grand Prix,Kevin Magnussen,kevin_magnussen,Haas F1 Team,16,0.0,-2.140322981048305,-1.199519168320599,-1.796915076087158,-6.213190612186391,-6.371875496363813,-3.706354890253495,-4.084395286225486,-3.5180662287540243,-3.807876129744043,0.002119700748129676,0.0013715710723192,-6.1564803568043445,-6.591798428062191,-5.1204378215149156
2023-04,2023,4,Azerbaijan Grand Prix,Charles Leclerc,leclerc,Ferrari,1,0.0,4.829446336013456,2.5166982169768364,4.295924612954073,-2.8355051865054426,-0.8566720174010795,-0.1594034847643031,1.719626297776497,-0.1513055368685016,1.603205241536395,0.20236907730673317,0.1834164588528678,-1.5976621333459688,-1.6959959802591227,0.06098208221526402
2023-04,2023,4,Azerbaijan Grand Prix,Max Verstappen,max_verstappen,Red Bull,2,0.0,3.975652263229296,5.26811659462833,5.610543767902336,0.0205975788863917,0.1271673492275508,2.6443570867573607,2.868855558564944,2.510019585051438,2.674630106930319,0.27693266832917707,0.2544887780548628,-1.2839808769661327,-1.3684985380507155,0.7924373407994056
2023-04,2023,4,Azerbaijan Grand Prix,Lando Norris,norris,McLaren,7,0.0,1.2317817260364874,-0.6027430113270456,-0.4661762466757905,-5.493046504519294,-5.6225571538014405,-3.04789475792317,-3.044366700238616,-2.893056907432993,-2.8382589038631743,0.014837905236907731,0.0178304239401496,-4.210570207749031,-4.026849070600655,-3.6274684539938233
2023-04,2023,4,Azerbaijan Grand Prix,Esteban Ocon,ocon,Alpine F1 Team,19,0.0,-3.096289933021306,0.7766671180263359,-0.6433534274984866,-5.05681558303251,-5.606154581114926,-2.140074232503087,-3.1247540043067064,-2.0313550934354425,-2.913203877315594,0.007605985037406484,0.0033665835411471,-4.878819836687249,-5.69385683485624,-4.001786920496977
2023-04,2023,4,Azerbaijan Grand Prix,Sergio Pérez,perez,Red Bull,3,1.0,3.296936500413103,3.42550371890747,3.615886435352525,-1.2361121387325933,-1.2872206051920696,1.0946957900874383,1.1643329150802275,1.0390835211148437,1.0855059815982095,0.20536159600997506,0.2088528678304239,-1.58298297068292,-1.5661252566013937,-0.2093250278013462
2023-04,2023,4,Azerbaijan Grand Prix,Oscar Piastri,piastri,McLaren,10,0.0,-0.0105329571934836,-0.923092461829213,-0.5365088337261761,-5.124105380295832,-5.444240563652827,-3.0235989210625225,-2.990374698689502,-2.869995337321741,-2.7879222347877453,0.004114713216957606,0.004364089775561,-5.49318613939408,-5.434345639371169,-4.241780419041791
2023-04,2023,4,Azerbaijan Grand Prix,George Russell,russell,Mercedes,11,0.0,-0.3922507243346461,2.019815435024052,1.3234163726988344,-2.825518142488159,-4.324116771292845,-0.4028513537320537,-1.5003501992970052,-0.3823858709535629,-1.398774435331277,0.029052369077306732,0.0387780548628428,-3.5386552472948596,-3.2499007886813285,-2.5195027232959326
2023-04,2023,4,Azerbaijan Grand Prix,Carlos Sainz,sainz,Ferrari,4,0.0,2.7088479396050555,2.384537267154272,2.588161832875951,-3.32630842787498,-4.069924472217571,-0.470885580360354,-0.7408813196708102,-0.4469638517966361,-0.6907226393248744,0.11109725685785536,0.120074812967581,-2.197349273389751,-2.119640289062435,-1.4691152965302805
2023-04,2023,4,Azerbaijan Grand Prix,Logan Sargeant,sargeant,Williams,14,0.0,-1.4683568195845484,-6.003288806122724,-4.425094321437813,-6.474753693065177,-6.535819495004212,-6.23902124959395,-5.480456908221012,-5.922069151120603,-5.109422467332054,0.0008728179551122195,0.0003740648379052,-7.043783551805247,-7.891081412192549,-6.26212023001313
2023-04,2023,4,Azerbaijan Grand Prix,Lance Stroll,stroll,Aston Martin,9,0.0,0.3855915005844685,0.1702188394414234,0.5522497438304385,-5.29667210300308,-5.413355167710229,-2.5632266317808283,-2.430552711939895,-2.433010684871114,-2.2660009634948013,0.015336658354114713,0.0145885286783042,-4.177509345488143,-4.227519766062807,-3.304031028714019
2023-04,2023,4,Azerbaijan Grand Prix,Yuki Tsunoda,tsunoda,AlphaTauri,8,0.0,0.7986017514245465,-1.808918167672332,-2.357590576226098,-6.321349879841805,-6.361086407874818,-4.065134023757069,-4.359338492050458,-3.858618817627732,-4.064205303863655,0.005860349127182045,0.004862842892768,-5.139546099150501,-5.32613205473093,-4.749442295600479
2023-04,2023,4,Azerbaijan Grand Prix,Guanyu Zhou,zhou,Alfa Romeo,15,0.0,-1.808254067047632,-1.7116372445877746,-1.9890567618506596,-6.453546417825386,-6.542472210813592,-4.08259183120658,-4.265764486332126,-3.875189740983648,-3.976966386528439,0.0046134663341645885,0.0018703241895261,-5.378775788216336,-6.281643499758395,-4.822270137274231
2023-05,2023,5,Miami Grand Prix,Alexander Albon,albon,Williams,11,0.0,-0.3900457415218228,-3.3940722120678624,-1.962615934839717,-6.395410636171148,-6.366804656258935,-4.8947414241195055,-4.164710295549326,-4.629184820030248,-3.861880973559499,0.0026184538653366584,0.0006234413965087,-5.945171263137137,-7.380255788426505,-5.054940779343232
2023-05,2023,5,Miami Grand Prix,Fernando Alonso,alonso,Aston Martin,2,0.0,3.9732107661750216,1.815387343734672,3.577948608379724,-3.86361323265347,-2.286390495239079,-1.024112944459399,0.6457790565703223,-0.9685512850846324,0.5988224089337725,0.1273067331670823,0.1228179551122194,-2.0611558826958944,-2.0970520596884716,-0.7076884130627861
2023-05,2023,5,Miami Grand Prix,Valtteri Bottas,bottas,Alfa Romeo,10,0.0,-0.0078549240928906,-1.184908673602191,-0.642833568513165,-6.499481859762684,-5.967145709864589,-3.842195266682437,-3.304989639188877,-3.633742921837367,-3.0646733385116027,0.002369077306733167,0.0021197007481296,-6.0452547216941195,-6.15648035680438,-4.675122180441498
2023-05,2023,5,Miami Grand Prix,Nyck de Vries,de_vries,AlphaTauri,15,0.0,-1.808999965277812,-2.5642140471282797,-2.112790614176637,-6.445238547734328,-6.523827186625875,-4.504726297431303,-4.318308900401256,-4.260329359116503,-4.0043109356812,0.0003740648379052369,0.0001246882793017,-7.891081412192451,-8.989693700860926,-6.104695156296853
2023-05,2023,5,Miami Grand Prix,Pierre Gasly,gasly,Alpine F1 Team,5,0.0,2.1810387961335973,-0.4146363983955035,0.7903174070368866,-5.562177752191652,-5.012107554661828,-2.988407075293578,-2.1108950738124705,-2.826275684523732,-1.9574051840889453,0.026558603491271822,0.0255610972568578,-3.628401535151135,-3.666683721722154,-2.869648304481803
2023-05,2023,5,Miami Grand Prix,Lewis Hamilton,hamilton,Mercedes,13,0.0,-1.118859921173995,2.870043348586808,1.3701981811692012,-2.548267315706538,-4.091701518463315,0.1608880164401351,-1.360751668647057,0.1521592866498409,-1.2618070900401648,0.015835411471321694,0.0165835411471321,-4.145506614401969,-4.0993445726388105,-2.7531291415245134
2023-05,2023,5,Miami Grand Prix,Nico Hülkenberg,hulkenberg,Haas F1 Team,12,0.0,-0.759875062705047,-1.2954620297526005,-1.0727363945917257,-6.423911568541379,-6.146345258743913,-3.859686799146989,-3.609540826667819,-3.650285478337895,-3.3470796412157253,0.0011221945137157108,0.0018703241895261,-6.792469123524341,-6.281643499758395,-5.20100497509608
2023-05,2023,5,Miami Grand Prix,Kevin Magnussen,kevin_magnussen,Haas F1 Team,4,0.0,2.710267028604784,-1.5454329361988697,0.3332258096105464,-6.353955480593124,-5.3731035616212335,-3.949694208395997,-2.519938876005344,-3.735409675202024,-2.336706111389756,0.011596009975062344,0.0123441396508728,-4.457094207707304,-4.394573850725972,-3.488516541856324
2023-05,2023,5,Miami Grand Prix,Charles Leclerc,leclerc,Ferrari,7,0.0,1.2349511124795154,2.758871379450755,2.501718103450143,-3.2180857440196675,-3.849590307531247,-0.2296071822844563,-0.6739361020405521,-0.2171502007365634,-0.6249320661383411,0.056234413965087285,0.063216957605985,-2.8782263613578816,-2.7611826972693776,-1.7760812316992167
2023-05,2023,5,Miami Grand Prix,Max Verstappen,max_verstappen,Red Bull,9,1.0,0.3886050139670503,5.0447975754198335,3.724888363652697,-0.0115106738328562,-1.7750825657556206,2.5166434507934885,0.9749028989485384,2.380106863752752,0.9040146107019336,0.06296758104738155,0.07643391521197,-2.7651352715852004,-2.57132876492435,-0.895116186318331
2023-05,2023,5,Miami Grand Prix,Lando Norris,norris,McLaren,16,0.0,-2.1420160282462204,0.0354243202249387,-1.1257441085923252,-5.3200324573102105,-5.991588349641651,-2.642304068542636,-3.558666229116988,-2.4989499595889364,-3.299904297343905,0.001371571072319202,0.0018703241895261,-6.59179842806219,-6.281643499758395,-5.075232328589589
2023-05,2023,5,Miami Grand Prix,Esteban Ocon,ocon,Alpine F1 Team,8,0.0,0.8017895020453297,0.0006155994591166,0.5751082718603667,-5.300248192230968,-5.331371458693567,-2.649816296385925,-2.3781315934166,-2.506054623162257,-2.205210087013969,0.010349127182044887,0.0123441396508728,-4.570853093063962,-4.394573850725972,-3.4744923432402812
2023-05,2023,5,Miami Grand Prix,Sergio Pérez,perez,Red Bull,1,0.0,4.82297001566698,3.687730666249669,5.021898680474175,-1.571219086833443,-0.5367314196449654,1.058255789708113,2.2425836304146047,1.0008417632208535,2.079518247204231,0.44775561097256855,0.4235660847880299,-0.8035077066344773,-0.8590457326999764,0.7195379618900637
2023-05,2023,5,Miami Grand Prix,Oscar Piastri,piastri,McLaren,19,0.0,-3.101208678321154,-0.5774988077275138,-1.8675721194602792,-4.923905520686422,-5.905449295311955,-2.750702164206968,-3.886510707386117,-2.6014670847013788,-3.603910161633462,0.001371571072319202,0.0003740648379052,-6.59179842806219,-7.891081412192549,-5.239154567724153
2023-05,2023,5,Miami Grand Prix,George Russell,russell,Mercedes,6,0.0,1.6925570881331349,1.9686376682574416,2.064582955858023,-2.8675656526295694,-4.091578743932122,-0.4494639921860639,-1.0134978940370496,-0.4250790204208183,-0.9398032410338508,0.06371571072319202,0.0672069825436409,-2.753324110656856,-2.699978129951563,-1.8834110023469526
2023-05,2023,5,Miami Grand Prix,Carlos Sainz,sainz,Ferrari,3,0.0,3.296857997587602,2.427415311830141,3.016835342960076,-3.6899945944687462,-2.926370696935164,-0.6312896413193028,0.0452323230124558,-0.5970400009768333,0.0419433370475677,0.164214463840399,0.1679551122194513,-1.8065819991172791,-1.7840585244501965,-0.8806748380524116
2023-05,2023,5,Miami Grand Prix,Logan Sargeant,sargeant,Williams,20,0.0,-3.4094315207641293,-5.111658878918566,-4.630388058623506,-6.434849877951449,-6.448696787400497,-5.773254378435007,-5.539542423012001,-5.460035416606717,-5.136744687503885,0.00012468827930174563,0.0001246882793017,-8.98969370086056,-8.989693700860926,-7.264618061936281
2023-05,2023,5,Miami Grand Prix,Lance Stroll,stroll,Aston Martin,18,0.0,-2.787549817235435,0.4807955279054943,-0.7792953981862784,-5.3311886767658105,-5.626154517840252,-2.4251965744301582,-3.202724958013265,-2.293621295829936,-2.969844647324781,0.0028678304239401495,0.0033665835411471,-5.854199484931411,-5.69385683485624,-4.5284622214723385
2023-05,2023,5,Miami Grand Prix,Yuki Tsunoda,tsunoda,AlphaTauri,17,0.0,-2.467995117273364,-2.3771425815453067,-2.540743068018505,-6.4084105351679534,-6.46402720879485,-4.39277655835663,-4.5023851384066775,-4.154453279498252,-4.175002405384926,0.00012468827930174563,0.0006234413965087,-8.98969370086056,-7.380255788426505,-6.746039419633618
2023-05,2023,5,Miami Grand Prix,Guanyu Zhou,zhou,Alfa Romeo,14,0.0,-1.468230321884096,-1.7059897780891895,-1.7663117002730098,-6.378589957813854,-6.068803872181974,-4.042289867951522,-3.917557786227492,-3.822981700866736,-3.632699708697573,0.0011221945137157108,0.0008728179551122,-6.792469123524341,-7.043783551805269,-5.355013454875916
2023-06,2023,6,Monaco Grand Prix,Alexander Albon,albon,Williams,13,0.0,-1.1004373484746046,-2.808364614263935,-2.044680886478997,-6.342839278174252,-6.487729776324842,-4.575601946219093,-4.26620533140192,-4.352300750790305,-3.9501616363726826,0.0018703241895261845,0.0006234413965087,-6.28164349975835,-7.380255788426505,-5.273924415580135
2023-06,2023,6,Monaco Grand Prix,Fernando Alonso,alonso,Aston Martin,2,0.0,3.900174153034926,1.6580879049994492,3.26965362565733,-4.119711370684706,-2.6211142403953724,-1.2308117328426282,0.3242696926309787,-1.170744940643048,0.300247550262268,0.1300498753117207,0.1198254364089775,-2.039837245859788,-2.121719291890268,-0.8577837766144046
2023-06,2023,6,Monaco Grand Prix,Valtteri Bottas,bottas,Alfa Romeo,15,0.0,-1.7738541760233677,-1.0681920844168882,-1.6391397342807772,-6.41537638692251,-6.397577406109091,-3.7417842356696993,-4.018358570194934,-3.5591754985718262,-3.720675549378053,0.002119700748129676,0.0008728179551122,-6.1564803568043445,-7.043783551805269,-5.087419463499639
2023-06,2023,6,Monaco Grand Prix,Nyck de Vries,de_vries,AlphaTauri,12,0.0,-0.7498085325092512,-2.7487700322035016,-1.7884546101816243,-6.379339505320285,-6.058966527056893,-4.564054768761894,-3.9237105686192586,-4.3413171054236,-3.633039142843275,0.001371571072319202,0.0008728179551122,-6.59179842806219,-7.043783551805269,-5.2577544983407245
2023-06,2023,6,Monaco Grand Prix,Pierre Gasly,gasly,Alpine F1 Team,7,0.0,1.2033173886027912,-0.1847170087746346,0.7140490067383138,-5.363683817829758,-4.824446351291584,-2.774200413302196,-2.055198672276635,-2.638812266358752,-1.9029480111036887,0.017082294264339153,0.020573566084788,-4.069712775032436,-3.883748226959981,-3.0624557236545353
2023-06,2023,6,Monaco Grand Prix,Lewis Hamilton,hamilton,Mercedes,5,0.0,2.132784231802959,2.3492657811355886,2.5035215704336324,-2.693834420441473,-3.5000092705473804,-0.1722843196529424,-0.498243850056874,-0.1638763997804703,-0.4613335714449858,0.08790523690773068,0.0908977556109725,-2.4314958980482912,-2.398019968851903,-1.4648698740525825
2023-06,2023,6,Monaco Grand Prix,Nico Hülkenberg,hulkenberg,Haas F1 Team,18,0.0,-2.72729653971682,-1.2454643734406772,-2.3337726438400583,-5.817470287422668,-6.332853713428499,-3.5314673304316724,-4.333313178634279,-3.359122601634902,-4.012298083881578,0.0008728179551122195,0.0008728179551122,-7.043783551805247,-7.043783551805269,-5.688548365219763
2023-06,2023,6,Monaco Grand Prix,Kevin Magnussen,kevin_magnussen,Haas F1 Team,17,0.0,-2.416113653866561,-1.3007131378447665,-2.1868589044994544,-6.083771799551084,-6.325337784475158,-3.692242468697925,-4.256098344487306,-3.512051497812778,-3.940803382639427,0.001371571072319202,0.0003740648379052,-6.59179842806219,-7.891081412192549,-5.423948386274748
2023-06,2023,6,Monaco Grand Prix,Charles Leclerc,leclerc,Ferrari,6,0.0,1.6526067690612003,2.853918616327063,2.868419395859324,-2.896396994345619,-3.2146950281574034,-0.021239189009278,-0.1731378161490397,-0.020202661717032,-0.1603116366957751,0.06496259351620948,0.0826683291770573,-2.7339436591071933,-2.492918710674698,-1.4535407376281164
2023-06,2023,6,Monaco Grand Prix,Max Verstappen,max_verstappen,Red Bull,1,1.0,4.74177366411416,4.989697021233541,5.77863200920753,-0.2880740264970812,0.2568975514339366,2.35081149736823,3.017764780320733,2.2360858232907823,2.794206498940909,0.4442643391521197,0.4163341645885287,-0.8113355352547241,-0.8762670609169056,1.1032146225330044
2023-06,2023,6,Monaco Grand Prix,Lando Norris,norris,McLaren,10,0.0,-0.0144868591286948,-0.9695962326733122,-0.7866267392612258,-5.415093536958856,-5.5318526356480495,-3.192344884816084,-3.1592396874546376,-3.036550207442661,-2.925200838701413,0.006359102244389027,0.006857855361596,-5.0578680681362345,-4.98236051562809,-4.108553877795436
2023-06,2023,6,Monaco Grand Prix,Esteban Ocon,ocon,Alpine F1 Team,3,0.0,3.232050483450774,0.2863137675906319,1.7617558559706392,-5.393158866942776,-3.39445029831583,-2.553422549676072,-0.8163472211725953,-2.4288089328275517,-0.7558716059209837,0.05399002493765586,0.0457605985037406,-2.9189559728580705,-3.084331852805991,-1.867651597015333
2023-06,2023,6,Monaco Grand Prix,Sergio Pérez,perez,Red Bull,20,0.0,-3.3324277241422093,3.669541819791106,0.3030357137483825,-1.687329761694571,-4.333517599105943,0.9911060290482674,-2.0152409426787803,0.9427374944413542,-1.8659503801241852,0.015087281795511222,0.0160847880299251,-4.193903155263819,-4.129881296498893,-3.1045720489713
2023-06,2023,6,Monaco Grand Prix,Oscar Piastri,piastri,McLaren,11,0.0,-0.3883309161697251,-1.824370765465435,-1.4502370853494269,-5.4017101732386985,-5.616848455020188,-3.613040469352067,-3.5335427701848072,-3.436714760642729,-3.271775267947385,0.0036159600997506237,0.0021197007481296,-5.622397870874086,-6.15648035680438,-4.577970320529447
2023-06,2023,6,Monaco Grand Prix,George Russell,russell,Mercedes,8,0.0,0.7784821508277164,1.7413714523331034,1.481316944252652,-2.7850714848828604,-4.204669467848613,-0.5218500162748785,-1.3616762617979807,-0.4963823873512122,-1.2608022616544352,0.038778054862842894,0.0502493765586034,-3.249900788681326,-2.990757138913879,-2.3057885252396533
2023-06,2023,6,Monaco Grand Prix,Carlos Sainz,sainz,Ferrari,4,0.0,2.6537245171548483,2.408417801154718,2.747920423699094,-3.5027152827119536,-3.620213818336789,-0.5471487407786177,-0.4361466973188475,-0.5204464687433109,-0.4038366224190651,0.11708229426433915,0.1305486284289277,-2.1448782216522972,-2.036009489990023,-1.2905124594855724
2023-06,2023,6,Monaco Grand Prix,Logan Sargeant,sargeant,Williams,16,0.0,-2.0985038092697668,-4.844704515405007,-3.936377477685987,-6.4863634459787605,-6.570574864559703,-5.665533980691883,-5.253476171122845,-5.389041286287749,-4.864294710809937,0.00012468827930174563,0.0001246882793017,-8.98969370086056,-8.989693700860926,-7.121584935991702
2023-06,2023,6,Monaco Grand Prix,Lance Stroll,stroll,Aston Martin,14,0.0,-1.4414478610089978,0.1395386877777765,-0.3958227349742452,-5.231601688760688,-5.476447332080074,-2.5460315004914555,-2.9361350335271594,-2.421778585936927,-2.718623945096781,0.007356608478802993,0.0056109725685785,-4.912156256954841,-5.18303121109025,-3.9241456452410004
2023-06,2023,6,Monaco Grand Prix,Yuki Tsunoda,tsunoda,AlphaTauri,9,0.0,0.3736320260268726,-2.177307110624742,-1.0255659251371323,-6.406167198267801,-5.976379248682967,-4.291737154446272,-3.50097258691005,-4.082289294182575,-3.241617908311042,0.00486284289276808,0.0078553615960099,-5.3261320547309134,-4.846558974469037,-4.413552320820481
2023-06,2023,6,Monaco Grand Prix,Guanyu Zhou,zhou,Alfa Romeo,19,0.0,-3.032581228423238,-1.7023977888648156,-2.7727370216760776,-6.307691951465423,-6.4084707601904025,-4.005044870165119,-4.59060389093324,-3.809588334005367,-4.250528506978531,0.0008728179551122195,0.0008728179551122,-7.043783551805247,-7.043783551805269,-5.817193721369243
2023-07,2023,7,Spanish Grand Prix,Alexander Albon,albon,Williams,18,0.0,-2.7315963676008668,-2.6939036946567407,-3.146879324220382,-6.454146539064937,-6.543378516386867,-4.574025116860839,-4.845128920303624,-4.375965632296009,-4.508080302405952,0.0008728179551122195,0.0016209476309226,-7.043783551805247,-6.424744343399081,-5.944456236054435
2023-07,2023,7,Spanish Grand Prix,Fernando Alonso,alonso,Aston Martin,8,0.0,0.7779230222180646,2.0339266667258937,1.95916614144422,-3.5427450833466976,-4.118285341129511,-0.7544092083104019,-1.0795595998426455,-0.7217425973645781,-1.004460654685511,0.02032418952618454,0.0315461346633416,-3.895943500053798,-3.456304212133041,-2.4877515499482215
2023-07,2023,7,Spanish Grand Prix,Valtteri Bottas,bottas,Alfa Romeo,16,0.0,-2.102527593971945,-1.112023027467094,-1.6869629740490322,-6.344953574854792,-6.435419382559606,-3.728488301160943,-4.061191178304319,-3.5670413365581903,-3.7786767403644688,0.0016209476309226932,0.0011221945137157,-6.4247443433990234,-6.79246912352435,-5.242967760851672
2023-07,2023,7,Spanish Grand Prix,Nyck de Vries,de_vries,AlphaTauri,14,0.0,-1.4450112131357549,-2.401353452643874,-2.141187386426864,-6.395974520013596,-6.520355839139833,-4.398663986328735,-4.330771612783348,-4.208197799622692,-4.029503966343173,0.0003740648379052369,0.0013715710723192,-7.891081412192451,-6.591798428062191,-6.110926512487899
2023-07,2023,7,Spanish Grand Prix,Pierre Gasly,gasly,Alpine F1 Team,10,0.0,-0.0163931179002615,0.3823183229573644,0.8245098135609568,-5.369625819774522,-4.976866770258184,-2.493653748408579,-2.0761784783486137,-2.3856762529916065,-1.9317503118030597,0.014588528678304239,0.0168329177057356,-4.227519766062804,-4.084418922422135,-3.151849122205709
2023-07,2023,7,Spanish Grand Prix,Lewis Hamilton,hamilton,Mercedes,4,0.0,2.6577470720682936,2.4834956422854635,2.7318742715759203,-2.421089415043195,-3.1708446526201133,0.0312031136211341,-0.2194851905220964,0.0298519901701853,-0.2042168289714931,0.10311720698254365,0.1173316708229426,-2.2718890058368686,-2.142750561275181,-1.2456870981794825
2023-07,2023,7,Spanish Grand Prix,Nico Hülkenberg,hulkenberg,Haas F1 Team,7,0.0,1.2036167854158972,-1.4918465197601876,-0.5543621764048171,-6.4408542580411785,-6.311247268490802,-3.966350388900683,-3.432804722447809,-3.794603777642824,-3.19400362834996,0.005610972568578554,0.0088528678304239,-5.18303121109024,-4.72701382381925,-4.307917966769025
2023-07,2023,7,Spanish Grand Prix,Kevin Magnussen,kevin_magnussen,Haas F1 Team,17,0.0,-2.4202964249173573,-1.4293447096914274,-2.073835955138573,-6.507014095943051,-6.521522873388977,-3.9681794028172392,-4.297679414263775,-3.796353593578538,-3.9987138076573534,0.001371571072319202,0.0003740648379052,-6.59179842806219,-7.891081412192549,-5.444738921162982
2023-07,2023,7,Spanish Grand Prix,Charles Leclerc,leclerc,Ferrari,19,0.0,-3.036959633268866,2.9157385657251225,0.3630563689509291,-3.3295467616135443,-4.662661332403431,-0.2069040979442109,-2.149802481726251,-0.1979449606534858,-2.000252703559892,0.010099750623441397,0.0123441396508728,-4.5952445461881215,-4.394573850725972,-3.3725235139571863
2023-07,2023,7,Spanish Grand Prix,Max Verstappen,max_verstappen,Red Bull,1,1.0,4.753679357277864,4.453515536074887,5.511447006466707,-0.5597379006816185,0.599673940600883,1.9468888176966344,3.0555604735337947,1.8625867454765623,2.8430021595141985,0.4579800498753117,0.4128428927680798,-0.7809296550408928,-0.8846881633133139,1.137315409246451
2023-07,2023,7,Spanish Grand Prix,Lando Norris,norris,McLaren,3,0.0,3.23793293817168,-0.5310000440363234,0.9466050369545912,-5.478532145015813,-4.351650058957318,-3.0047660945260684,-1.7025225110013635,-2.874656965539006,-1.5840875077823522,0.037281795511221946,0.0360349127182044,-3.2892501274698738,-3.3232670127481305,-2.495886319235619
2023-07,2023,7,Spanish Grand Prix,Esteban Ocon,ocon,Alpine F1 Team,6,0.0,1.6539242302628303,0.9458721084674968,1.6064154104042747,-5.004884031277504,-4.618250787769777,-2.0295059614050035,-1.5059176886827512,-1.941626491055048,-1.401159387306867,0.03254364089775561,0.0370324189526184,-3.425173293537867,-3.295961562057862,-2.465545491110309
2023-07,2023,7,Spanish Grand Prix,Sergio Pérez,perez,Red Bull,11,0.0,-0.3907630336113085,2.686274271043916,1.2305399714074865,-2.0338660990916417,-4.168528602194433,0.326204085976137,-1.4689943153934737,0.3120791497371084,-1.3668045673295808,0.044014962593516206,0.0507481296758104,-3.1232256439272637,-2.9808805154179665,-2.296109979660369
2023-07,2023,7,Spanish Grand Prix,Oscar Piastri,piastri,McLaren,9,0.0,0.3723447549850235,-1.4222103722908983,-0.7138647133232328,-5.235347480278137,-5.274828197717969,-3.3287789262845178,-2.994346455520601,-3.18463974437669,-2.786046459598765,0.0036159600997506237,0.0031172069825436,-5.622397870874086,-5.770817875992373,-4.308372163197344
2023-07,2023,7,Spanish Grand Prix,George Russell,russell,Mercedes,12,0.0,-0.7526858298914729,1.9282100358454408,0.8445135882271696,-2.854875172404273,-4.461844261360602,-0.4633325682794161,-1.808665336566716,-0.4432698429311784,-1.682846568489222,0.02406483790523691,0.0283042394014962,-3.7270035119556746,-3.5647436833791595,-2.767834424261195
2023-07,2023,7,Spanish Grand Prix,Carlos Sainz,sainz,Ferrari,2,0.0,3.9085023482895993,2.5124506132973594,3.428871641607238,-3.8118557223784335,-3.488707218920559,-0.6497025545405375,-0.0299177886566603,-0.6215698377790114,-0.0278365748266163,0.19638403990024939,0.2003740648379052,-1.6276831496008266,-1.6075693351230478,-0.8288004691287435
2023-07,2023,7,Spanish Grand Prix,Logan Sargeant,sargeant,Williams,20,0.0,-3.336849227147481,-4.772666203038337,-4.907932995057014,-6.426351329773901,-6.547449513501877,-5.599508766406119,-5.727691254279446,-5.3570448988592405,-5.3292476931783925,0.0006234413965087282,0.0003740648379052,-7.38025578842646,-7.891081412192549,-6.553973521352953
2023-07,2023,7,Spanish Grand Prix,Lance Stroll,stroll,Aston Martin,5,0.0,2.135321271417375,0.320765396748945,1.2825650839761644,-5.23309537418869,-5.032526886205553,-2.4561649887198724,-1.8749809011146945,-2.3498107909961177,-1.7445489287770752,0.040773067331670826,0.03428927680798,-3.1997335299633067,-3.3729226031939903,-2.5373572155390005
2023-07,2023,7,Spanish Grand Prix,Yuki Tsunoda,tsunoda,AlphaTauri,15,0.0,-1.7776730467557913,-1.8730922021460232,-2.079667176959931,-6.431200333574062,-6.540754865356878,-4.152146267860043,-4.310211021158405,-3.972354524561848,-4.01037366049686,0.0028678304239401495,0.0021197007481296,-5.854199484931411,-6.15648035680438,-5.082205253044908
2023-07,2023,7,Spanish Grand Prix,Guanyu Zhou,zhou,Alfa Romeo,13,0.0,-1.103689048162202,-1.6582402393643776,-1.6185424533186834,-6.431200333574062,-6.568545429573362,-4.04472028646922,-4.093543941446023,-3.869580186736493,-3.808778902070907,0.0018703241895261845,0.0033665835411471,-6.28164349975835,-5.69385683485624,-5.1875937206021865
2023-08,2023,8,Canadian Grand Prix,Alexander Albon,albon,Williams,9,0.0,0.3710673609371666,-2.790029148878441,-1.6911802462422685,-6.47494182454363,-5.493838106519158,-4.632485486711035,-3.5925091763807133,-4.460734355707557,-3.356740289155556,0.004862842892768079,0.0046134663341645,-5.326132054730914,-5.3787757882163545,-4.459320615555814
2023-08,2023,8,Canadian Grand Prix,Fernando Alonso,alonso,Aston Martin,2,0.0,3.916787873019656,2.010516943548492,3.139686721401136,-3.489309948482586,-2.959270304187734,-0.739396502467047,0.0902082086067008,-0.7119831007579587,0.0842880319508952,0.11458852867830421,0.1238154613466334,-2.1664075785048733,-2.0889630368153878,-1.0380996849490862
2023-08,2023,8,Canadian Grand Prix,Valtteri Bottas,bottas,Alfa Romeo,14,0.0,-1.4485545531227833,-1.607061719415418,-2.4783580863596257,-6.426694553235303,-6.485151345538526,-4.016878136325361,-4.481754715949076,-3.8679508779462224,-4.187626497949658,0.0011221945137157106,0.0006234413965087,-6.792469123524341,-7.380255788426505,-5.637111919736708
2023-08,2023,8,Canadian Grand Prix,Nyck de Vries,de_vries,AlphaTauri,17,0.0,-2.4244575551169145,-1.9401227375742924,-3.131555911628052,-6.3975382986819405,-6.467563543739883,-4.168830518128116,-4.799559727683967,-4.014269568395132,-4.48457462935591,0.0013715710723192019,0.0006234413965087,-6.59179842806219,-7.380255788426505,-5.695679077873079
2023-08,2023,8,Canadian Grand Prix,Pierre Gasly,gasly,Alpine F1 Team,15,0.0,-1.781471069814138,0.2811220479321321,-1.2186904630656723,-4.495365437462792,-5.6328443639902375,-2.10712169476533,-3.425767413527955,-2.028999370307741,-3.2009414405590007,0.002618453865336658,0.0033665835411471,-5.945171263137137,-5.69385683485624,-4.685469338332546
2023-08,2023,8,Canadian Grand Prix,Lewis Hamilton,hamilton,Mercedes,3,0.0,3.2437866258504915,2.521545985116442,2.7058153465031185,-2.29672012645288,-2.885631705991335,0.1124129293317812,-0.0899081797441081,0.1082451779578087,-0.0840076933570244,0.14750623441396507,0.1554862842892768,-1.9138848368821735,-1.8611977551805239,-1.0018965083131408
2023-08,2023,8,Canadian Grand Prix,Nico Hülkenberg,hulkenberg,Haas F1 Team,5,0.0,2.137848126359923,-1.7829477993916665,-0.4007136739887258,-6.20135398306754,-5.586136699768321,-3.992150891229604,-2.9934251868785235,-3.844140404705224,-2.796972932854464,0.009850374064837903,0.0160847880299251,-4.620245848393539,-4.129881296498893,-3.8068355176360313
2023-08,2023,8,Canadian Grand Prix,Kevin Magnussen,kevin_magnussen,Haas F1 Team,13,0.0,-1.106921906166656,-1.6665956020847603,-1.9588912264859093,-6.309904787871774,-6.333727830558079,-3.988250194978267,-4.146309528521994,-3.840384328225453,-3.8741958788039006,0.0013715710723192019,0.0006234413965087,-6.59179842806219,-7.380255788426505,-5.369053978292092
2023-08,2023,8,Canadian Grand Prix,Charles Leclerc,leclerc,Ferrari,10,0.0,-0.0182864955067775,2.0620678757389608,1.0229150830225904,-3.0832249248052834,-5.020144950073783,-0.5105785245331613,-1.9986149335255965,-0.4916486348861854,-1.867450002349656,0.024563591022443883,0.0298004987531172,-3.706489972122572,-3.5132301489290496,-2.852552452824084
2023-08,2023,8,Canadian Grand Prix,Max Verstappen,max_verstappen,Red Bull,1,1.0,4.765521723809712,4.89203735343801,5.768501745265985,-0.055200029116839,0.0728570060368331,2.418418662160585,2.920679375651409,2.328754886276659,2.729001277550477,0.4592269326683291,0.4150872817955112,-0.7782107844154951,-0.8792664632855354,1.0712342956179568
2023-08,2023,8,Canadian Grand Prix,Lando Norris,norris,McLaren,7,0.0,1.203917970409445,-0.4421906748182725,0.2047289712930757,-5.163471950373687,-5.213509337643686,-2.80283131259598,-2.504390183175305,-2.6989152940069827,-2.3400322768554367,0.018079800498753115,0.0193266832917705,-4.0129599584399855,-3.9462685839413174,-3.2586750708076453
2023-08,2023,8,Canadian Grand Prix,Esteban Ocon,ocon,Alpine F1 Team,6,0.0,1.655238094384956,0.8240379445953134,0.9987787662009404,-4.362217666416892,-4.966455241159808,-1.769089860910789,-1.9838382374794337,-1.703500193046781,-1.8536430700570763,0.02830423940149625,0.0295511221945137,-3.5647436833791577,-3.5216335597254296,-2.774290960429296
2023-08,2023,8,Canadian Grand Prix,Sergio Pérez,perez,Red Bull,12,0.0,-0.7555458304438996,3.032667154143626,1.1649010304209364,-1.4342453145257643,-4.4255771063328,0.7992109198089308,-1.6303380379559318,0.7695798762187717,-1.5233423516159,0.03179551122194513,0.0405236907730673,-3.4484301557021344,-3.2058685185308233,-2.539384096829033
2023-08,2023,8,Canadian Grand Prix,Oscar Piastri,piastri,McLaren,8,0.0,0.7773701151603605,-1.345239967239754,-0.5225363201681689,-5.129208497320719,-5.105867263517891,-3.2372242322802367,-2.81420179184303,-3.117202933821568,-2.6295115955723776,0.008603491271820448,0.0073566084788029,-4.755587196263301,-4.912156256954853,-3.7848944940531655
2023-08,2023,8,Canadian Grand Prix,George Russell,russell,Mercedes,4,0.0,2.6617512680064053,1.885908937716792,2.0125353994030406,-2.7308642115844446,-4.476395680105347,-0.4224776369338262,-1.2319301403511531,-0.4068141206259579,-1.1510811336904831,0.11658354114713214,0.120074812967581,-2.1491471715718733,-2.119640289062435,-1.6905386559615132
2023-08,2023,8,Canadian Grand Prix,Carlos Sainz,sainz,Ferrari,11,0.0,-0.3931798213708515,2.057764247205884,0.9960668581267534,-3.6359127071160464,-5.661865657540859,-0.7890742299550813,-2.3328993997070526,-0.759819007930262,-2.179796075965151,0.024563591022443883,0.0293017456359102,-3.706489972122572,-3.530108186716402,-3.0196946859148124
2023-08,2023,8,Canadian Grand Prix,Logan Sargeant,sargeant,Williams,18,0.0,-2.7358745452307978,-5.026593973845246,-4.927965303091917,-6.394590382109613,-6.338409141950138,-5.71059217797743,-5.633187222521028,-5.49886983840814,-5.26349288973639,0.0001246882793017456,0.0003740648379052,-8.98969370086056,-7.891081412192549,-7.311440461690793
2023-08,2023,8,Canadian Grand Prix,Lance Stroll,stroll,Aston Martin,16,0.0,-2.1065299973980047,0.4522592797660792,-0.6414472505344828,-4.925998363626391,-5.828808192384192,-2.236869541930156,-3.235127721459337,-2.1539367675402894,-3.0228130340162407,0.002618453865336658,0.0021197007481296,-5.945171263137137,-6.15648035680438,-4.590149492298237
2023-08,2023,8,Canadian Grand Prix,Yuki Tsunoda,tsunoda,AlphaTauri,19,0.0,-3.041316608047466,-1.6540731813206824,-3.124589344936264,-6.512333650873188,-6.497843863879485,-4.083203416096936,-4.811216604407875,-3.931817123178441,-4.495466489563844,0.001870324189526184,0.0006234413965087,-6.28164349975835,-7.380255788426505,-5.546430052083112
2023-08,2023,8,Canadian Grand Prix,Guanyu Zhou,zhou,Alfa Romeo,20,0.0,-3.3412497319569017,-1.978743852783852,-3.767900635698579,-6.533727389769318,-6.5199185262236,-4.256235621276585,-5.14390958096109,-4.098434094673088,-4.806325519697304,0.0003740648379052368,0.0006234413965087,-7.891081412192451,-7.380255788426505,-6.51749549657677
2023-09,2023,9,Austrian Grand Prix,Alexander Albon,albon,Williams,10,0.0,-0.0201671439432085,-2.4002058519589764,-1.6669672318882514,-6.1813546949954175,-6.26926561706669,-4.290780273477197,-3.968116424477471,-4.155834403205734,-3.7225246467013977,0.0016209476309226932,0.0018703241895261,-6.4247443433990234,-6.281643499758395,-5.196430383938248
2023-09,2023,9,Austrian Grand Prix,Fernando Alonso,alonso,Aston Martin,7,0.0,1.204220952332015,2.1687924248932235,2.541342497291996,-3.068612596764729,-3.9621155778839072,-0.4499100859357527,-0.7103865402959559,-0.435760326633045,-0.6664198128422745,0.027057356608478803,0.03428927680798,-3.6097963473201005,-3.3729226031939903,-2.160091443808028
2023-09,2023,9,Austrian Grand Prix,Valtteri Bottas,bottas,Alfa Romeo,14,0.0,-1.4520781573777346,-1.853858579301336,-2.2797814618810617,-6.24557524588843,-6.586088342223838,-4.049716912594883,-4.43293490205245,-3.9223525316916623,-4.158574916885426,0.0008728179551122195,0.0006234413965087,-7.043783551805247,-7.380255788426505,-5.738359226928848
2023-09,2023,9,Austrian Grand Prix,Nyck de Vries,de_vries,AlphaTauri,20,0.0,-3.345629587612835,-2.836872883918013,-3.372310587743529,-6.461821160207644,-6.595208895691618,-4.649347022062829,-4.983759741717574,-4.503124158131869,-4.675308505905253,0.0008728179551122195,0.0011221945137157,-7.043783551805247,-6.79246912352435,-6.013771646761411
2023-09,2023,9,Austrian Grand Prix,Pierre Gasly,gasly,Alpine F1 Team,9,0.0,0.3697997373290717,-0.1105758403643956,-0.0978798774033179,-5.443649305889373,-5.546136932669088,-2.7771125731268844,-2.822008405036202,-2.6897718450688783,-2.6473507118252164,0.009600997506234414,0.0100997506234413,-4.6458882790068765,-4.595244546188131,-3.7339483420215394
2023-09,2023,9,Austrian Grand Prix,Lewis Hamilton,hamilton,Mercedes,5,0.0,2.1403649662742694,2.212884478260109,2.0077996757360843,-2.5467516883677086,-3.5016709964887838,-0.1669336050537997,-0.7469356603763495,-0.1616835108574632,-0.7007068613460063,0.08266832917705735,0.0961346633416458,-2.4929187106746977,-2.3420053272972314,-1.6199271855255235
2023-09,2023,9,Austrian Grand Prix,Nico Hülkenberg,hulkenberg,Haas F1 Team,8,0.0,0.7768233761859678,-1.9597191091344808,-0.9870884913736078,-6.054871111962505,-5.921997947313222,-4.007295110548493,-3.4545432193434147,-3.8812649035322497,-3.240737141122172,0.003117206982543641,0.0071072319201995,-5.77081787599236,-4.94664243302601,-4.612680547667887
2023-09,2023,9,Austrian Grand Prix,Kevin Magnussen,kevin_magnussen,Haas F1 Team,19,0.0,-3.0456524966941894,-2.062289543300784,-2.67228317366036,-6.316456019334972,-6.395633967618238,-4.189372781317879,-4.533958570639299,-4.057616196306739,-4.253346101998589,0.0008728179551122195,0.0003740648379052,-7.043783551805247,-7.891081412192549,-5.788871061222273
2023-09,2023,9,Austrian Grand Prix,Charles Leclerc,leclerc,Ferrari,2,0.0,3.925031308729666,2.2724091061016485,3.040719164734499,-3.111541624320204,-2.990420502515905,-0.4195662591092777,0.0251493311092969,-0.4063708190346545,0.0235928069864381,0.19089775561097258,0.1894014962593516,-1.6560173052028764,-1.6638861982647875,-0.8154339870467897
2023-09,2023,9,Austrian Grand Prix,Max Verstappen,max_verstappen,Red Bull,1,1.0,4.777301597859932,4.91659489044078,6.0745473309454505,0.0999286961255966,1.1058878840894193,2.508261793283188,3.590217607517435,2.429376474299245,3.3680144686694424,0.4307980049875312,0.4031172069825436,-0.8421159646587899,-0.9085279231351272,1.3740508214293226
2023-09,2023,9,Austrian Grand Prix,Lando Norris,norris,McLaren,4,0.0,2.665737380742504,-0.9844756363713418,-0.0511153850986289,-4.445901047045925,-4.528158278824243,-2.7151883417086333,-2.289636831961436,-2.629795142716909,-2.1479282932314936,0.027556109725685785,0.0365336658354114,-3.5915309993428073,-3.3095210918434947,-2.9405839156521214
2023-09,2023,9,Austrian Grand Prix,Esteban Ocon,ocon,Alpine F1 Team,12,0.0,-0.7583887583475345,0.6005024952207834,0.5533997276271584,-4.695189796422564,-5.360705122004896,-2.04734365060089,-2.403652697188869,-1.9829542964354312,-2.2548875713932968,0.00486284289276808,0.0036159600997506,-5.3261320547309134,-5.622397870874092,-3.864892375959891
2023-09,2023,9,Austrian Grand Prix,Sergio Pérez,perez,Red Bull,15,0.0,-1.7852485415905388,2.831428314864184,1.6360404529780683,-1.990089314841472,-2.855462424589809,0.4206695000113559,-0.6097109858058702,0.4074393627967813,-0.5719751966012014,0.015087281795511222,0.0128428927680798,-4.193903155263819,-4.354964712630925,-2.401807070534845
2023-09,2023,9,Austrian Grand Prix,Oscar Piastri,piastri,McLaren,13,0.0,-1.1101361749796976,-1.2720153447854536,-1.470284586361004,-4.586691279365603,-5.317232865759385,-2.929353312075528,-3.3937587260601942,-2.837224583304648,-3.183714677519976,0.004114713216957606,0.0026184538653366,-5.49318613939408,-5.945171263137159,-4.4434724327271375
2023-09,2023,9,Austrian Grand Prix,George Russell,russell,Mercedes,11,0.0,-0.3955814703615832,1.55866510782735,0.8322797455163419,-3.44340243937386,-4.622885157752248,-0.9423686657732546,-1.895302706117953,-0.9127309887974832,-1.7780000085085692,0.01683291770573566,0.0170822942643391,-4.084418922422131,-4.069712775032438,-2.989860814270042
2023-09,2023,9,Austrian Grand Prix,Carlos Sainz,sainz,Ferrari,3,0.0,3.2496119546109163,2.257920150525061,2.990902580600678,-3.579692331489544,-3.01273810288836,-0.6608860904822416,-0.0109177611438409,-0.6401010949927948,-0.0102420470059918,0.15074812967581047,0.1497506234413965,-1.8921448502457676,-1.8987838787805766,-0.9515313056948043
2023-09,2023,9,Austrian Grand Prix,Logan Sargeant,sargeant,Williams,18,0.0,-2.740131408949736,-3.901255108302619,-3.767441657347218,-6.441891998457018,-6.532716580375271,-5.171573553379819,-5.150079118861244,-5.00892656393886,-4.831334165037184,0.001371571072319202,0.0006234413965087,-6.59179842806219,-7.380255788426505,-5.870938773461717
2023-09,2023,9,Austrian Grand Prix,Lance Stroll,stroll,Aston Martin,6,0.0,1.6565484435669906,0.4473375518883421,1.502071790623439,-5.09648249282935,-4.8720841013510725,-2.324572470470504,-1.6850061553638167,-2.2514642162502256,-1.580718979033319,0.027306733167082296,0.0312967581047381,-3.6006219710440592,-3.464240761728778,-2.642814063203938
2023-09,2023,9,Austrian Grand Prix,Yuki Tsunoda,tsunoda,AlphaTauri,16,0.0,-2.1105113323803635,-2.398458933270397,-2.646876771263852,-6.47320205041426,-6.5741564118280325,-4.435830491842329,-4.610516591545943,-4.296322764122388,-4.325165849516504,0.0028678304239401495,0.0008728179551122,-5.854199484931411,-7.043783551805269,-5.232358038238678
2023-09,2023,9,Austrian Grand Prix,Guanyu Zhou,zhou,Alfa Romeo,17,0.0,-2.4285973705213104,-2.367496632684678,-2.943115343624941,-6.47320205041426,-6.602026406303844,-4.4203493415494695,-4.7725708749643925,-4.281328499003301,-4.477190387004249,0.0008728179551122195,0.0006234413965087,-7.043783551805247,-7.380255788426505,-5.908177213384819
2023-10,2023,10,British Grand Prix,Alexander Albon,albon,Williams,8,0.0,0.7762827517433181,-2.1159687591208907,-0.8690450579293602,-6.118991649428285,-6.223094424717178,-4.117480204274588,-3.546069741323269,-4.009867778377949,-3.3375280189379293,0.008104738154613466,0.0091022443890274,-4.815306430964923,-4.699234259712172,-4.180688086144096
2023-10,2023,10,British Grand Prix,Fernando Alonso,alonso,Aston Martin,9,0.0,0.3685417787197137,2.0463886231177253,1.7499475896719372,-3.2179946737724605,-4.945381335978867,-0.5858030253273676,-1.597716873153465,-0.5704927672264001,-1.503756332916823,0.02630922693266833,0.0372817955112219,-3.6378355673844935,-3.289250127469875,-2.617776220268979
2023-10,2023,10,British Grand Prix,Valtteri Bottas,bottas,Alfa Romeo,20,0.0,-3.34998913413458,-1.649095345516659,-2.7902252323491483,-6.228637485865155,-6.522168267566808,-3.938866415690907,-4.656196749957978,-3.835922151420916,-4.382369284387909,0.0011221945137157108,0.0013715710723192,-6.792469123524341,-6.591798428062191,-5.72433293674116
2023-10,2023,10,British Grand Prix,Nyck de Vries,de_vries,AlphaTauri,18,0.0,-2.7443672870334828,-3.2216292332719325,-4.045994251913135,-6.4694226259422,-6.645150006928879,-4.845525929607066,-5.345572129421007,-4.718885660762847,-5.031203010840578,0.0011221945137157108,0.0013715710723192,-6.792469123524341,-6.591798428062191,-6.069020626472674
2023-10,2023,10,British Grand Prix,Pierre Gasly,gasly,Alpine F1 Team,10,0.0,-0.0220352130126683,-0.3745541753023544,-0.2663359507009227,-5.501917976323136,-5.829809612180367,-2.9382360758127453,-3.048072781440645,-2.8614437911414123,-2.8688178896402645,0.01633416458852868,0.021072319201995,-4.114496377659409,-3.859794985937487,-3.5812845795500268
2023-10,2023,10,British Grand Prix,Lewis Hamilton,hamilton,Mercedes,7,0.0,1.204525738512778,1.9745990078955424,1.881715217900227,-2.81829381489449,-3.7942107108285854,-0.4218474034994738,-0.9562477464641792,-0.4108222084295257,-0.9000115281656852,0.06172069825436409,0.0781795511221945,-2.78513593829187,-2.5487471602276397,-1.8706918423780245
2023-10,2023,10,British Grand Prix,Nico Hülkenberg,hulkenberg,Haas F1 Team,11,0.0,-0.3979681683264755,-1.7165517746479029,-1.8056190550081053,-6.155130223832382,-6.467705029334841,-3.9358409992401424,-4.136662042171473,-3.832975805757979,-3.89338802611149,0.004364089775561097,0.005361596009975,-5.434345639371147,-5.228493585167009,-4.78550384077131
2023-10,2023,10,British Grand Prix,Kevin Magnussen,kevin_magnussen,Haas F1 Team,19,0.0,-3.049967634579908,-1.951335319860714,-3.4537779778856432,-6.395408782552254,-6.611390168024351,-4.173372051206484,-5.032584072954997,-4.06429886364548,-4.736621549039315,0.0008728179551122195,0.0003740648379052,-7.043783551805247,-7.891081412192549,-6.038183812380122
2023-10,2023,10,British Grand Prix,Charles Leclerc,leclerc,Ferrari,4,0.0,2.6697056793858445,2.3946194846635063,2.8528001369387423,-2.05364446918997,-3.2923920739003307,0.1704875077367682,-0.2197959684807942,0.1660317305666487,-0.2068699311538368,0.12032418952618454,0.1405236907730673,-2.117565599521574,-1.962379186820784,-1.1686807840011841
2023-10,2023,10,British Grand Prix,Max Verstappen,max_verstappen,Red Bull,1,1.0,4.78901979719237,4.953798019344738,5.847538118006841,0.1400730350774212,0.8907349121560922,2.54693552721108,3.3691365150814665,2.480370080120167,3.171000104051873,0.4337905236907731,0.3298004987531172,-0.835193525708618,-1.1092673565681606,1.2669714946864241
2023-10,2023,10,British Grand Prix,Lando Norris,norris,McLaren,2,0.0,3.933233224800909,-0.725478603112713,1.273240254726302,-4.856157300110336,-3.2281472176949206,-2.7908179516115244,-0.9774534814843092,-2.7178785141135564,-0.9199701696912878,0.06471321695760598,0.061720698254364,-2.7377898176946713,-2.7851359382918712,-1.8576216495894902
2023-10,2023,10,British Grand Prix,Esteban Ocon,ocon,Alpine F1 Team,13,0.0,-1.113332102215852,0.1738275795589897,-0.4194396130470518,-4.80156241565349,-5.78496364130364,-2.3138674180472503,-3.102201627175346,-2.2533933237696977,-2.919763458241777,0.00910224438902743,0.0108478802992518,-4.699234259712169,-4.523785582205983,-3.900717943443757
2023-10,2023,10,British Grand Prix,Sergio Pérez,perez,Red Bull,15,0.0,-1.7890057521646574,2.801490390631266,0.4913976373841899,-1.5987301321965686,-4.227138791110689,0.6013801292173486,-1.8678705768632493,0.5856627556343674,-1.7580224983687185,0.033541147132169574,0.0392768079800498,-3.394982321258721,-3.237121062034929,-2.631426449060985
2023-10,2023,10,British Grand Prix,Oscar Piastri,piastri,McLaren,3,0.0,3.2554093234982737,-1.4079212254995732,0.2971001456682542,-4.993434392915902,-3.7964885451907673,-3.200677809207738,-1.7496941997612565,-3.117026477209879,-1.646795986053342,0.03678304239401496,0.0422693266832917,-3.3027183445207404,-3.1636935934801116,-2.5262062721409984
2023-10,2023,10,British Grand Prix,George Russell,russell,Mercedes,6,0.0,1.6578553570207375,1.4261981297627924,1.564351823504674,-3.5210530260278627,-3.925420868549267,-1.0474274481325352,-1.1805345225222963,-1.020052402460852,-1.1111081658454296,0.0672069825436409,0.0761845386533665,-2.699978129951563,-2.574596741688966,-1.9402563262369297
2023-10,2023,10,British Grand Prix,Carlos Sainz,sainz,Ferrari,5,0.0,2.1428719561513683,2.22626806926911,2.417868374559286,-3.240312143952616,-4.226676163014588,-0.5070220373417529,-0.9044038942276508,-0.493770760173557,-0.8512165742952849,0.09264339152119701,0.119077306733167,-2.378997656142801,-2.1279823603798307,-1.641700775185226
2023-10,2023,10,British Grand Prix,Logan Sargeant,sargeant,Williams,14,0.0,-1.4555822966832128,-3.593417524920014,-2.8825610094635565,-6.446838548607635,-6.593941743742207,-5.0201280367638255,-4.738251376602882,-4.888924453614343,-4.459598339507583,0.002369077306733167,0.0038653366583541,-6.0452547216941195,-5.555706496375418,-5.391753049148501
2023-10,2023,10,British Grand Prix,Lance Stroll,stroll,Aston Martin,12,0.0,-0.7612148337215586,0.4280581330372034,0.0148219301788739,-5.011162130582017,-5.980757414632032,-2.2915519987724067,-2.982967742226579,-2.231661129254641,-2.807541629329064,0.014089775561097256,0.0188279301745635,-4.26230588214822,-3.972413864045641,-3.622636812187399
2023-10,2023,10,British Grand Prix,Yuki Tsunoda,tsunoda,AlphaTauri,16,0.0,-2.1144719048060225,-2.755089152599373,-3.4206955236960987,-6.4694226259422,-6.615412994473142,-4.612255889270787,-5.018054259084621,-4.4917122508131655,-4.72294622270909,0.002369077306733167,0.0013715710723192,-6.0452547216941195,-6.591798428062191,-5.53165449038937
2023-10,2023,10,British Grand Prix,Guanyu Zhou,zhou,Alfa Romeo,17,0.0,-2.432716189657687,-2.082388770771822,-2.930265229079692,-6.470946151325704,-6.6102158349686215,-4.2766674610487625,-4.7702405320241565,-4.164894595751464,-4.489706236505914,0.003117206982543641,0.0021197007481296,-5.77081787599236,-6.15648035680438,-5.270529204008258
2023-11,2023,11,Hungarian Grand Prix,Alexander Albon,albon,Williams,16,0.0,-2.1184120135374287,-1.5968232032857572,-2.1643200681500714,-6.168885109682416,-6.429343261613121,-3.882854156484087,-4.296831664881596,-3.801533528974615,-4.05671390192091,0.002119700748129676,0.0013715710723192,-6.1564803568043445,-6.591798428062191,-5.22665601084297
2023-11,2023,11,Hungarian Grand Prix,Fernando Alonso,alonso,Aston Martin,8,0.0,0.7757481880087916,1.8280838466656348,1.970680521511224,-3.4171446913798893,-4.3113860561509165,-0.7945304223571272,-1.1703527673198462,-0.777890159829226,-1.104950510428911,0.03927680798004988,0.0457605985037406,-3.237121062034927,-3.084331852805991,-2.2037369146773864
2023-11,2023,11,Hungarian Grand Prix,Valtteri Bottas,bottas,Alfa Romeo,7,0.0,1.2048323346644552,-1.9440271833620248,-0.4425602788908316,-6.498119166452245,-5.741416505666335,-4.221073174907135,-3.091988392278583,-4.132669051158724,-2.91920030241172,0.00885286783042394,0.0083541147132169,-4.727013823819245,-4.785001081469601,-3.9095011080489144
2023-11,2023,11,Hungarian Grand Prix,Pierre Gasly,gasly,Alpine F1 Team,15,0.0,-1.7927429852718233,-0.7328534397529034,-1.5931588265648196,-5.3466975578988425,-6.086530189857215,-3.0397754988258727,-3.8398445082110175,-2.9761119047041005,-3.625264337206363,0.007855361596009976,0.006359102244389,-4.846558974469027,-5.057868068136239,-4.343201741340023
2023-11,2023,11,Hungarian Grand Prix,Lewis Hamilton,hamilton,Mercedes,1,0.0,4.800677123328514,2.217570454358329,3.989560451312768,-2.614211010419366,-0.6178883566392951,-0.1983202780305184,1.6858360473367362,-0.19416675363652,1.5916272879586473,0.24276807980049875,0.2155860349127182,-1.4156486954883605,-1.5343952151772697,0.13509367592418786
2023-11,2023,11,Hungarian Grand Prix,Nico Hülkenberg,hulkenberg,Haas F1 Team,10,0.0,-0.0238908504774281,-2.0280685608398987,-1.4042330435178767,-6.200554044649348,-6.1833740306142495,-4.114311302744623,-3.793803537066063,-4.028143148231329,-3.581796251354128,0.004364089775561097,0.0071072319201995,-5.434345639371147,-4.94664243302601,-4.614074588218605
2023-11,2023,11,Hungarian Grand Prix,Kevin Magnussen,kevin_magnussen,Haas F1 Team,19,0.0,-3.0542623482746127,-2.364009440309516,-3.119013641499795,-6.467965050458626,-6.393195498924554,-4.415987245384071,-4.756104570212174,-4.323500935212269,-4.490321481910083,0.001371571072319202,0.0011221945137157,-6.59179842806219,-6.79246912352435,-5.673951499137182
2023-11,2023,11,Hungarian Grand Prix,Charles Leclerc,leclerc,Ferrari,6,0.0,1.6591589108350349,2.191928052130752,2.091999621305596,-3.612565361087517,-4.340102335851226,-0.7103186544783826,-1.1240513572728148,-0.6954420826613843,-1.0612365396556322,0.07119700748129676,0.0928927680798005,-2.64230449120455,-2.3763094824810005,-1.8831779242386824
2023-11,2023,11,Hungarian Grand Prix,Max Verstappen,max_verstappen,Red Bull,2,1.0,3.9413941784796434,4.770252977202438,5.258254000157915,-0.1021556892653683,0.2262542984342845,2.334048643968535,2.7422541492961,2.285165453223863,2.5890100887525307,0.34551122194513717,0.3180798004987531,-1.0627301559975817,-1.1454529827187487,0.8397619966492591
2023-11,2023,11,Hungarian Grand Prix,Lando Norris,norris,McLaren,3,0.0,3.2611791223801387,0.1588132597661221,1.4913800777497668,-4.576015928510001,-3.302852403422769,-2.20860133437194,-0.9057361628365012,-2.1623454516652827,-0.8551213474993288,0.07244389027431422,0.0754364089775561,-2.624942944008649,-2.584465242829719,-1.765339553422575
2023-11,2023,11,Hungarian Grand Prix,Esteban Ocon,ocon,Alpine F1 Team,12,0.0,-0.7640242727135884,-0.2874477550723612,-0.7274069251680669,-5.1180808450861255,-6.028275620178474,-2.7027643000792434,-3.3778412726732703,-2.64615890620278,-3.1890790047306803,0.011097256857855361,0.0135910224438902,-4.50105733112842,-4.298345818631422,-3.9394493019008454
2023-11,2023,11,Hungarian Grand Prix,Sergio Pérez,perez,Red Bull,9,0.0,0.3672933806079233,2.4916449476274902,1.6289516882821429,-2.444046889486769,-4.11240573408274,0.0237990290703606,-1.2417270229002986,0.0233005936668866,-1.1723361930515177,0.064214463840399,0.0786783042394015,-2.7455268001968243,-2.542387838319347,-1.9936269115485614
2023-11,2023,11,Hungarian Grand Prix,Oscar Piastri,piastri,McLaren,4,0.0,2.6736564262299045,-0.563528367898982,0.817999836826776,-4.913604983005362,-4.223740402701202,-2.738566675452172,-1.702870282937213,-2.681211453867966,-1.607709607620792,0.05548628428927681,0.0502493765586034,-2.89161941869432,-2.990757138913879,-2.2972448508157663
2023-11,2023,11,Hungarian Grand Prix,Daniel Ricciardo,ricciardo,AlphaTauri,13,0.0,-1.1165099306656334,-2.4977618302217173,-2.36861753194064,-6.5473291247391305,-6.545570940913478,-4.522545477480424,-4.457094236427059,-4.427827463012981,-4.208020597796319,0.002369077306733167,0.0018703241895261,-6.0452547216941195,-6.281643499758395,-5.251174479060589
2023-11,2023,11,Hungarian Grand Prix,George Russell,russell,Mercedes,18,0.0,-2.7485824995088013,1.5479744559989013,-0.5857623999464419,-3.238369959040884,-5.051604072207162,-0.8451977515209914,-2.818683236076802,-0.8274963368519639,-2.6611681258914928,0.00860349127182045,0.0115960099750623,-4.755587196263301,-4.457094207707308,-3.7871352161700518
2023-11,2023,11,Hungarian Grand Prix,Carlos Sainz,sainz,Ferrari,11,0.0,-0.4003400999613054,1.835340092075972,0.8896863206318516,-4.074040642971516,-5.317222640113716,-1.1193502754477722,-2.213768159740932,-1.09590714234675,-2.0900572258043946,0.031047381546134664,0.0410224438902743,-3.4722408043958524,-3.1936359500951887,-2.843004482068392
2023-11,2023,11,Hungarian Grand Prix,Logan Sargeant,sargeant,Williams,20,0.0,-3.354328702224771,-3.041240507050679,-3.744517850780032,-6.506539447470183,-6.596429450631842,-4.773889977260431,-5.170473650705937,-4.673907924634605,-4.881534575758746,0.0018703241895261845,0.0008728179551122,-6.28164349975835,-7.043783551805269,-5.726058575232143
2023-11,2023,11,Hungarian Grand Prix,Lance Stroll,stroll,Aston Martin,14,0.0,-1.4590672362091297,0.3116798594525817,-0.2681063697705584,-5.191145296719382,-5.713103493926787,-2.4397327186334,-2.9906049318486727,-2.388636131525346,-2.823482404800714,0.009850374064837904,0.0100997506234413,-4.620245848393539,-4.595244546188131,-3.8054253901211057
2023-11,2023,11,Hungarian Grand Prix,Yuki Tsunoda,tsunoda,AlphaTauri,17,0.0,-2.4368143233950863,-3.107902958125333,-3.490521026387968,-6.498808393356483,-6.551119104919024,-4.803355675740908,-5.020820065653496,-4.702756507716495,-4.74024400952213,0.0026184538653366584,0.0023690773067331,-5.945171263137137,-6.045254721694148,-5.482995664395316
2023-11,2023,11,Hungarian Grand Prix,Guanyu Zhou,zhou,Alfa Romeo,5,0.0,2.145369256147919,-2.5223508550930784,-0.4691737136156368,-6.50608931555878,-5.368966054230654,-4.514220085325929,-2.9190698839231453,-4.419676433862343,-2.75594491531378,0.017082294264339153,0.0175810473815461,-4.069712775032436,-4.040933810482394,-3.49439132947779
2023-12,2023,12,Belgian Grand Prix,Alexander Albon,albon,Williams,15,0.0,-1.7964509406338878,-1.9591251215488896,-4.493613138597029,-6.258847416003645,-6.374330036720317,-4.108986268776268,-5.433971587658673,-4.044291544436292,-5.151248918324553,0.0006234413965087282,0.0003740648379052,-7.38025578842646,-7.891081412192549,-6.407113688042567
2023-12,2023,12,Belgian Grand Prix,Fernando Alonso,alonso,Aston Martin,9,0.0,0.369809283432892,1.534660107549063,0.4951438218622976,-3.56512977417719,-5.022339243039134,-1.0152348333140635,-2.263597710588418,-0.9992502732826292,-2.145825584490147,0.019576059850374066,0.0265586034912718,-3.933447895512252,-3.6284015351511356,-3.098522803050335
2023-12,2023,12,Belgian Grand Prix,Valtteri Bottas,bottas,Alfa Romeo,13,0.0,-1.117948361089813,-1.5373605590344666,-3.304684134392076,-6.389125249680629,-6.469107971323492,-3.963242904357548,-4.886896052857784,-3.900842864440613,-4.632637031710117,0.0011221945137157108,0.0008728179551122,-6.792469123524341,-7.043783551805269,-5.839682588191062
2023-12,2023,12,Belgian Grand Prix,Pierre Gasly,gasly,Alpine F1 Team,12,0.0,-0.7643919124107901,-0.7651407700345457,-1.8208366956837136,-5.784297037600094,-5.614065268713656,-3.27471890381732,-3.717450982198685,-3.223159462408804,-3.5240367090742266,0.003366583541147132,0.0051122194513715,-5.6938568348562315,-5.276121634156266,-4.7056539085274585
2023-12,2023,12,Belgian Grand Prix,Lewis Hamilton,hamilton,Mercedes,3,0.0,3.266651766956084,2.260407118090654,2.444828375292221,-2.8076194542313924,-3.3708818160398244,-0.2736061680703692,-0.4630267203738014,-0.2692983231511645,-0.4389360257050226,0.13628428927680797,0.1357855361596009,-1.9930122126840217,-1.9966785779276004,-1.2280194665289115
2023-12,2023,12,Belgian Grand Prix,Nico Hülkenberg,hulkenberg,Haas F1 Team,20,0.0,-3.364284767559845,-2.11711443161241,-5.2094551276678605,-6.308603082159861,-6.432159164434431,-4.212858756886136,-5.820807146051146,-4.146528592185641,-5.517957911846781,0.00012468827930174563,0.0001246882793017,-8.98969370086056,-8.989693700860926,-7.405250423455852
2023-12,2023,12,Belgian Grand Prix,Kevin Magnussen,kevin_magnussen,Haas F1 Team,16,0.0,-2.1233101479566745,-2.4553807101656147,-4.242904784689937,-6.4923132230346265,-6.530379879736733,-4.473846966600121,-5.386642332213335,-4.403407622851808,-5.106382144182484,0.00012468827930174563,0.0003740648379052,-8.98969370086056,-7.891081412192549,-7.188168016536947
2023-12,2023,12,Belgian Grand Prix,Charles Leclerc,leclerc,Ferrari,1,0.0,4.804576014933391,2.14671568070431,3.176370911925156,-3.9309404153090526,-3.562134477167964,-0.892112367302371,-0.1928817826214039,-0.8780663326097073,-0.1828463874101929,0.20286783042394016,0.1724438902743142,-1.5952005936415223,-1.757683369195802,-0.8940411881314632
2023-12,2023,12,Belgian Grand Prix,Max Verstappen,max_verstappen,Red Bull,6,1.0,1.6638435928742752,5.120580314386448,5.473072155107222,0.1806585744920049,0.5719606215317783,2.6506194444392266,3.0225163883195005,2.6088862569639506,2.8652586832272284,0.15773067331670823,0.1781795511221945,-1.8468662996989396,-1.7249635229306928,0.5878250443102805
2023-12,2023,12,Belgian Grand Prix,Lando Norris,norris,McLaren,7,0.0,1.2088996243833998,0.9920076312504944,1.3110213682420775,-4.568540370918483,-5.1453026982898304,-1.7882663698339942,-1.9171406650238765,-1.7601106661457184,-1.817394260840324,0.023316708229426435,0.0290523690773067,-3.7585850840059734,-3.538655247294861,-2.837862874514925
2023-12,2023,12,Belgian Grand Prix,Esteban Ocon,ocon,Alpine F1 Team,14,0.0,-1.4616206586424614,-0.301017549763048,-2.216594041422894,-4.9560807607300426,-5.647336595028841,-2.6285491552465454,-3.931965318225868,-2.587163457682899,-3.7273901354952974,0.001371571072319202,0.0028678304239401,-6.59179842806219,-5.854199484931428,-5.261881873144029
2023-12,2023,12,Belgian Grand Prix,Sergio Pérez,perez,Red Bull,2,0.0,3.946478554010301,2.740728279118035,2.415687875719976,-1.8381980573075003,-2.3627085718204723,0.4512651109052674,0.0264896519497517,0.4441600806022678,0.0251114288604049,0.28017456359102244,0.2445137157107231,-1.272342428675231,-1.4084838746642143,-0.6229263883627396
2023-12,2023,12,Belgian Grand Prix,Oscar Piastri,piastri,McLaren,5,0.0,2.1505293831411008,0.225565367944742,1.2536182857368,-4.419223480059268,-4.500697949548639,-2.096829056057263,-1.6235398319059198,-2.0638151278286645,-1.539069107751014,0.031047381546134664,0.0362842892768079,-3.4722408043958524,-3.31637043368907,-2.547890318150886
2023-12,2023,12,Belgian Grand Prix,Daniel Ricciardo,ricciardo,AlphaTauri,19,0.0,-3.06291425078307,-2.54800644786374,-4.824752614363407,-6.5141169720855645,-6.54467794512084,-4.531061709974653,-5.684715279742123,-4.45972153769865,-5.388946733225736,0.0003740648379052369,0.0003740648379052,-7.891081412192451,-7.891081412192549,-6.787898345967287
2023-12,2023,12,Belgian Grand Prix,George Russell,russell,Mercedes,8,0.0,0.7790857054571902,1.40548734711786,1.155112781322327,-3.699730105272068,-4.957000428385002,-1.1471213790771038,-1.9009438235313376,-1.1290603059681912,-1.8020401205264136,0.029551122194513717,0.0462593516209476,-3.521633559725429,-3.0734916382531257,-2.7112886916283836
2023-12,2023,12,Belgian Grand Prix,Carlos Sainz,sainz,Ferrari,4,0.0,2.6791046710629134,1.9067087515595629,2.183608593223883,-3.9623071075520873,-4.576038841651406,-1.027799177996262,-1.1962151242137615,-1.011616796224243,-1.1339775641603276,0.09912718204488778,0.1061097256857855,-2.311351586206228,-2.243281572287186,-1.7537833552099948
2023-12,2023,12,Belgian Grand Prix,Logan Sargeant,sargeant,Williams,18,0.0,-2.755955230615009,-2.9091171823506587,-5.57260631764006,-6.474469879327839,-6.576318155434799,-4.691793530839249,-6.074462236537429,-4.617922685505875,-5.758415648773958,0.0003740648379052369,0.0001246882793017,-7.891081412192451,-8.989693700860926,-6.98277182436494
2023-12,2023,12,Belgian Grand Prix,Lance Stroll,stroll,Aston Martin,10,0.0,-0.0222734513291395,-0.0442448722212427,-0.2176542899738525,-5.17665121755287,-5.952774698331049,-2.610448044887056,-3.08521449415245,-2.5693473437357497,-2.9246946859083063,0.009600997506234414,0.0133416458852867,-4.6458882790068765,-4.31686486639866,-3.8655513865796634
2023-12,2023,12,Belgian Grand Prix,Yuki Tsunoda,tsunoda,AlphaTauri,11,0.0,-0.3996868050095809,-3.1665223553709407,-4.524581409865986,-6.504262564725909,-6.534323892114032,-4.835392460048425,-5.5294526509900095,-4.759260693764476,-5.241762222686151,0.0028678304239401495,0.0011221945137157,-5.854199484931411,-6.79246912352435,-5.69182606796071
2023-12,2023,12,Belgian Grand Prix,Guanyu Zhou,zhou,Alfa Romeo,17,0.0,-2.442934988490152,-2.115424163005494,-4.453966381931288,-6.504262564725909,-6.550563985917059,-4.309843363865702,-5.502265183924173,-4.241986206373471,-5.215989285147621,0.0003740648379052369,0.0001246882793017,-7.891081412192451,-8.989693700860926,-6.696673298058312
2023-13,2023,13,Dutch Grand Prix,Alexander Albon,albon,Williams,4,0.0,2.6570599982627168,-3.418570994081352,-1.0420455725421292,-6.521069244617896,-5.86100141918969,-4.969820119349624,-3.4515234958659096,-4.914056032841517,-3.283913490925051,0.031047381546134664,0.0330423940149625,-3.4722408043958524,-3.409963874874341,-3.461882150130881
2023-13,2023,13,Dutch Grand Prix,Fernando Alonso,alonso,Aston Martin,5,0.0,2.132922685346431,1.4660645712238156,1.257812901080721,-3.794925186121644,-4.867139503009514,-1.164430307448914,-1.8046633009643964,-1.1513647656711683,-1.7170267470908602,0.0669576059850374,0.0746882793017456,-2.7036956063516957,-2.5944321027451114,-2.254179453658046
2023-13,2023,13,Dutch Grand Prix,Valtteri Bottas,bottas,Alfa Romeo,18,0.0,-2.734256721148814,-2.770250165567082,-6.180882323901367,-6.486826556309655,-6.557220692214333,-4.628538360938369,-6.36905150805785,-4.576603641498415,-6.059762941425525,0.0018703241895261845,0.0006234413965087,-6.28164349975835,-7.380255788426505,-6.3253475039081
2023-13,2023,13,Dutch Grand Prix,Pierre Gasly,gasly,Alpine F1 Team,12,0.0,-0.7582798255695284,-1.5505720185576497,-4.046673624966141,-6.473793293777048,-6.6035660217800745,-4.012182656167349,-5.325119823373107,-3.967163783179624,-5.066525796423767,0.008354114713216957,0.006359102244389,-4.785001081469594,-5.057868068136239,-5.055060452421351
2023-13,2023,13,Dutch Grand Prix,Lewis Hamilton,hamilton,Mercedes,13,0.0,-1.1090361302389868,2.3271455865283643,-0.3536965664677723,-2.7129704984617398,-4.465031332808448,-0.1929124559666875,-2.4093639496381103,-0.1907478732202951,-2.292362427270708,0.017830423940149626,0.0153366583541147,-4.026849070600653,-4.177509345488144,-3.2181065101193815
2023-13,2023,13,Dutch Grand Prix,Nico Hülkenberg,hulkenberg,Haas F1 Team,14,0.0,-1.4500007799336474,-3.6187488041697424,-5.689284996545204,-6.579843243952674,-6.615340880085237,-5.099296024061209,-6.152312938315221,-5.042079147436425,-5.8535494493157,0.003117206982543641,0.0023690773067331,-5.77081787599236,-6.045254721694148,-5.96156540715379
2023-13,2023,13,Dutch Grand Prix,Kevin Magnussen,kevin_magnussen,Haas F1 Team,20,0.0,-3.337910387413077,-3.7131622055315208,-6.616554846358439,-6.509333623394638,-6.580931584656607,-5.111247914463079,-6.598743215507524,-5.053896931123304,-6.278300551773839,0.0011221945137157108,0.0003740648379052,-6.792469123524341,-7.891081412192549,-6.695606169515932
2023-13,2023,13,Dutch Grand Prix,Liam Lawson,lawson,AlphaTauri,19,0.0,-3.038851657294209,-3.2072831536712183,-6.547581783750478,-5.683319427404643,-6.161825247031742,-4.44530129053793,-6.35470351539111,-4.395422590752595,-6.046111704010385,0.0011221945137157108,0.0003740648379052,-6.792469123524341,-7.891081412192549,-6.573586319457725
2023-13,2023,13,Dutch Grand Prix,Charles Leclerc,leclerc,Ferrari,9,0.0,0.366832825221028,2.0804823591232604,1.1928003446744369,-2.41866345403578,-4.760294982264169,-0.1690905474562598,-1.783747318794866,-0.1671932594881617,-1.6971264694005193,0.03478802992518703,0.0504987531172069,-3.358481919039195,-2.9858066337540228,-2.57111461891703
2023-13,2023,13,Dutch Grand Prix,Max Verstappen,max_verstappen,Red Bull,1,1.0,4.764166464424483,5.036384028320319,6.0922136912984985,0.2727368801920597,1.2245380174114204,2.654560454256189,3.65837585435496,2.624774841244603,3.480720857725676,0.420573566084788,0.3410224438902743,-0.86613586579891,-1.0758069860044785,1.396119994278025
2023-13,2023,13,Dutch Grand Prix,Lando Norris,norris,McLaren,2,0.0,3.9135906558477913,0.5188527600809779,2.0859938440036547,-4.6280608172053554,-3.6120568903513206,-2.054604028562189,-0.7630315231738329,-2.031550253166462,-0.7259778228231385,0.0958852867830424,0.1041147132169576,-2.3446027313549163,-2.2622619760097047,-1.5538171272643746
2023-13,2023,13,Dutch Grand Prix,Esteban Ocon,ocon,Alpine F1 Team,16,0.0,-2.106515054700583,-1.0865218409898485,-4.564229056870043,-6.421459957629064,-6.573391615117565,-3.753990899309456,-5.568810335993804,-3.711869078351652,-5.298382413643399,0.004114713216957606,0.0021197007481296,-5.49318613939408,-6.15648035680438,-5.530998237693942
2023-13,2023,13,Dutch Grand Prix,Sergio Pérez,perez,Red Bull,7,0.0,1.1990878296923726,2.8050149775469317,2.0881340037945297,-1.955887288521192,-4.013615518448304,0.4245638445128697,-0.9627407573268868,0.4198000071133124,-0.915988943733382,0.08790523690773068,0.1108478802992518,-2.4314958980482912,-2.1995964653466564,-1.697118327687589
2023-13,2023,13,Dutch Grand Prix,Oscar Piastri,piastri,McLaren,8,0.0,0.7727876742294102,0.1111726696929977,0.34650363136733,-4.222715103843166,-5.175029490617681,-2.055771217075084,-2.4142629296251754,-2.032704345189014,-2.2970235070780927,0.027306733167082296,0.034788029925187,-3.6006219710440592,-3.3584819190391952,-3.0074424503346173
2023-13,2023,13,Dutch Grand Prix,George Russell,russell,Mercedes,3,0.0,3.239617259388283,1.4663369410339055,1.388326666995618,-3.8499430377636217,-3.586208531546581,-1.191803048364858,-1.0989409322754815,-1.1784303695367275,-1.0455750793965937,0.11708229426433915,0.1335411471321695,-2.1448782216522972,-2.013345630412812,-1.6219095769638894
2023-13,2023,13,Dutch Grand Prix,Carlos Sainz,sainz,Ferrari,6,0.0,1.6502828670415663,1.650251872615622,1.4301254455252674,-3.8375790901132594,-5.329494084519606,-1.0936636087488187,-1.9496843194971687,-1.0813921078444724,-1.8550053758899632,0.05324189526184538,0.0716957605985037,-2.932909687631936,-2.6353236600632104,-2.4412970035645523
2023-13,2023,13,Dutch Grand Prix,Logan Sargeant,sargeant,Williams,10,0.0,-0.0220892355120471,-4.551809404609037,-3.0961475173700346,-6.528103413262924,-6.430827389970972,-5.53995640893598,-4.763487453670503,-5.4777950829684166,-4.532166949376753,0.009600997506234414,0.0073566084788029,-4.6458882790068765,-4.912156256954853,-4.7046878663386895
2023-13,2023,13,Dutch Grand Prix,Lance Stroll,stroll,Aston Martin,11,0.0,-0.3964791916254889,-0.0275993734552844,-1.4027388859422358,-5.116828376220663,-5.915221318981733,-2.5722138748379733,-3.658980102461984,-2.543352235263664,-3.4812957628401566,0.012344139650872818,0.0088528678304239,-4.39457385072597,-4.72701382381925,-4.026776976593977
2023-13,2023,13,Dutch Grand Prix,Yuki Tsunoda,tsunoda,AlphaTauri,17,0.0,-2.423657284124405,-3.865503411829169,-6.304863338701743,-6.493283068906116,-6.525206872241227,-5.179393240367642,-6.415035105471485,-5.121277629383886,-6.103513521738472,0.0038653366583541147,0.0008728179551122,-5.555706496375414,-7.043783551805269,-5.98537080092345
2023-13,2023,13,Dutch Grand Prix,Guanyu Zhou,zhou,Alfa Romeo,15,0.0,-1.78220615788607,-3.498432509102932,-6.153042857110031,-6.493283068906116,-6.559189559613605,-4.995857789004524,-6.356116208361819,-4.939801545672178,-6.047455794963438,0.0018703241895261845,0.0011221945137157,-6.28164349975835,-6.79246912352435,-6.318879854060084
2023-14,2023,14,Italian Grand Prix,Alexander Albon,albon,Williams,6,0.0,1.6514924416860903,-3.727752777372782,-1.3952085831358514,-6.46847332452078,-5.354732563508433,-5.098113050946781,-3.374970573322142,-5.063340100701135,-3.21663015314456,0.01907730673316708,0.0198254364089775,-3.959255779468125,-3.9207894986403313,-3.6671131763951337
2023-14,2023,14,Italian Grand Prix,Fernando Alonso,alonso,Aston Martin,10,0.0,-0.0239427072975175,1.114320241048257,1.004691187190086,-4.651644766070889,-5.516562740898571,-1.7686622625113158,-2.2559357768542427,-1.7565986608922353,-2.150096092910235,0.02456359102244389,0.020573566084788,-3.7064899721225717,-3.883748226959981,-2.981212874488407
2023-14,2023,14,Italian Grand Prix,Valtteri Bottas,bottas,Alfa Romeo,14,0.0,-1.453392766844702,-4.942102245908659,-3.548796591520068,-6.21563561343055,-6.5569027743905135,-5.578868929669604,-5.052849682955291,-5.540816864174047,-4.815789736946411,0.005112219451371571,0.0023690773067331,-5.276121634156253,-6.045254721694148,-5.164485658555772
2023-14,2023,14,Italian Grand Prix,Pierre Gasly,gasly,Alpine F1 Team,17,0.0,-2.427596507097076,-2.422477788580633,-2.372068319602761,-6.404200801735582,-6.624022783909996,-4.413339295158107,-4.498045551756379,-4.383237014923426,-4.2870148458080495,0.004364089775561097,0.0041147132169576,-5.434345639371147,-5.493186139394082,-4.966195595563763
2023-14,2023,14,Italian Grand Prix,Lewis Hamilton,hamilton,Mercedes,8,0.0,0.7722081091341685,0.8389586968907139,1.0101847865826128,-4.468873272384155,-4.820695772903568,-1.8149572877467204,-1.9052554931604773,-1.802577919373736,-1.8158683566570264,0.041271820448877804,0.0455112219451371,-3.1875753254834973,-3.08979634727807,-2.5464154093219875
2023-14,2023,14,Italian Grand Prix,Nico Hülkenberg,hulkenberg,Haas F1 Team,13,0.0,-1.112143351841017,-4.962412502325517,-3.31690516700196,-6.5255110440068105,-6.609295210704865,-5.743961773166164,-4.963100188853412,-5.704783650799084,-4.730250938107818,0.00486284289276808,0.0046134663341645,-5.3261320547309134,-5.3787757882163545,-5.144616121792163
2023-14,2023,14,Italian Grand Prix,Kevin Magnussen,kevin_magnussen,Haas F1 Team,19,0.0,-3.0429442313388426,-5.113464608544275,-4.429422728917899,-6.480969076472776,-6.5985524619435365,-5.797216842508526,-5.513987595430718,-5.757675480672634,-5.25529286202596,0.0018703241895261845,0.0008728179551122,-6.28164349975835,-7.043783551805269,-5.897815547594535
2023-14,2023,14,Italian Grand Prix,Liam Lawson,lawson,AlphaTauri,12,0.0,-0.7610412180874823,-6.973158340361866,-4.461288040514406,-6.54840626638744,-6.57643719969211,-6.760782303374653,-5.518862620103258,-6.714668703243085,-5.259939169606526,0.0038653366583541147,0.0013715710723192,-5.555706496375414,-6.591798428062191,-5.537284558239336
2023-14,2023,14,Italian Grand Prix,Charles Leclerc,leclerc,Ferrari,3,0.0,3.2452136269583183,1.6309320428941314,2.510285046445445,-3.4916163168183174,-2.168015575057188,-0.930342136962093,0.1711347356941284,-0.9239965066246092,0.1631057631836764,0.09887780548628429,0.1083541147132169,-2.313870479225712,-2.2223505755951685,-1.071367871765792
2023-14,2023,14,Italian Grand Prix,Max Verstappen,max_verstappen,Red Bull,2,1.0,3.921548533797568,5.384399338404221,5.771981298961549,0.1367146982968853,0.4397955744183303,2.760557018350553,3.1058884366899395,2.741727951421262,2.9601722980137763,0.35224438902743144,0.3283042394014963,-1.0434300572800188,-1.1138145413642506,1.0312291897049604
2023-14,2023,14,Italian Grand Prix,Lando Norris,norris,McLaren,9,0.0,0.3655631959248235,0.4921730836385753,0.5434988940939571,-4.448810283689738,-4.886320685631785,-1.9783186000255812,-2.171410895768914,-1.9648249851211517,-2.069536788678318,0.0185785536159601,0.0178304239401496,-3.985747394915101,-4.026849070600655,-3.0785791453420073
2023-14,2023,14,Italian Grand Prix,Esteban Ocon,ocon,Alpine F1 Team,18,0.0,-2.7382913426155326,-2.32241338812082,-2.4470515636731607,-6.41525236228377,-6.610423617795155,-4.368832875202295,-4.528737590734158,-4.339034162093582,-4.316266934350034,0.003366583541147132,0.0026184538653366,-5.6938568348562315,-5.945171263137159,-5.111297212795195
2023-14,2023,14,Italian Grand Prix,Sergio Pérez,perez,Red Bull,5,0.0,2.135300555270025,2.910739322145201,2.795079755208925,-2.116189753315564,-3.621849472246584,0.3972747844148185,-0.4133848585188293,0.3945650727677336,-0.3939904576578787,0.1268079800498753,0.1504987531172069,-2.0650813048120003,-1.8938004797630292,-1.2392330816654147
2023-14,2023,14,Italian Grand Prix,Oscar Piastri,piastri,McLaren,7,0.0,1.199325208393006,0.1059260463385292,0.6816842535162343,-4.415414149073065,-4.770634185110479,-2.154744051367268,-2.0444749657971224,-2.1400470827160176,-1.9485561961089444,0.026558603491271822,0.034788029925187,-3.628401535151135,-3.3584819190391952,-2.836438250474129
2023-14,2023,14,Italian Grand Prix,George Russell,russell,Mercedes,4,0.0,2.660864954617922,0.1437956457434526,1.23173078907705,-4.919698282943328,-4.533271598238066,-2.3879513185999377,-1.6507704045805085,-2.37166370167954,-1.5733227131712455,0.09039900249376559,0.0931421446384039,-2.4035220460058855,-2.3736285157277437,-2.027146225293197
2023-14,2023,14,Italian Grand Prix,Carlos Sainz,sainz,Ferrari,1,0.0,4.77558719976787,1.3197690960068214,3.4468863440412423,-3.954704305691791,-1.592969425026749,-1.3174676048424847,0.9269584595072466,-1.308481488800015,0.8834691938153493,0.1614713216957606,0.1544887780548628,-1.823427726726922,-1.867633819231418,-0.44823463360983773
2023-14,2023,14,Italian Grand Prix,Logan Sargeant,sargeant,Williams,15,0.0,-1.7858282845907814,-4.676215774940895,-3.4989758915768205,-6.466603718848448,-6.143162347792909,-5.571409746894672,-4.821069119684865,-5.533408558613667,-4.594883411237444,0.003117206982543641,0.0021197007481296,-5.77081787599236,-6.15648035680438,-5.295943497838612
2023-14,2023,14,Italian Grand Prix,Lance Stroll,stroll,Aston Martin,20,0.0,-3.342026388550372,-0.9309703256761266,-2.1492960332573774,-6.144607568875421,-6.540608561313213,-3.5377889472757738,-4.344952297285295,-3.513658576329925,-4.141104128106596,0.004364089775561097,0.0023690773067331,-5.434345639371147,-6.045254721694148,-4.8896489683282205
2023-14,2023,14,Italian Grand Prix,Yuki Tsunoda,tsunoda,AlphaTauri,11,0.0,-0.3988258792217096,-5.492832113315561,-3.352989662515955,-6.481722511922285,-6.46838811723307,-5.987277312618923,-4.910688889874512,-5.94643959599357,-4.680298572302432,0.006109725685785536,0.0036159600997506,-5.097873402749934,-5.622397870874092,-5.004281146312223
2023-14,2023,14,Italian Grand Prix,Guanyu Zhou,zhou,Alfa Romeo,16,0.0,-2.1103180763114264,-5.307555208971452,-4.151092983532383,-6.559103043977556,-6.650533041608703,-5.933329126474504,-5.400813012570543,-5.892859376893799,-5.147427987980775,0.003117206982543641,0.0026184538653366,-5.77081787599236,-5.945171263137159,-5.585815444281451
2023-15,2023,15,Singapore Grand Prix,Alexander Albon,albon,Williams,14,0.0,-1.455947967471717,-2.472309349113921,-2.0441042146340798,-6.529228743786691,-6.579538023686171,-4.500769046450306,-4.311821119160125,-4.483910100979451,-4.124599116802983,0.00486284289276808,0.0021197007481296,-5.3261320547309134,-6.15648035680438,-4.818976586945519
2023-15,2023,15,Singapore Grand Prix,Fernando Alonso,alonso,Aston Martin,7,0.0,1.2033917149432996,0.4201094976821899,0.9319612735911316,-4.710926260830178,-5.484161481027525,-2.145408381573994,-2.2761001037181967,-2.137372127648413,-2.1772703964537112,0.04177057356608479,0.0427680798004987,-3.1755631690354935,-3.1519632536946216,-2.725831636376845
2023-15,2023,15,Singapore Grand Prix,Valtteri Bottas,bottas,Alfa Romeo,16,0.0,-2.1152129516460154,-3.956030066929283,-3.316822492853503,-6.4522054082279405,-6.620763867550171,-5.204117737578612,-4.968793180201837,-5.184624194084985,-4.753045035093929,0.002119700748129676,0.0023690773067331,-6.1564803568043445,-6.045254721694148,-5.562636768503091
2023-15,2023,15,Singapore Grand Prix,Pierre Gasly,gasly,Alpine F1 Team,12,0.0,-0.7614138065810053,-2.037226662530506,-0.967042646349409,-6.508361939992544,-6.315735664482031,-4.272794301261525,-3.64138915541572,-4.256789301807052,-3.4832777333047518,0.01059850374064838,0.0056109725685785,-4.547042444370244,-5.18303121109025,-4.094215799892982
2023-15,2023,15,Singapore Grand Prix,Lewis Hamilton,hamilton,Mercedes,5,0.0,2.140469565491652,1.332125638984181,2.0087528295152968,-4.288540795202472,-4.333880366470577,-1.4782075781091455,-1.1625637684776402,-1.472670519731622,-1.112084513752749,0.09339152119700748,0.1033665835411471,-2.3709547173433405,-2.2694735457252655,-1.7667592429104904
2023-15,2023,15,Singapore Grand Prix,Nico Hülkenberg,hulkenberg,Haas F1 Team,9,0.0,0.3680740349983898,-4.451794647952656,-2.262820964799107,-6.536313773718471,-5.961555592867924,-5.4940542108355634,-4.112188278833516,-5.473474625569475,-3.933634460770037,0.007356608478802993,0.0066084788029925,-4.912156256954841,-5.019401787308441,-4.5121722678941785
2023-15,2023,15,Singapore Grand Prix,Kevin Magnussen,kevin_magnussen,Haas F1 Team,6,0.0,1.6561803401462472,-4.740580190726592,-1.7968681425213917,-6.508154380534211,-5.596895094986651,-5.6243672856304014,-3.6968816187540217,-5.603299574668585,-3.5363606787584265,0.009600997506234414,0.0081047381546134,-4.6458882790068765,-4.815306430964931,-4.1713849488804495
2023-15,2023,15,Singapore Grand Prix,Liam Lawson,lawson,AlphaTauri,10,0.0,-0.0223310697459373,-5.648353719208754,-3.35231169232257,-6.576857977408424,-6.245783729574769,-6.112605848308589,-4.7990477109486696,-6.089709297159683,-4.590670021563846,0.0046134663341645885,0.0033665835411471,-5.378775788216336,-5.69385683485624,-5.088911749582502
2023-15,2023,15,Singapore Grand Prix,Charles Leclerc,leclerc,Ferrari,3,0.0,3.2507139862682406,1.8579410731936896,2.649714434713348,-3.474162409890476,-2.430535786212592,-0.8081106683483931,0.109589324250378,-0.8050836537312253,0.1048308864218814,0.14675810473815462,0.1629675810473815,-1.9189695936002835,-1.8142039872363387,-0.9046901346749527
2023-15,2023,15,Singapore Grand Prix,Max Verstappen,max_verstappen,Red Bull,11,0.0,-0.3981782732125686,5.137239919959478,3.206846297239728,0.0192410248532382,-2.1781782497648066,2.578240472406358,0.5143340237374605,2.568582919422312,0.492001314855676,0.064214463840399,0.0607231920199501,-2.7455268001968243,-2.801429577777971,-1.1155963882296818
2023-15,2023,15,Singapore Grand Prix,Lando Norris,norris,McLaren,4,0.0,2.666329949704755,0.450410293638201,1.3586727857098635,-4.675949452432442,-4.252836468297322,-2.1127695793971206,-1.4470818412937292,-2.1048555836413,-1.384248631748514,0.08316708229426434,0.0871571072319201,-2.4869036549449364,-2.440042958626751,-1.9669927481193328
2023-15,2023,15,Singapore Grand Prix,Esteban Ocon,ocon,Alpine F1 Team,8,0.0,0.7755421637633952,-1.6604155846207431,0.0460809197563172,-6.493165204401235,-5.953581325109178,-4.076790394510989,-2.95375020267643,-4.061519584956481,-2.82549649916574,0.01907730673316708,0.0148379052369077,-3.959255779468125,-4.210570207749033,-3.4565029910722775
2023-15,2023,15,Singapore Grand Prix,Sergio Pérez,perez,Red Bull,13,0.0,-1.1135854053394134,2.795836018534257,0.8729311619369999,-2.4074448748382533,-4.308986566396465,0.1941955718480017,-1.7180277022297323,0.1934681555947618,-1.6434298518951749,0.03653366583541147,0.0367830423940149,-3.309521091843493,-3.302718344520742,-2.5137743970366127
2023-15,2023,15,Singapore Grand Prix,Oscar Piastri,piastri,McLaren,17,0.0,-2.433710805150354,0.0269690443159503,-1.305324248195224,-4.306300662454763,-5.238856794522913,-2.1396658090694065,-3.2720905213590687,-2.131651065626971,-3.1300142797032,0.005610972568578554,0.004364089775561,-5.18303121109024,-5.434345639371169,-4.227560866224654
2023-15,2023,15,Singapore Grand Prix,George Russell,russell,Mercedes,2,0.0,3.9266764354714208,0.835188326485932,2.5216050945066244,-4.285957640720997,-2.62421865302305,-1.7253846571175324,-0.0513067792582127,-1.7189217247718849,-0.0490790064258625,0.2041147132169576,0.205361596009975,-1.5890731234894253,-1.5829829706829202,-0.820189951373819
2023-15,2023,15,Singapore Grand Prix,Carlos Sainz,sainz,Ferrari,1,1.0,4.779554792473081,1.6887602795118744,3.7007275396411257,-3.845841891438143,-1.6563067860617084,-1.0785408059631345,1.0222103767897086,-1.0745008162528946,0.9778253551749676,0.2574812967581047,0.246508728179551,-1.3568081954654272,-1.4003578776899437,-0.1672989093378593
2023-15,2023,15,Singapore Grand Prix,Logan Sargeant,sargeant,Williams,18,0.0,-2.7456542518207083,-3.527877159958523,-3.284226879289131,-6.518496985466717,-6.5999438356965845,-5.02318707271262,-4.942085357492858,-5.004371257887472,-4.727496882952904,0.00012468827930174563,0.0006234413965087,-8.98969370086056,-7.380255788426505,-6.9658895291767085
2023-15,2023,15,Singapore Grand Prix,Lance Stroll,stroll,Aston Martin,20,0.0,-3.351964792010261,-1.5625970537164744,-2.7708906368062696,-6.230293785651916,-6.552506270211442,-3.896445419684195,-4.661698453508856,-3.881850144925001,-4.459284555823525,0.0038653366583541147,0.0026184538653366,-5.555706496375414,-5.945171263137159,-5.108702474942135
2023-15,2023,15,Singapore Grand Prix,Yuki Tsunoda,tsunoda,AlphaTauri,15,0.0,-1.789535708845042,-4.572339021091847,-3.4579756550734326,-6.518560830895699,-6.389976830486456,-5.545449925993773,-4.923976242779944,-5.52467782306007,-4.710174077463813,0.002119700748129676,0.0021197007481296,-6.1564803568043445,-6.15648035680438,-5.540228299792144
2023-15,2023,15,Singapore Grand Prix,Guanyu Zhou,zhou,Alfa Romeo,19,0.0,-3.051582538725392,-4.369362486478412,-4.121066910487783,-6.509342151243323,-6.634106694644301,-5.439352318860868,-5.377586802566042,-5.418977635513637,-5.144088579610571,0.0026184538653366584,0.0016209476309226,-5.945171263137137,-6.424744343399081,-5.66137903285159
2023-16,2023,16,Japanese Grand Prix,Alexander Albon,albon,Williams,13,0.0,-1.11666098611876,-2.242575257393355,-1.8486402928866208,-6.492899977699792,-6.588650427142796,-4.367737617546574,-4.218645360014708,-4.277527103375127,-4.054647097323684,0.006857855361596011,0.004364089775561,-4.9823605156280895,-5.434345639371169,-4.600502937821399
2023-16,2023,16,Japanese Grand Prix,Fernando Alonso,alonso,Aston Martin,10,0.0,-0.0241675880404139,0.2179394910237524,-0.0484374347336944,-4.793760500171427,-5.886499957320231,-2.287910504573837,-2.9674686960269625,-2.240656387896427,-2.8521094588293794,0.022319201995012472,0.0283042394014962,-3.802307895019805,-3.5647436833791595,-3.3848882955233837
2023-16,2023,16,Japanese Grand Prix,Valtteri Bottas,bottas,Alfa Romeo,16,0.0,-2.118974384886759,-3.2664752329742868,-2.999296441293835,-6.31607990047535,-6.498979000594659,-4.791277566724818,-4.749137720944247,-4.692319330063352,-4.564516765862934,0.0038653366583541156,0.0018703241895261,-5.5557064963754135,-6.281643499758395,-5.15242210865983
2023-16,2023,16,Japanese Grand Prix,Pierre Gasly,gasly,Alpine F1 Team,12,0.0,-0.7641478416699257,-1.639410700533296,-1.2420142159159264,-6.45138586126412,-6.605579615508932,-4.045398280898708,-3.923796915712429,-3.961845308879031,-3.771260776166679,0.008852867830423942,0.0108478802992518,-4.727013823819244,-4.523785582205983,-4.325405369765837
2023-16,2023,16,Japanese Grand Prix,Lewis Hamilton,hamilton,Mercedes,7,0.0,1.2036242486320616,1.3894692811682918,1.2267255772485566,-3.5898277483352823,-4.597033725276369,-1.1001792335834952,-1.6851540740139064,-1.0774563177325966,-1.6196443387978563,0.05473815461346635,0.0664588528678304,-2.9051942877853887,-2.711172276694716,-2.2951741808996475
2023-16,2023,16,Japanese Grand Prix,Nico Hülkenberg,hulkenberg,Haas F1 Team,18,0.0,-2.749642626325932,-3.551904359930883,-3.680111780894408,-6.511133288428678,-6.65881143702252,-5.031518824179781,-5.169461608958464,-4.927598685211468,-4.968500719723116,0.0021197007481296762,0.0011221945137157,-6.156480356804344,-6.79246912352435,-5.662970982881404
2023-16,2023,16,Japanese Grand Prix,Kevin Magnussen,kevin_magnussen,Haas F1 Team,15,0.0,-1.7931191294572684,-3.742674115517824,-3.163161785074964,-6.510075122277777,-6.632272014102037,-5.1263746188978,-4.8977168995885005,-5.020495344385429,-4.707319984432262,0.003366583541147133,0.0036159600997506,-5.693856834856231,-5.622397870874092,-5.295786867222366
2023-16,2023,16,Japanese Grand Prix,Liam Lawson,lawson,AlphaTauri,11,0.0,-0.4005024718737283,-4.296694292550765,-2.775267025496248,-6.505820111650693,-6.627340652538722,-5.401257202100729,-4.701303839017485,-5.289700549197336,-4.518542408229944,0.003366583541147133,0.0031172069825436,-5.693856834856231,-5.770817875992373,-5.197580336936857
2023-16,2023,16,Japanese Grand Prix,Charles Leclerc,leclerc,Ferrari,4,0.0,2.670095717746188,2.649908419376373,2.73592503325528,-2.887859179798061,-3.99298830309656,-0.1189753802108439,-0.6285316349206396,-0.1165180828266223,-0.6040977023719756,0.08566084788029926,0.0951371571072319,-2.4573594086382107,-2.3524356695761033,-1.542945521779425
2023-16,2023,16,Japanese Grand Prix,Max Verstappen,max_verstappen,Red Bull,1,1.0,4.790867606725691,4.868437884984985,6.275977802610083,0.367066516656178,1.267823519703133,2.6177522008205814,3.771900661156608,2.56368558952489,3.625269431772906,0.3973815461346635,0.3322942643391521,-0.9228583864432234,-1.1017343642606152,1.4245211373566924
2023-16,2023,16,Japanese Grand Prix,Lando Norris,norris,McLaren,3,0.0,3.256254601908948,1.1611812525490572,2.2289015972404145,-4.232717614313725,-3.753821551786167,-1.535768180882334,-0.7624599772728762,-1.50404868457171,-0.7328196304379971,0.08241895261845388,0.078927680798005,-2.495939861008874,-2.539223278716384,-1.629199919140875
2023-16,2023,16,Japanese Grand Prix,Esteban Ocon,ocon,Alpine F1 Team,14,0.0,-1.4593045489032783,-1.369785931776913,-1.3186549098513882,-6.418431483813788,-6.561695033360479,-3.8941087077953513,-3.9401749716059338,-3.8136804450355903,-3.7870021412545873,0.007107231920199503,0.0066084788029925,-4.9466424330260095,-5.019401787308441,-4.443408702315971
2023-16,2023,16,Japanese Grand Prix,Sergio Pérez,perez,Red Bull,5,0.0,2.142821715777566,2.618364757680321,2.658456974230104,-2.0022453619058376,-3.740767427828685,0.3080596978872416,-0.5411552267992907,0.3016970849797569,-0.5201180194809346,0.12880299251870328,0.1467581047381546,-2.049471231740921,-1.9189695936002835,-1.295313229270106
2023-16,2023,16,Japanese Grand Prix,Oscar Piastri,piastri,McLaren,2,0.0,3.9345571548832368,0.4217990945546773,2.305290675450851,-4.1076825596527975,-3.3441698070979062,-1.84294173254906,-0.5194395658235276,-1.8048779256451437,-0.499246546714725,0.07967581047381547,0.0834164588528678,-2.529789246483025,-2.4839096407323322,-1.5246144061532765
2023-16,2023,16,Japanese Grand Prix,George Russell,russell,Mercedes,8,0.0,0.7749660391699651,0.8406361843981606,0.5887249426717878,-3.7292115711908784,-4.979832964265339,-1.4442876933963589,-2.1955540107967755,-1.414457619604984,-2.110202668674544,0.03802992518703242,0.0537406483790523,-3.2693819242531483,-2.9235856107568137,-2.732467967524962
2023-16,2023,16,Japanese Grand Prix,Carlos Sainz,sainz,Ferrari,6,0.0,1.6573754653980373,2.74064064689211,2.3469876224828248,-2.718024157455188,-4.38985283432448,0.0113082447184609,-1.0214326059208276,0.011074686144262,-0.9817247948744882,0.05673316708229428,0.0682044887780548,-2.8693962819096095,-2.68524489843858,-1.9454144439152186
2023-16,2023,16,Japanese Grand Prix,Logan Sargeant,sargeant,Williams,20,0.0,-3.356031163715316,-3.3354996366173184,-3.673054770033872,-6.475689611967963,-6.58743205911642,-4.905594624292641,-5.130243414575146,-4.804275302455103,-4.9308071179983095,0.002618453865336659,0.0031172069825436,-5.945171263137137,-5.770817875992373,-5.5377073388561415
2023-16,2023,16,Japanese Grand Prix,Lance Stroll,stroll,Aston Martin,17,0.0,-2.437605937147024,-1.5101400840735806,-2.4701970212019866,-6.141264927755371,-6.626867588479544,-3.825702505914476,-4.548532304840766,-3.746687093280922,-4.371709810383615,0.006109725685785538,0.0041147132169576,-5.097873402749934,-5.493186139394082,-4.823202853795349
2023-16,2023,16,Japanese Grand Prix,Yuki Tsunoda,tsunoda,AlphaTauri,9,0.0,0.3668150538753711,-3.556097230742538,-1.780413078279111,-6.510075122277777,-6.402241932532787,-5.0330861765101576,-4.091327505405949,-4.929133665711851,-3.9322786767591538,0.007356608478802994,0.004862842892768,-4.91215625695484,-5.32613205473093,-4.501741881180394
2023-16,2023,16,Japanese Grand Prix,Guanyu Zhou,zhou,Alfa Romeo,19,0.0,-3.05562702792614,-3.8295038753536206,-3.9428321795055967,-6.502929819379018,-6.6458405551284585,-5.16621684736632,-5.294336367317028,-5.059514678204453,-5.088521018491671,0.002618453865336659,0.0031172069825436,-5.945171263137137,-5.770817875992373,-5.6197538152270825
2023-17,2023,17,Qatar Grand Prix,Alexander Albon,albon,Williams,13,0.0,-1.119719559180242,-1.6381385628930203,-1.0732543507676229,-6.5522492868858855,-6.652012705811148,-4.095193924889453,-3.862633528289385,-4.027790879990951,-3.720129883651567,0.004364089775561097,0.0028678304239401,-5.434345639371147,-5.854199484931428,-4.648489583830266
2023-17,2023,17,Qatar Grand Prix,Fernando Alonso,alonso,Aston Martin,4,0.0,2.6738451788003244,0.1672195594216404,0.9236459442706836,-4.990995350919869,-5.4975959135712165,-2.411887895749114,-2.2869749846502665,-2.3721904867596924,-2.2026019090992675,0.06396508728179551,0.0706982543640897,-2.749417855689791,-2.649334397132809,-2.5181964201700286
2023-17,2023,17,Qatar Grand Prix,Valtteri Bottas,bottas,Alfa Romeo,9,0.0,0.3655652502766536,-2.7112631445149784,-1.5605150567076185,-6.514596018529166,-6.549744613913675,-4.6129295815220726,-4.055129835310646,-4.537005094086388,-3.905524449042682,0.007107231920199501,0.0105985037406483,-4.94664243302601,-4.547042444370251,-4.500886134168328
2023-17,2023,17,Qatar Grand Prix,Pierre Gasly,gasly,Alpine F1 Team,7,0.0,1.2038587206406457,-1.299108816381231,-0.0982222774305011,-6.417896599543059,-6.1138280380234455,-3.858502707962145,-3.106025157726973,-3.794995378141913,-2.99143496891637,0.021820448877805487,0.0253117206982543,-3.824907726937046,-3.6764877218187753,-3.4654664423320094
2023-17,2023,17,Qatar Grand Prix,Lewis Hamilton,hamilton,Mercedes,3,0.0,3.261769425530167,2.308369384454179,3.0662463429082125,-3.0944602833997448,-2.836653082704227,-0.3930454494727828,0.1147966301019927,-0.3865762906090347,0.1105614527128195,0.14576059850374065,0.1410224438902743,-1.9257897393884917,-1.9588362247444397,-0.9054965546432495
2023-17,2023,17,Qatar Grand Prix,Nico Hülkenberg,hulkenberg,Haas F1 Team,14,0.0,-1.4626431519547416,-3.1912441918891843,-3.054585098811052,-6.550162069160565,-6.647307914905704,-4.870703130524874,-4.850946506858378,-4.790535932630111,-4.671981157930608,0.003117206982543641,0.0023690773067331,-5.77081787599236,-6.045254721694148,-5.310882191425369
2023-17,2023,17,Qatar Grand Prix,Kevin Magnussen,kevin_magnussen,Haas F1 Team,18,0.0,-2.7536119452127377,-3.3577194802664048,-3.411184733441913,-6.555868497876786,-6.671078457650969,-4.956793989071596,-5.041131595546441,-4.875209816520588,-4.855149772470832,0.0008728179551122195,0.0008728179551122,-7.043783551805247,-7.043783551805269,-6.0424575736758435
2023-17,2023,17,Qatar Grand Prix,Liam Lawson,lawson,AlphaTauri,17,0.0,-2.441481914036177,-3.721707396054948,-4.060924194088937,-6.508802759414781,-6.648354444698988,-5.115255077734864,-5.3546393193939625,-5.0310627845259015,-5.157091295967434,0.002119700748129676,0.0008728179551122,-6.1564803568043445,-7.043783551805269,-5.7555598380991535
2023-17,2023,17,Qatar Grand Prix,Charles Leclerc,leclerc,Ferrari,5,0.0,2.1451649852331105,2.895750027662569,2.370102347018303,-3.3396148365038862,-4.845963380335479,-0.2219324044206585,-1.237930516658588,-0.2182796055315309,-1.1922597044678307,0.06596009975062345,0.0761845386533665,-2.718705269002261,-2.574596741688966,-1.9783178928304244
2023-17,2023,17,Qatar Grand Prix,Max Verstappen,max_verstappen,Red Bull,1,1.0,4.802122991454612,5.024047514887764,6.129708698615464,0.6871113563234901,1.3542510623684112,2.8555794356056268,3.7419798804919377,2.808579280682668,3.603927495447881,0.4298004987531172,0.3871571072319202,-0.8444341343436949,-0.948924706492981,1.4487728730741214
2023-17,2023,17,Qatar Grand Prix,Lando Norris,norris,McLaren,10,0.0,-0.0259922680008908,1.5275943534621597,1.5780880493594962,-3.9961203799488505,-4.558628376390896,-1.2342630132433454,-1.4902701635157,-1.2139482035361475,-1.4352898170135986,0.019576059850374066,0.0198254364089775,-3.933447895512252,-3.9207894986403313,-2.711859029513976
2023-17,2023,17,Qatar Grand Prix,Esteban Ocon,ocon,Alpine F1 Team,8,0.0,0.7743958310101109,-1.0093958216132364,-0.4816019393571611,-6.381427211203088,-5.986625774558658,-3.6954115164081625,-3.2341138569579098,-3.634588514389857,-3.1147981081521263,0.016084788029925186,0.019576059850374,-4.129881296498888,-3.9334478955122556,-3.681997576728399
2023-17,2023,17,Qatar Grand Prix,Sergio Pérez,perez,Red Bull,20,0.0,-3.360079297120208,2.6266066262523906,0.3360086137433711,-1.8626604929155588,-4.533699651551936,0.3819730666684159,-2.0988455189042825,0.3756861488240149,-2.021413079666882,0.008104738154613466,0.0088528678304239,-4.815306430964923,-4.72701382381925,-3.457075974934603
2023-17,2023,17,Qatar Grand Prix,Oscar Piastri,piastri,McLaren,6,0.0,1.658567673493656,0.9432708914711572,1.8315597939689725,-3.747842714654277,-3.686453450413077,-1.4022859115915598,-0.9274468282220524,-1.3792056028215436,-0.8932306510306434,0.03827930174563591,0.0497506234413965,-3.262845953273363,-3.000732283970697,-2.0951463907477077
2023-17,2023,17,Qatar Grand Prix,George Russell,russell,Mercedes,2,0.0,3.9423993754941975,1.7436463242581326,3.1788009596385085,-3.658669269317513,-3.17773726089672,-0.95751147252969,0.0005318493708943,-0.9417517331968348,0.0005122279200899,0.14102244389027432,0.1619700748129675,-1.9588362247444397,-1.8203436841899612,-0.9791521876867727
2023-17,2023,17,Qatar Grand Prix,Carlos Sainz,sainz,Ferrari,12,0.0,-0.7668661847873315,2.849357632978868,1.882487969953168,-3.2998446692661827,-4.966383318267565,-0.2252435181436574,-1.5419476741571985,-0.2215362214331741,-1.4850607958657651,0.01658354114713217,0.0115960099750623,-4.099344572638806,-4.457094207707308,-2.820646123398002
2023-17,2023,17,Qatar Grand Prix,Logan Sargeant,sargeant,Williams,15,0.0,-1.7966839097273326,-2.506057079455906,-2.5342744008077727,-6.500475735286059,-6.606071943498441,-4.503266407370983,-4.5701731721531065,-4.4291468727620975,-4.401566357945128,0.0016209476309226932,0.0016209476309226,-6.4247443433990234,-6.424744343399081,-5.497458757776065
2023-17,2023,17,Qatar Grand Prix,Lance Stroll,stroll,Aston Martin,16,0.0,-2.122716794116399,-1.3839586982549197,-1.9464689482557789,-6.148758108949028,-6.49790365527309,-3.7663584036019735,-4.2221863017644345,-3.7043676824693503,-4.066417722650028,0.005361596009975062,0.0036159600997506,-5.228493585166998,-5.622397870874092,-4.725339943465716
2023-17,2023,17,Qatar Grand Prix,Yuki Tsunoda,tsunoda,AlphaTauri,11,0.0,-0.402812683541434,-3.0423868307288124,-2.0889077428725376,-6.555868497876786,-6.691985844270909,-4.7991276643028,-4.390446793571723,-4.720138531342661,-4.228470601657531,0.005860349127182045,0.0041147132169576,-5.139546099150501,-5.493186139394082,-4.764996446361112
2023-17,2023,17,Qatar Grand Prix,Guanyu Zhou,zhou,Alfa Romeo,19,0.0,-3.059652772612241,-3.565470098626321,-3.7116651940274026,-6.52454606236392,-6.635752735841395,-5.045008080495121,-5.173708964934399,-4.961971986869323,-4.982835981929713,0.0026184538653366584,0.0011221945137157,-5.945171263137137,-6.79246912352435,-5.559440114035768
2023-18,2023,18,United States Grand Prix,Alexander Albon,albon,Williams,15,0.0,-1.800230293290001,-1.7357512772129473,-1.6014476607085235,-6.557427623761559,-6.623296703263876,-4.146589450487253,-4.1123721819862,-4.09509883581017,-3.9697835156642474,0.001371571072319202,0.0018703241895261,-6.59179842806219,-6.281643499758395,-5.352085305024195
2023-18,2023,18,United States Grand Prix,Fernando Alonso,alonso,Aston Martin,19,0.0,-3.063660036762204,0.6282321238777853,-0.6272780999478148,-5.071342973861972,-5.976271559090808,-2.221555424992093,-3.3017748295193114,-2.193969078251494,-3.187292081216805,0.004114713216957606,0.0046134663341645,-5.49318613939408,-5.3787757882163545,-4.397480484456696
2023-18,2023,18,United States Grand Prix,Valtteri Bottas,bottas,Alfa Romeo,13,0.0,-1.1227613395700793,-2.281944192867373,-1.7612389680896072,-6.523611136038106,-6.368927956630373,-4.402777664452739,-4.06508346235999,-4.348105811611709,-3.924134442248345,0.003117206982543641,0.0016209476309226,-5.77081787599236,-6.424744343399081,-4.917950669176175
2023-18,2023,18,United States Grand Prix,Pierre Gasly,gasly,Alpine F1 Team,7,0.0,1.2040951202086536,-0.441184430902221,0.8891385965788448,-6.431774090888172,-5.519160699661822,-3.436479260895197,-2.315011051541489,-3.393806497753008,-2.2347424562509586,0.023316708229426435,0.0250623441396508,-3.7585850840059734,-3.686388792801487,-3.036798067773731
2023-18,2023,18,United States Grand Prix,Lewis Hamilton,hamilton,Mercedes,3,0.0,3.267258788619619,1.4355402585353507,2.3132135990401754,-3.5849444757413425,-2.8186811060289885,-1.0747021086029958,-0.2527337534944065,-1.0613569070035889,-0.2439706923582659,0.15199501246882793,0.1529925187032419,-1.8839075713792885,-1.8773662561496487,-1.0683206624368475
2023-18,2023,18,United States Grand Prix,Nico Hülkenberg,hulkenberg,Haas F1 Team,18,0.0,-2.757562471302185,-3.008330773449124,-2.820723754056917,-6.464734050615612,-6.312946908117512,-4.736532412032368,-4.566835331087215,-4.677716132232876,-4.408489021377184,0.0006234413965087282,0.0011221945137157,-7.38025578842646,-6.79246912352435,-5.973545559756838
2023-18,2023,18,United States Grand Prix,Kevin Magnussen,kevin_magnussen,Haas F1 Team,17,0.0,-2.445338995015661,-3.180572704272974,-2.8552987602939783,-6.515731012645989,-6.403517213850348,-4.848151858459481,-4.629407987072163,-4.787949535027005,-4.468892089793138,0.0008728179551122195,0.0008728179551122,-7.043783551805247,-7.043783551805269,-5.836595769438706
2023-18,2023,18,United States Grand Prix,Charles Leclerc,leclerc,Ferrari,1,0.0,4.813321656357624,2.3086112029639936,4.08981388094512,-3.1379912929466576,-1.4782363024056373,-0.414690044991332,1.3057887892697413,-0.4095405973375349,1.2605130521232546,0.20985037406483792,0.1739401496259351,-1.561360506669754,-1.7490440066050945,-0.12778585870000636
2023-18,2023,18,United States Grand Prix,Max Verstappen,max_verstappen,Red Bull,6,1.0,1.6597570150319414,4.959634215642062,4.65917221450236,0.336869311266684,-0.0412512721355835,2.6482517634543727,2.308960471183388,2.6153668799258347,2.2289016682330347,0.1607231920199501,0.1662094763092269,-1.828071697921373,-1.7945063806818518,0.24044438663100764
2023-18,2023,18,United States Grand Prix,Lando Norris,norris,McLaren,2,0.0,3.950203581635887,1.5816165449212245,3.0280397069329954,-3.3444094099145905,-3.1875174216072875,-0.881396432496683,-0.079738857337146,-0.8704516199886325,-0.07697406445883,0.17344139650872817,0.1547381546134663,-1.7519155089371172,-1.8660209156559533,-0.9158271831371316
2023-18,2023,18,United States Grand Prix,Esteban Ocon,ocon,Alpine F1 Team,8,0.0,0.7738314773873605,-0.0321159141051911,0.8646493649978282,-6.470771232121495,-5.557655209400503,-3.251443573113343,-2.346502922201337,-3.2110685058040422,-2.2651424063261283,0.012094763092269327,0.0208229426433915,-4.414982722357177,-3.871699888443806,-3.380742822279257
2023-18,2023,18,United States Grand Prix,Sergio Pérez,perez,Red Bull,9,0.0,0.3643245195245535,2.3221934989539155,1.828790749609242,-2.797760296257121,-4.109013009302863,-0.2377833986516027,-1.1401111298468107,-0.2348307037917008,-1.100579949722653,0.05149625935162095,0.0649625935162094,-2.9662461078995275,-2.7339436591071946,-2.053178618873169
2023-18,2023,18,United States Grand Prix,Oscar Piastri,piastri,McLaren,10,0.0,-0.0278052500916955,1.2052778092806804,1.0197850765506178,-3.744147194883475,-4.988628021398784,-1.269434692801397,-1.9844214724240827,-1.2536713833623403,-1.915615440612795,0.018329177057356608,0.0275561097256857,-3.9992611140818237,-3.5915309993428104,-2.9918412932529534
2023-18,2023,18,United States Grand Prix,Daniel Ricciardo,ricciardo,AlphaTauri,14,0.0,-1.4659640077651106,-2.771912427531662,-2.26094267560982,-6.459970349111887,-6.294539262900319,-4.615941388321774,-4.27774096925507,-4.55862255745219,-4.12941845546395,0.0011221945137157108,0.0031172069825436,-6.792469123524341,-5.770817875992373,-5.535105046389705
2023-18,2023,18,United States Grand Prix,George Russell,russell,Mercedes,5,0.0,2.147499498729256,1.078905222110719,1.28240017300733,-3.276602994773157,-4.154420709587543,-1.0988488863312191,-1.436010268290106,-1.0852038401384316,-1.3862193495894497,0.07169576059850374,0.078428927680798,-2.6353236600632095,-2.5455624441601197,-2.0356669641766576
2023-18,2023,18,United States Grand Prix,Carlos Sainz,sainz,Ferrari,4,0.0,2.6775785490513435,2.181786519130448,2.5254801167599967,-3.719363438857551,-4.146205706771188,-0.7687884598635517,-0.8103627950055958,-0.759241966093745,-0.7822650098190005,0.10211970074812968,0.1118453865336658,-2.281609617007491,-2.190637838801764,-1.5459862060065435
2023-18,2023,18,United States Grand Prix,Logan Sargeant,sargeant,Williams,16,0.0,-2.126440432222746,-2.2107515727952043,-2.5670343859943547,-6.548181414710369,-6.584584487466846,-4.379466493752787,-4.575809436730601,-4.325084109286313,-4.41715196701401,0.0028678304239401495,0.0021197007481296,-5.854199484931411,-6.15648035680438,-5.215004460831006
2023-18,2023,18,United States Grand Prix,Lance Stroll,stroll,Aston Martin,20,0.0,-3.3641094550874318,-0.9578507602641166,-2.303363270564723,-6.275632153752874,-6.60684477509841,-3.6167414570084953,-4.455104022831566,-3.571830273257816,-4.300631783250783,0.0028678304239401495,0.0021197007481296,-5.854199484931411,-6.15648035680438,-5.154651753881488
2023-18,2023,18,United States Grand Prix,Yuki Tsunoda,tsunoda,AlphaTauri,11,0.0,-0.4051090784990034,-2.979937875751489,-2.0617654493639668,-6.559475631834985,-6.417012020248508,-4.769706753793237,-4.239388734806237,-4.710478528883392,-4.092396011636813,0.0038653366583541147,0.0021197007481296,-5.555706496375414,-6.15648035680438,-4.897547615590826
2023-18,2023,18,United States Grand Prix,Guanyu Zhou,zhou,Alfa Romeo,12,0.0,-0.7695690308656857,-3.118555018185585,-2.2987824937161947,-6.499426777507288,-6.233400044835793,-4.808990897846437,-4.266091269275994,-4.749274858855039,-4.118172686624752,0.004114713216957606,0.0038653366583541,-5.49318613939408,-5.555706496375418,-4.879638704335036
2023-19,2023,19,Mexico City Grand Prix,Alexander Albon,albon,Williams,14,0.0,-1.4545660422401836,-1.56940566380548,-1.6998226684385385,-6.61271375559751,-6.601914451148504,-4.091059709701495,-4.150868559793521,-4.056650273058711,-4.026391478896825,0.003366583541147132,0.0021197007481296,-5.6938568348562315,-6.15648035680438,-4.922362697324877
2023-19,2023,19,Mexico City Grand Prix,Fernando Alonso,alonso,Aston Martin,13,0.0,-1.1140115172649718,0.7230025018673343,-0.1391650460381144,-5.398113061226978,-6.029329417732018,-2.3375552796798216,-3.084247231885066,-2.317894368814989,-2.9917562058122327,0.007855361596009976,0.0071072319201995,-4.846558974469027,-4.94664243302601,-3.9654031031770467
2023-19,2023,19,Mexico City Grand Prix,Valtteri Bottas,bottas,Alfa Romeo,9,0.0,0.3614465771626594,-2.08238782739548,-0.8188755491518586,-6.480254524463556,-6.2095698768758485,-4.281321175929518,-3.514222713013853,-4.245311471793152,-3.408837495767034,0.00486284289276808,0.004862842892768,-5.3261320547309134,-5.32613205473093,-4.4201773838723835
2023-19,2023,19,Mexico City Grand Prix,Pierre Gasly,gasly,Alpine F1 Team,11,0.0,-0.4019386011072473,-0.238178449561598,-0.160945426486615,-6.344762654184448,-6.426773214112564,-3.291470551873023,-3.2938593202995894,-3.263786368445515,-3.1950824047772,0.010349127182044887,0.0088528678304239,-4.570853093063962,-4.72701382381925,-3.932356206681776
2023-19,2023,19,Mexico City Grand Prix,Lewis Hamilton,hamilton,Mercedes,6,0.0,1.6465266020451472,1.4360332343183726,1.5378489632072736,-3.430065362502596,-3.92715137075606,-0.9970160640921116,-1.1946512037743933,-0.9886302756843156,-1.1588257632928576,0.07069825436408977,0.0729426433915211,-2.649334397132808,-2.618081853628705,-1.9219928004536007
2023-19,2023,19,Mexico City Grand Prix,Nico Hülkenberg,hulkenberg,Haas F1 Team,12,0.0,-0.763557845562566,-2.701275787136327,-2.014294127715443,-6.5816662189356245,-6.640476008998048,-4.641471003035976,-4.327385068356746,-4.602432119778039,-4.197614574912889,0.0028678304239401495,0.0026184538653366,-5.854199484931411,-5.945171263137159,-5.090792276644079
2023-19,2023,19,Mexico City Grand Prix,Kevin Magnussen,kevin_magnussen,Haas F1 Team,16,0.0,-2.109981064116722,-2.804773087815437,-2.8247511033125687,-6.621250805549474,-6.636150001255517,-4.713011946682456,-4.730450552284043,-4.673371340706581,-4.588592850072492,0.002119700748129676,0.0008728179551122,-6.1564803568043445,-7.043783551805269,-5.443465454544194
2023-19,2023,19,Mexico City Grand Prix,Charles Leclerc,leclerc,Ferrari,1,0.0,4.773828091268348,1.8959660786021784,3.770810826651145,-3.498618354235543,-1.719640156831,-0.8013261378166823,1.0255853349100723,-0.7945862750608239,0.9948298756944676,0.21408977556109726,0.2003740648379052,-1.5413598399630846,-1.6075693351230478,-0.2578872525265061
2023-19,2023,19,Mexico City Grand Prix,Max Verstappen,max_verstappen,Red Bull,3,1.0,3.2408489434925816,4.9176954574251175,4.9047877439014425,0.4500988565283498,-0.0443641628627986,2.683897156976734,2.430211790519322,2.6613232040814148,2.3573341107549632,0.2667082294264339,0.279426433915212,-1.3215999917781547,-1.275016227059633,0.5543058993705836
2023-19,2023,19,Mexico City Grand Prix,Lando Norris,norris,McLaren,17,0.0,-2.426451648811676,1.996487792210182,-0.4105754499984817,-3.166119996735361,-4.638615569162126,-0.5848161022625895,-2.524595509580304,-0.579897280723328,-2.448887431873046,0.009351620947630923,0.0036159600997506,-4.67220558732425,-5.622397870874092,-3.5984005484522767
2023-19,2023,19,Mexico City Grand Prix,Esteban Ocon,ocon,Alpine F1 Team,15,0.0,-1.786265137114666,0.2157040521345958,-0.5533370630675325,-6.348020979092109,-6.366636276687446,-3.0661584634787564,-3.4599866698774893,-3.040369354330431,-3.356227893996315,0.004114713216957606,0.004364089775561,-5.49318613939408,-5.434345639371169,-4.476586404635785
2023-19,2023,19,Mexico City Grand Prix,Sergio Pérez,perez,Red Bull,5,0.0,2.1303115906429144,2.2829891949975947,2.254636146922437,-2.1337271769471347,-3.44303633206012,0.07463100902523,-0.5942000925688413,0.0740032961198057,-0.5763811007298911,0.12581047381546134,0.1278054862842892,-2.072978680506951,-2.057245809288052,-1.3335893865378963
2023-19,2023,19,Mexico City Grand Prix,Oscar Piastri,piastri,McLaren,7,0.0,1.194531591881654,1.516776573982745,1.4917924360049373,-4.1322750675946365,-5.281587177939485,-1.3077492468059455,-1.894897370967274,-1.2967499170367156,-1.8380728076405657,0.04476309226932668,0.0462593516209476,-3.106371312372281,-3.0734916382531257,-2.5006343416697776
2023-19,2023,19,Mexico City Grand Prix,Daniel Ricciardo,ricciardo,AlphaTauri,4,0.0,2.6560496289576827,-2.4402667886020644,-0.2373456581950335,-6.536755470813763,-5.18896048032396,-4.488511129707914,-2.713153069259497,-4.450758774499834,-2.631790489543378,0.01807980049875312,0.0118453865336658,-4.0129599584399855,-4.4358168092600225,-3.3630565138497412
2023-19,2023,19,Mexico City Grand Prix,George Russell,russell,Mercedes,8,0.0,0.7677047569839622,1.1073540914151163,0.8257577341150207,-3.679245357698565,-4.719362104772998,-1.285945633141724,-1.9468021853289883,-1.275129691080374,-1.88842108999382,0.03603491271820449,0.0425187032418952,-3.323267012748128,-3.1578112235770446,-2.635034599038558
2023-19,2023,19,Mexico City Grand Prix,Carlos Sainz,sainz,Ferrari,2,0.0,3.9180679500236666,2.0442798464359537,3.1008922500286435,-3.4025642733237045,-2.4688956655802343,-0.6791422134438754,0.3159982922242046,-0.6734300257411341,0.3065220719060246,0.16870324189526184,0.1761845386533665,-1.7796140726897722,-1.7362233181760331,-0.7318078902327838
2023-19,2023,19,Mexico City Grand Prix,Logan Sargeant,sargeant,Williams,19,0.0,-3.040093163582826,-2.014386553873275,-2.76230715726868,-6.545328894930226,-6.584976908371435,-4.279857724401751,-4.673642032820057,-4.243860329189282,-4.533487915911455,0.0011221945137157108,0.0006234413965087,-6.792469123524341,-7.380255788426505,-5.733055578172198
2023-19,2023,19,Mexico City Grand Prix,Lance Stroll,stroll,Aston Martin,20,0.0,-3.3382817302306163,-0.8319351908381949,-2.271531744621084,-6.380750883946429,-6.584844965401443,-3.606343037392312,-4.428188355011264,-3.57601049739955,-4.295394952340868,0.0026184538653366584,0.0021197007481296,-5.945171263137137,-6.15648035680438,-5.186679809074201
2023-19,2023,19,Mexico City Grand Prix,Yuki Tsunoda,tsunoda,AlphaTauri,18,0.0,-2.736307615024457,-2.346271293372689,-2.6043947548203845,-6.621133526039457,-6.45430642302316,-4.483702409706073,-4.529350588921773,-4.445990500093505,-4.393523512842361,0.0018703241895261845,0.0011221945137157,-6.28164349975835,-6.79246912352435,-5.405497044340061
2023-19,2023,19,Mexico City Grand Prix,Guanyu Zhou,zhou,Alfa Romeo,10,0.0,-0.0275918302356493,-2.8274306534757367,-1.5580744198275325,-6.549321874660931,-6.237196442121172,-4.688376264068334,-3.897635430974352,-4.648942866009286,-3.7807523560568086,0.0046134663341645885,0.004364089775561,-5.378775788216336,-5.434345639371169,-4.638205609595344
2023-20,2023,20,São Paulo Grand Prix,Alexander Albon,albon,Williams,13,0.0,-1.1132875403020517,-1.2038431210351763,-1.2076952174444886,-6.460053303391084,-6.247674293067453,-3.8319482122131294,-3.72768475525597,-3.8148974696775575,-3.632347774042874,0.008104738154613466,0.005860349127182,-4.815306430964923,-5.139546099150509,-4.271495593110447
2023-20,2023,20,São Paulo Grand Prix,Fernando Alonso,alonso,Aston Martin,4,0.0,2.658086952292511,0.3387036052981549,1.140423963792103,-5.66384053676148,-4.875310532757119,-2.6625684657316624,-1.867443284482508,-2.650721027593581,-1.819682699288654,0.04875311720698254,0.048503740648379,-3.0209861408751943,-3.0261143572421147,-2.444214712678851
2023-20,2023,20,São Paulo Grand Prix,Valtteri Bottas,bottas,Alfa Romeo,18,0.0,-2.740602747740615,-2.119381193255117,-2.8870048520355214,-6.354929357105672,-6.336652518922193,-4.2371552751803945,-4.611828685478857,-4.218301512112803,-4.493879380853357,0.004364089775561097,0.0018703241895261,-5.434345639371147,-6.281643499758395,-5.023087162425002
2023-20,2023,20,São Paulo Grand Prix,Pierre Gasly,gasly,Alpine F1 Team,15,0.0,-1.787336818907322,-0.5296022058622594,-0.7279293105617274,-6.223012298791014,-5.98378195403057,-3.3763072523266366,-3.3558556322961484,-3.3612839423829044,-3.270028324898714,0.00885286783042394,0.0110972568578553,-4.727013823819245,-4.501057331128425,-4.0414347280576965
2023-20,2023,20,São Paulo Grand Prix,Lewis Hamilton,hamilton,Mercedes,5,0.0,2.1331735807182954,1.7945025183817358,1.906559873763186,-3.1481197691981957,-3.901665967479307,-0.6768086254082297,-0.9975530468580605,-0.6737970790671518,-0.9720402413684652,0.09089775561097257,0.1076059850374064,-2.398019968851902,-2.229279009777133,-1.6977865078549812
2023-20,2023,20,São Paulo Grand Prix,Nico Hülkenberg,hulkenberg,Haas F1 Team,11,0.0,-0.3997806980978743,-2.7120899159789107,-2.2430443827251083,-6.48416400624049,-6.216503051224208,-4.5981269611097,-4.229773716974658,-4.577667008464756,-4.121595616124719,0.0046134663341645885,0.0076059850374064,-5.378775788216336,-4.87881983668726,-4.8042747525954965
2023-20,2023,20,São Paulo Grand Prix,Kevin Magnussen,kevin_magnussen,Haas F1 Team,12,0.0,-0.7620661895510836,-2.731214868313076,-2.211215808100791,-6.535799765945352,-6.310533701315763,-4.633507317129213,-4.2608747547082775,-4.612889935075547,-4.1519012327739935,0.00486284289276808,0.004364089775561,-5.3261320547309134,-5.434345639371169,-4.793503404719596
2023-20,2023,20,São Paulo Grand Prix,Charles Leclerc,leclerc,Ferrari,2,0.0,3.9165432989337696,2.4520619845466687,3.2058695767502385,-3.596664537346665,-3.720001134774235,-0.5723012763999984,-0.2570657790119983,-0.5697547488437086,-0.2504912221614918,0.13154613466334164,0.1255610972568578,-2.0283976549503935,-2.0749628081419984,-1.142731716981196
2023-20,2023,20,São Paulo Grand Prix,Max Verstappen,max_verstappen,Red Bull,1,1.0,4.768480734787495,4.883200480031197,6.075237234125057,0.7245955650146052,1.0777822905667729,2.803898022522901,3.576509762345915,2.791421720487904,3.4850391401210974,0.3841645885286783,0.3273067331670823,-0.9566842022638923,-1.116857525834836,1.3099127800410113
2023-20,2023,20,São Paulo Grand Prix,Lando Norris,norris,McLaren,6,0.0,1.649832142373921,1.6242013323662,2.4592576298052866,-4.05377041246166,-2.432412988043159,-1.2147845400477295,0.0134223208810637,-1.2093792012275095,0.0130790398265513,0.0672069825436409,0.0751870324189526,-2.699978129951563,-2.587776504133375,-1.3432779045352496
2023-20,2023,20,São Paulo Grand Prix,Esteban Ocon,ocon,Alpine F1 Team,14,0.0,-1.454699671710176,-0.0704894087531968,-0.293745417400899,-6.187753501799803,-5.919256588775055,-3.1291214552765,-3.106501003087977,-3.1151980300782136,-3.0270510368985675,0.00860349127182045,0.0096009975062344,-4.755587196263301,-4.645888279006877,-3.9310440996756393
2023-20,2023,20,São Paulo Grand Prix,Sergio Pérez,perez,Red Bull,9,0.0,0.3645722673032847,2.153645496136873,1.8171990533029232,-2.1871858172357923,-2.7314021859139674,-0.0167701605494596,-0.4571015663055221,-0.0166955395801841,-0.4454110167283612,0.054488778054862845,0.0741895261845386,-2.90976050576497,-2.601132295314931,-1.683431036035246
2023-20,2023,20,São Paulo Grand Prix,Oscar Piastri,piastri,McLaren,10,0.0,-0.0248833016239869,1.310908985785214,1.2786178859887731,-3.950355770064015,-4.391046595312269,-1.3197233921394005,-1.556214354661748,-1.3138511145063616,-1.5164135698757633,0.02680798004987531,0.0395261845386533,-3.6190556727328973,-3.230791926983281,-2.5876350136973225
2023-20,2023,20,São Paulo Grand Prix,Daniel Ricciardo,ricciardo,AlphaTauri,17,0.0,-2.429610298423134,-1.876598676007085,-1.7130729110729477,-6.361033712433072,-6.259524781798986,-4.118816194220078,-3.986298846435967,-4.100488995993556,-3.8843477096890617,0.005112219451371571,0.005361596009975,-5.276121634156253,-5.228493585167009,-4.6312102402961095
2023-20,2023,20,São Paulo Grand Prix,George Russell,russell,Mercedes,8,0.0,0.7710911780908187,1.263160038358765,1.4534102946241527,-3.563466330351185,-4.061128577378699,-1.1501531459962102,-1.303859141377273,-1.1450353928109358,-1.270512438899082,0.053491271820448875,0.0519950124688279,-2.928236781932543,-2.956607479061759,-2.116047961654908
2023-20,2023,20,São Paulo Grand Prix,Carlos Sainz,sainz,Ferrari,7,0.0,1.197991890945933,2.3614503745684363,1.948117680692273,-3.657375981569808,-4.541756938667232,-0.6479628035006857,-1.2968196289874796,-0.645079610324978,-1.2636529647648058,0.04725685785536159,0.0574812967581047,-3.052157495778134,-2.8562956578639125,-2.1744885623828067
2023-20,2023,20,São Paulo Grand Prix,Logan Sargeant,sargeant,Williams,19,0.0,-3.045579925245706,-1.4940332716044349,-1.999619871360491,-6.4981941866277975,-6.316337581630753,-3.996113729116116,-4.157978726495622,-3.978332511165189,-4.051636810330785,0.003366583541147132,0.0033665835411471,-5.6938568348562315,-5.69385683485624,-4.925917780675927
2023-20,2023,20,São Paulo Grand Prix,Lance Stroll,stroll,Aston Martin,3,0.0,3.2415250663599395,-0.948973811988223,0.3094904500498883,-6.383323798316264,-5.3288707411816425,-3.6661488051522433,-2.509690145565877,-3.64983580823477,-2.445503848180845,0.039526184538653364,0.0362842892768079,-3.2307919269832794,-3.31637043368907,-2.870241036274578
2023-20,2023,20,São Paulo Grand Prix,Yuki Tsunoda,tsunoda,AlphaTauri,16,0.0,-2.1120633201801837,-2.060488723083869,-1.4210360052655824,-6.4119581377416015,-6.162359495248338,-4.236223430412736,-3.79169775025696,-4.217373813707344,-3.694723611906796,0.005610972568578554,0.0036159600997506,-5.18303121109024,-5.622397870874092,-4.4873644806736
2023-20,2023,20,São Paulo Grand Prix,Guanyu Zhou,zhou,Alfa Romeo,20,0.0,-3.345010965822856,-2.846581169935217,-3.4624727733632086,-6.438633693218108,-6.371348761778741,-4.642607431576662,-4.9169107675709744,-4.621949557402567,-4.791158870548717,0.002369077306733167,0.0036159600997506,-6.0452547216941195,-5.622397870874092,-5.4810827446325465
2023-21,2023,21,Las Vegas Grand Prix,Alexander Albon,albon,Williams,5,0.0,2.135382487184225,-1.1653214800983036,0.4810175992021153,-6.446026839266998,-5.587053776728382,-3.805674159682651,-2.553018088763133,-3.8026616701490408,-2.49443146413864,0.02281795511221945,0.0268079800498753,-3.7802075480191393,-3.6190556727328977,-3.166612818391136
2023-21,2023,21,Las Vegas Grand Prix,Fernando Alonso,alonso,Aston Martin,9,0.0,0.3633036119778702,0.952298888938188,0.928106706281143,-5.1500955853557135,-5.461117538752644,-2.098898348208763,-2.2665054162357503,-2.097236905573165,-2.2144936805512936,0.04002493765586035,0.0370324189526184,-3.2182525777305444,-3.295961562057862,-2.742378996983147
2023-21,2023,21,Las Vegas Grand Prix,Valtteri Bottas,bottas,Alfa Romeo,7,0.0,1.1981518300061016,-1.6501791042845997,-0.4629588781342736,-6.366608240368193,-6.22359834901952,-4.008393672326396,-3.3432786135768966,-4.005220714401517,-3.2665571011008057,0.015336658354114713,0.0185785536159601,-4.177509345488143,-3.985747394915101,-3.7603939795325196
2023-21,2023,21,Las Vegas Grand Prix,Pierre Gasly,gasly,Alpine F1 Team,4,0.0,2.66166979830826,-0.0403019201004968,1.374498104297497,-6.304305330673046,-4.935874874407098,-3.172303625386771,-1.7806883850548003,-3.1697924982991834,-1.7398251720413185,0.04900249376558603,0.0584788029925187,-3.015884088991299,-2.839090932414281,-2.3982862370230498
2023-21,2023,21,Las Vegas Grand Prix,Lewis Hamilton,hamilton,Mercedes,10,0.0,-0.0267001038504401,2.513468709191699,1.6778013095831616,-2.9432706793376946,-4.046530656319212,-0.2149009850729977,-1.184364673368025,-0.2147308740910452,-1.1571858888374622,0.038029925187032416,0.0522443890274314,-3.2693819242531488,-2.9518227809384228,-2.226873298810587
2023-21,2023,21,Las Vegas Grand Prix,Nico Hülkenberg,hulkenberg,Haas F1 Team,13,0.0,-1.1162613073014922,-2.6388369354978822,-2.353274362399498,-6.42342622876351,-6.16019801578925,-4.531131582130696,-4.256736189094374,-4.527544836157752,-4.1590526645108135,0.006359102244389027,0.0086034912718204,-5.0578680681362345,-4.755587196263306,-4.657302128615305
2023-21,2023,21,Las Vegas Grand Prix,Kevin Magnussen,kevin_magnussen,Haas F1 Team,8,0.0,0.7704746930744453,-2.559251229724408,-1.2322999090983455,-6.335226946427411,-5.819960922365812,-4.447239088075909,-3.526130415732079,-4.4437187495907535,-3.4452128225693968,0.011596009975062344,0.0143391521197007,-4.457094207707304,-4.244761572497313,-3.9916123117196918
2023-21,2023,21,Las Vegas Grand Prix,Charles Leclerc,leclerc,Ferrari,1,0.0,4.779450909836717,2.5443241640405145,4.434264371515336,-3.888184479999873,-1.969164426382075,-0.6719301579796793,1.2325499725666305,-0.6713982725677133,1.2042654324407611,0.2013715710723192,0.1664588528678304,-1.6026034652038033,-1.7930071300262103,-0.1850267463185864
2023-21,2023,21,Las Vegas Grand Prix,Max Verstappen,max_verstappen,Red Bull,2,1.0,3.924145894620776,5.662705553633817,5.957805779953884,0.8212831367025653,0.929115552731254,3.241994345168191,3.443460666342569,3.2394280524108368,3.364440177472489,0.3125935162094763,0.276932668329177,-1.1628516027022668,-1.283980876966133,1.140304531820151
2023-21,2023,21,Las Vegas Grand Prix,Lando Norris,norris,McLaren,15,0.0,-1.7907676093913425,1.6459943830060255,-0.0913976420358176,-3.4523295823556976,-4.701731090477799,-0.903167599674836,-2.396564366256809,-0.9024526716944168,-2.3415680395436094,0.02630922693266833,0.033291770573566,-3.6378355673844935,-3.402445042460313,-3.0171999668206513
2023-21,2023,21,Las Vegas Grand Prix,Esteban Ocon,ocon,Alpine F1 Team,16,0.0,-2.1156476491544534,0.330911745119728,-0.5979095594583743,-6.279400840454644,-5.98987265429296,-2.9742445476674577,-3.293891106875667,-2.9718901998714307,-3.218302938236417,0.00685785536159601,0.0128428927680798,-4.9823605156280895,-4.354964712630925,-4.138125811251879
2023-21,2023,21,Las Vegas Grand Prix,Sergio Pérez,perez,Red Bull,11,0.0,-0.4020568961046719,2.826781827476533,1.5140873946945748,-1.830485182263912,-4.193620617320524,0.4981483226063109,-1.3397666113129745,0.4977539991447978,-1.309021665209028,0.05024937655860349,0.0602244389027431,-2.990757138913877,-2.8096770472079884,-2.165261875113426
2023-21,2023,21,Las Vegas Grand Prix,Oscar Piastri,piastri,McLaren,18,0.0,-2.744366658075751,0.9992024956804382,-1.0452257242529994,-4.139871698830755,-5.543785037806384,-1.5703346015751585,-3.294505381029692,-1.5690915585943306,-3.2189031160354507,0.02032418952618454,0.021072319201995,-3.895943500053798,-3.859794985937487,-3.595224440541745
2023-21,2023,21,Las Vegas Grand Prix,Daniel Ricciardo,ricciardo,AlphaTauri,14,0.0,-1.4579286979604034,-1.8695247006014333,-2.247541112005073,-6.4036571955962245,-6.517502060337921,-4.136590948098829,-4.382521586171497,-4.133316511977105,-4.281951539994441,0.00910224438902743,0.0120947630922693,-4.699234259712169,-4.41498272235718,-4.540877922941833
2023-21,2023,21,Las Vegas Grand Prix,George Russell,russell,Mercedes,3,0.0,3.2468386368517246,1.929264896487867,2.6974731477648035,-4.231354089652764,-3.135508194299481,-1.1510445965824485,-0.2190175232673388,-1.1501334545207718,-0.2139915121010543,0.11209476309226933,0.1185785536159601,-2.1884106663889398,-2.13217963831517,-1.2037140948281393
2023-21,2023,21,Las Vegas Grand Prix,Carlos Sainz,sainz,Ferrari,12,0.0,-0.7647248972655911,2.480660618777164,1.997973854699004,-3.874114034633387,-4.567746565953236,-0.6967267079281116,-1.284886355627116,-0.696175194102347,-1.2554008008895352,0.03403990024937656,0.0397755610972568,-3.3802219056756004,-3.224502598075717,-2.332554130651358
2023-21,2023,21,Las Vegas Grand Prix,Logan Sargeant,sargeant,Williams,6,0.0,1.6509205446491313,-1.5076571845916693,0.2841713076573671,-6.36455481731729,-5.446391215922828,-3.93610600095448,-2.5811099541327307,-3.9329902643902006,-2.521878677761093,0.01907730673316708,0.021072319201995,-3.959255779468125,-3.859794985937487,-3.270182866800428
2023-21,2023,21,Las Vegas Grand Prix,Lance Stroll,stroll,Aston Martin,19,0.0,-3.0493769760868696,-0.4382541019222421,-1.4635434133940148,-5.679112648850919,-5.993213811672702,-3.0586833753865803,-3.7283786125333584,-3.056262187636826,-3.642819830481679,0.014089775561097256,0.0135910224438902,-4.26230588214822,-4.298345818631422,-3.995342247340789
2023-21,2023,21,Las Vegas Grand Prix,Yuki Tsunoda,tsunoda,AlphaTauri,20,0.0,-3.3488073462044574,-1.9841458794603917,-3.3197098683486743,-6.4288100473696055,-6.552444014895845,-4.206477963414999,-4.936076941622259,-4.2031482062402,-4.822803914623636,0.005610972568578554,0.0041147132169576,-5.18303121109024,-5.493186139394082,-5.05955407635625
2023-21,2023,21,Las Vegas Grand Prix,Guanyu Zhou,zhou,Alfa Romeo,17,0.0,-2.4333043972953394,-2.378567417806142,-2.847800969162689,-6.416037149651861,-6.425559548650115,-4.397302283729001,-4.636680258906402,-4.393821474140468,-4.530277782939632,0.005112219451371571,0.0038653366583541,-5.276121634156253,-5.555706496375418,-4.9564009465313275
2023-22,2023,22,Abu Dhabi Grand Prix,Alexander Albon,albon,Williams,14,0.0,-1.4604424026111302,-0.9276139355354452,-1.0871063803441907,-6.412221979203019,-6.145612855771381,-3.669917957369232,-3.6163596180577855,-3.678552466735533,-3.5440965429085405,0.0021197007481296754,0.0023690773067331,-6.1564803568043445,-6.045254721694148,-4.886419987431065
2023-22,2023,22,Abu Dhabi Grand Prix,Fernando Alonso,alonso,Aston Martin,7,0.0,1.2021960905457512,0.971528557909582,1.4049170340896255,-4.890071582882797,-5.259582946941666,-1.959271512486608,-1.9273329564260204,-1.9638812472060776,-1.8888204684609464,0.018578553615960097,0.0250623441396508,-3.985747394915101,-3.686388792801487,-2.9565401756705607
2023-22,2023,22,Abu Dhabi Grand Prix,Valtteri Bottas,bottas,Alfa Romeo,18,0.0,-2.7516454544569022,-1.56934064809003,-2.387687656623476,-6.355382502949937,-6.431183952120136,-3.962361575519984,-4.409435804371806,-3.9716841403658254,-4.321325266551947,0.0011221945137157106,0.0003740648379052,-6.792469123524341,-7.891081412192549,-5.600952463948073
2023-22,2023,22,Abu Dhabi Grand Prix,Pierre Gasly,gasly,Alpine F1 Team,10,0.0,-0.025085710902131,0.04839010819259,0.3209957478881686,-6.32915501953708,-5.908951507276925,-3.1403824556722446,-2.7939778796943786,-3.147771084530506,-2.738147858676138,0.008354114713216955,0.0078553615960099,-4.785001081469594,-4.846558974469037,-3.7894894805819863
2023-22,2023,22,Abu Dhabi Grand Prix,Lewis Hamilton,hamilton,Mercedes,11,0.0,-0.4013973193848921,1.5929360770549374,0.6141635414457403,-3.0296744754766296,-4.549052324360477,-0.7183691992108461,-1.9674443914573685,-0.7200593638551518,-1.928130385958048,0.02107231920199501,0.0228179551122194,-3.8597949859374867,-3.7802075480191415,-2.9136196886974277
2023-22,2023,22,Abu Dhabi Grand Prix,Nico Hülkenberg,hulkenberg,Haas F1 Team,8,0.0,0.7737943163107643,-2.172095296652485,-0.9716801209495484,-6.432421448470281,-5.96500406383024,-4.302258372561383,-3.468342092389894,-4.312380639774341,-3.3990367434378266,0.005610972568578553,0.004862842892768,-5.18303121109024,-5.32613205473093,-4.325686651740067
2023-22,2023,22,Abu Dhabi Grand Prix,Kevin Magnussen,kevin_magnussen,Haas F1 Team,17,0.0,-2.4393455191020914,-2.065917752120647,-2.505072331486342,-6.369800098342633,-6.104183782021314,-4.21785892523164,-4.304628056753828,-4.227782619117635,-4.218611815669427,0.0016209476309226927,0.0018703241895261,-6.4247443433990234,-6.281643499758395,-5.3646862000764255
2023-22,2023,22,Abu Dhabi Grand Prix,Charles Leclerc,leclerc,Ferrari,2,0.0,3.929228208376255,2.358011618545658,3.2744902482632283,-3.652388155031966,-3.058904012850706,-0.647188268243154,0.1077931177062612,-0.6487109598206822,0.1056391664989522,0.148503740648379,0.1517456359102244,-1.9071451315052603,-1.8855496078730332,-0.8996760068994996
2023-22,2023,22,Abu Dhabi Grand Prix,Max Verstappen,max_verstappen,Red Bull,1,1.0,4.783376548262449,5.040630595512991,6.230813683869512,0.8447992263807073,1.674531841609745,2.942714910946849,3.952672762739629,2.9496384715702963,3.873689387450301,0.43578553615960086,0.3806733167082294,-0.8306050461926499,-0.9658137081256823,1.5610338582734895
2023-22,2023,22,Abu Dhabi Grand Prix,Lando Norris,norris,McLaren,5,0.0,2.140515814116565,0.9052735369055254,1.6189756185081123,-3.5918908385362727,-3.496318656182689,-1.3433086508153735,-0.9386715188372884,-1.3464691604676418,-0.9199147308874704,0.07194513715710722,0.0973815461346633,-2.631851434352461,-2.3291185510208745,-1.7852614765948747
2023-22,2023,22,Abu Dhabi Grand Prix,Esteban Ocon,ocon,Alpine F1 Team,12,0.0,-0.7650759600360939,0.4376865518761689,0.3569273921266098,-6.320148653042707,-6.015965104749637,-2.941231050583269,-2.829518856311513,-2.948151120009813,-2.772978645894149,0.0058603491271820435,0.0056109725685785,-5.139546099150502,-5.18303121109025,-3.9845324777310074
2023-22,2023,22,Abu Dhabi Grand Prix,Sergio Pérez,perez,Red Bull,9,0.0,0.3658083832549484,2.344564669628214,1.4843522603301136,-1.7014169670433008,-4.0836769559755215,0.3215738512924565,-1.299662347822704,0.322330443800299,-1.2736921435763144,0.04326683291770573,0.0534912718204488,-3.1403689209137013,-2.9282367819325446,-2.2200156343682025
2023-22,2023,22,Abu Dhabi Grand Prix,Oscar Piastri,piastri,McLaren,3,0.0,3.2522945398783696,0.3238458717367501,1.610070492291764,-4.3434037917926,-3.110376765164132,-2.009778960027925,-0.7501531364361841,-2.014507527656994,-0.7351633737474714,0.1320448877805486,0.1203241895261845,-2.024613355259154,-2.1175655995215745,-1.3873832458476691
2023-22,2023,22,Abu Dhabi Grand Prix,Daniel Ricciardo,ricciardo,AlphaTauri,15,0.0,-1.7944231840862792,-2.3569218100667064,-2.524368997081691,-6.442893596431073,-6.346289724842794,-4.39990770324889,-4.435329360962243,-4.410259717848637,-4.346701411097289,0.0006234413965087281,0.0021197007481296,-7.38025578842646,-6.15648035680438,-5.907792574694351
2023-22,2023,22,Abu Dhabi Grand Prix,George Russell,russell,Mercedes,4,0.0,2.667093935434244,1.2573272045945645,1.6816932447678643,-4.134259640104779,-4.021443729322685,-1.4384662177551073,-1.16987524227741,-1.4418506122223933,-1.1464984790468395,0.07892768079800497,0.0931421446384039,-2.5392232787163844,-2.3736285157277437,-1.8545492604968972
2023-22,2023,22,Abu Dhabi Grand Prix,Carlos Sainz,sainz,Ferrari,16,0.0,-2.120480108275436,2.08618587854206,0.0152999469419703,-3.9234213256805193,-5.626907534072119,-0.9186177235692295,-2.805803793565074,-0.9207790289254656,-2.749737463940112,0.006608478802992517,0.0081047381546134,-5.019401787308438,-4.815306430964931,-3.912602790436756
2023-22,2023,22,Abu Dhabi Grand Prix,Logan Sargeant,sargeant,Williams,20,0.0,-3.358639290261881,-1.2674243934724116,-2.231098902548297,-6.3676705913430425,-6.115404439831159,-3.8175474924077273,-4.173251671189728,-3.826529341583212,-4.089860628543959,0.0011221945137157106,0.0013715710723192,-6.792469123524341,-6.591798428062191,-5.482860397357035
2023-22,2023,22,Abu Dhabi Grand Prix,Lance Stroll,stroll,Aston Martin,13,0.0,-1.1176719820546548,-0.2455620150768724,-0.5147028386147718,-5.400437808526254,-5.979477721229183,-2.8229999118015634,-3.2470902799219776,-2.829641809376023,-3.182206044476277,0.00511221945137157,0.0091022443890274,-5.276121634156253,-4.699234259712172,-4.261605957039115
2023-22,2023,22,Abu Dhabi Grand Prix,Yuki Tsunoda,tsunoda,AlphaTauri,6,0.0,1.6555790542210715,-2.356474979741338,-0.6614899143853339,-6.571293864354844,-5.7401534653673485,-4.463884422048091,-3.2008216898763413,-4.474386959788713,-3.136862005900252,0.010598503740648378,0.0110972568578553,-4.547042444370244,-4.501057331128425,-3.8739320671232926
2023-22,2023,22,Abu Dhabi Grand Prix,Guanyu Zhou,zhou,Alfa Romeo,19,0.0,-3.057920072052072,-2.2278686175804885,-3.030977558412577,-6.441331457570286,-6.525727021933248,-4.334600037575387,-4.778352290172912,-4.344798397609147,-4.682869963440213,0.0011221945137157106,0.0006234413965087,-6.792469123524341,-7.380255788426505,-5.7854107068486265
2024-01,2024,1,Bahrain Grand Prix,Alexander Albon,albon,Williams,13,0.0,-1.1206163163258585,-1.1383782098001385,-1.237955364745632,-6.156570299589341,-5.98709199071015,-3.64747425469474,-3.612523677727891,-3.6680414450332903,-3.546482808053056,0.0058603491271820435,0.0066084788029925,-5.139546099150502,-5.019401787308441,-4.376034888439197
2024-01,2024,1,Bahrain Grand Prix,Fernando Alonso,alonso,Aston Martin,6,0.0,1.656654066496551,1.0177060114504295,1.651761426593779,-4.90245238541361,-4.415856398728193,-1.94237318698159,-1.3820474860672072,-1.9533257410657563,-1.356782151898047,0.03753117206982543,0.0410224438902743,-3.282583436111685,-3.1936359500951887,-2.332315461089446
2024-01,2024,1,Bahrain Grand Prix,Valtteri Bottas,bottas,Sauber,16,0.0,-2.1240258659120888,-1.177713983884846,-1.944890693304149,-5.530995320628365,-6.190845394438513,-3.354354652256605,-4.067868043871331,-3.3732690148479705,-3.993502982959481,0.00311720698254364,0.0051122194513715,-5.77081787599236,-5.276121634156266,-4.9193429599318454
2024-01,2024,1,Bahrain Grand Prix,Pierre Gasly,gasly,Alpine F1 Team,20,0.0,-3.362389821842191,-0.0277645153609407,-1.8172399984752028,-6.118023267924513,-6.323631156940772,-3.072893891642727,-4.070435577707988,-3.0902211677648928,-3.996023579479564,0.004114713216957605,0.0071072319201995,-5.49318613939408,-4.94664243302601,-4.781810858551034
2024-01,2024,1,Bahrain Grand Prix,Lewis Hamilton,hamilton,Mercedes,9,0.0,0.3645497127829239,1.350582639877144,0.8417739931178877,-3.7793475490399073,-4.864507599480683,-1.2143824545813815,-2.0113668031813976,-1.2212300519441388,-1.9745968260775413,0.031047381546134657,0.0455112219451371,-3.472240804395853,-3.08979634727807,-2.741803803788625
2024-01,2024,1,Bahrain Grand Prix,Nico Hülkenberg,hulkenberg,Haas F1 Team,10,0.0,-0.0268866729134762,-2.147950789447258,-1.4682851075478247,-6.492490317825978,-5.943220958669966,-4.320220553636618,-3.7057530331088953,-4.344581191224888,-3.638007829218468,0.006109725685785534,0.0103491271820448,-5.097873402749934,-4.57085309306397,-4.401813217929415
2024-01,2024,1,Bahrain Grand Prix,Kevin Magnussen,kevin_magnussen,Haas F1 Team,15,0.0,-1.7978180420151917,-2.264548721464209,-2.379762446941705,-6.414590555519852,-6.092454688354303,-4.33956963849203,-4.236108567648004,-4.364039380705394,-4.158667886616828,0.001870324189526184,0.0036159600997506,-6.28164349975835,-5.622397870874092,-5.258876033703177
2024-01,2024,1,Bahrain Grand Prix,Charles Leclerc,leclerc,Ferrari,2,0.0,3.936758765827239,2.5202050942059016,3.5081146527782727,-3.1945523309275123,-2.093118759102824,-0.3371736183608054,0.7074979468377245,-0.3390748556284951,0.6945641133543933,0.12481296758104736,0.1145885286783042,-2.0809389215453398,-2.1664075785048733,-0.6867204873538076
2024-01,2024,1,Bahrain Grand Prix,Max Verstappen,max_verstappen,Red Bull,1,1.0,4.79424584761931,5.49484236417093,6.6873055067709615,1.026904672998123,1.8447652025916603,3.2608735185845266,4.266035354681311,3.2792607645644933,4.188047579369635,0.3602244389027431,0.2899002493765586,-1.021028000394325,-1.2382183828391033,1.6225036771434929
2024-01,2024,1,Bahrain Grand Prix,Lando Norris,norris,McLaren,7,0.0,1.202351595047669,1.432889979218371,1.68161604168883,-4.166416675676003,-4.68102510008882,-1.3667633482288162,-1.4997045291999949,-1.3744701831419333,-1.4722882960624033,0.05773067331670822,0.0692019950124688,-2.851966646774326,-2.6707255871141258,-2.1758355879871605
2024-01,2024,1,Bahrain Grand Prix,Esteban Ocon,ocon,Alpine F1 Team,19,0.0,-3.061672655868043,0.3921156459423362,-1.202826556961835,-5.9451700235797125,-6.229349479877822,-2.776527188818688,-3.716088018419829,-2.7921833276109207,-3.648153879735086,0.007356608478802991,0.006857855361596,-4.912156256954841,-4.98236051562809,-4.314122137687335
2024-01,2024,1,Bahrain Grand Prix,Sergio Pérez,perez,Red Bull,5,0.0,2.1427008097539457,2.633974692803436,2.670191186356514,-1.860605757678252,-2.9079541799635407,0.3866844675625919,-0.118881496803513,0.3888648840617857,-0.116708213487599,0.12107231920199499,0.1245635910224439,-2.1113672325692354,-2.0829389222120067,-1.1151243646863742
2024-01,2024,1,Bahrain Grand Prix,Oscar Piastri,piastri,McLaren,8,0.0,0.7731811128580355,0.9365267692088318,1.096092235318354,-4.3324669878686,-4.842999754006003,-1.6979701093298838,-1.8734537593438247,-1.707544535902685,-1.8392049829758117,0.0355361596009975,0.0529925187032419,-3.33720452059191,-2.9376045319361435,-2.6053291399678673
2024-01,2024,1,Bahrain Grand Prix,Daniel Ricciardo,ricciardo,RB F1 Team,14,0.0,-1.4636385281921993,-1.1919330582291896,-1.8038240122227496,-5.286402035697349,-5.844228506941081,-3.239167546963269,-3.824026259581915,-3.2574323984261966,-3.754118892220095,0.009351620947630921,0.0123441396508728,-4.67220558732425,-4.394573850725972,-4.248115923453082
2024-01,2024,1,Bahrain Grand Prix,George Russell,russell,Mercedes,3,0.0,3.257556117950928,1.2803413234300285,1.946662922620085,-3.844178726416828,-3.027028488964372,-1.2819187014934,-0.5401827831721434,-1.2891471187737211,-0.530307653216871,0.09139650872817953,0.092643391521197,-2.392547998973909,-2.378997656142801,-1.466365391073026
2024-01,2024,1,Bahrain Grand Prix,Carlos Sainz,sainz,Ferrari,4,0.0,2.670640283960057,1.9491089801582335,2.3961647613208594,-4.260974041489717,-4.353280952050741,-1.1559325306657415,-0.9785580953649408,-1.1624505436019876,-0.96066898697136,0.06770573566084787,0.0746882793017456,-2.692584380926625,-2.5944321027451114,-1.835571238145783
2024-01,2024,1,Bahrain Grand Prix,Logan Sargeant,sargeant,Williams,18,0.0,-2.755366555146926,-1.5325995641764525,-2.257025327893259,-6.418844022138648,-6.111175579109875,-3.9757217931575504,-4.184100453501567,-3.998139888843284,-4.107610537474245,0.004114713216957605,0.0041147132169576,-5.49318613939408,-5.493186139394082,-4.838643296447824
2024-01,2024,1,Bahrain Grand Prix,Lance Stroll,stroll,Aston Martin,12,0.0,-0.7677091904124664,-0.1998190237428756,-0.2779089146058681,-5.621949313120548,-5.839380296589748,-2.910884168431712,-3.058644605597808,-2.927297912454319,-3.0027292489663,0.014339152119700745,0.0193266832917705,-4.2447615724973105,-3.9462685839413174,-3.651703089047559
2024-01,2024,1,Bahrain Grand Prix,Yuki Tsunoda,tsunoda,RB F1 Team,11,0.0,-0.4036525452535991,-1.0440597562431173,-1.0114107443672915,-5.336799319583165,-5.862177143434117,-3.190429537913141,-3.436793943900704,-3.208419567995886,-3.373965605266488,0.013092269326683288,0.0125935162094763,-4.335733350703037,-4.374573184019302,-3.8862636473018703
2024-01,2024,1,Bahrain Grand Prix,Guanyu Zhou,zhou,Sauber,17,0.0,-2.442998764625948,-1.7256148795657051,-2.521163612072309,-5.637549008942762,-6.167928685698354,-3.6815819442542335,-4.344546148885332,-3.702341459279456,-4.265123110696333,0.003615960099750623,0.006857855361596,-5.622397870874086,-4.98236051562809,-4.9834720098797085
2024-02,2024,2,Saudi Arabian Grand Prix,Alexander Albon,albon,Williams,12,0.0,-0.7703277310531118,-1.0716976704526422,-1.1316034194848836,-6.150021070490885,-6.268229877917132,-3.610859370471764,-3.699916648701008,-3.6412443772658,-3.6386287308085783,0.00910224438902743,0.0051122194513715,-4.699234259712169,-5.276121634156266,-4.199575454206588
2024-02,2024,2,Saudi Arabian Grand Prix,Fernando Alonso,alonso,Aston Martin,4,0.0,2.6741714726977226,1.1773435252897166,2.1873946763800856,-4.892929433966705,-4.271236180026467,-1.857792954338494,-1.0419207518231903,-1.873426089209685,-1.0246616728894593,0.054488778054862845,0.0457605985037406,-2.90976050576497,-3.084331852805991,-1.9758406287940802
2024-02,2024,2,Saudi Arabian Grand Prix,Oliver Bearman,bearman,Ferrari,11,0.0,-0.405894642301423,0.1678638541627518,-0.2939452680605108,-3.941798735278829,-5.07523123724875,-1.8869674405580383,-2.6845882526546303,-1.902846075702445,-2.640118919957246,0.01059850374064838,0.0125935162094763,-4.547042444370244,-4.374573184019302,-3.615815348512437
2024-02,2024,2,Saudi Arabian Grand Prix,Valtteri Bottas,bottas,Sauber,16,0.0,-2.1275539886294457,-2.113247182595805,-2.946336658797353,-5.635674502581955,-6.323277661071359,-3.87446084258888,-4.634807159934356,-3.907064028408856,-4.558033084289969,0.0028678304239401495,0.0028678304239401,-5.854199484931411,-5.854199484931428,-5.244503322432884
2024-02,2024,2,Saudi Arabian Grand Prix,Pierre Gasly,gasly,Alpine F1 Team,18,0.0,-2.759070093987241,-1.0711932530198855,-2.520252240393368,-5.884460492167086,-6.329960190952111,-3.4778268725934858,-4.42510621567274,-3.507092424726697,-4.351805768078429,0.0028678304239401495,0.0021197007481296,-5.854199484931411,-6.15648035680438,-5.139652850302076
2024-02,2024,2,Saudi Arabian Grand Prix,Lewis Hamilton,hamilton,Mercedes,8,0.0,0.772573560350978,1.7579293731228869,1.339422336652938,-3.57578558660133,-4.864482200778192,-0.9089281067392216,-1.7625299320626269,-0.9165766424103724,-1.7333341960459447,0.035785536159601,0.0298004987531172,-3.3302114851009392,-3.5132301489290496,-2.546370708581783
2024-02,2024,2,Saudi Arabian Grand Prix,Nico Hülkenberg,hulkenberg,Haas F1 Team,15,0.0,-1.8011955763796497,-2.0767829189725378,-2.5208693496278283,-6.408193354663091,-6.506937591324476,-4.242488136817814,-4.513903470476152,-4.278188234117363,-4.439132125189221,0.0038653366583541147,0.0021197007481296,-5.555706496375414,-6.15648035680438,-5.034804983425783
2024-02,2024,2,Saudi Arabian Grand Prix,Kevin Magnussen,kevin_magnussen,Haas F1 Team,13,0.0,-1.1235447680423207,-2.161373390636736,-2.059481679427091,-6.409683532979296,-6.4105310278612,-4.285528461808015,-4.235006353644145,-4.321590738974756,-4.164854848537352,0.005361596009975062,0.0033665835411471,-5.228493585166998,-5.69385683485624,-4.731749969405572
2024-02,2024,2,Saudi Arabian Grand Prix,Charles Leclerc,leclerc,Ferrari,2,0.0,3.94425327968667,2.5821721295148863,3.4790527307989647,-3.115382795074735,-2.8186938309977454,-0.2666053327799242,0.3301794499006096,-0.2688487889815392,0.3247101345249834,0.1440149625935162,0.1519950124688279,-1.9378380779046662,-1.8839075713792888,-0.8038293140020283
2024-02,2024,2,Saudi Arabian Grand Prix,Max Verstappen,max_verstappen,Red Bull,1,1.0,4.80506125210941,5.283196114896919,6.480014957694427,0.96762068360825,1.741170419217848,3.1254083992525845,4.110592688456137,3.151708386513795,4.042502055315046,0.3440149625935162,0.333291770573566,-1.067070126643274,-1.0987369847216415,1.5217612809064316
2024-02,2024,2,Saudi Arabian Grand Prix,Lando Norris,norris,McLaren,6,0.0,1.6577264787660264,1.5140595760344306,1.8502773692097023,-4.352855364581596,-4.557071434227477,-1.4193978942735828,-1.353397032508887,-1.43134198021989,-1.330978450124502,0.05972568578553616,0.0664588528678304,-2.817993103449645,-2.711172276694716,-2.085695067979266
2024-02,2024,2,Saudi Arabian Grand Prix,Esteban Ocon,ocon,Alpine F1 Team,17,0.0,-2.4466343027331217,-0.6371159837143142,-1.901665438112306,-5.740798480198827,-6.186965911150169,-3.1889572319565707,-4.044315674631237,-3.215791976048594,-3.977322898703465,0.003117206982543641,0.0028678304239401,-5.77081787599236,-5.854199484931428,-4.907566775311798
2024-02,2024,2,Saudi Arabian Grand Prix,Sergio Pérez,perez,Red Bull,3,0.0,3.262793617735257,2.621437774500988,2.9719618348515704,-1.771124871028076,-1.7063565341237292,0.4251564517364558,0.6328026503639206,0.4287340991464275,0.6223204799368567,0.17294264339152118,0.1981296758104738,-1.7547952805457288,-1.6188335343238442,-0.5609963150909041
2024-02,2024,2,Saudi Arabian Grand Prix,Oscar Piastri,piastri,McLaren,5,0.0,2.1448776170280848,0.9569368523002524,1.6531517720484588,-4.23944193908688,-4.642063740210222,-1.6412525433933136,-1.4944559840808818,-1.6550635131833724,-1.469700805966706,0.06770573566084788,0.0754364089775561,-2.6925843809266246,-2.584465242829719,-2.0935201825037533
2024-02,2024,2,Saudi Arabian Grand Prix,Daniel Ricciardo,ricciardo,RB F1 Team,14,0.0,-1.4668179047450327,-1.658772337821652,-2.282873210736947,-5.368155751631133,-5.922623358651273,-3.5134640447263923,-4.10274828469411,-3.543029479963951,-4.034787591554195,0.007855361596009976,0.0041147132169576,-4.846558974469027,-5.493186139394082,-4.474653629581569
2024-02,2024,2,Saudi Arabian Grand Prix,George Russell,russell,Mercedes,7,0.0,1.202509039879481,1.6825791777675052,1.4715618074248922,-3.738821780178204,-5.10854416703322,-1.0281213012053494,-1.818491179804164,-1.036772835235637,-1.7883684638897197,0.04226932668329177,0.0412718204488778,-3.16369359348011,-3.1875753254834973,-2.491092386642137
2024-02,2024,2,Saudi Arabian Grand Prix,Logan Sargeant,sargeant,Williams,19,0.0,-3.0654080235249537,-1.6786063754322218,-2.631804867668772,-6.3827328105851535,-6.329683354271581,-4.030669593008688,-4.480744110970177,-4.064587259248923,-4.406522039706345,0.0028678304239401495,0.0021197007481296,-5.854199484931411,-6.15648035680438,-5.167471797950794
2024-02,2024,2,Saudi Arabian Grand Prix,Lance Stroll,stroll,Aston Martin,10,0.0,-0.0286764866075947,0.0331847478199816,0.2692043082249425,-5.622792488678215,-5.721640799950331,-2.7948038704291167,-2.726218245862694,-2.8183218548971447,-2.681059325845419,0.016084788029925186,0.0108478802992518,-4.129881296498888,-4.523785582205983,-3.428049771180791
2024-02,2024,2,Saudi Arabian Grand Prix,Yuki Tsunoda,tsunoda,RB F1 Team,9,0.0,0.3632997257847707,-1.484874553883299,-1.1080250018058768,-5.44745113099614,-5.776996235582663,-3.4661628424397195,-3.44251061869427,-3.4953302429699176,-3.3854865481070524,0.011097256857855361,0.0083541147132169,-4.50105733112842,-4.785001081469601,-3.971783974911345
2024-02,2024,2,Saudi Arabian Grand Prix,Guanyu Zhou,zhou,Sauber,20,0.0,-3.3661236674699864,-2.604728341416975,-3.9520785664494857,-5.5249845796321,-6.253431079231041,-4.064856460524537,-5.102754822840264,-4.0990618057063095,-5.018229346106288,0.003366583541147132,0.0013715710723192,-5.6938568348562315,-6.591798428062191,-5.3983058288482475
2024-03,2024,3,Australian Grand Prix,Alexander Albon,albon,Williams,12,0.0,-0.7729317545323742,-1.3566404780801573,-1.3407615362782987,-5.939252270991423,-6.162667601412005,-3.64794637453579,-3.751714568845152,-3.6894053826282778,-3.69628362897762,0.004614041651078689,0.0026187803965581,-5.378651092162804,-5.945046567083634,-4.5651828305039786
2024-03,2024,3,Australian Grand Prix,Fernando Alonso,alonso,Aston Martin,10,0.0,-0.0304552933621902,1.0508716155440927,0.6372849838116221,-4.422223043767625,-5.095619236454687,-1.685675714111766,-2.229167126321532,-1.7048334636775235,-2.196231564016257,0.01808205511909216,0.0145903479236812,-4.012835262386454,-4.227395070009276,-3.121001194353993
2024-03,2024,3,Australian Grand Prix,Valtteri Bottas,bottas,Sauber,13,0.0,-1.1264575184264438,-2.7360462824180254,-2.835368707460404,-6.135520789738168,-6.460768107874519,-4.435783536078096,-4.648068407667461,-4.486196334578235,-4.5793939934289325,0.002868188053373239,0.0011223344556677,-5.854074788877879,-6.792344427470889,-5.25107159827267
2024-03,2024,3,Australian Grand Prix,Pierre Gasly,gasly,Alpine F1 Team,17,0.0,-2.4502523138018395,-0.8662740972352216,-2.080156847457791,-6.19888995899762,-6.406058762844604,-3.532582028116421,-4.2431078051511975,-3.572729917327016,-4.1804166144215165,0.0036164110238184315,0.0011223344556677,-5.622273174820554,-6.792344427470889,-4.932690489985876
2024-03,2024,3,Australian Grand Prix,Lewis Hamilton,hamilton,Mercedes,11,0.0,-0.408123770027577,1.3424609887357153,0.3735217277153253,-3.9165575956392567,-5.348687187952625,-1.2870483034517708,-2.4875827301186497,-1.301675641836102,-2.4508291215489115,0.020576131687242802,0.0163362015213867,-3.8836235309064477,-4.114371681605878,-3.1856031305125487
2024-03,2024,3,Australian Grand Prix,Nico Hülkenberg,hulkenberg,Haas F1 Team,16,0.0,-2.1310646616317395,-1.997021151331352,-2.662332311774904,-6.15599289632365,-6.43665476842223,-4.076507023827501,-4.549493540098567,-4.122836635158878,-4.482275552636755,0.005362264621523881,0.0011223344556677,-5.228368889113466,-6.792344427470889,-4.888931214606016
2024-03,2024,3,Australian Grand Prix,Kevin Magnussen,kevin_magnussen,Haas F1 Team,14,0.0,-1.4699807182151448,-1.9682127365225437,-2.174009666803709,-6.16023040511991,-6.515618712881322,-4.064221570821227,-4.344814189842515,-4.110411557650674,-4.280620304707246,0.0021199650829280465,0.0013717421124828,-6.156355660750813,-6.591673732008697,-5.250584925296664
2024-03,2024,3,Australian Grand Prix,Charles Leclerc,leclerc,Ferrari,4,0.0,2.6776876424884963,2.749676947547154,2.920270859662839,-2.8766672366071937,-3.557937067497477,-0.0634951445300198,-0.3188331039173189,-0.0642167685454602,-0.3141223994416157,0.08816560668412522,0.0944007981045018,-2.428538338910456,-2.36020575136958,-1.3736857214138873
2024-03,2024,3,Australian Grand Prix,Max Verstappen,max_verstappen,Red Bull,1,0.0,4.815823351345464,5.801016492451245,6.98282561037098,0.7789744451193836,1.429373992859489,3.2899954687853143,4.206099801615235,3.32738635526236,4.143955397796172,0.3867065718917571,0.3642598827784013,-0.9500890857065797,-1.0098877024192876,1.6280053579543274
2024-03,2024,3,Australian Grand Prix,Lando Norris,norris,McLaren,3,0.0,3.2680072816371286,1.3836500168228816,2.308810386820652,-4.538689204064163,-3.368819619568048,-1.5775195936206403,-0.5300046163736982,-1.5954481459849277,-0.5221738889874279,0.12008978675645343,0.1273226088040903,-2.119515593008903,-2.061031186642363,-1.3247601046913007
2024-03,2024,3,Australian Grand Prix,Esteban Ocon,ocon,Alpine F1 Team,15,0.0,-1.804555974337163,-0.546426339129874,-1.3774535111412227,-6.135905462776169,-6.441468462181881,-3.341165900953021,-3.909460986661552,-3.379138340759948,-3.851699370501928,0.0038658186806334958,0.0008729267988527,-5.555581800321883,-7.043658855751744,-4.732521393491718
2024-03,2024,3,Australian Grand Prix,Sergio Pérez,perez,Red Bull,6,0.0,1.6587962922106134,3.159594414573594,3.0777798034326502,-1.9811034009637805,-3.0943798163498366,0.5892455068049067,-0.0083000064585931,0.5959422977461374,-0.0081773752854418,0.0939019827908717,0.1046265120339194,-2.365503777007135,-2.257358298339823,-1.186901891732864
2024-03,2024,3,Australian Grand Prix,Oscar Piastri,piastri,McLaren,5,0.0,2.1470462986331182,0.9823607582442628,1.5919060009766983,-4.488261352164096,-4.81090857627878,-1.7529502969599164,-1.6095012876510406,-1.772872623958662,-1.5857211819272825,0.06222721037535853,0.0779398927547075,-2.77696290905551,-2.5518173550706282,-2.1932320983532754
2024-03,2024,3,Australian Grand Prix,Daniel Ricciardo,ricciardo,RB F1 Team,18,0.0,-2.762756243907418,-2.219633085055464,-3.546145944962393,-5.528718728358812,-6.143347048258912,-3.874175906707138,-4.844746496610652,-3.918206019482118,-4.773166197310396,0.0023693727397431107,0.0003741114852225,-6.045130025640588,-7.8909567161391765,-5.444938261125619
2024-03,2024,3,Australian Grand Prix,George Russell,russell,Mercedes,7,0.0,1.2026683773137932,1.4323165406124625,1.1541944087806868,-3.752147354696129,-5.174903088366788,-1.1599154070418332,-2.0103543397930506,-1.1730978766589388,-1.9806516989133625,0.03753585235066717,0.0400299289188178,-3.2824587400581526,-3.218127881677013,-2.646406539925602
2024-03,2024,3,Australian Grand Prix,Carlos Sainz,sainz,Ferrari,2,1.0,3.951712130568615,2.239264001322084,3.3478901655356643,-3.7906773383275274,-3.0757760782514145,-0.7757066685027212,0.1360570436421249,-0.784522595532609,0.1340468241368062,0.12258386332460408,0.1323107619403915,-2.098959884659862,-2.022601866193046,-0.9814514205088686
2024-03,2024,3,Australian Grand Prix,Lance Stroll,stroll,Aston Martin,9,0.0,0.3620583048294285,-0.1242816055971376,0.1295858722010822,-4.887849111942292,-5.317620257816747,-2.506065358769715,-2.5940171928078324,-2.5345468585841844,-2.555691033290282,0.017333832148646967,0.013842124953236,-4.0550950716763365,-4.2800388034946995,-3.3245561322420842
2024-03,2024,3,Australian Grand Prix,Yuki Tsunoda,tsunoda,RB F1 Team,8,0.0,0.771971572132698,-2.0149775962792,-1.3912820907785808,-5.503098247218263,-6.039870485750685,-3.7590379217487313,-3.7155762882646326,-3.801759488245876,-3.660679285300085,0.004863449307893754,0.0048634493078937,-5.326007358677382,-5.326007358677393,-4.520791823471007
2024-03,2024,3,Australian Grand Prix,Guanyu Zhou,zhou,Sauber,19,0.0,-3.069126338096834,-3.2148241828707094,-4.2568789210078,-6.120370625914508,-6.48716172234025,-4.667597404392609,-5.372020321674025,-4.720644773704833,-5.292649641961166,0.003117595710188303,0.0008729267988527,-5.770693179938828,-7.043658855751744,-5.571356750806427
2024-04,2024,4,Japanese Grand Prix,Alexander Albon,albon,Williams,14,0.0,-1.4732411730664277,-0.961603011412132,-1.4232690079158616,-5.816237268323896,-6.220995403284377,-3.3889201398680138,-3.822132205600119,-3.3656485434260945,-3.6910555518192703,0.0016209476309226932,0.0013715710723192,-6.4247443433990234,-6.591798428062191,-5.123438274499572
2024-04,2024,4,Japanese Grand Prix,Fernando Alonso,alonso,Aston Martin,5,0.0,2.1513036014274447,1.6062624688602103,2.147647277880393,-4.41943706809578,-4.314466289337882,-1.4065872996177848,-1.0834095057287447,-1.3969283136735753,-1.046254932038903,0.03927680798004988,0.0432668329177057,-3.237121062034927,-3.140368920913702,-2.160265283881836
2024-04,2024,4,Japanese Grand Prix,Valtteri Bottas,bottas,Sauber,13,0.0,-1.1286284503099389,-2.3000715697888263,-2.2183487224303478,-6.308560145742823,-6.554100170984882,-4.3043158577658245,-4.386224446707615,-4.274758270845414,-4.23580274691298,0.002119700748129676,0.0008728179551122,-6.1564803568043445,-7.043783551805269,-5.27135240175598
2024-04,2024,4,Japanese Grand Prix,Pierre Gasly,gasly,Alpine F1 Team,17,0.0,-2.457000403384749,-1.249109777238415,-2.398633526075056,-6.324101897406235,-6.547732930959809,-3.786605837322325,-4.473183228517432,-3.760603347061751,-4.3197793539775615,0.002369077306733167,0.0016209476309226,-6.0452547216941195,-6.424744343399081,-5.259218975105776
2024-04,2024,4,Japanese Grand Prix,Lewis Hamilton,hamilton,Mercedes,7,0.0,1.2058674051517646,1.2881033416642789,1.1629077547482862,-3.879775985965003,-4.884881568291077,-1.295836322150362,-1.860986906771396,-1.2869378593069625,-1.7971660017508515,0.03478802992518703,0.0420199501246882,-3.358481919039195,-3.1696107705082004,-2.6097344129052953
2024-04,2024,4,Japanese Grand Prix,Nico Hülkenberg,hulkenberg,Haas F1 Team,12,0.0,-0.7740567281986851,-1.489584460355709,-1.3904942528749111,-6.2205473459158345,-6.499507265859607,-3.855065903135772,-3.945000759367259,-3.8285932999901946,-3.809710436875765,0.005361596009975062,0.0046134663341645,-5.228493585166998,-5.3787757882163545,-4.5867471722671285
2024-04,2024,4,Japanese Grand Prix,Kevin Magnussen,kevin_magnussen,Haas F1 Team,18,0.0,-2.770728956491807,-1.515618279268337,-2.4180026033191013,-6.245386607046585,-6.420778795972761,-3.880502443157461,-4.419390699645931,-3.853855168178429,-4.267831592451511,0.002119700748129676,0.0011221945137157,-6.1564803568043445,-6.79246912352435,-5.2879355282251375
2024-04,2024,4,Japanese Grand Prix,Charles Leclerc,leclerc,Ferrari,8,0.0,0.7744607492887192,3.337210043427952,2.474607495888439,-1.8311462178152755,-3.628474511514582,0.7530319128063384,-0.5769335078130715,0.7478608689164112,-0.5571480818805556,0.048503740648379055,0.0504987531172069,-3.026114357242114,-2.9858066337540228,-1.8015239325275927
2024-04,2024,4,Japanese Grand Prix,Max Verstappen,max_verstappen,Red Bull,1,1.0,4.8187999322005775,5.294818242969816,6.593108535022188,0.2401874017736502,1.0471380783228514,2.7675028223717333,3.82012330667252,2.74849847698264,3.689115546309023,0.3385286783042394,0.2841645885286783,-1.0831464684925245,-1.2582016716148758,1.3684884190899977
2024-04,2024,4,Japanese Grand Prix,Lando Norris,norris,McLaren,3,0.0,3.2725537768843607,2.079460222746955,3.002660508620153,-2.887729303357458,-2.040994685743206,-0.4041345403052514,0.4808329114384733,-0.4013593625075856,0.4643431707207885,0.1128428927680798,0.1362842892768079,-2.181758757160634,-1.9930122126840222,-0.8504629228610804
2024-04,2024,4,Japanese Grand Prix,Esteban Ocon,ocon,Alpine F1 Team,15,0.0,-1.808944923656956,-1.0129983255951889,-1.774630036674966,-6.365829965166839,-6.578471315885379,-3.6894141453810136,-4.176550676280172,-3.664079067080302,-4.033319553560022,0.002119700748129676,0.0008728179551122,-6.1564803568043445,-7.043783551805269,-5.166515516542258
2024-04,2024,4,Japanese Grand Prix,Sergio Pérez,perez,Red Bull,2,0.0,3.955866535814335,2.9648755440479304,3.90203776182582,-2.0618938788544754,-1.6587456180808764,0.4514908325967275,1.121646071872472,0.448390460791027,1.0831802088622746,0.2240648379052369,0.2088528678304239,-1.4958198140770012,-1.5661252566013937,-0.18708687110226463
2024-04,2024,4,Japanese Grand Prix,Oscar Piastri,piastri,McLaren,6,0.0,1.662594409135742,1.573107374765195,2.018382943109929,-3.77289277786711,-4.435756352621296,-1.0998927015509576,-1.2086867047556835,-1.092339776718417,-1.1672358599898625,0.05374064837905237,0.0629675810473815,-2.9235856107568123,-2.7651352715852013,-2.066136157756248
2024-04,2024,4,Japanese Grand Prix,Daniel Ricciardo,ricciardo,RB F1 Team,11,0.0,-0.4082519235898896,-1.7299284716145311,-1.5750453499423944,-5.798823623684789,-6.005615293739582,-3.76437604764966,-3.790330321840988,-3.738526208579701,-3.660344285621972,0.0036159600997506237,0.005361596009975,-5.622397870874086,-5.228493585167009,-4.706364096357537
2024-04,2024,4,Japanese Grand Prix,George Russell,russell,Mercedes,9,0.0,0.3637471115492878,1.4659397267855017,0.8417097186060576,-4.147215377585246,-4.975857160073806,-1.340637825399872,-2.067073720733874,-1.331431712195713,-1.9961852501479689,0.027556109725685785,0.033291770573566,-3.5915309993428073,-3.402445042460313,-2.8293023600383407
2024-04,2024,4,Japanese Grand Prix,Carlos Sainz,sainz,Ferrari,4,0.0,2.6822195016886603,3.0222789201563405,3.079327994040526,-2.0303161741306317,-3.3834376849637398,0.4959813730128546,-0.1520548454616066,0.4925754862173299,-0.1468402586126564,0.08516209476309226,0.1100997506234413,-2.46319884128977,-2.206368500256601,-1.3076268433756884
2024-04,2024,4,Japanese Grand Prix,Logan Sargeant,sargeant,Williams,19,0.0,-3.0783503887358754,-1.5710681994163274,-2.578998800043891,-6.180721167852962,-6.270745295116923,-3.8758946836346446,-4.424872047580407,-3.849279049979601,-4.273124962391817,0.0018703241895261845,0.0011221945137157,-6.28164349975835,-6.79246912352435,-5.3532577736693785
2024-04,2024,4,Japanese Grand Prix,Lance Stroll,stroll,Aston Martin,16,0.0,-2.136617238217541,0.6362779439605243,-0.5476079681536442,-5.140752713464658,-5.499663760465702,-2.2522373847520667,-3.023635864309673,-2.236771349157792,-2.919942938469802,0.006359102244389027,0.006857855361596,-5.0578680681362345,-4.98236051562809,-4.040751966222953
2024-04,2024,4,Japanese Grand Prix,Yuki Tsunoda,tsunoda,RB F1 Team,10,0.0,-0.0296426388717856,-1.276206065680267,-0.9973770272143586,-5.706466667084585,-5.772458917099973,-3.4913363663824257,-3.384917972157166,-3.46736148128389,-3.26883519499343,0.005112219451371571,0.0033665835411471,-5.276121634156253,-5.69385683485624,-4.33051980315671
2024-04,2024,4,Japanese Grand Prix,Guanyu Zhou,zhou,Sauber,20,0.0,-3.380340998367429,-2.78972078016712,-3.823882369654353,-6.381102585845353,-6.611238982313116,-4.585411683006236,-5.217560675983735,-4.553923820854624,-5.038629033246612,0.0028678304239401495,0.0013715710723192,-5.854199484931411,-6.591798428062191,-5.535880080457574
2024-05,2024,5,Chinese Grand Prix,Alexander Albon,albon,Williams,14,0.0,-1.476368818151224,-1.275977269317849,-1.9993130980125675,-5.950185690978144,-6.325327739432913,-3.6130814801479967,-4.16232041872274,-3.604194973129806,-4.031088244767992,0.001371571072319202,0.0013715710723192,-6.59179842806219,-6.591798428062191,-5.377059423392465
2024-05,2024,5,Chinese Grand Prix,Fernando Alonso,alonso,Aston Martin,3,0.0,3.277718635048152,1.4577024033832586,1.1656446964141325,-4.606251654587805,-4.278247566406707,-1.574274625602273,-1.5563014349962874,-1.570402639159166,-1.5072334152146365,0.04900249376558603,0.064214463840399,-3.015884088991299,-2.7455268001968243,-2.2860927619937934
2024-05,2024,5,Chinese Grand Prix,Valtteri Bottas,bottas,Sauber,10,0.0,-0.0314038686029354,-2.090962221171726,-1.5399017877490886,-6.077836395806663,-6.007569064754484,-4.0843993084891945,-3.773735426251786,-4.0743535779073055,-3.6547547966756895,0.002119700748129676,0.0011221945137157,-6.1564803568043445,-6.79246912352435,-4.965107891528065
2024-05,2024,5,Chinese Grand Prix,Pierre Gasly,gasly,Alpine F1 Team,15,0.0,-1.8122669113638783,-1.3775283606071342,-1.993078118788852,-6.209267641816117,-6.434934796873067,-3.7933980012116257,-4.214006457830959,-3.784067999066428,-4.081144694946736,0.0008728179551122195,0.0016209476309226,-7.043783551805247,-6.424744343399081,-5.628895004818103
2024-05,2024,5,Chinese Grand Prix,Lewis Hamilton,hamilton,Mercedes,18,0.0,-2.7743690501569334,1.252097579148387,0.2682840707460248,-3.775120974421071,-3.9870921366912726,-1.261511697636342,-1.859404032972624,-1.2584089631377788,-1.8007796098240323,0.00486284289276808,0.0036159600997506,-5.3261320547309134,-5.622397870874092,-3.592768043851769
2024-05,2024,5,Chinese Grand Prix,Nico Hülkenberg,hulkenberg,Haas F1 Team,9,0.0,0.3625173791457291,-1.60450785901165,-1.7033232198705763,-6.201112491177258,-6.063301091998104,-3.902810175094454,-3.88331215593434,-3.893211069676488,-3.760876724467835,0.005860349127182045,0.0033665835411471,-5.139546099150501,-5.69385683485624,-4.511429127542421
2024-05,2024,5,Chinese Grand Prix,Kevin Magnussen,kevin_magnussen,Haas F1 Team,17,0.0,-2.460574591852025,-1.7465437963247217,-1.821394459475312,-6.266637636061297,-6.207271372145173,-4.00659071619301,-4.014332915810242,-3.9967363587105966,-3.887766582005134,0.0008728179551122195,0.0003740648379052,-7.043783551805247,-7.891081412192549,-5.529058233807745
2024-05,2024,5,Chinese Grand Prix,Charles Leclerc,leclerc,Ferrari,6,0.0,1.6636528008244935,3.0643696922451493,2.77369374004184,-1.9592459887715608,-3.1309782743862296,0.5525618517367941,-0.178642267172195,0.5512028055042574,-0.1730099249393002,0.05723192019950125,0.0674563591022443,-2.860643490800015,-2.69627442201408,-1.519642878986105
2024-05,2024,5,Chinese Grand Prix,Max Verstappen,max_verstappen,Red Bull,1,1.0,4.829466604784338,5.454751067531793,6.598610566067955,0.4672423919429292,1.2672099746848786,2.9609967297373614,3.932910270376417,2.953714049187746,3.808911079341328,0.3961346633416459,0.3400249376558603,-0.9260010665910441,-1.0787363180149718,1.5034546018926864
2024-05,2024,5,Chinese Grand Prix,Lando Norris,norris,McLaren,4,0.0,2.68570178993466,2.360891699611136,2.825561352314009,-3.555391323024344,-4.03922327200716,-0.5972498117066039,-0.6068309598465751,-0.5957808537900705,-0.5876984236474159,0.09738154613466334,0.1148379052369077,-2.329118551020874,-2.1642336646052533,-1.4679747554337246
2024-05,2024,5,Chinese Grand Prix,Esteban Ocon,ocon,Alpine F1 Team,13,0.0,-1.13150968291345,-1.086380587959457,-1.351033388748499,-6.306776745877978,-6.459811683320238,-3.6965786669187177,-3.9054225360343686,-3.6874867954933546,-3.7822899950338544,0.001371571072319202,0.0011221945137157,-6.59179842806219,-6.79246912352435,-5.24861048204828
2024-05,2024,5,Chinese Grand Prix,Sergio Pérez,perez,Red Bull,2,0.0,3.963257390956037,3.126048157043626,3.813589016716548,-1.85340535924338,-2.142460954028429,0.6363213989001232,0.8355640313440593,0.634756342975362,0.8092198595166241,0.23628428927680797,0.23428927680798,-1.4427195833440334,-1.451198701447095,-0.30357777599998703
2024-05,2024,5,Chinese Grand Prix,Oscar Piastri,piastri,McLaren,5,0.0,2.1534505995940725,1.7673247580843865,2.212908347601876,-3.9491689623273567,-4.827000881914165,-1.090922102121485,-1.3070462671561445,-1.0882389390181706,-1.265836916158853,0.06820448877805486,0.07643391521197,-2.685244898438579,-2.57132876492435,-1.9961455827973618
2024-05,2024,5,Chinese Grand Prix,Daniel Ricciardo,ricciardo,RB F1 Team,12,0.0,-0.7766333414162192,-1.4598684908235553,-1.4397775081765714,-5.326709792318204,-6.022276606353556,-3.39328914157088,-3.731027057265064,-3.38494322190729,-3.613392963165425,0.0018703241895261845,0.0016209476309226,-6.28164349975835,-6.424744343399081,-5.006335278511707
2024-05,2024,5,Chinese Grand Prix,George Russell,russell,Mercedes,8,0.0,0.7738637663388044,1.489601263484309,0.979528559794183,-3.766124816796089,-5.0116606348955495,-1.1382617766558898,-2.016066037550684,-1.1354621798789093,-1.9525022792792095,0.023067331670822942,0.0300498753117206,-3.7693378757822353,-3.5048967673699085,-2.8927019566664596
2024-05,2024,5,Chinese Grand Prix,Carlos Sainz,sainz,Ferrari,7,0.0,1.2060241151851394,2.792700819569915,2.453996104875725,-2.1494800067015056,-3.734766705483116,0.3216104064342047,-0.640385300303695,0.3208193937903981,-0.6201948424164316,0.043017456359102244,0.0507481296758104,-3.1461492838292004,-2.9808805154179665,-1.8932672920664477
2024-05,2024,5,Chinese Grand Prix,Logan Sargeant,sargeant,Williams,20,0.0,-3.3840086042028847,-2.054266387145035,-3.1234732129207914,-6.168623295451745,-6.325641663400135,-4.11144484129839,-4.724557438160463,-4.10133259123211,-4.575598712927548,0.0011221945137157108,0.0001246882793017,-6.792469123524341,-8.989693700860926,-5.758513280842402
2024-05,2024,5,Chinese Grand Prix,Lance Stroll,stroll,Aston Martin,11,0.0,-0.4104582639417111,0.4303287149300435,0.0708601263079433,-5.708418991944193,-5.912886095300323,-2.639045138507075,-2.9210129844961896,-2.6325543097578423,-2.828917507564332,0.007855361596009976,0.005860349127182,-4.846558974469027,-5.139546099150509,-3.8837859794826084
2024-05,2024,5,Chinese Grand Prix,Yuki Tsunoda,tsunoda,RB F1 Team,19,0.0,-3.0820206935909145,-1.0240468925725594,-2.263038903093812,-5.828591336510437,-6.08743413763692,-3.426319114541498,-4.175236520365366,-3.4178919564424546,-4.043597119689206,0.0008728179551122195,0.0003740648379052,-7.043783551805247,-7.891081412192549,-5.6095100360853065
2024-05,2024,5,Chinese Grand Prix,Guanyu Zhou,zhou,Sauber,16,0.0,-2.1400866275824555,-2.4161246598248005,-2.106692399959466,-6.370591469001363,-6.302608719540246,-4.393358064413082,-4.204650559749856,-4.382552438387944,-4.072083775320189,0.0006234413965087282,0.0013715710723192,-7.38025578842646,-6.591798428062191,-5.792453174088158
2024-06,2024,6,Miami Grand Prix,Alexander Albon,albon,Williams,14,0.0,-1.4794803122678877,-1.3254037730307218,-1.4995096514561856,-6.017424197541369,-6.075149197594515,-3.6714139852860455,-3.78732942452535,-3.677087288394304,-3.676131387614738,0.00012468827930174563,0.0006234413965087,-8.98969370086056,-7.380255788426505,-6.388511562692955
2024-06,2024,6,Miami Grand Prix,Fernando Alonso,alonso,Aston Martin,15,0.0,-1.815572149068022,1.230744137153979,-0.2783645773856629,-4.5815157643646405,-5.463944511409475,-1.675385813605331,-2.871154544397569,-1.6779747266459069,-2.7868558966653336,0.002119700748129676,0.0023690773067331,-6.1564803568043445,-6.045254721694148,-4.513817450600957
2024-06,2024,6,Miami Grand Prix,Valtteri Bottas,bottas,Sauber,16,0.0,-2.143538919702116,-1.9381102573930096,-2.4108035331263737,-5.938984421747729,-6.287354281992518,-3.938547339570369,-4.349078907559446,-3.944633434179465,-4.221387602504679,0.0008728179551122195,0.0001246882793017,-7.043783551805247,-8.989693700860926,-5.6964312296823465
2024-06,2024,6,Miami Grand Prix,Pierre Gasly,gasly,Alpine F1 Team,12,0.0,-0.7791958725651095,-1.500921889621482,-1.2011008848073084,-6.11153865600303,-6.141139834075921,-3.806230272812256,-3.671120359441615,-3.812111902648618,-3.5633342834301125,0.0008728179551122195,0.0011221945137157,-7.043783551805247,-6.79246912352435,-5.357451955623431
2024-06,2024,6,Miami Grand Prix,Lewis Hamilton,hamilton,Mercedes,8,0.0,0.773272020375948,1.497430116589248,0.7225971936036039,-3.563327271846565,-4.477486515973025,-1.0329485776286584,-1.8774446611847109,-1.0345447556678602,-1.822321872187233,0.013840399002493765,0.0128428927680798,-4.280163499548226,-4.354964712630925,-3.0788040803664685
2024-06,2024,6,Miami Grand Prix,Nico Hülkenberg,hulkenberg,Haas F1 Team,9,0.0,0.3612958343859757,-1.5069843663107294,-0.6586380787243031,-6.264053263764225,-6.053771190237607,-3.885518815037477,-3.3562046344809557,-3.891522966587505,-3.2576646541962053,0.0026184538653366584,0.0021197007481296,-5.945171263137137,-6.15648035680438,-4.650687948809047
2024-06,2024,6,Miami Grand Prix,Kevin Magnussen,kevin_magnussen,Haas F1 Team,18,0.0,-2.7779920177612025,-1.7866504172020274,-2.6437015567063904,-6.344994598894184,-6.206286844051923,-4.065822508048106,-4.424994200379157,-4.072105276367065,-4.295073981335979,0.00012468827930174563,0.0001246882793017,-8.98969370086056,-8.989693700860926,-6.707343950619858
2024-06,2024,6,Miami Grand Prix,Charles Leclerc,leclerc,Ferrari,2,0.0,3.970613296714108,3.042276129642847,4.022968238176389,-1.7089965195479415,-0.8060333926504193,0.6666398050474527,1.6084674227629852,0.66766993940256,1.56124195072253,0.1607231920199501,0.1544887780548628,-1.828071697921373,-1.867633819231418,-0.10980213757919388
2024-06,2024,6,Miami Grand Prix,Max Verstappen,max_verstappen,Red Bull,1,0.0,4.840081199863671,5.380917888093851,6.501289783168909,0.4318866626705388,1.127642030457573,2.9064022753821948,3.814465906813241,2.9108934335923173,3.70247112813004,0.42830423940149626,0.4148379052369077,-0.8479214962041105,-0.8798674248420835,1.4832722053045653
2024-06,2024,6,Miami Grand Prix,Lando Norris,norris,McLaren,5,1.0,2.155589446251863,2.666644230468801,1.888261167988376,-3.0225586626055905,-3.570802920689633,-0.1779572160683946,-0.8412708763506289,-0.1782322069114606,-0.8165707091683183,0.06770573566084788,0.0669576059850374,-2.6925843809266246,-2.7036956063516957,-1.7669276286386268
2024-06,2024,6,Miami Grand Prix,Esteban Ocon,ocon,Alpine F1 Team,13,0.0,-1.134375642887133,-1.2167278556891856,-1.5220552398911595,-6.233859199988362,-6.213602108333216,-3.7252935278387738,-3.867828674112188,-3.731050089053436,-3.754267135767328,0.0016209476309226932,0.0006234413965087,-6.4247443433990234,-7.380255788426505,-5.146286508755606
2024-06,2024,6,Miami Grand Prix,Sergio Pérez,perez,Red Bull,4,0.0,2.6891692075745715,3.033420760487078,3.1143698417902463,-1.9643905205499108,-2.5981465897966243,0.5345151199685837,0.258111625996811,0.5353410868314007,0.2505333292875807,0.1437655860349127,0.1569825436408977,-1.9395711805915012,-1.8516206668162134,-0.8407297772973451
2024-06,2024,6,Miami Grand Prix,Oscar Piastri,piastri,McLaren,6,0.0,1.664708436886401,1.9517705690980032,2.37471767454668,-3.9648727063601976,-4.430537609631688,-1.0065510686310972,-1.0279099675425043,-1.0081064555553645,-0.9977299758651492,0.03653366583541147,0.0392768079800498,-3.309521091843493,-3.237121062034929,-2.1687155296929985
2024-06,2024,6,Miami Grand Prix,Daniel Ricciardo,ricciardo,RB F1 Team,20,0.0,-3.387659823247029,-0.9721050963728068,-1.0876700656215426,-5.739143846759117,-5.487888992172425,-3.355624471565962,-3.2877795288969835,-3.3608097965718,-3.191248546659002,0.0011221945137157108,0.0003740648379052,-6.792469123524341,-7.891081412192549,-5.0401243262106625
2024-06,2024,6,Miami Grand Prix,George Russell,russell,Mercedes,7,0.0,1.2061824628055653,1.5945982002252537,1.221757921439083,-3.737312454225809,-4.840253203123388,-1.0713571270002775,-1.8092476408421525,-1.0730126563802456,-1.7561271531855982,0.021072319201995014,0.0238154613466334,-3.8597949859374867,-3.737420272813931,-2.8345213133898195
2024-06,2024,6,Miami Grand Prix,Carlos Sainz,sainz,Ferrari,3,0.0,3.282860040693327,2.794966861224955,3.2088436755098297,-1.8340623812826995,-2.621790947717371,0.4804522399711278,0.2935263638962293,0.4811946654228263,0.2849082713597288,0.11059850374064838,0.1185785536159601,-2.2018487185509805,-2.13217963831517,-0.9541611773273756
2024-06,2024,6,Miami Grand Prix,Logan Sargeant,sargeant,Williams,17,0.0,-2.464131564352446,-2.1383268136647064,-2.0210619782406427,-6.199966420422276,-6.120029625735939,-4.169146617043491,-4.070545801988291,-4.175589048367241,-3.95103237930984,0.0003740648379052369,0.0001246882793017,-7.891081412192451,-8.989693700860926,-5.98081360709037
2024-06,2024,6,Miami Grand Prix,Lance Stroll,stroll,Aston Martin,11,0.0,-0.4126520649525145,0.0612577560109706,-0.7270050873757656,-5.550185984225122,-5.85938094742036,-2.744464114107076,-3.2931930173980626,-2.748705035139536,-3.1965030922146216,0.005860349127182045,0.0038653366583541,-5.139546099150501,-5.555706496375418,-4.216369558274282
2024-06,2024,6,Miami Grand Prix,Yuki Tsunoda,tsunoda,RB F1 Team,10,0.0,-0.0331545031517516,-0.8065709754712713,-0.3166255260868428,-5.802188730655561,-5.655840322814517,-3.3043798530634163,-2.98623292445068,-3.3094859916155883,-2.898555513342358,0.0016209476309226932,0.0006234413965087,-6.4247443433990234,-7.380255788426505,-4.705488633924851
2024-06,2024,6,Miami Grand Prix,Guanyu Zhou,zhou,Sauber,19,0.0,-3.0856741537543924,-2.4409576665986825,-2.8524190065084665,-5.947120356704718,-6.258279430799591,-4.1940390116517,-4.555349218654029,-4.200519908291611,-4.4216017058878,0.00012468827930174563,0.0001246882793017,-8.98969370086056,-8.989693700860926,-6.772521459757295
2024-07,2024,7,Emilia Romagna Grand Prix,Alexander Albon,albon,Williams,14,0.0,-1.4724848809605198,-1.2468392307656464,-1.6376774371098264,-5.821128191807135,-6.31159340972661,-3.5339837112863903,-3.9746354234182175,-3.500404788410721,-3.779753992842624,0.005361596009975063,0.0033665835411471,-5.228493585166998,-5.69385683485624,-4.601564504292607
2024-07,2024,7,Emilia Romagna Grand Prix,Fernando Alonso,alonso,Aston Martin,20,0.0,-3.3753100679381047,1.1412078555685383,-1.0983302178242744,-4.625635757320441,-5.628456183101173,-1.742213950875951,-3.363393200462724,-1.7256599221455575,-3.1984817535832266,0.008104738154613468,0.004364089775561,-4.815306430964923,-5.434345639371169,-4.089349815713824
2024-07,2024,7,Emilia Romagna Grand Prix,Valtteri Bottas,bottas,Sauber,16,0.0,-2.134473697321416,-2.0420612784488594,-2.799784733812154,-6.022134913401693,-6.2698394776142585,-4.032098095925276,-4.534812105713206,-3.9937862297562825,-4.3124644998558415,0.0051122194513715715,0.0006234413965087,-5.276121634156253,-7.380255788426505,-4.905466869934729
2024-07,2024,7,Emilia Romagna Grand Prix,Pierre Gasly,gasly,Alpine F1 Team,15,0.0,-1.807500467244432,-0.9929624906940256,-1.5383823746375371,-5.379300466820244,-6.026613656010463,-3.1861314787571344,-3.782498015324,-3.155857750314288,-3.597037326267457,0.004114713216957607,0.0021197007481296,-5.49318613939408,-6.15648035680438,-4.63784207735904
2024-07,2024,7,Emilia Romagna Grand Prix,Lewis Hamilton,hamilton,Mercedes,8,0.0,0.7714055126779769,1.625826550591002,1.4940587445973563,-3.855104847717464,-4.626570471451097,-1.114639148563231,-1.5662558634268704,-1.1040481597354466,-1.4894603461541094,0.028802992518703247,0.033291770573566,-3.5472759903387665,-3.402445042460313,-2.5567659268828185
2024-07,2024,7,Emilia Romagna Grand Prix,Nico Hülkenberg,hulkenberg,Haas F1 Team,10,0.0,-0.0315019707145102,-1.3689578442212054,-0.961970600100165,-6.08948649323,-6.248425252687115,-3.7292221687256015,-3.60519792639364,-3.693788144740164,-3.4284304862243653,0.008603491271820451,0.006359102244389,-4.755587196263301,-5.057868068136239,-4.18039256132847
2024-07,2024,7,Emilia Romagna Grand Prix,Kevin Magnussen,kevin_magnussen,Haas F1 Team,18,0.0,-2.7671583766800016,-1.811858236679161,-2.602994908393589,-6.044833459778103,-6.3332332561435,-3.928345848228632,-4.468114082268545,-3.8910198068421513,-4.249036765341047,0.003615960099750624,0.0013715710723192,-5.622397870874086,-6.591798428062191,-5.045255976571315
2024-07,2024,7,Emilia Romagna Grand Prix,Charles Leclerc,leclerc,Ferrari,3,0.0,3.26717207688257,3.467673600026925,3.852400866903809,-1.78475973219303,-2.014996659848581,0.8414569339169475,0.918702103527614,0.8334616459372785,0.8736569707958437,0.12655860349127185,0.1415211970074813,-2.067049809384672,-1.955305770945057,-0.5741738529285291
2024-07,2024,7,Emilia Romagna Grand Prix,Max Verstappen,max_verstappen,Red Bull,1,1.0,4.813231403558116,5.861684777403694,7.073230410889017,0.4752448146907898,1.2407737536002348,3.1684647960472416,4.157002082244626,3.1383589314726663,3.953178982415045,0.3527431421446385,0.3218204488778055,-1.0420151295589928,-1.1337615011419464,1.5574934763428163
2024-07,2024,7,Emilia Romagna Grand Prix,Lando Norris,norris,McLaren,2,0.0,3.9502693082646343,2.0581869017417223,3.157962708357504,-2.177846591469008,-1.12307678727163,-0.0598298448636427,1.0174429605429367,-0.0592613584442165,0.9675564379926112,0.1592269326683292,0.1731920199501246,-1.8374248448280206,-1.753354358106217,-0.40999094214254195
2024-07,2024,7,Emilia Romagna Grand Prix,Esteban Ocon,ocon,Alpine F1 Team,12,0.0,-0.7746389969718135,-0.6264244834047916,-0.7152174764336715,-5.948976793935102,-6.265332862922972,-3.2877006386699468,-3.4902751696783216,-3.2564618285329296,-3.3191425384533884,0.00660847880299252,0.0056109725685785,-5.019401787308438,-5.18303121109025,-4.2548384784933795
2024-07,2024,7,Emilia Romagna Grand Prix,Sergio Pérez,perez,Red Bull,11,0.0,-0.4094814288908264,3.4949642605383904,2.333434967007325,-1.9411738033145365,-4.082134747925673,0.776895228611927,-0.8743498904591742,0.769513387863561,-0.8314794031504898,0.034788029925187036,0.0385286783042394,-3.3584819190391944,-3.2563524239628148,-2.1164159047491844
2024-07,2024,7,Emilia Romagna Grand Prix,Oscar Piastri,piastri,McLaren,5,0.0,2.1466865882850854,1.131604447660329,1.7196838152135847,-3.864683315103744,-3.766123286650489,-1.3665394337217076,-1.023219735718452,-1.353554958975841,-0.9730499705331708,0.07418952618453867,0.0846633416458852,-2.60113229531493,-2.4690725733018652,-1.812176015516691
2024-07,2024,7,Emilia Romagna Grand Prix,Daniel Ricciardo,ricciardo,RB F1 Team,9,0.0,0.3612780498574227,-1.024867158787239,-0.4325620500263241,-5.803075776447691,-5.508673952705602,-3.413971467617465,-2.9706180013659638,-3.381532867449403,-2.824964822111113,0.009351620947630925,0.006359102244389,-4.67220558732425,-5.057868068136239,-3.8214117943451065
2024-07,2024,7,Emilia Romagna Grand Prix,George Russell,russell,Mercedes,6,0.0,1.65845752197448,1.8382010215393907,1.9974252689105627,-3.683523184588521,-4.172325611179095,-0.9226610815245648,-1.087450171134266,-0.9138942144906428,-1.0341311059989624,0.043516209476309235,0.0427680798004987,-3.1346217786581327,-3.1519632536946216,-2.1110359748961995
2024-07,2024,7,Emilia Romagna Grand Prix,Carlos Sainz,sainz,Ferrari,4,0.0,2.6771797501506,3.2252950725730245,3.473186019407428,-2.450338138427051,-3.720048561409024,0.3874784670729867,-0.123431271000798,0.3837967552642217,-0.1173792787781473,0.09513715710723193,0.1083541147132169,-2.352435669576103,-2.2223505755951685,-1.2379334702884504
2024-07,2024,7,Emilia Romagna Grand Prix,Logan Sargeant,sargeant,Williams,19,0.0,-3.0740534616716677,-1.8504786626195315,-2.810540144502245,-6.223964558085144,-6.357669241200833,-4.037221610352337,-4.584104692851539,-3.99886106198505,-4.359340208746249,0.0018703241895261847,0.0011221945137157,-6.28164349975835,-6.79246912352435,-5.4328740963049444
2024-07,2024,7,Emilia Romagna Grand Prix,Lance Stroll,stroll,Aston Martin,13,0.0,-1.1285482091659782,-0.2070342730215338,-0.8006910779299974,-5.616613229762396,-6.031903622547783,-2.9118237513919647,-3.41629735023889,-2.884156418103679,-3.2487919456014005,0.013840399002493767,0.0083541147132169,-4.280163499548226,-4.785001081469601,-3.8482304248935577
2024-07,2024,7,Emilia Romagna Grand Prix,Yuki Tsunoda,tsunoda,RB F1 Team,7,0.0,1.2022541294896836,-0.6298916084973708,0.2824301923390175,-5.938465109020805,-5.61178278163927,-3.284178358759088,-2.664676294650126,-3.2529730163387143,-2.5340238264356474,0.013591022443890276,0.0145885286783042,-4.298345818631416,-4.227519766062807,-3.4815110566407714
2024-07,2024,7,Emilia Romagna Grand Prix,Guanyu Zhou,zhou,Sauber,17,0.0,-2.454147867099779,-2.5115641177335064,-3.2340256855697125,-5.89549354681914,-6.267091649679129,-4.203528832276323,-4.7505586676244205,-4.163588079291562,-4.517632733405341,0.004862842892768081,0.0016209476309226,-5.3261320547309134,-6.424744343399081,-5.038345361177667
2024-08,2024,8,Monaco Grand Prix,Alexander Albon,albon,Williams,9,0.0,0.3600434122887169,-1.318461972284588,-0.6631359785311303,-5.773992647316731,-6.156311274948533,-3.54622730980066,-3.409723626739832,-3.526141204923796,-3.250514013259934,0.006109725685785536,0.0023690773067331,-5.097873402749934,-6.045254721694148,-4.253798514744883
2024-08,2024,8,Monaco Grand Prix,Fernando Alonso,alonso,Aston Martin,14,0.0,-1.4755425337404726,0.2363826465648205,-0.8426263937015747,-5.115179981143644,-5.907462408555662,-2.439398667289412,-3.3750444011286183,-2.4255817251739864,-3.217454058507521,0.005610972568578554,0.004364089775561,-5.18303121109024,-5.434345639371169,-4.279037806109429
2024-08,2024,8,Monaco Grand Prix,Valtteri Bottas,bottas,Sauber,17,0.0,-2.45761220197744,-2.036435839379572,-2.970337781898196,-6.379796223533973,-6.636251320002761,-4.208116031456773,-4.803294550950478,-4.184280937832556,-4.579015180361692,0.0003740648379052369,0.0001246882793017,-7.891081412192451,-8.989693700860926,-6.347187981571464
2024-08,2024,8,Monaco Grand Prix,Pierre Gasly,gasly,Alpine F1 Team,10,0.0,-0.033252011848321,-1.7084292601990272,-1.2851283729681435,-5.255807062157828,-5.614267150461065,-3.482118161178428,-3.4496977617146043,-3.4623951754618143,-3.288621643123085,0.003117206982543641,0.0036159600997506,-5.77081787599236,-5.622397870874092,-4.610257818853482
2024-08,2024,8,Monaco Grand Prix,Lewis Hamilton,hamilton,Mercedes,7,0.0,1.2023713743998958,1.3103530325983948,1.4127393232122991,-4.024902788020852,-4.5319472816014645,-1.357274877711229,-1.5596039791945828,-1.3495871681656235,-1.4867816704414558,0.03054862842892768,0.0372817955112219,-3.488435490315833,-3.289250127469875,-2.524019734755208
2024-08,2024,8,Monaco Grand Prix,Nico Hülkenberg,hulkenberg,Haas F1 Team,19,0.0,-3.0775888172955077,-1.325570077975197,-2.1355599001427783,-5.746124209766213,-6.434972413203283,-3.535847143870705,-4.285266156673031,-3.515819833053921,-4.085174992945861,0.0018703241895261845,0.0006234413965087,-6.28164349975835,-7.380255788426505,-5.283454828215691
2024-08,2024,8,Monaco Grand Prix,Kevin Magnussen,kevin_magnussen,Haas F1 Team,20,0.0,-3.378830549016873,-1.7444801992717336,-2.5191304232634617,-6.049052536815482,-6.505516735074222,-3.896766368043608,-4.512323579168842,-3.874694782916269,-4.301630463955104,0.0011221945137157108,0.0003740648379052,-6.792469123524341,-7.891081412192549,-5.652396351346591
2024-08,2024,8,Monaco Grand Prix,Charles Leclerc,leclerc,Ferrari,1,1.0,4.823708350343264,3.451130520639961,5.035313777563769,-1.8987899116296032,-0.1868278325709654,0.7761703045051789,2.424242972496402,0.7717740160621025,2.3110482303754565,0.27668329177057355,0.2552369077306733,-1.2848817779279664,-1.3655631151992706,0.5696805972842178
2024-08,2024,8,Monaco Grand Prix,Max Verstappen,max_verstappen,Red Bull,6,0.0,1.6594576395401297,5.469730768017805,4.551776241449538,0.3672952938848484,-0.7588902388944478,2.9185130309513267,1.896443001277545,2.901982348143101,1.8078927285069792,0.10162094763092269,0.1325436408977556,-2.2865055876196974,-2.0208433225186124,-0.19503129317107615
2024-08,2024,8,Monaco Grand Prix,Lando Norris,norris,McLaren,4,0.0,2.680561594770528,2.684606415780259,3.135136412200908,-2.421675805851155,-2.6149946704873432,0.131465304964552,0.2600708708567822,0.1307206753419982,0.2479274283496608,0.13977556109725686,0.1435162094763092,-1.9677172777884002,-1.9413072921386778,-0.853823203465809
2024-08,2024,8,Monaco Grand Prix,Esteban Ocon,ocon,Alpine F1 Team,11,0.0,-0.4116611205142449,-1.296762095059486,-1.146119148313955,-5.873408973597069,-6.10583421031359,-3.585085534328277,-3.625976679313773,-3.564779333471939,-3.456669600853388,0.003366583541147132,0.0018703241895261,-5.6938568348562315,-6.281643499758395,-4.659916757085002
2024-08,2024,8,Monaco Grand Prix,Sergio Pérez,perez,Red Bull,16,0.0,-2.1378461971021694,2.9162942313072087,0.5903393950081666,-2.194516488077665,-4.420716939752813,0.3608888716147715,-1.915188772372323,0.358844769223446,-1.8257632066756748,0.013840399002493765,0.0110972568578553,-4.280163499548226,-4.501057331128425,-3.0976761359602745
2024-08,2024,8,Monaco Grand Prix,Oscar Piastri,piastri,McLaren,2,0.0,3.957506660479413,1.6650773683145752,3.0304800405443677,-3.7804706944145816,-2.706406797683209,-1.057696663050003,0.162036621430579,-1.0517057876080325,0.1544706745411482,0.1871571072319202,0.1806733167082294,-1.6758068692270982,-1.711064758539878,-0.7568851238982596
2024-08,2024,8,Monaco Grand Prix,Daniel Ricciardo,ricciardo,RB F1 Team,12,0.0,-0.7771740502517559,-1.05555042300637,-1.050994786946785,-5.581001620180993,-5.828164255626675,-3.318276021593681,-3.43957952128673,-3.2994810503869823,-3.278975851879944,0.0018703241895261845,0.0013715710723192,-6.28164349975835,-6.591798428062191,-4.86061151052254
2024-08,2024,8,Monaco Grand Prix,George Russell,russell,Mercedes,5,0.0,2.1487551322677136,1.513366637742744,1.900388824543696,-3.995178220467971,-3.759201090045881,-1.2409057913626136,-0.9294061327510924,-1.233877205293488,-0.886009538962455,0.06321695760598504,0.0662094763092269,-2.7611826972693767,-2.714931679618622,-1.8452944150102346
2024-08,2024,8,Monaco Grand Prix,Carlos Sainz,sainz,Ferrari,3,0.0,3.272211954741197,2.7784690236925265,3.366327983245466,-2.4890857986248185,-2.5284730901911634,0.1446916125338539,0.4189274465271513,0.1438720680855538,0.3993665424366693,0.15174563591022444,0.149002493765586,-1.885549607873033,-1.9037922364949493,-0.7333110806729408
2024-08,2024,8,Monaco Grand Prix,Logan Sargeant,sargeant,Williams,15,0.0,-1.810738841854962,-2.030776059640276,-2.132595989008148,-6.195226668385354,-6.403656656353187,-4.113001364012815,-4.268126322680668,-4.089705007197806,-4.068835466146618,0.001371571072319202,0.0008728179551122,-6.59179842806219,-7.043783551805269,-5.429962375371429
2024-08,2024,8,Monaco Grand Prix,Lance Stroll,stroll,Aston Martin,13,0.0,-1.131373452179527,-0.4819131059385798,-1.083853525811303,-5.564449522028638,-6.192361010037514,-3.023181313983609,-3.6381072679244086,-3.006057781950953,-3.4682337780666788,0.005610972568578554,0.0031172069825436,-5.18303121109024,-5.770817875992373,-4.410569239507325
2024-08,2024,8,Monaco Grand Prix,Yuki Tsunoda,tsunoda,RB F1 Team,8,0.0,0.770786788133751,-0.3929783068924697,0.1753684347248971,-5.465138172755535,-5.572197228711705,-2.9290582398240024,-2.698414396993404,-2.9124678281397456,-2.572417817744346,0.004364089775561097,0.005361596009975,-5.434345639371147,-5.228493585167009,-4.066380018182276
2024-08,2024,8,Monaco Grand Prix,Guanyu Zhou,zhou,Sauber,18,0.0,-2.77067593803006,-2.4656235294151645,-3.3903236986314,-6.3480721181870186,-6.567291921456093,-4.406847823801091,-4.9788078100437465,-4.381887097983935,-4.746333230341325,0.0006234413965087282,0.0003740648379052,-7.38025578842646,-7.891081412192549,-6.179531799235104
2024-09,2024,9,Canadian Grand Prix,Alexander Albon,albon,Williams,10,0.0,-0.0349917053715768,-1.1325077117835458,-0.6510763737897887,-5.921616683039132,-5.84139566058203,-3.5270621974113388,-3.2462360171859093,-3.484897339567557,-3.1065576240495174,0.003366583541147132,0.0031172069825436,-5.6938568348562315,-5.770817875992373,-4.470046426021071
2024-09,2024,9,Canadian Grand Prix,Fernando Alonso,alonso,Aston Martin,6,0.0,1.6604550750600733,0.0486710617805369,0.67567123306894,-5.163822470415752,-4.970021816593886,-2.557575704317608,-2.147175291762473,-2.527000735700266,-2.05478706338112,0.01807980049875312,0.0193266832917705,-4.0129599584399855,-3.9462685839413174,-3.080067625101229
2024-09,2024,9,Canadian Grand Prix,Valtteri Bottas,bottas,Sauber,19,0.0,-3.0811078122137574,-2.54527280058794,-3.318616140839489,-6.436477296817143,-6.576849886609403,-4.4908750487025415,-4.947733013724446,-4.437188128136834,-4.734842948625606,0.0011221945137157108,0.0003740648379052,-6.792469123524341,-7.891081412192549,-5.870101068624393
2024-09,2024,9,Canadian Grand Prix,Pierre Gasly,gasly,Alpine F1 Team,15,0.0,-1.8139609002041317,-1.246906912089072,-1.979291087710344,-5.306420304064654,-6.089278811231106,-3.2766636080768627,-4.034284949470725,-3.237492182254586,-3.8606985447197575,0.0016209476309226932,0.0011221945137157,-6.4247443433990234,-6.79246912352435,-5.229514646434874
2024-09,2024,9,Canadian Grand Prix,Lewis Hamilton,hamilton,Mercedes,7,0.0,1.2024902286191328,1.535249243597818,1.6211890642098383,-4.1297078289679625,-4.579942552675417,-1.2972292926850724,-1.4793767442327894,-1.2817213470761175,-1.4157224179965495,0.041271820448877804,0.0559850374064838,-3.1875753254834973,-2.8826708131183056,-2.333476034858143
2024-09,2024,9,Canadian Grand Prix,Nico Hülkenberg,hulkenberg,Haas F1 Team,17,0.0,-2.461059788307051,-1.3890872780966832,-2.44395209403222,-5.576318028035749,-6.222832829214148,-3.4827026530662164,-4.333392461623184,-3.441068098850961,-4.146936118749635,0.0018703241895261845,0.0011221945137157,-6.28164349975835,-6.79246912352435,-5.307517980690767
2024-09,2024,9,Canadian Grand Prix,Kevin Magnussen,kevin_magnussen,Haas F1 Team,14,0.0,-1.4785844449741936,-1.693331958774687,-1.8845281958287088,-6.011045751728151,-6.414132906916092,-3.852188855251419,-4.1493305513724,-3.806137216131392,-3.970793987506088,0.0011221945137157108,0.0016209476309226,-6.792469123524341,-6.424744343399081,-5.47089983744837
2024-09,2024,9,Canadian Grand Prix,Charles Leclerc,leclerc,Ferrari,11,0.0,-0.4138285721775351,3.40395944584078,1.751046327976619,-2.4790949307375776,-4.409953988277812,0.4624322575516009,-1.3294538301505967,0.456904033406205,-1.272250357032387,0.02805486284289277,0.0340399002493765,-3.57359329865614,-3.380221905675602,-2.4515235644033684
2024-09,2024,9,Canadian Grand Prix,Max Verstappen,max_verstappen,Red Bull,2,1.0,3.964709843128026,5.127875184501841,5.593029112974418,0.7142660259902557,0.8481234584855919,2.921070605246048,3.220576285730005,2.8861501757417862,3.0820019743791325,0.3405236907730673,0.3046134663341646,-1.077270579386855,-1.1887116296028197,1.071652853171575
2024-09,2024,9,Canadian Grand Prix,Lando Norris,norris,McLaren,3,0.0,3.277228912865927,3.50681046019879,4.096270935580948,-2.036580382713957,-1.5361562024058837,0.7351150387424166,1.280057366587532,0.7263269824585922,1.224979314609555,0.17718204488778055,0.1819201995012469,-1.7305775727634596,-1.7041871523377743,-0.22526010308796374
2024-09,2024,9,Canadian Grand Prix,Esteban Ocon,ocon,Alpine F1 Team,18,0.0,-2.774176850978068,-0.9312785591880882,-2.186559756302313,-5.266206913258001,-6.122204440936775,-3.098742736223045,-4.1543820986195445,-3.061698295367085,-3.975628177790092,0.0006234413965087282,0.0011221945137157,-7.38025578842646,-6.79246912352435,-5.767318943523002
2024-09,2024,9,Canadian Grand Prix,Sergio Pérez,perez,Red Bull,16,0.0,-2.141202052552863,2.748727925568176,0.6919615345206634,-1.8162049227024184,-4.288168264823929,0.4662615014328789,-1.7981033651516327,0.4606874999479108,-1.7207349337104585,0.020074812967581047,0.0148379052369077,-3.908289335876097,-4.210570207749033,-2.8531963505138647
2024-09,2024,9,Canadian Grand Prix,Oscar Piastri,piastri,McLaren,4,0.0,2.6839289141076907,2.528561779074646,3.1290532209057624,-3.580995752737376,-3.9779462183887,-0.5262169868313651,-0.4244464987414689,-0.5199262374192871,-0.4061834998089483,0.11034912718204488,0.1320448877805486,-2.204106055852631,-2.024613355259154,-1.3142762772970498
2024-09,2024,9,Canadian Grand Prix,Daniel Ricciardo,ricciardo,RB F1 Team,5,0.0,2.1508157206728087,-0.902884624303755,0.4640860830603945,-5.54196192001419,-4.99071642459768,-3.2224232721589723,-2.2633151707686423,-3.183900271548776,-2.165929698935872,0.007605985037406484,0.0103491271820448,-4.878819836687249,-4.57085309306397,-3.571067503727946
2024-09,2024,9,Canadian Grand Prix,George Russell,russell,Mercedes,1,0.0,4.834134361557211,1.9084442505690136,3.882030750476252,-3.778807566723349,-1.6605524483909078,-0.9351816580771676,1.1107391510426723,-0.9240018717666578,1.0629464893292415,0.21184538653366583,0.1946384039900249,-1.5518985791886282,-1.6366117803451283,-0.22057971407297794
2024-09,2024,9,Canadian Grand Prix,Carlos Sainz,sainz,Ferrari,12,0.0,-0.7796953644492193,2.938981835934837,1.2304836168558428,-2.632291199101125,-4.491330058424552,0.153345318416856,-1.6304232207843543,0.1515121260345947,-1.5602696970091985,0.021321695760598502,0.0263092269326683,-3.8480301443579004,-3.637835567384495,-2.739226682571127
2024-09,2024,9,Canadian Grand Prix,Logan Sargeant,sargeant,Williams,13,0.0,-1.1341838019576471,-1.9563292723100096,-1.6419678964052713,-6.260352685232292,-6.139139175491269,-4.108340978771151,-3.89055353594827,-4.059227126038185,-3.723151577669387,0.0011221945137157108,0.0013715710723192,-6.792469123524341,-6.591798428062191,-5.3415113297363055
2024-09,2024,9,Canadian Grand Prix,Lance Stroll,stroll,Aston Martin,9,0.0,0.3588167760709991,-0.814768086463385,-0.4202498746413095,-5.68473796010122,-5.814949422851757,-3.2497530232823024,-3.117599648746533,-3.2109033045689017,-2.983456195505882,0.007107231920199501,0.0113466334164588,-4.94664243302601,-4.478834194343714,-4.032121040886272
2024-09,2024,9,Canadian Grand Prix,Yuki Tsunoda,tsunoda,RB F1 Team,8,0.0,0.7701731866621493,-0.1424738187213869,0.4616881054365688,-5.405480485256313,-5.482548182359127,-2.7739771519888503,-2.5104300384612794,-2.740815175894028,-2.402411757597778,0.0046134663341645885,0.0041147132169576,-5.378775788216336,-5.493186139394082,-3.944602913338808
2024-09,2024,9,Canadian Grand Prix,Guanyu Zhou,zhou,Sauber,20,0.0,-3.382335130009797,-2.8989037572200416,-3.857697586291559,-6.553945103233589,-6.615046884829205,-4.726424430226816,-5.236372235560382,-4.669921594990125,-5.0110626598379335,0.0011221945137157108,0.0006234413965087,-6.792469123524341,-7.380255788426505,-6.014420679542361
2024-10,2024,10,Spanish Grand Prix,Alexander Albon,albon,Williams,20,0.0,-3.391954649405974,-0.7632376002102239,-2.336872525649393,-5.448920363394222,-5.9593402404409135,-3.1060789818022227,-4.148106383045153,-3.081845457991735,-3.98421750054208,0.0016209476309226927,0.0006234413965087,-6.4247443433990234,-7.380255788426505,-5.286425363222088
2024-10,2024,10,Spanish Grand Prix,Fernando Alonso,alonso,Aston Martin,10,0.0,-0.0333606818212964,0.5832618630753793,0.3232086446087862,-4.771010961088718,-5.338968105058617,-2.093874549006669,-2.507879730224916,-2.077538210157332,-2.408795095337384,0.006359102244389026,0.0076059850374064,-5.0578680681362345,-4.87881983668726,-3.7828738991805753
2024-10,2024,10,Spanish Grand Prix,Valtteri Bottas,bottas,Sauber,12,0.0,-0.7799879339054585,-2.6788843338476744,-2.1706899527890737,-6.404708304907851,-6.436143012362837,-4.541796319377763,-4.303416482575956,-4.506361377158694,-4.133391402901666,0.0006234413965087281,0.0001246882793017,-7.38025578842646,-8.989693700860926,-5.841836135501208
2024-10,2024,10,Spanish Grand Prix,Pierre Gasly,gasly,Alpine F1 Team,7,0.0,1.2064839976371529,-1.0518727478069887,-0.1194882042397257,-5.376886073104139,-5.420786727557074,-3.214379410455564,-2.7701374658984,-3.1893009303410564,-2.660691204943852,0.005610972568578553,0.0046134663341645,-5.18303121109024,-5.3787757882163545,-3.97658433849432
2024-10,2024,10,Spanish Grand Prix,Lewis Hamilton,hamilton,Mercedes,3,0.0,3.282529562483537,1.7246407466658933,2.462261708455429,-3.890374022270756,-2.9040162564918512,-1.0828666378024314,-0.220877274018211,-1.0744181486930071,-0.2121505620522089,0.11558603491271818,0.1290523690773067,-2.157740135294705,-2.047536995161091,-1.189308704656458
2024-10,2024,10,Spanish Grand Prix,Nico Hülkenberg,hulkenberg,Haas F1 Team,13,0.0,-1.135515694040136,-1.165333093019786,-1.2769373839907547,-6.195438368357339,-6.410388916210081,-3.6803857306885615,-3.843663150100418,-3.651671484927603,-3.691802614179022,0.0021197007481296754,0.0006234413965087,-6.1564803568043445,-7.380255788426505,-5.0000717534523815
2024-10,2024,10,Spanish Grand Prix,Kevin Magnussen,kevin_magnussen,Haas F1 Team,16,0.0,-2.1458968896079336,-1.6273544006235172,-2.0399593887606366,-6.281186819513104,-6.406995058545512,-3.9542706100683103,-4.223477223653074,-3.9234195236846015,-4.056610490125967,0.0011221945137157106,0.0008728179551122,-6.792469123524341,-7.043783551805269,-5.507973173588708
2024-10,2024,10,Spanish Grand Prix,Charles Leclerc,leclerc,Ferrari,5,0.0,2.15584937532308,3.286394361092096,3.034020543202097,-2.4263503426791484,-3.057120633140699,0.4300220092064735,-0.0115500449693008,0.426666991945099,-0.0110937104908468,0.057980049875311704,0.0711970074812967,-2.8476562952732043,-2.6423044912045506,-1.4296031701212526
2024-10,2024,10,Spanish Grand Prix,Max Verstappen,max_verstappen,Red Bull,2,1.0,3.969604646564978,4.76874748429778,5.248609731298336,0.2293034426249743,0.3853194375454664,2.4990254634613773,2.816964584421901,2.479528150795919,2.705668215630914,0.2993765586034912,0.2711970074812967,-1.206053104639307,-1.304909757337776,0.805455739891297
2024-10,2024,10,Spanish Grand Prix,Lando Norris,norris,McLaren,1,0.0,4.837833693810065,3.413461308808059,5.245684118218542,-2.442192537307086,-0.6280985159504655,0.4856343857504865,2.3087928011340386,0.4818454825966307,2.2175739563966905,0.3103491271820448,0.2756857855361596,-1.1700573984929683,-1.288493520003114,0.5693677013205352
2024-10,2024,10,Spanish Grand Prix,Esteban Ocon,ocon,Alpine F1 Team,8,0.0,0.7734654048472239,-0.7275265933147083,-0.0618466570326481,-5.935671356254535,-5.757364733696556,-3.331598974784622,-2.909605695364602,-3.3056059515693543,-2.7946491388290813,0.004862842892768079,0.004862842892768,-5.326132054730914,-5.32613205473093,-4.117868875047758
2024-10,2024,10,Spanish Grand Prix,Sergio Pérez,perez,Red Bull,11,0.0,-0.4131312004312374,2.076537507892242,1.214047794999778,-2.997076771299715,-4.142539449285281,-0.4602696317037364,-1.4642458271427516,-0.4566786235083604,-1.4063944631321574,0.022568578553615957,0.0278054862842892,-3.7911966695947346,-3.582521929400444,-2.627721248368743
2024-10,2024,10,Spanish Grand Prix,Oscar Piastri,piastri,McLaren,9,0.0,0.3613164754545339,2.4699336711639326,1.9837919051253967,-3.64231227737342,-5.15518909427068,-0.5861893031047438,-1.5856985945726416,-0.5816158738656716,-1.523048713722569,0.03204488778054862,0.0524937655860349,-3.4406176159653405,-2.947060867178179,-2.513158105268991
2024-10,2024,10,Spanish Grand Prix,Daniel Ricciardo,ricciardo,RB F1 Team,18,0.0,-2.781280178050131,-0.6458105209177808,-2.031436565686324,-4.905992332018056,-5.972067814620972,-2.7759014264679185,-4.001752190153647,-2.754243936845795,-3.8436456629972606,0.0016209476309226927,0.0006234413965087,-6.4247443433990234,-7.380255788426505,-5.213248266776335
2024-10,2024,10,Spanish Grand Prix,George Russell,russell,Mercedes,4,0.0,2.6892266699272,2.2060647726204667,2.55581373853732,-3.5313132478059845,-3.930839388996567,-0.6626242375927589,-0.6875128252296234,-0.6574544655640407,-0.6603496576951645,0.0894014962593516,0.091147132169576,-2.41461786026094,-2.3952802411107825,-1.5510653427452818
2024-10,2024,10,Spanish Grand Prix,Carlos Sainz,sainz,Ferrari,6,0.0,1.6650390848730876,2.604031446915818,2.3905756526916164,-2.9263997957252887,-3.8704056715033386,-0.1611841744047353,-0.7399150094058611,-0.1599266208939599,-0.7106814669551592,0.04351620947630922,0.0564837905236907,-3.134621778658133,-2.8738015753775272,-1.9372683940319972
2024-10,2024,10,Spanish Grand Prix,Logan Sargeant,sargeant,Williams,19,0.0,-3.0894568587010074,-1.5421261916372129,-2.7498135125319263,-5.941153717346936,-6.140555921670394,-3.741639954492074,-4.44518471710116,-3.7124478053359553,-4.269558470198919,0.0003740648379052368,0.0003740648379052,-7.891081412192451,-7.891081412192549,-6.168133064646805
2024-10,2024,10,Spanish Grand Prix,Lance Stroll,stroll,Aston Martin,14,0.0,-1.4809994401471989,-0.2485126440988808,-0.812338607704712,-5.513345722494711,-5.911594151495882,-2.880929183296796,-3.3619663796002968,-2.858452270646222,-3.22913735785252,0.0033665835411471313,0.0038653366583541,-5.6938568348562315,-5.555706496375418,-4.527911607228264
2024-10,2024,10,Spanish Grand Prix,Yuki Tsunoda,tsunoda,RB F1 Team,17,0.0,-2.466944243298402,-0.1389955372159549,-1.4890603303695344,-5.152483730550957,-5.962495208411,-2.645739633883456,-3.7257777693902674,-2.6250976621919104,-3.578574805267657,0.0001246882793017456,0.0006234413965087,-8.98969370086056,-7.380255788426505,-6.357735735125414
2024-10,2024,10,Spanish Grand Prix,Guanyu Zhou,zhou,Sauber,15,0.0,-1.8174981629382665,-3.1051385468680963,-2.963217053111128,-6.4259174409179005,-6.447681016890994,-4.765527993892999,-4.705449035001061,-4.72834750466972,-4.519539920622137,0.0013715710723192019,0.0001246882793017,-6.59179842806219,-8.989693700860926,-5.648623731531625
2024-11,2024,11,Austrian Grand Prix,Alexander Albon,albon,Williams,16,0.0,-2.150588562393476,-1.405042615571229,-2.187414367213828,-5.860751604233142,-6.25216775968321,-3.632897109902186,-4.219791063448518,-3.6212433419827934,-4.065848944842903,0.0008728179551122195,0.0008728179551122,-7.043783551805247,-7.043783551805269,-5.631787307626883
2024-11,2024,11,Austrian Grand Prix,Fernando Alonso,alonso,Aston Martin,15,0.0,-1.8210332009505996,0.3962288020274661,-0.8545874859323588,-5.085602944938823,-5.738591640740831,-2.3446870714556782,-3.2965895633365947,-2.3371656806351497,-3.1763267413336336,0.00486284289276808,0.0023690773067331,-5.3261320547309134,-6.045254721694148,-4.311360809033754
2024-11,2024,11,Austrian Grand Prix,Valtteri Bottas,bottas,Sauber,18,0.0,-2.7883783097383383,-2.6086022339740143,-3.4001719521576983,-6.436302787287417,-6.58930440049477,-4.522452510630716,-4.994738176326234,-4.50794518757945,-4.812525226636815,0.0011221945137157108,0.0003740648379052,-6.792469123524341,-7.891081412192549,-5.8936036499252875
2024-11,2024,11,Austrian Grand Prix,Pierre Gasly,gasly,Alpine F1 Team,13,0.0,-1.136847061708179,-0.6865959830568611,-1.0157225109426011,-5.602372724438388,-6.030744836008284,-3.144484353747625,-3.523233673475443,-3.134397337854758,-3.3947026519432506,0.0036159600997506237,0.0016209476309226,-5.622397870874086,-6.424744343399081,-4.572815772174764
2024-11,2024,11,Austrian Grand Prix,Lewis Hamilton,hamilton,Mercedes,5,0.0,2.160880752977423,1.9139513834977164,2.047497643808876,-3.847594653005191,-4.734095715525481,-0.9668216347537372,-1.3432990358583023,-0.9637202215812704,-1.294294168936784,0.0699501246882793,0.0799251870324189,-2.659972795337864,-2.5266642439398908,-2.001635915598083
2024-11,2024,11,Austrian Grand Prix,Nico Hülkenberg,hulkenberg,Haas F1 Team,9,0.0,0.3638142418605369,-1.2982712138402912,-1.1183666346774133,-5.832655939284423,-5.88638308323781,-3.565463576562357,-3.502374858957612,-3.554026124911704,-3.37460478744645,0.00486284289276808,0.0033665835411471,-5.3261320547309134,-5.69385683485624,-4.414253456844262
2024-11,2024,11,Austrian Grand Prix,Kevin Magnussen,kevin_magnussen,Haas F1 Team,12,0.0,-0.7802807259063249,-1.867178275498888,-1.4741306560040386,-6.414737281795875,-6.376563005873996,-4.1409577786473815,-3.925346830939018,-4.127674231259039,-3.782146326854637,0.0028678304239401495,0.0011221945137157,-5.854199484931411,-6.79246912352435,-4.889773157935214
2024-11,2024,11,Austrian Grand Prix,Charles Leclerc,leclerc,Ferrari,6,0.0,1.6696206042803377,3.1101636676950144,2.669396740149109,-2.305254739943747,-3.7073407899491726,0.4024544638756337,-0.5189720249000316,0.4011634526583477,-0.5000394161976311,0.04600997506234414,0.0559850374064837,-3.078897056820033,-2.8826708131183074,-1.7989345408600323
2024-11,2024,11,Austrian Grand Prix,Max Verstappen,max_verstappen,Red Bull,1,0.0,4.841536705054575,5.2046436984815525,6.370102785931501,0.9471973413791572,1.6382675096473136,3.0759205199303548,4.004185147789407,3.0660534461340565,3.858108544547328,0.3305486284289277,0.3143391521197007,-1.1070014945715347,-1.1572827736726405,1.4485918266089362
2024-11,2024,11,Austrian Grand Prix,Lando Norris,norris,McLaren,2,0.0,3.974500236292945,2.926721919536726,3.896960113108289,-2.50164076757499,-2.662936265720651,0.212540575980868,0.6170119236938187,0.2118587789271658,0.5945027232831402,0.22556109725685786,0.2188279301745636,-1.4891642154652651,-1.519469564960594,-0.4360761458857232
2024-11,2024,11,Austrian Grand Prix,Esteban Ocon,ocon,Alpine F1 Team,10,0.0,-0.0317311222105316,-0.3663080821736249,-0.253001583163039,-5.669583556675844,-5.814711482481388,-3.0179458194247344,-3.0338565328222136,-3.008264719435139,-2.923178469575532,0.006359102244389027,0.0033665835411471,-5.0578680681362345,-5.69385683485624,-4.045862300479224
2024-11,2024,11,Austrian Grand Prix,Sergio Pérez,perez,Red Bull,8,0.0,0.7767553450486318,2.3646303923635124,1.8133859969334096,-2.6553246221040805,-4.089396935803663,-0.145347114870284,-1.1380054694351265,-0.1448808639710129,-1.0964899132581687,0.040773067331670826,0.0400249376558603,-3.1997335299633067,-3.2182525777305457,-2.1688694996992166
2024-11,2024,11,Austrian Grand Prix,Oscar Piastri,piastri,McLaren,7,0.0,1.210475291818838,2.110680452140625,2.0519822174224607,-3.3725797493464182,-4.283870375491383,-0.6309496486028967,-1.1159440790344612,-0.6289256604327946,-1.0752333440267507,0.054488778054862845,0.0607231920199501,-2.90976050576497,-2.801429577777971,-2.0128522923997156
2024-11,2024,11,Austrian Grand Prix,Daniel Ricciardo,ricciardo,RB F1 Team,11,0.0,-0.4124347177644067,-1.187987644354228,-1.2846227898515012,-5.4747155859172825,-5.985750470235982,-3.3313516151357554,-3.6351866300437417,-3.3206651581824707,-3.502571454803664,0.004114713216957606,0.0016209476309226,-5.49318613939408,-6.424744343399081,-4.56418638471891
2024-11,2024,11,Austrian Grand Prix,George Russell,russell,Mercedes,3,1.0,3.2878293917011314,2.301752204284329,2.667348634600926,-3.0954885832742542,-3.965516866906402,-0.3968681894949624,-0.6490841161527379,-0.3955950981755421,-0.6254048906907673,0.12032418952618454,0.1263092269326683,-2.117565599521574,-2.069022196611877,-1.383324857837156
2024-11,2024,11,Austrian Grand Prix,Carlos Sainz,sainz,Ferrari,4,0.0,2.69452266434322,2.753301285018844,2.8083065086270884,-3.222009509623798,-4.222307526894019,-0.2343541123024772,-0.7070005091334652,-0.233602340822827,-0.6812084368259065,0.0756857855361596,0.0864089775561097,-2.581164909801062,-2.4486637016706574,-1.6440827094672636
2024-11,2024,11,Austrian Grand Prix,Logan Sargeant,sargeant,Williams,19,0.0,-3.0977996267006365,-2.238823563486917,-3.0163117651937075,-6.272960658286407,-6.443930209607983,-4.255892110886662,-4.730120987400845,-4.242239872067386,-4.557561532415343,0.0003740648379052369,0.0006234413965087,-7.891081412192451,-7.380255788426505,-6.310601199796648
2024-11,2024,11,Austrian Grand Prix,Lance Stroll,stroll,Aston Martin,17,0.0,-2.472824542285199,-0.4111769727200087,-1.4244285384436743,-5.572362417529048,-6.035967106956574,-2.9917696951245283,-3.730197822700124,-2.9821725640634207,-3.594116545923536,0.004364089775561097,0.0013715710723192,-5.434345639371147,-6.591798428062191,-4.582271731035635
2024-11,2024,11,Austrian Grand Prix,Yuki Tsunoda,tsunoda,RB F1 Team,14,0.0,-1.4834130926443612,-0.8892422698582335,-1.4340817404231017,-5.486788626904454,-6.01029787539193,-3.188015448381344,-3.722189807907516,-3.1777887915190823,-3.5864006713683145,0.002369077306733167,0.0003740648379052,-6.0452547216941195,-7.891081412192549,-4.883722264800818
2024-11,2024,11,Austrian Grand Prix,Guanyu Zhou,zhou,Sauber,20,0.0,-3.4015667668964,-2.9777095020847604,-3.957788522926734,-6.511632376860113,-6.62274254940457,-4.744670939472437,-5.290265536165652,-4.729450774323311,-5.097271458407199,0.0008728179551122195,0.0003740648379052,-7.043783551805247,-7.891081412192549,-6.16702454398545
2024-12,2024,12,British Grand Prix,Alexander Albon,albon,Williams,9,0.0,0.3669013365659763,-1.614320269756575,-0.8782034403280569,-5.995947673245963,-5.878098820391703,-3.805133971501269,-3.37815113035988,-3.7453695646164777,-3.189890362045261,0.007107231920199502,0.004862842892768,-4.94664243302601,-5.32613205473093,-4.162396781692945
2024-12,2024,12,British Grand Prix,Fernando Alonso,alonso,Aston Martin,10,0.0,-0.0290527040270305,-0.2132712509765822,-0.2212680260382542,-5.622791659755151,-5.715403284485779,-2.918031455365867,-2.968335655262017,-2.872200107374642,-2.802913467351859,0.009102244389027432,0.0108478802992518,-4.699234259712169,-4.523785582205983,-3.833784957487093
2024-12,2024,12,British Grand Prix,Valtteri Bottas,bottas,Sauber,16,0.0,-2.1526044937395463,-2.588140012703948,-3.5742693126568885,-6.432676334731543,-6.57317331318099,-4.510408173717746,-5.07372131291894,-4.439566549919621,-4.790968222330415,0.0013715710723192023,0.0001246882793017,-6.591798428062189,-8.989693700860926,-5.832759870490564
2024-12,2024,12,British Grand Prix,Pierre Gasly,gasly,Alpine F1 Team,19,0.0,-3.103151765789095,-0.4925496194503587,-4.326120621428949,-5.656397076996928,-6.150978005523986,-3.0744733482236435,-5.238549313476467,-3.026184883871049,-4.946610533785449,0.0008728179551122196,0.0008728179551122,-7.043783551805246,-7.043783551805269,-6.141166432640857
2024-12,2024,12,British Grand Prix,Lewis Hamilton,hamilton,Mercedes,2,1.0,3.973028239085496,1.964954454929029,3.1245737688891237,-3.4246900925049237,-2.019425750511472,-0.7298678187879472,0.5525740091888256,-0.7184043282457341,0.5217796475672676,0.1711970074812968,0.1794264339152119,-1.764940295092589,-1.7179899939731926,-0.6061831429518817
2024-12,2024,12,British Grand Prix,Nico Hülkenberg,hulkenberg,Haas F1 Team,6,0.0,1.6728834185414585,-0.79406704878548,0.012920756014346,-5.726287325301605,-5.559928356481612,-3.2601771870435425,-2.773503800233633,-3.2089720107258968,-2.61893938431306,0.01259351620947631,0.0163341645885286,-4.374573184019301,-4.114496377659414,-3.574038492126467
2024-12,2024,12,British Grand Prix,Kevin Magnussen,kevin_magnussen,Haas F1 Team,17,0.0,-2.4758952641538463,-1.0691193402399743,-2.384908229997432,-6.149628877491897,-6.314438016036652,-3.609374108865936,-4.349673123017042,-3.55268435642692,-4.107270467701441,0.0033665835411471326,0.0008728179551122,-5.693856834856231,-7.043783551805269,-5.021764978936636
2024-12,2024,12,British Grand Prix,Charles Leclerc,leclerc,Ferrari,11,0.0,-0.4102957843825824,2.8831634045742613,1.6398742846417258,-2.7592668756632044,-4.365631282789294,0.0619482644555284,-1.362878499073784,0.060975289177797,-1.286926730353546,0.02381546134663342,0.0310473815461346,-3.7374202728139303,-3.4722408043958546,-2.550149385943857
2024-12,2024,12,British Grand Prix,Max Verstappen,max_verstappen,Red Bull,4,0.0,2.696542129914696,5.277535493923525,4.133737162592408,0.6324522837300867,-0.312673106859675,2.954993888826805,1.9105320278663664,2.9085819994067226,1.804060110661913,0.17394014962593518,0.1654613466334165,-1.749044006605094,-1.7990176665283524,0.08074401063063619
2024-12,2024,12,British Grand Prix,Lando Norris,norris,McLaren,3,0.0,3.288514559316785,2.3109942194777693,2.9306071034126484,-3.4281862181369607,-3.148332084942525,-0.5585959993295957,-0.1088624907649382,-0.5498225477670008,-0.1027956999787406,0.19438902743142147,0.2013715710723192,-1.6378938318027836,-1.6026034652038033,-0.8733781612838609
2024-12,2024,12,British Grand Prix,Esteban Ocon,ocon,Alpine F1 Team,18,0.0,-2.7925627159677804,-0.2358143873426024,-3.562133302403508,-5.7155199394421,-6.15712465577702,-2.9756671633923517,-4.859628979090264,-2.928930574237113,-4.588807026482698,0.0008728179551122196,0.0008728179551122,-7.043783551805246,-7.043783551805269,-5.951706265447755
2024-12,2024,12,British Grand Prix,Sergio Pérez,perez,Red Bull,20,0.0,-3.408136472065252,2.522658751439658,-1.4557275373260763,-2.8119628128097496,-4.849463413752232,-0.1446520306850458,-3.152595475539154,-0.1423800889128717,-2.9769046838879936,0.004114713216957607,0.005361596009975,-5.49318613939408,-5.228493585167009,-4.322890807466617
2024-12,2024,12,British Grand Prix,Oscar Piastri,piastri,McLaren,5,0.0,2.1637086592302444,1.8372472658999368,2.147221007346208,-3.986507159598713,-4.898924679209177,-1.0746299468493878,-1.3758518359314844,-1.057751534190306,-1.2991770769511348,0.10261845386533668,0.1135910224438902,-2.2767375001834904,-2.1751508036006024,-1.8262946680574874
2024-12,2024,12,British Grand Prix,Daniel Ricciardo,ricciardo,RB F1 Team,15,0.0,-1.8220588513174376,-1.1128409436160016,-1.877908126842275,-5.08264739786503,-6.018898235987398,-3.097744170740516,-3.948403181414837,-3.0490902089006164,-3.7283628730139946,0.0031172069825436415,0.0011221945137157,-5.77081787599236,-6.79246912352435,-4.859610528703598
2024-12,2024,12,British Grand Prix,George Russell,russell,Mercedes,1,0.0,4.836317886306612,2.832213247852753,4.450959383968508,-2.016086536763177,-0.5911327977316225,0.4080633555447877,1.9299132931184424,0.4016542081670068,1.822361278622168,0.2163341645885287,0.1943890274314214,-1.5309310084796006,-1.637893831802784,0.1994911423194209
2024-12,2024,12,British Grand Prix,Carlos Sainz,sainz,Ferrari,7,0.0,1.2138899692154588,2.9249990662164693,2.4565300486906296,-2.595553317724226,-4.1533072063138725,0.1647228742461217,-0.8483885788116214,0.1621356946741516,-0.8011087859565849,0.05349127182044888,0.0527431421446384,-2.928236781932543,-2.942321521814282,-1.8883126803720822
2024-12,2024,12,British Grand Prix,Logan Sargeant,sargeant,Williams,12,0.0,-0.7787945979785642,-2.493045277140127,-1.9598892209188945,-6.4176761373912425,-6.359444562284098,-4.455360707265685,-4.159666891601496,-4.385383673047758,-3.927853081405754,0.00286783042394015,0.0033665835411471,-5.85419948493141,-5.69385683485624,-5.006933188266453
2024-12,2024,12,British Grand Prix,Lance Stroll,stroll,Aston Martin,8,0.0,0.7800977985156601,-0.7747438379215497,-0.1536898596497559,-5.735188490608509,-5.78800000555595,-3.2549661642650296,-2.9708449326028528,-3.203842833603267,-2.805282905336233,0.012842892768079803,0.0135910224438902,-4.354964712630924,-4.298345818631422,-3.6629048226168885
2024-12,2024,12,British Grand Prix,Yuki Tsunoda,tsunoda,RB F1 Team,13,0.0,-1.1361131528948627,-0.8378361191132652,-1.2759216056667428,-5.263888972927287,-5.93532735195436,-3.050862546020276,-3.605624478810552,-3.0029449189628536,-3.4046868628068068,0.004114713216957607,0.0028678304239401,-5.49318613939408,-5.854199484931428,-4.549405309102315
2024-12,2024,12,British Grand Prix,Guanyu Zhou,zhou,Sauber,14,0.0,-1.483519540870213,-2.8193171940534234,-3.086872153602516,-6.454354831374901,-6.5603576189883,-4.636836012714162,-4.823614886295408,-4.56400868095728,-4.554799960762144,0.0018703241895261847,0.0008728179551122,-6.28164349975835,-7.043783551805269,-5.552629193026879
2024-13,2024,13,Hungarian Grand Prix,Alexander Albon,albon,Williams,13,0.0,-1.1374529455318665,-1.006132985346112,-1.0893869441441435,-5.944267969855088,-6.285456477432345,-3.4752004776006,-3.687421710788244,-3.376665435648655,-3.469252355576873,0.0011221945137157108,0.0006234413965087,-6.792469123524341,-7.380255788426505,-5.239945417156292
2024-13,2024,13,Hungarian Grand Prix,Fernando Alonso,alonso,Aston Martin,7,0.0,1.2178828322705917,0.1626872947876765,0.7476413084025311,-4.966564376953879,-5.340818227110181,-2.401938541083101,-2.296588459353825,-2.3338345233617908,-2.1607089037561567,0.013591022443890275,0.0096009975062344,-4.298345818631416,-4.645888279006877,-3.2974671389926207
2024-13,2024,13,Hungarian Grand Prix,Valtteri Bottas,bottas,Sauber,12,0.0,-0.7790951626484993,-3.082003020343538,-2.567183519182614,-6.585757192135823,-6.637418366666768,-4.833880106239681,-4.602300942924691,-4.696821371893552,-4.330002001290502,0.0008728179551122195,0.0003740648379052,-7.043783551805247,-7.891081412192549,-5.823042247364969
2024-13,2024,13,Hungarian Grand Prix,Pierre Gasly,gasly,Alpine F1 Team,20,0.0,-3.4177548186574427,-2.7663465165357324,-3.7839018152145,-6.577152049761263,-6.645045535472177,-4.671749283148498,-5.2144736753433385,-4.539287569192405,-4.905955027696407,0.00012468827930174563,0.0001246882793017,-8.98969370086056,-8.989693700860926,-7.102083688101949
2024-13,2024,13,Hungarian Grand Prix,Lewis Hamilton,hamilton,Mercedes,5,0.0,2.1687498485969186,2.407855221174564,1.9573735493596471,-2.719480697687225,-4.435907687553386,-0.1558127382563305,-1.2392670690968697,-0.1513948594030981,-1.1659448080144086,0.0844139650872818,0.106359102244389,-2.472022427948285,-2.2409341533688814,-1.8556447485225775
2024-13,2024,13,Hungarian Grand Prix,Nico Hülkenberg,hulkenberg,Haas F1 Team,11,0.0,-0.4096060922491142,-0.7548141671801408,-0.4394015140309679,-6.121175241118104,-6.33825608993442,-3.4379947041491223,-3.388828801982694,-3.3405145862142307,-3.188325943172915,0.0026184538653366584,0.0031172069825436,-5.945171263137137,-5.770817875992373,-4.6670000325599155
2024-13,2024,13,Hungarian Grand Prix,Kevin Magnussen,kevin_magnussen,Haas F1 Team,15,0.0,-1.8256027724552173,-1.6367071268505144,-1.6611265987115655,-6.546144074218246,-6.541318033958094,-4.0914256005343805,-4.101222316334829,-3.9754182519539434,-3.8585701060613298,0.0008728179551122195,0.0011221945137157,-7.043783551805247,-6.79246912352435,-5.572502934070038
2024-13,2024,13,Hungarian Grand Prix,Charles Leclerc,leclerc,Ferrari,6,0.0,1.6774701586967908,2.644909849167769,2.429897576456839,-2.888842488197973,-3.695067086618262,-0.1219663195151019,-0.6325847550807115,-0.118508114301444,-0.5951573548653453,0.04625935162094763,0.0599750623441396,-3.073491638253125,-2.8138264307548,-1.8530381966669185
2024-13,2024,13,Hungarian Grand Prix,Max Verstappen,max_verstappen,Red Bull,3,0.0,3.293837605492878,3.977341796129851,4.519569506105183,-0.5407605650046342,-0.3308426133775178,1.7182906155626083,2.0943634463638325,1.669570595241077,1.970448700910488,0.18940149625935163,0.1978802992518703,-1.6638861982647872,-1.6200929803341513,0.21523862404952265
2024-13,2024,13,Hungarian Grand Prix,Lando Norris,norris,McLaren,1,0.0,4.840069998867815,2.848592833397058,4.698531506137279,-2.968805437842555,-0.9838254023634296,-0.0601063022227483,1.8573530518869248,-0.0584020618345265,1.747461222442925,0.32630922693266834,0.279426433915212,-1.1199097983304143,-1.275016227059633,0.36872162677825526
2024-13,2024,13,Hungarian Grand Prix,Esteban Ocon,ocon,Alpine F1 Team,19,0.0,-3.1115016545242447,-2.5110263664451624,-3.3880800517033984,-6.622229703687161,-6.649057513529802,-4.566628035066161,-5.0185687826166,-4.437146905009213,-4.721641009971543,0.0006234413965087282,0.0006234413965087,-7.38025578842646,-7.380255788426505,-6.199412285521531
2024-13,2024,13,Hungarian Grand Prix,Sergio Pérez,perez,Red Bull,16,0.0,-2.1573049121059675,0.8839384011134568,-0.4150157823470967,-4.612410308466,-6.109600295063886,-1.864235953676272,-3.2623080387054912,-1.8113778325152603,-3.069290885494364,0.010349127182044887,0.0081047381546134,-4.570853093063962,-4.815306430964931,-3.916580565884727
2024-13,2024,13,Hungarian Grand Prix,Oscar Piastri,piastri,McLaren,2,1.0,3.977957350860165,2.1863386834914604,3.545235903973446,-3.5069374224940915,-2.6810677510500938,-0.6602993695013155,0.432084076461676,-0.641577391735136,0.4065194647214599,0.2213216957605985,0.222069825436409,-1.508137998951044,-1.5047634175708984,-0.538026961244684
2024-13,2024,13,Hungarian Grand Prix,Daniel Ricciardo,ricciardo,RB F1 Team,9,0.0,0.3693954626604724,-1.0813483386096172,-0.553390876491178,-5.5431591971534,-5.503163230622297,-3.3122537678815087,-3.0282770535567374,-3.218338879783015,-2.8491065371379265,0.0046134663341645885,0.0016209476309226,-5.378775788216336,-6.424744343399081,-4.203526420886536
2024-13,2024,13,Hungarian Grand Prix,George Russell,russell,Mercedes,17,0.0,-2.4817839571464315,2.670064582038284,-0.1621448681106761,-3.177153162299771,-5.4051894969113485,-0.2535442901307434,-2.7836671825110124,-0.2463553531397016,-2.6189692114179093,0.011346633416458854,0.0061097256857855,-4.47883419434371,-5.097873402749939,-3.631250688427361
2024-13,2024,13,Hungarian Grand Prix,Carlos Sainz,sainz,Ferrari,4,0.0,2.7018537663184,2.596773676586748,2.859233055221381,-2.710868479403993,-3.4606261584551863,-0.0570474014086226,-0.3006965516169027,-0.0554298923966161,-0.2829055914485527,0.07768079800498753,0.0936408977556109,-2.555147182073107,-2.368288049096426,-1.4279218668450049
2024-13,2024,13,Hungarian Grand Prix,Logan Sargeant,sargeant,Williams,14,0.0,-1.4859419782111836,-1.774455396902702,-1.7258485704925337,-6.134910288081039,-6.297104695580073,-3.95468284249187,-4.011476633036303,-3.84255266689388,-3.774134300339583,0.0003740648379052369,0.0006234413965087,-7.891081412192451,-7.380255788426505,-5.9512790226143775
2024-13,2024,13,Hungarian Grand Prix,Lance Stroll,stroll,Aston Martin,8,0.0,0.7833863991945867,-0.1392606518440315,0.4035426180053898,-5.290041077283107,-5.440202503192777,-2.714650864563569,-2.518329942593694,-2.637680272924684,-2.369330868748216,0.005610972568578554,0.0071072319201995,-5.18303121109024,-4.94664243302601,-3.8506805768419667
2024-13,2024,13,Hungarian Grand Prix,Yuki Tsunoda,tsunoda,RB F1 Team,10,0.0,-0.0274285768373264,-0.8451505274435861,-0.5591152978850916,-5.441337054968424,-5.488988292624784,-3.1432437912060047,-3.024051795254938,-3.0541209734497423,-2.8451312697380646,0.002369077306733167,0.0013715710723192,-6.0452547216941195,-6.591798428062191,-4.5346532584745285
2024-13,2024,13,Hungarian Grand Prix,Guanyu Zhou,zhou,Sauber,18,0.0,-2.799668694688015,-3.4808210621793143,-3.906113833381603,-6.544151149556667,-6.610490650569887,-5.012486105867991,-5.258302241975745,-4.870363217732843,-4.947190440935466,0.00012468827930174563,0.0001246882793017,-8.98969370086056,-8.989693700860926,-7.123997971418152
2024-14,2024,14,Belgian Grand Prix,Alexander Albon,albon,Williams,10,0.0,-0.0258069209370874,-1.289278891689819,-1.0546679457714632,-5.940725822843001,-6.347224485977352,-3.6150023572664094,-3.7009462158744073,-3.4926661184141383,-3.4664157444295074,0.0038653366583541147,0.0046134663341645,-5.555706496375414,-5.3787757882163545,-4.62832635612491
2024-14,2024,14,Belgian Grand Prix,Fernando Alonso,alonso,Aston Martin,8,0.0,0.7866745008426587,0.1945381486646434,0.2845445533912606,-5.237640031753935,-5.524313150790471,-2.5215509415446458,-2.6198842986996054,-2.436218477613352,-2.4538611619489035,0.010099750623441397,0.0120947630922693,-4.5952445461881215,-4.41498272235718,-3.6075644224438634
2024-14,2024,14,Belgian Grand Prix,Valtteri Bottas,bottas,Sauber,14,0.0,-1.4883686346621254,-3.2298979252956728,-3.108260406626904,-6.498063713994978,-6.65841668288558,-4.863980819645326,-4.883338544756242,-4.699377574469309,-4.573879389091063,0.0011221945137157108,0.0003740648379052,-6.792469123524341,-7.891081412192549,-5.837903834140292
2024-14,2024,14,Belgian Grand Prix,Pierre Gasly,gasly,Alpine F1 Team,12,0.0,-0.7793993743129172,-3.1362426138110764,-2.231688698006381,-6.489583837518413,-6.362077635962222,-4.812913225664745,-4.296883166984301,-4.65003817227324,-4.024587927844117,0.0006234413965087282,0.0018703241895261,-7.38025578842646,-6.281643499758395,-5.838569477705381
2024-14,2024,14,Belgian Grand Prix,Lewis Hamilton,hamilton,Mercedes,3,1.0,3.299171593435988,2.4487570525743423,2.847175999834279,-2.3965316899213165,-2.7494795047494502,0.0261126813265129,0.0488482475424143,0.0252289952582556,0.045752714168749,0.15124688279301746,0.1559850374064837,-1.8888417919165101,-1.8579951903936496,-0.9199967721870479
2024-14,2024,14,Belgian Grand Prix,Nico Hülkenberg,hulkenberg,Haas F1 Team,16,0.0,-2.162009643835081,-0.911369803269618,-1.7757337829887243,-6.116528324337555,-6.521617976573505,-3.513949063803586,-4.1486758797811145,-3.395032595846077,-3.8857725968899137,0.0026184538653366584,0.0013715710723192,-5.945171263137137,-6.591798428062191,-5.046923571459126
2024-14,2024,14,Belgian Grand Prix,Kevin Magnussen,kevin_magnussen,Haas F1 Team,17,0.0,-2.4876768597646324,-1.6408903517028874,-2.384508130117526,-6.518174169868758,-6.669674886356366,-4.079532260785823,-4.527091508236946,-3.941475744153719,-4.240207872601577,0.001371571072319202,0.0011221945137157,-6.59179842806219,-6.79246912352435,-5.559444968149569
2024-14,2024,14,Belgian Grand Prix,Charles Leclerc,leclerc,Ferrari,1,0.0,4.843844929348627,2.878818642123138,4.170560077046129,-2.7783670818066555,-1.2435483332324135,0.0502257801582413,1.4635058719068574,0.0485260764151359,1.370762907789072,0.18391521197007482,0.1594763092269326,-1.69328043208664,-1.8358598992817179,-0.11488728008989124
2024-14,2024,14,Belgian Grand Prix,Max Verstappen,max_verstappen,Red Bull,11,0.0,-0.4089195446955029,4.067748490815126,4.551726073874162,-1.004716246133465,-0.8970736738414902,1.5315161223408305,1.827326200016336,1.4796876852798737,1.711527793291262,0.039027431421446386,0.0504987531172069,-3.243490510320407,-2.9858066337540228,-0.7080821551520354
2024-14,2024,14,Belgian Grand Prix,Lando Norris,norris,McLaren,4,0.0,2.707172845729088,3.525098020231164,3.461316517169428,-2.7487804972980694,-3.551766049588524,0.3881587614665474,-0.0452247662095479,0.3750229794497186,-0.0423588543260907,0.1816708229426434,0.1791770573566084,-1.7055588946653553,-1.7193808147815357,-0.8753918304374516
2024-14,2024,14,Belgian Grand Prix,Esteban Ocon,ocon,Alpine F1 Team,9,0.0,0.371887988001185,-3.0949090088153515,-1.746212404605824,-6.368865204546337,-6.136861207917728,-4.731887106680844,-3.941536806261776,-4.571754079342341,-3.691760010958743,0.002119700748129676,0.0033665835411471,-6.1564803568043445,-5.69385683485624,-5.0490085815330605
2024-14,2024,14,Belgian Grand Prix,Sergio Pérez,perez,Red Bull,2,0.0,3.982902143959594,0.9190245455080936,3.0510764208642733,-4.86777518117465,-3.045333131829981,-1.9743753178332784,0.0028716445171463,-1.9075599670822685,0.0026896672326509,0.14501246882793017,0.1452618453865336,-1.9309355483418957,-1.9292173348607595,-0.9640319519123747
2024-14,2024,14,Belgian Grand Prix,Oscar Piastri,piastri,McLaren,5,0.0,2.173795775148656,3.197023240479617,3.024426613030584,-2.306190837430921,-3.9475111783400174,0.4454162015243479,-0.4615422826547168,0.4303427555253917,-0.4322941599237057,0.13528678304239403,0.1317955112219451,-2.000358434886,-2.026503714990323,-1.2309503587703583
2024-14,2024,14,Belgian Grand Prix,Daniel Ricciardo,ricciardo,RB F1 Team,13,0.0,-1.138796737672512,-0.8672726676554551,-1.262557379490493,-5.665780234237459,-6.153120723044635,-3.266526450946457,-3.707839051267564,-3.1559830762465766,-3.4728717780319727,0.002369077306733167,0.0033665835411471,-6.0452547216941195,-5.69385683485624,-4.876546886480842
2024-14,2024,14,Belgian Grand Prix,George Russell,russell,Mercedes,6,0.0,1.6820594934637134,2.2728785764686688,2.082137079845081,-3.2098422091879746,-4.157810062812141,-0.4684818163596529,-1.03783649148353,-0.4526278008653285,-0.9720683696485454,0.08491271820448877,0.0864089775561097,-2.4661313947110477,-2.4486637016706574,-1.7519839430972888
2024-14,2024,14,Belgian Grand Prix,Carlos Sainz,sainz,Ferrari,7,0.0,1.221876574166091,3.0860746552390297,2.6664001480742145,-2.2964825876759627,-4.006613681479686,0.3947960337815335,-0.6701067667027356,0.3814356380989289,-0.62764182753688,0.049251870324189526,0.0599750623441396,-3.010807935959438,-2.8138264307548,-1.840457351331087
2024-14,2024,14,Belgian Grand Prix,Logan Sargeant,sargeant,Williams,18,0.0,-2.8067786904910026,-2.015538908658044,-2.976843825540348,-5.957707986246116,-6.252010918498577,-3.98662344745208,-4.614427372019462,-3.851711082235709,-4.322009227068852,0.0006234413965087282,0.0008728179551122,-7.38025578842646,-7.043783551805269,-5.997341580222962
2024-14,2024,14,Belgian Grand Prix,Lance Stroll,stroll,Aston Martin,15,0.0,-1.8291510134190796,-0.2259968175727699,-1.117958248772997,-5.35557684864118,-5.959385992079412,-2.7907868331069747,-3.538672120426204,-2.696343087056717,-3.314425024607116,0.0036159600997506237,0.0021197007481296,-5.622397870874086,-6.15648035680438,-4.5805349956501455
2024-14,2024,14,Belgian Grand Prix,Yuki Tsunoda,tsunoda,RB F1 Team,20,0.0,-3.4273765591043093,-0.6147841484437158,-2.1637109001116683,-5.425297917787537,-6.111461909514645,-3.0200410331156267,-4.137586404813157,-2.917839035811737,-3.875385866474459,0.0011221945137157108,0.0001246882793017,-6.792469123524341,-8.989693700860926,-5.465027764168749
2024-14,2024,14,Belgian Grand Prix,Guanyu Zhou,zhou,Sauber,19,0.0,-3.119855286299768,-3.7289222220026046,-4.434315235323983,-6.546430281725872,-6.695138695598645,-5.137676251864239,-5.564726965461315,-4.963810808089263,-5.2120879476139725,0.00012468827930174563,0.0001246882793017,-8.98969370086056,-8.989693700860926,-7.277210333160937
2024-15,2024,15,Dutch Grand Prix,Alexander Albon,albon,Williams,19,0.0,-3.1252712613257483,-1.1330536402417908,-1.7970958028100392,-6.116449664678916,-6.373681068098553,-3.624751652460353,-4.085388435454296,-3.493869476946044,-3.8109674443431207,0.0046134663341645885,0.0033665835411471,-5.378775788216336,-5.69385683485624,-4.732082111835316
2024-15,2024,15,Dutch Grand Prix,Fernando Alonso,alonso,Aston Martin,7,0.0,1.225310334872289,0.2068790218193387,0.6847708600180987,-5.0482590274528025,-5.289191259107372,-2.420690002816732,-2.3022101995446365,-2.333283966709584,-2.147567669296459,0.019825436408977555,0.0290523690773067,-3.9207894986403287,-3.538655247294861,-3.111499849092483
2024-15,2024,15,Dutch Grand Prix,Valtteri Bottas,bottas,Sauber,16,0.0,-2.1640802670214025,-3.212667720446301,-3.962724739483384,-6.507335785636539,-6.681629327392231,-4.86000175304142,-5.322177033437807,-4.684517288606549,-4.964679302326046,0.0016209476309226932,0.0031172069825436,-6.4247443433990234,-5.770817875992373,-5.873460688418415
2024-15,2024,15,Dutch Grand Prix,Pierre Gasly,gasly,Alpine F1 Team,9,0.0,0.3749688712754599,-2.5428865340103632,-1.5765325036903926,-6.344091514696194,-6.486885927284167,-4.443489024353278,-4.03170921548728,-4.283043960486196,-3.760893929189284,0.012344139650872818,0.0158354114713216,-4.39457385072597,-4.145506614401975,-4.213141533106625
2024-15,2024,15,Dutch Grand Prix,Lewis Hamilton,hamilton,Mercedes,14,0.0,-1.4885204934333194,2.7031085591411803,1.0304804819430862,-1.6916792664847755,-3.9231156866296217,0.5057146463282024,-1.4463176023432678,0.4874543517074777,-1.349166519608477,0.02855361596009975,0.0340399002493765,-3.5559716973063207,-3.380221905675602,-2.501144649824794
2024-15,2024,15,Dutch Grand Prix,Nico Hülkenberg,hulkenberg,Haas F1 Team,12,0.0,-0.7779461676128532,-1.3593486584123236,-1.3611085857910463,-6.244607713777922,-6.622611750995302,-3.801978186095123,-3.9918601683931754,-3.6646967323667514,-3.723721595747055,0.009850374064837904,0.0098503740648379,-4.620245848393539,-4.620245848393539,-4.3060530083933575
2024-15,2024,15,Dutch Grand Prix,Kevin Magnussen,kevin_magnussen,Haas F1 Team,20,0.0,-3.434012080307485,-1.912243087590102,-2.6214488654254264,-6.529511698846515,-6.690846628988932,-4.220877393218308,-4.656147747207179,-4.068470368193959,-4.343388091733544,0.0038653366583541147,0.004862842892768,-5.555706496375414,-5.32613205473093,-5.1059271217912965
2024-15,2024,15,Dutch Grand Prix,Charles Leclerc,leclerc,Ferrari,6,0.0,1.685357233748713,3.24913552626634,2.9786141192964632,-1.9270247124240412,-3.286677303408842,0.6610554069211494,-0.1540315920561894,0.6371860834229147,-0.143685084539875,0.06396508728179551,0.0834164588528678,-2.749417855689791,-2.4839096407323322,-1.45172472387299
2024-15,2024,15,Dutch Grand Prix,Max Verstappen,max_verstappen,Red Bull,2,0.0,3.9815702245426943,4.09716126643363,5.3648203594805866,-0.9807521685482562,-0.173289329696214,1.5582045489426868,2.5957655148921863,1.5019410526219157,2.421404482509788,0.17967581047381545,0.1634663341645885,-1.7166011048610381,-1.8111482170968605,0.4395822050155741
2024-15,2024,15,Dutch Grand Prix,Lando Norris,norris,McLaren,1,1.0,4.838818422568996,3.227766857168283,4.894070898230981,-2.405922187734068,-0.7761593694497766,0.4109223347171076,2.0589557643906025,0.3960847915439943,1.9206529590527528,0.263216957605985,0.2028678304239402,-1.3347766530122396,-1.5952005936415221,0.36208955568918144
2024-15,2024,15,Dutch Grand Prix,Esteban Ocon,ocon,Alpine F1 Team,15,0.0,-1.8302270747412832,-2.3230840787621743,-2.634612349807511,-6.4140571743459445,-6.668769260983088,-4.368570626554059,-4.651690805395299,-4.210830708812879,-4.339230528648721,0.006359102244389027,0.004364089775561,-5.0578680681362345,-5.434345639371169,-4.854779436765767
2024-15,2024,15,Dutch Grand Prix,Sergio Pérez,perez,Red Bull,5,0.0,2.1766773153792496,1.3194201103433192,2.196207303873783,-4.869153374409231,-4.962598920104007,-1.7748666320329556,-1.383195808115112,-1.7107799225640317,-1.2902847005030005,0.07094763092269327,0.0899002493765586,-2.6458132667342293,-2.409054563575611,-2.0145045374246706
2024-15,2024,15,Dutch Grand Prix,Oscar Piastri,piastri,McLaren,3,0.0,3.2999606966265023,3.015779019383962,3.5321581887974234,-2.413562033622581,-2.4633230731095903,0.3011084928806906,0.5344175578439165,0.2902360970884686,0.4985200175713639,0.1589775561097257,0.1400249376558603,-1.8389922432680337,-1.9659347461221173,-0.6522873427120586
2024-15,2024,15,Dutch Grand Prix,Daniel Ricciardo,ricciardo,RB F1 Team,13,0.0,-1.138102440852138,-0.8980971415207787,-1.5627943383933682,-5.643433689004868,-6.307068166615745,-3.270765415262824,-3.934931252504557,-3.152664939922398,-3.67061667108176,0.00685785536159601,0.006857855361596,-4.9823605156280895,-4.98236051562809,-4.458645884066323
2024-15,2024,15,Dutch Grand Prix,George Russell,russell,Mercedes,4,0.0,2.709268434472259,2.2455774560673483,2.3467951992658693,-3.354912002149681,-4.057027675632289,-0.5546672730411664,-0.85511623818321,-0.5346394017984727,-0.7976769397407348,0.09887780548628429,0.1183291770573566,-2.313870479225712,-2.1342849022506325,-1.584493358704461
2024-15,2024,15,Dutch Grand Prix,Carlos Sainz,sainz,Ferrari,10,0.0,-0.0231448826029482,3.058871447057938,2.1368191386445403,-1.8049637189008565,-4.129426832121595,0.6269538640785408,-0.9963038467385276,0.604315875729186,-0.9293807882853452,0.037281795511221946,0.0512468827930174,-3.2892501274698738,-2.9711004863643264,-2.1427769871042006
2024-15,2024,15,Dutch Grand Prix,Logan Sargeant,sargeant,Williams,18,0.0,-2.811024448103631,-2.0198203293247925,-2.981480455116667,-6.171743656161835,-6.415564066487383,-4.095781992743314,-4.698522260802025,-3.94789190011346,-4.38291625272269,0.004364089775561097,0.0023690773067331,-5.434345639371147,-6.045254721694148,-5.066433950086585
2024-15,2024,15,Dutch Grand Prix,Lance Stroll,stroll,Aston Martin,8,0.0,0.7900224633195942,-0.2124614233165138,0.2729824568896729,-5.584980258622721,-5.636012337070872,-2.898720840969617,-2.6815149400905995,-2.794054114459608,-2.501394004428026,0.01683291770573566,0.0220698254364089,-4.084418922422131,-3.8135439682867345,-3.382966931256365
2024-15,2024,15,Dutch Grand Prix,Yuki Tsunoda,tsunoda,RB F1 Team,11,0.0,-0.4068058354199544,-0.8790698794391338,-1.0679724348540605,-5.623702047935658,-6.2561184182002885,-3.251385963687396,-3.6620454265271754,-3.133985239674966,-3.4160609500645385,0.010349127182044887,0.0120947630922693,-4.570853093063962,-4.41498272235718,-4.116449259795569
2024-15,2024,15,Dutch Grand Prix,Guanyu Zhou,zhou,Sauber,17,0.0,-2.490805901333699,-3.624630270232092,-4.386968561109196,-6.508500578759063,-6.691324830062377,-5.066565424495577,-5.539146695585787,-4.883622379364897,-5.167074822830361,0.0016209476309226932,0.0028678304239401,-6.4247443433990234,-5.854199484931428,-5.981945519492405
2024-16,2024,16,Italian Grand Prix,Alexander Albon,albon,Williams,9,0.0,0.3737423368197995,-1.7620752523197774,-1.069072781213833,-6.189980843441854,-6.307367817969398,-3.976028047880816,-3.688220299591616,-3.828029285047666,-3.443745506749749,0.005860349127182045,0.004364089775561,-5.139546099150501,-5.434345639371169,-4.4138831993710586
2024-16,2024,16,Italian Grand Prix,Fernando Alonso,alonso,Aston Martin,11,0.0,-0.4089266525868542,0.5364702487567455,0.1396927753554054,-5.146462456050756,-5.685137097759565,-2.304996103647005,-2.77272216120208,-2.219197772355854,-2.588931438060355,0.00685785536159601,0.0018703241895261,-4.9823605156280895,-6.281643499758395,-3.8775413384150847
2024-16,2024,16,Italian Grand Prix,Valtteri Bottas,bottas,Sauber,19,0.0,-3.1285946438724594,-3.739462159730741,-4.2432587767317,-6.487127463685498,-6.59799189430982,-5.113294811708119,-5.42062533552076,-4.922963833902942,-5.061317553357762,0.0011221945137157108,0.0003740648379052,-6.792469123524341,-7.891081412192549,-6.10654722952255
2024-16,2024,16,Italian Grand Prix,Franco Colapinto,colapinto,Williams,18,0.0,-2.8143460468680925,-1.5049577608908842,-2.4885722657646894,-5.648450144947847,-6.091774129769146,-3.576703952919366,-4.290173197766918,-3.4435691375513904,-4.0057977758606045,0.001371571072319202,0.0006234413965087,-6.59179842806219,-7.380255788426505,-5.440985812914554
2024-16,2024,16,Italian Grand Prix,Pierre Gasly,gasly,Alpine F1 Team,14,0.0,-1.4914542400321764,-1.8223896124780297,-1.6934795640257725,-6.60656842324289,-6.657749677534382,-4.21447901786046,-4.1756146207800775,-4.057604450297471,-3.898832748635479,0.0026184538653366584,0.0011221945137157,-5.945171263137137,-6.79246912352435,-5.060392941958607
2024-16,2024,16,Italian Grand Prix,Lewis Hamilton,hamilton,Mercedes,6,0.0,1.6862724498155854,2.2479896413816256,2.331028887090612,-2.327712122395212,-3.019592081545184,-0.039861240506793,-0.3442815972272859,-0.0383774948669341,-0.3214607879142611,0.06172069825436409,0.0716957605985037,-2.78513593829187,-2.6353236600632104,-1.564708767759578
2024-16,2024,16,Italian Grand Prix,Nico Hülkenberg,hulkenberg,Haas F1 Team,10,0.0,-0.0248605509706388,-1.4003987386056216,-0.8018852458026668,-6.294143213637089,-6.032528471675757,-3.8472709761213553,-3.417206858739212,-3.7040649076799297,-3.190696273408781,0.004364089775561097,0.0033665835411471,-5.434345639371147,-5.69385683485624,-4.425776249055179
2024-16,2024,16,Italian Grand Prix,Kevin Magnussen,kevin_magnussen,Haas F1 Team,13,0.0,-1.1408242128825072,-2.009456698426848,-1.7171636382183062,-6.582037685930393,-6.39356838546973,-4.29574719217862,-4.0553660118440185,-4.135847598355264,-3.786554854941788,0.003366583541147132,0.0008728179551122,-5.6938568348562315,-7.043783551805269,-4.8746114233501245
2024-16,2024,16,Italian Grand Prix,Charles Leclerc,leclerc,Ferrari,4,1.0,2.7124849865047995,3.045523567900098,3.524101811597153,-0.997905924085649,-2.440765639134525,1.0238088219072243,0.5416680862313139,0.9856998253922992,0.5057634540744133,0.09788029925187032,0.0951371571072319,-2.324009983078152,-2.3524356695761033,-0.891170948423419
2024-16,2024,16,Italian Grand Prix,Max Verstappen,max_verstappen,Red Bull,7,0.0,1.225376524010689,4.544982530409714,4.35946508654818,-0.8364071945607601,-1.402788605439031,1.8542876679244773,1.4783382405545746,1.7852659514061897,1.380346145247847,0.05798004987531172,0.0589775561097256,-2.847656295273204,-2.830598312368629,-0.6846590273593146
2024-16,2024,16,Italian Grand Prix,Lando Norris,norris,McLaren,1,0.0,4.848936866860915,3.565124508338183,5.164227278811597,-1.787877016432638,-0.5084076461157746,0.8886237459527725,2.3279098163479115,0.8555467119275054,2.1736036133889343,0.31982543640897754,0.2928927680798005,-1.1399799432556903,-1.2279487162016474,0.5939649365461106
2024-16,2024,16,Italian Grand Prix,Esteban Ocon,ocon,Alpine F1 Team,15,0.0,-1.833322173617861,-1.897697358796317,-1.9223767642039,-6.585054565574887,-6.638214922178785,-4.241375962185602,-4.280295843191343,-4.083500215949782,-3.996575144706501,0.0016209476309226932,0.0006234413965087,-6.4247443433990234,-7.380255788426505,-5.352520093295183
2024-16,2024,16,Italian Grand Prix,Sergio Pérez,perez,Red Bull,8,0.0,0.789383500041756,1.6949051607066532,2.0103411605805594,-4.432548409969405,-5.0618397410752,-1.3688216246313758,-1.5257492902473204,-1.3178702971897391,-1.4246145392393232,0.026059850374064837,0.0377805486284289,-3.6473594488957493,-3.275960895351192,-2.5865543695715347
2024-16,2024,16,Italian Grand Prix,Oscar Piastri,piastri,McLaren,2,0.0,3.988531508293836,3.1916015952720267,4.211866892575132,-2.160163576644556,-1.4988832702653418,0.5157190093137354,1.356491811154895,0.4965225211529812,1.2665763431009662,0.20835411471321696,0.2175810473815461,-1.5685161722651664,-1.525183866224033,-0.10601218055513573
2024-16,2024,16,Italian Grand Prix,Daniel Ricciardo,ricciardo,RB F1 Team,12,0.0,-0.7803993763514019,-1.3430520489945794,-1.3283668013918362,-5.89568517735183,-6.345445085252584,-3.619368613173205,-3.8369059433222095,-3.484645701127282,-3.582575477826077,0.0026184538653366584,0.0008728179551122,-5.945171263137137,-7.043783551805269,-4.891038603229673
2024-16,2024,16,Italian Grand Prix,George Russell,russell,Mercedes,3,0.0,3.3047854547616997,1.9485303435697483,2.6477223382187707,-3.687130482624532,-2.882280244685291,-0.8693000695273917,-0.1172789532332601,-0.8369423161937859,-0.1095050825131225,0.12256857855361596,0.135286783042394,-2.0990845807133938,-2.0003584348860004,-1.108181766973327
2024-16,2024,16,Italian Grand Prix,Carlos Sainz,sainz,Ferrari,5,0.0,2.178623286592586,2.7804283634473936,3.15702003396267,-1.80920489307586,-2.9149163637583526,0.4856117351857667,0.1210518351021587,0.467535923053843,0.1130278777715717,0.06895261845386534,0.0731920199501246,-2.6743356993382252,-2.6146688810324648,-1.2766419321180333
2024-16,2024,16,Italian Grand Prix,Lance Stroll,stroll,Aston Martin,17,0.0,-2.49409101461943,-0.1386518155418696,-1.262894821013204,-5.518948216725814,-6.072258453865854,-2.828800016133842,-3.667576637439529,-2.7235042542205563,-3.4244702159578786,0.0026184538653366584,0.0011221945137157,-5.945171263137137,-6.79246912352435,-4.806373950288333
2024-16,2024,16,Italian Grand Prix,Yuki Tsunoda,tsunoda,RB F1 Team,16,0.0,-2.167291082194086,-1.2513696900049538,-2.035870987061624,-5.851102680339374,-6.34710840686561,-3.551236185172164,-4.191489696963616,-3.419049350571255,-3.913655540615239,0.003117206982543641,0.0013715710723192,-5.77081787599236,-6.591798428062191,-4.981153786477988
2024-16,2024,16,Italian Grand Prix,Guanyu Zhou,zhou,Sauber,20,0.0,-3.437305251347399,-4.074555719926769,-4.597530315536786,-6.599693228666832,-6.640532731764401,-5.3371244742968,-5.619031523650594,-5.138461937269815,-5.246572327580201,0.0011221945137157108,0.0008728179551122,-6.792469123524341,-7.043783551805269,-6.205750323587467
2024-17,2024,17,Azerbaijan Grand Prix,Alexander Albon,albon,Williams,9,0.0,0.375808658911073,-1.0892027537551618,-0.4027683334773092,-6.00072031867402,-5.933947644799327,-3.5449615362145908,-3.168357989138318,-3.4140819403518767,-2.946846648977623,0.002618453865336659,0.0033665835411471,-5.945171263137137,-5.69385683485624,-4.556764626137728
2024-17,2024,17,Azerbaijan Grand Prix,Fernando Alonso,alonso,Aston Martin,7,0.0,1.2259776907478517,-0.2223514302881692,0.204523238786809,-5.194224439369775,-5.444123980131676,-2.708287934828972,-2.6198003706724333,-2.6082982376858026,-2.4366406731096717,0.013341645885286784,0.0108478802992518,-4.316864866398654,-4.523785582205983,-3.468332618535544
2024-17,2024,17,Azerbaijan Grand Prix,Oliver Bearman,bearman,Haas F1 Team,10,0.0,-0.0223448706088745,-1.0741157749366756,-0.6736906577931208,-5.891313526029814,-5.977187038918789,-3.4827146504832447,-3.325438848355955,-3.354133202898024,-3.092945418495114,0.0056109725685785546,0.0038653366583541,-5.18303121109024,-5.555706496375418,-4.254235029723097
2024-17,2024,17,Azerbaijan Grand Prix,Valtteri Bottas,bottas,Sauber,16,0.0,-2.1646725498737065,-3.822672005564519,-4.06053894955752,-6.582381892962564,-6.731421168562879,-5.202526949263541,-5.3959800590602,-5.010450217928515,-5.018727621532495,0.0006234413965087283,0.0003740648379052,-7.380255788426459,-7.891081412192549,-6.38811792374333
2024-17,2024,17,Azerbaijan Grand Prix,Franco Colapinto,colapinto,Williams,8,0.0,0.7908231457996426,-1.913607645539984,-0.7228465662980291,-6.076741716898874,-6.049463845582993,-3.995174681219429,-3.386155205940512,-3.847673264818364,-3.1494168764236536,0.002618453865336659,0.0013715710723192,-5.945171263137137,-6.591798428062191,-4.665663234538824
2024-17,2024,17,Azerbaijan Grand Prix,Pierre Gasly,gasly,Alpine F1 Team,18,0.0,-2.8123914239332404,-1.8773155443113227,-2.45936812340358,-6.568608991093115,-6.691685929093323,-4.222962267702219,-4.575527026248452,-4.06705095828628,-4.255635420880519,0.0013715710723192023,0.0013715710723192,-6.591798428062189,-6.591798428062191,-5.583662727155321
2024-17,2024,17,Azerbaijan Grand Prix,Lewis Hamilton,hamilton,Mercedes,19,0.0,-3.1270685413878407,2.6630031612798133,1.0806335052004286,-2.2547056852233114,-4.062447407429435,0.2041487380282509,-1.490906951114503,0.1966115887373303,-1.3866722661677788,0.01832917705735661,0.0160847880299251,-3.9992611140818237,-4.129881296498893,-2.7450840325981636
2024-17,2024,17,Azerbaijan Grand Prix,Nico Hülkenberg,hulkenberg,Haas F1 Team,12,0.0,-0.7774186091857718,-1.4187871597594552,-1.4070633191479571,-6.241301667571523,-6.542401803887814,-3.8300444136654894,-3.974732561517886,-3.68863958885262,-3.696844665168892,0.0016209476309226934,0.004364089775561,-6.4247443433990234,-5.434345639371169,-5.199738452458455
2024-17,2024,17,Azerbaijan Grand Prix,Charles Leclerc,leclerc,Ferrari,1,0.0,4.834021000189527,3.5750872272457825,5.217771477570385,-1.1477743145794657,0.3649312867771163,1.2136564563331584,2.7913513821737506,1.1688483914505492,2.5961979343485964,0.22780548628428932,0.1968827930174563,-1.4792631444825532,-1.6251466866049185,0.6560441188455987
2024-17,2024,17,Azerbaijan Grand Prix,Max Verstappen,max_verstappen,Red Bull,6,0.0,1.6857759719649574,4.48973273080948,4.553945680554737,-0.9091780617755923,-1.6284623587996336,1.7902773345169436,1.4627416608775516,1.7241804892817882,1.3604761130068117,0.08391521197007483,0.0943890274314214,-2.4779483712158323,-2.3603304474231117,-0.5076033551691403
2024-17,2024,17,Azerbaijan Grand Prix,Lando Norris,norris,McLaren,15,0.0,-1.830480350975244,3.71159237810849,1.480925810920217,-1.8857597310710632,-4.056207778605685,0.9129163235187132,-1.287640983842734,0.8792115517580047,-1.1976173561609358,0.02381546134663342,0.0355361596009975,-3.7374202728139303,-3.33720452059191,-2.5125306283283324
2024-17,2024,17,Azerbaijan Grand Prix,Esteban Ocon,ocon,Alpine F1 Team,20,0.0,-3.436265303407476,-1.8566454582602427,-2.9862464101001853,-6.529612375452162,-6.674949566722336,-4.193128916856202,-4.830597988411261,-4.03831905152141,-4.49287345164528,0.001122194513715711,0.0013715710723192,-6.792469123524341,-6.591798428062191,-5.8115335559678005
2024-17,2024,17,Azerbaijan Grand Prix,Sergio Pérez,perez,Red Bull,4,0.0,2.708706508932151,1.8034341647466277,2.943857364571145,-4.638021216604277,-4.121152044678683,-1.4172935259288248,-0.5886473400537691,-1.3649672024983928,-0.5474928803543458,0.09239401496259353,0.1031172069825436,-2.381693075564473,-2.271889005836869,-1.4851702078091211
2024-17,2024,17,Azerbaijan Grand Prix,Oscar Piastri,piastri,McLaren,2,1.0,3.978870998005125,3.3250239035492317,4.128240600988138,-2.288389898733504,-1.801996867572604,0.5183170024078636,1.1631218667077672,0.4991807948324344,1.0818038198368336,0.28142144638403993,0.2706982543640898,-1.2679019240430245,-1.3067505309822682,-0.05239002866762865
2024-17,2024,17,Azerbaijan Grand Prix,Daniel Ricciardo,ricciardo,RB F1 Team,14,0.0,-1.488471332559249,-1.3110569659024305,-1.821703323839548,-5.66691277584676,-6.309539234303753,-3.4889848708745954,-4.06562127907165,-3.3601719274318294,-3.781379024503086,0.00286783042394015,0.0008728179551122,-5.85419948493141,-7.043783551805269,-4.95991038200153
2024-17,2024,17,Azerbaijan Grand Prix,George Russell,russell,Mercedes,5,0.0,2.176701811547117,2.4164792847327945,2.651187207462994,-3.5624756800743254,-4.318604852441049,-0.5729981976707654,-0.8337088224890274,-0.5518431662902856,-0.7754212302388965,0.10261845386533668,0.1150872817955112,-2.2767375001834904,-2.1620644663577084,-1.5552231613362588
2024-17,2024,17,Azerbaijan Grand Prix,Carlos Sainz,sainz,Ferrari,3,0.0,3.298541799894268,3.098347276480874,3.6512623323223257,-1.821027842312285,-1.4022322458095224,0.6386597170842946,1.1245150432564015,0.6150804695207103,1.0458961387271406,0.12980049875311722,0.135286783042394,-2.0417566322455913,-2.0003584348860004,-0.4586207944945949
2024-17,2024,17,Azerbaijan Grand Prix,Lance Stroll,stroll,Aston Martin,13,0.0,-1.137791408062646,-0.8969255865208823,-1.3306896304176594,-5.528079699685672,-5.966510969707138,-3.212502643103277,-3.648600300062399,-3.0938973935562744,-3.393513486972399,0.004862842892768081,0.0026184538653366,-5.3261320547309134,-5.945171263137159,-4.487366177396656
2024-17,2024,17,Azerbaijan Grand Prix,Yuki Tsunoda,tsunoda,RB F1 Team,11,0.0,-0.4061128989115484,-1.3550656701473165,-1.2440522481117524,-5.740739253607766,-6.374559425352081,-3.547902461877541,-3.809305836731917,-3.416914287357965,-3.5429835196613237,0.002618453865336659,0.0023690773067331,-5.945171263137137,-6.045254721694148,-4.8772385499345265
2024-17,2024,17,Azerbaijan Grand Prix,Guanyu Zhou,zhou,Sauber,17,0.0,-2.491770380463445,-4.200076628513081,-4.457410010672688,-6.556423974385858,-6.689523168868321,-5.378250301449469,-5.573466589770504,-5.179685882989269,-5.183805428413961,0.0006234413965087283,0.0001246882793017,-7.380255788426459,-8.989693700860926,-6.476861189098482
2024-18,2024,18,Singapore Grand Prix,Alexander Albon,albon,Williams,11,0.0,-0.4054336086415627,-0.4620445186500616,-0.1358934654240914,-5.705730858875734,-5.837341247784852,-3.0838876887628976,-2.986617356604472,-2.964284441925409,-2.769221428214081,0.004114713216957607,0.0013715710723192,-5.49318613939408,-6.591798428062191,-4.239901747999276
2024-18,2024,18,Singapore Grand Prix,Fernando Alonso,alonso,Aston Martin,7,0.0,1.2299610374810883,0.2265950979390746,0.7045258904627737,-5.125018428246751,-5.313345068296543,-2.4492116651538383,-2.3044095889168843,-2.3542232294815384,-2.1366715755866923,0.01234413965087282,0.0118453865336658,-4.39457385072597,-4.4358168092600225,-3.349491719821427
2024-18,2024,18,Singapore Grand Prix,Valtteri Bottas,bottas,Sauber,19,0.0,-3.1353974956551185,-3.49669702908807,-4.212686575020615,-6.603648778794849,-6.732263105499675,-5.050172903941459,-5.472474840260145,-4.854310688010888,-5.074133303182899,0.00037406483790523696,0.0001246882793017,-7.891081412192451,-8.989693700860926,-6.681778126226298
2024-18,2024,18,Singapore Grand Prix,Franco Colapinto,colapinto,Williams,12,0.0,-0.7777275593547459,-0.986487419148961,-0.6897508089422438,-5.637069757267728,-5.931791398608195,-3.3117785882083446,-3.3107711037752194,-3.1833369872382757,-3.0697800185926223,0.0023690773067331673,0.0003740648379052,-6.0452547216941195,-7.891081412192549,-4.678012912734669
2024-18,2024,18,Singapore Grand Prix,Pierre Gasly,gasly,Alpine F1 Team,18,0.0,-2.819481935835322,-1.7308746332371503,-2.392106787272893,-6.596027702285934,-6.6150444637095065,-4.163451167761542,-4.5035756254912,-4.001978919751961,-4.175760278803099,0.0016209476309226934,0.0001246882793017,-6.4247443433990234,-8.989693700860926,-5.464159984445112
2024-18,2024,18,Singapore Grand Prix,Lewis Hamilton,hamilton,Mercedes,3,0.0,3.303883060381837,2.56751124785884,3.387334783475969,-2.683766445520004,-2.0774596342259506,-0.058127598830582,0.6549375746250095,-0.0558732205092387,0.6072646573835355,0.13428927680798008,0.1427680798004987,-2.007759023704171,-1.9465337848722206,-0.6764107245395808
2024-18,2024,18,Singapore Grand Prix,Nico Hülkenberg,hulkenberg,Haas F1 Team,6,0.0,1.690356572700706,-1.1607028384787292,0.1300932842401901,-6.012305008487507,-5.627618417353407,-3.586503923483118,-2.7487625665566084,-3.4474075758414666,-2.5486800923957027,0.010598503740648382,0.0115960099750623,-4.547042444370243,-4.457094207707308,-3.647902505463426
2024-18,2024,18,Singapore Grand Prix,Kevin Magnussen,kevin_magnussen,Haas F1 Team,14,0.0,-1.4908961992945389,-1.6818076564695013,-1.6158850557646551,-6.37231121525048,-6.228931405503969,-4.027059435859991,-3.922408230634312,-3.8708769051240495,-3.636896068542574,0.0013715710723192023,0.0013715710723192,-6.591798428062189,-6.591798428062191,-5.257103329348251
2024-18,2024,18,Singapore Grand Prix,Charles Leclerc,leclerc,Ferrari,9,0.0,0.3782907462081721,3.472729659840524,2.6280635497900984,-1.6113460345442794,-2.975434107086285,0.9306918126481224,-0.1736852786480935,0.8945965414087094,-0.1610427242492354,0.02381546134663342,0.0295511221945137,-3.7374202728139303,-3.5216335597254296,-1.9555527757310118
2024-18,2024,18,Singapore Grand Prix,Max Verstappen,max_verstappen,Red Bull,2,0.0,3.9838351414671727,4.047737470007015,5.228357902482044,-2.0906849343701768,-0.4216224104853349,0.9785262678184192,2.4033677459983545,0.9405758200205612,2.228426566724271,0.193640897755611,0.2105985037406483,-1.641749877711873,-1.5578017840527605,0.3808089341432407
2024-18,2024,18,Singapore Grand Prix,Lando Norris,norris,McLaren,1,1.0,4.837835616439828,3.559657535592727,5.140734261446062,-2.01582934797679,-0.4339982242873546,0.7719140938079685,2.3533680185793537,0.7419767416030033,2.182066320317956,0.36421446384039907,0.3312967581047381,-1.010012398472819,-1.1047407551007469,0.6716778100532673
2024-18,2024,18,Singapore Grand Prix,Esteban Ocon,ocon,Alpine F1 Team,15,0.0,-1.8340228996272057,-1.7439116839309807,-1.892495871214191,-6.563018259473748,-6.6150444637095065,-4.153464971702364,-4.253770167461849,-3.992380021024197,-3.9441381643296896,0.0013715710723192023,0.0008728179551122,-6.591798428062189,-7.043783551805269,-5.4227842977620195
2024-18,2024,18,Singapore Grand Prix,Sergio Pérez,perez,Red Bull,13,0.0,-1.1391369035172096,1.7209031029332755,0.918785669324529,-4.451025984617175,-5.503332079900129,-1.3650614408419497,-2.2922732052878,-1.312119895320604,-2.1254185995292247,0.012842892768079803,0.0110972568578553,-4.354964712630924,-4.501057331128425,-3.323618958959362
2024-18,2024,18,Singapore Grand Prix,Oscar Piastri,piastri,McLaren,5,0.0,2.1817421354961737,3.564518701971734,3.5162934746634305,-2.3211253035853243,-3.2485265113386506,0.6216966991932049,0.1338834816623899,0.5975852686626446,0.1241381007458256,0.1046134663341646,0.1168329177057356,-2.257482994393354,-2.1470104186221386,-1.061799756365482
2024-18,2024,18,Singapore Grand Prix,Daniel Ricciardo,ricciardo,RB F1 Team,16,0.0,-2.16936731747042,-1.4357306324993924,-2.071165143609419,-5.420121160150709,-5.924724338645763,-3.4279258963250507,-3.9979447411275912,-3.2949797230215565,-3.7069342751470926,0.0006234413965087283,0.0008728179551122,-7.380255788426459,-7.043783551805269,-5.689100264777025
2024-18,2024,18,Singapore Grand Prix,George Russell,russell,Mercedes,4,0.0,2.7140250575115883,2.79805182534485,3.2144366240545748,-3.169290336442912,-3.505703340415416,-0.185619255549031,-0.1456333581804205,-0.1784203339669913,-0.1350327035514534,0.10286783042394017,0.105361596009975,-2.274310314525879,-2.250357073503387,-1.2099718363531498
2024-18,2024,18,Singapore Grand Prix,Carlos Sainz,sainz,Ferrari,10,0.0,-0.0207324021188689,2.818714603108675,1.970629653685754,-2.6560386058374457,-4.350906408279868,0.0813379986356146,-1.1901383772970568,0.0781834451272197,-1.1035081844893375,0.023316708229426438,0.019576059850374,-3.7585850840059734,-3.9334478955122556,-2.4743617306515153
2024-18,2024,18,Singapore Grand Prix,Lance Stroll,stroll,Aston Martin,17,0.0,-2.49764871202918,-0.5057526339588798,-1.541143690361481,-5.483612233266622,-5.875135137144362,-2.994682433612751,-3.708139413752921,-2.8785388582120013,-3.4382238825010973,0.0016209476309226934,0.0011221945137157,-6.4247443433990234,-6.79246912352435,-5.066441878575972
2024-18,2024,18,Singapore Grand Prix,Yuki Tsunoda,tsunoda,RB F1 Team,8,0.0,0.794100355191101,-1.116231573817631,-0.3481611084408226,-5.7000141694659385,-5.745276847824672,-3.4081228716417846,-3.0467189781327475,-3.275944724378263,-2.8249482516849445,0.003865336658354115,0.0031172069825436,-5.5557064963754135,-5.770817875992373,-4.3012127372540805
2024-18,2024,18,Singapore Grand Prix,Guanyu Zhou,zhou,Sauber,20,0.0,-3.445856913876425,-3.820777026274021,-4.553225937132001,-6.591701759329575,-6.707178912043377,-5.206239392801797,-5.630202424587688,-5.004324408199319,-5.22037989395369,0.00012468827930174565,0.0001246882793017,-8.98969370086056,-8.989693700860926,-7.309948062724124
2024-19,2024,19,United States Grand Prix,Alexander Albon,albon,Williams,14,0.0,-1.4937768740628337,-0.5187003483701265,-1.194199829991009,-5.5080461987617975,-6.089482957417501,-3.013373273565962,-3.6418413937042553,-2.900489504931396,-3.38532910242786,0.002119700748129676,0.0016209476309226,-6.1564803568043445,-6.424744343399081,-4.899160875254299
2024-19,2024,19,United States Grand Prix,Fernando Alonso,alonso,Aston Martin,7,0.0,1.2299971927084434,0.2538406771213448,0.1892149950979255,-4.960012478727802,-5.149202336332851,-2.3530859008032285,-2.479993670617463,-2.264937111957963,-2.305315866169204,0.00910224438902743,0.0100997506234413,-4.699234259712169,-4.595244546188131,-3.5896139651648156
2024-19,2024,19,United States Grand Prix,Valtteri Bottas,bottas,Sauber,16,0.0,-2.172504802531304,-3.345362502367062,-3.726560920104204,-6.5954233171781445,-6.683590105444436,-4.970392909772603,-5.20507551277432,-4.784197363349079,-4.838457172844268,0.0006234413965087282,0.0003740648379052,-7.38025578842646,-7.891081412192549,-6.29266565060039
2024-19,2024,19,United States Grand Prix,Franco Colapinto,colapinto,Williams,15,0.0,-1.8370546603933209,-1.1503853957634993,-1.640653459740635,-5.065881671754682,-5.778957125340388,-3.1081335337590907,-3.709805292540512,-2.991699957544684,-3.448505979115182,0.0003740648379052369,0.0008728179551122,-7.891081412192451,-7.043783551805269,-5.800443352366481
2024-19,2024,19,United States Grand Prix,Pierre Gasly,gasly,Alpine F1 Team,6,0.0,1.6912273555568187,-1.852978206114945,-0.6761844672530114,-6.512486658082511,-5.907657977706863,-4.182732432098728,-3.291921222479937,-4.026043380573896,-3.0600554808967124,0.0036159600997506237,0.0033665835411471,-5.622397870874086,-5.69385683485624,-4.457159546677012
2024-19,2024,19,United States Grand Prix,Lewis Hamilton,hamilton,Mercedes,17,0.0,-2.500850752130787,2.360768234330433,0.6389373149711749,-2.435384451712354,-4.555076135373452,-0.0373081086909603,-1.9580694102011384,-0.0359105122011368,-1.8201532253400403,0.00685785536159601,0.0071072319201995,-4.9823605156280895,-4.94664243302601,-3.470214962914614
2024-19,2024,19,United States Grand Prix,Nico Hülkenberg,hulkenberg,Haas F1 Team,11,0.0,-0.4075341293874334,-0.7942579064501123,-0.5744774538054623,-5.669127157982199,-5.969076035032773,-3.2316925322161554,-3.271776744419118,-3.110630320871512,-3.041329874682668,0.0018703241895261845,0.0056109725685785,-6.28164349975835,-5.18303121109025,-4.776710122088734
2024-19,2024,19,United States Grand Prix,Kevin Magnussen,kevin_magnussen,Haas F1 Team,8,0.0,0.7934448925962041,-1.2763870649302702,-0.2742202194858617,-6.013290222450577,-5.86361592616145,-3.644838643690424,-3.068918072823656,-3.508299594322078,-2.852759508653229,0.004114713216957606,0.004364089775561,-5.49318613939408,-5.434345639371169,-4.281052106108868
2024-19,2024,19,United States Grand Prix,Liam Lawson,lawson,RB F1 Team,19,0.0,-3.1386189819533827,-2.485416767208608,-3.001845446605763,-5.8366550773411685,-6.000331600328956,-4.1610359222748885,-4.501088523467359,-4.005159642210073,-4.1840553510759255,0.00012468827930174563,0.0001246882793017,-8.98969370086056,-8.989693700860926,-6.74539111216396
2024-19,2024,19,United States Grand Prix,Charles Leclerc,leclerc,Ferrari,4,1.0,2.717164751924982,3.72470297901295,3.930727060487193,-1.56943946279586,-2.4281322805923606,1.077631758108545,0.7512973899474162,1.037262669047225,0.6983799248270125,0.09239401496259352,0.1046134663341645,-2.381693075564473,-2.2574829943933548,-0.8151978428085285
2024-19,2024,19,United States Grand Prix,Max Verstappen,max_verstappen,Red Bull,2,0.0,3.990678468182565,4.1029474704592905,5.396542782359955,-1.5988308400839804,-0.1049990623651437,1.252058315187655,2.6457718599974056,1.2051550448864046,2.4594175055283216,0.21234413965087282,0.2123441396508728,-1.5495470201978718,-1.549547020197872,0.5481124198997669
2024-19,2024,19,United States Grand Prix,Lando Norris,norris,McLaren,1,0.0,4.847807832193868,3.869416877698725,5.18766697704702,-1.7462255064239922,-1.4256038837031355,1.061595685637366,1.8810315466719425,1.0218273227822958,1.748541506651494,0.4096009975062344,0.3547381546134663,-0.8925717699418493,-1.036375354300129,0.4942298883650466
2024-19,2024,19,United States Grand Prix,Esteban Ocon,ocon,Alpine F1 Team,12,0.0,-0.780149177422539,-1.8601059904041772,-1.6388449179973137,-6.512486658082511,-6.303123431229458,-4.186296324243345,-3.9709841746133856,-4.02947376600037,-3.691288784524932,0.0016209476309226932,0.0013715710723192,-6.4247443433990234,-6.591798428062191,-5.197864259006204
2024-19,2024,19,United States Grand Prix,Sergio Pérez,perez,Red Bull,9,0.0,0.3770605403499254,1.7064141907715369,1.6758173647483827,-4.58585818652916,-5.220468367340047,-1.4397219978788116,-1.772325501295832,-1.3857886712868746,-1.6474921474845154,0.02456359102244389,0.0278054862842892,-3.7064899721225717,-3.582521929400444,-2.739407736709202
2024-19,2024,19,United States Grand Prix,Oscar Piastri,piastri,McLaren,5,0.0,2.183628181987298,3.775415004604378,3.2824011041852854,-1.6526080589368262,-3.850701331253505,1.061403472833776,-0.2841501135341098,1.021642310449301,-0.2641360632750607,0.1185785536159601,0.1345386533665835,-2.13217963831517,-2.005903735602426,-1.20816487592464
2024-19,2024,19,United States Grand Prix,George Russell,russell,Mercedes,20,0.0,-3.4490390737128465,2.541051285613759,1.3806430547212225,-2.7959463933654787,-4.3549466540797,-0.1274475538758599,-1.4871517996792387,-0.1226732498389295,-1.382404592326662,0.006359102244389027,0.0081047381546134,-5.0578680681362345,-4.815306430964931,-3.2725099339077364
2024-19,2024,19,United States Grand Prix,Carlos Sainz,sainz,Ferrari,3,0.0,3.3086119988262794,3.0114860074829224,3.714618906168509,-2.82044427073049,-1.5519775002464231,0.0955208683762161,1.0813207029610423,0.0919425677056212,1.0051581189449894,0.10087281795511222,0.1193266832917705,-2.2938947838020685,-2.1258903094076067,-0.6062870404205131
2024-19,2024,19,United States Grand Prix,Lance Stroll,stroll,Aston Martin,13,0.0,-1.1418161742438908,-0.5687724250943865,-0.9518883195781292,-5.511379398249503,-5.774924960389857,-3.0400759116719445,-3.3634066399839933,-2.926191837350615,-3.1265058388650853,0.0016209476309226932,0.0016209476309226,-6.4247443433990234,-6.424744343399081,-4.894075491691508
2024-19,2024,19,United States Grand Prix,Yuki Tsunoda,tsunoda,RB F1 Team,10,0.0,-0.0224395055962632,-1.242350044881298,-0.9359231706897372,-5.636009269567254,-5.726295398164536,-3.439179657224276,-3.3311092844271366,-3.310344784981784,-3.096483340387502,0.0026184538653366584,0.0018703241895261,-5.945171263137137,-6.281643499758395,-4.6381402737821364
2024-19,2024,19,United States Grand Prix,Guanyu Zhou,zhou,Sauber,18,0.0,-2.8227109456024992,-3.693626670933335,-4.103389914362776,-6.549126158250249,-6.666035645477264,-5.121376414591792,-5.38471277992002,-4.929524885494247,-5.005441728898861,0.0006234413965087282,0.0001246882793017,-7.38025578842646,-8.989693700860926,-6.382484284173239
2024-20,2024,20,Mexico City Grand Prix,Alexander Albon,albon,Williams,9,0.0,0.3791411752166876,-0.7706840101676897,-0.2172085879695457,-5.6292291298098025,-5.857275738596909,-3.1999565699887462,-3.0372421632832274,-3.0846305107907925,-2.8105146472389544,0.004364089775561096,0.0046134663341645,-5.434345639371147,-5.3787757882163545,-4.235793901327187
2024-20,2024,20,Mexico City Grand Prix,Fernando Alonso,alonso,Aston Martin,13,0.0,-1.1388438356824375,0.2751019091858402,-0.4621143884457822,-5.25321670298406,-5.872991024218937,-2.489057396899109,-3.1675527063323594,-2.39935206045984,-2.931097620291504,0.0021197007481296754,0.0026184538653366,-6.1564803568043445,-5.945171263137159,-4.6620165315683515
2024-20,2024,20,Mexico City Grand Prix,Valtteri Bottas,bottas,Sauber,15,0.0,-1.8343047723825865,-3.621973171175642,-3.651101866653425,-6.573619891717427,-6.70368412924132,-5.097796531446535,-5.177392997947372,-4.914072542790403,-4.7909050622140255,0.0006234413965087281,0.0003740648379052,-7.38025578842646,-7.891081412192549,-6.278824393186916
2024-20,2024,20,Mexico City Grand Prix,Franco Colapinto,colapinto,Williams,16,0.0,-2.169992816675383,-1.3786553385084717,-1.963049000820673,-5.489004493416824,-6.114226314018354,-3.433829915962648,-4.038637657419513,-3.3100750888259145,-3.737156828745728,0.001870324189526184,0.0008728179551122,-6.28164349975835,-7.043783551805269,-5.160140578588932
2024-20,2024,20,Mexico City Grand Prix,Pierre Gasly,gasly,Alpine F1 Team,8,0.0,0.7949209275109366,-1.809042558901164,-0.8656673719038426,-6.417732672204891,-6.24594074111718,-4.113387615553028,-3.555804056510511,-3.96514160868392,-3.290366341000436,0.006359102244389026,0.0041147132169576,-5.0578680681362345,-5.493186139394082,-4.306836062323373
2024-20,2024,20,Mexico City Grand Prix,Lewis Hamilton,hamilton,Mercedes,6,0.0,1.6908174158339169,1.8824741965853893,2.1598563959916635,-3.622322933489263,-4.337434816653373,-0.8699243684519368,-1.088789210330855,-0.8385723963174577,-1.007512031929226,0.051995012468827914,0.0647132169576059,-2.956607479061759,-2.7377898176946727,-2.022698344696307
2024-20,2024,20,Mexico City Grand Prix,Nico Hülkenberg,hulkenberg,Haas F1 Team,10,0.0,-0.0199300316035961,-0.4659410493494541,-0.108133784594052,-5.757762135823381,-5.9177087517160505,-3.1118515925864174,-3.0129212681550515,-2.9997008264330103,-2.788009286020799,0.008354114713216955,0.0076059850374064,-4.785001081469594,-4.87881983668726,-3.8989611748123227
2024-20,2024,20,Mexico City Grand Prix,Kevin Magnussen,kevin_magnussen,Haas F1 Team,7,0.0,1.2306586850702974,-0.8410447969581611,0.3121951289363854,-6.105519851362764,-6.005764303828392,-3.4732823241604622,-2.8467845874460034,-3.348105636862877,-2.63427456568105,0.008104738154613465,0.0081047381546134,-4.815306430964923,-4.815306430964931,-3.831045509205463
2024-20,2024,20,Mexico City Grand Prix,Liam Lawson,lawson,RB F1 Team,12,0.0,-0.77721184670658,-2.1551733357040224,-1.891999131550565,-6.041738503290933,-6.300490804236815,-4.098455919497478,-4.09624496789369,-3.950748049201653,-3.790463803024229,0.0013715710723192019,0.0013715710723192,-6.59179842806219,-6.591798428062191,-5.34402169797794
2024-20,2024,20,Mexico City Grand Prix,Charles Leclerc,leclerc,Ferrari,4,0.0,2.713534781159204,3.812588639190616,3.9035134194644514,-1.5762804236742212,-2.5259810873459774,1.1181541077581971,0.688766166059237,1.0778559649542747,0.637350363969509,0.11982543640897753,0.1325436408977556,-2.121719291890268,-2.0208433225186124,-0.7164765629155155
2024-20,2024,20,Mexico City Grand Prix,Max Verstappen,max_verstappen,Red Bull,2,0.0,3.9812512673028095,4.215514836380983,5.252211882508398,-1.0506458356958257,-0.3315299170471659,1.5824345003425786,2.460340982730616,1.525403746683308,2.2766786437904,0.2165835411471321,0.2041147132169576,-1.5297789346194555,-1.5890731234894253,0.46528102405558025
2024-20,2024,20,Mexico City Grand Prix,Lando Norris,norris,McLaren,3,0.0,3.302555073168829,4.136036543360651,4.277974992721159,-1.7269213921848054,-2.0354299559320195,1.204557575587923,1.1212725183945698,1.1611454619447417,1.0375704889753896,0.2427680798004987,0.2372817955112219,-1.4156486954883607,-1.438506833564411,-0.14718808854689547
2024-20,2024,20,Mexico City Grand Prix,Esteban Ocon,ocon,Alpine F1 Team,20,0.0,-3.448158100067896,-1.9850671534186783,-3.112927742315677,-6.415582407393884,-6.457251818578618,-4.200324780406281,-4.785089780447147,-4.048945568319827,-4.427886942594784,0.0008728179551122193,0.0003740648379052,-7.043783551805247,-7.891081412192549,-5.914436666126197
2024-20,2024,20,Mexico City Grand Prix,Sergio Pérez,perez,Red Bull,18,0.0,-2.820890184180044,1.8730181779177724,0.0432700855622803,-4.374493817118976,-5.476888773080928,-1.250737819600602,-2.716809343759324,-1.2056613753834589,-2.514001862181839,0.006608478802992517,0.0051122194513715,-5.019401787308438,-5.276121634156266,-3.868105565533881
2024-20,2024,20,Mexico City Grand Prix,Oscar Piastri,piastri,McLaren,17,0.0,-2.498650621053336,3.86085192467157,1.3933345479206602,-1.9160408790079173,-4.122521879222703,0.9724055228318264,-1.3645936656510211,0.9373601419218864,-1.2627279217985925,0.011845386533665831,0.0088528678304239,-4.43581680926002,-4.72701382381925,-2.9002052374555207
2024-20,2024,20,Mexico City Grand Prix,George Russell,russell,Mercedes,5,0.0,2.181822332437725,2.176880867403308,2.5100001162468977,-3.2010233082371635,-3.8514038782028575,-0.5120712204169278,-0.6707018809779799,-0.493616233735787,-0.6206345622377526,0.07319201995012467,0.0811720698254364,-2.614668881032464,-2.511184058651991,-1.6426853810052218
2024-20,2024,20,Mexico City Grand Prix,Carlos Sainz,sainz,Ferrari,1,1.0,4.833188001152166,3.2101894644344044,4.86911068643891,-1.936688241286018,-0.3317650981618704,0.6367506115741932,2.26867279413852,0.6138021942695806,2.0993183206788806,0.23753117206982538,0.2322942643391521,-1.4374564132997592,-1.4597503302589718,0.41560819041938035
2024-20,2024,20,Mexico City Grand Prix,Lance Stroll,stroll,Aston Martin,14,0.0,-1.4908705674468874,-0.5828158213700612,-1.1177895558591842,-5.644808068168034,-6.071443032984146,-3.1138119447690475,-3.594616294421665,-3.001590527753068,-3.3262812787225915,0.002867830423940149,0.0016209476309226,-5.854199484931411,-6.424744343399081,-4.724407889676538
2024-20,2024,20,Mexico City Grand Prix,Yuki Tsunoda,tsunoda,RB F1 Team,11,0.0,-0.4047457726161134,-0.9279591623481876,-0.8569747245733709,-5.695790504428549,-6.108399782077737,-3.3118748333883685,-3.482687253325554,-3.192515253113533,-3.2227076443068308,0.001870324189526184,0.0021197007481296,-6.28164349975835,-6.15648035680438,-4.882165376541952
2024-20,2024,20,Mexico City Grand Prix,Guanyu Zhou,zhou,Sauber,19,0.0,-3.1372395504485584,-3.9469084577993447,-4.596226104007285,-6.57702507924868,-6.687817222731357,-5.261966768524012,-5.642021663369321,-5.072326103792553,-5.220849597253625,0.0008728179551122193,0.0001246882793017,-7.043783551805247,-8.989693700860926,-6.342902607587284
2024-21,2024,21,São Paulo Grand Prix,Alexander Albon,albon,Williams,7,0.0,1.230670774810767,-0.4004319624213047,-0.2905501952553941,-5.113979622099274,-5.474671170085786,-2.7572057922602893,-2.88261068267059,-2.654531292815012,-2.672593564609229,0.01658354114713217,0.0180798004987531,-4.099344572638806,-4.012959958439986,-3.490977627654698
2024-21,2024,21,São Paulo Grand Prix,Fernando Alonso,alonso,Aston Martin,9,0.0,0.3779063573930882,-0.0746472302838259,-1.18808817856009,-5.17058281568368,-5.64948372861246,-2.6226150229837533,-3.418785953586275,-2.5249524961319665,-3.1697049460269544,0.00885286783042394,0.0086034912718204,-4.727013823819245,-4.755587196263306,-4.07289988870276
2024-21,2024,21,São Paulo Grand Prix,Oliver Bearman,bearman,Haas F1 Team,15,0.0,-1.8372898503373327,-0.2457569350923658,-2.524304150733425,-5.566482999588776,-6.121345296987677,-2.906119967340571,-4.322824723860551,-2.797900111640206,-4.007878555150561,0.0046134663341645885,0.0071072319201995,-5.378775788216336,-4.94664243302601,-4.850800256038443
2024-21,2024,21,São Paulo Grand Prix,Valtteri Bottas,bottas,Sauber,11,0.0,-0.4068328527263098,-3.2935553792071746,-3.701823340784115,-6.608725267451972,-6.676851554072431,-4.951140323329573,-5.189337447428272,-4.766766760859847,-4.811260136500147,0.0026184538653366584,0.0018703241895261,-5.945171263137137,-6.281643499758395,-5.567254355282705
2024-21,2024,21,São Paulo Grand Prix,Franco Colapinto,colapinto,Williams,16,0.0,-2.173075757916859,-1.4076483481665574,-2.870150825323649,-5.732852685428967,-6.244412420799365,-3.5702505167977625,-4.557281623061507,-3.437299365405488,-4.225253729588681,0.003366583541147132,0.0026184538653366,-5.6938568348562315,-5.945171263137159,-5.125569228958869
2024-21,2024,21,São Paulo Grand Prix,Pierre Gasly,gasly,Alpine F1 Team,13,0.0,-1.141492644514869,-1.7396563518631696,-2.406619808672552,-6.369384371722952,-6.481942713150133,-4.0545203617930605,-4.444281260911343,-3.903535676570664,-4.120486185883733,0.0046134663341645885,0.006359102244389,-5.378775788216336,-5.057868068136239,-4.91152852456384
2024-21,2024,21,São Paulo Grand Prix,Lewis Hamilton,hamilton,Mercedes,14,0.0,-1.493712580868236,2.257849306159258,-0.0531162014561198,-3.670743886940211,-5.248438730163868,-0.7064472903904764,-2.650777465809994,-0.6801401782667008,-2.457650920023502,0.017581047381546134,0.021072319201995,-4.040933810482392,-3.859794985937487,-3.345855638146193
2024-21,2024,21,São Paulo Grand Prix,Nico Hülkenberg,hulkenberg,Haas F1 Team,18,0.0,-2.8240493523143337,-0.2257974576055775,-3.1656375561595733,-5.587810289841034,-6.275323376125234,-2.9068038737233057,-4.720480466142404,-2.79855855030279,-4.376562465239933,0.004114713216957606,0.0041147132169576,-5.49318613939408,-5.493186139394082,-5.106833302768242
2024-21,2024,21,São Paulo Grand Prix,Liam Lawson,lawson,RB F1 Team,5,0.0,2.183662795819332,-2.299902519859928,-0.8191097055796839,-6.105571210540436,-5.601529361647393,-4.2027368652001815,-3.2103195336135384,-4.046232804043071,-2.9764266737282847,0.014837905236907731,0.0113466334164588,-4.210570207749031,-4.478834194343714,-3.7104448706812847
2024-21,2024,21,São Paulo Grand Prix,Charles Leclerc,leclerc,Ferrari,6,0.0,1.6916536938705744,4.289587429461829,3.2125406696874643,-2.238255736121083,-3.676822849395425,1.025665846670373,-0.2321410898539804,0.9874714805840218,-0.2152280870097709,0.10885286783042394,0.1307980049875311,-2.217758145020958,-2.0341010924642635,-1.2249496174374692
2024-21,2024,21,São Paulo Grand Prix,Max Verstappen,max_verstappen,Red Bull,17,1.0,-2.5017904019540715,3.7886397424722658,1.6314249106566978,-2.0124139627958737,-3.1906814261604644,0.888112889838196,-0.7796282577518833,0.8550408040798517,-0.7228272194304135,0.01807980049875312,0.0245635910224438,-4.0129599584399855,-3.7064899721225752,-2.3962941080959346
2024-21,2024,21,São Paulo Grand Prix,Lando Norris,norris,McLaren,1,0.0,4.84305608273748,4.034496103900338,5.627554684203463,-2.2021630978175173,-0.1962477406995746,0.9161665030414105,2.715653471751944,0.882049739841376,2.517800282898051,0.4155860349127182,0.3617206982543641,-0.8780656225528204,-1.0168829167391562,0.9187939245995618
2024-21,2024,21,São Paulo Grand Prix,Esteban Ocon,ocon,Alpine F1 Team,4,0.0,2.7166169709445347,-2.002744281153689,-1.081999703118879,-6.408676052907099,-5.983560077488599,-4.205710167030394,-3.5327798903037397,-4.049095384258679,-3.275393675867265,0.018329177057356608,0.0168329177057356,-3.9992611140818237,-4.084418922422135,-3.7660205021927817
2024-21,2024,21,São Paulo Grand Prix,Sergio Pérez,perez,Red Bull,12,0.0,-0.7796114012991056,1.3363023809157133,-0.0835310656902597,-4.435062183086839,-5.939708093139234,-1.5493799010855631,-3.011619579414747,-1.49168315380573,-2.7922033160364808,0.02281795511221945,0.0260598503740648,-3.7802075480191393,-3.6473594488957506,-3.395913563716943
2024-21,2024,21,São Paulo Grand Prix,Oscar Piastri,piastri,McLaren,8,0.0,0.7942513328980865,3.539142455136338,3.2571534381641705,-2.3132191392325403,-2.6845878713121296,0.6129616579518988,0.2862827834260204,0.5901358204369683,0.2654252026617614,0.09264339152119701,0.1086034912718204,-2.378997656142801,-2.2200517240080577,-1.0463574363583903
2024-21,2024,21,São Paulo Grand Prix,George Russell,russell,Mercedes,2,0.0,3.9880090145935054,2.5725922025959256,3.024974511764231,-3.078136754230544,-3.1335947949987832,-0.252772275817309,-0.0543101416172762,-0.2433593886958475,-0.050353291150949,0.18840399002493766,0.1886533665835411,-1.6691667385878206,-1.6678439870722046,-0.8617384401025484
2024-21,2024,21,São Paulo Grand Prix,Carlos Sainz,sainz,Ferrari,20,0.0,-3.4512556099257634,3.738300320239788,0.9267889349251164,-2.609573002246375,-4.856815649921835,0.5643636589967067,-1.965013357498359,0.5433475432046788,-1.8218492303497176,0.01683291770573566,0.0208229426433915,-4.084418922422131,-3.871699888443806,-3.024716139960245
2024-21,2024,21,São Paulo Grand Prix,Lance Stroll,stroll,Aston Martin,10,0.0,-0.0216325730997522,-0.7503536822300698,-1.6164451926497705,-5.407213956591573,-6.020053960685774,-3.078783819410821,-3.818249576667773,-2.964134202597459,-3.5400650209275364,0.009850374064837904,0.0103491271820448,-4.620245848393539,-4.57085309306397,-4.219247712530656
2024-21,2024,21,São Paulo Grand Prix,Yuki Tsunoda,tsunoda,RB F1 Team,3,0.0,3.3072133983741607,-0.92349175243627,0.3209577374531013,-5.28346857154425,-4.465315694437034,-3.10348016199026,-2.072178978491966,-2.987910887812333,-1.9212071321075512,0.030798004987531172,0.0300498753117206,-3.480305364232583,-3.5048967673699085,-2.7762421713622745
2024-21,2024,21,São Paulo Grand Prix,Guanyu Zhou,zhou,Sauber,19,0.0,-3.1403837346932897,-3.631318777836696,-5.361740957645415,-6.577219169856352,-6.635056323976164,-5.104268973846524,-5.998398640810789,-4.914193113932518,-5.561375908917228,0.0006234413965087282,0.0003740648379052,-7.38025578842646,-7.891081412192549,-6.689327214618625
2024-22,2024,22,Las Vegas Grand Prix,Alexander Albon,albon,Williams,17,0.0,-2.361211473669684,-0.969203107870048,-1.94489870155754,-5.592190171139922,-5.903547993791742,-3.280696639504985,-3.924223347674641,-3.163535857609445,-3.598083375576397,0.00286783042394015,0.0023690773067331,-5.85419948493141,-6.045254721694148,-4.889211416303025
2024-22,2024,22,Las Vegas Grand Prix,Fernando Alonso,alonso,Aston Martin,16,0.0,-2.058142074058762,-0.962319806296568,-2.1018956516652056,-6.026682457995904,-6.3796705153967626,-3.4945011321462363,-4.240783083530984,-3.369704928788989,-3.888334011702015,0.004364089775561098,0.004862842892768,-5.434345639371147,-5.32613205473093,-4.837564361451065
2024-22,2024,22,Las Vegas Grand Prix,Valtteri Bottas,bottas,Sauber,19,0.0,-2.947590530122089,-3.95358871466086,-4.593552188047782,-6.496285440971772,-6.576206131243731,-5.224937077816316,-5.584879159645757,-5.038343259289918,-5.120723026846063,0.0013715710723192023,0.0006234413965087,-6.591798428062189,-7.380255788426505,-6.088338793853973
2024-22,2024,22,Las Vegas Grand Prix,Franco Colapinto,colapinto,Williams,20,0.0,-3.231942083167659,-1.7084439717209512,-2.2595463366498616,-6.567478007223625,-6.615438187599471,-4.137960989472288,-4.437492262124667,-3.990185441089684,-4.06869480226217,0.0013715710723192023,0.0008728179551122,-6.591798428062189,-7.043783551805269,-5.514645345093427
2024-22,2024,22,Las Vegas Grand Prix,Pierre Gasly,gasly,Alpine F1 Team,3,0.0,3.147954750601764,-1.331795393629183,0.5638163941030574,-6.275110310473802,-4.46647384183893,-3.803452852051493,-1.951328723867936,-3.667623313689661,-1.789154902662295,0.04052369077306734,0.0410224438902743,-3.2058685185308224,-3.1936359500951887,-2.5785986211993794
2024-22,2024,22,Las Vegas Grand Prix,Lewis Hamilton,hamilton,Mercedes,10,0.0,-0.0517838923047079,1.8970085371887255,1.589843059135657,-5.027925078674163,-5.112631171379553,-1.5654582707427185,-1.761394056121948,-1.5095523656320495,-1.615005597203566,0.030548628428927686,0.0397755610972568,-3.488435490315833,-3.224502598075717,-2.6249147732188907
2024-22,2024,22,Las Vegas Grand Prix,Nico Hülkenberg,hulkenberg,Haas F1 Team,9,0.0,0.3255832881878922,-1.8677771031140613,-1.0028405874265285,-6.52803938653019,-6.242533423719108,-4.197908244822125,-3.622687005572818,-4.047991850125142,-3.321607547488888,0.016832917705735664,0.0198254364089775,-4.084418922422131,-3.9207894986403313,-3.8535529639974744
2024-22,2024,22,Las Vegas Grand Prix,Kevin Magnussen,kevin_magnussen,Haas F1 Team,12,0.0,-0.7634035664328712,-2.117901921730528,-1.640114060743301,-6.5612742002072695,-6.338584330159268,-4.339588060968898,-3.989349195451284,-4.18461197320591,-3.657796651158511,0.007855361596009977,0.0078553615960099,-4.846558974469027,-4.846558974469037,-4.417954084960155
2024-22,2024,22,Las Vegas Grand Prix,Liam Lawson,lawson,RB F1 Team,14,0.0,-1.4289936638906928,-1.2682111873063884,-1.925983457890505,-5.830503916583311,-5.9127483433188885,-3.549357551944849,-3.9193659006046966,-3.422602307035816,-3.593629628171713,0.004613466334164589,0.004364089775561,-5.378775788216336,-5.434345639371169,-4.649070844410517
2024-22,2024,22,Las Vegas Grand Prix,Charles Leclerc,leclerc,Ferrari,4,0.0,2.5701598813373945,3.3403846858237936,3.4728957101712243,-2.381350586315526,-2.750648624551574,0.4795170497541337,0.3611235428098251,0.4623924574328169,0.3311107704109743,0.1307980049875312,0.1375311720698254,-2.034101092464263,-1.983904681607058,-0.836488774827219
2024-22,2024,22,Las Vegas Grand Prix,Max Verstappen,max_verstappen,Red Bull,5,0.0,2.0528342613315216,3.307448735224265,3.335072847410771,-1.5751114960317705,-2.7045063002882404,0.8661686195962474,0.3152832735612654,0.8352358623570444,0.2890802598864078,0.09763092269326686,0.1160847880299251,-2.326561004869757,-2.153434423583494,-1.0056388656542459
2024-22,2024,22,Las Vegas Grand Prix,Lando Norris,norris,McLaren,6,0.0,1.5784618178035177,4.030095582953611,3.6127295929064864,-2.5865157084942605,-3.710042489241798,0.7217899372296752,-0.0486564481676556,0.6960132554140346,-0.0446126384142678,0.11384039900249379,0.1268079800498753,-2.1729578202655917,-2.0650813048120003,-1.1108071342166237
2024-22,2024,22,Las Vegas Grand Prix,Esteban Ocon,ocon,Alpine F1 Team,11,0.0,-0.4141091995428643,-1.52091770616526,-1.1421968244970664,-6.162764248375,-6.274500440010391,-3.84184097727013,-3.708348632253729,-3.7046405158208175,-3.400149885062017,0.008104738154613468,0.0076059850374064,-4.815306430964923,-4.87881983668726,-4.261827531609326
2024-22,2024,22,Las Vegas Grand Prix,Sergio Pérez,perez,Red Bull,15,0.0,-1.7476546090423728,0.6205145843183351,-0.6811046672590949,-5.015880895302797,-6.038478471610864,-2.197683155492231,-3.359791569434979,-2.119199130558131,-3.080561201632201,0.016832917705735664,0.0128428927680798,-4.084418922422131,-4.354964712630925,-3.722105245928555
2024-22,2024,22,Las Vegas Grand Prix,Oscar Piastri,piastri,McLaren,8,0.0,0.7205807465454619,3.313849940012757,2.762896881641306,-2.68698264945896,-4.175936620921164,0.3134336452768984,-0.7065198696399289,0.3022402510109319,-0.6478014048237601,0.0701995012468828,0.0809226932668329,-2.6564140727208696,-2.5142609841564703,-1.6814669711803991
2024-22,2024,22,Las Vegas Grand Prix,George Russell,russell,Mercedes,1,1.0,4.675587705389745,2.3581054207694265,4.539619314713371,-3.143551340224054,-0.9813100618444304,-0.3927229597273136,1.7791546264344704,-0.3786979723280138,1.6312900966116108,0.23403990024937663,0.2003740648379052,-1.4522636642740512,-1.6075693351230478,0.16344548108020962
2024-22,2024,22,Las Vegas Grand Prix,Carlos Sainz,sainz,Ferrari,2,0.0,3.820372522542355,2.739705577903409,3.9433159601303367,-3.187318573591696,-1.655704072746556,-0.2238064978441432,1.1438059436918904,-0.2158138831156205,1.0487448817922078,0.19763092269326688,0.1781795511221945,-1.621354014549179,-1.7249635229306928,-0.23877403542864428
2024-22,2024,22,Las Vegas Grand Prix,Lance Stroll,stroll,Aston Martin,18,0.0,-2.657508567645733,-1.5668677775197852,-2.850079159158488,-6.144813983025494,-6.397799665069005,-3.85584088027264,-4.623939412113747,-3.718140451967969,-4.2396464355826415,0.004364089775561098,0.0028678304239401,-5.434345639371147,-5.854199484931428,-5.029142525742447
2024-22,2024,22,Las Vegas Grand Prix,Yuki Tsunoda,tsunoda,RB F1 Team,7,0.0,1.1366372000742575,-0.2710916739886332,0.3039359758940127,-4.893268719522768,-5.174263811014312,-2.5821801967557008,-2.4351639175601494,-2.489964949785251,-2.2327788283938217,0.014837905236907735,0.0140897755610972,-4.21057020774903,-4.262305882148223,-3.3228670626545895
2024-22,2024,22,Las Vegas Grand Prix,Guanyu Zhou,zhou,Sauber,13,0.0,-1.101266182349647,-4.58895149883914,-3.860333671376171,-6.511303563047168,-6.606597612905957,-5.550127530943154,-5.233465642141064,-5.351920457081129,-4.798515287055791,0.0013715710723192023,0.0011221945137157,-6.591798428062189,-6.79246912352435,-5.912632035101627
2024-23,2024,23,Qatar Grand Prix,Alexander Albon,albon,Williams,16,0.0,-2.060915851016522,-0.5374292427375899,-1.1798422108475282,-5.690900808465669,-5.932349611334949,-3.114165025601629,-3.556095911091239,-2.994623358352238,-3.2732117447037266,0.007107231920199501,0.004364089775561,-4.94664243302601,-5.434345639371169,-4.251369172058625
2024-23,2024,23,Qatar Grand Prix,Fernando Alonso,alonso,Aston Martin,8,0.0,0.7197730768006969,-0.9470686681477576,-0.7133366905025504,-6.000554311612439,-5.9627715504881165,-3.4738114898800982,-3.3380541204953333,-3.340464280019204,-3.0725149784582566,0.017830423940149626,0.0198254364089775,-4.026849070600653,-3.9207894986403313,-3.682451595547993
2024-23,2024,23,Qatar Grand Prix,Valtteri Bottas,bottas,Sauber,13,0.0,-1.1037784812680107,-3.7099878988096666,-3.255690492827686,-6.555845502730506,-6.485739235112559,-5.132916700770086,-4.8707148639701225,-4.935882370470343,-4.483253966273851,0.0046134663341645885,0.0026184538653366,-5.378775788216336,-5.945171263137159,-5.12474532609323
2024-23,2024,23,Qatar Grand Prix,Franco Colapinto,colapinto,Williams,19,0.0,-2.9502489839963197,-1.64891055172354,-2.4491748667610573,-6.57391310177706,-6.625917131583746,-4.1114118267503,-4.537545999172401,-3.953589418342882,-4.176588378930099,0.003117206982543641,0.0006234413965087,-5.77081787599236,-7.380255788426505,-5.154181937582381
2024-23,2024,23,Qatar Grand Prix,Pierre Gasly,gasly,Alpine F1 Team,11,0.0,-0.4161720160721076,-1.1962435081916387,-1.0339442496365976,-6.147176646622026,-6.542970663378819,-3.671710077406833,-3.788457456507708,-3.5307662479369064,-3.487089142414663,0.013092269326683292,0.0120947630922693,-4.335733350703037,-4.41498272235718,-4.0620954036053725
2024-23,2024,23,Qatar Grand Prix,Lewis Hamilton,hamilton,Mercedes,6,0.0,1.5790576787165482,2.7056054039377044,2.8141416144149995,-3.444939776993305,-4.23325878443693,-0.3696671865278005,-0.7095585850109651,-0.3554769841969565,-0.6531138507174137,0.0699501246882793,0.0819201995012468,-2.659972795337864,-2.5020096823759506,-1.6847656901744146
2024-23,2024,23,Qatar Grand Prix,Nico Hülkenberg,hulkenberg,Haas F1 Team,18,0.0,-2.660241232109337,-1.0873283132392104,-1.3898594523611432,-6.5727822033938095,-6.596902294175971,-3.83005525831651,-3.993380873268557,-3.683033123178376,-3.6757110894252527,0.00885286783042394,0.006857855361596,-4.727013823819245,-4.98236051562809,-4.360197348543901
2024-23,2024,23,Qatar Grand Prix,Kevin Magnussen,kevin_magnussen,Haas F1 Team,10,0.0,-0.0535172058137308,-1.3740923769619116,-0.804338340986802,-6.553496981469564,-6.524699320451896,-3.963794679215738,-3.664518830719349,-3.811638765610558,-3.373009720572407,0.014089775561097256,0.0130922693266832,-4.26230588214822,-4.335733350703044,-3.9634123564337846
2024-23,2024,23,Qatar Grand Prix,Liam Lawson,lawson,RB F1 Team,17,0.0,-2.3639836170365784,-1.3460409385834031,-2.368433044286301,-5.653407128233413,-6.15145424845218,-3.499724033408408,-4.259943646369241,-3.36538213359673,-3.9210690385437306,0.00860349127182045,0.0056109725685785,-4.755587196263301,-5.18303121109025,-4.507765421316271
2024-23,2024,23,Qatar Grand Prix,Charles Leclerc,leclerc,Ferrari,5,0.0,2.054385772268146,3.906760264024885,3.8511931425388,-1.9318673142636853,-2.779163089315315,0.9874464748805996,0.5360150266117425,0.9495419332277512,0.4933755231322896,0.09738154613466334,0.1130922693266832,-2.329118551020874,-2.1795512507454244,-0.8965517622045658
2024-23,2024,23,Qatar Grand Prix,Max Verstappen,max_verstappen,Red Bull,2,1.0,3.826715692567337,3.4082956759088145,4.647468008105032,-2.2730034991361445,-1.86631482434376,0.567646088386335,1.3905765918806363,0.5458561834662551,1.2799575000937025,0.1607231920199501,0.1574812967581047,-1.828071697921373,-1.8484485785100693,-0.2187475530203683
2024-23,2024,23,Qatar Grand Prix,Lando Norris,norris,McLaren,3,0.0,3.1522355445142614,3.487783243897052,3.8721733702486296,-2.6634308064696373,-1.8577254823118288,0.4121762187137074,1.0072239439684,0.3963542465380141,0.9271002035297996,0.16945137157107232,0.1639650872817955,-1.7751892867094166,-1.8081017562486952,-0.38398267137050823
2024-23,2024,23,Qatar Grand Prix,Esteban Ocon,ocon,Alpine F1 Team,20,0.0,-3.2344943035127787,-1.5934580603227326,-2.6903889488059747,-6.119190564483252,-6.504165568768033,-3.856324312402992,-4.597277258787004,-3.708293802147693,-4.231568071656235,0.006608478802992519,0.0041147132169576,-5.019401787308438,-5.493186139394082,-4.808339523047721
2024-23,2024,23,Qatar Grand Prix,Sergio Pérez,perez,Red Bull,9,0.0,0.3242635353928001,0.8174338578280793,-0.0159934450178915,-5.084498631880309,-5.716044152514284,-2.133532387026115,-2.866018798766088,-2.051633702602221,-2.638029633397628,0.037032418952618454,0.0395261845386533,-3.2959615620578604,-3.230791926983281,-3.080990180411974
2024-23,2024,23,Qatar Grand Prix,Oscar Piastri,piastri,McLaren,4,0.0,2.572907075230425,2.869478346818973,3.3880451790069355,-2.843543656051133,-2.010165763032695,0.01296734538392,0.6889397079871202,0.0124695753318358,0.6341351864393907,0.11733167082294264,0.1273067331670823,-2.1427505612751805,-2.0611558826958944,-0.7269054266440301
2024-23,2024,23,Qatar Grand Prix,George Russell,russell,Mercedes,1,0.0,4.685014768496353,3.3079544780467085,4.484266414361226,-2.090019468577948,-1.6646541562965382,0.6089675047343803,1.409806129032344,0.5855914182976683,1.2976573452114546,0.18516209476309228,0.1634663341645885,-1.6865236496237601,-1.8111482170968605,-0.13835876029570804
2024-23,2024,23,Qatar Grand Prix,Carlos Sainz,sainz,Ferrari,7,0.0,1.136459296233279,3.556582299716945,3.4546192227112944,-2.0586729863050723,-3.1541953266997846,0.7489546567059364,0.1502119480057548,0.7202049637318055,0.1382627253876245,0.059476309226932665,0.0711970074812967,-2.822177209972219,-2.6423044912045506,-1.3359826309832321
2024-23,2024,23,Qatar Grand Prix,Lance Stroll,stroll,Aston Martin,15,0.0,-1.750388565613876,-1.500799396142424,-1.9675128519851304,-6.135942125795235,-6.308145383344223,-3.818370760968829,-4.137829117664676,-3.671797151930767,-3.8086686085361823,0.006359102244389027,0.004364089775561,-5.0578680681362345,-5.434345639371169,-4.597848592900455
2024-23,2024,23,Qatar Grand Prix,Yuki Tsunoda,tsunoda,RB F1 Team,14,0.0,-1.4316421246551891,-0.1204124982523656,-1.0919248371098274,-5.001404263572589,-5.594380843641105,-2.560908380912477,-3.343152840375466,-2.462604259258528,-3.077208099850892,0.009351620947630923,0.0056109725685785,-4.67220558732425,-5.18303121109025,-4.007679213849858
2024-23,2024,23,Qatar Grand Prix,Guanyu Zhou,zhou,Sauber,12,0.0,-0.7657230658771517,-4.202019136103542,-3.863161669758516,-6.639086546601591,-6.529382997898231,-5.420552841352566,-5.196272333828373,-5.212477187448025,-4.782913638160781,0.0038653366583541147,0.0028678304239401,-5.555706496375414,-5.854199484931428,-5.375989415101894
2024-24,2024,24,Abu Dhabi Grand Prix,Alexander Albon,albon,Williams,18,0.0,-2.667216330653666,-0.8475180655945846,-1.6324937282951832,-6.059864146840319,-5.969883844385038,-3.453691106217452,-3.801188786340111,-3.323164974033061,-3.506449515474527,0.0003740648379052368,0.0003740648379052,-7.891081412192451,-7.891081412192549,-5.846135099266281
2024-24,2024,24,Abu Dhabi Grand Prix,Fernando Alonso,alonso,Aston Martin,8,0.0,0.7230209384391013,-0.4396568207037298,-0.0965089135648619,-6.0406273984863175,-5.893175617142656,-3.240142109595024,-2.994842265353759,-3.117686683129163,-2.7626260626700496,0.006109725685785534,0.0098503740648379,-5.097873402749934,-4.620245848393539,-4.046357834051847
2024-24,2024,24,Abu Dhabi Grand Prix,Valtteri Bottas,bottas,Sauber,9,0.0,0.3267248402582673,-2.949052153604134,-1.940982763666341,-6.481721073174467,-6.256782531479818,-4.715386613389301,-4.098882647573079,-4.537176936417395,-3.7810605790531744,0.0011221945137157106,0.0013715710723192,-6.792469123524341,-6.591798428062191,-5.4456758855487095
2024-24,2024,24,Abu Dhabi Grand Prix,Franco Colapinto,colapinto,Williams,20,0.0,-3.2439310903707077,-1.1261433848950837,-2.111006486901567,-6.437815922275875,-6.335418426562613,-3.7819796535854793,-4.223212456732091,-3.63904643778807,-3.8957500153293463,0.0003740648379052368,0.0006234413965087,-7.891081412192451,-7.380255788426505,-6.057146934462271
2024-24,2024,24,Abu Dhabi Grand Prix,Jack Doohan,doohan,Alpine F1 Team,17,0.0,-2.369765301862018,-0.7663875658207411,-2.0892533070358503,-5.284128670601839,-5.574399021217015,-3.02525811821129,-3.831826164126433,-2.910923851224101,-3.53471131054251,0.0013715710723192019,0.0008728179551122,-6.59179842806219,-7.043783551805269,-5.211812296094312
2024-24,2024,24,Abu Dhabi Grand Prix,Pierre Gasly,gasly,Alpine F1 Team,5,0.0,2.0593862728538297,-0.7093553742704988,0.3645346170274689,-6.32490700439545,-5.291913441761879,-3.517131189332974,-2.463689412367205,-3.384207451682473,-2.272658116144867,0.014837905236907728,0.0188279301745635,-4.210570207749031,-3.972413864045641,-3.337129810058118
2024-24,2024,24,Abu Dhabi Grand Prix,Lewis Hamilton,hamilton,Mercedes,16,0.0,-2.065532038530524,1.9692508172713463,0.0085536756524611,-3.7067664243355103,-5.00539711558434,-0.868757803532082,-2.4984217199659398,-0.8359246426000257,-2.304697325454477,0.006857855361596008,0.0071072319201995,-4.9823605156280895,-4.94664243302601,-3.7403911177970146
2024-24,2024,24,Abu Dhabi Grand Prix,Nico Hülkenberg,hulkenberg,Haas F1 Team,7,0.0,1.1404069064700626,-0.933191010414468,0.3528604123754985,-6.495126689668437,-5.683630285649002,-3.7141588500414526,-2.665384936636752,-3.57378880127201,-2.4587144298669954,0.01109725685785536,0.0120947630922693,-4.50105733112842,-4.41498272235718,-3.583221133882586
2024-24,2024,24,Abu Dhabi Grand Prix,Kevin Magnussen,kevin_magnussen,Haas F1 Team,14,0.0,-1.4340221664366473,-1.0823195056942116,-1.4226550321317908,-6.459113404025136,-6.28377481350716,-3.770716454859674,-3.8532149228194754,-3.62820891168917,-3.554441612501028,0.0013715710723192019,0.0018703241895261,-6.59179842806219,-6.281643499758395,-5.222506675440833
2024-24,2024,24,Abu Dhabi Grand Prix,Liam Lawson,lawson,RB F1 Team,12,0.0,-0.7660171797463244,-1.6857007893151712,-1.7013573506279809,-5.958748617073042,-5.9753292810652,-3.822224703194107,-3.8383433158465903,-3.6777704970986576,-3.540723130732431,0.0021197007481296754,0.0008728179551122,-6.1564803568043445,-7.043783551805269,-4.997411836325467
2024-24,2024,24,Abu Dhabi Grand Prix,Charles Leclerc,leclerc,Ferrari,19,0.0,-2.9584431159159243,3.757990625206852,1.561724974669401,-1.5443283648091284,-3.7127156435938087,1.1068311301988618,-1.0754953344622038,1.0650004099743304,-0.992102814775242,0.009351620947630921,0.0098503740648379,-4.67220558732425,-4.620245848393539,-2.8738504608932267
2024-24,2024,24,Abu Dhabi Grand Prix,Max Verstappen,max_verstappen,Red Bull,4,0.0,2.578189878500785,3.5605354621598644,3.5413798951103703,-1.2560146655018292,-1.655109190554166,1.1522603983290176,0.9431353522781022,1.1087127594587156,0.8700058547227733,0.12032418952618451,0.1370324189526184,-2.1175655995215745,-1.9875377464569393,-0.5872151236217362
2024-24,2024,24,Abu Dhabi Grand Prix,Lando Norris,norris,McLaren,1,1.0,4.688863076197031,3.280973922496233,4.931724775834455,-2.623524644256855,-0.9477915134232828,0.3287246391196892,1.9919666312055857,0.3163010741920789,1.8375121104041092,0.3667082294264339,0.3360349127182045,-1.0031887623065652,-1.0905402175174626,0.49438893444951026
2024-24,2024,24,Abu Dhabi Grand Prix,Sergio Pérez,perez,Red Bull,10,0.0,-0.0519151322351541,0.8905760416721112,0.4558665992019882,-4.770372298269147,-5.513374515259745,-1.939898128298518,-2.5287539580288785,-1.8665831178557164,-2.332677640939269,0.012842892768079798,0.0148379052369077,-4.354964712630925,-4.210570207749033,-3.4418593353299016
2024-24,2024,24,Abu Dhabi Grand Prix,Oscar Piastri,piastri,McLaren,2,0.0,3.8316745264393264,2.993918524003273,4.0876677897535805,-2.7616407866799864,-1.8609990059232089,0.1161388686616433,1.1133343919151857,0.1117496060274184,1.0270078805664544,0.23852867830423935,0.2193266832917705,-1.4332657314203074,-1.5171929561230024,-0.15996566975256088
2024-24,2024,24,Abu Dhabi Grand Prix,George Russell,russell,Mercedes,6,0.0,1.5835988175123514,2.86963595257531,2.53046736769056,-2.403241726828434,-3.817334111485432,0.233197112873438,-0.6434333718974363,0.2243838414360647,-0.5935423789625052,0.056483790523690756,0.0697007481296758,-2.8738015753775263,-2.663544227705461,-1.7586174736374813
2024-24,2024,24,Abu Dhabi Grand Prix,Carlos Sainz,sainz,Ferrari,3,0.0,3.157551387619749,3.2730172158041837,3.764922012534771,-2.2912236058573265,-2.0304311305588465,0.4908968049734283,0.8672454409879622,0.4723442305583317,0.8000003491743554,0.1467581047381546,0.1562344139650872,-1.9189695936002835,-1.8563977459644925,-0.5258620763061607
2024-24,2024,24,Abu Dhabi Grand Prix,Lance Stroll,stroll,Aston Martin,13,0.0,-1.1050946698603188,-1.0094967492331428,-1.2947808199696895,-5.970097751230834,-5.955737696500703,-3.4897972502319883,-3.625259258235196,-3.35790655034847,-3.344161335840309,0.0011221945137157106,0.0023690773067331,-6.792469123524341,-6.045254721694148,-5.208864190879768
2024-24,2024,24,Abu Dhabi Grand Prix,Yuki Tsunoda,tsunoda,RB F1 Team,11,0.0,-0.4154911785222687,-0.4710909977306917,-0.5388377273430573,-5.268962123353368,-5.446762287164452,-2.87002656054203,-2.992800007253755,-2.7615589950612525,-2.760742158626407,0.001870324189526184,0.0006234413965087,-6.28164349975835,-7.380255788426505,-4.6372217535060525
2024-24,2024,24,Abu Dhabi Grand Prix,Guanyu Zhou,zhou,Sauber,15,0.0,-1.7538698341375487,-3.1973495399282603,-3.308357457592129,-6.531096940702176,-6.400534635905378,-4.864223240315218,-4.854446046748754,-4.680388546906539,-4.478038567747256,0.0003740648379052368,0.0001246882793017,-7.891081412192451,-8.989693700860926,-6.372763729470602
2025-01,2025,1,Australian Grand Prix,Alexander Albon,albon,Williams,6,0.0,1.584185996991801,-0.531166820310238,0.5942490021920391,-5.842815277140398,-5.285606110544282,-3.186991048725318,-2.3456785541761214,-3.0640994285452967,-2.171810406748398,0.01084788029925187,0.0093516209476309,-4.523785582205976,-4.672205587324252,-3.4347320681910487
2025-01,2025,1,Australian Grand Prix,Fernando Alonso,alonso,Aston Martin,12,0.0,-0.7683165801612041,-0.2204092899336434,-0.6821518931754653,-5.510290276503594,-6.008753168101499,-2.8653497832186186,-3.3454525306384824,-2.754860775920325,-3.097478385684165,0.00685785536159601,0.0056109725685785,-4.9823605156280895,-5.18303121109025,-4.163906523133286
2025-01,2025,1,Australian Grand Prix,Andrea Kimi Antonelli,antonelli,Mercedes,16,0.0,-2.068277445231736,0.8667039941026513,-0.5601698536246992,-3.128785224889445,-4.879789968962574,-1.1310406153933972,-2.7199799112936365,-1.087427247301041,-2.518367517568465,0.00860349127182045,0.004364089775561,-4.755587196263301,-5.434345639371169,-3.7377835537784687
2025-01,2025,1,Australian Grand Prix,Oliver Bearman,bearman,Haas F1 Team,20,0.0,-3.2464516227369016,-1.4839403017377988,-2.77470320299336,-6.457204087655518,-6.568641671324905,-3.9705721946966586,-4.671672437159133,-3.8174653793376456,-4.325395224285305,0.0016209476309226932,0.0018703241895261,-6.4247443433990234,-6.281643499758395,-5.548208390279078
2025-01,2025,1,Australian Grand Prix,Gabriel Bortoleto,bortoleto,Sauber,15,0.0,-1.7565769477183943,-1.3188118875844592,-1.784994735789252,-5.532216873133803,-5.988084878740882,-3.425514380359131,-3.8865398072650663,-3.2934252073064907,-3.598458784829057,0.002369077306733167,0.0016209476309226,-6.0452547216941195,-6.424744343399081,-4.965897264479593
2025-01,2025,1,Australian Grand Prix,Jack Doohan,doohan,Alpine F1 Team,14,0.0,-1.436645646252923,-1.5250041429424497,-1.762742130115219,-5.572481147741542,-5.845189803730954,-3.548742645341996,-3.803965966923087,-3.411901742239228,-3.5220055446949323,0.0018703241895261845,0.0018703241895261,-6.28164349975835,-6.281643499758395,-5.042804733340718
2025-01,2025,1,Australian Grand Prix,Pierre Gasly,gasly,Alpine F1 Team,9,0.0,0.3254141526703504,-0.1354189805635184,0.1823672003146162,-6.077080860112745,-6.075135005859005,-3.1062499203381315,-2.9463839027721943,-2.986471709618935,-2.727989822358309,0.012344139650872818,0.0125935162094763,-4.39457385072597,-4.374573184019302,-3.6704788767490824
2025-01,2025,1,Australian Grand Prix,Isack Hadjar,hadjar,RB F1 Team,11,0.0,-0.4175370127750213,-0.33533271924592,-0.4775983858574311,-4.952740397618024,-5.424914046015272,-2.644036558431972,-2.951256215936352,-2.54208147556129,-2.7325009862669414,0.0036159600997506237,0.0033665835411471,-5.622397870874086,-5.69385683485624,-4.286827043405219
2025-01,2025,1,Australian Grand Prix,Lewis Hamilton,hamilton,Ferrari,8,0.0,0.7222173452014187,2.451292039114411,2.2199039767539857,-3.348467977931722,-4.960909919280001,-0.4485879694086556,-1.3705029712630077,-0.4312902420190715,-1.268917520761507,0.038029925187032416,0.0462593516209476,-3.2693819242531488,-3.0734916382531257,-2.3199424477580783
2025-01,2025,1,Australian Grand Prix,Nico Hülkenberg,hulkenberg,Sauber,17,0.0,-2.372507851542083,-1.418836283081726,-2.224278716661774,-6.415877019161068,-6.526541755838153,-3.9173566511213966,-4.375410236249963,-3.766301847917027,-4.051092792728689,0.002119700748129676,0.0016209476309226,-6.1564803568043445,-6.424744343399081,-5.265945296527153
2025-01,2025,1,Australian Grand Prix,Liam Lawson,lawson,Red Bull,18,0.0,-2.669918455386175,-0.1346925999274882,-1.815519248385962,-4.72970279582716,-5.730799803096381,-2.4321976978773243,-3.773159525741171,-2.3384112042472878,-3.4934825616823404,0.00486284289276808,0.0026184538653366,-5.3261320547309134,-5.945171263137159,-4.549645790236042
2025-01,2025,1,Australian Grand Prix,Charles Leclerc,leclerc,Ferrari,7,0.0,1.1402272278833347,3.81007113180906,3.370091094515508,-2.2314730323644656,-3.833231714881383,0.7892990497222974,-0.2315703101829374,0.7588633699403539,-0.214405681739245,0.06271820448877806,0.0731920199501246,-2.769103530760821,-2.6146688810324648,-1.500336920471879
2025-01,2025,1,Australian Grand Prix,Max Verstappen,max_verstappen,Red Bull,3,0.0,3.1617927852883376,3.87395996948279,4.067868462183497,-1.370534144621376,-1.269263712174431,1.251712912430707,1.3993023750045328,1.203446373410967,1.2955822334701763,0.15099750623441396,0.1669576059850374,-1.8904919573074679,-1.7900153551693878,-0.24559479115146754
2025-01,2025,1,Australian Grand Prix,Lando Norris,norris,McLaren,1,1.0,4.698210552835794,3.53450364254405,4.9543797646733,-2.600526901780912,-0.8129174400184991,0.4669883703815689,2.0707311623274007,0.4489811163403716,1.9172428719673529,0.3325436408977556,0.3001246882793017,-1.100984176678546,-1.2035572630774882,0.4848734928244274
2025-01,2025,1,Australian Grand Prix,Esteban Ocon,ocon,Haas F1 Team,19,0.0,-2.961070338579584,-0.9382039144544838,-2.163496823508632,-6.391134402740677,-6.557218457184606,-3.664669158597581,-4.360357640346619,-3.5233580838445038,-4.037155936643587,0.0028678304239401495,0.0011221945137157,-5.854199484931411,-6.79246912352435,-5.107278562639015
2025-01,2025,1,Australian Grand Prix,Oscar Piastri,piastri,McLaren,2,0.0,3.837961948696528,2.8755776099885564,3.787390464029005,-2.5211262903094847,-1.7615443184702797,0.1772256598395358,1.0129230727793623,0.1703917691438387,0.9378424280604178,0.22306733167082293,0.2295511221945137,-1.500281617351841,-1.4716295196274825,-0.2436792722862393
2025-01,2025,1,Australian Grand Prix,George Russell,russell,Mercedes,4,0.0,2.5809101520261937,3.046193730784305,3.240084042144231,-2.1680542665561324,-2.932920786914725,0.4390697321140864,0.153581627614753,0.422139031673905,0.1421977348708938,0.10635910224438903,0.1123441396508728,-2.240934153368881,-2.1861884432522225,-1.043676262877064
2025-01,2025,1,Australian Grand Prix,Carlos Sainz,sainz,Williams,10,0.0,-0.0536351139532455,1.6821274667650363,1.4172110615678528,-3.9965886313173455,-4.223647885770956,-1.157230582276155,-1.4032184121015514,-1.1126073188268693,-1.299208003124495,0.011596009975062344,0.0125935162094763,-4.457094207707304,-4.374573184019302,-2.9301563099044277
2025-01,2025,1,Australian Grand Prix,Lance Stroll,stroll,Aston Martin,13,0.0,-1.107584221228024,-0.8830222161053398,-1.2077881038941736,-5.598687471818907,-6.084314167737166,-3.240854843962123,-3.6460511358156698,-3.11588621479008,-3.37579579529495,0.004114713216957606,0.0023690773067331,-5.49318613939408,-6.045254721694148,-4.569618637604875
2025-01,2025,1,Australian Grand Prix,Yuki Tsunoda,tsunoda,RB F1 Team,5,0.0,2.060920862546732,-0.2907450822912038,0.6523581035853901,-5.274098787147632,-5.0019252732136685,-2.7824219347194177,-2.174783584814139,-2.6751306576639453,-2.013582642649808,0.012593516209476309,0.0105985037406483,-4.374573184019301,-4.547042444370251,-3.27467838441672
2025-02,2025,2,Chinese Grand Prix,Alexander Albon,albon,Williams,10,0.0,-0.0553457300962787,0.0567434840362503,0.2670471676095468,-5.847002075810302,-5.512629463429411,-2.895129295887026,-2.622791147909932,-2.7843231001435904,-2.4374437499566723,0.005112219451371571,0.005361596009975,-5.276121634156253,-5.228493585167009,-3.9494563910330927
2025-02,2025,2,Chinese Grand Prix,Fernando Alonso,alonso,Aston Martin,13,0.0,-1.1100611509119296,0.18321188269439,-0.2335758840616816,-5.5911141400728654,-5.855988362666106,-2.703951128689237,-3.044782123363894,-2.600461955175685,-2.829613468265368,0.004364089775561097,0.004862842892768,-5.434345639371147,-5.32613205473093,-4.23956388136752
2025-02,2025,2,Chinese Grand Prix,Andrea Kimi Antonelli,antonelli,Mercedes,8,0.0,0.7214189490226794,0.659982614921772,1.1593185587526746,-4.092400080347549,-4.841333182420061,-1.7162087327128883,-1.8410073118336927,-1.6505237351399862,-1.710907011955367,0.012842892768079801,0.0128428927680798,-4.354964712630925,-4.354964712630925,-3.0979860122323086
2025-02,2025,2,Chinese Grand Prix,Oliver Bearman,bearman,Haas F1 Team,17,0.0,-2.3752372672429565,-2.1399381435435827,-2.5879586640472487,-6.476095630587134,-6.305031027111119,-4.308016887065358,-4.446494845579184,-4.143134799369881,-4.1322699595079335,0.0016209476309226932,0.0001246882793017,-6.4247443433990234,-8.989693700860926,-5.435619594489104
2025-02,2025,2,Chinese Grand Prix,Gabriel Bortoleto,bortoleto,Sauber,19,0.0,-2.963685368895656,0.5788992956778217,-0.4370559105453954,-5.929911927772202,-5.865225148262091,-2.67550631604719,-3.151140529403744,-2.573105819810323,-2.9284557387464822,0.0003740648379052369,0.0001246882793017,-7.891081412192451,-8.989693700860926,-5.521110970798097
2025-02,2025,2,Chinese Grand Prix,Jack Doohan,doohan,Alpine F1 Team,18,0.0,-2.6726078315716864,-0.3216512870077881,-1.4644219218969596,-5.8561387453064215,-5.78639983109144,-3.088895016157105,-3.6254108764942,-2.970672763949761,-3.369210350194146,0.001371571072319202,0.0006234413965087,-6.59179842806219,-7.380255788426505,-5.108604652278195
2025-02,2025,2,Chinese Grand Prix,Pierre Gasly,gasly,Alpine F1 Team,16,0.0,-2.071009518597719,-0.2740324624801001,-1.0070316865719382,-6.29969756716977,-6.162349667801231,-3.286865014824935,-3.5846906771865847,-3.1610657944818747,-3.331367765824273,0.002119700748129676,0.0018703241895261,-6.1564803568043445,-6.281643499758395,-4.870585516995464
2025-02,2025,2,Chinese Grand Prix,Isack Hadjar,hadjar,RB F1 Team,7,0.0,1.140049841274523,1.4103344083727665,1.6241308155520555,-4.6402715254114,-4.514326137896224,-1.6149685585193168,-1.4450976611720845,-1.5531583580322406,-1.342975503447086,0.006359102244389027,0.0083541147132169,-5.0578680681362345,-4.785001081469601,-3.2514828646541596
2025-02,2025,2,Chinese Grand Prix,Lewis Hamilton,hamilton,Ferrari,5,0.0,2.062449623755723,1.9192769574476127,2.57888914668678,-3.7007037801281606,-2.9196470046517518,-0.8907134113402739,-0.1703789289824857,-0.8566228563006468,-0.1583385912765528,0.06072319201995013,0.0796758104738154,-2.8014295777779705,-2.529789246483026,-1.485904253380228
2025-02,2025,2,Chinese Grand Prix,Nico Hülkenberg,hulkenberg,Sauber,12,0.0,-0.7706041155161271,-0.7632332281523712,-1.145806241105753,-6.336032248262036,-6.18649292014798,-3.549632738207204,-3.6661495806268665,-3.413776525993861,-3.407070131690142,0.0016209476309226932,0.0036159600997506,-6.4247443433990234,-5.622397870874092,-5.045446962012945
2025-02,2025,2,Chinese Grand Prix,Liam Lawson,lawson,Red Bull,20,0.0,-3.248960676403887,-0.2261827699147717,-1.6792007781392675,-5.0621876972390485,-5.53999305007918,-2.64418523357691,-3.609596914109224,-2.5429834989981246,-3.3545139288614654,0.0026184538653366584,0.0046134663341645,-5.945171263137137,-5.3787757882163545,-4.77738408862318
2025-02,2025,2,Chinese Grand Prix,Charles Leclerc,leclerc,Ferrari,6,0.0,1.584771855360971,3.2381694233768474,3.125334218578321,-2.607185677059021,-3.130239475900104,0.3154918731589131,-0.0024526286608916,0.30341695329182,-0.0022793063051241,0.05748129675810474,0.0706982543640897,-2.8562956578639116,-2.649334397132809,-1.4293741432624016
2025-02,2025,2,Chinese Grand Prix,Max Verstappen,max_verstappen,Red Bull,4,0.0,2.583618909510768,3.4752606982089715,3.704969493370093,-1.3413870418068814,-1.2884896887344417,1.0669368282010452,1.2082399023178254,1.0261016188031509,1.1228560080735706,0.09887780548628429,0.1225685785536159,-2.313870479225712,-2.099084580713394,-0.5528152884539433
2025-02,2025,2,Chinese Grand Prix,Lando Norris,norris,McLaren,3,0.0,3.1660153179035238,4.068615283722072,3.624682637452567,-1.5951348624070307,-2.381308959609428,1.2367402106575205,0.6216868389215695,1.1894060629009493,0.5777534750211598,0.23678304239401496,0.2310473815461347,-1.4406109900482744,-1.4651324745752003,-0.40946207556335246
2025-02,2025,2,Chinese Grand Prix,Esteban Ocon,ocon,Haas F1 Team,11,0.0,-0.419572052690933,-1.2894177668415188,-1.2941833651602273,-6.436494490826477,-6.261635216880328,-3.8629561288339977,-3.777909291020277,-3.7151079917687615,-3.5109320071629435,0.002369077306733167,0.0038653366583541,-6.0452547216941195,-5.555706496375418,-4.911582006357198
2025-02,2025,2,Chinese Grand Prix,Oscar Piastri,piastri,McLaren,1,1.0,4.707514244120891,3.11920142348224,4.502408188771017,-2.818607342082593,-0.941195735169722,0.1502970406998232,1.7806062268006473,0.1445446747052878,1.6547743506408283,0.3382793017456359,0.2879052369077307,-1.0838833882016283,-1.2451238915060647,0.3483614192995095
2025-02,2025,2,Chinese Grand Prix,George Russell,russell,Mercedes,2,0.0,3.844220557024888,2.980048502469004,4.062853956264575,-2.3991431594815493,-1.7834778057145098,0.2904526714937274,1.1396880752750325,0.2793360848813575,1.059148601364226,0.15124688279301746,0.148503740648379,-1.8888417919165101,-1.9071451315052603,-0.37457685832073884
2025-02,2025,2,Chinese Grand Prix,Carlos Sainz,sainz,Williams,15,0.0,-1.7592707324270518,1.9485786532142004,0.6809480745378662,-4.83929359411948,-4.991708509294673,-1.4453574704526395,-2.155380217378404,-1.390038848580471,-2.003063813836562,0.005610972568578554,0.0061097256857855,-5.18303121109024,-5.097873402749939,-3.669205714234322
2025-02,2025,2,Chinese Grand Prix,Lance Stroll,stroll,Aston Martin,14,0.0,-1.439256026234936,-0.335492774950586,-0.5741491602391727,-5.848862604486801,-5.91667622883967,-3.092177689718693,-3.245412694539421,-2.9738297987118165,-3.0160658787639028,0.0038653366583541147,0.0026184538653366,-5.555706496375414,-5.945171263137159,-4.400559595457418
2025-02,2025,2,Chinese Grand Prix,Yuki Tsunoda,tsunoda,RB F1 Team,9,0.0,0.324110988604564,0.1316329748277156,0.4440737696650386,-5.434448298271578,-5.210466855286078,-2.6514076617219318,-2.3831965428105195,-2.549929500875097,-2.214780815781269,0.006359102244389027,0.0046134663341645,-5.0578680681362345,-5.3787757882163545,-3.7205323054733768
2025-03,2025,3,Japanese Grand Prix,Alexander Albon,albon,Williams,9,0.0,0.3228152252008482,0.6078880845015893,0.9533030434477676,-5.178355455290915,-5.075647843446548,-2.2852336853946627,-2.06117239999939,-2.195266242520682,-1.922424930708632,0.007605985037406484,0.0096009975062344,-4.878819836687249,-4.645888279006877,-3.4699961183433197
2025-03,2025,3,Japanese Grand Prix,Fernando Alonso,alonso,Aston Martin,12,0.0,-0.7728799059200054,0.3142176331936121,-0.3442834982121203,-5.763403725518617,-6.129799596424707,-2.7245930461625023,-3.2370415473184138,-2.617328449634757,-3.0191406465108908,0.007356608478802993,0.0123441396508728,-4.912156256954841,-4.394573850725972,-4.074598902136628
2025-03,2025,3,Japanese Grand Prix,Andrea Kimi Antonelli,antonelli,Mercedes,6,0.0,1.585356321946338,0.8817250599759039,1.4861044516009292,-2.86834775567795,-4.260812897723059,-0.993311347851023,-1.387354223061065,-0.9542056395311188,-1.2939647096658602,0.039027431421446386,0.0372817955112219,-3.243490510320407,-3.289250127469875,-2.315422366690736
2025-03,2025,3,Japanese Grand Prix,Oliver Bearman,bearman,Haas F1 Team,10,0.0,-0.0570471074247167,-1.5734248179538035,-0.953997767075107,-6.343723868241169,-6.161682851426575,-3.9585743430974873,-3.5578403092508406,-3.802729094818853,-3.318344894384355,0.006109725685785536,0.005361596009975,-5.097873402749934,-5.228493585167009,-4.327856856000388
2025-03,2025,3,Japanese Grand Prix,Gabriel Bortoleto,bortoleto,Sauber,17,0.0,-2.3779535916912757,-0.7069330772196029,-1.273791311272897,-5.9495190465085726,-6.249739301179677,-3.3282260618640875,-3.761765306226287,-3.19719701656068,-3.508542714896796,0.0011221945137157108,0.0013715710723192,-6.792469123524341,-6.591798428062191,-5.277117214875314
2025-03,2025,3,Japanese Grand Prix,Jack Doohan,doohan,Alpine F1 Team,19,0.0,-2.966288200957655,-1.284498630647361,-2.4940038650176426,-5.545266023854127,-5.959716573450978,-3.4148823272507443,-4.22686021923431,-3.2804417084808355,-3.942329842995664,0.0016209476309226932,0.0016209476309226,-6.4247443433990234,-6.424744343399081,-5.325802281316667
2025-03,2025,3,Japanese Grand Prix,Pierre Gasly,gasly,Alpine F1 Team,11,0.0,-0.4215964238887241,-0.6434293449234801,-0.7877071995796376,-6.146613688450255,-6.331098483703312,-3.395021516686868,-3.5594028416414747,-3.2613627988451905,-3.3198022451730598,0.008354114713216957,0.0123441396508728,-4.785001081469594,-4.394573850725972,-4.172201961555534
2025-03,2025,3,Japanese Grand Prix,Isack Hadjar,hadjar,RB F1 Team,7,0.0,1.1398746504630974,0.7317568868094914,1.1481409865840462,-3.723970087116978,-4.459180636611294,-1.4961066001537433,-1.655519825013624,-1.437206328403429,-1.5440787897652442,0.012593516209476309,0.0140897755610972,-4.374573184019301,-4.262305882148223,-3.0150465045164623
2025-03,2025,3,Japanese Grand Prix,Lewis Hamilton,hamilton,Ferrari,8,0.0,0.7206256368530246,1.5125890654819112,1.2568347085368756,-3.8662404772923207,-4.968664255291031,-1.1768257059052047,-1.8559147733770776,-1.130495214566253,-1.730984186287188,0.040773067331670826,0.0552369077306733,-3.1997335299633067,-2.896123930815425,-2.5278241516701923
2025-03,2025,3,Japanese Grand Prix,Nico Hülkenberg,hulkenberg,Sauber,16,0.0,-2.073728322359864,-0.8019971035829779,-1.5395259071710614,-6.411817605944693,-6.465477169925203,-3.6069073547638353,-4.002501538548132,-3.464906896138785,-3.73307382871363,0.002369077306733167,0.0031172069825436,-6.0452547216941195,-5.770817875992373,-5.023878130121126
2025-03,2025,3,Japanese Grand Prix,Liam Lawson,lawson,RB F1 Team,13,0.0,-1.1125255696791323,-0.5900330824758112,-1.0238173797726138,-5.751634506220605,-5.952880518758538,-3.170833794348208,-3.488348949265576,-3.0460011305908283,-3.253531333468945,0.0036159600997506237,0.0038653366583541,-5.622397870874086,-5.555706496375418,-4.555373410069831
2025-03,2025,3,Japanese Grand Prix,Charles Leclerc,leclerc,Ferrari,4,0.0,2.58631616751375,2.6634643373497147,2.8621125886671845,-2.08663392905804,-2.778577073468023,0.2884152041458376,0.0417677575995807,0.2770605761404759,0.0389561681057114,0.10187032418952618,0.1180798004987531,-2.284054606000557,-2.136394607674482,-1.1211434242004883
2025-03,2025,3,Japanese Grand Prix,Max Verstappen,max_verstappen,Red Bull,1,1.0,4.716774504578842,3.4373480291950997,5.258720882523665,-1.698011438328045,0.1941476386305976,0.8696682954335272,2.7264342605771312,0.8354302946597834,2.542904802370332,0.19314214463840398,0.1709476309226932,-1.6443288604436916,-1.7663980212982462,0.5410527000667198
2025-03,2025,3,Japanese Grand Prix,Lando Norris,norris,McLaren,2,0.0,3.850450541872384,4.159071710874588,4.5928018832112185,-1.8648557915282704,-1.3944294983971843,1.1471079596731584,1.599186192407017,1.1019474272988248,1.4915372460494667,0.2684538653366584,0.2407730673316708,-1.3150762034961971,-1.4239004184320458,0.14205499445540992
2025-03,2025,3,Japanese Grand Prix,Esteban Ocon,ocon,Haas F1 Team,18,0.0,-2.6752844786619545,-0.5880489305717244,-1.71925236081762,-6.421297463329993,-6.251290285768933,-3.5046731969508587,-3.9852713232932766,-3.36669759837036,-3.7170034624660415,0.0038653366583541147,0.0031172069825436,-5.555706496375414,-5.770817875992373,-4.770488909834345
2025-03,2025,3,Japanese Grand Prix,Oscar Piastri,piastri,McLaren,3,0.0,3.1702190731097737,3.423992696078397,3.397508747697552,-2.195346787790468,-2.203718753485387,0.6143229541439643,0.5968949971060824,0.5901376528172962,0.5567151119684743,0.19089775561097258,0.1981296758104738,-1.6560173052028764,-1.6188335343238442,-0.529561154048397
2025-03,2025,3,Japanese Grand Prix,George Russell,russell,Mercedes,5,0.0,2.063972522224553,3.0947233417595217,3.128027227297613,-2.2587159410523188,-3.241975511969985,0.4180037003536014,-0.056974142336186,0.4015472984227939,-0.0531389376419258,0.08117206982543641,0.0866583541147132,-2.511184058651991,-2.445781855295768,-1.2840791004940884
2025-03,2025,3,Japanese Grand Prix,Carlos Sainz,sainz,Williams,15,0.0,-1.7619512705130769,2.171819180955397,1.2929601873741985,-4.688456241006349,-4.978543835485026,-1.2583185300254756,-1.842791824055414,-1.2087797449152835,-1.718744606065563,0.011596009975062344,0.0100997506234413,-4.457094207707304,-4.595244546188131,-3.1499430158813593
2025-03,2025,3,Japanese Grand Prix,Lance Stroll,stroll,Aston Martin,20,0.0,-3.2514582181860674,-0.2444242148635533,-2.0060823460554142,-5.788919141324411,-6.2125115767747525,-3.016671678093982,-4.109296961415083,-2.89790822794748,-3.8326803358670634,0.0046134663341645885,0.0026184538653366,-5.378775788216336,-5.945171263137159,-4.7440363748157095
2025-03,2025,3,Japanese Grand Prix,Yuki Tsunoda,tsunoda,Red Bull,14,0.0,-1.441853404410598,0.3414771700844864,-0.7887322924858884,-4.4340555752419535,-5.229307882297231,-2.0462892025787336,-3.00902008739156,-1.9657287731954027,-2.806468412349356,0.013840399002493765,0.0133416458852867,-4.280163499548226,-4.31686486639866,-3.6445917934698926
2025-04,2025,4,Bahrain Grand Prix,Alexander Albon,albon,Williams,15,0.0,-1.7646186274569773,0.5594076509110693,-0.3437769012904089,-4.88271047533539,-5.346215188356222,-2.1616514122121604,-2.844996044823316,-2.0809423145129053,-2.6637817100381507,0.004862842892768079,0.004364089775561,-5.326132054730914,-5.434345639371169,-4.0855640497771155
2025-04,2025,4,Bahrain Grand Prix,Fernando Alonso,alonso,Aston Martin,13,0.0,-1.1149775788921985,-0.0723484556854105,-0.7222091852525344,-5.658518298896178,-6.14234340276713,-2.865433377290794,-3.4322762940098324,-2.758447328989048,-3.213654666556389,0.004364089775561096,0.006359102244389,-5.434345639371147,-5.057868068136239,-4.43331096669049
2025-04,2025,4,Bahrain Grand Prix,Andrea Kimi Antonelli,antonelli,Mercedes,5,0.0,2.0654895029735147,1.0180852949761146,1.7797908677641083,-2.519323857743384,-3.321190353605469,-0.7506192813836347,-0.7706997429206803,-0.7225935763259728,-0.7216093965609397,0.04251870324189525,0.0472568578553615,-3.1578112235770437,-3.0521574957781357,-1.964255483248862
2025-04,2025,4,Bahrain Grand Prix,Oliver Bearman,bearman,Haas F1 Team,20,0.0,-3.253944179872672,-1.59172260345133,-2.880808129956012,-6.383155093726431,-6.535605157777835,-3.98743884858888,-4.708206643866923,-3.838560731709146,-4.408313596018266,0.002618453865336658,0.0021197007481296,-5.945171263137137,-6.15648035680438,-5.32668895350203
2025-04,2025,4,Bahrain Grand Prix,Gabriel Bortoleto,bortoleto,Sauber,18,0.0,-2.677948388363291,-2.091540698993699,-2.7725461391763075,-5.950871028221135,-6.299423983231544,-4.021205863607417,-4.535985061203926,-3.871066995202832,-4.247061807002156,0.0021197007481296754,0.0016209476309226,-6.1564803568043445,-6.424744343399081,-5.346232709004135
2025-04,2025,4,Bahrain Grand Prix,Jack Doohan,doohan,Alpine F1 Team,11,0.0,-0.4236102499951384,-1.656617652836743,-1.288113670646729,-5.508404276443793,-5.662600470648825,-3.582510964640268,-3.475357070647777,-3.4487515500462624,-3.2539913781209644,0.004114713216957605,0.0083541147132169,-5.49318613939408,-4.785001081469601,-4.484271605020929
2025-04,2025,4,Bahrain Grand Prix,Pierre Gasly,gasly,Alpine F1 Team,4,0.0,2.58900191795992,-0.5313023973338252,0.6346127453665112,-5.936155599811947,-4.801800830798811,-3.2337289985728863,-2.08359404271615,-3.1129919786240303,-1.9508778271347011,0.01882793017456359,0.0268079800498753,-3.972413864045636,-3.6190556727328977,-3.028003953380893
2025-04,2025,4,Bahrain Grand Prix,Isack Hadjar,hadjar,RB F1 Team,12,0.0,-0.7751440657767618,0.4947280840069983,-0.1192603993635723,-3.876254807621764,-5.036579978853364,-1.6907633618073823,-2.577920189108468,-1.627635706449304,-2.413717467966355,0.006109725685785534,0.0093516209476309,-5.097873402749934,-4.672205587324252,-3.837896795929201
2025-04,2025,4,Bahrain Grand Prix,Lewis Hamilton,hamilton,Ferrari,9,0.0,0.3215267341166622,1.7482552826976985,1.2966772216212294,-3.690392745721638,-5.109978402867082,-0.9710687315119696,-1.906650590622926,-0.934812154396196,-1.7852049319984928,0.03379052369077306,0.0522443890274314,-3.3875748799808596,-2.9518227809384228,-2.647112735301893
2025-04,2025,4,Bahrain Grand Prix,Nico Hülkenberg,hulkenberg,Sauber,16,0.0,-2.076433899813228,-1.4269760206945687,-2.150128715680045,-6.096541285574912,-6.422965632496658,-3.76175865313474,-4.286547174088351,-3.621306707487238,-4.013512068787919,0.002618453865336658,0.0021197007481296,-5.945171263137137,-6.15648035680438,-5.115859218612744
2025-04,2025,4,Bahrain Grand Prix,Liam Lawson,lawson,RB F1 Team,17,0.0,-2.3806568435187963,-0.7986019332548839,-1.917071295578606,-5.795645106643195,-6.204347947681696,-3.2971235199490394,-4.060709621630151,-3.1740195528641,-3.80205942273853,0.0021197007481296754,0.004364089775561,-6.1564803568043445,-5.434345639371169,-5.108594989217248
2025-04,2025,4,Bahrain Grand Prix,Charles Leclerc,leclerc,Ferrari,2,0.0,3.8566520609765274,2.915205944817332,3.867606327217061,-1.9911861284107208,-1.4125165667107258,0.4620099082033058,1.2275448802531672,0.4447599470816628,1.1493554116601354,0.16496259351620945,0.1380299251870324,-1.8020365367456046,-1.9802847681519236,-0.2872458282462187
2025-04,2025,4,Bahrain Grand Prix,Max Verstappen,max_verstappen,Red Bull,7,0.0,1.139701546227504,3.902405380163748,3.235445441892977,-0.91953156046686,-2.1216012827079376,1.491436909848444,0.5569220795925198,1.435751461866779,0.5214484752041535,0.06421446384039899,0.0766832917705735,-2.7455268001968243,-2.568071433054043,-1.0943023603021522
2025-04,2025,4,Bahrain Grand Prix,Lando Norris,norris,McLaren,6,0.0,1.5859393092113117,4.362963643689527,3.6322965072508935,-2.2521938704903324,-3.470061735405653,1.0553848865995974,0.0811173859226201,1.015980215965994,0.0759505481141015,0.13054862842892764,0.1504987531172069,-2.0360094899900236,-1.8938004797630292,-0.9774460520337017
2025-04,2025,4,Bahrain Grand Prix,Esteban Ocon,ocon,Haas F1 Team,14,0.0,-1.4444378657156882,-0.9312478674086776,-1.3356857616545723,-6.401475014075829,-6.541254250487342,-3.6663614407422536,-3.938470006070957,-3.529471319583068,-3.687605958818548,0.002618453865336658,0.004364089775561,-5.945171263137137,-5.434345639371169,-4.941820634604047
2025-04,2025,4,Bahrain Grand Prix,Oscar Piastri,piastri,McLaren,1,1.0,4.725991651716546,3.693852281925441,5.144950910150593,-2.148569748544283,-0.457689842320973,0.7726412666905789,2.34363053391481,0.7437933316685349,2.194351082733025,0.3542394014962593,0.2839152119700748,-1.0377823190063724,-1.2590796347968205,0.6529241074542187
2025-04,2025,4,Bahrain Grand Prix,George Russell,russell,Mercedes,3,0.0,3.174404109934837,3.041629632392081,3.5847542200848483,-2.5464592768837084,-2.465299202385143,0.2475851777541862,0.5597275088498526,0.2383411450728018,0.5240752103653804,0.12431421446384038,0.1305486284289276,-2.084942930898722,-2.036009489990024,-0.7626077110244347
2025-04,2025,4,Bahrain Grand Prix,Carlos Sainz,sainz,Williams,8,0.0,0.7198372863932494,1.8995254335985812,1.9133768487520253,-5.009715855810278,-5.542372692349616,-1.555095211105848,-1.8144979217987955,-1.4970329672973783,-1.698922002294045,0.018329177057356604,0.0260598503740648,-3.999261114081824,-3.6473594488957506,-2.9068795179403097
2025-04,2025,4,Bahrain Grand Prix,Lance Stroll,stroll,Aston Martin,19,0.0,-2.968878797470413,-0.8863013903839709,-2.3093412787026164,-5.878284600486989,-6.313359723445931,-3.38229299543548,-4.311350501074274,-3.256009074598888,-4.036735527707454,0.0023690773067331665,0.005361596009975,-6.04525472169412,-5.228493585167009,-5.178302611384197
2025-04,2025,4,Bahrain Grand Prix,Yuki Tsunoda,tsunoda,Red Bull,10,0.0,-0.0587393744354126,0.5032069868884352,0.0305078816504969,-3.9929297878626056,-4.828787616708711,-1.744861400487085,-2.399139867529107,-1.679713898698416,-2.246324704238482,0.014339152119700745,0.019576059850374,-4.2447615724973105,-3.9334478955122556,-3.321950720013209
2025-05,2025,5,Saudi Arabian Grand Prix,Alexander Albon,albon,Williams,11,0.0,-0.4256136517339871,0.5888767762450349,0.5185547645041227,-5.007097402025464,-5.367689587386337,-2.209110312890215,-2.424567411441107,-2.1278778957420927,-2.279643635882405,0.007855361596009976,0.0023690773067331,-4.846558974469027,-6.045254721694148,-3.6355631929550674
2025-05,2025,5,Saudi Arabian Grand Prix,Fernando Alonso,alonso,Aston Martin,13,0.0,-1.1174172701098903,-0.3482800617760158,-0.8884295554183917,-5.719317893882074,-5.947003717098764,-3.0337989778290453,-3.417716636258578,-2.9222414776568924,-3.21342930797927,0.005361596009975062,0.0028678304239401,-5.228493585166998,-5.854199484931428,-4.323105110712788
2025-05,2025,5,Saudi Arabian Grand Prix,Andrea Kimi Antonelli,antonelli,Mercedes,5,0.0,2.067000491442377,1.1304132278255268,1.6319818553069865,-3.1970525617803105,-4.270205990408811,-1.033319666977392,-1.319112067550912,-0.9953228979860566,-1.2402647233556454,0.04276807980049875,0.0455112219451371,-3.1519632536946203,-3.08979634727807,-2.235537660622766
2025-05,2025,5,Saudi Arabian Grand Prix,Oliver Bearman,bearman,Haas F1 Team,15,0.0,-1.7672728522136465,-1.718264489998582,-1.981363972684086,-6.368291579406846,-6.534463284223194,-4.043278034702714,-4.25791362845364,-3.8946004217993098,-4.003405168046849,0.005112219451371571,0.0026184538653366,-5.276121634156253,-5.945171263137159,-4.767017631304946
2025-05,2025,5,Saudi Arabian Grand Prix,Gabriel Bortoleto,bortoleto,Sauber,20,0.0,-3.2564184605011373,-2.903886130962057,-3.904275253641365,-6.056503604164362,-6.468972563746817,-4.48019486756321,-5.186623908694092,-4.3154511441451495,-4.87660360746262,0.002119700748129676,0.0011221945137157,-6.1564803568043445,-6.79246912352435,-5.671552132749218
2025-05,2025,5,Saudi Arabian Grand Prix,Jack Doohan,doohan,Alpine F1 Team,17,0.0,-2.383347018254046,-1.660073090473428,-2.4994422253719817,-5.875428908449179,-6.03029222333279,-3.767750999461304,-4.264867224352386,-3.629204943561512,-4.009943126349132,0.002369077306733167,0.0031172069825436,-6.0452547216941195,-5.770817875992373,-5.155060973023253
2025-05,2025,5,Saudi Arabian Grand Prix,Pierre Gasly,gasly,Alpine F1 Team,9,0.0,0.320245382780791,-0.3148984394465187,-0.134692328318716,-5.870187272490611,-5.953340251942218,-3.092542855968565,-3.044016290130467,-2.978825252162798,-2.862066169236245,0.01084788029925187,0.0128428927680798,-4.523785582205976,-4.354964712630925,-3.783900936168221
2025-05,2025,5,Saudi Arabian Grand Prix,Isack Hadjar,hadjar,RB F1 Team,14,0.0,-1.447009481901368,-0.1778368106227872,-0.9532210777553662,-4.309790154087861,-5.341117109018064,-2.2438134823553244,-3.147169093386715,-2.161304975768888,-2.9590532154024585,0.005361596009975062,0.0028678304239401,-5.228493585166998,-5.854199484931428,-4.1878313392768565
2025-05,2025,5,Saudi Arabian Grand Prix,Lewis Hamilton,hamilton,Ferrari,7,0.0,1.1395304076724868,1.9654645913843056,1.86532002639154,-4.002563637517752,-5.019607942723305,-1.018549523066723,-1.5771439581658826,-0.981095875206319,-1.4828732623137342,0.045760598503740646,0.0502493765586034,-3.08433185280599,-2.990757138913879,-2.330737905485936
2025-05,2025,5,Saudi Arabian Grand Prix,Nico Hülkenberg,hulkenberg,Sauber,18,0.0,-2.680599526036004,-1.7217769466035606,-2.785033020970433,-6.41283896287056,-6.55826164771968,-4.0673079547370605,-4.671647334345057,-3.917746724353408,-4.392408750762174,0.0036159600997506237,0.0016209476309226,-5.622397870874086,-6.424744343399081,-5.147022602609571
2025-05,2025,5,Saudi Arabian Grand Prix,Liam Lawson,lawson,RB F1 Team,12,0.0,-0.7773967031118469,-1.1246737984025068,-1.1920032511613978,-5.894287833980633,-6.043694681370518,-3.5094808161915703,-3.617848966265958,-3.3804317560469794,-3.401599119337276,0.004364089775561097,0.0071072319201995,-5.434345639371147,-4.94664243302601,-4.5260973028185525
2025-05,2025,5,Saudi Arabian Grand Prix,Charles Leclerc,leclerc,Ferrari,4,0.0,2.591676128979999,3.0118792628761843,3.2148664636411954,-1.7815845392100496,-2.4798840805643656,0.6151473618330674,0.3674911915384149,0.5925274379603596,0.345525124226367,0.11683291770573566,0.1317955112219451,-2.147010418622138,-2.026503714990323,-0.8897596135418616
2025-05,2025,5,Saudi Arabian Grand Prix,Max Verstappen,max_verstappen,Red Bull,1,0.0,4.735165964175469,3.474871244770702,5.218115486591766,-1.3405680542947702,0.3450294148622061,1.0671515952379662,2.781572450726986,1.027910773700521,2.6153093971005155,0.23428927680798006,0.207356608478803,-1.4511987014470948,-1.5733152216676325,0.6651868746399456
2025-05,2025,5,Saudi Arabian Grand Prix,Lando Norris,norris,McLaren,10,0.0,-0.060422660255058,4.325324039687678,2.7080756095377425,-1.6864214412100755,-2.995901308711684,1.3194512992388012,-0.1439128495869706,1.2709330257415534,-0.135310740437463,0.04600997506234414,0.0567331670822942,-3.078897056820033,-2.869396281909611,-1.6114049532035017
2025-05,2025,5,Saudi Arabian Grand Prix,Esteban Ocon,ocon,Haas F1 Team,19,0.0,-2.9714570915772804,-0.8414936441807184,-2.0909937073564056,-6.353280738562462,-6.486648001078223,-3.59738719137159,-4.288820854217314,-3.465105677285276,-4.032464974832367,0.0038653366583541147,0.0026184538653366,-5.555706496375414,-5.945171263137159,-4.922263675296364
2025-05,2025,5,Saudi Arabian Grand Prix,Oscar Piastri,piastri,McLaren,2,1.0,3.8628252389069417,3.845936816928288,4.440395379913196,-1.395882203938611,-0.9059796245282128,1.2250273064948387,1.7672078776924915,1.179981149859575,1.6615764827377724,0.27119700748129677,0.2804239401496259,-1.3049097573377757,-1.2714527489012446,0.23114906017735792
2025-05,2025,5,Saudi Arabian Grand Prix,George Russell,russell,Mercedes,3,0.0,3.178570459133284,3.344162304676237,3.699791282789936,-2.201190104166147,-2.272371589377908,0.5714861002550453,0.7137098467060139,0.5504716687803513,0.6710492363431205,0.14127182044887782,0.1452618453865336,-1.9570694398325539,-1.9292173348607595,-0.62167979656327
2025-05,2025,5,Saudi Arabian Grand Prix,Carlos Sainz,sainz,Williams,6,0.0,1.5865207140636663,1.8685385905158205,2.4491463529629005,-4.210663716796375,-4.318333720140833,-1.1710625631402776,-0.9345936835889664,-1.128000773930167,-0.878730173834654,0.027805486284289277,0.0235660847880299,-3.5825219294004413,-3.747946685800919,-2.258557806494704
2025-05,2025,5,Saudi Arabian Grand Prix,Lance Stroll,stroll,Aston Martin,16,0.0,-2.0791262744221557,-1.1328127683721896,-1.9418124415486249,-6.11628369379265,-6.195399296050267,-3.62454823108242,-4.068605868799446,-3.4912679633824486,-3.825412909517592,0.0028678304239401495,0.0013715710723192,-5.854199484931411,-6.591798428062191,-4.961402676865429
2025-05,2025,5,Saudi Arabian Grand Prix,Yuki Tsunoda,tsunoda,Red Bull,8,0.0,0.7190537674392069,0.4445876825145212,0.3781467738831638,-3.833963853628591,-4.909890803458224,-1.6946880855570348,-2.26587201478753,-1.6323717726510425,-2.1304339462206383,0.02032418952618454,0.0185785536159601,-3.895943500053798,-3.985747394915101,-3.080907757420664
2025-06,2025,6,Miami Grand Prix,Alexander Albon,albon,Williams,7,0.0,1.1434510226842909,0.8280041272468144,0.8495060610154995,-4.929033074432129,-5.2638465711061055,-2.0505144735926573,-2.207170255045303,-1.9792492026280009,-2.0742006682788885,0.009600997506234414,0.0096009975062344,-4.6458882790068765,-4.645888279006877,-3.4265292670260896
2025-06,2025,6,Miami Grand Prix,Fernando Alonso,alonso,Aston Martin,17,0.0,-2.389040170794154,-0.443643718144475,-2.17500094768654,-5.619580856653476,-6.0739059070447885,-3.031612287398976,-4.124453427365665,-2.926249133954496,-3.875978319194692,0.001371571072319202,0.0008728179551122,-6.59179842806219,-7.043783551805269,-5.358125927713927
2025-06,2025,6,Miami Grand Prix,Andrea Kimi Antonelli,antonelli,Mercedes,3,0.0,3.1837804182122973,1.3739568992227595,1.6210162084560986,-3.1298250632367592,-3.5692046333142846,-0.8779340820069998,-0.974094212429093,-0.8474216369357319,-0.9154105179555128,0.0699501246882793,0.0662094763092269,-2.659972795337864,-2.714931679618622,-1.8170335038834784
2025-06,2025,6,Miami Grand Prix,Oliver Bearman,bearman,Haas F1 Team,19,0.0,-2.9795456277782364,-1.365808893592806,-2.691962365327744,-6.50186848023811,-6.573209792143158,-3.9338386869154576,-4.632586078735451,-3.797118813164413,-4.353498837893373,0.0006234413965087282,0.0006234413965087,-7.38025578842646,-7.380255788426505,-6.006420933580955
2025-06,2025,6,Miami Grand Prix,Gabriel Bortoleto,bortoleto,Sauber,13,0.0,-1.118683707296832,-3.4707866865457304,-3.585035648320295,-6.59101885862347,-6.573295136153701,-5.0309027725846,-5.079165392236998,-4.85605462891024,-4.773174260932012,0.0006234413965087282,0.0001246882793017,-7.38025578842646,-8.989693700860926,-6.229710590331729
2025-06,2025,6,Miami Grand Prix,Jack Doohan,doohan,Alpine F1 Team,14,0.0,-1.4493293969400065,-2.213095377457756,-2.9622986293544358,-5.684319911766946,-6.196685958472241,-3.948707644612351,-4.579492293913338,-3.811471002843875,-4.303603654815518,0.0011221945137157108,0.0008728179551122,-6.792469123524341,-7.043783551805269,-5.685980708718839
2025-06,2025,6,Miami Grand Prix,Pierre Gasly,gasly,Alpine F1 Team,20,0.0,-3.2657415916909955,-0.5275398689136227,-1.8295440153542533,-5.703839770741952,-6.105410250018805,-3.115689819827787,-3.967477132686529,-3.00740456648704,-3.728458962868135,0.001371571072319202,0.0006234413965087,-6.59179842806219,-7.380255788426505,-5.27963778037436
2025-06,2025,6,Miami Grand Prix,Isack Hadjar,hadjar,RB F1 Team,11,0.0,-0.4249055056935915,-0.4859795583631556,-0.9778100378502153,-5.190136370083841,-5.725690692774809,-2.8380579642234984,-3.351750365312512,-2.7394217573405384,-3.149826268156429,0.0028678304239401495,0.0026184538653366,-5.854199484931411,-5.945171263137159,-4.602974925121961
2025-06,2025,6,Miami Grand Prix,Lewis Hamilton,hamilton,Ferrari,12,0.0,-0.7776519819221326,1.9457019517855063,1.047196035502525,-3.815816137900384,-4.682140169070284,-0.935057093057439,-1.81747206678388,-0.9025593477538376,-1.7079796027896177,0.012094763092269327,0.0110972568578553,-4.414982722357177,-4.501057331128425,-3.1162273945705286
2025-06,2025,6,Miami Grand Prix,Nico Hülkenberg,hulkenberg,Sauber,16,0.0,-2.083662988750683,-2.001359106232266,-2.615426721519297,-6.457479783808103,-6.452907664689627,-4.229419445020184,-4.534167193104462,-4.082426713852354,-4.26100913625825,0.001371571072319202,0.0006234413965087,-6.59179842806219,-7.380255788426505,-5.5629828105833266
2025-06,2025,6,Miami Grand Prix,Liam Lawson,lawson,RB F1 Team,15,0.0,-1.7706841026247813,-1.1408638978008805,-2.068846704718081,-5.971374409208678,-6.305269916490375,-3.556119153504779,-4.187058310604228,-3.4325268559029487,-3.934811610534189,0.0008728179551122195,0.0006234413965087,-7.043783551805247,-7.380255788426505,-5.615420931204738
2025-06,2025,6,Miami Grand Prix,Charles Leclerc,leclerc,Ferrari,8,0.0,0.722289724151855,3.056183510835818,1.333548038829709,-1.869274103130155,-3.960152090707166,0.5934547038528315,-1.3133020259387287,0.5728292896848339,-1.2341829696315008,0.039526184538653364,0.0395261845386533,-3.2307919269832794,-3.230791926983281,-2.272046976461004
2025-06,2025,6,Miami Grand Prix,Max Verstappen,max_verstappen,Red Bull,1,0.0,4.7388410806962415,3.455608523374528,3.822488822063504,-1.5530191092905654,-1.7089332912823163,0.9512947070419812,1.056777765390594,0.9182326263116708,0.9931128521621224,0.2669576059850374,0.2517456359102244,-1.3206654122708774,-1.3793360825477228,-0.13194382344014166
2025-06,2025,6,Miami Grand Prix,Lando Norris,norris,McLaren,2,0.0,3.867649413998536,4.545128292556344,4.70997507662649,-1.2552728247855265,-1.2586673659281988,1.6449277338854085,1.7256538553491456,1.58775855893819,1.6216929218764642,0.32356608478802995,0.322069825436409,-1.128351905260571,-1.1329869077647197,0.2986509750442873
2025-06,2025,6,Miami Grand Prix,Esteban Ocon,ocon,Haas F1 Team,9,0.0,0.3227087488998025,-1.0131723168614568,-0.9601607393646427,-6.466436491832375,-6.4504969990253525,-3.739804404346916,-3.7053288691949975,-3.609828158061934,-3.482103656982987,0.0026184538653366584,0.0036159600997506,-5.945171263137137,-5.622397870874092,-4.825250066166067
2025-06,2025,6,Miami Grand Prix,Oscar Piastri,piastri,McLaren,4,1.0,2.5968767720487773,4.407206975838781,3.769041945995331,-0.3564479653461866,-1.6023702617067308,2.0253795052462973,1.0833358421443,1.954987795699012,1.0180709542499964,0.1704488778054863,0.1836658354114713,-1.7693198641366106,-1.69463728439793,-0.3429920109961553
2025-06,2025,6,Miami Grand Prix,George Russell,russell,Mercedes,5,0.0,2.0719393278293765,3.3889880985301684,2.985990187321164,-2.4123612579705203,-3.723102906685128,0.488313420279824,-0.3685563596819821,0.4713421729855057,-0.3463529131037111,0.06920199501246883,0.0816708229426434,-2.6707255871141258,-2.505058465225308,-1.519640973398054
2025-06,2025,6,Miami Grand Prix,Carlos Sainz,sainz,Williams,6,0.0,1.5910183918419678,2.043690575281377,1.3928796354256625,-4.6283810466713335,-5.160238497583236,-1.292345235694978,-1.8836794310787863,-1.2474300036457642,-1.7701983459751818,0.014588528678304239,0.0153366583541147,-4.227519766062804,-4.177509345488144,-3.0555995985707955
2025-06,2025,6,Miami Grand Prix,Lance Stroll,stroll,Aston Martin,18,0.0,-2.687477394697846,-1.2874501435485413,-2.1580691975534845,-5.847356202010154,-6.194795996013731,-3.567403172779348,-4.176432596783608,-3.4434187010663235,-3.9248260361738554,0.0008728179551122195,0.0003740648379052,-7.043783551805247,-7.891081412192549,-5.610108074294427
2025-06,2025,6,Miami Grand Prix,Yuki Tsunoda,tsunoda,Red Bull,10,0.0,-0.0588055003401335,0.4588681526258485,-0.0820484998736163,-4.113334166493559,-5.225005309246893,-1.827233006933855,-2.653526904560255,-1.7637278441897202,-2.493666841583057,0.010349127182044887,0.0081047381546134,-4.570853093063962,-4.815306430964931,-3.6121899988121084
2025-07,2025,7,Emilia Romagna Grand Prix,Alexander Albon,albon,Williams,7,0.0,1.1447828032113097,0.8053892947667143,1.5921587491095783,-5.6000867556109615,-5.58863174683047,-2.397348730422124,-1.9982364988604455,-2.3218807455773303,-1.879184187915225,0.021072319201995014,0.0175810473815461,-3.8597949859374867,-4.040933810482394,-2.929015742398966
2025-07,2025,7,Emilia Romagna Grand Prix,Fernando Alonso,alonso,Aston Martin,5,0.0,2.0711667404669667,-0.9539309176178316,0.2219028393605788,-5.825878268337726,-5.3193574759636375,-3.3899045929777785,-2.548727318301529,-3.2831911786122783,-2.396877486018888,0.01807980049875312,0.0168329177057356,-4.0129599584399855,-4.084418922422135,-3.280843638370757
2025-07,2025,7,Emilia Romagna Grand Prix,Andrea Kimi Antonelli,antonelli,Mercedes,13,0.0,-1.1160916217020271,0.9066024697660818,-0.1275509994265038,-3.5930826991345146,-4.93095804358877,-1.3432401146842163,-2.529254521507637,-1.3009552258269923,-2.378564852929442,0.011596009975062344,0.0103491271820448,-4.457094207707304,-4.57085309306397,-3.4931743646074707
2025-07,2025,7,Emilia Romagna Grand Prix,Oliver Bearman,bearman,Haas F1 Team,19,0.0,-2.979567561101944,-1.4758699515722755,-2.214080349377852,-6.579920597401786,-6.654354853768266,-4.027895274487031,-4.434217601573059,-3.901098060684149,-4.170032730061454,0.003366583541147132,0.0021197007481296,-5.6938568348562315,-6.15648035680438,-5.064037218214645
2025-07,2025,7,Emilia Romagna Grand Prix,Gabriel Bortoleto,bortoleto,Sauber,14,0.0,-1.4469750322163784,-2.9316903364011777,-2.704807020636037,-6.44543033635603,-6.572813611395334,-4.688560336378604,-4.638810316015686,-4.540965538876025,-4.362436078795446,0.0028678304239401495,0.0008728179551122,-5.854199484931411,-7.043783551805269,-5.246504900473548
2025-07,2025,7,Emilia Romagna Grand Prix,Franco Colapinto,colapinto,Alpine F1 Team,16,0.0,-2.082044345559521,-0.9159219084990672,-1.437844545216647,-6.261302824027398,-6.482776997824852,-3.5886123662632325,-3.9603107715207497,-3.475643677046581,-3.724360647659198,0.0038653366583541147,0.0023690773067331,-5.555706496375414,-6.045254721694148,-4.758008633948082
2025-07,2025,7,Emilia Romagna Grand Prix,Pierre Gasly,gasly,Alpine F1 Team,10,0.0,-0.0561562297472347,-0.7577762007913834,-0.6036500855092253,-6.348268104105332,-6.320790334962446,-3.553022152448358,-3.462220210235836,-3.4411738349501464,-3.2559456690266817,0.00910224438902743,0.0081047381546134,-4.699234259712169,-4.815306430964931,-4.0807272349740025
2025-07,2025,7,Emilia Romagna Grand Prix,Isack Hadjar,hadjar,RB F1 Team,9,0.0,0.3251045999827496,-1.059342364492441,-0.7047370759958586,-5.684496153443033,-5.922165757692502,-3.3719192589677367,-3.31345141684418,-3.265772018766752,-3.116040325311733,0.00910224438902743,0.0051122194513715,-4.699234259712169,-5.276121634156266,-4.006342838278174
2025-07,2025,7,Emilia Romagna Grand Prix,Lewis Hamilton,hamilton,Ferrari,12,0.0,-0.7749224535373082,1.5224383101123766,0.710222334640847,-4.093767866439658,-5.316176951198227,-1.2856647781636408,-2.30297730827869,-1.2451923476145592,-2.1657689394187787,0.017331670822942645,0.020074812967581,-4.055219767729868,-3.9082893358760997,-3.179098538004279
2025-07,2025,7,Emilia Romagna Grand Prix,Nico Hülkenberg,hulkenberg,Sauber,17,0.0,-2.3879032181196918,-2.1809075786558902,-2.892858886876219,-6.533964685677993,-6.599964174694283,-4.357436132166941,-4.746411530785251,-4.220265048205942,-4.463626554252555,0.0038653366583541147,0.0011221945137157,-5.555706496375414,-6.79246912352435,-5.1510590135803325
2025-07,2025,7,Emilia Romagna Grand Prix,Liam Lawson,lawson,RB F1 Team,15,0.0,-1.7686571640330755,-1.2322013799893052,-1.9228941783907392,-6.26311087625805,-6.465774342776236,-3.747656128123678,-4.194334260583488,-3.629680777983052,-3.9444413240447225,0.004114713216957606,0.0028678304239401,-5.49318613939408,-5.854199484931428,-4.843760199988784
2025-07,2025,7,Emilia Romagna Grand Prix,Charles Leclerc,leclerc,Ferrari,11,0.0,-0.4221516414603395,2.5647271668737472,1.6192378127062013,-2.2275458361401976,-4.146779364282053,0.1685906653667748,-1.263770775787926,0.1632834701233722,-1.188476969750258,0.023815461346633416,0.0258104738154613,-3.7374202728139303,-3.6569749075951927,-2.500595524300928
2025-07,2025,7,Emilia Romagna Grand Prix,Max Verstappen,max_verstappen,Red Bull,2,1.0,3.859829490639962,3.261079135256177,4.316917774624616,-1.519343505980498,-0.2712987518964781,0.8708678146378395,2.022809511364069,0.843453096786034,1.9022931725487184,0.17768079800498754,0.1866583541147132,-1.7277666081578091,-1.6784753164409318,0.1475214516031299
2025-07,2025,7,Emilia Romagna Grand Prix,Lando Norris,norris,McLaren,4,0.0,2.594466001715385,3.3962989782412354,3.2052502042502806,-1.3577137049475465,-2.425941890518568,1.0192926366468444,0.3896541568658564,0.987205539647265,0.3664390730303111,0.1614713216957606,0.1896508728179551,-1.823427726726922,-1.6625704086012674,-0.7168867849305328
2025-07,2025,7,Emilia Romagna Grand Prix,Esteban Ocon,ocon,Haas F1 Team,18,0.0,-2.6868891384414253,-1.3407445298778844,-2.360731788343143,-6.574940112670902,-6.585480119912252,-3.957842321274393,-4.473105954127698,-3.8332503582739066,-4.206604165552911,0.0003740648379052369,0.0018703241895261,-7.891081412192451,-6.281643499758395,-6.182093683160074
2025-07,2025,7,Emilia Romagna Grand Prix,Oscar Piastri,piastri,McLaren,1,0.0,4.726039859638385,3.384270667640718,4.828914523912888,-0.8554510365800579,-0.0006673393449086,1.26440981553033,2.414123592283989,1.2246064863003563,2.270293273534087,0.35972568578553615,0.3302992518703242,-1.0224135219183603,-1.1077562115884905,0.6958550351828143
2025-07,2025,7,Emilia Romagna Grand Prix,George Russell,russell,Mercedes,3,0.0,3.179133175821674,2.965067066769185,3.463221882990889,-2.0173876909357817,-2.0219930953223213,0.4738396879167017,0.7206143938342839,0.4589233238797255,0.6776811329638686,0.12531172069825436,0.1330423940149626,-2.076950880367384,-2.0170874495588067,-0.67816824326655
2025-07,2025,7,Emilia Romagna Grand Prix,Carlos Sainz,sainz,Williams,6,0.0,1.5914590042231729,1.8553370631614,2.5307507157660347,-5.371956959292835,-5.267859235167763,-1.7583099480657176,-1.3685542597008642,-1.7029587566311248,-1.2870175910611763,0.029301745635910224,0.0322942643391521,-3.5301081867164013,-3.4328656391610233,-2.449331223208633
2025-07,2025,7,Emilia Romagna Grand Prix,Lance Stroll,stroll,Aston Martin,8,0.0,0.724257719908903,-1.8509517129478348,-0.9477294909500804,-6.419686378489606,-6.272633839663784,-4.13531904571872,-3.610181665306932,-4.00514015638553,-3.3950917745798024,0.009850374064837904,0.0083541147132169,-4.620245848393539,-4.785001081469601,-4.115213756850236
2025-07,2025,7,Emilia Romagna Grand Prix,Yuki Tsunoda,tsunoda,Red Bull,20,0.0,-3.266430411865993,0.3891029566278869,-1.808783442653574,-3.876916433075161,-5.071690345629375,-1.743906738223637,-3.4402368941414747,-1.6890089565113282,-3.2352720900854384,0.008104738154613466,0.0046134663341645,-4.815306430964923,-5.3787757882163545,-4.127771662553199
2025-08,2025,8,Monaco Grand Prix,Alexander Albon,albon,Williams,10,0.0,-0.0545505185228474,1.0862125523992976,1.1273669493807563,-5.433685023113846,-5.531985408835758,-2.173736235357274,-2.2023092297275007,-2.1076842069581803,-2.0737245088730014,0.01059850374064838,0.0093516209476309,-4.547042444370244,-4.672205587324252,-3.3746758370488723
2025-08,2025,8,Monaco Grand Prix,Fernando Alonso,alonso,Aston Martin,6,0.0,1.5959482820837994,-0.8611312904883311,-0.2460378163107235,-5.719743823818046,-5.500946862928,-3.2904375571531888,-2.8734923396193617,-3.1904529907484216,-2.705719710153873,0.009600997506234414,0.0098503740648379,-4.6458882790068765,-4.620245848393539,-3.759690309313119
2025-08,2025,8,Monaco Grand Prix,Andrea Kimi Antonelli,antonelli,Mercedes,15,0.0,-1.772069400001126,0.7052683105674797,-0.6683054001152893,-4.446075759406651,-5.512755202836473,-1.8704037244195857,-3.0905303014758814,-1.813568880378433,-2.910085625159096,0.0046134663341645885,0.0051122194513715,-5.378775788216336,-5.276121634156266,-4.234653044846109
2025-08,2025,8,Monaco Grand Prix,Oliver Bearman,bearman,Haas F1 Team,20,0.0,-3.275735232959077,-1.8766207459653783,-2.7847560757676764,-6.595371543794016,-6.626768346332463,-4.235996144879698,-4.70576221105007,-4.107279452804102,-4.431010095339964,0.0011221945137157108,0.0013715710723192,-6.792469123524341,-6.591798428062191,-5.749115667287205
2025-08,2025,8,Monaco Grand Prix,Gabriel Bortoleto,bortoleto,Sauber,16,0.0,-2.08657875529589,-3.025805888700803,-3.177724098885773,-6.490321397558809,-6.586630165779695,-4.758063643129805,-4.882177132332734,-4.613483196906048,-4.597124799422654,0.0018703241895261845,0.0006234413965087,-6.28164349975835,-7.380255788426505,-5.581910316045542
2025-08,2025,8,Monaco Grand Prix,Franco Colapinto,colapinto,Alpine F1 Team,18,0.0,-2.6937572201710664,-1.4186177262861035,-2.6472617406899164,-6.282716680007318,-6.424997822003806,-3.850667203146711,-4.536129781346861,-3.733659272138052,-4.271281878145531,0.002369077306733167,0.0008728179551122,-6.0452547216941195,-7.043783551805269,-5.29069225152049
2025-08,2025,8,Monaco Grand Prix,Pierre Gasly,gasly,Alpine F1 Team,17,0.0,-2.39359046625221,-1.1111252626618346,-2.396207317841793,-5.601689556215157,-5.943483710913433,-3.356407409438496,-4.169845514377613,-3.254418256421169,-3.92638359984031,0.003366583541147132,0.0021197007481296,-5.6938568348562315,-6.15648035680438,-4.931851174616922
2025-08,2025,8,Monaco Grand Prix,Isack Hadjar,hadjar,RB F1 Team,5,0.0,2.0761007281482997,-1.0302356433770568,0.0789482214545302,-5.653587769914058,-5.1715836675355416,-3.3419117066455573,-2.546317723040506,-3.2403630259159764,-2.397647613863994,0.013341645885286782,0.0130922693266832,-4.316864866398654,-4.335733350703044,-3.43159129471958
2025-08,2025,8,Monaco Grand Prix,Lewis Hamilton,hamilton,Ferrari,7,0.0,1.148692825798975,1.4517176343864313,1.9184500753872669,-4.143540670016109,-4.953374190475999,-1.3459115178148389,-1.5174620575443658,-1.3050141060905678,-1.4288630395487052,0.03827930174563591,0.049501246882793,-3.262845953273363,-3.0057574201733703,-2.3901540054088644
2025-08,2025,8,Monaco Grand Prix,Nico Hülkenberg,hulkenberg,Sauber,13,0.0,-1.1173645638603067,-2.025768559298214,-1.990191588101156,-6.515720915975371,-6.6237905615822745,-4.270744737636793,-4.306991074841715,-4.14097216076787,-4.0555217363828895,0.0018703241895261845,0.0016209476309226,-6.28164349975835,-6.424744343399081,-5.294317287300032
2025-08,2025,8,Monaco Grand Prix,Liam Lawson,lawson,RB F1 Team,9,0.0,0.3275560191487929,-1.3126190226242218,-0.6882813143647012,-6.436000378873041,-6.254248356072346,-3.874309700748632,-3.471264835218524,-3.756583359245808,-3.268590472407157,0.004114713216957606,0.0031172069825436,-5.49318613939408,-5.770817875992373,-4.482225487306302
2025-08,2025,8,Monaco Grand Prix,Charles Leclerc,leclerc,Ferrari,2,0.0,3.8646738484772056,2.494287837898793,3.8279916793143416,-2.559371238399592,-1.217926389136058,-0.0325417002503993,1.305032645089142,-0.0315528749853409,1.2288365977268196,0.16296758104738154,0.1652119700748129,-1.8142039872363382,-1.800525962440238,-0.2545856710735981
2025-08,2025,8,Monaco Grand Prix,Max Verstappen,max_verstappen,Red Bull,4,0.0,2.5996671403663094,3.3942872612103816,3.35866099216705,-0.7824023866759953,-1.7526851727970356,1.305942437267193,0.8029879096850071,1.2662595421896414,0.7561044044884366,0.0958852867830424,0.1248129675810473,-2.3446027313549163,-2.08093892154534,-0.7708074108349545
2025-08,2025,8,Monaco Grand Prix,Lando Norris,norris,McLaren,1,1.0,4.729754608356659,3.868716904650855,5.397260950013374,-2.2060375469577376,-0.5727925882237263,0.8313396788465588,2.412234180894824,0.8060782551359487,2.2713927156731475,0.39089775561097256,0.3340399002493766,-0.9393092477935391,-1.0964948313159515,0.7364624665506425
2025-08,2025,8,Monaco Grand Prix,Esteban Ocon,ocon,Haas F1 Team,8,0.0,0.7274819673802354,-1.523762407988443,-0.6232160469273323,-6.595371543794016,-6.483695421694626,-4.059566975891229,-3.553455734310979,-3.936211331899989,-3.3459825477586382,0.006359102244389027,0.006359102244389,-5.0578680681362345,-5.057868068136239,-4.305661901223607
2025-08,2025,8,Monaco Grand Prix,Oscar Piastri,piastri,McLaren,3,0.0,3.1843514990530566,3.842020992090299,4.021033360874855,-1.144272621040509,-1.9300914090688213,1.348874185524895,1.0454709759030163,1.307886748981357,0.9844297779716052,0.22630922693266833,0.2407730673316708,-1.485852954161609,-1.4239004184320458,-0.22019098912929636
2025-08,2025,8,Monaco Grand Prix,George Russell,russell,Mercedes,14,0.0,-1.4492988817599446,2.452876149713372,0.7226870301302489,-3.20955307910118,-4.562635938512681,-0.3783384646939038,-1.919974454191216,-0.3668421190895237,-1.807874220533069,0.00885286783042394,0.0118453865336658,-4.727013823819245,-4.4358168092600225,-3.3234941390052306
2025-08,2025,8,Monaco Grand Prix,Carlos Sainz,sainz,Williams,11,0.0,-0.4214538179266431,2.0192810221385065,1.57924132996932,-4.884327205507775,-5.5251452502964575,-1.4325230916846343,-1.9729519601635688,-1.3889938656473455,-1.857758565143216,0.006109725685785536,0.0115960099750623,-5.097873402749934,-4.457094207707308,-3.5354126814567515
2025-08,2025,8,Monaco Grand Prix,Lance Stroll,stroll,Aston Martin,19,0.0,-2.9876421683960803,-1.676057079568218,-3.173556236826302,-6.261078677885,-6.42657332715456,-3.968567878726609,-4.800064781990431,-3.847977370105724,-4.519806686649241,0.0011221945137157108,0.0008728179551122,-6.792469123524341,-7.043783551805269,-5.796266952757386
2025-08,2025,8,Monaco Grand Prix,Yuki Tsunoda,tsunoda,Red Bull,12,0.0,-0.7751863846952295,0.2689699669033549,-0.4964926555472173,-4.125652557377018,-5.413899787852935,-1.9283412952368315,-2.955196221700076,-1.869745936736404,-2.782653203622368,0.010349127182044887,0.0078553615960099,-4.570853093063962,-4.846558974469037,-3.763024657382019
2025-09,2025,9,Spanish Grand Prix,Alexander Albon,albon,Williams,11,0.0,-0.4234343427015897,1.00916037225119,0.8255018266089582,-5.55754177475342,-5.990737537638415,-2.274190701251115,-2.5826178555147283,-2.2062676364245983,-2.44036364796748,0.003367003367003367,0.0026187803965581,-5.6937321388027,-5.945046567083634,-4.138174997158714
2025-09,2025,9,Spanish Grand Prix,Fernando Alonso,alonso,Aston Martin,10,0.0,-0.0562234260198723,-0.8769094322691203,-0.7602905174807775,-6.021204026127648,-5.960288120154754,-3.449056729198384,-3.360289318817766,-3.346044038275501,-3.1751998782111404,0.0013717421124828531,0.0026187803965581,-6.591673732008658,-5.945046567083634,-4.9759815254132125
2025-09,2025,9,Spanish Grand Prix,Andrea Kimi Antonelli,antonelli,Mercedes,6,0.0,1.596482586180081,0.0830255616284171,0.5042470884567791,-4.646092974412438,-5.045602774644628,-2.2815337063920107,-2.2706778430939245,-2.2133913286407108,-2.1456057281952057,0.013093901982790871,0.0133433096396059,-4.335608654649505,-4.316740170345125,-3.3031432488717147
2025-09,2025,9,Spanish Grand Prix,Oliver Bearman,bearman,Haas F1 Team,14,0.0,-1.4518131070194569,-1.8194635004965736,-1.902585825287324,-6.611994553214294,-6.6029301365230815,-4.215729026855434,-4.252757980905203,-4.089818198082543,-4.018510116796276,0.0023693727397431103,0.002119965082928,-6.045130025640588,-6.156355660750834,-5.148944003272895
2025-09,2025,9,Spanish Grand Prix,Gabriel Bortoleto,bortoleto,Sauber,12,0.0,-0.777404185431622,-2.836538605194009,-2.4170391012188333,-6.505961046681688,-6.596184613166509,-4.671249825937848,-4.506611857192671,-4.531733995285001,-4.258381366143037,0.0008729267988527247,0.0001247038284075,-7.0436588557517155,-8.989569004807286,-5.775135356472193
2025-09,2025,9,Spanish Grand Prix,Franco Colapinto,colapinto,Alpine F1 Team,18,0.0,-2.6963101048678064,-1.8296123150717305,-2.8622294170184728,-6.490992724869429,-6.542057191291751,-4.16030251997058,-4.702143304155112,-4.036047110076227,-4.443142667232439,0.0008729267988527247,0.0003741114852225,-7.0436588557517155,-7.8909567161391765,-5.872901079953413
2025-09,2025,9,Spanish Grand Prix,Pierre Gasly,gasly,Alpine F1 Team,8,0.0,0.7266818558428468,-1.3346712115185015,-0.7058013810259278,-6.368381594591573,-6.211246591520106,-3.851526403055037,-3.4585239862730166,-3.736493183803974,-3.268023642639188,0.005861079935154009,0.006110487591969,-5.1394214030969705,-5.0977487066964144,-4.298972694684993
2025-09,2025,9,Spanish Grand Prix,Isack Hadjar,hadjar,RB F1 Team,9,0.0,0.3262719253083631,0.2851658329678408,0.4428445925238036,-5.775814525189653,-5.7971900585766,-2.7453243461109063,-2.6771727330263984,-2.663329971836083,-2.529710310434316,0.00411522633744856,0.0046140416510786,-5.493061443340548,-5.378651092162824,-4.085117088183473
2025-09,2025,9,Spanish Grand Prix,Lewis Hamilton,hamilton,Ferrari,5,0.0,2.077547482547855,1.8647254517134195,2.384963333864179,-3.8610277522630634,-4.441142379344358,-0.9981511502748216,-1.0280895227400897,-0.968339452755576,-0.9714609123428026,0.05424616535727647,0.075944631500187,-2.9142229737183447,-2.577750737097132,-1.9711562482292173
2025-09,2025,9,Spanish Grand Prix,Nico Hülkenberg,hulkenberg,Sauber,15,0.0,-1.7746555413051746,-2.378384217509929,-2.841941402071856,-6.566659405126381,-6.597296630140757,-4.472521811318155,-4.719619016106307,-4.338941373775671,-4.459655792500655,0.00012470382840753212,0.0006235191420376,-8.989569004807029,-7.380131092373025,-6.854594010456668
2025-09,2025,9,Spanish Grand Prix,Liam Lawson,lawson,RB F1 Team,13,0.0,-1.1197579317027906,-0.5614241578121372,-0.7814320043976799,-6.337036183417534,-6.3610763511053685,-3.449230170614836,-3.5712541777515243,-3.34621229953157,-3.3745444973313097,0.0018705574261129816,0.0013717421124828,-6.281518803704818,-6.591673732008697,-4.926386490728172
2025-09,2025,9,Spanish Grand Prix,Charles Leclerc,leclerc,Ferrari,7,0.0,1.148490373506155,2.985449739584881,2.716130045828401,-2.259857089230544,-3.6011391127030605,0.3627963251771684,-0.4425045334373298,0.351960717459542,-0.4181307641606336,0.040279336575632874,0.0554932036413517,-3.211916681584372,-2.89149472264079,-1.827210607510851
2025-09,2025,9,Spanish Grand Prix,Max Verstappen,max_verstappen,Red Bull,3,0.0,3.1884132929351425,2.891033111578111,3.2078437127608077,-1.7049746648303028,-1.570285437909987,0.5930292233739041,0.81877913742541,0.5753172688042697,0.773679636118254,0.10512532734754956,0.1170968948746726,-2.2526020468051735,-2.144753525598766,-0.7169114546898818
2025-09,2025,9,Spanish Grand Prix,Lando Norris,norris,McLaren,2,0.0,3.870717145912002,4.350989802257564,4.976505603481797,-0.8004457030440384,-0.9848191592827168,1.7752720496067629,1.9958432220995403,1.7222501467189324,1.8859093829362816,0.3218605811198404,0.3081431599950119,-1.1336368050884147,-1.1771907988184185,0.43110320850556283
2025-09,2025,9,Spanish Grand Prix,Esteban Ocon,ocon,Haas F1 Team,16,0.0,-2.0891926920102346,-1.2158151418158911,-1.9183504974085093,-6.606128790980184,-6.601119606504816,-3.910971966398037,-4.259735051956663,-3.794163291442941,-4.02510288100524,0.0018705574261129816,0.0006235191420376,-6.281518803704818,-7.380131092373025,-5.27062692783074
2025-09,2025,9,Spanish Grand Prix,Oscar Piastri,piastri,McLaren,1,1.0,4.738766153983309,4.188374295860764,5.582977846567647,-0.7862393587222717,0.2916949633199195,1.7010674685692462,2.937336404943783,1.650261827741349,2.7755438030330057,0.4004239930165856,0.3622646215238808,-0.9152313107175147,-1.0153803355210171,1.0110525471131342
2025-09,2025,9,Spanish Grand Prix,George Russell,russell,Mercedes,4,0.0,2.6022582073062117,1.556772013208511,1.9825650201048264,-3.3844405926577448,-3.8070783430870407,-0.9138342897246168,-0.9122566614911072,-0.886540876877791,-0.8620082872753829,0.03803466766429729,0.0417757825165232,-3.269257228199617,-3.1754384729819636,-2.0907569448453622
2025-09,2025,9,Spanish Grand Prix,Carlos Sainz,sainz,Williams,17,0.0,-2.396192155488741,1.831750635569912,0.1647608111836212,-4.794603184157058,-5.726226216346182,-1.481426274293573,-2.7807327025812807,-1.4371806387762036,-2.6275660518660984,0.002618780396558174,0.0028681880533732,-5.9450465670836055,-5.854074788877893,-4.3628896348324435
2025-09,2025,9,Spanish Grand Prix,Yuki Tsunoda,tsunoda,Red Bull,19,0.0,-2.9901126991298805,-0.2244655581017615,-2.401136587146995,-4.468954656445257,-5.6233367080889405,-2.346710107273509,-4.012236647617968,-2.2766211113693,-3.7912370353136655,0.0016211497692979174,0.0018705574261129,-6.424619647345492,-6.281518803704862,-5.218428147481729
2025-10,2025,10,Canadian Grand Prix,Alexander Albon,albon,Williams,9,0.0,0.3242935554602686,0.6192863185486538,0.746126150884949,-5.165006579873759,-5.233320836751465,-2.2728601306625524,-2.243597342933258,-2.210169226276576,-2.12636595554768,0.007356608478802993,0.006857855361596,-4.912156256954841,-4.98236051562809,-3.5778767999440495
2025-10,2025,10,Canadian Grand Prix,Fernando Alonso,alonso,Aston Martin,6,0.0,1.596300421579984,-0.9496046783581318,-0.1642316418257503,-5.940330521349376,-5.743207278433484,-3.4449675998537543,-2.953719460129617,-3.349947175366718,-2.799383107686773,0.00910224438902743,0.0086034912718204,-4.699234259712169,-4.755587196263306,-3.826476859920893
2025-10,2025,10,Canadian Grand Prix,Andrea Kimi Antonelli,antonelli,Mercedes,4,0.0,2.604118442949519,0.5735394061879648,1.2945082287803442,-3.914537924100489,-3.682787009354727,-1.6704992589562622,-1.1941393902871913,-1.624422904363539,-1.1317437835638773,0.03503740648379052,0.035785536159601,-3.3513390315268143,-3.3302114851009392,-2.2727392109070026
2025-10,2025,10,Canadian Grand Prix,Oliver Bearman,bearman,Haas F1 Team,13,0.0,-1.1228153116674726,-2.2526435366541686,-2.169275196272749,-6.625615017734358,-6.652790523991143,-4.439129277194263,-4.411032860131946,-4.316687502040924,-4.180549657062818,0.0016209476309226932,0.0033665835411471,-6.4247443433990234,-5.69385683485624,-5.417888601765485
2025-10,2025,10,Canadian Grand Prix,Gabriel Bortoleto,bortoleto,Sauber,15,0.0,-1.7778903774533454,-2.267764363310381,-2.553273389894516,-6.594350591570407,-6.653744776070413,-4.431057477440394,-4.603509082982464,-4.3088383417798095,-4.362968703337256,0.0006234413965087282,0.0006234413965087,-7.38025578842646,-7.380255788426505,-5.991882435704462
2025-10,2025,10,Canadian Grand Prix,Franco Colapinto,colapinto,Alpine F1 Team,10,0.0,-0.0585831006575747,-1.9360236198112843,-1.4852595240820234,-6.444488066028747,-6.437850734343567,-4.190255842920015,-3.9615551292127953,-4.0746785907796905,-3.754557823985605,0.0018703241895261845,0.0016209476309226,-6.28164349975835,-6.424744343399081,-5.1215993144855725
2025-10,2025,10,Canadian Grand Prix,Pierre Gasly,gasly,Alpine F1 Team,20,0.0,-3.2810597583195023,-1.1418320336714043,-2.781536455899935,-6.308916936608137,-6.415247564506751,-3.7253744851397705,-4.598392010203343,-3.622619769836734,-4.358119005425171,0.001371571072319202,0.0011221945137157,-6.59179842806219,-6.79246912352435,-5.595095219132766
2025-10,2025,10,Canadian Grand Prix,Isack Hadjar,hadjar,RB F1 Team,12,0.0,-0.7802936163755048,0.140727778627566,-0.0404116073370776,-5.598811171353767,-5.858430308598139,-2.729041696363101,-2.9494209579676083,-2.653768216159033,-2.795309208827009,0.0026184538653366584,0.0011221945137157,-5.945171263137137,-6.79246912352435,-4.447296110552372
2025-10,2025,10,Canadian Grand Prix,Lewis Hamilton,hamilton,Ferrari,5,0.0,2.078270527574582,1.7850502568561528,2.243153707938798,-3.853926949625401,-4.489043284316175,-1.034438346384624,-1.1229447881886885,-1.0059060691047716,-1.0642692081469265,0.08042394014962594,0.0971321695760598,-2.5204433840647877,-2.3316826549898124,-1.821694086126738
2025-10,2025,10,Canadian Grand Prix,Nico Hülkenberg,hulkenberg,Sauber,11,0.0,-0.4260940841639463,-1.8024034071981576,-1.5817780616993915,-6.609561202261727,-6.632713318090209,-4.205982304729942,-4.107245689894801,-4.08997127925691,-3.8926358303866335,0.0011221945137157108,0.0013715710723192,-6.792469123524341,-6.591798428062191,-5.449857406709571
2025-10,2025,10,Canadian Grand Prix,Liam Lawson,lawson,RB F1 Team,19,0.0,-2.9932010334742447,-0.7395792103311631,-2.152316704554305,-6.120371147475134,-6.393252184360384,-3.4299751789031485,-4.272784444457344,-3.3353682811508407,-4.04952493222759,0.0008728179551122195,0.0011221945137157,-7.043783551805247,-6.79246912352435,-5.658283998131296
2025-10,2025,10,Canadian Grand Prix,Charles Leclerc,leclerc,Ferrari,8,0.0,0.7251800081732513,2.889743453859813,2.3876963403806686,-2.4940606636266187,-3.788189364345758,0.1978413951165973,-0.7002465119825447,0.192384457482152,-0.6636575623788245,0.05324189526184538,0.0649625935162094,-2.932909687631936,-2.7339436591071946,-1.8165780998072403
2025-10,2025,10,Canadian Grand Prix,Max Verstappen,max_verstappen,Red Bull,2,0.0,3.8760159641654734,2.738566272468089,3.870815059662184,-1.2902616351752918,-0.5363148928442045,0.7241523186463988,1.6672500834089896,0.704178470209051,1.5801337204785442,0.21408977556109726,0.2031172069825436,-1.5413598399630846,-1.5939720922585152,0.06294512172295252
2025-10,2025,10,Canadian Grand Prix,Lando Norris,norris,McLaren,7,0.0,1.147578783178408,4.659502114742561,3.60357643272717,-0.5738017857977447,-3.2883175847548087,2.042850164472408,0.1576294239861806,1.986503483650266,0.1493930458656173,0.12007481296758105,0.1385286783042394,-2.119640289062435,-1.9766779112209303,-0.9810054325381271
2025-10,2025,10,Canadian Grand Prix,Esteban Ocon,ocon,Haas F1 Team,14,0.0,-1.4549836982952602,-1.6604607767860855,-1.968693704734625,-6.5407301924356185,-6.632713318090209,-4.100595484610852,-4.300703511412417,-3.987491279040416,-4.075985185298807,0.0011221945137157108,0.0011221945137157,-6.792469123524341,-6.79246912352435,-5.546586317468378
2025-10,2025,10,Canadian Grand Prix,Oscar Piastri,piastri,McLaren,3,0.0,3.191737300776257,4.5937518697939375,4.449171373726711,-0.3258594770397691,-1.2542563512522311,2.1339461963770843,1.5974575112372398,2.0750868696824427,1.5139879167836214,0.32556109725685783,0.3046134663341646,-1.1222051321614315,-1.1887116296028197,0.23762618953790415
2025-10,2025,10,Canadian Grand Prix,George Russell,russell,Mercedes,1,1.0,4.747027032668446,1.695320079266724,3.666735172955375,-3.5820840902611866,-1.1912742732049584,-0.9433820054972312,1.2377304498752082,-0.9173612793169372,1.1730571437201285,0.13753117206982543,0.1233167082294264,-1.9839046816070578,-2.092999369237848,-0.3730871158659248
2025-10,2025,10,Canadian Grand Prix,Carlos Sainz,sainz,Williams,16,0.0,-2.092447629799305,1.2666828213819905,-0.1703669616427778,-5.303231849252748,-5.746330063839948,-2.018274513935379,-2.9583485127413627,-1.962605688181068,-2.803770285230488,0.0026184538653366584,0.0021197007481296,-5.945171263137137,-6.15648035680438,-4.45175988793925
2025-10,2025,10,Canadian Grand Prix,Lance Stroll,stroll,Aston Martin,17,0.0,-2.39942713152187,-2.062642976565076,-3.138298852594368,-6.342354041693703,-6.54786872020297,-4.20249850912939,-4.843083786398669,-4.08658357504973,-4.590025262643319,0.0008728179551122195,0.0006234413965087,-7.043783551805247,-7.380255788426505,-5.9434336691019585
2025-10,2025,10,Canadian Grand Prix,Yuki Tsunoda,tsunoda,Red Bull,18,0.0,-2.699488543359617,-0.2836934968827475,-1.2848295388834323,-4.850990001306953,-5.659088780100908,-2.5673417490948505,-3.47195915949217,-2.496528339176963,-3.290543991349211,0.0028678304239401495,0.0028678304239401,-5.854199484931411,-5.854199484931428,-4.66307932221179
2025-11,2025,11,Austrian Grand Prix,Alexander Albon,albon,Williams,12,0.0,-0.7824868008044658,0.675911951510834,0.3015488126302038,-5.101779117465274,-5.423749472215235,-2.21293358297722,-2.561100329792516,-2.130197805123702,-2.4287007781322063,0.004862842892768081,0.0041147132169576,-5.3261320547309134,-5.493186139394082,-3.9436161922617146
2025-11,2025,11,Austrian Grand Prix,Fernando Alonso,alonso,Aston Martin,11,0.0,-0.4280520741826619,-0.1112004523112546,-0.3298486113624898,-5.914803848499217,-6.113713416501495,-3.013002150405236,-3.2217810139319925,-2.9003539089461667,-3.0552266791290097,0.004862842892768081,0.0036159600997506,-5.3261320547309134,-5.622397870874092,-4.273956534331453
2025-11,2025,11,Austrian Grand Prix,Andrea Kimi Antonelli,antonelli,Mercedes,9,0.0,0.3230257138483849,1.5002204328819564,0.8368002366327191,-3.144859255537087,-4.518798123770975,-0.8223194113275653,-1.840998943569128,-0.7915750470757016,-1.7458260087566124,0.011346633416458855,0.0143391521197007,-4.47883419434371,-4.244761572497313,-3.159916568956419
2025-11,2025,11,Austrian Grand Prix,Oliver Bearman,bearman,Haas F1 Team,15,0.0,-1.7804489388444336,-1.870229503143641,-2.139236152017836,-6.487196410630874,-6.603970302489855,-4.178712956887257,-4.371603227253845,-4.022481848292706,-4.145607275204571,0.0013715710723192023,0.0011221945137157,-6.591798428062189,-6.79246912352435,-5.481700827658017
2025-11,2025,11,Austrian Grand Prix,Gabriel Bortoleto,bortoleto,Sauber,8,0.0,0.7243917107331326,-2.057302590844817,-1.016593876074344,-6.458626209673991,-6.495252080558295,-4.257964400259404,-3.75592297831632,-4.098770288227313,-3.561755450939514,0.0031172069825436415,0.0021197007481296,-5.77081787599236,-6.15648035680438,-4.76337042715434
2025-11,2025,11,Austrian Grand Prix,Franco Colapinto,colapinto,Alpine F1 Team,14,0.0,-1.457470845647538,-1.5290310037246555,-1.709720079818706,-6.449735084135294,-6.51694663823149,-3.989383043929975,-4.113333359025098,-3.840230483801567,-3.9006890177515023,0.001122194513715711,0.0003740648379052,-6.792469123524341,-7.891081412192549,-5.452901241274719
2025-11,2025,11,Austrian Grand Prix,Pierre Gasly,gasly,Alpine F1 Team,10,0.0,-0.0602362268615429,-0.882856525052941,-0.6208370446191187,-6.209787292877079,-6.267898058247964,-3.54632190896501,-3.444367551433541,-3.4137342416648235,-3.2663063039852376,0.0051122194513715715,0.0031172069825436,-5.276121634156253,-5.770817875992373,-4.3602445927948965
2025-11,2025,11,Austrian Grand Prix,Isack Hadjar,hadjar,RB F1 Team,13,0.0,-1.1251825711045913,-0.0950124492544276,-0.7352518490058539,-5.096880542138833,-5.7284590541209806,-2.5959464956966305,-3.231855451563417,-2.498890870421777,-3.06478030505692,0.004613466334164589,0.0036159600997506,-5.378775788216336,-5.622397870874092,-4.3053156198898765
2025-11,2025,11,Austrian Grand Prix,Lewis Hamilton,hamilton,Ferrari,4,0.0,2.606689670678163,2.1536222277202817,2.7629392006494697,-3.4916731539032453,-3.7503328762322936,-0.6690254630914818,-0.4936968377914119,-0.6440123571770175,-0.4681745108371255,0.08142144638403992,0.0986284289276808,-2.5081165715841287,-2.3163957330929064,-1.5009067046877702
2025-11,2025,11,Austrian Grand Prix,Nico Hülkenberg,hulkenberg,Sauber,20,0.0,-3.2833925335029712,-1.3662123880052317,-2.808279822417881,-6.4202156793877165,-6.544745852158775,-3.893214033696474,-4.676512837288328,-3.747656980422984,-4.4347541698171415,0.001122194513715711,0.0003740648379052,-6.792469123524341,-7.891081412192549,-5.734490980406335
2025-11,2025,11,Austrian Grand Prix,Liam Lawson,lawson,RB F1 Team,6,0.0,1.5968341631097178,-0.6502187759402547,0.4805422910111372,-5.7929310864740735,-5.373719862633172,-3.221574931207164,-2.4465887858110174,-3.1011287009645807,-2.320109063571959,0.007107231920199502,0.0088528678304239,-4.94664243302601,-4.72701382381925,-3.696615609418514
2025-11,2025,11,Austrian Grand Prix,Charles Leclerc,leclerc,Ferrari,2,0.0,3.882006816004816,3.175570538048456,4.402986130255227,-2.024664431644451,-1.3633219031330623,0.5754530532020026,1.5198321135610824,0.5539383740715084,1.4412623331844077,0.17443890274314217,0.1744389027431421,-1.7461807261950788,-1.7461807261950792,-0.11317430631699821
2025-11,2025,11,Austrian Grand Prix,Max Verstappen,max_verstappen,Red Bull,7,0.0,1.1473826209904974,3.243291082685273,2.822123388163089,-1.3579395205066929,-2.9117606602131616,0.94267578108929,-0.0448186360250362,0.9074316081000738,-0.0425016759096072,0.043516209476309235,0.0450124688279301,-3.1346217786581327,-3.100815742527681,-1.5897202073415844
2025-11,2025,11,Austrian Grand Prix,Lando Norris,norris,McLaren,1,1.0,4.755957964446722,3.9962192930072034,5.410355325556491,-1.1059554630228825,0.0480641539718053,1.4451319149921606,2.729209739764148,1.3911022260726391,2.588119544378872,0.38142144638403996,0.3470074812967581,-0.9638503567096566,-1.0584089393346694,0.8826796915272458
2025-11,2025,11,Austrian Grand Prix,Esteban Ocon,ocon,Haas F1 Team,17,0.0,-2.402001462225625,-1.2405331393732946,-2.0870069289331186,-6.492595683919998,-6.611552034131787,-3.866564411646646,-4.349279481532452,-3.7220037177879854,-4.124437585765358,0.0018703241895261847,0.0006234413965087,-6.28164349975835,-7.380255788426505,-5.315461490645401
2025-11,2025,11,Austrian Grand Prix,Oscar Piastri,piastri,McLaren,3,0.0,3.1957653917666264,4.149389780343695,4.084677152778237,-0.6832524657426347,-2.016400008089477,1.73306865730053,1.03413857234438,1.6682737694022665,0.9806773776616554,0.22406483790523693,0.2355361596009975,-1.495819814077001,-1.4458908333590508,-0.23084062086631052
2025-11,2025,11,Austrian Grand Prix,George Russell,russell,Mercedes,5,0.0,2.0797081884785933,2.5877446709792444,2.39486672415591,-2.646661419934847,-3.6773347955178415,-0.0294583744778011,-0.6412340356809663,-0.02835700318249,-0.608084573379203,0.04276807980049876,0.0529925187032419,-3.1519632536946203,-2.9376045319361435,-1.8965986446877934
2025-11,2025,11,Austrian Grand Prix,Carlos Sainz,sainz,Williams,19,0.0,-2.9956458284197645,1.1898334296609336,-0.6916924113635596,-5.505372960973131,-5.87603797260802,-2.1577697656560986,-3.28386519198579,-2.077096418130603,-3.1141013314786004,0.0016209476309226934,0.0011221945137157,-6.4247443433990234,-6.79246912352435,-4.8543047676924065
2025-11,2025,11,Austrian Grand Prix,Lance Stroll,stroll,Aston Martin,16,0.0,-2.0950339060426124,-1.4707607310912063,-2.187786267416986,-6.3482542952296726,-6.495116447666349,-3.90950751316044,-4.341451357541668,-3.7633412894591687,-4.1170141472508375,0.001122194513715711,0.0016209476309226,-6.792469123524341,-6.424744343399081,-5.566960240533005
2025-11,2025,11,Austrian Grand Prix,Yuki Tsunoda,tsunoda,Red Bull,18,0.0,-2.7020147206609884,0.0940646016221813,-1.5920523465887717,-4.3200735596865405,-5.666409479363482,-2.11300447903218,-3.629230912976127,-2.0340047880674392,-3.4416129035759635,0.0031172069825436415,0.0013715710723192,-5.77081787599236,-6.591798428062191,-4.7000243944842435
2025-12,2025,12,British Grand Prix,Alexander Albon,albon,Williams,13,0.0,-1.127538374753563,0.311973981422632,-0.2676364303320832,-5.330685795075149,-5.565204483668958,-2.5093559068262583,-2.9164204570005205,-2.4202418038837674,-2.7754769149935994,0.00685785536159601,0.004862842892768,-4.9823605156280895,-5.32613205473093,-3.949390486314305
2025-12,2025,12,British Grand Prix,Fernando Alonso,alonso,Aston Martin,7,0.0,1.1471890121397332,-0.2528747132800926,0.0770188497928723,-5.951942413492709,-5.848690520475082,-3.102408563386401,-2.885835835341105,-2.9922335358683045,-2.746370374074316,0.007605985037406484,0.0113466334164588,-4.878819836687249,-4.478834194343714,-3.882327836014177
2025-12,2025,12,British Grand Prix,Andrea Kimi Antonelli,antonelli,Mercedes,10,0.0,-0.0618805525500772,1.5132442612084342,1.0868329389729692,-3.0089344843975336,-4.290361614416172,-0.7478451115945497,-1.6017643377216015,-0.721287082867583,-1.5243549440668056,0.015835411471321694,0.0158354114713216,-4.145506614401969,-4.145506614401975,-2.8736354760617857
2025-12,2025,12,British Grand Prix,Oliver Bearman,bearman,Haas F1 Team,18,0.0,-2.704530003517974,-1.565211459591601,-1.3609080366137063,-6.554916433254384,-6.458009973492696,-4.060063946422992,-3.9094590050532014,-3.915879952637815,-3.720524313493069,0.0016209476309226932,0.0026184538653366,-6.4247443433990234,-5.945171263137159,-5.167101674226112
2025-12,2025,12,British Grand Prix,Gabriel Bortoleto,bortoleto,Sauber,16,0.0,-2.097608465325432,-1.3736459079912775,-1.9683978840407972,-6.547240676929549,-6.679091214966981,-3.960443292460413,-4.323744549503889,-3.819797101020559,-4.114788440285344,0.0006234413965087282,0.0011221945137157,-7.38025578842646,-6.79246912352435,-5.852000168965175
2025-12,2025,12,British Grand Prix,Franco Colapinto,colapinto,Alpine F1 Team,20,0.0,-3.285715881336209,-1.423734755102018,-2.7967878537693878,-6.4963872973042776,-6.627735518911902,-3.960061026203148,-4.712261686340645,-3.8194284100853535,-4.484529484235796,0.0018703241895261845,0.0003740648379052,-6.28164349975835,-7.891081412192549,-5.496952593049498
2025-12,2025,12,British Grand Prix,Pierre Gasly,gasly,Alpine F1 Team,8,0.0,0.7236085639022174,-0.703223249182322,-0.3367753262146095,-6.240383319839872,-6.321308820202564,-3.4718032845110973,-3.3290420732085866,-3.348510038443304,-3.1681575271679745,0.006608478802992519,0.0071072319201995,-5.019401787308438,-4.94664243302601,-4.174221930258512
2025-12,2025,12,British Grand Prix,Isack Hadjar,hadjar,RB F1 Team,12,0.0,-0.7846691052166727,-0.1427127707151882,-0.6711482535302806,-5.600963989812098,-5.877743319841656,-2.871838380263643,-3.2744457866859684,-2.76985153162379,-3.116199747032339,0.00486284289276808,0.0041147132169576,-5.3261320547309134,-5.493186139394082,-4.300288920708441
2025-12,2025,12,British Grand Prix,Lewis Hamilton,hamilton,Ferrari,5,0.0,2.0811410343959795,2.146783304107174,2.517611641163109,-2.8501889016718955,-3.955456691501241,-0.3517027987823606,-0.7189225251690659,-0.3392128688642514,-0.6841787395524674,0.06795511221945137,0.0839152119700748,-2.6889079061973162,-2.4779483712158323,-1.7039152156831912
2025-12,2025,12,British Grand Prix,Nico Hülkenberg,hulkenberg,Sauber,19,0.0,-2.998080388395473,-1.0153384635524172,-2.1262735114563696,-6.573168896447487,-6.699450238341212,-3.794253679999952,-4.412861874898791,-3.659509336995581,-4.199598941036635,0.0016209476309226932,0.0008728179551122,-6.4247443433990234,-7.043783551805269,-5.418803109148907
2025-12,2025,12,British Grand Prix,Liam Lawson,lawson,RB F1 Team,15,0.0,-1.7829956513322716,-0.3567162440511534,-1.1852024875078793,-6.126508311554333,-6.315482179220408,-3.241612277802743,-3.7503423333641432,-3.1264937450199173,-3.569097365432981,0.0028678304239401495,0.0021197007481296,-5.854199484931411,-6.15648035680438,-4.8022709091477775
2025-12,2025,12,British Grand Prix,Charles Leclerc,leclerc,Ferrari,6,0.0,1.597367194534896,3.237506436137122,3.0853526388691703,-2.3880817516558417,-3.649096997776533,0.4247123422406402,-0.2818721794536813,0.4096296434156468,-0.268249979242443,0.07518703241895262,0.0988778054862842,-2.5877765041333745,-2.313870479225713,-1.4348243417935278
2025-12,2025,12,British Grand Prix,Max Verstappen,max_verstappen,Red Bull,1,0.0,4.764848911882291,2.672436333410685,4.598322995773783,-1.528346613158476,0.3441276023987678,0.5720448601261048,2.4712252990862758,0.5517299799553304,2.351796961545208,0.16546134663341647,0.1624688279301745,-1.7990176665283526,-1.8172691237357155,0.3361038162789616
2025-12,2025,12,British Grand Prix,Lando Norris,norris,McLaren,3,1.0,3.1997766738413134,4.138050364342849,4.0572711384399405,-0.2869337354695232,-1.9104363898241583,1.9255583144366628,1.073417374307891,1.8571764633856875,1.021541710624499,0.2517456359102244,0.2380299251870324,-1.3793360825477228,-1.4353588771348127,-0.1529593541199159
2025-12,2025,12,British Grand Prix,Esteban Ocon,ocon,Haas F1 Team,14,0.0,-1.4599462234581213,-0.9755142438050816,-1.3606206605395608,-6.560294167418871,-6.487879980365725,-3.767904205611976,-3.924250320452643,-3.634095604630769,-3.7346008004190185,0.003117206982543641,0.0028678304239401,-5.77081787599236,-5.854199484931428,-4.847534098222502
2025-12,2025,12,British Grand Prix,Oscar Piastri,piastri,McLaren,2,0.0,3.8879716340935415,4.094296499512709,4.703207925640238,-0.6115149943282088,-1.210072379440272,1.7413907525922503,1.746567773099983,1.6795491962122002,1.662160379884455,0.3023690773067332,0.2677057356608479,-1.1961068974889766,-1.317866902981779,0.27523043780550316
2025-12,2025,12,British Grand Prix,George Russell,russell,Mercedes,4,0.0,2.609250868094151,2.3990193426378914,2.5464921052012994,-2.268650673418022,-2.714433827229209,0.0651843346099347,-0.0839708610139549,0.0628694603073834,-0.0799127525377683,0.06521197007481297,0.0751870324189526,-2.7301122367956374,-2.587776504133375,-1.4070415489047963
2025-12,2025,12,British Grand Prix,Carlos Sainz,sainz,Williams,9,0.0,0.3217650756915766,0.6949254601428484,0.6296910626417537,-5.662313623643948,-5.771461085489817,-2.4836940817505497,-2.570885011424032,-2.395491300520243,-2.446640361194388,0.009600997506234414,0.0128428927680798,-4.6458882790068765,-4.354964712630925,-3.6083866452154543
2025-12,2025,12,British Grand Prix,Lance Stroll,stroll,Aston Martin,17,0.0,-2.404564399686666,-1.636674751573688,-2.6811776043954625,-6.44507712788609,-6.380203339546395,-4.040875939729888,-4.530690471970929,-3.8973733646303024,-4.311733167195557,0.001371571072319202,0.0013715710723192,-6.59179842806219,-6.591798428062191,-5.561244450016559
2025-12,2025,12,British Grand Prix,Yuki Tsunoda,tsunoda,Red Bull,11,0.0,-0.430000055494551,-0.4798225782398514,-0.8997770295303275,-4.624767041142819,-5.4814225731131545,-2.552294809691335,-3.190599801321741,-2.4616558286716663,-3.0364058352063865,0.007605985037406484,0.006359102244389,-4.878819836687249,-5.057868068136239,-4.034709819004496
2025-13,2025,13,Belgian Grand Prix,Alexander Albon,albon,Williams,5,0.0,2.0844865084722164,0.491735508470036,0.7861778939962349,-5.203559800064002,-4.790444405588068,-2.355912145796983,-2.0021332557959166,-2.279162608482565,-1.900836023048316,0.010349127182044887,0.0180798004987531,-4.570853093063962,-4.012959958439986,-3.2864931744299395
2025-13,2025,13,Belgian Grand Prix,Fernando Alonso,alonso,Aston Martin,20,0.0,-3.2929371091566884,-0.0348646282299008,-1.4433176861353396,-5.465934443897643,-6.143688309852599,-2.750399536063772,-3.7935029979939694,-2.66079861771065,-3.601572038851215,0.0011221945137157108,0.0023690773067331,-6.792469123524341,-6.045254721694148,-5.292986060759155
2025-13,2025,13,Belgian Grand Prix,Andrea Kimi Antonelli,antonelli,Mercedes,19,0.0,-3.004029467083014,1.7550697275164728,-0.4664926783121312,-2.9650248637697563,-4.743244150411923,-0.6049775681266417,-2.604868414362027,-0.5852689603493284,-2.473076006797423,0.003117206982543641,0.005361596009975,-5.77081787599236,-5.228493585167009,-4.187843145177194
2025-13,2025,13,Belgian Grand Prix,Oliver Bearman,bearman,Haas F1 Team,12,0.0,-0.7833312629805076,-1.5133783132035483,-0.931238792484992,-6.43144748480132,-6.435278694298328,-3.9724128990024337,-3.68325874339166,-3.8430019391904655,-3.49690555380306,0.0028678304239401495,0.004364089775561,-5.854199484931411,-5.434345639371169,-4.768729114161536
2025-13,2025,13,Belgian Grand Prix,Gabriel Bortoleto,bortoleto,Sauber,10,0.0,-0.0591921417308716,-1.0523951239864735,-0.3610669556434688,-6.490985982361583,-6.242681825270055,-3.771690553174028,-3.301874390456762,-3.6488186093429738,-3.134817208990348,0.002369077306733167,0.0036159600997506,-6.0452547216941195,-5.622397870874092,-4.673564556075441
2025-13,2025,13,Belgian Grand Prix,Franco Colapinto,colapinto,Alpine F1 Team,15,0.0,-1.7843784212157556,-1.692319848859213,-2.565037006576716,-6.347513626471542,-6.381223018467519,-4.019916737665378,-4.473130012522118,-3.888958225392872,-4.246813561967681,0.0016209476309226932,0.0016209476309226,-6.4247443433990234,-6.424744343399081,-5.448937177960571
2025-13,2025,13,Belgian Grand Prix,Pierre Gasly,gasly,Alpine F1 Team,13,0.0,-1.127025723365605,-1.0268827348355818,-1.9094692223379597,-6.212099873316585,-6.325637619428927,-3.619491304076083,-4.117553420883444,-3.501577618968177,-3.90922724378286,0.002369077306733167,0.0021197007481296,-6.0452547216941195,-6.15648035680438,-5.081404071288782
2025-13,2025,13,Belgian Grand Prix,Isack Hadjar,hadjar,RB F1 Team,8,0.0,0.7271401628903698,0.1101721321933654,0.5112654311756719,-5.5174326051445295,-5.588732087143506,-2.703630236475582,-2.538733327983917,-2.615552941195722,-2.410287002014148,0.003117206982543641,0.006857855361596,-5.77081787599236,-4.98236051562809,-4.154775601988138
2025-13,2025,13,Belgian Grand Prix,Lewis Hamilton,hamilton,Ferrari,18,0.0,-2.7092547970811123,2.2125040965505853,0.2988416874109744,-2.725353447628853,-4.793269930395501,-0.2564246755391337,-2.247214121492263,-0.2480710214189074,-2.133517107949574,0.007356608478802993,0.0118453865336658,-4.912156256954841,-4.4358168092600225,-3.579685189223552
2025-13,2025,13,Belgian Grand Prix,Nico Hülkenberg,hulkenberg,Sauber,14,0.0,-1.460343417979082,-0.7645784097750374,-1.3151873703267334,-6.490572774759029,-6.477436637453233,-3.627575592267033,-3.896312003889984,-3.5093985419146803,-3.699179459004297,0.0018703241895261845,0.0018703241895261,-6.28164349975835,-6.281643499758395,-5.088977751824167
2025-13,2025,13,Belgian Grand Prix,Liam Lawson,lawson,RB F1 Team,9,0.0,0.3249487102180947,-0.2501329639430626,0.1673231901822433,-5.827107652853339,-5.822172097572807,-3.038620308398201,-2.827424453695282,-2.939629901154105,-2.6843719010576854,0.002119700748129676,0.004364089775561,-6.1564803568043445,-5.434345639371169,-4.491952405249814
2025-13,2025,13,Belgian Grand Prix,Charles Leclerc,leclerc,Ferrari,3,0.0,3.201269474828092,2.951696558712182,3.306083517353568,-2.212995166212085,-2.1731009759986595,0.3693506962500485,0.5664912706774541,0.3573182038268816,0.5378298427084721,0.11359102244389027,0.1278054862842892,-2.175150803600602,-2.057245809288052,-0.804329766461574
2025-13,2025,13,Belgian Grand Prix,Max Verstappen,max_verstappen,Red Bull,4,0.0,2.6119225443576277,2.739774366757397,3.2386850720248472,-1.2481586722091094,-1.1098324701148308,0.7458078472741438,1.064426300955008,0.721511352472387,1.0105720240539218,0.06521197007481297,0.0669576059850373,-2.7301122367956374,-2.703695606351697,-0.8328429679203148
2025-13,2025,13,Belgian Grand Prix,Lando Norris,norris,McLaren,1,0.0,4.760876421764943,4.805996916447573,5.956232935119852,-0.1229835264201534,-0.0985688672076777,2.34150669501371,2.928832033956087,2.265226450106649,2.780648800216065,0.4128428927680798,0.3647132169576059,-0.8846881633133139,-1.0086439411946035,1.0220719353213865
2025-13,2025,13,Belgian Grand Prix,Esteban Ocon,ocon,Haas F1 Team,11,0.0,-0.4279325076338371,-1.0149353195350197,-0.3321277265001285,-6.292857763078187,-6.270572093895727,-3.653896541306604,-3.301349910197928,-3.5348620223665246,-3.134319264627013,0.002119700748129676,0.0038653366583541,-6.1564803568043445,-5.555706496375418,-4.728915133501136
2025-13,2025,13,Belgian Grand Prix,Oscar Piastri,piastri,McLaren,2,1.0,3.8874952093974224,4.663870301534084,5.210739923137059,-0.3232008508458119,-0.701334709007259,2.1703347253441363,2.2547026070649,2.099630821429576,2.140626716210332,0.3260598503740648,0.3250623441396508,-1.120674324361537,-1.1237382869270587,0.5670141413516816
2025-13,2025,13,Belgian Grand Prix,George Russell,russell,Mercedes,6,0.0,1.601027694292447,2.2616991613181265,1.5559642440435109,-2.517069214945594,-4.117389084647763,-0.1276850268137337,-1.2807124203021258,-0.1235253781836198,-1.215915222739712,0.027556109725685785,0.034788029925187,-3.5915309993428073,-3.3584819190391952,-2.4361217098224666
2025-13,2025,13,Belgian Grand Prix,Carlos Sainz,sainz,Williams,17,0.0,-2.408116820839622,0.8269302448023337,0.3559268873213941,-5.5560062453673655,-5.599822699697408,-2.364538000282516,-2.621947906188007,-2.287507454891508,-2.4892913677001998,0.0018703241895261845,0.0016209476309226,-6.28164349975835,-6.424744343399081,-4.451795702973179
2025-13,2025,13,Belgian Grand Prix,Lance Stroll,stroll,Aston Martin,16,0.0,-2.1000450806536524,-1.333107237471266,-2.2793935710987965,-6.179443563901398,-6.635980719307311,-3.756275400686332,-4.457687145203053,-3.633905642738215,-4.232152021126552,0.001371571072319202,0.0018703241895261,-6.59179842806219,-6.281643499758395,-5.524742786632622
2025-13,2025,13,Belgian Grand Prix,Yuki Tsunoda,tsunoda,Red Bull,7,0.0,1.1508926775255524,-0.4061846341241257,-0.1842556749562362,-4.616047830282226,-5.521932281977483,-2.511116232203176,-2.8530939784668594,-2.4293105463213203,-2.708742685189608,0.011097256857855361,0.0108478802992518,-4.50105733112842,-4.523785582205983,-3.6770756547976395
2025-14,2025,14,Hungarian Grand Prix,Alexander Albon,albon,Williams,19,0.0,-3.012042558862281,0.855425982843481,-1.0235182751716616,-4.985109124597917,-5.426471413561797,-2.0648415708772183,-3.224994844366729,-2.001817453735637,-3.0621295948084075,0.0013715710723192019,0.0018703241895261,-6.59179842806219,-6.281643499758395,-4.9083966362144595
2025-14,2025,14,Hungarian Grand Prix,Fernando Alonso,alonso,Aston Martin,5,0.0,2.089389474388923,-0.3776814317020892,0.7109619556950476,-5.586362560748992,-5.265572244971058,-2.9820219962255408,-2.2773051446380053,-2.891003243862352,-2.16229910940363,0.009351620947630921,0.0138403990024937,-4.67220558732425,-4.280163499548231,-3.474755365981127
2025-14,2025,14,Hungarian Grand Prix,Andrea Kimi Antonelli,antonelli,Mercedes,15,0.0,-1.7877496306072602,1.1030153203914017,-0.4466870111453963,-3.001310265894256,-4.708984802449752,-0.9491474727514272,-2.5778359067975742,-0.9201771234757156,-2.4476527875859744,0.00511221945137157,0.004862842892768,-5.276121634156253,-5.32613205473093,-3.9269787704769135
2025-14,2025,14,Hungarian Grand Prix,Oliver Bearman,bearman,Haas F1 Team,11,0.0,-0.4272176218304638,-1.410310969545837,-1.1084239837186525,-6.423610510495501,-6.405008872591552,-3.9169607400206687,-3.756716428155102,-3.7974053242445502,-3.5669987423547487,0.0023690773067331665,0.0036159600997506,-6.04525472169412,-5.622397870874092,-4.900985574924611
2025-14,2025,14,Hungarian Grand Prix,Gabriel Bortoleto,bortoleto,Sauber,7,0.0,1.1547901483763057,-0.7369263907002788,0.32968798180611,-6.293813947676295,-6.069399997717074,-3.515370169188287,-2.869856007955482,-3.408072299722776,-2.7249256010903204,0.006359102244389026,0.005860349127182,-5.0578680681362345,-5.139546099150509,-3.9638620380458582
2025-14,2025,14,Hungarian Grand Prix,Franco Colapinto,colapinto,Alpine F1 Team,14,0.0,-1.4626318489945052,-1.623726917828254,-1.8064935037815264,-6.364314296394574,-6.333977556391288,-3.994020607111414,-4.070235530086407,-3.872113131904228,-3.8646848370282174,0.0003740648379052368,0.0018703241895261,-7.891081412192451,-6.281643499758395,-5.980658471139429
2025-14,2025,14,Hungarian Grand Prix,Pierre Gasly,gasly,Alpine F1 Team,16,0.0,-2.104533068368654,-0.7282080625579295,-1.808249498644182,-6.213834663083212,-6.173436300918162,-3.4710213628205704,-3.990842899781172,-3.365077129588962,-3.78930160865128,0.0006234413965087281,0.0006234413965087,-7.38025578842646,-7.380255788426505,-5.685549344103816
2025-14,2025,14,Hungarian Grand Prix,Isack Hadjar,hadjar,RB F1 Team,10,0.0,-0.0575761120559734,-0.2638308125474272,-0.3299910933902836,-5.149304015993242,-5.441601382469685,-2.706567414270334,-2.885796237929984,-2.623956223090135,-2.740060834573945,0.0033665835411471313,0.004364089775561,-5.6938568348562315,-5.434345639371169,-4.289826536393107
2025-14,2025,14,Hungarian Grand Prix,Lewis Hamilton,hamilton,Ferrari,12,0.0,-0.7835717270024608,1.8279435415601388,0.7539932728350054,-3.2151076331002946,-4.910307635112968,-0.6935820457700779,-2.078157181138981,-0.6724121910381525,-1.9732083039279609,0.017830423940149623,0.0265586034912718,-4.026849070600653,-3.6284015351511356,-3.052503125869817
2025-14,2025,14,Hungarian Grand Prix,Nico Hülkenberg,hulkenberg,Sauber,18,0.0,-2.716066227965216,-0.5850095755916432,-1.816446809812056,-6.285450043765065,-6.367548820602296,-3.4352298096783542,-4.091997815207176,-3.330378023959296,-3.885348106439443,0.0016209476309226927,0.0023690773067331,-6.4247443433990234,-6.045254721694148,-5.2583710793030995
2025-14,2025,14,Hungarian Grand Prix,Liam Lawson,lawson,RB F1 Team,9,0.0,0.3274033127554472,-0.2867215455530556,0.0808335509762606,-5.919285493996471,-5.806324287400665,-3.103003519774763,-2.8627453682122024,-3.0082921094277006,-2.718174055290503,0.004613466334164588,0.0031172069825436,-5.378775788216336,-5.770817875992373,-4.120760578214269
2025-14,2025,14,Hungarian Grand Prix,Charles Leclerc,leclerc,Ferrari,1,0.0,4.764502650318402,2.849793750219338,4.68665015132721,-2.297252854743442,-0.760819391590218,0.2762704477379478,1.962915379868496,0.2678379842954395,1.863786321177884,0.20162094763092264,0.1861596009975062,-1.6013658412834535,-1.68115090332137,0.18077476929252123
2025-14,2025,14,Hungarian Grand Prix,Max Verstappen,max_verstappen,Red Bull,8,0.0,0.7303600000657717,2.7007373560925028,2.119665012490642,-1.8308227370520511,-2.9144541389162253,0.4349573095202258,-0.3973945632127915,0.4216813270848548,-0.377325766878489,0.02780548628428927,0.0330423940149625,-3.582521929400442,-3.409963874874341,-1.9899582463066166
2025-14,2025,14,Hungarian Grand Prix,Lando Norris,norris,McLaren,3,1.0,3.2064336522200207,4.567961190540375,4.365272920441626,-0.2604109140658268,-0.7204298503853018,2.153775138237274,1.822421535028162,2.088036546703965,1.7303875466262044,0.29314214463840393,0.2894014962593516,-1.2270976523204908,-1.2399402945861233,0.2976619413538356
2025-14,2025,14,Hungarian Grand Prix,Esteban Ocon,ocon,Haas F1 Team,17,0.0,-2.4137524444601466,-0.9832699103719252,-2.096376250931989,-6.394422267329467,-6.383457920275792,-3.688846088850696,-4.23991708560389,-3.57625330144269,-4.025797315626687,0.0013715710723192019,0.0011221945137157,-6.59179842806219,-6.79246912352435,-5.41585775683304
2025-14,2025,14,Hungarian Grand Prix,Oscar Piastri,piastri,McLaren,2,0.0,3.8922706116399297,4.46865583043855,4.960881257856546,-0.1241454809788638,-0.4473080144166029,2.172255174729843,2.256786621719972,2.105952526369553,2.1428167910430864,0.3592269326683291,0.3387780548628429,-1.0238009657760319,-1.0824100914342125,0.61649282797197
2025-14,2025,14,Hungarian Grand Prix,George Russell,russell,Mercedes,4,0.0,2.6170818856511326,1.975492472405016,2.220318845329687,-2.774561134176053,-3.22740437607966,-0.3995343308855186,-0.5035427653749864,-0.3873395461490242,-0.4781133857623848,0.05423940149625934,0.0657107231920199,-2.9143476697718764,-2.7224931523191986,-1.7089452175734314
2025-14,2025,14,Hungarian Grand Prix,Carlos Sainz,sainz,Williams,13,0.0,-1.1282690908773612,0.7271589984920386,0.0650086285852775,-5.629789693998469,-5.879625956845287,-2.4513153477532152,-2.9073086641300048,-2.376495086573505,-2.7604868631731163,0.003865336658354114,0.0051122194513715,-5.555706496375414,-5.276121634156266,-4.23150758025271
2025-14,2025,14,Hungarian Grand Prix,Lance Stroll,stroll,Aston Martin,6,0.0,1.6054956087094046,-1.4219152811395877,-0.1734325092047247,-6.259461243235306,-5.37995052924477,-3.8406882621874474,-2.776691519224747,-3.723460872757484,-2.636466005991775,0.004364089775561096,0.0091022443890274,-5.434345639371147,-4.699234259712172,-4.1055185792979465
2025-14,2025,14,Hungarian Grand Prix,Yuki Tsunoda,tsunoda,Red Bull,20,0.0,-3.302175699121489,-0.3680056915944943,-1.9983384202772985,-4.340360996795916,-5.535348997418736,-2.354183344195205,-3.766843708848017,-2.2823277941375384,-3.576614585920786,0.0013715710723192019,0.0026184538653366,-6.59179842806219,-5.945171263137159,-5.179321068455104
2025-15,2025,15,Dutch Grand Prix,Alexander Albon,albon,Williams,15,0.0,-1.789170171161301,0.5339097358549132,-0.3736934429854945,-5.288891234604779,-5.448870218602233,-2.3774907493749327,-2.911281830793864,-2.3104943811084357,-2.765400798405863,0.008852867830423942,0.005860349127182,-4.727013823819244,-5.139546099150509,-3.819147827306554
2025-15,2025,15,Dutch Grand Prix,Fernando Alonso,alonso,Aston Martin,10,0.0,-0.0548985629687528,0.0690901950173611,-0.0516229657851651,-5.314704179436925,-5.855400527721689,-2.6228069922097816,-2.953511746753427,-2.548897748529978,-2.8055146211474224,0.015336658354114715,0.0178304239401496,-4.177509345488143,-4.026849070600655,-3.5655105461207848
2025-15,2025,15,Dutch Grand Prix,Andrea Kimi Antonelli,antonelli,Mercedes,11,0.0,-0.4251676098167443,1.3163018480295827,0.6751149133252655,-3.529023100970166,-4.914677330664296,-1.1063606264702917,-2.119781208669515,-1.0751839987647815,-2.013561375231724,0.015586034912718207,0.0143391521197007,-4.161379963558259,-4.244761572497313,-3.140580586113887
2025-15,2025,15,Dutch Grand Prix,Oliver Bearman,bearman,Haas F1 Team,20,0.0,-3.309449795706474,-1.2125329467148738,-2.572576940535852,-6.272659285969285,-6.465903331673324,-3.7425961163420793,-4.519240136104588,-3.6371318373541848,-4.292786135777023,0.0056109725685785546,0.0018703241895261,-5.18303121109024,-6.281643499758395,-4.851135673597414
2025-15,2025,15,Dutch Grand Prix,Gabriel Bortoleto,bortoleto,Sauber,13,0.0,-1.1277852306244016,-0.3949810697178446,-0.634972050218021,-6.201950926524713,-6.430881150986355,-3.2984659981212787,-3.532926600602188,-3.2055170590842907,-3.355895653479374,0.008354114713216959,0.005860349127182,-4.785001081469594,-5.139546099150509,-4.158963841035892
2025-15,2025,15,Dutch Grand Prix,Franco Colapinto,colapinto,Alpine F1 Team,16,0.0,-2.107011234828423,-2.2716128635422086,-2.952370498148865,-6.04232067125796,-6.462473901918666,-4.156966767400084,-4.707422200033766,-4.0398257537101046,-4.471538609800985,0.0033665835411471326,0.0018703241895261,-5.693856834856231,-6.281643499758395,-5.200639517444998
2025-15,2025,15,Dutch Grand Prix,Pierre Gasly,gasly,Alpine F1 Team,14,0.0,-1.4630625774710166,-1.5555362832168582,-2.166294979745178,-5.921616963521989,-6.379932596407948,-3.7385766233694233,-4.273113788076563,-3.63322561146007,-4.058992900046279,0.004364089775561098,0.0036159600997506,-5.434345639371147,-5.622397870874092,-4.853729713723855
2025-15,2025,15,Dutch Grand Prix,Isack Hadjar,hadjar,RB F1 Team,4,0.0,2.619807752349713,0.0761326142027776,1.2849856709274232,-5.127231855234183,-4.6106177414693175,-2.525549620515702,-1.6628160352709471,-2.4543810355292552,-1.579494208668367,0.018827930174563596,0.0275561097256857,-3.9724138640456355,-3.5915309993428104,-2.8176149496582914
2025-15,2025,15,Dutch Grand Prix,Lewis Hamilton,hamilton,Ferrari,7,0.0,1.158508637173099,1.7690580319307037,1.7665005828063784,-3.4135167763243555,-4.9975957778992175,-0.8222293721968259,-1.6155475975464195,-0.7990594053594313,-1.5345943387759484,0.03902743142144639,0.0532418952618453,-3.243490510320407,-2.932909687631937,-2.4295190539334133
2025-15,2025,15,Dutch Grand Prix,Nico Hülkenberg,hulkenberg,Sauber,17,0.0,-2.417349783119835,-0.5860840146118079,-1.53611696785503,-6.398546677579274,-6.567973643372475,-3.492315346095541,-4.052045305613753,-3.3939038401448784,-3.849001908642221,0.004862842892768081,0.0033665835411471,-5.3261320547309134,-5.69385683485624,-4.689088680172333
2025-15,2025,15,Dutch Grand Prix,Liam Lawson,lawson,RB F1 Team,8,0.0,0.7338967490092395,0.1506488941007546,0.7042947126203766,-5.551788987505408,-5.599067191539262,-2.700570046702327,-2.4473862394594423,-2.624469483355904,-2.3247504892932778,0.010598503740648382,0.0125935162094763,-4.547042444370243,-4.374573184019302,-3.4972143419148427
2025-15,2025,15,Dutch Grand Prix,Charles Leclerc,leclerc,Ferrari,6,0.0,1.6091820437451556,2.90113300668238,2.719288668457197,-2.4892040503393917,-3.644614269069641,0.2059644781714942,-0.4626628003062221,0.2001605136206238,-0.4394792918453491,0.05822942643391522,0.0709476309226932,-2.8433644431916627,-2.6458132667342302,-1.6530136217489424
2025-15,2025,15,Dutch Grand Prix,Max Verstappen,max_verstappen,Red Bull,3,0.0,3.2079993455408093,2.1641199222120107,2.701265258888224,-2.4050564969767025,-2.5424667619841466,-0.1204682873823459,0.0793992484520385,-0.1170735579820217,0.075420642117022,0.08366583541147134,0.104862842892768,-2.480924563888878,-2.255102040887613,-1.2007626577184198
2025-15,2025,15,Dutch Grand Prix,Lando Norris,norris,McLaren,2,0.0,3.8918910631470167,4.70518857359467,5.154973429172868,-0.0261914852772731,-0.0086339016024115,2.3394985441586984,2.573169763785228,2.273572775124855,2.444231143800017,0.28167082294264345,0.2634663341645885,-1.2670161843925567,-1.3338296832445036,0.6530767896963356
2025-15,2025,15,Dutch Grand Prix,Esteban Ocon,ocon,Haas F1 Team,18,0.0,-2.720838927371592,-1.1554972539907302,-2.334532949038789,-6.253256730226257,-6.465903331673324,-3.7043769921084935,-4.400218140356056,-3.5999897068050744,-4.179728197315223,0.004613466334164589,0.0016209476309226,-5.378775788216336,-6.424744343399081,-4.889496964286196
2025-15,2025,15,Dutch Grand Prix,Oscar Piastri,piastri,McLaren,1,1.0,4.76066122425649,4.563961097268822,5.747019775354347,-0.3187236310434284,0.301142511407691,2.122618733112697,3.024081143381019,2.0628045166450315,2.872547865305632,0.3569825436408978,0.321571072319202,-1.030068395762445,-1.1345366949792153,0.9970063738092869
2025-15,2025,15,Dutch Grand Prix,George Russell,russell,Mercedes,5,0.0,2.0927738124714512,2.4188519764686176,2.524106216875514,-2.614839273288573,-3.728384625779471,-0.0979936484099779,-0.6021392044519782,-0.0952322418478793,-0.5719666914861719,0.05249376558603492,0.0652119700748129,-2.9470608671781786,-2.7301122367956383,-1.7746000358150784
2025-15,2025,15,Dutch Grand Prix,Carlos Sainz,sainz,Williams,9,0.0,0.3305835993214089,0.497654207258797,0.7050153247198572,-5.479210612017721,-5.565297403219237,-2.4907782023794622,-2.4301410392496896,-2.4205894566353825,-2.3083694265173267,0.012094763092269329,0.0138403990024937,-4.414982722357177,-4.280163499548231,-3.4225618808034333
2025-15,2025,15,Dutch Grand Prix,Lance Stroll,stroll,Aston Martin,19,0.0,-3.018042184793051,-0.9433140838576196,-2.5656468362215805,-6.134530166225657,-6.431168973239466,-3.5389221250416383,-4.498407904730524,-3.439197265957295,-4.272997783902239,0.005361596009975063,0.0016209476309226,-5.228493585166998,-6.424744343399081,-4.863450744948761
2025-15,2025,15,Dutch Grand Prix,Yuki Tsunoda,tsunoda,Red Bull,12,0.0,-0.7822573673247022,-0.7750848764046849,-1.3428105317473915,-4.530726551426258,-5.672280004378383,-2.6529057139154717,-3.507545268062887,-2.578148304982333,-3.331786150742001,0.010099750623441399,0.0088528678304239,-4.5952445461881215,-4.72701382381925,-4.051394907125504
2025-16,2025,16,Italian Grand Prix,Alexander Albon,albon,Williams,14,0.0,-1.4654936051479623,0.2664261587731032,-0.4627256883508356,-5.048013039657735,-5.2833125678628186,-2.390793440442316,-2.873019128106827,-2.327717406744234,-2.735219052327739,0.004114713216957607,0.0041147132169576,-5.49318613939408,-5.493186139394082,-4.183102633750454
2025-16,2025,16,Italian Grand Prix,Fernando Alonso,alonso,Aston Martin,8,0.0,0.7331040718981096,0.666323226433376,0.8603486996365244,-5.279951934697033,-5.603232640442205,-2.3068143541318284,-2.3714419704028407,-2.2459539311964543,-2.257699294612667,0.01408977556109726,0.0133416458852867,-4.26230588214822,-4.31686486639866,-3.3168739262755302
2025-16,2025,16,Italian Grand Prix,Andrea Kimi Antonelli,antonelli,Mercedes,6,0.0,1.6096823587218931,0.821754606625364,1.1376545758243095,-3.4292412264838097,-4.225451512965584,-1.3037433099292228,-1.5438984685706374,-1.269346797223579,-1.4698476821060018,0.032044887780548634,0.0327930174563591,-3.44061761596534,-3.417539668682796,-2.4922580422679887
2025-16,2025,16,Italian Grand Prix,Oliver Bearman,bearman,Haas F1 Team,11,0.0,-0.4270959665598529,-0.9361704549014538,-0.5767603096281017,-6.246366231536753,-6.438420586110847,-3.591268343219104,-3.5075904478694744,-3.496520315554349,-3.3393541055528395,0.0023690773067331673,0.0038653366583541,-6.0452547216941195,-5.555706496375418,-4.7764225847817965
2025-16,2025,16,Italian Grand Prix,Gabriel Bortoleto,bortoleto,Sauber,7,0.0,1.1582943812906392,-0.6685169894998563,0.2310598545489117,-6.211676928566559,-6.156538613383969,-3.440096959033208,-2.9627393794175285,-3.349337268947852,-2.8206360056518096,0.007107231920199503,0.0086034912718204,-4.9466424330260095,-4.755587196263306,-3.954690906221769
2025-16,2025,16,Italian Grand Prix,Franco Colapinto,colapinto,Alpine F1 Team,17,0.0,-2.419846701120682,-1.7329967952628265,-2.6203822877863776,-6.0420445523028885,-6.335281613940772,-3.887520673782858,-4.477831950863575,-3.784956654293097,-4.263059422508838,0.001870324189526185,0.0013715710723192,-6.28164349975835,-6.591798428062191,-5.379737725310962
2025-16,2025,16,Italian Grand Prix,Pierre Gasly,gasly,Alpine F1 Team,20,0.0,-3.311687727973492,-1.1164402700619087,-2.675690805488226,-5.918319369993377,-6.281678853444964,-3.5173798200276427,-4.478684829466594,-3.4245811849368715,-4.263871394062205,0.0013715710723192023,0.0003740648379052,-6.591798428062189,-7.891081412192549,-5.535241628764392
2025-16,2025,16,Italian Grand Prix,Isack Hadjar,hadjar,RB F1 Team,19,0.0,-3.020397576740874,0.7656969018661259,-0.8321421637573551,-5.159344904678306,-5.698747796011581,-2.1968240014060902,-3.265444979884468,-2.138865441541625,-3.108822783645546,0.0016209476309226936,0.0018703241895261,-6.4247443433990234,-6.281643499758395,-4.845094661641745
2025-16,2025,16,Italian Grand Prix,Lewis Hamilton,hamilton,Ferrari,10,0.0,-0.0565323943656579,1.2538664524699263,1.1682970910699295,-3.808329719445833,-4.530539326062828,-1.2772316334879534,-1.681121117496449,-1.2435345753517903,-1.600488651419731,0.016832917705735664,0.0188279301745635,-4.084418922422131,-3.972413864045641,-2.88277001995929
2025-16,2025,16,Italian Grand Prix,Nico Hülkenberg,hulkenberg,Sauber,12,0.0,-0.7844113986530514,-0.8482645990481965,-0.7652062039660783,-6.398902359421474,-6.493133050963151,-3.623583479234835,-3.629169627464615,-3.5279828849811787,-3.455101921201437,0.002618453865336659,0.0026184538653366,-5.945171263137137,-5.945171263137159,-4.787170445300876
2025-16,2025,16,Italian Grand Prix,Liam Lawson,lawson,RB F1 Team,18,0.0,-2.7232815015958733,0.4531835897988475,-1.207989543443798,-5.642730033274296,-6.231445094052323,-2.594773221737724,-3.719717318748061,-2.526315612475199,-3.541306627574545,0.00286783042394015,0.0013715710723192,-5.85419948493141,-6.591798428062191,-4.786958401839735
2025-16,2025,16,Italian Grand Prix,Charles Leclerc,leclerc,Ferrari,4,0.0,2.622308099850524,2.3192740838262744,2.6033135019469933,-2.987296913971857,-3.1748170080680502,-0.3340114150727915,-0.2857517530605284,-0.3251992295797706,-0.2720460965821132,0.09488778054862845,0.1011221945137157,-2.355060342998874,-2.2914256467451475,-1.3204060480297013
2025-16,2025,16,Italian Grand Prix,Max Verstappen,max_verstappen,Red Bull,1,1.0,4.769426278136967,2.8672077638213382,4.774862208195552,-2.4314010517845954,-0.2020887830473667,0.2179033560183714,2.286386712574093,0.2121544363523558,2.176723585318612,0.150997506234414,0.1450124688279301,-1.8904919573074677,-1.9309355483418964,0.1979473776333126
2025-16,2025,16,Italian Grand Prix,Lando Norris,norris,McLaren,2,0.0,3.8977573404070265,4.613909035082957,5.040510509508995,-0.4950419443797784,-0.9378890930361756,2.059433545351589,2.05131070823641,2.005099742393888,1.9529226507828217,0.33877805486284296,0.3250623441396508,-1.0824100914342123,-1.1237382869270587,0.4844503084010988
2025-16,2025,16,Italian Grand Prix,Esteban Ocon,ocon,Haas F1 Team,15,0.0,-1.7916650175373254,-0.9244301355772944,-1.4453220521509835,-6.270760734937189,-6.479627716509905,-3.597595435257242,-3.9624748843304447,-3.502680480636834,-3.77242068873124,0.001870324189526185,0.0016209476309226,-6.28164349975835,-6.424744343399081,-5.122059192044397
2025-16,2025,16,Italian Grand Prix,Oscar Piastri,piastri,McLaren,3,0.0,3.2119326813777125,4.782288671979667,4.504042222169271,-0.1552065788239644,-0.8719988004652207,2.313541046577851,1.816021710852025,2.252503154074331,1.7289189390940174,0.25324189526184543,0.2619700748129676,-1.3734101392801754,-1.3395250000155599,0.22130578578592475
2025-16,2025,16,Italian Grand Prix,George Russell,russell,Mercedes,5,0.0,2.094160669210026,2.108763313211174,2.1420731948501053,-2.78866731728216,-3.67884329516382,-0.3399520020354929,-0.7683850501568574,-0.3309830867066329,-0.731530607698305,0.056483790523690784,0.063216957605985,-2.873801575377526,-2.7611826972693776,-1.8210933127671916
2025-16,2025,16,Italian Grand Prix,Carlos Sainz,sainz,Williams,13,0.0,-1.130104535313474,0.1547558865494444,-0.464500890723725,-5.313342472321381,-5.567052777160813,-2.579293292885968,-3.0157768339422693,-2.5112440888404644,-2.8711295978050333,0.0056109725685785546,0.0031172069825436,-5.18303121109024,-5.770817875992373,-4.0994040225162545
2025-16,2025,16,Italian Grand Prix,Lance Stroll,stroll,Aston Martin,16,0.0,-2.1095267141999625,-0.4340513319630418,-1.4018462801733578,-5.980150274240091,-6.43555782348284,-3.207100803101566,-3.918702051828099,-3.1224882243201253,-3.7307473548284262,0.0006234413965087283,0.0008728179551122,-7.380255788426459,-7.043783551805269,-5.6494789201272795
2025-16,2025,16,Italian Grand Prix,Yuki Tsunoda,tsunoda,Red Bull,9,0.0,0.3293237690715477,-0.1549867233949856,-0.1918640754328395,-4.635447686018797,-5.453948678381241,-2.395217204706892,-2.8229063769070404,-2.332024459335144,-2.6875098844683034,0.010598503740648382,0.0088528678304239,-4.547042444370243,-4.72701382381925,-3.6849744106386417
2025-17,2025,17,Azerbaijan Grand Prix,Alexander Albon,albon,Williams,19,0.0,-3.022741754775314,0.7584730268460422,-1.094697516846439,-5.1204712287033045,-5.453108296200773,-2.180999100928631,-3.273902906523606,-2.111594400321053,-3.123465668043251,0.005610972568578554,0.0041147132169576,-5.18303121109024,-5.493186139394082,-4.228467058806923
2025-17,2025,17,Azerbaijan Grand Prix,Fernando Alonso,alonso,Aston Martin,11,0.0,-0.4290148828944834,0.0743339292810832,-0.2315555118991855,-5.509857117999807,-5.765592866838848,-2.7177615943593616,-2.9985741893690165,-2.631275804567439,-2.8607884231728704,0.012593516209476309,0.0128428927680798,-4.374573184019301,-4.354964712630925,-3.6865736866941585
2025-17,2025,17,Azerbaijan Grand Prix,Andrea Kimi Antonelli,antonelli,Mercedes,4,0.0,2.6247978282704576,1.177935376653199,2.000905200436302,-3.20936459182634,-3.234880627628012,-1.0157146075865704,-0.616987713595855,-0.9833920962144777,-0.588636864331291,0.08092269326683292,0.0739401496259351,-2.5142609841564703,-2.6044993018628353,-1.5656243488761628
2025-17,2025,17,Azerbaijan Grand Prix,Oliver Bearman,bearman,Haas F1 Team,15,0.0,-1.794147925750513,-1.0652942073791682,-1.6108451317791508,-6.03290208625823,-6.350017952062509,-3.5490981468186997,-3.98043154192083,-3.4361572042011703,-3.7975290105313104,0.0028678304239401495,0.0033665835411471,-5.854199484931411,-5.69385683485624,-4.917315513426121
2025-17,2025,17,Azerbaijan Grand Prix,Gabriel Bortoleto,bortoleto,Sauber,13,0.0,-1.1324126591483457,-0.8285894743101792,-1.2258208405436453,-6.09998445243093,-6.18823395985946,-3.4642869633705544,-3.707027400201552,-3.3540449190665957,-3.5366879060320384,0.00685785536159601,0.0046134663341645,-4.9823605156280895,-5.3787757882163545,-4.344693957914821
2025-17,2025,17,Azerbaijan Grand Prix,Franco Colapinto,colapinto,Alpine F1 Team,16,0.0,-2.112030183178629,-2.1192771434288007,-2.7206877834568544,-6.344480571435067,-6.545986994239013,-4.2318788574319335,-4.633337388847933,-4.097210170506503,-4.420433554608634,0.0036159600997506237,0.0016209476309226,-5.622397870874086,-6.424744343399081,-5.12786762986101
2025-17,2025,17,Azerbaijan Grand Prix,Pierre Gasly,gasly,Alpine F1 Team,18,0.0,-2.7257124420564347,-1.4874767511712317,-2.766312249276991,-6.005432079347925,-6.321292883820582,-3.7464544152595782,-4.543802566548786,-3.6272331157549993,-4.335012895679351,0.002369077306733167,0.0028678304239401,-6.0452547216941195,-5.854199484931428,-5.294528644121453
2025-17,2025,17,Azerbaijan Grand Prix,Isack Hadjar,hadjar,RB F1 Team,8,0.0,0.7323157176562266,0.4702337741344319,0.8459637603022354,-5.189386671484842,-5.343325696443822,-2.359576448675205,-2.248680968070793,-2.2844889821506813,-2.1453531160487214,0.020074812967581047,0.0215710723192019,-3.908289335876097,-3.836402106362786,-3.078485151973445
2025-17,2025,17,Azerbaijan Grand Prix,Lewis Hamilton,hamilton,Ferrari,12,0.0,-0.7865549815112534,1.7067608169914563,0.6811300560308186,-3.823657845447225,-5.23778935562033,-1.058448514227884,-2.278329649794756,-1.0247661059191215,-2.1736394281696487,0.02630922693266833,0.0350374064837905,-3.6378355673844935,-3.3513390315268152,-2.958082608589625
2025-17,2025,17,Azerbaijan Grand Prix,Nico Hülkenberg,hulkenberg,Sauber,17,0.0,-2.422331715385878,-1.0534116587661904,-2.0956537992978967,-5.973963910043735,-6.182768073126507,-3.5136877844049628,-4.139210936212201,-3.401873685719045,-3.949012423760696,0.004364089775561097,0.0041147132169576,-5.434345639371147,-5.493186139394082,-4.786778287791674
2025-17,2025,17,Azerbaijan Grand Prix,Liam Lawson,lawson,RB F1 Team,3,0.0,3.2158488797636435,0.1234028595604886,1.8347590760193,-5.810658668634615,-4.221458941896529,-2.843627904537063,-1.1933499329386146,-2.753136742358355,-1.138514993241936,0.04700748129675811,0.033291770573566,-3.0574485134125493,-3.402445042460313,-2.125399223175582
2025-17,2025,17,Azerbaijan Grand Prix,Charles Leclerc,leclerc,Ferrari,10,0.0,-0.0581581076579534,2.7748916291909507,1.7795903574145917,-2.567291510361424,-3.9978846654862177,0.1038000594147632,-1.109147154035813,0.1004968888432288,-1.058181368034948,0.05224438902743142,0.0677057356608478,-2.9518227809384223,-2.692584380926626,-2.0304849674871175
2025-17,2025,17,Azerbaijan Grand Prix,Max Verstappen,max_verstappen,Red Bull,1,1.0,4.778152185973496,3.2992721143132235,4.964749043735703,-1.8563629124570136,-0.1721978197283084,0.721454600928105,2.396275612003697,0.6984961592863569,2.286165722981226,0.26820448877805486,0.2086034912718204,-1.31600557159283,-1.5673199998737364,0.5401350202054336
2025-17,2025,17,Azerbaijan Grand Prix,Lando Norris,norris,McLaren,7,0.0,1.1580818302425424,4.551174388915394,3.631602056035203,-0.8762411676469385,-2.567910140029152,1.837466610634228,0.5318459580030257,1.7789939501305208,0.5074074088146895,0.1672069825436409,0.1938902743142144,-1.7885228175788817,-1.640462876247226,-0.628338429787928
2025-17,2025,17,Azerbaijan Grand Prix,Esteban Ocon,ocon,Haas F1 Team,20,0.0,-3.31391500436676,-1.0791080830640976,-2.655010136769264,-6.013893214108257,-6.311561453607194,-3.546500648586177,-4.483285795188229,-3.433642364685509,-4.2772768958398695,0.0026184538653366584,0.0031172069825436,-5.945171263137137,-5.770817875992373,-5.214228529162683
2025-17,2025,17,Azerbaijan Grand Prix,Oscar Piastri,piastri,McLaren,9,0.0,0.3280703718864159,4.615984198474395,3.252501414105544,-0.4915243015557202,-2.400206091442514,2.0622299484593376,0.4261476613315151,1.9966047714036204,0.4065659940719786,0.10760598503740648,0.1584788029925187,-2.2292790097771324,-1.8421344296711062,-0.9015656742228086
2025-17,2025,17,Azerbaijan Grand Prix,George Russell,russell,Mercedes,5,0.0,2.095541967016894,2.444493653522308,2.582022508163905,-2.6262388385305835,-3.6609798222992938,-0.0908725925041378,-0.5394786570676944,-0.0879808053990909,-0.5146893820935835,0.08915211970074813,0.0871571072319202,-2.4174111581665527,-2.44004295862675,-1.4784449076171235
2025-17,2025,17,Azerbaijan Grand Prix,Carlos Sainz,sainz,Williams,2,0.0,3.9035976800068815,0.6585425876837667,2.590609069297965,-5.508737675779081,-3.373182273011105,-2.4250975440476568,-0.3912866018565701,-2.347925036770081,-0.3733068151865465,0.06920199501246883,0.0587281795511221,-2.6707255871141258,-2.8348356068441443,-1.5310060944853479
2025-17,2025,17,Azerbaijan Grand Prix,Lance Stroll,stroll,Aston Martin,14,0.0,-1.4679129639962538,-1.1338382409436594,-1.6239637683242432,-5.944965563959028,-6.057806348974075,-3.539401902451344,-3.840885058649159,-3.426769517933196,-3.66439474783625,0.00486284289276808,0.0046134663341645,-5.3261320547309134,-5.3787757882163545,-4.583508556690036
2025-17,2025,17,Azerbaijan Grand Prix,Yuki Tsunoda,tsunoda,Red Bull,6,0.0,1.6101811390967071,-0.082370034939322,0.4311682045935361,-4.42268107663003,-4.999831645095766,-2.252525555784676,-2.284331720251114,-2.1808447092664043,-2.179365700922044,0.02630922693266833,0.0203241895261845,-3.6378355673844935,-3.8959435000537996,-2.961083643817804
2025-18,2025,18,Singapore Grand Prix,Alexander Albon,albon,Williams,20,0.0,-3.316131552009239,1.0244598586179352,-0.7666380443435956,-5.4121732625505725,-6.062695869747016,-2.1938567019663187,-3.414666957045306,-2.119132489713038,-3.2714173771927126,0.002369077306733167,0.0003740648379052,-6.0452547216941195,-7.891081412192549,-4.729960839369713
2025-18,2025,18,Singapore Grand Prix,Fernando Alonso,alonso,Aston Martin,10,0.0,-0.0597757056113965,0.3560976549104105,0.0469814399435494,-5.548985847924663,-5.552165018711076,-2.5964440965071263,-2.752591789383763,-2.508007490963436,-2.637117096743133,0.008104738154613466,0.0041147132169576,-4.815306430964923,-5.493186139394082,-3.783949110174343
2025-18,2025,18,Singapore Grand Prix,Andrea Kimi Antonelli,antonelli,Mercedes,4,0.0,2.627276831290689,1.932541615333318,2.6254821786300875,-3.0000906997120054,-3.3268101661650844,-0.5337745421893436,-0.3506639937674984,-0.515593827765195,-0.3359531975438771,0.06620947630922694,0.0687032418952618,-2.7149316796186214,-2.6779588917076462,-1.53279783669306
2025-18,2025,18,Singapore Grand Prix,Oliver Bearman,bearman,Haas F1 Team,9,0.0,0.3268233925997796,-0.8674287451341293,-0.3235368060129249,-5.945985420423131,-6.05420896482672,-3.40670708277863,-3.1888728854198223,-3.290672383287937,-3.0550956512748595,0.006109725685785536,0.0023690773067331,-5.097873402749934,-6.045254721694148,-4.143373144084878
2025-18,2025,18,Singapore Grand Prix,Gabriel Bortoleto,bortoleto,Sauber,14,0.0,-1.4703206179567538,-0.4753735015473186,-1.147217852286455,-6.028343961861823,-6.0836636106151865,-3.25185873170457,-3.61544073145082,-3.14109826960703,-3.463768438873734,0.001371571072319202,0.0008728179551122,-6.59179842806219,-7.043783551805269,-5.103619579756505
2025-18,2025,18,Singapore Grand Prix,Franco Colapinto,colapinto,Alpine F1 Team,16,0.0,-2.114521591137602,-1.9950879420663328,-2.6584756799063163,-6.284371823133556,-6.509969246032951,-4.139729882599944,-4.584222462969634,-3.998727941068671,-4.39190855650906,0.0008728179551122195,0.0001246882793017,-7.043783551805247,-8.989693700860926,-5.8140030073874405
2025-18,2025,18,Singapore Grand Prix,Pierre Gasly,gasly,Alpine F1 Team,19,0.0,-3.0250746508405078,-1.3723490987322178,-2.7823839547910034,-5.942521920844522,-6.2618324334265125,-3.6574355097883697,-4.522108194108758,-3.532860834017086,-4.332400059464031,0.001371571072319202,0.0006234413965087,-6.59179842806219,-7.380255788426505,-5.556953311085474
2025-18,2025,18,Singapore Grand Prix,Isack Hadjar,hadjar,RB F1 Team,8,0.0,0.7315316572802915,0.9768319848028602,1.170880157853131,-5.112154735242981,-5.584116008241668,-2.06766137522006,-2.2066179251942684,-1.99723545937452,-2.1140475238474856,0.013591022443890275,0.0115960099750623,-4.298345818631416,-4.457094207707308,-3.2524818719128423
2025-18,2025,18,Singapore Grand Prix,Lewis Hamilton,hamilton,Ferrari,6,0.0,1.610678322660521,1.7343143229750368,1.876970168125014,-3.935611353744367,-4.699166720955649,-1.100648515384665,-1.4110982764153177,-1.0631596979946565,-1.3519009263457449,0.04825436408977556,0.0552369077306733,-3.0312690078307782,-2.896123930815425,-2.221183642123048
2025-18,2025,18,Singapore Grand Prix,Nico Hülkenberg,hulkenberg,Sauber,11,0.0,-0.4309243504115911,-0.8168834216047994,-0.7304643621284741,-5.97529074759727,-6.15568898013513,-3.3960870846010347,-3.443076671131802,-3.2804141092818617,-3.298635267989319,0.003366583541147132,0.0021197007481296,-5.6938568348562315,-6.15648035680438,-4.568466752994016
2025-18,2025,18,Singapore Grand Prix,Liam Lawson,lawson,RB F1 Team,12,0.0,-0.7886880973772771,0.7899391383938262,0.372800568901473,-5.789112810537112,-6.022746049121287,-2.499586836071643,-2.824972740109907,-2.414449252966641,-2.7064615754176,0.005112219451371571,0.0033665835411471,-5.276121634156253,-5.69385683485624,-4.05054718713308
2025-18,2025,18,Singapore Grand Prix,Charles Leclerc,leclerc,Ferrari,7,0.0,1.157870939472468,2.711176085558939,2.289347142871038,-2.8409596574228546,-4.461800500395565,-0.0648917859319577,-1.0862266787622636,-0.0626815287254921,-1.0406581014120395,0.04451371571072319,0.0512468827930174,-3.111957919080921,-2.9711004863643264,-2.099092298921592
2025-18,2025,18,Singapore Grand Prix,Max Verstappen,max_verstappen,Red Bull,2,0.0,3.909411910453164,3.71273078280608,4.310395814909914,-1.7742458206693037,-1.4459563861261742,0.969242481068388,1.43221971439187,0.9362294402369898,1.372136293395298,0.17817955112219452,0.178927680798005,-1.7249635229306928,-1.7207735726668387,-0.14637190426941138
2025-18,2025,18,Singapore Grand Prix,Lando Norris,norris,McLaren,5,0.0,2.096917623378106,4.380429817279278,4.019123047773306,-1.172357135371834,-2.565632905883766,1.6040363409537222,0.7267450709447698,1.5494018008326775,0.6962571998339474,0.13977556109725686,0.1559850374064837,-1.9677172777884002,-1.8579951903936496,-0.6204861034218152
2025-18,2025,18,Singapore Grand Prix,Esteban Ocon,ocon,Haas F1 Team,17,0.0,-2.4248047689422187,-0.9099865240618222,-2.022861013480702,-5.982515023766968,-6.157054121615989,-3.4462507739143957,-4.089957567548345,-3.328869190113957,-3.918378696010841,0.0003740648379052369,0.0011221945137157,-7.891081412192451,-6.79246912352435,-5.9905194898703975
2025-18,2025,18,Singapore Grand Prix,Oscar Piastri,piastri,McLaren,3,0.0,3.219747805647615,4.389015667561545,4.4855121298049285,-1.0045733246837198,-1.6651025306730205,1.6922211714389128,1.410204799565954,1.63458299758701,1.351044931975607,0.26645885286783044,0.2699501246882793,-1.3225354455414124,-1.30951806042397,0.04383467701227073
2025-18,2025,18,Singapore Grand Prix,George Russell,russell,Mercedes,1,1.0,4.786838724935125,3.264840678456504,5.11709842387045,-2.4742861484216028,-0.5457690243245853,0.3952772650174505,2.2856646997729326,0.3818138595800822,2.189778186667803,0.20511221945137156,0.1876558603491271,-1.584198037661088,-1.6731455236775845,0.3507333310559223
2025-18,2025,18,Singapore Grand Prix,Carlos Sainz,sainz,Williams,18,0.0,-2.728131685985524,1.279172558965552,-0.652794814065978,-5.128829286549115,-5.778754732098877,-1.9248283637917811,-3.2157747730824275,-1.859267434913337,-3.080868970865267,0.002119700748129676,0.0011221945137157,-6.1564803568043445,-6.79246912352435,-4.686127564943386
2025-18,2025,18,Singapore Grand Prix,Lance Stroll,stroll,Aston Martin,15,0.0,-1.79661885212488,-0.927077627737538,-1.8015114963907877,-5.862361026231836,-6.099324657894604,-3.394719326984687,-3.950418077142696,-3.279092938395788,-3.7846930629871576,0.0018703241895261845,0.0008728179551122,-6.28164349975835,-7.043783551805269,-5.116030788450523
2025-18,2025,18,Singapore Grand Prix,Yuki Tsunoda,tsunoda,Red Bull,13,0.0,-1.1347095744255062,0.359071464644307,-0.9122775640564366,-3.9457649820304166,-5.395108233090991,-1.7933467586930547,-3.153692898573714,-1.7322641803641217,-3.021391509188524,0.00486284289276808,0.0036159600997506,-5.3261320547309134,-5.622397870874092,-4.2399124766523135
2025-19,2025,19,United States Grand Prix,Alexander Albon,albon,Williams,18,0.0,-2.7305394838783883,0.4684181260041892,-0.2437643076371219,-5.890469585870697,-6.182503877593208,-2.711025729933254,-3.2131340926151646,-2.612907061747418,-3.0885147244812825,0.0018703241895261845,0.0021197007481296,-6.28164349975835,-6.15648035680438,-4.747388796186757
2025-19,2025,19,United States Grand Prix,Fernando Alonso,alonso,Aston Martin,10,0.0,-0.0613851934861063,0.575030149248245,-0.5070457224780095,-5.3088214987218185,-5.764615312983631,-2.366895674736787,-3.1358305177308203,-2.281231917002659,-3.0142093197258224,0.0046134663341645885,0.004364089775561,-5.378775788216336,-5.434345639371169,-4.257303152973578
2025-19,2025,19,United States Grand Prix,Andrea Kimi Antonelli,antonelli,Mercedes,7,0.0,1.1576618005677242,2.099217039458882,1.7381507753672705,-2.912035976231743,-4.484816679546142,-0.4064094683864305,-1.3733329520894362,-0.3917005132718024,-1.320069104458499,0.027805486284289277,0.0322942643391521,-3.5825219294004413,-3.4328656391610233,-2.4779274407449385
2025-19,2025,19,United States Grand Prix,Oliver Bearman,bearman,Haas F1 Team,8,0.0,0.7307519496147146,-0.7848738604229966,-0.6030240729734077,-6.12723255114368,-6.307943134823947,-3.456053205783338,-3.4554836038986774,-3.330970166553313,-3.3214648636585644,0.004364089775561097,0.004364089775561,-5.434345639371147,-5.434345639371169,-4.444914621634912
2025-19,2025,19,United States Grand Prix,Gabriel Bortoleto,bortoleto,Sauber,16,0.0,-2.1170011284669803,-0.8534426948780554,-1.490077632578645,-6.054892190326896,-6.373456339772358,-3.4541674426024755,-3.931766986175501,-3.329152653765568,-3.779275896994701,0.0003740648379052369,0.0008728179551122,-7.891081412192451,-7.043783551805269,-5.911424199183976
2025-19,2025,19,United States Grand Prix,Franco Colapinto,colapinto,Alpine F1 Team,15,0.0,-1.7990779567481798,-2.3961571694520205,-2.7256731917797845,-6.409615028877492,-6.591984905040627,-4.402886099164756,-4.658829048410206,-4.24353485603413,-4.478139318220913,0.0006234413965087282,0.0006234413965087,-7.38025578842646,-7.380255788426505,-6.019542418418333
2025-19,2025,19,United States Grand Prix,Pierre Gasly,gasly,Alpine F1 Team,14,0.0,-1.4727166966259144,-1.7892806825914278,-1.9690966816281408,-6.0570930877662565,-6.360752053135007,-3.923186885178842,-4.164924367381574,-3.781197132751312,-4.003390417030295,0.0003740648379052369,0.0001246882793017,-7.891081412192451,-8.989693700860926,-6.028002889787013
2025-19,2025,19,United States Grand Prix,Isack Hadjar,hadjar,RB F1 Team,20,0.0,-3.318337680924924,0.6813137624568164,-1.0067483751990145,-5.0988116170545466,-5.923644136304467,-2.208748927298865,-3.4651962557517404,-2.1288088881061,-3.330800816468903,0.0011221945137157108,0.0008728179551122,-6.792469123524341,-7.043783551805269,-5.12883268963804
2025-19,2025,19,United States Grand Prix,Lewis Hamilton,hamilton,Ferrari,5,0.0,2.0982877973106264,1.983189182286356,2.4528372446349342,-4.00113874505477,-4.262764813709095,-1.0089747813842072,-0.9049637845370802,-0.9724575101944016,-0.8698653380476374,0.06596009975062345,0.0699501246882793,-2.718705269002261,-2.659972795337864,-1.8118345267696705
2025-19,2025,19,United States Grand Prix,Nico Hülkenberg,hulkenberg,Sauber,11,0.0,-0.4328244058720322,-1.1294048881416652,-1.1882883833850937,-6.064262883344238,-6.3797476124825385,-3.596833885742952,-3.784017997933816,-3.4666556485325386,-3.637257259565146,0.0018703241895261845,0.0023690773067331,-6.28164349975835,-6.045254721694148,-5.032830748846083
2025-19,2025,19,United States Grand Prix,Liam Lawson,lawson,RB F1 Team,12,0.0,-0.7908108142114652,0.3591355226141667,0.0868662550952068,-5.7715531452758,-6.131894451304829,-2.706208811330817,-3.022514098104811,-2.608264479239549,-2.905287805574017,0.002369077306733167,0.0023690773067331,-6.0452547216941195,-6.045254721694148,-4.533884409899465
2025-19,2025,19,United States Grand Prix,Charles Leclerc,leclerc,Ferrari,3,0.0,3.2236296896126104,3.0343666852437527,3.363205446693303,-2.6295281945589046,-3.0390265650866435,0.202419245342424,0.1620894408033297,0.1950931965525184,0.1558029046327696,0.12082294264339152,0.1307980049875312,-2.1134290889697938,-2.034101092464263,-0.975669824083232
2025-19,2025,19,United States Grand Prix,Max Verstappen,max_verstappen,Red Bull,1,1.0,4.79548620716971,3.8328587601099904,5.353926266254255,-1.1105170094987291,-0.0279869101903193,1.3611708753056306,2.662969678031968,1.31190676394597,2.5596880878242176,0.20610972568578553,0.1806733167082294,-1.579346603039536,-1.711064758539878,0.5418115374962159
2025-19,2025,19,United States Grand Prix,Lando Norris,norris,McLaren,2,0.0,3.915200300998327,4.481674228307017,4.1137284011919295,-1.1871024455449724,-2.2546772598814093,1.6472858913810222,0.92952557065526,1.5876665760794286,0.8934745108673802,0.3442643391521197,0.3135910224438903,-1.0663454889304058,-1.1596656183267204,-0.06840995913757292
2025-19,2025,19,United States Grand Prix,Esteban Ocon,ocon,Haas F1 Team,17,0.0,-2.42726608231066,-1.0814316973689952,-2.06734204642451,-6.0956506075806125,-6.412776169267576,-3.588541152474804,-4.240059107846043,-3.458663049613876,-4.075611104233462,0.0006234413965087282,0.0003740648379052,-7.38025578842646,-7.891081412192549,-5.810157448136252
2025-19,2025,19,United States Grand Prix,Oscar Piastri,piastri,McLaren,6,0.0,1.6111740343392482,4.526044101169738,3.019955011134796,-0.972404962505656,-2.989989736679622,1.776819569332041,0.0149826372275869,1.7125121126286762,0.0144015451441372,0.12206982543640897,0.1430174563591022,-2.10316205833005,-1.9447885837311898,-1.0440897105512315
2025-19,2025,19,United States Grand Prix,George Russell,russell,Mercedes,4,0.0,2.6297453030122258,3.4673627627385435,3.542559644313925,-1.9890955124959944,-1.4307678156359205,0.7391336251212745,1.0558959143390023,0.712382566985779,1.014943660910644,0.08491271820448877,0.1001246882793017,-2.4661313947110477,-2.301338986913799,-0.7051177401860227
2025-19,2025,19,United States Grand Prix,Carlos Sainz,sainz,Williams,9,0.0,0.3255828577999956,0.8409097285945075,1.333232146668212,-5.384511103639006,-5.13451397882146,-2.271800687522249,-1.900640916076624,-2.189578650533748,-1.826925763461224,0.005610972568578554,0.0071072319201995,-5.18303121109024,-4.94664243302601,-3.541836063583432
2025-19,2025,19,United States Grand Prix,Lance Stroll,stroll,Aston Martin,19,0.0,-3.027396545262313,-0.8403247037955301,-2.196089805313516,-6.019782065345818,-6.298337303896112,-3.430053384570674,-4.247213554604814,-3.305911342617911,-4.082488070311774,0.0011221945137157108,0.0008728179551122,-6.792469123524341,-7.043783551805269,-5.519841339064577
2025-19,2025,19,United States Grand Prix,Yuki Tsunoda,tsunoda,Red Bull,13,0.0,-1.136995380040505,0.3269360461590442,-0.2777604815849321,-4.264819756794042,-5.540346358073711,-1.9689418553174989,-2.909053419829321,-1.8976810220299232,-2.7962276277529687,0.003117206982543641,0.0031172069825436,-5.77081787599236,-5.770817875992373,-4.33993564791084
2025-20,2025,20,Mexico City Grand Prix,Alexander Albon,albon,Williams,17,0.0,-2.4297159500325587,0.0417489360888487,-1.2835216553174909,-6.023953087075473,-6.206925460545407,-2.991102075493312,-3.745223557931449,-2.885403049482471,-3.6133830653106807,0.002119700748129676,0.0013715710723192,-6.1564803568043445,-6.591798428062191,-4.950851957367897
2025-20,2025,20,Mexico City Grand Prix,Fernando Alonso,alonso,Aston Martin,14,0.0,-1.4751013783448792,0.7553597066089071,-0.3381861890198068,-5.3228837575609695,-5.979200984060178,-2.283762025476032,-3.1586935865399925,-2.20305885465778,-3.047500299398142,0.002369077306733167,0.0028678304239401,-6.0452547216941195,-5.854199484931428,-4.601974154117056
2025-20,2025,20,Mexico City Grand Prix,Andrea Kimi Antonelli,antonelli,Mercedes,6,0.0,1.6116684449510694,1.7488686748293751,1.7285858683934312,-3.946161701276512,-4.851453597010248,-1.0986465132235683,-1.5614338643084082,-1.0598227407654568,-1.5064677970814708,0.03403990024937656,0.0460099750623441,-3.3802219056756004,-3.078897056820034,-2.4708278849920045
2025-20,2025,20,Mexico City Grand Prix,Oliver Bearman,bearman,Haas F1 Team,9,0.0,0.3243487979469659,-0.6071827657214219,-0.2305211791084797,-6.196227270970409,-6.238813719891333,-3.401705018345916,-3.234667449499906,-3.2814961795499165,-3.12079970745196,0.0038653366583541147,0.004364089775561,-5.555706496375414,-5.434345639371169,-4.39518697293766
2025-20,2025,20,Mexico City Grand Prix,Gabriel Bortoleto,bortoleto,Sauber,16,0.0,-2.119469051552552,-1.2500883350436818,-2.268155271752807,-6.027250685007568,-6.379470283912962,-3.638669510025625,-4.3238127778328845,-3.5100868627344517,-4.1716046124692365,0.0011221945137157108,0.0003740648379052,-6.792469123524341,-7.891081412192549,-5.558140950678613
2025-20,2025,20,Mexico City Grand Prix,Franco Colapinto,colapinto,Alpine F1 Team,20,0.0,-3.3205337972230384,-2.6541061749665165,-4.10968385414602,-6.331642990240013,-6.525949372970097,-4.492874582603265,-5.317816613558058,-4.334106190424035,-5.130617224481901,0.00012468827930174563,0.0001246882793017,-8.98969370086056,-8.989693700860926,-7.153755157209309
2025-20,2025,20,Mexico City Grand Prix,Pierre Gasly,gasly,Alpine F1 Team,18,0.0,-2.732936167921739,-2.223346883891313,-3.5059751038292783,-6.157246360938528,-6.398791560321548,-4.1902966224149205,-4.952383332075414,-4.042220675654486,-4.778048035917999,0.00012468827930174563,0.0011221945137157,-8.98969370086056,-6.79246912352435,-6.971038516467987
2025-20,2025,20,Mexico City Grand Prix,Isack Hadjar,hadjar,RB F1 Team,8,0.0,0.7299766702006795,0.3354292298697583,0.5118015075993128,-5.60541190849343,-5.788073066830373,-2.634991339311836,-2.63813577961553,-2.541876490308788,-2.5452673258623744,0.007356608478802993,0.0086034912718204,-4.912156256954841,-4.755587196263306,-3.7751460182851853
2025-20,2025,20,Mexico City Grand Prix,Lewis Hamilton,hamilton,Ferrari,3,0.0,3.2274948666883088,1.979825277100523,2.7961646938839104,-3.651360590964402,-3.13876547770278,-0.8357676569319392,-0.1713003919094347,-0.806233450114708,-0.1652702236948717,0.1128428927680798,0.1220698254364089,-2.181758757160634,-2.1031620583300503,-1.1765295745350344
2025-20,2025,20,Mexico City Grand Prix,Nico Hülkenberg,hulkenberg,Sauber,13,0.0,-1.1392702143212163,-1.2799826283791755,-1.6256415395363883,-6.034558143903376,-6.416053903427549,-3.657270386141276,-4.020847721481969,-3.528030424442653,-3.8793046236792663,0.002119700748129676,0.0008728179551122,-6.1564803568043445,-7.043783551805269,-5.088664039143157
2025-20,2025,20,Mexico City Grand Prix,Liam Lawson,lawson,RB F1 Team,15,0.0,-1.801525457291767,0.3835031446044564,-0.6476986503303103,-5.9036121930978585,-6.090657355228081,-2.760054524246701,-3.369178002779196,-2.6625202149565115,-3.250575179545113,0.002119700748129676,0.0008728179551122,-6.1564803568043445,-7.043783551805269,-4.762829179791771
2025-20,2025,20,Mexico City Grand Prix,Charles Leclerc,leclerc,Ferrari,2,0.0,3.920963252653737,3.0272343125482264,4.131548663579503,-1.9056431846955435,-1.5765218796588132,0.5607955639263416,1.277513391960345,0.5409782713692366,1.2325419790872758,0.18067331670822942,0.1749376558603491,-1.711064758539878,-1.7433256207580994,-0.21677568328976649
2025-20,2025,20,Mexico City Grand Prix,Max Verstappen,max_verstappen,Red Bull,5,0.0,2.0996527106939,4.100342951734708,3.5489250172241675,-0.4707457423387602,-2.584119880461708,1.814798604697974,0.4824025683812298,1.750667578714592,0.4654208872417379,0.07443890274314215,0.0851620947630922,-2.597776587467958,-2.463198841289771,-1.0576870095433641
2025-20,2025,20,Mexico City Grand Prix,Lando Norris,norris,McLaren,1,1.0,4.804095113441957,4.747701876937028,6.424568130792361,-1.2182047748893985,0.2708628749983386,1.7647485510238148,3.34771550289535,1.702386184815869,3.22986820907461,0.4048628428927681,0.3632169576059851,-0.9042069287577142,-1.0127549439011254,1.2217542870688178
2025-20,2025,20,Mexico City Grand Prix,Esteban Ocon,ocon,Haas F1 Team,11,0.0,-0.4347151051887629,-1.2302054606284405,-1.1180878113171844,-6.196227270970409,-6.354739844038851,-3.7132163657994246,-3.7364138276780174,-3.581999395155658,-3.604883457846584,0.0026184538653366584,0.0006234413965087,-5.945171263137137,-7.380255788426505,-4.840792545407577
2025-20,2025,20,Mexico City Grand Prix,Oscar Piastri,piastri,McLaren,7,0.0,1.1574545357373265,4.452838410899845,3.765787140821056,-1.5309959430994102,-3.6628805563298426,1.460921233900217,0.0514532922456067,1.4092954626612528,0.0496420178872964,0.06820448877805486,0.0791770573566084,-2.685244898438579,-2.5360687019678694,-1.3168958030964861
2025-20,2025,20,Mexico City Grand Prix,George Russell,russell,Mercedes,4,0.0,2.632203519611802,3.2038838008988875,3.1654071952630782,-2.48798744521967,-3.03563222917282,0.3579481778396087,0.0648874830451291,0.3452990696496911,0.0626032942384357,0.08516209476309226,0.0968827930174563,-2.46319884128977,-2.3342533504929133,-1.1991556791223206
2025-20,2025,20,Mexico City Grand Prix,Carlos Sainz,sainz,Williams,12,0.0,-0.792923229564858,0.6635033383441473,0.5739249027750871,-5.663682008561411,-5.912870370006565,-2.5000893351086315,-2.6694727336157387,-2.411741628814626,-2.575501146928403,0.006109725685785536,0.004364089775561,-5.097873402749934,-5.434345639371169,-3.883673068182836
2025-20,2025,20,Mexico City Grand Prix,Lance Stroll,stroll,Aston Martin,19,0.0,-3.0297078074045585,-0.8389411162232954,-2.350314972836168,-6.046633620358151,-6.317442936056501,-3.4427873682907237,-4.333878954446335,-3.3211267688172867,-4.18131643648851,0.0008728179551122195,0.0006234413965087,-7.043783551805247,-7.380255788426505,-5.688831253125791
2025-20,2025,20,Mexico City Grand Prix,Yuki Tsunoda,tsunoda,Red Bull,10,0.0,-0.0629865845752252,0.6589317074816681,-0.1300783634579072,-3.952842465579619,-5.291216872363983,-1.6469553790489757,-2.7106476179109453,-1.5887555667205775,-2.6152265804911994,0.00885286783042394,0.006359102244389,-4.727013823819245,-5.057868068136239,-3.7188307208650953
2025-21,2025,21,São Paulo Grand Prix,Alexander Albon,albon,Williams,12,0.0,-0.7950254519893795,0.1637706396890426,-0.4522340666588311,-6.014200672963105,-6.30127666795874,-2.925215016637031,-3.3767553673087853,-2.8276555316398446,-3.267821871069219,0.010099750623441399,0.0105985037406483,-4.5952445461881215,-4.547042444370251,-3.9859999567484534
2025-21,2025,21,São Paulo Grand Prix,Fernando Alonso,alonso,Aston Martin,11,0.0,-0.436596514427448,0.1120770252104014,0.2453855372007573,-5.6936169726028005,-5.900236614444417,-2.7907699736962,-2.8274255386218297,-2.697694394694002,-2.7362133198567533,0.009600997506234416,0.0135910224438902,-4.6458882790068765,-4.298345818631422,-3.736656908814353
2025-21,2025,21,São Paulo Grand Prix,Andrea Kimi Antonelli,antonelli,Mercedes,2,0.0,3.926701199894951,1.8854327576636063,3.2277140044484245,-4.131492816157476,-3.32463881727748,-1.1230300292469346,-0.0484624064145278,-1.085575609429391,-0.0468990182526176,0.12157107231920201,0.1233167082294264,-2.107256229862713,-2.092999369237848,-1.0778593181386202
2025-21,2025,21,São Paulo Grand Prix,Oliver Bearman,bearman,Haas F1 Team,8,0.0,0.729205889834688,-0.1159889394125362,0.1759913229350566,-5.981451173872759,-5.965164062375651,-3.048720056642648,-2.8945863697202974,-2.947041528078073,-2.8012075551121405,0.015336658354114715,0.0155860349127182,-4.177509345488143,-4.161379963558259,-3.53604785760422
2025-21,2025,21,São Paulo Grand Prix,Gabriel Bortoleto,bortoleto,Sauber,18,0.0,-2.735322079740023,-1.2042369722046835,-2.5216627987279554,-6.112814858542389,-6.397221759272231,-3.658525915373537,-4.459442279000093,-3.5365096184098217,-4.315581505598205,0.005860349127182046,0.0036159600997506,-5.139546099150501,-5.622397870874092,-4.799494189075297
2025-21,2025,21,São Paulo Grand Prix,Franco Colapinto,colapinto,Alpine F1 Team,16,0.0,-2.1219256277945355,-3.178114992694756,-4.428460059966118,-6.430487197092035,-6.479338594489433,-4.804301094893395,-5.453899327227775,-4.644071799636985,-5.277957555547988,0.0023690773067331673,0.0011221945137157,-6.0452547216941195,-6.79246912352435,-5.749577024460947
2025-21,2025,21,São Paulo Grand Prix,Pierre Gasly,gasly,Alpine F1 Team,9,0.0,0.3231212364001263,-2.824779892084838,-2.206719762692497,-6.257600305987444,-6.218930000333894,-4.541190099036141,-4.212824881513195,-4.389735876075935,-4.076919939203436,0.0056109725685785546,0.0073566084788029,-5.18303121109024,-4.912156256954853,-4.697928046301717
2025-21,2025,21,São Paulo Grand Prix,Isack Hadjar,hadjar,RB F1 Team,5,0.0,2.1010125925877547,-0.2391799361188951,0.2631339691772505,-5.504848859732297,-5.596023862688406,-2.872014397925596,-2.6664449467555777,-2.776229218384077,-2.5804259317589704,0.02556109725685786,0.0248129675810473,-3.6666837217221517,-3.696388876136071,-3.1665643342388647
2025-21,2025,21,São Paulo Grand Prix,Lewis Hamilton,hamilton,Ferrari,13,0.0,-1.1415342270674746,2.207666207351293,1.3731925447728663,-3.7146616500534,-5.25053238584834,-0.7534977213510534,-1.938669920537737,-0.7283676542539435,-1.8761287916945864,0.029052369077306735,0.0350374064837905,-3.5386552472948596,-3.3513390315268152,-2.738662583916298
2025-21,2025,21,São Paulo Grand Prix,Nico Hülkenberg,hulkenberg,Sauber,10,0.0,-0.0645799010465766,-1.1145420471935932,-1.2075661194125724,-6.191923006110323,-6.250685036109172,-3.653232526651958,-3.729125577760872,-3.531392770651772,-3.608824684472994,0.010099750623441399,0.0073566084788029,-4.5952445461881215,-4.912156256954853,-4.162185061974497
2025-21,2025,21,São Paulo Grand Prix,Liam Lawson,lawson,RB F1 Team,7,0.0,1.1572492654960675,-0.2351324138629844,-0.3185399319268615,-5.634735777074228,-5.665569918347761,-2.9349340954686065,-2.992054925137311,-2.8370504673502945,-2.8955317931712,0.015586034912718207,0.0183291770573566,-4.161379963558259,-3.999261114081824,-3.576717444347785
2025-21,2025,21,São Paulo Grand Prix,Charles Leclerc,leclerc,Ferrari,3,0.0,3.2313436938615294,3.5270839275008967,3.7271711528210623,-1.8660441539796448,-2.9117032514341883,0.8305198867606259,0.407733950693437,0.8028210366003944,0.394580529745444,0.14326683291770576,0.1387780548628429,-1.9430464230118043,-1.9748793495850154,-0.7676562361591837
2025-21,2025,21,São Paulo Grand Prix,Max Verstappen,max_verstappen,Red Bull,19,0.0,-3.032008814963738,3.881703399057384,2.242920024631068,-0.6451528691093987,-2.3844038665932508,1.6182752649739929,-0.0707419209810915,1.5643038131194715,-0.0684597998485455,0.020822942643391525,0.0183291770573566,-3.8716998884438047,-3.999261114081824,-1.971220904712448
2025-21,2025,21,São Paulo Grand Prix,Lando Norris,norris,McLaren,1,1.0,4.812665975517776,5.0196784523621805,6.495606724977505,-0.7327808114070274,0.4366814937857258,2.1434488204775763,3.466144109381616,2.071962190655736,3.3543269490505607,0.32481296758104744,0.2894014962593517,-1.1245057466730928,-1.2399402945861229,1.1708191813542617
2025-21,2025,21,São Paulo Grand Prix,Esteban Ocon,ocon,Haas F1 Team,20,0.0,-3.322720314051378,-0.8590156571620429,-1.3776534865176857,-6.018227606468479,-6.419196026566424,-3.438621631815261,-3.898424756542055,-3.32393941064789,-3.772662303428533,0.0033665835411471326,0.0038653366583541,-5.693856834856231,-5.555706496375418,-4.796140795699143
2025-21,2025,21,São Paulo Grand Prix,Oscar Piastri,piastri,McLaren,4,0.0,2.6346517708375634,4.525157210133158,3.191387127532761,-0.8643064584335044,-2.574836191795153,1.8304253758498268,0.3082754678688038,1.7693784593058972,0.2983305589645497,0.1677057356608479,0.1776807980049875,-1.7855444088246206,-1.7277666081578094,-0.7386344704779084
2025-21,2025,21,São Paulo Grand Prix,George Russell,russell,Mercedes,6,0.0,1.612161727520416,3.1569567002679464,2.9946496746761637,-2.2394513898981927,-3.445894768330508,0.4587526551848768,-0.2256225468271724,0.4434526951729178,-0.2183440056884499,0.06596009975062346,0.0809226932668329,-2.7187052690022604,-2.5142609841564703,-1.4721639079147164
2025-21,2025,21,São Paulo Grand Prix,Carlos Sainz,sainz,Williams,15,0.0,-1.8039615828733733,0.7581808736915026,-0.2100043622294568,-5.121937742675867,-5.496973387138201,-2.1818784344921824,-2.853488874683829,-2.1091101302188635,-2.76143585757476,0.0073566084788029935,0.0091022443890274,-4.912156256954841,-4.699234259712172,-3.882822565819335
2025-21,2025,21,São Paulo Grand Prix,Lance Stroll,stroll,Aston Martin,14,0.0,-1.4774748530634996,-1.274863493659324,-1.2990942911387884,-6.162544253573671,-6.413640762728157,-3.7187038736164975,-3.856367526933473,-3.5946805684222847,-3.731961832176735,0.0073566084788029935,0.0093516209476309,-4.912156256954841,-4.672205587324252,-4.384261891944157
2025-21,2025,21,São Paulo Grand Prix,Yuki Tsunoda,tsunoda,Red Bull,17,0.0,-2.4321546769870515,0.3103974065547088,-1.4170889654542602,-4.075120649829953,-5.508887943321706,-1.8823616216376216,-3.462988454387983,-1.819582568015588,-3.3512730948964884,0.008603491271820451,0.0118453865336658,-4.755587196263301,-4.4358168092600225,-4.109287825325642
2025-22,2025,22,Las Vegas Grand Prix,Alexander Albon,albon,Williams,16,0.0,-2.124371117468826,0.2148515908996703,-1.3835869765889666,-6.152140677135798,-6.408210924914634,-2.968644543118064,-3.8958989507518,-2.877046199772295,-3.7800020582000418,0.0026184538653366584,0.0041147132169576,-5.945171263137137,-5.493186139394082,-4.9205351069444685
2025-22,2025,22,Las Vegas Grand Prix,Fernando Alonso,alonso,Aston Martin,7,0.0,1.157046097788593,-0.0487407873934287,0.1679592888661488,-5.682974651859069,-5.948278296045626,-2.865857719626249,-2.890159503589739,-2.7774308919715214,-2.8041817845371577,0.017830423940149626,0.021072319201995,-4.026849070600653,-3.859794985937487,-3.458504287095196
2025-22,2025,22,Las Vegas Grand Prix,Andrea Kimi Antonelli,antonelli,Mercedes,17,0.0,-2.434582557316753,2.494115201696731,-0.3116500559408421,-3.9186364336927633,-5.485760782965144,-0.712260615998016,-2.8987054194529933,-0.6902836189179515,-2.812473472786945,0.007107231920199501,0.0081047381546134,-4.94664243302601,-4.815306430964931,-3.9226739262395016
2025-22,2025,22,Las Vegas Grand Prix,Oliver Bearman,bearman,Haas F1 Team,14,0.0,-1.4798373102004905,-0.0362987867221159,-0.7873463655371004,-5.782284891134394,-6.215826138551971,-2.909291838928255,-3.501586252044536,-2.819524839584071,-3.3974195447597872,0.0046134663341645885,0.0038653366583541,-5.378775788216336,-5.555706496375418,-4.440181020130436
2025-22,2025,22,Las Vegas Grand Prix,Gabriel Bortoleto,bortoleto,Sauber,18,0.0,-2.737697546423174,-1.0785858230250671,-2.678733684503451,-6.198538058958735,-6.453050565377177,-3.638561940991901,-4.565892124940314,-3.5262931121998347,-4.430063984709672,0.0018703241895261845,0.0021197007481296,-6.28164349975835,-6.15648035680438,-5.4237678123493325
2025-22,2025,22,Las Vegas Grand Prix,Franco Colapinto,colapinto,Alpine F1 Team,15,0.0,-1.806386558895113,-2.5617928192467665,-3.134054818094998,-6.3712025803103085,-6.585271347009077,-4.466497699778538,-4.8596630825520375,-4.328682685580952,-4.715095716397021,0.0026184538653366584,0.0018703241895261,-5.945171263137137,-6.281643499758395,-5.402417172844587
2025-22,2025,22,Las Vegas Grand Prix,Pierre Gasly,gasly,Alpine F1 Team,10,0.0,-0.066165174461108,-1.841457613193835,-1.69863191361975,-6.101873893036357,-6.281639640279515,-3.971665753115096,-3.9901357769496326,-3.849118914642357,-3.8714354863995353,0.0028678304239401495,0.0051122194513715,-5.854199484931411,-5.276121634156266,-4.922167630940522
2025-22,2025,22,Las Vegas Grand Prix,Isack Hadjar,hadjar,RB F1 Team,8,0.0,0.7284396672557492,0.3654874795828023,0.5513102220203702,-5.281198184135548,-5.735420722668171,-2.4578553522763724,-2.5920552503239005,-2.3820175498106115,-2.514945665955179,0.012842892768079801,0.0165835411471321,-4.354964712630925,-4.0993445726388105,-3.4735099814774126
2025-22,2025,22,Las Vegas Grand Prix,Lewis Hamilton,hamilton,Ferrari,19,0.0,-3.034299927133356,1.748478117427308,-1.4512223612621844,-3.768318235434954,-5.613135578918332,-1.0099200590038229,-3.532178970090258,-0.9787586979945158,-3.4271021773538517,0.006608478802992519,0.0088528678304239,-5.019401787308438,-4.72701382381925,-4.275790378699348
2025-22,2025,22,Las Vegas Grand Prix,Nico Hülkenberg,hulkenberg,Sauber,11,0.0,-0.4384687070602285,-0.9294592914667492,-1.1645757157780847,-6.169799429975837,-6.382893852084191,-3.549629360721293,-3.773734783931138,-3.440104571137672,-3.6614720840252017,0.003117206982543641,0.0061097256857855,-5.77081787599236,-5.097873402749939,-4.772276329961748
2025-22,2025,22,Las Vegas Grand Prix,Liam Lawson,lawson,RB F1 Team,6,0.0,1.6126540426958085,0.4727819585613392,1.23607899971441,-5.708871547590263,-5.541829207933539,-2.618044794514462,-2.1528751041095644,-2.5372643027784387,-2.088830441305825,0.015835411471321694,0.019077306733167,-4.145506614401969,-3.959255779468129,-3.149190859255767
2025-22,2025,22,Las Vegas Grand Prix,Charles Leclerc,leclerc,Ferrari,9,0.0,0.3219001855517799,2.8197505743910174,1.3700556899226135,-2.600231394341548,-4.441394422310065,0.109759590024735,-1.5356693661937255,0.1063729277057708,-1.4899856075083429,0.027556109725685785,0.0420199501246882,-3.5915309993428073,-3.1696107705082004,-2.5636001827682664
2025-22,2025,22,Las Vegas Grand Prix,Max Verstappen,max_verstappen,Red Bull,2,1.0,3.932414578618491,3.6003005038455584,3.978484971826156,-0.7456030706982493,-1.0589033133922257,1.4273487165736545,1.4597908292169652,1.3833074795997145,1.4163643381758788,0.18840399002493766,0.1936408977556109,-1.6691667385878206,-1.6417498777118733,-0.10468795468542769
2025-22,2025,22,Las Vegas Grand Prix,Lando Norris,norris,McLaren,1,0.0,4.821199338118719,5.277918722121099,6.504582131697182,-0.2083363464572719,0.517126215361433,2.5347911878319134,3.5108541735293075,2.456579509013341,3.40641176009456,0.4103491271820449,0.3235660847880299,-0.8907469519172202,-1.1283519052605713,1.3100536108060437
2025-22,2025,22,Las Vegas Grand Prix,Esteban Ocon,ocon,Haas F1 Team,13,0.0,-1.14378757048374,-0.933908390812273,-1.2423733400040031,-6.087745201171255,-6.389772022781029,-3.510826795991764,-3.816072681392516,-3.402499270208226,-3.702550495341027,0.0016209476309226932,0.004364089775561,-6.4247443433990234,-5.434345639371169,-5.12040851239577
2025-22,2025,22,Las Vegas Grand Prix,Oscar Piastri,piastri,McLaren,5,0.0,2.102367660763221,4.420078292955424,3.9483962115246127,-1.171402143643015,-3.090138187123561,1.6243380746562042,0.4291290122005258,1.5742186768937192,0.4163630961317198,0.14052369077306734,0.1594763092269326,-1.9623791868207838,-1.8358598992817179,-0.766625087310129
2025-22,2025,22,Las Vegas Grand Prix,George Russell,russell,Mercedes,4,0.0,2.6370903374142944,3.3502346368604665,2.984657196213296,-2.167099059741664,-2.9143445124448046,0.5915677885594013,0.0351563418842455,0.5733148018438388,0.0341104957703249,0.1041147132169576,0.121072319201995,-2.2622619760097047,-2.1113672325692354,-1.1135528170627296
2025-22,2025,22,Las Vegas Grand Prix,Carlos Sainz,sainz,Williams,3,0.0,3.2351765230200087,0.7092021998939433,1.6554079086238405,-5.3900028600468834,-4.118351038943637,-2.34040033007647,-1.2314715651598984,-2.2681866346046204,-1.194837214661577,0.041271820448877804,0.0502493765586034,-3.1875753254834973,-2.990757138913879,-2.2095234453216976
2025-22,2025,22,Las Vegas Grand Prix,Lance Stroll,stroll,Aston Martin,12,0.0,-0.7971175950993072,-1.573705370729445,-1.906248930008054,-6.175699319658855,-6.362683285357579,-3.87470234519415,-4.134466107682816,-3.7551473393243766,-4.011472215824164,0.006359102244389027,0.0046134663341645,-5.0578680681362345,-5.3787757882163545,-4.596167087909525
2025-22,2025,22,Las Vegas Grand Prix,Yuki Tsunoda,tsunoda,Red Bull,20,0.0,-3.3248976219290647,-0.1064127004271835,-2.832133896793307,-4.658665691140492,-6.018137701452418,-2.382539195783837,-4.425135799122863,-2.3090252940282103,-4.293494939151658,0.0018703241895261845,0.0041147132169576,-6.28164349975835,-5.493186139394082,-5.353389649440606
2025-23,2025,23,Qatar Grand Prix,Alexander Albon,albon,Williams,14,0.0,-1.4820597139022031,-0.0676363850942585,-0.2231121906398667,-6.386244116198389,-6.36055078864519,-3.226940250646324,-3.2918314896425285,-3.124512631288685,-3.1756600554788776,0.013341645885286779,0.0158354114713216,-4.316864866398654,-4.145506614401975,-3.804348178020591
2025-23,2025,23,Qatar Grand Prix,Fernando Alonso,alonso,Aston Martin,8,0.0,0.7316412607418017,-0.3632909760546053,0.0764829601702724,-5.7752302634126735,-6.008135078908533,-3.0692606197336394,-2.9658260593691304,-2.971837973496387,-2.861159624321978,0.0213216957605985,0.0260598503740648,-3.8480301443579004,-3.6473594488957506,-3.4069281018635156
2025-23,2025,23,Qatar Grand Prix,Andrea Kimi Antonelli,antonelli,Mercedes,5,0.0,2.107199202676515,2.14779394469943,2.7051309189426727,-4.621569316428695,-4.825449451429357,-1.2368876858646325,-1.060159266243342,-1.1976271321402434,-1.0227453758941896,0.06970074812967579,0.0861596009975062,-2.6635442277054615,-2.4515538770928904,-1.8618517469744016
2025-23,2025,23,Qatar Grand Prix,Oliver Bearman,bearman,Haas F1 Team,13,0.0,-1.144977645959253,-0.4268373799399569,-0.5759587768575912,-6.445884792515101,-6.515886125160642,-3.436361086227529,-3.5459224510091167,-3.3272861551856487,-3.4207839383413403,0.015087281795511219,0.0188279301745635,-4.193903155263819,-3.972413864045641,-3.869912803136468
2025-23,2025,23,Qatar Grand Prix,Gabriel Bortoleto,bortoleto,Sauber,19,0.0,-3.0421884647213457,-1.7903995038920897,-1.6483314599216847,-6.547094472243346,-6.545180895488646,-4.168746988067718,-4.096756177705165,-4.036425099056423,-3.952178290872177,0.006857855361596008,0.006857855361596,-4.9823605156280895,-4.98236051562809,-4.539558346666627
2025-23,2025,23,Qatar Grand Prix,Franco Colapinto,colapinto,Alpine F1 Team,20,0.0,-3.334000783169539,-3.1389438653785704,-4.448964957811692,-6.632948006535313,-6.6381612984539,-4.885945935956942,-5.543563128132796,-4.730859144241489,-5.347926236937659,0.0058603491271820435,0.0046134663341645,-5.139546099150502,-5.3787757882163545,-5.341554613641649
2025-23,2025,23,Qatar Grand Prix,Pierre Gasly,gasly,Alpine F1 Team,9,0.0,0.3243521654306694,-2.504829131199216,-2.587343676887398,-6.421704451915323,-6.456521630488166,-4.4632667915572695,-4.521932653687782,-4.32159643000482,-4.362349940166988,0.012593516209476305,0.0135910224438902,-4.374573184019301,-4.298345818631422,-4.448252918853541
2025-23,2025,23,Qatar Grand Prix,Isack Hadjar,hadjar,RB F1 Team,6,0.0,1.6170695591753783,0.5343097120821132,0.8933049780494295,-5.353420414442847,-5.461484114686183,-2.4095553511803667,-2.2840895683183766,-2.3330726774517685,-2.203482173394101,0.03379052369077306,0.0402743142144638,-3.3875748799808596,-3.2120413776379046,-2.835832224149618
2025-23,2025,23,Qatar Grand Prix,Lewis Hamilton,hamilton,Ferrari,17,0.0,-2.44011613407658,1.261933306152144,-0.6413273827130068,-5.049095648938344,-6.060955889097216,-1.8935811713931,-3.3511416359051114,-1.8334762433866405,-3.232877098016844,0.01982543640897755,0.020573566084788,-3.9207894986403287,-3.883748226959981,-3.63596556727272
2025-23,2025,23,Qatar Grand Prix,Nico Hülkenberg,hulkenberg,Sauber,11,0.0,-0.4377273597315955,-1.534863649435252,-1.5983107847441005,-6.435859043215922,-6.43322304323651,-3.985361346325587,-4.015766913990305,-3.858860375350893,-3.8740472047241865,0.012094763092269324,0.0160847880299251,-4.414982722357178,-4.129881296498893,-4.215374818173741
2025-23,2025,23,Qatar Grand Prix,Liam Lawson,lawson,RB F1 Team,12,0.0,-0.7973179371403767,0.4924491269685556,-0.2009149843408763,-5.511334007939817,-5.813851266328698,-2.509442440485631,-3.007383125334788,-2.429789210140729,-2.9012501073328103,0.015586034912718202,0.0173316708229426,-4.161379963558259,-4.055219767729871,-3.5843815444465235
2025-23,2025,23,Qatar Grand Prix,Charles Leclerc,leclerc,Ferrari,10,0.0,-0.0645369027190065,2.4491399794701323,1.4198137226033256,-2.8363904559139708,-4.658022762559826,-0.1936252382219192,-1.61910451997825,-0.1874793010002261,-1.5619649930193082,0.03304239401496259,0.0420199501246882,-3.409963874874338,-3.1696107705082004,-2.5145341974262942
2025-23,2025,23,Qatar Grand Prix,Max Verstappen,max_verstappen,Red Bull,3,1.0,3.240224945042939,3.204336897064949,3.4677650632665618,-0.7622923870150268,-1.4503451187533805,1.2210222550249612,1.0087099722565906,1.1822652923759462,0.973111769705539,0.12705735660847878,0.1302992518703241,-2.0631166676378356,-2.0379215364616496,-0.5272033476906225
2025-23,2025,23,Qatar Grand Prix,Lando Norris,norris,McLaren,2,0.0,3.9370467036599495,4.043340547862017,4.574707042880926,-1.1633414286371853,-1.920613772703578,1.4399995596124158,1.3270466350886738,1.394291949520284,1.2802140705162268,0.2168329177057356,0.1776807980049875,-1.5286281865062774,-1.7277666081578094,-0.1007907757088018
2025-23,2025,23,Qatar Grand Prix,Esteban Ocon,ocon,Haas F1 Team,16,0.0,-2.128768735816017,-1.209029794135228,-1.8700485222596988,-6.609493558861692,-6.617703880650404,-3.90926167649846,-4.243876201455051,-3.7851762160101257,-4.094106328274344,0.010598503740648378,0.0081047381546134,-4.547042444370244,-4.815306430964931,-4.3954593229126475
2025-23,2025,23,Qatar Grand Prix,Oscar Piastri,piastri,McLaren,1,0.0,4.824646925979568,3.184935043751403,4.801496366938306,-2.4404072937228087,-0.6018637009415327,0.372263875014297,2.0998163329983863,0.3604476963655207,2.0257120917417444,0.23827930174563586,0.1991271820448877,-1.4343117566202874,-1.613811552645548,0.33275228818904945
2025-23,2025,23,Qatar Grand Prix,George Russell,russell,Mercedes,4,0.0,2.642157386029198,3.2359976180043053,3.88734817316129,-1.9897136282276409,-1.4242142969352125,0.6231419948883322,1.2315669381130387,0.6033625920793096,1.1881039303863994,0.09114713216957604,0.105361596009975,-2.395280241110782,-2.250357073503387,-0.5818566514988717
2025-23,2025,23,Qatar Grand Prix,Carlos Sainz,sainz,Williams,7,0.0,1.1609088005284718,0.8506865096453683,1.4503034303381523,-5.457254585636278,-5.737844310005356,-2.303284037995455,-2.143770439833601,-2.230174565122794,-2.0681150220831155,0.02955112219451371,0.0455112219451371,-3.521633559725429,-3.08979634727807,-2.8327019997795153
2025-23,2025,23,Qatar Grand Prix,Lance Stroll,stroll,Aston Martin,18,0.0,-2.74439554347266,-1.711019140234275,-3.147181761173656,-6.315349151303257,-6.4873586293916095,-4.013184145768766,-4.8172701952826325,-3.8858000400318895,-4.647264777599309,0.009600997506234412,0.0086034912718204,-4.6458882790068765,-4.755587196263306,-4.7315792371447545
2025-23,2025,23,Qatar Grand Prix,Yuki Tsunoda,tsunoda,Red Bull,15,0.0,-1.80967939463252,-0.8427197015520276,-1.2823030269047655,-5.195628345245464,-5.911677881176208,-3.0191740233987456,-3.596990454040487,-2.9233411961311138,-3.470049709645268,0.017830423940149623,0.0170822942643391,-4.026849070600653,-4.069712775032438,-3.81191976232057
2025-24,2025,24,Abu Dhabi Grand Prix,Alexander Albon,albon,Williams,17,0.0,-2.443568981346516,-0.1254180633752767,-1.124632952155802,-6.127103638604884,-6.349489796009471,-3.12626085099008,-3.7370613740826366,-3.032897325191,-3.600117274864606,0.002369077306733167,0.0021197007481296,-6.0452547216941195,-6.15648035680438,-4.8911580478883785
2025-24,2025,24,Abu Dhabi Grand Prix,Fernando Alonso,alonso,Aston Martin,6,0.0,1.6206584252583116,-0.0065508890232238,0.7859339973689049,-5.942003114398413,-5.386249369785792,-2.9742770017108184,-2.3001576862084434,-2.885452363966692,-2.215868724677923,0.015586034912718205,0.0135910224438902,-4.161379963558259,-4.298345818631422,-3.2307688248833513
2025-24,2025,24,Abu Dhabi Grand Prix,Andrea Kimi Antonelli,antonelli,Mercedes,14,0.0,-1.4824184603059885,1.8308243962368136,0.3629385609450695,-4.31489859534436,-5.544793063930211,-1.242037099553773,-2.5909272514925705,-1.2049445572757098,-2.4959830793000024,0.00910224438902743,0.0113466334164588,-4.699234259712169,-4.478834194343714,-3.6450807556023697
2025-24,2025,24,Abu Dhabi Grand Prix,Oliver Bearman,bearman,Haas F1 Team,11,0.0,-0.4356741014208953,-0.5162033582607566,-0.3583335033888257,-6.3439140820051785,-6.479636794834303,-3.4300587201329678,-3.4189851491115646,-3.3276224900570046,-3.293696909337916,0.0026184538653366584,0.0046134663341645,-5.945171263137137,-5.3787757882163545,-4.682078206124351
2025-24,2025,24,Abu Dhabi Grand Prix,Gabriel Bortoleto,bortoleto,Sauber,7,0.0,1.1645479064023263,-1.4542775557957306,-0.1175159245930726,-6.615592072775905,-6.217585931647938,-4.034934814285817,-3.167550928120505,-3.914434395866837,-3.051476460736308,0.003366583541147132,0.0056109725685785,-5.6938568348562315,-5.18303121109025,-4.430703881488368
2025-24,2025,24,Abu Dhabi Grand Prix,Franco Colapinto,colapinto,Alpine F1 Team,20,0.0,-3.34105507229949,-2.967124495421663,-4.258089155419725,-6.547707025899406,-6.614141712993642,-4.757415760660535,-5.436115434206684,-4.615338969798149,-5.236909733025121,0.00012468827930174563,0.0006234413965087,-8.98969370086056,-7.380255788426505,-7.212904567533622
2025-24,2025,24,Abu Dhabi Grand Prix,Pierre Gasly,gasly,Alpine F1 Team,19,0.0,-3.047993657507571,-2.2406528315708534,-3.6376982832890663,-6.250441407284368,-6.531153327103132,-4.245547119427611,-5.0844258051961,-4.118756916399493,-4.898107722019205,0.00012468827930174563,0.0006234413965087,-8.98969370086056,-7.380255788426505,-7.0370597530283305
2025-24,2025,24,Abu Dhabi Grand Prix,Isack Hadjar,hadjar,RB F1 Team,9,0.0,0.3274927549418013,0.6056168395281458,0.5810079469717049,-5.383761606928072,-5.513907410035056,-2.389072383699963,-2.466449731531676,-2.3177244598500377,-2.376067020909463,0.005860349127182045,0.005860349127182,-5.139546099150501,-5.139546099150509,-3.8029979153410887
2025-24,2025,24,Abu Dhabi Grand Prix,Lewis Hamilton,hamilton,Ferrari,16,0.0,-2.131126930770188,0.6205026536652727,-0.8814020484260899,-4.924661919017243,-5.772704161922872,-2.152079632675985,-3.327053105174481,-2.087809326427104,-3.205133702485914,0.005610972568578554,0.0031172069825436,-5.18303121109024,-5.770817875992373,-4.25504215813236
2025-24,2025,24,Abu Dhabi Grand Prix,Nico Hülkenberg,hulkenberg,Sauber,18,0.0,-2.748998922465064,-1.1986213608555385,-2.2741474982761365,-6.505040146635887,-6.446588891843299,-3.8518307537457126,-4.360368195059718,-3.736798606048524,-4.200583103256674,0.0008728179551122195,0.0013715710723192,-7.043783551805247,-6.591798428062191,-5.702075873432483
2025-24,2025,24,Abu Dhabi Grand Prix,Liam Lawson,lawson,RB F1 Team,13,0.0,-1.1444451979334032,0.4251685166723313,-0.2923533855830562,-5.639524411219299,-5.7541584445863405,-2.607177947273484,-3.0232559150846985,-2.529316458055151,-2.912469118574436,0.0026184538653366584,0.0018703241895261,-5.945171263137137,-6.281643499758395,-4.484213589110918
2025-24,2025,24,Abu Dhabi Grand Prix,Charles Leclerc,leclerc,Ferrari,5,0.0,2.110469271509197,2.0566109716456764,2.3953224165627365,-3.218950601518116,-4.234571051354735,-0.5811698149362199,-0.9196243173959996,-0.5638135975261274,-0.8859248109768131,0.04800498753117207,0.0549875311720698,-3.036450366572776,-2.9006488254137146,-1.9780373419843877
2025-24,2025,24,Abu Dhabi Grand Prix,Max Verstappen,max_verstappen,Red Bull,1,1.0,4.8206575360861255,3.4314622120460494,5.112385095467166,-0.5122279514618506,0.8684858899420399,1.4596171302920995,2.990435492704603,1.416026717304761,2.8808513960509625,0.26296758104738155,0.2422693266832917,-1.3357245203817856,-1.4177052514831203,0.8273554861614087
2025-24,2025,24,Abu Dhabi Grand Prix,Lando Norris,norris,McLaren,2,0.0,3.9365185070437207,4.237708590463464,5.019963813202352,-1.6422265996154464,-1.6907395046781095,1.2977409954240091,1.6646121542621213,1.2589848964668724,1.6036126711940193,0.3001246882793017,0.3023690773067332,-1.2035572630774882,-1.1961068974889766,0.23052744559231653
2025-24,2025,24,Abu Dhabi Grand Prix,Esteban Ocon,ocon,Haas F1 Team,8,0.0,0.7351179890492123,-1.4720675433268335,-0.4457826982345119,-6.6113981084113735,-6.407748021577318,-4.041732825869103,-3.426765359905916,-3.921029389736602,-3.301192015379546,0.00685785536159601,0.006359102244389,-4.9823605156280895,-5.057868068136239,-4.204562937767003
2025-24,2025,24,Abu Dhabi Grand Prix,Oscar Piastri,piastri,McLaren,3,0.0,3.2416496502269783,3.723710274917853,3.9540122572329968,-2.1776215960992107,-2.9309884425018056,0.7730443394093214,0.5115119073655956,0.749957927696934,0.4927676239884799,0.2330423940149626,0.2345386533665835,-1.4565348934049973,-1.45013487155953,-0.47251149301970086
2025-24,2025,24,Abu Dhabi Grand Prix,George Russell,russell,Mercedes,4,0.0,2.644754243893906,2.85431778331424,3.201575672737984,-2.880987356860162,-3.300729599848798,-0.0133347867729609,-0.0495769635554073,-0.0129365529824222,-0.047760222555876,0.08416458852867831,0.0899002493765586,-2.4749810099880305,-2.409054563575611,-1.2622789867717188
2025-24,2025,24,Abu Dhabi Grand Prix,Carlos Sainz,sainz,Williams,12,0.0,-0.7959779213441576,1.1217064805981432,0.6734439256855356,-5.316589249053202,-5.851733365321224,-2.097441384227529,-2.589144719817845,-2.034802809865966,-2.4942658682529264,0.005860349127182045,0.005860349127182,-5.139546099150501,-5.139546099150509,-3.864345409484173
2025-24,2025,24,Abu Dhabi Grand Prix,Lance Stroll,stroll,Aston Martin,15,0.0,-1.811004144947616,-1.4640849840374297,-2.0548666138370395,-6.416267347081327,-6.384330259503987,-3.940176165559378,-4.219598436670513,-3.822505645849028,-4.064971833270534,0.0016209476309226932,0.0036159600997506,-6.4247443433990234,-5.622397870874092,-5.322171390034768
2025-24,2025,24,Abu Dhabi Grand Prix,Yuki Tsunoda,tsunoda,Red Bull,10,0.0,-0.061877922324045,-0.9044464425820856,-1.1028520878686594,-5.392558268642196,-6.012808894520255,-3.1485023556121408,-3.557830491194457,-3.054474603317074,-3.4274542829881707,0.00910224438902743,0.0093516209476309,-4.699234259712169,-4.672205587324252,-4.128532375453313
2026-01,2026,1,Australian Grand Prix,Alexander Albon,albon,Williams,15,0.0,-1.8133908978044744,-0.3212842753968131,-1.1486465678044662,-5.7611191163761335,-6.387881893207164,-3.0412016958864734,-3.768264230505815,-2.9582172766481443,-3.6404606396255543,0.008102717526801296,0.0093492894540014,-4.815555776434361,-4.672454932793698,-4.291910003470088
2026-01,2026,1,Australian Grand Prix,Fernando Alonso,alonso,Aston Martin,17,0.0,-2.445950050386908,0.4624699127361059,-1.2631222851803732,-5.133576668320299,-5.894238293074672,-2.3355533777920967,-3.5786802891275222,-2.271823786651085,-3.457306583998168,0.0048616305160807775,0.0053602592869608,-5.326381400200352,-5.228742930636447,-4.4525308446639364
2026-01,2026,1,Australian Grand Prix,Andrea Kimi Antonelli,antonelli,Mercedes,2,0.0,3.942155650270113,1.2578175531624254,2.903728309681171,-4.533404229597639,-3.461469761663813,-1.6377933382176066,-0.2788707259913212,-1.593103329926402,-0.2694126100013255,0.15345300423834454,0.1494639740713039,-1.8743609201455447,-1.900699891302484,-1.0766158230684328
2026-01,2026,1,Australian Grand Prix,Arvid Lindblad,arvid_lindblad,RB F1 Team,9,0.0,0.3262755315049417,-0.2851836889946019,-0.0449835312342159,-4.936264967885173,-5.701202390620997,-2.610724328439888,-2.8730929609276066,-2.539486224607445,-2.775649794822968,0.015332834704562454,0.0155821490900024,-4.177758690957581,-4.1616293090277034,-3.5254258259425937
2026-01,2026,1,Australian Grand Prix,Oliver Bearman,bearman,Haas F1 Team,12,0.0,-0.7980470956110863,-0.2448948633569269,-0.4730882465334268,-5.728269076117641,-6.330826653229625,-2.986581969737284,-3.401957449881526,-2.905087943674645,-3.2865774362941163,0.013089005235602094,0.0110944901520817,-4.335982696172475,-4.501306676597865,-3.8689700730270005
2026-01,2026,1,Australian Grand Prix,Gabriel Bortoleto,bortoleto,Audi,10,0.0,-0.0634524544713438,-0.6618509819725192,-0.5535797540327788,-5.122071513729142,-5.982608548036355,-2.8919612478508308,-3.2680941510345667,-2.8130491109355904,-3.1572542145843223,0.014335577162802293,0.0165794066317626,-4.245010917966749,-4.099593918108248,-3.7565525345006576
2026-01,2026,1,Australian Grand Prix,Valtteri Bottas,bottas,Cadillac F1 Team,19,0.0,-3.050230378926275,-1.495190604525258,-3.1551514224062167,-5.118576840983986,-6.17132356626749,-3.306883722754621,-4.663237494336853,-3.216649712431447,-4.505080194198769,0.0013712291199202194,0.0041136873597606,-6.592047773531627,-5.493435484863532,-5.62764263393424
2026-01,2026,1,Australian Grand Prix,Franco Colapinto,colapinto,Alpine F1 Team,16,0.0,-2.1335297655623013,-2.822157597013611,-3.325432374287208,-6.244340463088325,-6.566238676094819,-4.533249030050968,-4.945835525191013,-4.4095515329299015,-4.778093694640632,0.0048616305160807775,0.0031164298180004,-5.326381400200352,-5.771067221461829,-5.136108462695683
2026-01,2026,1,Australian Grand Prix,Pierre Gasly,gasly,Alpine F1 Team,14,0.0,-1.484747429341621,-1.9770510288964696,-2.429444592370103,-6.045258746745709,-6.45838457371541,-4.011154887821089,-4.443914583042757,-3.901703627389711,-4.293195788781936,0.006108202443280977,0.0056095736724008,-5.098122748219372,-5.183280556559696,-4.771018665631065
2026-01,2026,1,Australian Grand Prix,Isack Hadjar,hadjar,Red Bull,3,0.0,3.245424108095929,0.3751041856478175,1.2086074417186627,-3.771705584312614,-3.850540878553616,-1.6983006993323984,-1.3209667184174765,-1.6519596436185429,-1.2761651122348852,0.0843929194714535,0.0809025180752929,-2.4722717734177233,-2.514510329625909,-1.8966192459176
2026-01,2026,1,Australian Grand Prix,Lewis Hamilton,hamilton,Ferrari,7,0.0,1.16433264818077,0.8224158780666334,1.1669134929376592,-4.49455504078516,-5.592461528087081,-1.8360695813592636,-2.212774017574711,-1.7859692647323362,-2.13772607827067,0.05023684866616804,0.0522313637496883,-2.9910064843833153,-2.9520721264078613,-2.601890250979013
2026-01,2026,1,Australian Grand Prix,Nico Hülkenberg,hulkenberg,Audi,11,0.0,-0.4375291971868401,-0.5877524769200291,-0.6644611106806384,-5.150193170471184,-6.141100201350889,-2.8689728236956062,-3.4027806560157634,-2.79068796547428,-3.287372722756708,0.015332834704562454,0.0183246073298429,-4.177758690957581,-3.9995104595512636,-3.790269673486672
2026-01,2026,1,Australian Grand Prix,Liam Lawson,lawson,RB F1 Team,8,0.0,0.7343480257051901,-0.0360519063830249,0.3054107173051666,-5.079636585541237,-5.749301645187348,-2.557844245962131,-2.7219454639410907,-2.48804906613556,-2.6296285818987686,0.016579406631762654,0.0210670655696833,-4.099593918108244,-3.860044331406928,-3.4107696910246674
2026-01,2026,1,Australian Grand Prix,Charles Leclerc,leclerc,Ferrari,4,0.0,2.647148791604276,2.362070694587421,2.8324831567049444,-2.5501130655815225,-3.426071303989924,-0.0940211854970505,-0.2967940736424896,-0.0914556557312591,-0.2867280734781649,0.11356270256793817,0.1100723011717776,-2.1754001490700396,-2.206617845726038,-1.2360971113562647
2026-01,2026,1,Australian Grand Prix,Max Verstappen,max_verstappen,Red Bull,20,0.0,-3.343174527703405,4.087222764276243,0.388232534649061,-0.3313512386637714,-2.4761234975490805,1.877935762806236,-1.0439454814500098,1.8266930554073308,-1.008539264409167,0.014086262777362253,0.0123410620792819,-4.262555227617658,-4.394823196195414,-2.6532503545338337
2026-01,2026,1,Australian Grand Prix,Lando Norris,norris,McLaren,6,0.0,1.6211293438245828,4.098153985415952,3.601692242802914,-1.4484106929530964,-3.307745110411355,1.3248716462314278,0.1469735661957796,1.2887202445415782,0.1419888442189513,0.11580653203689853,0.1327599102468212,-2.1558343075161597,-2.019212968186473,-1.00443037066019
2026-01,2026,1,Australian Grand Prix,Esteban Ocon,ocon,Haas F1 Team,13,0.0,-1.1466701248024762,-0.9535228935141904,-1.2290195467775211,-5.994983761705703,-6.463170519829334,-3.4742533276099468,-3.846095033303428,-3.379452349737118,-3.7156517506525897,0.008352031912241336,0.0081027175268012,-4.785250426939032,-4.815555776434373,-4.31567273012123
2026-01,2026,1,Australian Grand Prix,Sergio Pérez,perez,Cadillac F1 Team,18,0.0,-2.751323672795549,0.4878498638811729,-1.4596192431112631,-4.847959693182194,-5.957085103507606,-2.1800549146505106,-3.708352173309435,-2.120568366538744,-3.5825805461075,0.009099975068561457,0.0108451757666417,-4.699483605181607,-4.524034927675418,-4.2039178892455205
2026-01,2026,1,Australian Grand Prix,Oscar Piastri,piastri,McLaren,5,0.0,2.1117924290176786,3.6034229956373225,3.450885079219426,-2.071215898940406,-4.182042805996355,0.7661035483484582,-0.3655788633884644,0.7451990953086908,-0.3531799739706971,0.12727499376714035,0.1432311144353029,-2.0614052281653326,-1.9432957684812426,-1.2134920457768985
2026-01,2026,1,Australian Grand Prix,George Russell,russell,Mercedes,1,1.0,4.829090014735701,2.6790774493036693,4.599097362227028,-2.919567936768557,-0.4258151688172177,-0.1202452437324439,2.0866410967049047,-0.1169641454314647,2.015871052800257,0.21079531288955372,0.1821241585639491,-1.556867697431418,-1.703066634579299,0.2648866996367434
2026-01,2026,1,Australian Grand Prix,Carlos Sainz,sainz,Williams,21,0.0,-3.630598140418344,0.9799566843896418,-1.5764936344168436,-4.962604418476643,-5.814976427703216,-1.9913238670435007,-3.6957350310600297,-1.936987170189246,-3.570391323979265,0.008102717526801296,0.0046123161306407,-4.815555776434361,-5.379025133685782,-4.255645403747195
2026-01,2026,1,Australian Grand Prix,Lance Stroll,stroll,Aston Martin,22,0.0,-3.9128911821238512,-1.1526328349962016,-3.268829809229428,-5.870054804211235,-6.383098477819606,-3.5113438196037183,-4.825964143524517,-3.415530763859984,-4.662287843436871,0.0048616305160807775,0.0031164298180004,-5.326381400200352,-5.771067221461829,-5.076172771862434
2026-02,2026,2,Chinese Grand Prix,Alexander Albon,albon,Williams,22,0.0,-3.913362927155063,-1.2179506647732496,-2.044866797060089,-6.557124338823907,-6.637127967317227,-3.887537501798578,-4.340997382188657,-3.765983558785656,-4.210731561656266,0.0018698578908002987,0.00012465719272,-6.281892845227788,-8.989943046330158,-5.311445113708222
2026-02,2026,2,Chinese Grand Prix,Fernando Alonso,alonso,Aston Martin,18,0.0,-2.752245936043907,-0.4532401362224474,-1.8372880551086976,-6.186756662172198,-6.403838684522759,-3.3199983991973228,-4.120563369815728,-3.2161900382407227,-3.996912392593962,0.0013712291199202192,0.00037397157816,-6.592047773531628,-7.891330757662049,-5.356305571673678
2026-02,2026,2,Chinese Grand Prix,Andrea Kimi Antonelli,antonelli,Mercedes,1,1.0,4.838984631287856,2.037195719827504,3.5955176897306798,-3.187306444420334,-2.500091087463105,-0.575055362296415,0.5477133011337869,-0.5570747648859682,0.531277372634626,0.2367240089753178,0.2137870855148342,-1.4408603355177125,-1.5427746867299579,-0.4465735171919628
2026-02,2026,2,Chinese Grand Prix,Arvid Lindblad,arvid_lindblad,RB F1 Team,15,0.0,-1.814329565655141,0.1578750043104074,-1.459699448646455,-5.500496916301777,-6.300087182856051,-2.6713109559956845,-3.8798933157512527,-2.5877854904369166,-3.763464430438345,0.0026178010471204186,0.0011219147344801,-5.945420608606575,-6.79271846899385,-4.9126569621789145
2026-02,2026,2,Chinese Grand Prix,Oliver Bearman,bearman,Haas F1 Team,10,0.0,-0.0635192848199454,-0.2761367028874349,0.1649604335293199,-5.953198727022008,-6.169922624022648,-3.114667714954721,-3.002481095246664,-3.017279550402576,-2.9123818325495505,0.0058588880578409365,0.0041136873597606,-5.139795444619939,-5.493435484863532,-4.071138269933302
2026-02,2026,2,Chinese Grand Prix,Gabriel Bortoleto,bortoleto,Audi,16,0.0,-2.134499057192216,-1.3988993514026644,-2.078692464818979,-6.242712246345663,-6.453417493879605,-3.820805798874164,-4.266054979349292,-3.7013383956337,-4.138038050658807,0.0028671154325604583,0.0006232859636,-5.854448830400849,-7.380505133896058,-5.06025190487507
2026-02,2026,2,Chinese Grand Prix,Valtteri Bottas,bottas,Cadillac F1 Team,19,0.0,-3.0510810176965717,-3.038981401528903,-3.709041825448062,-6.361947107906694,-6.592485856424495,-4.700464254717799,-5.150763840936278,-4.553492048304895,-4.996198330055956,0.00012465719272001992,0.00012465719272,-8.989943046329998,-8.989943046330158,-7.070353443633138
2026-02,2026,2,Chinese Grand Prix,Franco Colapinto,colapinto,Alpine F1 Team,12,0.0,-0.7986293778240962,-2.835322092816092,-2.5004599386179103,-6.533254658625869,-6.574957411700544,-4.68428837572098,-4.537708675159228,-4.537821950119927,-4.4015398890798085,0.0006232859636000996,0.0013712291199202,-7.380505133895898,-6.592047773531641,-5.959106904527563
2026-02,2026,2,Chinese Grand Prix,Pierre Gasly,gasly,Alpine F1 Team,7,0.0,1.1656452624090845,-1.879685386399708,-1.0222651933056994,-6.306051271190072,-6.383614117957156,-4.09286832879489,-3.702939655631428,-3.964894184913948,-3.5918208434888697,0.005609573672400897,0.0048616305160807,-5.183280556559678,-5.3263814002003675,-4.443110106095553
2026-02,2026,2,Chinese Grand Prix,Isack Hadjar,hadjar,Red Bull,9,0.0,0.3265744470107911,-0.1674896229354079,-0.6762072829449662,-4.089820010835931,-5.453443591495655,-2.1286548168856694,-3.0648254372203105,-2.062096902991284,-2.972855328690377,0.021565694340563445,0.0170780354026427,-3.8366514518322195,-4.0699621205018754,-3.450738444526265
2026-02,2026,2,Chinese Grand Prix,Lewis Hamilton,hamilton,Ferrari,3,0.0,3.250714378833384,1.307277500814494,2.53653379948094,-4.515004544256686,-3.3959439114029983,-1.603863521721096,-0.4297050559610293,-1.553714568809492,-0.4168103507185539,0.13251059586138117,0.1307653951633009,-2.0210926679880505,-2.034350437933701,-1.22539886197454
2026-02,2026,2,Chinese Grand Prix,Nico Hülkenberg,hulkenberg,Audi,11,0.0,-0.4378864013021963,-1.2899504015416527,-1.9511048386582504,-5.874171280964571,-6.217973681761204,-3.582060841253112,-4.084539260209727,-3.470058418340135,-3.961969304187381,0.0058588880578409365,0.0061082024432809,-5.139795444619939,-5.098122748219384,-4.612167352414833
2026-02,2026,2,Chinese Grand Prix,Liam Lawson,lawson,RB F1 Team,14,0.0,-1.485614517592503,0.084669578619962,-0.1295417876275903,-5.26201295777965,-5.997099930371907,-2.588671689579844,-3.0633208589997487,-2.507730155025187,-2.971395900258954,0.0023684866616803784,0.0018698578908002,-6.045504067163558,-6.2818928452278415,-4.554412463081653
2026-02,2026,2,Chinese Grand Prix,Charles Leclerc,leclerc,Ferrari,4,0.0,2.6510690098374816,2.961545938524507,3.4910501604377906,-1.431130666559427,-1.51407761314649,0.76520763598254,0.9884862736456504,0.7412814345415915,0.9588235108783218,0.11281475941161802,0.1245325355272999,-2.182008102630072,-2.083188267681445,-0.5967609144922108
2026-02,2026,2,Chinese Grand Prix,Max Verstappen,max_verstappen,Red Bull,8,0.0,0.7351010291773318,3.024269845199464,2.485810703140672,-1.0736166051970275,-2.835082387124288,0.9753266200012182,-0.1746358419918077,0.9448305035440098,-0.1693953225331302,0.045250560957367236,0.0519820493642483,-3.0955402120651474,-2.9568568245311972,-1.6350880270284776
2026-02,2026,2,Chinese Grand Prix,Lando Norris,norris,McLaren,6,0.0,1.6231306883873986,3.6891048704189,3.423747610649364,-1.753803172366098,-3.028396114137452,0.9676508490264008,0.1976757482559559,0.9373947354571956,0.1917438410745391,0.08838194963849413,0.100099725754176,-2.426087519797871,-2.3015883323832367,-1.1142058857709576
2026-02,2026,2,Chinese Grand Prix,Esteban Ocon,ocon,Haas F1 Team,13,0.0,-1.1474202026907774,-1.059741940412237,-0.9880508667867308,-6.232538519394769,-6.39240772282815,-3.646140229903503,-3.69022929480744,-3.5321341987030923,-3.579491898601412,0.0026178010471204186,0.0028671154325604,-5.945420608606575,-5.854448830400869,-4.817824951707008
2026-02,2026,2,Chinese Grand Prix,Sergio Pérez,perez,Cadillac F1 Team,21,0.0,-3.631221516771236,-1.2788390774431464,-2.5097668029069267,-6.382830052948552,-6.572508892716994,-3.8308345651958495,-4.54113784781196,-3.711053586564952,-4.404866158194477,0.00012465719272001992,0.00012465719272,-8.989943046329998,-8.989943046330158,-6.765540447070979
2026-02,2026,2,Chinese Grand Prix,Oscar Piastri,piastri,McLaren,5,0.0,2.114645595142992,2.9978239869393617,2.9014793542162174,-2.7297688251606638,-4.404135878618802,0.1340275808893491,-0.7513282622012922,0.1298368609485006,-0.7287822010204211,0.12552979306906006,0.1382448267265021,-2.075212153611436,-1.9787290589796314,-1.4132702079063642
2026-02,2026,2,Chinese Grand Prix,George Russell,russell,Mercedes,2,0.0,3.949290111645939,3.3318986259069576,4.114102488604472,-1.866088426407388,-1.2912213211599677,0.7329050997497849,1.411440583722252,0.7099889208865201,1.369085693916123,0.20356519571179252,0.1983295936175517,-1.5917689533595334,-1.6178250179922116,-0.09016418481864075
2026-02,2026,2,Chinese Grand Prix,Carlos Sainz,sainz,Williams,17,0.0,-2.446912795221181,-0.1846898998306771,-0.954637418826346,-6.205343350787776,-6.395085128533231,-3.1950166253092265,-3.674861273679789,-3.095116143675673,-3.5645850451976493,0.0016205435053602587,0.0011219147344801,-6.424993688868462,-6.79271846899385,-5.049927481274125
2026-02,2026,2,Chinese Grand Prix,Lance Stroll,stroll,Aston Martin,20,0.0,-3.343924827957512,-2.048739624661042,-3.2205120468642794,-6.476932988638044,-6.59458172232516,-4.262836306649543,-4.90754688459472,-4.129547673098827,-4.760279893753875,0.00012465719272001992,0.00037397157816,-8.989943046329998,-7.891330757662049,-6.9487449654623585
2026-03,2026,3,Japanese Grand Prix,Alexander Albon,albon,Williams,17,0.0,-2.447880127204781,-1.2891348836097762,-2.0667217123118165,-6.393910708846653,-6.620718942138158,-3.841522796228215,-4.343720327224987,-3.706561871487274,-4.212419761708103,0.0031164298180004976,0.0013712291199202,-5.771067221461798,-6.592047773531641,-5.057393774343392
2026-03,2026,3,Japanese Grand Prix,Fernando Alonso,alonso,Aston Martin,21,0.0,-3.631855113283765,-0.5464947578669024,-2.254883756370771,-6.051425733578741,-6.405021669937383,-3.2989602457228218,-4.329952713154077,-3.183060705602039,-4.199068310598237,0.0008726003490401394,0.00037397157816,-7.044032897274685,-7.891330757662049,-5.6869928052143806
2026-03,2026,3,Japanese Grand Prix,Andrea Kimi Antonelli,antonelli,Mercedes,1,1.0,4.848835887466485,2.716752238181198,4.360936562221412,-2.208860129572933,-1.115134521943841,0.2539460543041325,1.6229010201387857,0.2450243854396787,1.5738444958532352,0.24619795562203933,0.2337322363500373,-1.4016193689947762,-1.4535791079254874,0.11064082557200472
2026-03,2026,3,Japanese Grand Prix,Arvid Lindblad,arvid_lindblad,RB F1 Team,10,0.0,-0.0635883217817365,-0.4456266301221483,-0.2769987469157038,-5.766846109963448,-6.235668168394857,-3.106236370042798,-3.2563334576552805,-2.997107632507639,-3.157902068824398,0.004363001745200697,0.0033657442034405,-5.434594984840585,-5.69410618032568,-4.345464221247933
2026-03,2026,3,Japanese Grand Prix,Oliver Bearman,bearman,Haas F1 Team,18,0.0,-2.753173972052253,0.1674559080323238,-1.3657874003090356,-5.803580775482401,-6.355765707790221,-2.818062433725039,-3.860776554049629,-2.719057863868871,-3.744074255859797,0.0038643729743206173,0.0026178010471204,-5.5559558418448525,-5.945420608606582,-4.708366197947241
2026-03,2026,3,Japanese Grand Prix,Gabriel Bortoleto,bortoleto,Audi,9,0.0,0.3268703026916131,-1.2632059238957216,-0.8371317067251809,-5.80575966318649,-6.192603749464292,-3.534482793541106,-3.514867728094736,-3.410308841803631,-3.408621449409773,0.007354774370481175,0.0108451757666417,-4.912405602424279,-4.524034927675418,-4.213636665259507
2026-03,2026,3,Japanese Grand Prix,Valtteri Bottas,bottas,Cadillac F1 Team,20,0.0,-3.3446837289136404,-3.16531960879633,-3.74299443480923,-6.36859290679192,-6.581717462576918,-4.766956257794125,-5.162355948693074,-4.59948287318134,-5.006309931822581,0.00012465719272001992,0.00012465719272,-8.989943046329998,-8.989943046330158,-7.076149497511536
2026-03,2026,3,Japanese Grand Prix,Franco Colapinto,colapinto,Alpine F1 Team,15,0.0,-1.8152709766218127,-2.045097904758362,-2.467840047426167,-6.398492344767454,-6.541866034653208,-4.221795124762908,-4.504853041039688,-4.073474418540825,-4.368681808248362,0.0028671154325604583,0.0013712291199202,-5.854448830400849,-6.592047773531641,-5.179650935720268
2026-03,2026,3,Japanese Grand Prix,Pierre Gasly,gasly,Alpine F1 Team,7,0.0,1.1669516940146365,-1.114444057550153,-0.2173603892946781,-6.087596737064974,-6.239526920411832,-3.6010203973075634,-3.228443654853255,-3.4745088370198585,-3.130855309911987,0.011094490152081773,0.0083520319122413,-4.501306676597858,-4.785250426939037,-3.8648751657255564
2026-03,2026,3,Japanese Grand Prix,Isack Hadjar,hadjar,Red Bull,8,0.0,0.7358496762307303,0.2383802406316048,0.3529134602960457,-4.316444005911459,-5.590620122297853,-2.039031882639927,-2.618853331000904,-1.9673963248013688,-2.5396914841363585,0.01932186487160309,0.0183246073298429,-3.9465179294107515,-3.9995104595512636,-3.282685630205828
2026-03,2026,3,Japanese Grand Prix,Lewis Hamilton,hamilton,Ferrari,6,0.0,1.6251233760827652,1.8486570080254123,2.182338095628252,-3.584217849179812,-4.552841796923632,-0.8677804205771998,-1.18525185064769,-0.8372934355336198,-1.149424443138377,0.05796559461480926,0.0676888556469708,-2.847905640742642,-2.692833726396063,-2.016578745695166
2026-03,2026,3,Japanese Grand Prix,Nico Hülkenberg,hulkenberg,Audi,13,0.0,-1.1481720053390283,-1.2239824235853278,-1.665542606949694,-5.954334836263282,-6.4131224896850245,-3.589158629924305,-4.039332548317359,-3.4630637989338147,-3.917232917597429,0.009099975068561455,0.0041136873597606,-4.699483605181607,-5.493435484863532,-4.369408076749483
2026-03,2026,3,Japanese Grand Prix,Liam Lawson,lawson,RB F1 Team,14,0.0,-1.48648372577471,0.1818647119613954,-0.673987069752835,-5.262739375606934,-5.929899532544309,-2.540437331822769,-3.301943301148572,-2.4511863264959635,-3.20213323280044,0.0058588880578409365,0.0031164298180004,-5.139795444619939,-5.771067221461829,-4.2208693728842555
2026-03,2026,3,Japanese Grand Prix,Charles Leclerc,leclerc,Ferrari,4,0.0,2.6549729054060247,3.1679645648293624,3.460994812199922,-1.832228885099768,-2.829395742715506,0.6678678398647974,0.315799534742208,0.6444042120135225,0.3062536491008755,0.11281475941161802,0.1155572176514584,-2.182008102630072,-2.1579894807641438,-0.9331042839439321
2026-03,2026,3,Japanese Grand Prix,Max Verstappen,max_verstappen,Red Bull,11,0.0,-0.438245337105285,2.9314857411392774,1.8783376450038376,-1.4814453199823867,-3.2783977259307093,0.7250202105784453,-0.7000300404634359,0.6995486975181527,-0.6788697600430855,0.026302667663924202,0.0195711792570431,-3.638084912853932,-3.933697240981692,-2.169057476658684
2026-03,2026,3,Japanese Grand Prix,Lando Norris,norris,McLaren,5,0.0,2.1174868116145547,2.763422869651265,2.579331479514321,-1.5421863353354954,-3.1647932248699,0.610618267157885,-0.2927308726777895,0.5891659394298672,-0.2838822990516417,0.10259286960857639,0.12528047868362,-2.2769868456529285,-2.0772002258368225,-1.2848588591653591
2026-03,2026,3,Japanese Grand Prix,Esteban Ocon,ocon,Haas F1 Team,12,0.0,-0.7992132445130362,-0.7325451502877321,-0.837669383088852,-6.103457997044956,-6.50262906712008,-3.418001573666344,-3.670149225104466,-3.297919856696989,-3.5592091478238848,0.005110944901520817,0.0036150585888805,-5.276370979625691,-5.6226472163435455,-4.473260102365078
2026-03,2026,3,Japanese Grand Prix,Sergio Pérez,perez,Cadillac F1 Team,19,0.0,-3.051938771141162,-1.755087431639562,-2.5145295577728803,-6.289513096610735,-6.632224596157463,-4.022300264125148,-4.573377076965172,-3.880988239694352,-4.435134521899222,0.00012465719272001992,0.00012465719272,-8.989943046329998,-8.989943046330158,-6.781660061647585
2026-03,2026,3,Japanese Grand Prix,Oscar Piastri,piastri,McLaren,3,0.0,3.2559824331609057,2.2305562660577447,2.676257671276617,-2.8274864836285225,-2.566178089389738,-0.2984651087853889,0.0550397909434394,-0.2879793901729335,0.0533760660411915,0.1808775866367489,0.1763899276988282,-1.7099347934458105,-1.7350582362526603,-0.8274475012511855
2026-03,2026,3,Japanese Grand Prix,George Russell,russell,Mercedes,2,0.0,3.956394083205813,3.6624975357652754,4.168233544903033,-1.819027840234083,-2.026319371851564,0.9217348477655962,1.0709570865257343,0.8893523281193416,1.038584543978784,0.19758165046123155,0.2020693093991522,-1.6216033600186175,-1.5991445245943225,-0.2753231367464416
2026-03,2026,3,Japanese Grand Prix,Carlos Sainz,sainz,Williams,16,0.0,-2.1354719206767494,-0.3065047577020595,-1.2764331322510638,-6.10545388398364,-6.465689844827131,-3.2059793208428498,-3.871061488539097,-3.0933463997871398,-3.754048300694076,0.0021191722762403387,0.0018698578908002,-6.156729702273783,-6.2818928452278415,-5.0138955954064395
2026-03,2026,3,Japanese Grand Prix,Lance Stroll,stroll,Aston Martin,22,0.0,-3.913846635808061,-1.9467439705685616,-3.3666316594915093,-6.451937132879462,-6.647014284322467,-4.199340551724012,-5.006822971906988,-4.05180872275263,-4.855478355281014,0.0003739715781600597,0.00012465719272,-7.891330757661889,-8.989943046330158,-6.4490768647844385
2026-04,2026,4,Miami Grand Prix,Alexander Albon,albon,Williams,15,0.0,-1.816215075140504,-1.7918018821337909,-2.3420070613351536,-6.5138245904516605,-6.60481470408523,-4.152813236292726,-4.473410882710192,-4.005614916950433,-4.352982551473201,0.00037397157816005983,0.00012465719272,-7.891330757661889,-8.989943046330158,-6.182370820186041
2026-04,2026,4,Miami Grand Prix,Fernando Alonso,alonso,Aston Martin,17,0.0,-2.448851966231005,-1.219384489979795,-1.6646966495137494,-6.393871534758303,-6.56131525029013,-3.806628012369049,-4.11300594990194,-3.671700382856332,-4.002280050604619,0.00012465719272001995,0.00012465719272,-8.989943046329998,-8.989943046330158,-6.551474498115969
2026-04,2026,4,Miami Grand Prix,Andrea Kimi Antonelli,antonelli,Mercedes,1,1.0,4.858644265467721,3.3732424579322027,4.519828612602641,-1.374943590238262,-1.0234372240656446,0.9991494338469704,1.7481956942684982,0.9637341360558828,1.7011326598957426,0.3701072051857392,0.3618798304662179,-0.9939625715662385,-1.0164430823053683,0.37711656135112986
2026-04,2026,4,Miami Grand Prix,Arvid Lindblad,arvid_lindblad,RB F1 Team,16,0.0,-2.1364482892234347,-0.7819264510414604,-2.2933337429144958,-5.763910741635794,-6.388971400894934,-3.272918596338627,-4.341152571904715,-3.156908535372037,-4.224284755916633,0.00012465719272001995,0.00037397157816,-8.989943046329998,-7.891330757662049,-6.665547809117356
2026-04,2026,4,Miami Grand Prix,Oliver Bearman,bearman,Haas F1 Team,12,0.0,-0.7997986589566697,0.0003384156727881,-0.209626791676612,-6.11402403048781,-6.458876597616004,-3.056842807407511,-3.334251694646308,-2.948491649254864,-3.244490575438073,0.0013712291199202194,0.0006232859636,-6.592047773531627,-7.380505133896058,-4.963149734088968
2026-04,2026,4,Miami Grand Prix,Gabriel Bortoleto,bortoleto,Audi,21,0.0,-3.632498779018734,-0.9516046406065748,-3.421965646247556,-5.891047953939291,-6.385052315177782,-3.4213262972729326,-4.903508980712669,-3.300055859084446,-4.7715020134932695,0.00012465719272001995,0.00037397157816,-8.989943046329998,-7.891330757662049,-6.946726013521333
2026-04,2026,4,Miami Grand Prix,Valtteri Bottas,bottas,Cadillac F1 Team,19,0.0,-3.0528035269689817,-3.4786483065414293,-3.976516441797167,-6.447758325378104,-6.590312306873656,-4.963203315959767,-5.283414374335411,-4.787280358414109,-5.141180004853736,0.00012465719272001995,0.00012465719272,-8.989943046329998,-8.989943046330158,-7.1366787103327045
2026-04,2026,4,Miami Grand Prix,Franco Colapinto,colapinto,Alpine F1 Team,8,0.0,0.7365940267260462,-1.9584252302117544,-1.0808105490588829,-6.296217285766906,-6.375390920357738,-4.12732125798933,-3.728100734708311,-3.981026513199867,-3.6277368374639063,0.004113687359760658,0.0036150585888805,-5.493435484863518,-5.6226472163435455,-4.610768109785915
2026-04,2026,4,Miami Grand Prix,Pierre Gasly,gasly,Alpine F1 Team,9,0.0,0.327163145874692,-0.862106346156823,-0.3941846952235699,-6.085007556214697,-6.199174891530693,-3.47355695118576,-3.2966797933771312,-3.350435174148965,-3.207930144273003,0.0048616305160807775,0.0023684866616803,-5.326381400200352,-6.045504067163591,-4.311530596788741
2026-04,2026,4,Miami Grand Prix,Isack Hadjar,hadjar,Red Bull,22,0.0,-3.91434213569028,0.3155035828789199,-1.7792525737052818,-4.619330915838872,-5.573277724427157,-2.151913666479976,-3.67626514906622,-2.0756381257676426,-3.5772967134150484,0.00012465719272001995,0.0006232859636,-8.989943046329998,-7.380505133896058,-6.333104097698109
2026-04,2026,4,Miami Grand Prix,Lewis Hamilton,hamilton,Ferrari,6,0.0,1.6271075109257924,1.9759901720055209,2.096899379429949,-3.621377795743319,-4.570742503349363,-0.8226938118688989,-1.2369215619597071,-0.7935330623841681,-1.203622496999322,0.04425330341560708,0.0509847918224881,-3.1178252568545823,-2.9762278902871975,-2.177373409407145
2026-04,2026,4,Miami Grand Prix,Nico Hülkenberg,hulkenberg,Audi,10,0.0,-0.063659525605665,-0.9245120689483184,-1.7605989566238789,-6.076154768339077,-6.364830699054231,-3.5003334186436974,-4.062714827839055,-3.376262537762481,-3.953342811756325,0.002368486661680379,0.0026178010471204,-6.045504067163558,-5.945420608606582,-5.054109447501306
2026-04,2026,4,Miami Grand Prix,Liam Lawson,lawson,RB F1 Team,11,0.0,-0.4386059681919305,0.1047243478974413,-0.4037398298785037,-5.348001150734753,-6.03602341829968,-2.621638401418656,-3.219881624089092,-2.5287132577498928,-3.13319945226615,0.0018698578908002991,0.0013712291199202,-6.281892845227788,-6.592047773531641,-4.75088723465844
2026-04,2026,4,Miami Grand Prix,Charles Leclerc,leclerc,Ferrari,3,0.0,3.261228520804589,3.1642276501995497,3.657174234923027,-1.981146675565107,-2.233640776515232,0.5915404873172213,0.7117667292038976,0.5705730706284449,0.6926053148658287,0.15370231862378458,0.1479680877586636,-1.8727375431656539,-1.9107586517203305,-0.5804854069808781
2026-04,2026,4,Miami Grand Prix,Max Verstappen,max_verstappen,Red Bull,2,0.0,3.963467905212077,2.683893115680745,3.738641378324204,-2.534394110700027,-2.401498887904487,0.0747495024903588,0.6685712452098587,0.072099972999821,0.6505726929899291,0.11780104712041885,0.1100723011717776,-2.138758118836255,-2.206617845726038,-0.7350934368131983
2026-04,2026,4,Miami Grand Prix,Lando Norris,norris,McLaren,4,0.0,2.658860664105077,3.346851551181453,3.6585387568945498,-1.3863791880630163,-1.6644330420117506,0.9802361815592184,0.9970528574413996,0.9454912724400132,0.9702112784036172,0.14023934181002243,0.1489653453004238,-1.9644047316914777,-1.9040415819643874,-0.48367593712503903
2026-04,2026,4,Miami Grand Prix,Esteban Ocon,ocon,Haas F1 Team,14,0.0,-1.4873550072545836,-0.8961857473782859,-1.091166616809312,-6.138371591954112,-6.460849929696663,-3.517278669666199,-3.7760082732529874,-3.3926071567966365,-3.674354661052395,0.00037397157816005983,0.00012465719272,-7.891330757661889,-8.989943046330158,-5.833669515457438
2026-04,2026,4,Miami Grand Prix,Sergio Pérez,perez,Cadillac F1 Team,20,0.0,-3.345451099703555,-2.381455370147592,-3.024539365000679,-6.339152250034531,-6.614354127137072,-4.360303810091061,-4.819446746068875,-4.205750894718404,-4.689702811444432,0.00012465719272001995,0.00012465719272,-8.989943046329998,-8.989943046330158,-6.9046948961994365
2026-04,2026,4,Miami Grand Prix,Oscar Piastri,piastri,McLaren,7,0.0,1.168252021312665,3.080823944334243,2.91109416623348,-2.4311441741368687,-3.0956431581663244,0.3248398850986871,-0.0922744959664223,0.313325790334205,-0.0897903817510435,0.060458738469209676,0.0632011967090501,-2.805794155392515,-2.7614320427388153,-1.4490343256794687
2026-04,2026,4,Miami Grand Prix,George Russell,russell,Mercedes,5,0.0,2.120316217298888,3.8195651069517593,3.251700750540296,-1.3326771783719855,-3.111409543048248,1.243443964289887,0.0701456037460239,1.1993695377926372,0.0682572196417614,0.0968586387434555,0.1040887559212166,-2.3345026959623505,-2.2625113214791432,-1.1321785461081633
2026-04,2026,4,Miami Grand Prix,Carlos Sainz,sainz,Williams,13,0.0,-1.14892549249464,-0.918636982110776,-1.1570177360974243,-6.171110720967008,-6.453449792518264,-3.544873851538892,-3.805233764307844,-3.4192242151269303,-3.7027933750349913,0.00037397157816005983,0.00012465719272,-7.891330757661889,-8.989943046330158,-5.848282260984867
2026-04,2026,4,Miami Grand Prix,Lance Stroll,stroll,Aston Martin,18,0.0,-2.754107685495465,-2.31092584043017,-2.596225618055758,-6.5138245904516605,-6.561890433817094,-4.412375215440916,-4.579058025936426,-4.255976605856368,-4.455785576532721,0.00012465719272001995,0.00012465719272,-8.989943046329998,-8.989943046330158,-6.784500536133212
2026-05,2026,5,Canadian Grand Prix,Alexander Albon,albon,Williams,18,0.0,-2.755046981042796,-1.196784337299946,-2.343551831785092,-6.489483707696014,-6.605961455411466,-3.84313402249798,-4.474756643598279,-3.712030916714271,-4.368544177914041,0.0006232859636000996,0.00037397157816,-7.380505133895898,-7.891330757662049,-5.927630888747089
2026-05,2026,5,Canadian Grand Prix,Fernando Alonso,alonso,Aston Martin,19,0.0,-3.0536751730890024,-1.5926899398093757,-2.8747034877914976,-6.505147277698359,-6.575681695883596,-4.048918608753867,-4.725192591837547,-3.9107954515687178,-4.613035798522327,0.0003739715781600597,0.00012465719272,-7.891330757661889,-8.989943046330158,-6.308261674749717
2026-05,2026,5,Canadian Grand Prix,Andrea Kimi Antonelli,antonelli,Mercedes,2,1.0,3.970511908811599,3.639009383290936,4.163041391696774,-1.3786825804597824,-1.9311229138118544,1.1301634014155766,1.1159592389424595,1.0916094683231377,1.0894709197305634,0.23423086512091743,0.2142857142857142,-1.4514480469165332,-1.5404450409471493,-0.16774440398703683
2026-05,2026,5,Canadian Grand Prix,Arvid Lindblad,arvid_lindblad,RB F1 Team,9,0.0,0.3274530232274855,-1.292808871826188,-0.6722123619655561,-6.041835032327892,-6.152444835138647,-3.66732195207704,-3.4123285985521017,-3.542216427520402,-3.331333839944264,0.0018698578908002987,0.0013712291199202,-6.281892845227788,-6.592047773531641,-4.847110721889945
2026-05,2026,5,Canadian Grand Prix,Oliver Bearman,bearman,Haas F1 Team,16,0.0,-2.137428095752632,-0.2232293977229854,-1.3524453087015964,-6.213394943781441,-6.477980252818376,-3.218312170752213,-3.915212780759986,-3.1085239826491926,-3.822281603437107,0.0023684866616803784,0.0026178010471204,-6.045504067163558,-5.945420608606582,-4.980358423961771
2026-05,2026,5,Canadian Grand Prix,Gabriel Bortoleto,bortoleto,Audi,13,0.0,-1.1496806235863213,-1.34673695341601,-1.3487816581092835,-6.465865739282828,-6.518929371793309,-3.906301346349419,-3.933855514951296,-3.773043376256402,-3.8404818351811865,0.0028671154325604583,0.0021191722762403,-5.854448830400849,-6.1567297022738,-4.894152172676073
2026-05,2026,5,Canadian Grand Prix,Valtteri Bottas,bottas,Cadillac F1 Team,21,0.0,-3.6331523637636094,-4.007015916729844,-4.617780091741079,-6.508205063681219,-6.4948629867106105,-5.257610490205531,-5.556321539225845,-5.078254511404946,-5.424437135710873,0.00012465719272001992,0.00012465719272,-8.989943046329998,-8.989943046330158,-7.273132292777921
2026-05,2026,5,Canadian Grand Prix,Franco Colapinto,colapinto,Alpine F1 Team,10,0.0,-0.0637328568162871,-1.4981853114885193,-1.055187735366255,-6.314900945422089,-6.3629074209693846,-3.906543128455304,-3.70904757816782,-3.7732769103061914,-3.621009921599177,0.0041136873597606574,0.0038643729743206,-5.493435484863518,-5.555955841844857,-4.601241531515669
2026-05,2026,5,Canadian Grand Prix,Pierre Gasly,gasly,Alpine F1 Team,14,0.0,-1.4882283150310125,-0.7014996977790049,-1.873272979661611,-5.987393613055841,-6.34559444156521,-3.344446655417423,-4.109433710613411,-3.2303555669759736,-4.011892520838408,0.0038643729743206173,0.0023684866616803,-5.5559558418448525,-6.045504067163591,-4.832694776229132
2026-05,2026,5,Canadian Grand Prix,Isack Hadjar,hadjar,Red Bull,7,0.0,1.1695463208095347,0.2274589040048138,-0.2162597663894286,-5.159711252127945,-5.66455102247836,-2.4661261740615656,-2.940405394433894,-2.3819977521066598,-2.870612167242231,0.01358763400648217,0.0223136374968835,-4.298595164100854,-3.8025572404892465,-3.619500279267374
2026-05,2026,5,Canadian Grand Prix,Lewis Hamilton,hamilton,Ferrari,5,0.0,2.123133947394026,1.909502600845641,2.2299180950782302,-3.794636832658628,-4.335987632815671,-0.9425671159064932,-1.0530347688687205,-0.9104127659458812,-1.0280400198441475,0.061705310396409856,0.0799052605335327,-2.785385283761308,-2.5269135894093293,-1.9192100263150143
2026-05,2026,5,Canadian Grand Prix,Nico Hülkenberg,hulkenberg,Audi,11,0.0,-0.4389682581510001,-1.225932873361662,-1.1629843201424903,-6.2271672628199095,-6.413561609835956,-3.726550068090786,-3.788272964989223,-3.59942405975355,-3.698354820977508,0.0041136873597606574,0.0046123161306407,-5.493435484863518,-5.379025133685782,-4.64085422492637
2026-05,2026,5,Canadian Grand Prix,Liam Lawson,lawson,RB F1 Team,12,0.0,-0.8003855842323016,-0.0204463973898273,-0.3479432511464537,-5.846259925134106,-6.007908702034827,-2.9333531612619668,-3.1779259765906405,-2.833285948526061,-3.1024949798640207,0.0028671154325604583,0.0021191722762403,-5.854448830400849,-6.1567297022738,-4.516187403495745
2026-05,2026,5,Canadian Grand Prix,Charles Leclerc,leclerc,Ferrari,8,0.0,0.7373341393607475,3.1388361922338843,2.5630387542236077,-1.9380755992776533,-3.931753698401266,0.6003802964781155,-0.6843574720888295,0.5798991680400125,-0.6681136178841599,0.044003989030167036,0.0462478184991274,-3.1234749893967013,-3.073740983722563,-1.9039162307427655
2026-05,2026,5,Canadian Grand Prix,Max Verstappen,max_verstappen,Red Bull,6,0.0,1.6290831943028867,2.6033062228718498,2.763978344427356,-2.6762275187622304,-3.159064907240318,-0.0364606479451903,-0.1975432814064808,-0.0352168442796096,-0.192854409883701,0.037521815008726,0.044253303415607,-3.2828327815811225,-3.117825256854584,-1.7401880314938016
2026-05,2026,5,Canadian Grand Prix,Lando Norris,norris,McLaren,3,0.0,3.2664528847532472,3.8684945118943608,4.253972465319814,-1.2232217496491578,-1.1605924530765444,1.3226363811226016,1.5466900061216349,1.2775165033424898,1.5099778958810992,0.1891049613562702,0.18810770381451,-1.6654530669814662,-1.6707405875621497,-0.059381530429915674
2026-05,2026,5,Canadian Grand Prix,Esteban Ocon,ocon,Haas F1 Team,17,0.0,-2.449828232023867,-1.06683656775684,-1.808203642519747,-6.417050913513647,-6.564675193706881,-3.7419437406352434,-4.186439418113314,-3.6142925988344894,-4.087070427026025,0.0008726003490401394,0.0013712291199202,-7.044032897274685,-6.592047773531641,-5.6152361576939995
2026-05,2026,5,Canadian Grand Prix,Sergio Pérez,perez,Cadillac F1 Team,20,0.0,-3.346226809903438,-2.570464464493881,-3.162644104849325,-6.544325845732413,-6.563789348464774,-4.557395155113147,-4.86321672665705,-4.401926036518474,-4.747783803520538,0.0003739715781600597,0.00012465719272,-7.891330757661889,-8.989943046330158,-6.377273742159469
2026-05,2026,5,Canadian Grand Prix,Oscar Piastri,piastri,McLaren,4,0.0,2.662732466731256,3.3760635114950426,3.6339952972437137,-2.155379887896943,-2.716084152148924,0.6103418117990498,0.4589555725473948,0.5895208602922635,0.4480618397966945,0.13550236848666164,0.1472201446023435,-1.998766159208789,-1.9158262301326363,-0.7699052933306971
2026-05,2026,5,Canadian Grand Prix,George Russell,russell,Mercedes,1,0.0,4.868410234758679,3.845672131963855,5.058594083190066,-1.547291562699417,0.0954195577107792,1.149190284632219,2.5770068204504226,1.1099872762099887,2.515839192736697,0.2576664173522812,0.2357267514335577,-1.35608948664823,-1.4450819776715407,0.6104586669010963
2026-05,2026,5,Canadian Grand Prix,Carlos Sainz,sainz,Williams,15,0.0,-1.8171618052922984,-0.4055096867624841,-0.8442792180790277,-6.304078572276064,-6.415281335097419,-3.3547941295192745,-3.629780276588224,-3.240350051568787,-3.543624102348,0.0018698578908002987,0.0006232859636,-6.281892845227788,-7.380505133896058,-4.955836560908006
2026-05,2026,5,Canadian Grand Prix,Lance Stroll,stroll,Aston Martin,22,0.0,-3.914849255447385,-2.678246454668604,-3.3871439817048543,-6.570505021210249,-6.614810141661175,-4.624375737939427,-5.000977061683015,-4.466621671074846,-4.882274270256006,0.0003739715781600597,0.00012465719272,-7.891330757661889,-8.989943046330158,-6.446153909672452
2026-06,2026,6,Monaco Grand Prix,Alexander Albon,albon,Williams,11,0.0,-0.4367483086896879,-1.0818635975429098,-0.6019965876119777,-6.472687566295591,-6.598267581899546,-3.77727558191925,-3.600132084755762,-3.653182757779978,-3.506232098131065,0.0023684866616803784,0.0013712291199202,-6.045504067163558,-6.592047773531641,-4.82281807595966
2026-06,2026,6,Monaco Grand Prix,Fernando Alonso,alonso,Aston Martin,21,0.0,-3.642067254307066,-1.352719325397616,-2.685617375661599,-6.426185703191243,-6.576205914179503,-3.8894525142944296,-4.630911644920551,-3.761674401104936,-4.510126481687382,0.00012465719272001992,0.00012465719272,-8.989943046329998,-8.989943046330158,-6.810427345625275
2026-06,2026,6,Monaco Grand Prix,Andrea Kimi Antonelli,antonelli,Mercedes,1,1.0,4.873212838008031,4.283311107012349,5.453940460937483,-0.9036641294537768,0.1002982913775712,1.689823488779286,2.7771193761575272,1.6343086171550791,2.7046855136943755,0.3676140613313388,0.3135128396908501,-1.000721637514722,-1.1599149637961588,0.8881988693214026
2026-06,2026,6,Monaco Grand Prix,Arvid Lindblad,arvid_lindblad,RB F1 Team,15,0.0,-1.8189889835665416,-0.7499750335666002,-1.7448651314598411,-6.047951739463519,-6.455392584304116,-3.39896338651506,-4.100128857881979,-3.287299051564861,-3.993187769096685,0.0003739715781600597,0.0008726003490401,-7.891330757661889,-7.044032897274731,-5.995729807771934
2026-06,2026,6,Monaco Grand Prix,Oliver Bearman,bearman,Haas F1 Team,19,0.0,-3.060122864720237,-0.1764273851477345,-1.680762377252348,-6.231594362089775,-6.522711974133451,-3.204010873618755,-4.101737175692899,-3.098751209806175,-3.99475413816312,0.0011219147344801793,0.00012465719272,-6.792718468993779,-8.989943046330158,-5.447227822343339
2026-06,2026,6,Monaco Grand Prix,Gabriel Bortoleto,bortoleto,Audi,16,0.0,-2.1403653266218785,-0.9756794634093028,-1.8298724301308105,-6.519728968713204,-6.656013003325911,-3.747704216061253,-4.24294271672836,-3.624582884264383,-4.132276703657015,0.0013712291199202192,0.00037397157816,-6.592047773531628,-7.891330757662049,-5.417495245129994
2026-06,2026,6,Monaco Grand Prix,Valtteri Bottas,bottas,Cadillac F1 Team,20,0.0,-3.353896716494074,-3.517580291315942,-4.09402498031474,-6.553023766122896,-6.624564859261075,-5.03530202871942,-5.359294919787907,-4.869879931340835,-5.219511792547444,0.00012465719272001992,0.00012465719272,-8.989943046329998,-8.989943046330158,-7.174618983058952
2026-06,2026,6,Monaco Grand Prix,Franco Colapinto,colapinto,Alpine F1 Team,14,0.0,-1.488980517230955,-0.7517368359044913,-1.3033357499636085,-6.234446052424739,-6.547586798961603,-3.4930914441646155,-3.925461274462605,-3.378334770238572,-3.8230759306779727,0.0018698578908002987,0.0018698578908002,-6.281892845227788,-6.2818928452278415,-5.103677059845197
2026-06,2026,6,Monaco Grand Prix,Pierre Gasly,gasly,Alpine F1 Team,9,0.0,0.3313836010340014,-0.1858288110275673,0.0982213879421672,-5.930542687922452,-6.229684706655799,-3.05818574947501,-3.065731659356816,-2.957716800846696,-2.9857701037718227,0.0058588880578409365,0.006606831214161,-5.139795444619939,-5.019651132777885,-4.102763551988378
2026-06,2026,6,Monaco Grand Prix,Isack Hadjar,hadjar,Red Bull,5,0.0,2.129422064030829,1.0113257968692833,1.8026995318585295,-4.706006928925359,-4.823684730440427,-1.847340566028038,-1.5104925992909488,-1.7866508697075536,-1.4710953684308077,0.03602592869608576,0.0412615307903266,-3.3235163582175664,-3.1878246709529354,-2.4170044787542575
2026-06,2026,6,Monaco Grand Prix,Lewis Hamilton,hamilton,Ferrari,3,0.0,3.27292630913154,2.4642267653336134,3.2109410920672,-2.998929505076481,-2.5265527306257174,-0.267351369871434,0.3421941807207411,-0.2585682176217927,0.3332689445804381,0.13799551234106205,0.1355023684866616,-1.9805341136213614,-1.9987661592087893,-0.8191699664503101
2026-06,2026,6,Monaco Grand Prix,Nico Hülkenberg,hulkenberg,Audi,13,0.0,-1.1493967587869351,-0.694734441215346,-1.0265292990408128,-6.194841862573558,-6.457024848483339,-3.444788151894452,-3.741777073762076,-3.3316183603186715,-3.6441826497500767,0.0026178010471204186,0.0023684866616803,-5.945420608606575,-6.045504067163591,-4.843598841184326
2026-06,2026,6,Monaco Grand Prix,Liam Lawson,lawson,RB F1 Team,10,0.0,-0.0606253170545862,-0.1115818979887314,-0.2130764996245756,-6.102148821576506,-6.327403315138756,-3.106865359782619,-3.270239907381666,-3.004797165827862,-3.1849442914616404,0.0041136873597606574,0.0026178010471204,-5.493435484863518,-5.945420608606582,-4.3818376961225916
2026-06,2026,6,Monaco Grand Prix,Charles Leclerc,leclerc,Ferrari,4,0.0,2.6692429892439717,3.525334159750416,3.5560702621550355,-2.136858951346875,-3.010733233723122,0.6942376042017704,0.2726685142159568,0.6714301857170152,0.2655566724181881,0.11630516080777858,0.1227873348292196,-2.1515378454826544,-2.0973014051579097,-0.9394346656333488
2026-06,2026,6,Monaco Grand Prix,Max Verstappen,max_verstappen,Red Bull,2,0.0,3.9765421605131976,3.3677207468076142,4.784068215828904,-2.172674448584833,-0.861860621096783,0.5975231491113904,1.9611037973660603,0.5778930391409263,1.909953557317352,0.13400648217402142,0.1232859636000997,-2.0098671057682354,-2.0932487147072862,-0.02438165420108751
2026-06,2026,6,Monaco Grand Prix,Lando Norris,norris,McLaren,8,0.0,0.7420120948083955,3.4145312824028244,2.5703256195806645,-2.17337102345,-4.077969322944606,0.6205801294764124,-0.7538218516819706,0.6001925408026958,-0.734160389234505,0.04849164796808775,0.0651957117925704,-3.026363702711552,-2.7303615822650755,-1.8900927771967613
2026-06,2026,6,Monaco Grand Prix,Esteban Ocon,ocon,Haas F1 Team,17,0.0,-2.4539073501436697,-1.011395929757639,-1.9333337921617173,-6.432347102402948,-6.6643321495236725,-3.721871516080293,-4.298832970842695,-3.5995988522257685,-4.186709207336024,0.0006232859636000996,0.0008726003490401,-7.380505133895898,-7.044032897274731,-5.839669052369297
2026-06,2026,6,Monaco Grand Prix,Sergio Pérez,perez,Cadillac F1 Team,18,0.0,-2.760297049788226,-2.3183809984648325,-2.799672532600677,-6.522242933902631,-6.66759637944871,-4.420311966183732,-4.733634456024694,-4.275093809985119,-4.610170038152626,0.00012465719272001992,0.00012465719272,-8.989943046329998,-8.989943046330158,-6.861788751177346
2026-06,2026,6,Monaco Grand Prix,Oscar Piastri,piastri,McLaren,7,0.0,1.1748812791414327,3.1258233556053123,2.5637248414691456,-2.364372807544292,-3.986679468357053,0.3807252740305105,-0.7114773134439536,0.3682175092537507,-0.6929202970225145,0.05472450760408874,0.0636998254799302,-2.9054436332548272,-2.753573456126294,-1.8084604733493905
2026-06,2026,6,Monaco Grand Prix,George Russell,russell,Mercedes,6,0.0,1.634964571345575,3.880819310724619,2.842878974256476,-1.9212804641024512,-3.937723254368693,0.979769423311084,-0.5474221400561086,0.947581579954894,-0.5331440718021715,0.08239840438793317,0.1148092744951383,-2.496189206478312,-2.164483010074692,-1.5218056732672103
2026-06,2026,6,Monaco Grand Prix,Carlos Sainz,sainz,Williams,12,0.0,-0.7991091474008308,-0.3625883142550034,-0.3987419901584953,-6.301016330258814,-6.460458087220291,-3.3318023222569084,-3.429600038689393,-3.2223443940025533,-3.3401479324390078,0.0016205435053602587,0.0023684866616803,-6.424993688868462,-6.045504067163591,-4.927296863778928
2026-06,2026,6,Monaco Grand Prix,Lance Stroll,stroll,Aston Martin,22,0.0,-3.925030290558541,-2.342046433821042,-3.502861155706874,-6.587353589784102,-6.681068857768489,-4.464700011802572,-5.091965006737682,-4.318023598767939,-4.959154477909951,0.00012465719272001992,0.00012465719272,-8.989943046329998,-8.989943046330158,-7.040954026533839
2026-07,2026,7,Barcelona Grand Prix,Alexander Albon,albon,Williams,18,0.0,-2.761233159634564,-0.6222719035001626,-1.702221843579763,-6.524945305874116,-6.594385797416426,-3.573608604687139,-4.148303820498095,-3.4673957816668834,-4.05218864142312,0.0003739715781600597,0.00037397157816,-7.891330757661889,-7.891330757662049,-6.019817289079992
2026-07,2026,7,Barcelona Grand Prix,Fernando Alonso,alonso,Aston Martin,22,0.0,-3.9255347962437934,-1.393134380242798,-2.755677488282404,-6.492826718703083,-6.625328812484473,-3.942980549472941,-4.690503150383439,-3.82578945733034,-4.58182534621125,0.00012465719272001992,0.00012465719272,-8.989943046329998,-8.989943046330158,-6.840223098356718
2026-07,2026,7,Barcelona Grand Prix,Andrea Kimi Antonelli,antonelli,Mercedes,3,0.0,3.278104473312701,4.481314357305193,4.068693666133056,-0.8501066791500754,-1.5918652176982313,1.8156038390775584,1.2384142242174123,1.7616414636282962,1.209720471281216,0.24769384193467958,0.256419845425081,-1.3955618037781816,-1.360939156677041,-0.07857378978038465
2026-07,2026,7,Barcelona Grand Prix,Arvid Lindblad,arvid_lindblad,RB F1 Team,11,0.0,-0.4371152385972504,-0.3192187211497117,-0.255576647922718,-6.066154933774134,-6.388109681264799,-3.1926868274619227,-3.3218431645937585,-3.097795551310542,-3.244876875614093,0.0003739715781600597,0.0006232859636,-7.891330757661889,-7.380505133896058,-5.606586961127824
2026-07,2026,7,Barcelona Grand Prix,Oliver Bearman,bearman,Haas F1 Team,15,0.0,-1.8199341957045945,-0.328555169595368,-0.9019493316676584,-6.552409195165961,-6.639014327581772,-3.440482182380664,-3.770481829624715,-3.33822606942463,-3.683120693137417,0.0003739715781600597,0.00012465719272,-7.891330757661889,-8.989943046330158,-5.830906293643302
2026-07,2026,7,Barcelona Grand Prix,Gabriel Bortoleto,bortoleto,Audi,12,0.0,-0.7996986533285138,-1.0490409760985333,-0.9646039974295196,-6.561179664196168,-6.6798705260518725,-3.8051103201473504,-3.822237261740696,-3.692016930883547,-3.733676964622648,0.0003739715781600597,0.0008726003490401,-7.891330757661889,-7.044032897274731,-5.856784009701292
2026-07,2026,7,Barcelona Grand Prix,Valtteri Bottas,bottas,Cadillac F1 Team,20,0.0,-3.35466917926166,-3.4613950315294963,-3.923856597136003,-6.584856470781708,-6.6359828455058985,-5.023125751155602,-5.279919721320951,-4.873831179356045,-5.157585280191392,0.00012465719272001992,0.00012465719272,-8.989943046329998,-8.989943046330158,-7.134931383825474
2026-07,2026,7,Barcelona Grand Prix,Franco Colapinto,colapinto,Alpine F1 Team,13,0.0,-1.150152784774959,-0.8105258119530322,-1.1223054658249034,-6.293671688621612,-6.528979421466141,-3.552098750287322,-3.8256424436455214,-3.4465252312903334,-3.737003249300384,0.0006232859636000996,0.00037397157816,-7.380505133895898,-7.891330757662049,-5.603073788770709
2026-07,2026,7,Barcelona Grand Prix,Pierre Gasly,gasly,Alpine F1 Team,14,0.0,-1.4898533653208663,-0.1189039530765963,-0.8766041736103651,-5.9624525138117095,-6.430920874636943,-3.040678233444153,-3.653762524123654,-2.950304872845358,-3.5691057452329007,0.0023684866616803784,0.0006232859636,-6.045504067163558,-7.380505133896058,-4.849633295643606
2026-07,2026,7,Barcelona Grand Prix,Isack Hadjar,hadjar,Red Bull,6,0.0,1.6369172768231244,1.3509217924742236,1.709142672796447,-4.786498942562569,-5.193991899739391,-1.7177885750441728,-1.742424613471472,-1.6667334108977463,-1.702053063798347,0.022812266267763646,0.0297930690600847,-3.7804568934885774,-3.51347949439849,-2.7614407534800245
2026-07,2026,7,Barcelona Grand Prix,Lewis Hamilton,hamilton,Ferrari,2,1.0,3.9835273467577546,2.518577258902493,3.917687374749159,-3.031236202219235,-1.936332147870914,-0.256329471658371,0.9906776134391224,-0.2487109885451343,0.9677238568336488,0.21328845674395408,0.200074794315632,-1.545109772437805,-1.609064010765882,-0.27721607949934124
2026-07,2026,7,Barcelona Grand Prix,Nico Hülkenberg,hulkenberg,Audi,9,0.0,0.3316633767505214,-0.7863523657535889,-0.174436528748312,-6.400308245113707,-6.398186758515458,-3.593330305433648,-3.286311643631885,-3.4865313249063,-3.2101686112524668,0.0011219147344801793,0.0013712291199202,-6.792718468993779,-6.592047773531641,-5.0395150563128315
2026-07,2026,7,Barcelona Grand Prix,Liam Lawson,lawson,RB F1 Team,8,0.0,0.7427385531288037,0.4641231882281991,0.9245977175696862,-6.0919879152888186,-6.201666214220667,-2.8139323635303097,-2.6385342483254908,-2.730298218558023,-2.5774000588478247,0.004612316130640737,0.0043630017452006,-5.379025133685774,-5.434594984840607,-4.008779691005632
2026-07,2026,7,Barcelona Grand Prix,Charles Leclerc,leclerc,Ferrari,10,0.0,-0.060705773305546,3.301502809379929,2.026069480277806,-2.264777285021815,-4.387377015008443,0.518362762179057,-1.1806537673653186,0.5029562701957427,-1.153298310005825,0.03178758414360508,0.0462478184991274,-3.448679501171572,-3.073740983722563,-2.314666634268445
2026-07,2026,7,Barcelona Grand Prix,Max Verstappen,max_verstappen,Red Bull,5,0.0,2.132210669913337,3.0675893834719754,3.261494138944479,-2.783829881697087,-3.022490145358563,0.1418797508874443,0.119501996792958,0.137662879221252,0.116733164923697,0.056220393916728985,0.0679381700324108,-2.87847570682732,-2.6891572516667552,-1.379486855017181
2026-07,2026,7,Barcelona Grand Prix,Lando Norris,norris,McLaren,4,0.0,2.6730781178183194,3.47957505782621,3.624983521053432,-3.0899787512004115,-2.712547677170841,0.1947981533128993,0.4562179219412954,0.1890084700903554,0.4456474649154802,0.07516828721017202,0.0779107454500124,-2.588025849602813,-2.5521913965935976,-1.0659039638307588
2026-07,2026,7,Barcelona Grand Prix,Esteban Ocon,ocon,Haas F1 Team,17,0.0,-2.4548807578077487,-1.14184287600972,-1.9693298252997515,-6.607871832820439,-6.636466810723652,-3.87485735441508,-4.302898318011701,-3.759690982285399,-4.203201222458213,0.00012465719272001992,0.00012465719272,-8.989943046329998,-8.989943046330158,-6.64642068217085
2026-07,2026,7,Barcelona Grand Prix,Sergio Pérez,perez,Cadillac F1 Team,19,0.0,-3.060991200650976,-2.4381117165117008,-2.99649152389754,-6.491407152255096,-6.645064563845147,-4.464759434383399,-4.820778043871343,-4.332060318142688,-4.709081802463508,0.00012465719272001992,0.00012465719272,-8.989943046329998,-8.989943046330158,-6.90536054510067
2026-07,2026,7,Barcelona Grand Prix,Oscar Piastri,piastri,McLaren,7,0.0,1.176157683528087,3.2635017186434023,2.765646868454081,-2.487820120161188,-3.719695925304462,0.3878407992411072,-0.4770245284251906,0.3763136090178128,-0.4659719874453843,0.0300423834455248,0.0430067314884068,-3.5051461128393435,-3.1463986292986403,-1.991085320632267
2026-07,2026,7,Barcelona Grand Prix,George Russell,russell,Mercedes,1,0.0,4.882901399318907,3.5694270058007733,4.777909596798125,-2.042342763973066,-0.2227708982556424,0.7635421209138538,2.277569349271241,0.7408485433209506,2.2247986277104967,0.3115183246073298,0.2686362503116429,-1.1662971154950459,-1.3143970437921504,0.5556361168880976
2026-07,2026,7,Barcelona Grand Prix,Carlos Sainz,sainz,Williams,16,0.0,-2.1413428238844854,-0.2088554586452518,-1.048784170606045,-6.350735567813582,-6.538652481627737,-3.279795513229417,-3.793718326116891,-3.1823152407864974,-3.705818805721841,0.0003739715781600597,0.0006232859636,-7.891330757661889,-7.380505133896058,-5.842524541889389
2026-07,2026,7,Barcelona Grand Prix,Lance Stroll,stroll,Aston Martin,21,0.0,-3.6427178277408783,-2.410647772165284,-3.138158350606495,-6.506394254498489,-6.623020429233189,-4.458521013331887,-4.880589389919842,-4.326007311999289,-4.767507334337124,0.0003739715781600597,0.00012465719272,-7.891330757661889,-8.989943046330158,-6.385960073790866
2026-08,2026,8,Austrian Grand Prix,Alexander Albon,albon,Williams,18,0.0,-2.7664696316919666,-0.9403133185907426,-1.9011568181620149,-6.510389277777406,-6.565061964611659,-3.725351298184074,-4.2331093913868365,-3.600337828848824,-4.129110329639303,0.00012465719272001995,0.00012465719272,-8.989943046329998,-8.989943046330158,-6.611526218858417
2026-08,2026,8,Austrian Grand Prix,Fernando Alonso,alonso,Aston Martin,21,0.0,-3.6516087513515862,-1.3878318811430577,-2.381275932094135,-6.491848877566465,-6.5368055073171,-3.939840379354761,-4.459040719705618,-3.807629193072722,-4.349490975471037,0.00012465719272001995,0.00012465719272,-8.989943046329998,-8.989943046330158,-6.724491883017808
2026-08,2026,8,Austrian Grand Prix,Andrea Kimi Antonelli,antonelli,Mercedes,4,0.0,2.6795586237086235,4.263470659816783,3.824797901853829,-1.1376677895518863,-2.791944251385812,1.5629014351324484,0.5164268252340087,1.510454373098275,0.503739247304916,0.1719022687609075,0.1923460483669907,-1.7608291685366964,-1.6484591939668376,-0.6222011716513438
2026-08,2026,8,Austrian Grand Prix,Arvid Lindblad,arvid_lindblad,RB F1 Team,10,0.0,-0.0576110241522462,0.014954780724052,0.1523759986126004,-6.0217280940390205,-6.048855166525568,-3.0033866566574843,-2.948239583956484,-2.902600514452057,-2.875807212810516,0.0006232859636000997,0.0006232859636,-7.380505133895898,-7.380505133896058,-5.164372358926191
2026-08,2026,8,Austrian Grand Prix,Oliver Bearman,bearman,Haas F1 Team,13,0.0,-1.149872093190087,-0.267016476131545,-0.3828457714707303,-6.529093098342269,-6.581069935955162,-3.398054787236907,-3.481957853712946,-3.284024569965636,-3.3964130883054158,0.0006232859636000997,0.00037397157816,-7.380505133895898,-7.891330757662049,-5.431231493804422
2026-08,2026,8,Austrian Grand Prix,Gabriel Bortoleto,bortoleto,Audi,12,0.0,-0.7984286414666146,-0.6598576321252778,-0.6542801214634223,-6.585590856992515,-6.634010285409501,-3.622724244558897,-3.644145203436462,-3.501154682386869,-3.554615818063077,0.0013712291199202194,0.00037397157816,-6.592047773531627,-7.891330757662049,-5.118096488484045
2026-08,2026,8,Austrian Grand Prix,Valtteri Bottas,bottas,Cadillac F1 Team,20,0.0,-3.362318596590601,-3.084432877716361,-3.540484224417427,-6.358885563249599,-6.534178683260487,-4.72165922048298,-5.0373314538389575,-4.5632121498781,-4.913574258719802,0.00012465719272001995,0.00012465719272,-8.989943046329998,-8.989943046330158,-7.013637250084478
2026-08,2026,8,Austrian Grand Prix,Franco Colapinto,colapinto,Alpine F1 Team,16,0.0,-2.1442732548712926,-0.456475793405066,-1.4334725547301757,-6.432098851254294,-6.574467662156854,-3.44428732232968,-4.003970108443514,-3.328705656847087,-3.9056005422351454,0.00037397157816005983,0.0006232859636,-7.891330757661889,-7.380505133896058,-5.947650433052702
2026-08,2026,8,Austrian Grand Prix,Pierre Gasly,gasly,Alpine F1 Team,11,0.0,-0.4349049219509786,0.2989846082546945,0.099196648280104,-6.193104538241555,-6.491347561797067,-2.9470599649934304,-3.1960754567584813,-2.848164005639896,-3.117554252120227,0.002368486661680379,0.0018698578908002,-6.045504067163558,-6.2818928452278415,-4.620789761961019
2026-08,2026,8,Austrian Grand Prix,Isack Hadjar,hadjar,Red Bull,8,0.0,0.7473975856518714,2.165676848565627,1.96320186066967,-4.2697167754670415,-5.105294612462835,-1.0520199634507073,-1.5710463758965825,-1.0167168054626206,-1.532448897317939,0.016828721017202692,0.0123410620792819,-4.084668267891569,-4.394823196195414,-2.8278573218940757
2026-08,2026,8,Austrian Grand Prix,Lewis Hamilton,hamilton,Ferrari,3,0.0,3.2845455508982098,3.1446820474776622,3.552102815836952,-1.9099650067349416,-2.07287243840834,0.6173585203713602,0.7396151887143061,0.5966415129597582,0.7214443174778997,0.16093243580154576,0.1746447270007479,-1.8267706554833556,-1.7450014999929915,-0.5435777333845248
2026-08,2026,8,Austrian Grand Prix,Nico Hülkenberg,hulkenberg,Audi,14,0.0,-1.490605450051007,-0.3315420064501021,-0.881268429428434,-6.2231938605646935,-6.405948776522899,-3.277367933507398,-3.643608602975666,-3.167387665108126,-3.554092400806233,0.0011219147344801795,0.0006232859636,-6.792718468993779,-7.380505133896058,-5.218163535984722
2026-08,2026,8,Austrian Grand Prix,Liam Lawson,lawson,RB F1 Team,9,0.0,0.3355780639314178,0.7821878261290433,0.9205729991911744,-5.9378209532673765,-5.986768151051487,-2.5778165635691668,-2.533097575930156,-2.491311488979626,-2.470864416601056,0.002617801047120419,0.0026178010471204,-5.945420608606575,-5.945420608606582,-4.239259092268366
2026-08,2026,8,Austrian Grand Prix,Charles Leclerc,leclerc,Ferrari,2,0.0,3.9895232849447,3.271642094601777,4.253160409528548,-2.6585712445410503,-2.040242337658836,0.3065354250303631,1.106459035934856,0.2962488630688426,1.0792755424410565,0.20456245325355274,0.2050610820244328,-1.5868819552399072,-1.584447383130526,-0.24021145965252555
2026-08,2026,8,Austrian Grand Prix,Max Verstappen,max_verstappen,Red Bull,5,0.0,2.1384713323617217,3.790443703836512,3.9120424139932735,-1.836531857179297,-2.8839848626305025,0.9769559233286071,0.5140287756813855,0.944171726728822,0.5014001130508212,0.053228621291448515,0.0597107953128895,-2.9331590331013735,-2.818242448919084,-1.209565128709994
2026-08,2026,8,Austrian Grand Prix,Lando Norris,norris,McLaren,6,0.0,1.6427739270954165,3.884689497362755,3.530721433174206,-2.520230012786817,-3.529362071232028,0.6822297422879688,0.0006796809710889,0.6593358189662444,0.000662982564139,0.05023684866616804,0.0602094240837696,-2.9910064843833153,-2.809926392677426,-1.4951634017061133
2026-08,2026,8,Austrian Grand Prix,Esteban Ocon,ocon,Haas F1 Team,15,0.0,-1.8217579309999687,-1.060965999153781,-1.50334142309735,-6.620254432377429,-6.645686344504096,-3.840610215765605,-4.074513883800723,-3.711728945515656,-3.97441119761577,0.00012465719272001995,0.0006232859636,-8.989943046329998,-7.380505133896058,-6.53222846506536
2026-08,2026,8,Austrian Grand Prix,Sergio Pérez,perez,Cadillac F1 Team,19,0.0,-3.067421860312659,-2.1310568195729203,-2.714712484706866,-6.463081441559388,-6.613534868752221,-4.297069130566154,-4.664123676729544,-4.152870241122536,-4.549535452942722,0.00012465719272001995,0.00012465719272,-8.989943046329998,-8.989943046330158,-6.827033361529772
2026-08,2026,8,Austrian Grand Prix,Oscar Piastri,piastri,McLaren,7,0.0,1.1814707675244744,3.6368414003704217,3.08420830802295,-2.009534152474842,-3.731897364113567,0.8136536239477898,-0.3238445280453084,0.7863494439590476,-0.3158883133683824,0.038519072550486165,0.038020443779606,-3.256601769432253,-3.2696312697225887,-1.7902231487387805
2026-08,2026,8,Austrian Grand Prix,George Russell,russell,Mercedes,1,1.0,4.887668424460324,3.760290129729479,5.068533755449713,-2.31344286066337,-0.6908287759872646,0.7234236345330542,2.1888524897312243,0.6991473472481001,2.1350767461374067,0.293567688855647,0.2489404138618798,-1.22564703987948,-1.390541712914183,0.4816027249258721
2026-08,2026,8,Austrian Grand Prix,Carlos Sainz,sainz,Williams,17,0.0,-2.4589496906485997,-0.2342033140458914,-1.275125930237477,-6.540348000244839,-6.648626818977445,-3.387275657145365,-3.961876374607461,-3.2736071605123103,-3.8645409675524807,0.00037397157816005983,0.00037397157816,-7.891330757661889,-7.891330757662049,-5.926603566134675
2026-08,2026,8,Austrian Grand Prix,Lance Stroll,stroll,Aston Martin,22,0.0,-3.935688367811785,-2.3517487562256827,-3.134566465858075,-6.504119391785394,-6.565061964611659,-4.427934074005538,-4.849814215234867,-4.279343684463207,-4.730663944972412,0.00012465719272001995,0.00012465719272,-8.989943046329998,-8.989943046330158,-6.919878630782432
2026-09,2026,9,British Grand Prix,Alexander Albon,albon,Williams,16,0.0,-2.1452484057483505,-1.4709002329332643,-2.024239098241491,-6.660380498707885,-6.684881002048993,-4.065640365820575,-4.354560050145242,-3.928211231455393,-4.263553979822053,0.0006232859636000997,0.00012465719272,-7.380505133895898,-8.989943046330158,-5.86753259202057
2026-09,2026,9,British Grand Prix,Fernando Alonso,alonso,Aston Martin,21,0.0,-3.652256374331979,-2.0774054222554854,-2.898038086892289,-6.560718561193153,-6.609798772944243,-4.319061991724319,-4.753918429918266,-4.173066552535386,-4.654566157826068,0.00012465719272001995,0.00012465719272,-8.989943046329998,-8.989943046330158,-6.8719307381241315
2026-09,2026,9,British Grand Prix,Andrea Kimi Antonelli,antonelli,Mercedes,1,0.0,4.89728072423645,4.476670140130599,5.752151865259282,-0.6279822252464908,0.3624752476205026,1.924343957442054,3.057313556439892,1.8592961665662489,2.9934186762881927,0.33969085016205436,0.2880827723759661,-1.0797193392326536,-1.2445074360556174,0.9887971086036192
2026-09,2026,9,British Grand Prix,Arvid Lindblad,arvid_lindblad,RB F1 Team,9,0.0,0.3358480323629534,0.7554073628019543,0.8430134512951803,-6.068470172941483,-6.221143994880172,-2.656531405069764,-2.6890652717924954,-2.5667337893037736,-2.632866422675641,0.002119172276240339,0.0008726003490401,-6.156729702273782,-7.044032897274731,-4.422897487033138
2026-09,2026,9,British Grand Prix,Oliver Bearman,bearman,Haas F1 Team,13,0.0,-1.1506288889314955,-0.4245814492404786,-0.69364622230724,-6.625434589750721,-6.629529103672432,-3.5250080194956,-3.661587662989836,-3.4058536533538644,-3.5850640416560435,0.00037397157816005983,0.00012465719272,-7.891330757661889,-8.989943046330158,-5.7764592103258625
2026-09,2026,9,British Grand Prix,Gabriel Bortoleto,bortoleto,Audi,11,0.0,-0.4352762910775542,-0.4762531685754916,-0.4963067193460298,-6.537145036432654,-6.652980669047797,-3.506699102504073,-3.5746436941969133,-3.3881636249965763,-3.4999371172595763,0.0008726003490401396,0.0011219147344801,-7.044032897274685,-6.79271846899385,-5.309338295735799
2026-09,2026,9,British Grand Prix,Valtteri Bottas,bottas,Cadillac F1 Team,18,0.0,-2.767402564166652,-3.0388844518479257,-3.0947191670203176,-6.459481185755009,-6.600949933298256,-4.749182818801467,-4.847834550159287,-4.588648185877005,-4.746519522485649,0.00012465719272001995,0.00012465719272,-8.989943046329998,-8.989943046330158,-6.918888798244643
2026-09,2026,9,British Grand Prix,Franco Colapinto,colapinto,Alpine F1 Team,19,0.0,-3.0682869138115105,-0.7310068974629735,-1.8175634310127693,-6.43963589972726,-6.660726455478427,-3.5853213985951164,-4.239144943245599,-3.464128284621682,-4.150550936417668,0.0006232859636000997,0.00037397157816,-7.380505133895898,-7.891330757662049,-5.809825038570748
2026-09,2026,9,British Grand Prix,Pierre Gasly,gasly,Alpine F1 Team,15,0.0,-1.8227015615721145,0.0050758159631685,-0.3182158264444781,-6.217342711449785,-6.569136949656202,-3.106133447743308,-3.4436763880503403,-3.0011381228899885,-3.371706900448312,0.0011219147344801795,0.00037397157816,-6.792718468993779,-7.891330757662049,-5.118197428522059
2026-09,2026,9,British Grand Prix,Isack Hadjar,hadjar,Red Bull,5,0.0,2.141231380718194,2.3671907129978416,2.4603110450837,-3.7965232277511176,-4.534129106414021,-0.714666257376638,-1.0369090306651605,-0.6905086939244037,-1.0152386402980975,0.034031413612565446,0.0450012465719272,-3.3804712511450385,-3.1010650879971173,-2.2086901409050994
2026-09,2026,9,British Grand Prix,Lewis Hamilton,hamilton,Ferrari,3,0.0,3.28967829763769,3.062194550322608,3.6116433557283,-2.175515928759889,-1.7118776468640555,0.4433393107813592,0.9498828544321224,0.428353298190833,0.9300312265170684,0.16267763649962602,0.1614310645724258,-1.8159847265732045,-1.8236770721963602,-0.43305093607054107
2026-09,2026,9,British Grand Prix,Nico Hülkenberg,hulkenberg,Audi,12,0.0,-0.7990205670723732,-0.4350224478753349,-0.8253943034360922,-6.203422929869986,-6.490521405641847,-3.3192226888726606,-3.6579578545389695,-3.207024397864948,-3.581510092671882,0.0016205435053602592,0.0013712291199202,-6.424993688868462,-6.592047773531641,-5.041475771703715
2026-09,2026,9,British Grand Prix,Liam Lawson,lawson,RB F1 Team,10,0.0,-0.0576983604850755,1.1076457110626612,1.0811287266167935,-6.0060168521892034,-6.1141710788038415,-2.4491855705632712,-2.516521176093524,-2.366396778988916,-2.463928330781005,0.002368486661680379,0.0028671154325604,-6.045504067163558,-5.854448830400869,-4.281012621628541
2026-09,2026,9,British Grand Prix,Charles Leclerc,leclerc,Ferrari,2,1.0,3.996450586842952,3.3119353504494256,4.089103537811418,-3.1031471146657057,-2.4782871714109835,0.1043941178918599,0.8054081832002173,0.1008653273536443,0.7885759354151061,0.19159810521067067,0.1791323859386686,-1.6523553027914022,-1.7196301602509736,-0.4234735597955924
2026-09,2026,9,British Grand Prix,Max Verstappen,max_verstappen,Red Bull,7,0.0,1.182729689272184,3.9557706145947047,3.5905372126002657,-1.5168970735042764,-3.110361480589282,1.2194367705452145,0.2400878660054919,1.178216661359468,0.2350702630867512,0.04026427324856644,0.0509847918224881,-3.212290723107342,-2.9762278902871975,-1.486101428550925
2026-09,2026,9,British Grand Prix,Lando Norris,norris,McLaren,6,0.0,1.6447041386655654,3.829942636781646,3.6484681252450617,-2.5755710827726936,-3.0024835155580742,0.6271857770044762,0.3229923048434937,0.6059852795024099,0.316242079775991,0.05023684866616804,0.0674395412615307,-2.9910064843833153,-2.696523767483518,-1.3340070897699108
2026-09,2026,9,British Grand Prix,Esteban Ocon,ocon,Haas F1 Team,17,0.0,-2.45992022695154,-1.2365251984969097,-1.9487518363378211,-6.670043296383311,-6.683517161310959,-3.95328424744011,-4.31613449882439,-3.8196530397728896,-4.225931485155706,0.00012465719272001995,0.0006232859636,-8.989943046329998,-7.380505133896058,-6.653038772577194
2026-09,2026,9,British Grand Prix,Sergio Pérez,perez,Cadillac F1 Team,20,0.0,-3.363087857144107,-2.0736995040719863,-2.94258862651049,-6.430298418263824,-6.629529103672432,-4.251998961167905,-4.786058865091461,-4.108270425445091,-4.686034889160091,0.00012465719272001995,0.00012465719272,-8.989943046329998,-8.989943046330158,-6.88800095571073
2026-09,2026,9,British Grand Prix,Oscar Piastri,piastri,McLaren,8,0.0,0.7481107394545198,3.609504010592522,2.8955925673007807,-1.8314471558660448,-3.81537103852866,0.8890284273632383,-0.4598892356139397,0.8589769726832547,-0.4502779978229339,0.029543754674644727,0.0410122164048865,-3.521882905194867,-3.1938852955646277,-1.9908860704044034
2026-09,2026,9,British Grand Prix,George Russell,russell,Mercedes,4,0.0,2.683357742357887,4.251994743267507,3.636987383260616,-1.6178909162015256,-2.407848417044324,1.3170519135329908,0.6145694831081461,1.2725321606516231,0.6017255785680398,0.1412365993517826,0.1581899775617053,-1.957318785301992,-1.8439585786156105,-0.671374651096923
2026-09,2026,9,British Grand Prix,Carlos Sainz,sainz,Williams,14,0.0,-1.4914777456630972,-0.5877051359503831,-1.2674380152397156,-6.571384605831085,-6.684881002048993,-3.579544870890734,-3.976159508644354,-3.45854701845807,-3.893061641651376,0.00037397157816005983,0.00037397157816,-7.891330757661889,-7.891330757662049,-5.9337451331531215
2026-09,2026,9,British Grand Prix,Lance Stroll,stroll,Aston Martin,22,0.0,-3.936190334229519,-2.7707766994100744,-3.1524718447437263,-6.580287862441942,-6.629529103672432,-4.675532280926008,-4.891000474208079,-4.517487226211869,-4.788783320699842,0.00012465719272001995,0.00012465719272,-8.989943046329998,-8.989943046330158,-6.9404717602690384
2026-10,2026,10,Belgian Grand Prix,Alexander Albon,albon,Williams,15,0.0,-1.824521681014193,-1.5474521646793535,-1.9967613732589051,-6.566906908157933,-6.543223766252154,-4.057179536418643,-4.26999256975553,-3.905740789605616,-4.159740043121266,0.00012465719272001995,0.00012465719272,-8.989943046329998,-8.989943046330158,-6.629967808042764
2026-10,2026,10,Belgian Grand Prix,Fernando Alonso,alonso,Aston Martin,22,0.0,-3.9463177405687935,-2.468194562884616,-3.187729289520794,-6.566906908157933,-6.543223766252154,-4.517550735521274,-4.865476527886474,-4.348928120744037,-4.739848421580447,0.00012465719272001995,0.00012465719272,-8.989943046329998,-8.989943046330158,-6.9277097871082365
2026-10,2026,10,Belgian Grand Prix,Andrea Kimi Antonelli,antonelli,Mercedes,1,1.0,4.902011094039929,3.9586511145995953,5.415361607870683,-1.0494980362190935,0.1543185648084191,1.454576539190251,2.7848400863395515,1.4002828491375188,2.712934655410688,0.35764148591373723,0.3182498130142109,-1.0282242303486333,-1.1449186290885145,0.8783079279954591
2026-10,2026,10,Belgian Grand Prix,Arvid Lindblad,arvid_lindblad,RB F1 Team,7,0.0,1.1880217609380406,1.032431184321352,1.3712347797148594,-6.098744365963057,-6.183924176721416,-2.5331565908208526,-2.4063446985032786,-2.4386036985587327,-2.3442121353596983,0.004113687359760658,0.0026178010471204,-5.493435484863518,-5.945420608606582,-3.9498900916833986
2026-10,2026,10,Belgian Grand Prix,Oliver Bearman,bearman,Haas F1 Team,14,0.0,-1.4922293791476342,-0.4964420956181669,-1.0604896105989303,-6.585889445683532,-6.554542700567323,-3.5411657706508493,-3.8075161555831274,-3.4089878126012216,-3.7092049127657054,0.00037397157816005983,0.00037397157816,-7.891330757661889,-7.891330757662049,-5.8494234566225085
2026-10,2026,10,Belgian Grand Prix,Gabriel Bortoleto,bortoleto,Audi,8,0.0,0.752751724036047,-0.3664790728888091,0.204843130491851,-6.489095415356863,-6.385620478829901,-3.427787244122836,-3.090388674169025,-3.299841265905204,-3.0105938843554783,0.002617801047120419,0.0018698578908002,-5.945420608606575,-6.2818928452278415,-4.5179046413878
2026-10,2026,10,Belgian Grand Prix,Valtteri Bottas,bottas,Cadillac F1 Team,17,0.0,-2.463979165869276,-2.9278045865173485,-3.0587788470472197,-6.48200970782288,-6.442713465610692,-4.704907147170115,-4.750746156328956,-4.529291245570641,-4.62808042364285,0.00012465719272001995,0.00012465719272,-8.989943046329998,-8.989943046330158,-6.870344601329477
2026-10,2026,10,Belgian Grand Prix,Franco Colapinto,colapinto,Alpine F1 Team,11,0.0,-0.4330748959230097,-0.9117693787410796,-1.0254941456264448,-6.499979097604987,-6.621090316255097,-3.7058742381730334,-3.823292230940771,-3.567548353050632,-3.7245736449862976,0.0011219147344801795,0.0008726003490401,-6.792718468993779,-7.044032897274731,-5.308005349967274
2026-10,2026,10,Belgian Grand Prix,Pierre Gasly,gasly,Alpine F1 Team,10,0.0,-0.0546156076691305,-0.2708887978741668,-0.3675652184378711,-6.372801027796801,-6.434779306388784,-3.321844912835484,-3.401172262413328,-3.197853350176886,-3.3133529443879297,0.0013712291199202194,0.0016205435053602,-6.592047773531627,-6.424993688868498,-4.996610017972477
2026-10,2026,10,Belgian Grand Prix,Isack Hadjar,hadjar,Red Bull,21,0.0,-3.661124388895737,2.4063860886916726,0.6770282356062706,-3.937936150121632,-5.102033101914161,-0.7657750307149795,-2.2125024331539453,-0.7371916244468529,-2.1553749371560667,0.004363001745200698,0.0046123161306407,-5.434594984840585,-5.379025133685782,-3.823548708997265
2026-10,2026,10,Belgian Grand Prix,Lewis Hamilton,hamilton,Ferrari,5,0.0,2.147465274912242,3.503466768673168,3.1403790469524484,-1.7397934585402977,-3.2458294624914097,0.8818366550664353,-0.0527252077694806,0.8489211193504747,-0.0513638266244463,0.10259286960857641,0.1207928197456993,-2.2769868456529285,-2.1136784344392323,-1.1648560267112045
2026-10,2026,10,Belgian Grand Prix,Nico Hülkenberg,hulkenberg,Audi,12,0.0,-0.7977563750685012,-0.1567546948973818,-0.6515878570236588,-6.22960146548686,-6.411523481577067,-3.193178080192121,-3.5315556693003627,-3.073989150425907,-3.44036981144951,0.0013712291199202194,0.0008726003490401,-6.592047773531627,-7.044032897274731,-5.0618017214159945
2026-10,2026,10,Belgian Grand Prix,Liam Lawson,lawson,RB F1 Team,9,0.0,0.3397476792828717,1.2125133756966675,0.9695857463426388,-5.893675726354735,-6.149137991174173,-2.3405811753290333,-2.589776122415767,-2.253216375022741,-2.5229073032670315,0.0018698578908002991,0.0046123161306407,-6.281892845227788,-5.379025133685782,-4.435834483821777
2026-10,2026,10,Belgian Grand Prix,Charles Leclerc,leclerc,Ferrari,4,0.0,2.689808723786753,3.793984547469181,3.494046768240852,-1.7851990261657018,-2.8274445919084963,1.0043927606517395,0.3333010881661775,0.9669026817395696,0.3246951511534172,0.1350037397157816,0.1527050610820244,-2.0024527993290073,-1.879246923351171,-0.8345758555814149
2026-10,2026,10,Belgian Grand Prix,Max Verstappen,max_verstappen,Red Bull,2,0.0,4.002411931289929,3.678277067111742,4.956631022181644,-2.103385788835244,-0.791670139802077,0.7874456391382489,2.0824804411897837,0.7580533532647616,2.028710153172454,0.13275991024682124,0.1280229369234604,-2.019212968186473,-2.0555458364014405,0.03163373650165546
2026-10,2026,10,Belgian Grand Prix,Lando Norris,norris,McLaren,13,0.0,-1.150350892070376,4.076163932068661,3.574862672337576,-2.907695589905294,-3.47360804774538,0.5842341710816834,0.0506273122960978,0.5624269796769725,0.0493200994599719,0.013587634006482174,0.0203191224133632,-4.298595164100854,-3.896192845523238,-2.1239839259023783
2026-10,2026,10,Belgian Grand Prix,Esteban Ocon,ocon,Haas F1 Team,16,0.0,-2.1481720394717154,-1.4228408614414672,-2.229011179034754,-6.610445227965889,-6.571561184635769,-4.016643044703678,-4.400286181835261,-3.866717367610738,-4.286669433905193,0.00037397157816005983,0.00012465719272,-7.891330757661889,-8.989943046330158,-6.145808469748575
2026-10,2026,10,Belgian Grand Prix,Sergio Pérez,perez,Cadillac F1 Team,18,0.0,-2.7726258317192447,-2.137491383303459,-2.6921799360896426,-6.400277681741334,-6.449842001599524,-4.268884532522396,-4.571010968844583,-4.109543660842519,-4.452986054197739,0.00012465719272001995,0.00012465719272,-8.989943046329998,-8.989943046330158,-6.78047700758729
2026-10,2026,10,Belgian Grand Prix,Oscar Piastri,piastri,McLaren,6,0.0,1.6505368651906809,3.6307830177704288,3.263216576011974,-2.6844186163334047,-3.3389970424837907,0.473182200718512,-0.0378902332359083,0.455520147844634,-0.0369118957140564,0.040762902019446524,0.0512341062079282,-3.199982875432745,-2.9713498318337637,-1.6189365543343266
2026-10,2026,10,Belgian Grand Prix,George Russell,russell,Mercedes,3,0.0,3.296087218863008,4.011256447255093,3.717837556781373,-1.721485752644322,-2.766047194773117,1.1448853473053855,0.4758951810041278,1.1021512260558313,0.4636074204842589,0.19907753677387185,0.1903515332834704,-1.6140608981149858,-1.658882741111366,-0.569082858555429
2026-10,2026,10,Belgian Grand Prix,Carlos Sainz,sainz,Williams,19,0.0,-3.07470114561007,-0.7146656244257459,-1.558651053172842,-6.521938135830653,-6.526820828156811,-3.6183018801282,-4.042735940664826,-3.4832447308452466,-3.938351250365713,0.00037397157816005983,0.00012465719272,-7.891330757661889,-8.989943046330158,-5.967033349163358
2026-10,2026,10,Belgian Grand Prix,Lance Stroll,stroll,Aston Martin,20,0.0,-3.370717611471445,-3.120325527189993,-3.5103694014169275,-6.591242683963571,-6.554542700567323,-4.855784105576782,-5.032456050992125,-4.674536553393701,-4.902516481839774,0.00012465719272001995,0.00012465719272,-8.989943046329998,-8.989943046330158,-7.011199548661061
2026-11,2026,11,Hungarian Grand Prix,Alexander Albon,albon,Williams,19,0.0,-3.0755628805510526,-1.4126475848263094,-2.4052498351821763,-6.546623378073686,-6.626622485943999,-3.979635481449998,-4.515936160563088,-3.839722002260177,-4.41292576428131,0.00012465719272001995,0.00012465719272,-8.989943046329998,-8.989943046330158,-6.752939603446543
2026-11,2026,11,Hungarian Grand Prix,Fernando Alonso,alonso,Aston Martin,16,0.0,-2.149144696344053,-2.9428932901455784,-2.469399676801864,-6.461588801165506,-6.592141523092066,-4.702241045655542,-4.530770599946965,-4.536922662162002,-4.427421823886284,0.00012465719272001995,0.00012465719272,-8.989943046329998,-8.989943046330158,-6.760356823138482
2026-11,2026,11,Hungarian Grand Prix,Andrea Kimi Antonelli,antonelli,Mercedes,7,0.0,1.1892636431333443,4.034082582418961,3.238054765807929,-1.4918440170408205,-3.334187994589592,1.2711192826890705,-0.0480666143908312,1.22643008385785,-0.0469701947736625,0.10608327100473697,0.1292695088506606,-2.2435309177566243,-2.0458558381004717,-1.1457987660737277
2026-11,2026,11,Hungarian Grand Prix,Arvid Lindblad,arvid_lindblad,RB F1 Team,9,0.0,0.340008225348939,0.9473929015021224,0.8438322406301657,-6.010607959854855,-6.248567382318687,-2.531607529176366,-2.702367570844261,-2.442602890685919,-2.6407254340924906,0.0036150585888805784,0.0013712291199202,-5.622647216343524,-6.592047773531641,-4.162507393593892
2026-11,2026,11,Hungarian Grand Prix,Oliver Bearman,bearman,Haas F1 Team,17,0.0,-2.4649467198681947,-0.6346426031697172,-1.5710216357142976,-6.673944005218688,-6.720253812482961,-3.6542933041942023,-4.14563772409863,-3.525817997208652,-4.051073990330781,0.00012465719272001995,0.00012465719272,-8.989943046329998,-8.989943046330158,-6.567790385214314
2026-11,2026,11,Hungarian Grand Prix,Gabriel Bortoleto,bortoleto,Audi,14,0.0,-1.4931009030153186,-0.1763520840358463,-0.7678730383792837,-6.519673235542251,-6.648327169945288,-3.3480126597890485,-3.708100104162286,-3.2303053718260872,-3.623516786860778,0.0013712291199202194,0.0006232859636,-6.592047773531627,-7.380505133896058,-5.1500739388469565
2026-11,2026,11,Hungarian Grand Prix,Valtteri Bottas,bottas,Cadillac F1 Team,21,0.0,-3.661769101816713,-2.8756350251124085,-3.640272152486845,-6.4635260246961455,-6.577862187594594,-4.669580524904277,-5.109067170040719,-4.505410399112168,-4.992527206873813,0.00012465719272001995,0.00012465719272,-8.989943046329998,-8.989943046330158,-7.049505108185358
2026-11,2026,11,Hungarian Grand Prix,Franco Colapinto,colapinto,Alpine F1 Team,13,0.0,-1.1511082034496225,-0.6569927524996013,-0.9063948329852668,-6.533555220139141,-6.698880163880206,-3.5952739863193712,-3.8026374984327367,-3.468873642767474,-3.7158977435508462,0.0006232859636000997,0.0006232859636,-7.380505133895898,-7.380505133896058,-5.591571316164318
2026-11,2026,11,Hungarian Grand Prix,Pierre Gasly,gasly,Alpine F1 Team,12,0.0,-0.7983504321389063,0.0190545684085795,-0.2768246284019136,-6.352482875987753,-6.593339665917027,-3.166714153789586,-3.4350821471594704,-3.0553808427560547,-3.3567264838687745,0.00037397157816005983,0.0013712291199202,-7.891330757661889,-6.592047773531641,-5.663206452410679
2026-11,2026,11,Hungarian Grand Prix,Isack Hadjar,hadjar,Red Bull,8,0.0,0.7534519881042681,2.3167486383443268,2.0204088719165414,-3.6021881853251547,-4.751824034929361,-0.642719773490414,-1.3657075815064097,-0.6201234427278857,-1.3345552192554644,0.026551982049364247,0.0263026676639242,-3.6286508806205733,-3.638084912853932,-2.4971792310634915
2026-11,2026,11,Hungarian Grand Prix,Lewis Hamilton,hamilton,Ferrari,5,0.0,2.150197259204444,3.359124618387513,3.6428742257057753,-2.0671869328514214,-2.127278525033873,0.6459688427680459,0.7577978503359513,0.623258283305708,0.740512163805154,0.11231613064073798,0.1282722513089005,-2.18643778872166,-2.053600310495949,-0.7143199691928545
2026-11,2026,11,Hungarian Grand Prix,Nico Hülkenberg,hulkenberg,Audi,10,0.0,-0.0547094703346485,0.0248894915601826,0.1696037779483999,-6.158003766535175,-6.25354399598381,-3.066557137487496,-3.0419701090177047,-2.9587450827804336,-2.972581496055522,0.0013712291199202194,0.0008726003490401,-6.592047773531627,-7.044032897274731,-4.817008941274666
2026-11,2026,11,Hungarian Grand Prix,Liam Lawson,lawson,RB F1 Team,11,0.0,-0.4334503828044545,0.9954152410141308,0.5143058888327577,-5.833710149983914,-6.310524815153894,-2.419147454484892,-2.898109463160568,-2.3340966153796834,-2.832002371816983,0.002368486661680379,0.0008726003490401,-6.045504067163558,-7.044032897274731,-4.4718067651620625
2026-11,2026,11,Hungarian Grand Prix,Charles Leclerc,leclerc,Ferrari,2,0.0,4.009281888724619,3.951846586725994,4.6471954558798245,-1.8106006367633585,-1.145858251229388,1.070622974981318,1.7506686023252185,1.0329826971145584,1.710735117866682,0.24445275492395913,0.2130391423585141,-1.4087332201336518,-1.5462793632144072,0.17096769109578336
2026-11,2026,11,Hungarian Grand Prix,Max Verstappen,max_verstappen,Red Bull,4,0.0,2.6935723467711945,3.787040585717683,3.8052188162380753,-2.300717866634418,-2.673330249790468,0.7431613595416326,0.5659442832238037,0.717033767731384,0.553034856957463,0.10109698329593618,0.1013462976813762,-2.291674992214585,-2.2892119367821877,-0.8628653544953907
2026-11,2026,11,Hungarian Grand Prix,Lando Norris,norris,McLaren,1,1.0,4.911547667922714,3.846891041218292,5.705226587039192,-2.77473126634292,0.2469276809839903,0.536079887437686,2.9760771340115912,0.5172327335903778,2.9081915674225702,0.19085016205435054,0.1743954126153079,-1.6562666506723145,-1.7464300716645171,0.6599052416696384
2026-11,2026,11,Hungarian Grand Prix,Esteban Ocon,ocon,Haas F1 Team,15,0.0,-1.8254635462746984,-1.6118552843080265,-1.936834293109973,-6.65619610321698,-6.706317049702528,-4.134025693762503,-4.321575671406251,-3.988684262224235,-4.222998719331326,0.00012465719272001995,0.00012465719272,-8.989943046329998,-8.989943046330158,-6.655759358868124
2026-11,2026,11,Hungarian Grand Prix,Sergio Pérez,perez,Cadillac F1 Team,22,0.0,-3.9468172469350016,-2.009224565829023,-3.2098966414370027,-6.434848797294167,-6.567008476010949,-4.222036681561595,-4.888452558723976,-4.073601015999306,-4.776944907292508,0.00012465719272001995,0.00012465719272,-8.989943046329998,-8.989943046330158,-6.939197802526987
2026-11,2026,11,Hungarian Grand Prix,Oscar Piastri,piastri,McLaren,3,0.0,3.3011750787383995,3.43537458661726,3.5934557294208958,-2.1736154251490203,-2.271932028853304,0.6308795807341199,0.6607618502837957,0.608699519896446,0.6456895955783333,0.11032161555721764,0.1088257292445774,-2.2043554013220685,-2.218007490490396,-0.7717967755191364
2026-11,2026,11,Hungarian Grand Prix,George Russell,russell,Mercedes,6,0.0,1.6524450523335847,3.6140592740965927,2.5286319332169453,-2.216491697783485,-3.87579278547872,0.6987837881565537,-0.6735804261308875,0.6742163946206001,-0.6582157743385689,0.09760658189977561,0.1118175018698579,-2.326810350339195,-2.190887184271202,-1.5001953882350412
2026-11,2026,11,Hungarian Grand Prix,Carlos Sainz,sainz,Williams,18,0.0,-2.7735555130575538,-0.9891200029130416,-1.949908062618636,-6.5809248432205285,-6.695375050771312,-3.785022423066785,-4.322641556694974,-3.651951025324143,-4.22404029132994,0.00012465719272001995,0.00012465719272,-8.989943046329998,-8.989943046330158,-6.656292301512486
2026-11,2026,11,Hungarian Grand Prix,Lance Stroll,stroll,Aston Martin,20,0.0,-3.37148367174829,-3.143156441988119,-3.296923620643769,-6.575542252046702,-6.641684308717251,-4.85934934701741,-4.96930396468051,-4.688507450338905,-4.855952058797384,0.00012465719272001995,0.00012465719272,-8.989943046329998,-8.989943046330158,-6.979623505505254
2026-12,2026,12,Dutch Grand Prix,Alexander Albon,albon,Williams,16,0.0,-2.1501204346017198,-1.9906088915078013,-2.218817773406,-6.554484515407488,-6.558847273842598,-4.272546703457644,-4.388832523624298,-4.119944740166286,-4.303174614629859,0.00012465719272001995,0.00012465719272,-8.989943046329998,-8.989943046330158,-6.689387784977148
2026-12,2026,12,Dutch Grand Prix,Fernando Alonso,alonso,Aston Martin,18,0.0,-2.774490346355721,-2.751769813465708,-2.748692719428671,-6.483719045730433,-6.529816768743279,-4.61774442959807,-4.639254744085975,-4.452813086573984,-4.548709283868055,0.00012465719272001995,0.00012465719272,-8.989943046329998,-8.989943046330158,-6.814598895207986
2026-12,2026,12,Dutch Grand Prix,Andrea Kimi Antonelli,antonelli,Mercedes,3,0.0,3.306242553500061,4.268210845936128,4.196262735631991,-1.1508337803252804,-1.771550658387633,1.558688532805424,1.212356038622179,1.5030170687408315,1.1886941917264129,0.1975816504612316,0.1808775866367489,-1.6216033600186173,-1.7099347934458105,-0.20462366069821913
2026-12,2026,12,Dutch Grand Prix,Arvid Lindblad,arvid_lindblad,RB F1 Team,10,0.0,-0.0548050923574365,0.9740503792820924,0.6614042209432253,-5.671665734581635,-5.931694424286426,-2.3488076776497717,-2.6351451016716,-2.2649156367007275,-2.5837143354960594,0.003864372974320618,0.0033657442034405,-5.555955841844852,-5.69410618032568,-4.095550471758226
2026-12,2026,12,Dutch Grand Prix,Oliver Bearman,bearman,Haas F1 Team,20,0.0,-3.3722575399596573,-1.4005349202970987,-2.422877763645844,-6.611741882130941,-6.657298600780805,-4.00613840121402,-4.540088182213324,-3.863051706632678,-4.451478179839024,0.00012465719272001995,0.00012465719272,-8.989943046329998,-8.989943046330158,-6.765015614271661
2026-12,2026,12,Dutch Grand Prix,Gabriel Bortoleto,bortoleto,Audi,9,0.0,0.3402662234078427,-0.0173584248891536,0.3604557268454588,-6.368368297646799,-6.450616794727531,-3.1928633612679764,-3.0450805339410363,-3.0788242994933603,-2.985648958492889,0.0033657442034405387,0.0036150585888805,-5.694106180325669,-5.6226472163435455,-4.369593357133352
2026-12,2026,12,Dutch Grand Prix,Valtteri Bottas,bottas,Cadillac F1 Team,21,0.0,-3.662423142501405,-2.909122072543715,-3.4312643269608585,-6.472701739511972,-6.513677484130168,-4.690911906027844,-4.972470905545513,-4.523367250305919,-4.875421984673731,0.00012465719272001995,0.00012465719272,-8.989943046329998,-8.989943046330158,-6.981206975937756
2026-12,2026,12,Dutch Grand Prix,Franco Colapinto,colapinto,Alpine F1 Team,14,0.0,-1.4939741369419188,-1.0925450440068962,-1.4618318451943777,-6.400838999114704,-6.668637930176377,-3.7466920215608,-4.065234887685378,-3.612871937657318,-3.985892712248978,0.002368486661680379,0.0006232859636,-6.045504067163558,-7.380505133896058,-5.055369477424468
2026-12,2026,12,Dutch Grand Prix,Pierre Gasly,gasly,Alpine F1 Team,11,0.0,-0.4338271935606588,-0.4275648745824047,-0.3364188152814841,-6.245161930871514,-6.442195305606858,-3.3363634027269597,-3.389307060444171,-3.2171989696974634,-3.3231571323767426,0.005609573672400898,0.0011219147344801,-5.183280556559678,-6.79271846899385,-4.286293808501925
2026-12,2026,12,Dutch Grand Prix,Lewis Hamilton,hamilton,Ferrari,5,0.0,2.152918427591427,3.7721680686613785,3.554842882926886,-2.22296143155806,-3.4521609810181784,0.7746033185516594,0.0513409509543538,0.7469369183020556,0.0503389171604317,0.1175517327349788,0.131513338319621,-2.1408767636965407,-2.0286470004198316,-1.0447679063710935
2026-12,2026,12,Dutch Grand Prix,Nico Hülkenberg,hulkenberg,Audi,13,0.0,-1.151866848049692,0.1363897425748529,-0.9241564504168188,-6.134732878747482,-6.367409639362743,-2.999171568086315,-3.645783044889781,-2.8920505694633607,-3.574627412818692,0.0033657442034405387,0.0006232859636,-5.694106180325669,-7.380505133896058,-4.669944612607725
2026-12,2026,12,Dutch Grand Prix,Liam Lawson,lawson,Red Bull,8,0.0,0.7541485015750282,1.8194871752740225,1.4624360048488123,-4.303203604404677,-5.1130854526366845,-1.2418582145653274,-1.825324723893936,-1.1975029354249485,-1.789699418475471,0.019321864871603093,0.0233108950386437,-3.9465179294107515,-3.758834429475413,-2.885921326652344
2026-12,2026,12,Dutch Grand Prix,Charles Leclerc,leclerc,Ferrari,6,0.0,1.6543454898028374,4.268698079408696,3.969119112788986,-1.7943017045903933,-2.740630256960569,1.2371981874091516,0.6142444279142087,1.1930093498181296,0.6022560704128914,0.08514086262777362,0.1090750436300174,-2.463448186759208,-2.2157191599723842,-0.9246018794224997
2026-12,2026,12,Dutch Grand Prix,Max Verstappen,max_verstappen,Red Bull,7,0.0,1.1905000776978047,3.8746368445858552,3.47910180332728,-1.824460456248667,-3.1000260668713286,1.025088194168594,0.1895378682279755,0.9884752600489212,0.1858386116761979,0.05721765145848916,0.0666915981052106,-2.860892836269453,-2.707676299433993,-1.3356774840207388
2026-12,2026,12,Dutch Grand Prix,Lando Norris,norris,McLaren,1,1.0,4.92104413254491,4.218475238790445,5.647622326630631,-1.72082781692923,0.2032393699529509,1.2488237109306075,2.925430848291791,1.2042196461140462,2.8683345047827498,0.19832959361755173,0.1933433059087508,-1.6178250179922113,-1.64328788315346,0.6538029151497898
2026-12,2026,12,Dutch Grand Prix,Esteban Ocon,ocon,Haas F1 Team,15,0.0,-1.8264077113049637,-2.120619281197904,-2.288144087767004,-6.576581683986855,-6.667169297074724,-4.34860048259238,-4.477656692420864,-4.193282116926228,-4.390265180577301,0.00037397157816005983,0.00037397157816,-7.891330757661889,-7.891330757662049,-6.184493725041376
2026-12,2026,12,Dutch Grand Prix,Sergio Pérez,perez,Cadillac F1 Team,22,0.0,-3.9473277166644967,-2.3237021319461992,-3.1759662860405324,-6.39848007097911,-6.435373132400118,-4.361091101462654,-4.805669709220325,-4.205326610079307,-4.711876287759395,0.00012465719272001995,0.00012465719272,-8.989943046329998,-8.989943046330158,-6.8978063777751615
2026-12,2026,12,Dutch Grand Prix,Oscar Piastri,piastri,McLaren,4,0.0,2.6973210791233857,3.4439318426052696,3.3302540818029924,-2.4736092518580794,-2.8851928355853373,0.4851612953735951,0.2225306231088275,0.4678328560783444,0.218187438956749,0.09162303664921466,0.1038394415357765,-2.3900725471171613,-2.2649094041631566,-1.083770962004167
2026-12,2026,12,Dutch Grand Prix,George Russell,russell,Mercedes,2,0.0,4.016123744917741,3.679409828017436,4.572210065827803,-2.137963184132315,-1.8959139896153887,0.7707233219425607,1.338148038106207,0.7431955029984889,1.3120310782422353,0.20705559710795313,0.1778858140114684,-1.5747679367167033,-1.726613428853162,-0.11830994930524819
2026-12,2026,12,Dutch Grand Prix,Carlos Sainz,sainz,Williams,17,0.0,-2.4659183110363974,-1.562771224993052,-2.382902660008427,-6.485179746074387,-6.568252991193953,-4.023975485533719,-4.47557782560119,-3.880251706263665,-4.388226887505632,0.00037397157816005983,0.00012465719272,-7.891330757661889,-8.989943046330158,-6.18345429163154
2026-12,2026,12,Dutch Grand Prix,Lance Stroll,stroll,Aston Martin,19,0.0,-3.0764310281672285,-2.98420648659824,-2.8336343204234336,-6.569007892558309,-6.570683858817619,-4.776607189578274,-4.702159089620526,-4.606001767193688,-4.6103859100316456,0.00012465719272001995,0.00012465719272,-8.989943046329998,-8.989943046330158,-6.846051067975262
2026-12,2026,12,Dutch Grand Prix,Yuki Tsunoda,tsunoda,RB F1 Team,12,0.0,-0.798945683554351,0.1327682798829708,-0.4357389634332643,-6.101409575986407,-6.4806647340178944,-2.9843206480517184,-3.4582018487255795,-2.877730077698192,-3.3907072843629558,0.006108202443280977,0.0028671154325604,-5.098122748219372,-5.854448830400869,-4.278162298472475
2026-13,2026,13,Italian Grand Prix,Alexander Albon,albon,Williams,20,0.0,-3.373039066183676,-2.065298396924399,-2.9456477093265123,-6.629128698392018,-6.613876138272691,-4.3472135476582086,-4.779761923799602,-4.195905701046597,-4.702975029224209,0.00012465719272001995,0.00012465719272,-8.989943046329998,-8.989943046330158,-6.884852485064799
2026-13,2026,13,Italian Grand Prix,Fernando Alonso,alonso,Aston Martin,21,0.0,-3.6630863434085823,-1.981762329937673,-2.681985391807448,-6.727410509129511,-6.663810865609784,-4.354586419533592,-4.672898128708615,-4.203021954894232,-4.59782800143218,0.00012465719272001995,0.00012465719272,-8.989943046329998,-8.989943046330158,-6.831420587519307
2026-13,2026,13,Italian Grand Prix,Andrea Kimi Antonelli,antonelli,Mercedes,19,1.0,-3.0773054551489927,4.216343183539739,2.2853912702039323,-1.7560616196860126,-3.586064172392452,1.2301407819268633,-0.6503364510942597,1.1873248607161966,-0.639888793385607,0.04724507604088756,0.0552231363749688,-3.052406841247572,-2.896373276284863,-1.8513716461709158
2026-13,2026,13,Italian Grand Prix,Arvid Lindblad,arvid_lindblad,RB F1 Team,9,0.0,0.3405217222031149,0.8225104494821756,0.6102911808950554,-5.825760045836283,-5.971196053360805,-2.501624798177054,-2.6804524362328745,-2.414553975202121,-2.637390957038582,0.004612316130640738,0.0026178010471204,-5.379025133685774,-5.945420608606582,-4.029738784959324
2026-13,2026,13,Italian Grand Prix,Oliver Bearman,bearman,Haas F1 Team,11,0.0,-0.4342052786803029,-1.3302048857628863,-0.871766181741801,-6.698545563626992,-6.62570567846968,-4.014375224694939,-3.748735930105741,-3.874652051659928,-3.688512472275608,0.0011219147344801795,0.0006232859636,-6.792718468993779,-7.380505133896058,-5.27072719954976
2026-13,2026,13,Italian Grand Prix,Gabriel Bortoleto,bortoleto,Audi,10,0.0,-0.0549024260376726,-0.0985335595894586,-0.0111967172650312,-6.4692745513318615,-6.430138007714247,-3.28390405546066,-3.22066736248964,-3.1696054488558496,-3.168927328327162,0.0031164298180004985,0.0023684866616803,-5.771067221461798,-6.045504067163591,-4.495867291975719
2026-13,2026,13,Italian Grand Prix,Valtteri Bottas,bottas,Cadillac F1 Team,16,0.0,-2.151099163863732,-3.05716628324263,-2.868571374978702,-6.572663198419036,-6.58977199462482,-4.814914740830833,-4.729171684801761,-4.647328222923042,-4.653197522619823,0.00012465719272001995,0.00012465719272,-8.989943046329998,-8.989943046330158,-6.8595573655658795
2026-13,2026,13,Italian Grand Prix,Franco Colapinto,colapinto,Alpine F1 Team,7,0.0,1.1917311261527983,-0.9706982217838532,-0.0501876298663198,-6.575907746999731,-6.397655634599413,-3.773302984391792,-3.2239216322328668,-3.6419705014294497,-3.172129318213845,0.004363001745200698,0.0033657442034405,-5.434594984840585,-5.69410618032568,-4.329258308536726
2026-13,2026,13,Italian Grand Prix,Pierre Gasly,gasly,Alpine F1 Team,1,0.0,4.93050079765926,-0.1992113079641211,3.105706136599288,-6.386530965150993,-2.7989992066162923,-3.292871136557557,0.1533534649914978,-3.1782604243438803,0.1508898409581668,0.030790326601844928,0.0243081525804038,-3.480554709702021,-3.716943487766255,-1.6636006223552615
2026-13,2026,13,Italian Grand Prix,Lewis Hamilton,hamilton,Ferrari,4,0.0,2.7010550427107782,3.491147370696399,3.535592386533178,-2.340765310408538,-3.1888158404635187,0.5751910301439302,0.1733882730348299,0.5551710989380491,0.1706027897295127,0.17539267015706805,0.1634255796559461,-1.7407279892156091,-1.8113975625662986,-0.7836698580903896
2026-13,2026,13,Italian Grand Prix,Nico Hülkenberg,hulkenberg,Audi,12,0.0,-0.7995420755185201,0.2832832171758349,-0.1509016917179971,-6.261804243738468,-6.35021605724315,-2.989260513281317,-3.2505588744805736,-2.8852171838549623,-3.1983386330574546,0.0016205435053602592,0.0011219147344801,-6.424993688868462,-6.79271846899385,-4.837776281674517
2026-13,2026,13,Italian Grand Prix,Liam Lawson,lawson,Red Bull,22,0.0,-3.947848963660736,1.7236914173760378,-0.2434732721257048,-4.3951000399354605,-5.126745498786062,-1.3357043112797111,-2.6851093854558834,-1.2892141766603875,-2.641973092353549,0.004363001745200698,0.0013712291199202,-5.434594984840585,-6.592047773531641,-4.059852185148234
2026-13,2026,13,Italian Grand Prix,Charles Leclerc,leclerc,Ferrari,3,0.0,3.3112898041037937,3.967440929759479,4.054129992299238,-1.7587811280604613,-2.1881835397553147,1.1043299008495089,0.9329732262719616,1.0658929164652555,0.9179850076306324,0.22201446023435553,0.231239092495637,-1.5050127630403365,-1.4643030712884626,-0.28601976838418747
2026-13,2026,13,Italian Grand Prix,Max Verstappen,max_verstappen,Red Bull,5,0.0,2.1556288743303984,3.697679402112882,3.5236636019323377,-2.6486738648324994,-3.0653116867838266,0.5245027686401913,0.2291759575742555,0.5062470782779072,0.225494244891905,0.08962852156569434,0.0923709798055347,-2.4120816886089513,-2.381942421033912,-1.0914528655173479
2026-13,2026,13,Italian Grand Prix,Lando Norris,norris,McLaren,8,0.0,0.7548413175821007,4.599245371788995,3.2020337421177305,-1.070186186891612,-2.752237388985726,1.7645295924486917,0.2248981765660023,1.7031138901858711,0.2212851864527952,0.06170531039640987,0.06295188232361,-2.785385283761308,-2.7653846170546394,-1.2802435535976529
2026-13,2026,13,Italian Grand Prix,Esteban Ocon,ocon,Haas F1 Team,14,0.0,-1.4948490122974178,-2.021218607263422,-2.244654020457442,-6.75816330803818,-6.685642128169422,-4.389690957650801,-4.465148074313432,-4.236904654698098,-4.393415452498396,0.00012465719272001995,0.00012465719272,-8.989943046329998,-8.989943046330158,-6.727545560321715
2026-13,2026,13,Italian Grand Prix,Sergio Pérez,perez,Cadillac F1 Team,17,0.0,-2.466893835933605,-2.412168613895932,-2.639530264129322,-6.50403380106677,-6.598699118014813,-4.458101207481351,-4.619114691072068,-4.302933837329039,-4.54490859493809,0.00012465719272001995,0.00012465719272,-8.989943046329998,-8.989943046330158,-6.804528868701032
2026-13,2026,13,Italian Grand Prix,Oscar Piastri,piastri,McLaren,6,0.0,1.6562382523986603,3.761195523788869,3.486990796772035,-1.8446822201156423,-2.5699599485720714,0.9582566518366132,0.4585154240999818,0.9249038503463908,0.4511493719633162,0.07491897282473199,0.0953627524308152,-2.5913481117947907,-2.350067212503463,-1.0664163438474046
2026-13,2026,13,Italian Grand Prix,George Russell,russell,Mercedes,2,0.0,4.0229377178745125,3.7090475035464,4.569219446543811,-2.310688873182093,-1.6780527094043969,0.6991793151821535,1.4455833685697073,0.6748438838959263,1.4223600659257831,0.2766143106457243,0.2614061331338818,-1.285131123397404,-1.3416800154280784,0.08022612258615158
2026-13,2026,13,Italian Grand Prix,Carlos Sainz,sainz,Williams,13,0.0,-1.1526267656193312,-1.778438602257956,-1.988002576003266,-6.566740622504689,-6.673812587972436,-4.172589612381323,-4.330907581987851,-4.027359675521311,-4.261331534223214,0.00037397157816005983,0.00012465719272,-7.891330757661889,-8.989943046330158,-6.111119169824869
2026-13,2026,13,Italian Grand Prix,Lance Stroll,stroll,Aston Martin,18,0.0,-2.7754302138286757,-2.43932701022812,-2.700157254140719,-6.698545563626992,-6.620190821243312,-4.568936286927555,-4.660174037692015,-4.409911223331805,-4.585308322989058,0.00012465719272001995,0.00012465719272,-8.989943046329998,-8.989943046330158,-6.825058542011007
2026-13,2026,13,Italian Grand Prix,Yuki Tsunoda,tsunoda,RB F1 Team,15,0.0,-1.8273540973752207,0.1361244819048,-1.2894379033706496,-6.367731629734995,-6.439242393860818,-3.1158035739150973,-3.864340148615734,-3.007355823634273,-3.8022595085491817,0.0013712291199202194,0.0013712291199202,-6.592047773531627,-6.592047773531641,-5.22819396107368
2026-14,2026,14,Spanish Grand Prix,Alexander Albon,albon,Williams,16,0.0,-2.023389389424129,-1.9267268785750344,-2.163311761265801,-6.601971055006764,-6.590693999225732,-4.2643489667909,-4.377002880245767,-4.118989923650742,-4.286555378141973,0.00012465719272001995,0.00037397157816,-8.989943046329998,-7.891330757662049,-6.683472963287882
2026-14,2026,14,Spanish Grand Prix,Fernando Alonso,alonso,Aston Martin,17,0.0,-2.3102581005829377,-2.2070227946309284,-2.266064233946952,-6.607384288074668,-6.590693999225732,-4.407203541352798,-4.428379116586342,-4.256975008302639,-4.336869962852052,0.00012465719272001995,0.00012465719272,-8.989943046329998,-8.989943046330158,-6.70916108145817
2026-14,2026,14,Spanish Grand Prix,Andrea Kimi Antonelli,antonelli,Mercedes,2,1.0,3.842164713470885,4.741376919540127,5.5662391472928885,-0.6803538504595625,-0.1152853149599019,2.030511534540282,2.7254769161664933,1.9612974021969,2.6691569671389592,0.28184991273996507,0.2479431563201196,-1.2663805740520284,-1.3945557674760263,0.7295481710572325
2026-14,2026,14,Spanish Grand Prix,Arvid Lindblad,arvid_lindblad,RB F1 Team,10,0.0,-0.0896617321149833,0.8057508666422473,0.4680506688641616,-5.855276644604809,-6.120813008090984,-2.5247628889812805,-2.826381169613412,-2.4387011898670354,-2.767976109397783,0.0008726003490401396,0.0023684866616803,-7.044032897274685,-6.045504067163591,-4.9352070334440485
2026-14,2026,14,Spanish Grand Prix,Oliver Bearman,bearman,Haas F1 Team,22,0.0,-3.641188476385195,-1.3373712675925988,-3.1327738537104795,-6.601971055006764,-6.590693999225732,-3.9696711612996816,-4.861733926468106,-3.834356812947501,-4.761269818590338,0.00012465719272001995,0.00012465719272,-8.989943046329998,-8.989943046330158,-6.925838486399051
2026-14,2026,14,Spanish Grand Prix,Gabriel Bortoleto,bortoleto,Audi,12,0.0,-0.782671776082726,0.0612202169576508,-0.2402566768004348,-6.414817377091849,-6.598066879900246,-3.176798580067099,-3.4191617783503405,-3.068510912841996,-3.348507348686545,0.0013712291199202194,0.00037397157816,-6.592047773531627,-7.891330757662049,-5.005604775940984
2026-14,2026,14,Spanish Grand Prix,Valtteri Bottas,bottas,Cadillac F1 Team,19,0.0,-2.86165217084421,-2.899738790207183,-3.3768453871467536,-6.577311913131688,-6.583310734387848,-4.738525351669436,-4.980078060767301,-4.577003038092836,-4.877168459562511,0.00012465719272001995,0.00012465719272,-8.989943046329998,-8.989943046330158,-6.9850105535486495
2026-14,2026,14,Spanish Grand Prix,Franco Colapinto,colapinto,Alpine F1 Team,9,0.0,0.2812192809555665,-0.5674612971463109,-0.2100650927622612,-6.474333363402431,-6.516742356324612,-3.5208973302743707,-3.3634037245434367,-3.4008803544337263,-3.293901493502074,0.0028671154325604587,0.0018698578908002,-5.854448830400848,-6.2818928452278415,-4.6089262774721425
2026-14,2026,14,Spanish Grand Prix,Pierre Gasly,gasly,Alpine F1 Team,14,0.0,-1.4236338228396663,0.2456762364828417,-0.6774590017914806,-6.275179560247071,-6.560262624862738,-3.0147516618821144,-3.618860813327109,-2.9119876947938,-3.544079751951988,0.002617801047120419,0.0013712291199202,-5.945420608606575,-6.592047773531641,-4.782140710966842
2026-14,2026,14,Spanish Grand Prix,Lewis Hamilton,hamilton,Ferrari,4,0.0,2.5401400472541127,3.585101929199484,3.694490912554324,-2.5492398386167725,-3.220663835625353,0.5179310452913557,0.2369135384644856,0.500276307899451,0.232017896776564,0.12503116429818,0.1282722513089005,-2.0791922583680624,-2.053600310495949,-0.9211393599517884
2026-14,2026,14,Spanish Grand Prix,Nico Hülkenberg,hulkenberg,Audi,11,0.0,-0.4435341295556402,0.3226410204758718,0.1876201042259299,-6.05588008342857,-6.391297252978499,-2.866619531476349,-3.1018385743762846,-2.768904950566742,-3.0377413922045022,0.0013712291199202194,0.0013712291199202,-6.592047773531627,-6.592047773531641,-4.846943173953956
2026-14,2026,14,Spanish Grand Prix,Liam Lawson,lawson,Red Bull,8,0.0,0.6720357511717143,1.521329879277862,1.552991972550975,-4.459936455577936,-5.111149565039644,-1.4693032881500372,-1.7790787962443342,-1.419219084978245,-1.7423154589633931,0.013089005235602094,0.0180752929444028,-4.335982696172475,-4.013209303909429,-3.0575307462084043
2026-14,2026,14,Spanish Grand Prix,Charles Leclerc,leclerc,Ferrari,5,0.0,2.0110008663627683,3.8640732639779927,3.609336088341412,-2.68542385265669,-3.33241977783265,0.5893247056606514,0.1384581552543811,0.5692363695557024,0.1355970206763853,0.11106955871353777,0.1095736724008975,-2.197598618859189,-2.2111581486448215,-1.029570231802404
2026-14,2026,14,Spanish Grand Prix,Max Verstappen,max_verstappen,Red Bull,3,0.0,3.13765490188424,3.943033737617609,4.340952992965891,-2.306338703091904,-1.8973183012564705,0.8183475172628525,1.2218173458547104,0.7904524709165469,1.196569401089035,0.10683121416105709,0.12503116429818,-2.2365051277322183,-2.0791922583680624,-0.507343890938754
2026-14,2026,14,Spanish Grand Prix,Lando Norris,norris,McLaren,1,0.0,4.75337290947151,4.848887507450214,6.323691610944627,-1.198807986625618,0.5738292623844012,1.8250397604122977,3.448760436664514,1.762829553102291,3.3774943727881337,0.2162802293692346,0.1965843929194714,-1.5311803539490385,-1.62666345936696,0.9587900413577377
2026-14,2026,14,Spanish Grand Prix,Esteban Ocon,ocon,Haas F1 Team,13,0.0,-1.1088829569368677,-2.0348404968222216,-2.031257361426628,-6.655868708305268,-6.657445513943557,-4.345354602563745,-4.344351437685092,-4.197234316899441,-4.254578653304932,0.00037397157816005983,0.00012465719272,-7.891330757661889,-8.989943046330158,-6.117841097673491
2026-14,2026,14,Spanish Grand Prix,Sergio Pérez,perez,Cadillac F1 Team,18,0.0,-2.5894690192897536,-2.350433272747108,-2.767062178976386,-6.559254510039679,-6.568360951901954,-4.454843891393393,-4.66771156543917,-4.302991439721495,-4.571256785036727,0.00012465719272001995,0.00012465719272,-8.989943046329998,-8.989943046330158,-6.828827305884584
2026-14,2026,14,Spanish Grand Prix,Oscar Piastri,piastri,McLaren,7,0.0,1.0866647046045614,4.014918997063964,3.1580351213418263,-2.282863224390999,-4.105463967255754,0.8660278863364823,-0.4737144229569638,0.8365075572379709,-0.4639254674914852,0.053477935676888556,0.0676888556469708,-2.9284861274019813,-2.692833726396063,-1.7011002751794726
2026-14,2026,14,Spanish Grand Prix,George Russell,russell,Mercedes,6,0.0,1.5304310395961966,4.353706181654526,3.587571684420852,-1.8946716062053368,-3.2185672361070945,1.2295172877245948,0.1845022241568787,1.1876066800656664,0.1806896232141426,0.08090251807529295,0.0973572675143355,-2.5145103296259084,-2.329367896490313,-1.165004052734515
2026-14,2026,14,Spanish Grand Prix,Carlos Sainz,sainz,Williams,20,0.0,-3.127355655287967,-1.5277871723792469,-2.2634198194804203,-6.587429940530638,-6.646936701981152,-4.057608556454942,-4.455178260730786,-3.919296682404103,-4.3631153226576,0.00037397157816005983,0.00012465719272,-7.891330757661889,-8.989943046330158,-6.173254509196338
2026-14,2026,14,Spanish Grand Prix,Lance Stroll,stroll,Aston Martin,21,0.0,-3.3870598287256777,-2.4458261102818155,-2.805548593072317,-6.607384288074668,-6.590693999225732,-4.526605199178242,-4.698121296149025,-4.372306616780335,-4.601038121327477,0.00012465719272001995,0.00012465719272,-8.989943046329998,-8.989943046330158,-6.844032171239512
2026-14,2026,14,Spanish Grand Prix,Yuki Tsunoda,tsunoda,RB F1 Team,15,0.0,-1.728132692203696,-0.0611264602577737,-1.0450362162538105,-6.40566952075261,-6.674222329545087,-3.233397990505192,-3.859629272899449,-3.123181016788606,-3.779872910764993,0.0008726003490401396,0.0008726003490401,-7.044032897274685,-7.044032897274731,-5.451831085087067
2026-15,2026,15,Azerbaijan Grand Prix,Alexander Albon,albon,Williams,12,0.0,-0.7815199884499995,-2.102347802254068,-1.6671413716196233,-6.585463557957894,-6.645935085011277,-4.343905680105981,-4.15653822831545,-4.206627922207383,-4.070000179276048,0.0006232859636000998,0.0006232859636,-7.380505133895897,-7.380505133896058,-5.768521681105674
2026-15,2026,15,Azerbaijan Grand Prix,Fernando Alonso,alonso,Aston Martin,21,0.0,-3.395906242244577,-2.514788851662114,-2.7209606385933105,-6.579663790154093,-6.645935085011277,-4.547226320908104,-4.683447861802294,-4.403523146861165,-4.585939690705215,0.00012465719272001998,0.00012465719272,-8.989943046329998,-8.989943046330158,-6.836695454066145
2026-15,2026,15,Azerbaijan Grand Prix,Andrea Kimi Antonelli,antonelli,Mercedes,16,0.0,-2.026369702636311,4.657852848331629,1.5954846176572106,-0.0399875646678698,-2.450925682381577,2.30893264183188,-0.4277205323621831,2.2359648751372228,-0.4188155016920528,0.03826975816504613,0.0457491897282473,-3.263095298742801,-3.0845811982754285,-1.845407915552492
2026-15,2026,15,Azerbaijan Grand Prix,Arvid Lindblad,arvid_lindblad,RB F1 Team,15,0.0,-1.730024109756757,0.5607886285290182,-0.6725373732019992,-5.930029385559965,-6.182300381225327,-2.684620378515473,-3.427418877213664,-2.5997799852124355,-3.356060904164274,0.0011219147344801797,0.00037397157816,-6.792718468993779,-7.891330757662049,-5.110068673103721
2026-15,2026,15,Azerbaijan Grand Prix,Oliver Bearman,bearman,Haas F1 Team,10,0.0,-0.0867158994947789,-1.5745791161553104,-0.95133456891213,-6.694812217584716,-6.621931724331509,-4.134695666870013,-3.7866331466218193,-4.004029443305252,-3.7077964255484295,0.0006232859636000998,0.0011219147344801,-7.380505133895897,-6.79271846899385,-5.5835691402588585
2026-15,2026,15,Azerbaijan Grand Prix,Gabriel Bortoleto,bortoleto,Audi,17,0.0,-2.314358713981984,-0.0954857217205197,-1.3355370807920175,-6.202845858788036,-6.455245386954142,-3.149165790254278,-3.89539123387308,-3.049644656331654,-3.814290197600117,0.0011219147344801797,0.00012465719272,-6.792718468993779,-8.989943046330158,-5.344054851433429
2026-15,2026,15,Azerbaijan Grand Prix,Valtteri Bottas,bottas,Cadillac F1 Team,19,0.0,-2.8680770378818297,-3.285452916528873,-3.845704873460793,-6.562238690702502,-6.625769764923511,-4.923845803615688,-5.235737319192152,-4.768240557568474,-5.12673062467913,0.00012465719272001998,0.00012465719272,-8.989943046329998,-8.989943046330158,-7.112840182761075
2026-15,2026,15,Azerbaijan Grand Prix,Franco Colapinto,colapinto,Alpine F1 Team,9,0.0,0.284970872626447,-0.3480304223196151,-0.1745718343993944,-6.411128527814361,-6.461555410712934,-3.379579475066988,-3.318063622556164,-3.2727767203243947,-3.248982397577032,0.0023684866616803793,0.0018698578908002,-6.045504067163558,-6.2818928452278415,-4.6817838448598605
2026-15,2026,15,Azerbaijan Grand Prix,Pierre Gasly,gasly,Alpine F1 Team,7,0.0,1.0917893844355513,0.1820329730906387,0.7353942148275918,-6.251356520339244,-6.351619454386259,-3.0346617736243027,-2.8081126197793336,-2.9387592391444186,-2.74964844256013,0.005360259286960859,0.0056095736724008,-5.228742930636436,-5.183280556559696,-4.0184277752078845
2026-15,2026,15,Azerbaijan Grand Prix,Isack Hadjar,hadjar,Red Bull,4,0.0,2.54640593183424,2.236060444190392,2.7928255137795217,-3.4428210215226183,-3.851858190307981,-0.603380288666113,-0.5295163382642296,-0.5843120355114377,-0.5184919452884321,0.06868611318873101,0.0659436549488905,-2.6782082371770835,-2.7189546144716994,-1.6038622877206565
2026-15,2026,15,Azerbaijan Grand Prix,Lewis Hamilton,hamilton,Ferrari,6,0.0,1.5360885966326234,2.8383700245046763,2.514547655635472,-2.819953933479368,-4.110799567808715,0.0092080455126541,-0.7981259560866216,0.0089170493594931,-0.7815091804590254,0.06768885564697084,0.0883819496384941,-2.6928337263960627,-2.4260875197978713,-1.7454798412413421
2026-15,2026,15,Azerbaijan Grand Prix,Nico Hülkenberg,hulkenberg,Audi,18,0.0,-2.5947186035665477,0.3711947372436209,-1.1711030742951154,-5.979465409511891,-6.335775158155142,-2.8041353361341352,-3.753439116225129,-2.7155179857271774,-3.675293486264703,0.0013712291199202197,0.0006232859636,-6.592047773531627,-7.380505133896058,-5.172743444878378
2026-15,2026,15,Azerbaijan Grand Prix,Liam Lawson,lawson,RB F1 Team,11,0.0,-0.4414577360563333,0.5818219817451852,0.084474886993649,-5.798724703999886,-6.144727820613777,-2.6084513611273503,-3.030126466810064,-2.526018090054491,-2.967040018814932,0.0018698578908002996,0.0023684866616803,-6.281892845227788,-6.045504067163591,-4.656009656018926
2026-15,2026,15,Azerbaijan Grand Prix,Charles Leclerc,leclerc,Ferrari,2,0.0,3.847944498977701,3.3704254130245603,4.351818414006809,-2.995838642214218,-2.159019507523172,0.1872933854051712,1.0963994532418184,0.1813744686719164,1.0735727006800195,0.2165295437546747,0.2170281725255547,-1.530028280088893,-1.5277281065618091,-0.21681441342353724
2026-15,2026,15,Azerbaijan Grand Prix,Max Verstappen,max_verstappen,Red Bull,8,0.0,0.6765184637605411,3.928300172652959,3.144601227001414,-1.8780669855190948,-3.52187058650876,1.025116593566932,-0.1886346797536728,0.992720469453555,-0.1847073545925925,0.04300673148840689,0.0497382198952879,-3.146398629298638,-3.000981629440136,-1.6675166545261555
2026-15,2026,15,Azerbaijan Grand Prix,Lando Norris,norris,McLaren,5,0.0,2.017053508735404,4.535020183623481,4.03351175225305,-1.7228615437402528,-2.696209776276283,1.4060793199416142,0.6686509879883835,1.3616438669912496,0.6547298476522739,0.09212166542009476,0.1103216155572176,-2.3846451253817964,-2.204355401322069,-0.8579970686967064
2026-15,2026,15,Azerbaijan Grand Prix,Esteban Ocon,ocon,Haas F1 Team,13,0.0,-1.1087041717163124,-1.919872143230728,-1.9168830183143704,-6.679767358977108,-6.652308828806313,-4.299819751103918,-4.2845959235603415,-4.1639352134854,-4.195391746483073,0.0008726003490401398,0.00037397157816,-7.044032897274684,-7.891330757662049,-5.6643144104175125
2026-15,2026,15,Azerbaijan Grand Prix,Sergio Pérez,perez,Cadillac F1 Team,20,0.0,-3.134980064888949,-2.7772209898756035,-3.089619977871554,-6.431833062599414,-6.605447821371447,-4.604527026237509,-4.8475338996215,-4.459013013527647,-4.746609499728365,0.00012465719272001998,0.00012465719272,-8.989943046329998,-8.989943046330158,-6.918738472975749
2026-15,2026,15,Azerbaijan Grand Prix,Oscar Piastri,piastri,McLaren,3,0.0,3.143878030899913,3.6738168922839822,3.7684058679915418,-2.133380601941286,-2.6424900207297006,0.7702181451713481,0.5629579236309206,0.7458774186803991,0.5512372855118199,0.10633258539017704,0.1078284717028172,-2.241183498838319,-2.2272135393981194,-0.8391127876036992
2026-15,2026,15,Azerbaijan Grand Prix,George Russell,russell,Mercedes,1,1.0,4.757935474987067,4.00365857076111,5.19301839472355,-2.04851450121755,-0.1386859269939674,0.97757203477178,2.5271662338647918,0.9466784318714137,2.4745512876128606,0.3509099975068562,0.3012964348042882,-1.0472255057562072,-1.1996606656265152,0.7399703640542923
2026-15,2026,15,Azerbaijan Grand Prix,Carlos Sainz,sainz,Williams,14,0.0,-1.4244709473246648,-1.705063331341776,-0.8642488329522762,-6.58244471417195,-6.672004707157509,-4.143754022756863,-3.768126770054893,-4.012801533587374,-3.689675346947002,0.0006232859636000998,0.00012465719272,-7.380505133895897,-8.989943046330158,-5.574315951975395
2026-15,2026,15,Azerbaijan Grand Prix,Lance Stroll,stroll,Aston Martin,22,0.0,-3.651277768529325,-2.4633466546021703,-2.832207112344718,-6.576622828585846,-6.627970804608313,-4.519984741594008,-4.730088958476515,-4.3771424662878005,-4.631609731830435,0.00012465719272001998,0.00012465719272,-8.989943046329998,-8.989943046330158,-6.860016002403256
