race_key,driver_id,p_sim,p_sim_raw,p_podium,exp_pos,p_sc,grid
2022-01,leclerc,0.12356608478802993,0.12375,0.38175,7.17625,0.59825,1
2022-01,sainz,0.07069825436408977,0.07075,0.302,7.7135,0.59825,3
2022-01,hamilton,0.20985037406483792,0.21025,0.4705,6.32125,0.59825,5
2022-01,russell,0.023566084788029924,0.0235,0.1325,9.7845,0.59825,9
2022-01,kevin_magnussen,0.0016209476309226932,0.0015,0.01525,13.5475,0.59825,7
2022-01,bottas,0.03029925187032419,0.03025,0.1545,9.3335,0.59825,6
2022-01,ocon,0.006359102244389027,0.00625,0.06825,11.0515,0.59825,11
2022-01,tsunoda,0.007605985037406484,0.0075,0.039999999999999994,11.78,0.59825,16
2022-01,alonso,0.017830423940149626,0.01775,0.08875,10.40475,0.59825,8
2022-01,zhou,0.00486284289276808,0.00475,0.041499999999999995,11.7955,0.59825,15
2022-01,mick_schumacher,0.0006234413965087282,0.0005,0.0034999999999999996,14.845,0.59825,12
2022-01,stroll,0.004364089775561097,0.00425,0.03,12.19875,0.59825,19
2022-01,albon,0.008354114713216957,0.00825,0.0465,11.61225,0.59825,14
2022-01,ricciardo,0.005361596009975062,0.00525,0.0395,11.52875,0.59825,18
2022-01,norris,0.015336658354114713,0.01525,0.09075,10.16675,0.59825,13
2022-01,latifi,0.0006234413965087282,0.0005,0.005,14.1105,0.59825,20
2022-01,hulkenberg,0.0036159600997506237,0.0035,0.039,12.28075,0.59825,17
2022-01,perez,0.1697007481296758,0.17,0.42625,7.088,0.59825,4
2022-01,max_verstappen,0.279925187032419,0.2805,0.52225,6.6555,0.59825,2
2022-01,gasly,0.015835411471321694,0.01575,0.10225,10.6055,0.59825,10
2022-02,max_verstappen,0.1592269326683292,0.1595,0.365,7.73475,0.5845,4
2022-02,leclerc,0.14451371571072322,0.14475,0.3705,7.0895,0.5845,2
2022-02,sainz,0.12082294264339154,0.121,0.32525,7.3955,0.5845,3
2022-02,perez,0.1938902743142145,0.19425,0.422,7.535,0.5845,1
2022-02,russell,0.05922693266832919,0.05925,0.20450000000000002,9.00725,0.5845,6
2022-02,ocon,0.04326683291770574,0.04325,0.15175,9.69525,0.5845,5
2022-02,norris,0.022817955112219453,0.02275,0.09475,10.59975,0.5845,11
2022-02,gasly,0.03503740648379053,0.035,0.11925000000000001,10.60975,0.5845,9
2022-02,kevin_magnussen,0.011097256857855363,0.011,0.05125,12.251,0.5845,10
2022-02,hamilton,0.04576059850374065,0.04575,0.15875,9.26925,0.5845,15
2022-02,zhou,0.01433915211970075,0.01425,0.07775,11.1945,0.5845,12
2022-02,hulkenberg,0.007107231920199502,0.007,0.049,12.2105,0.5845,17
2022-02,stroll,0.015835411471321698,0.01575,0.07425,11.58075,0.5845,13
2022-02,albon,0.011596009975062346,0.0115,0.05875,12.0065,0.5845,16
2022-02,bottas,0.0445137157107232,0.0445,0.149,9.658,0.5845,8
2022-02,alonso,0.039276807980049885,0.03925,0.14675,9.7435,0.5845,7
2022-02,ricciardo,0.015336658354114715,0.01525,0.06925,11.674,0.5845,14
2022-02,latifi,0.0021197007481296762,0.002,0.023,13.95725,0.5845,18
2022-02,tsunoda,0.011346633416458855,0.01125,0.06175,12.63475,0.5845,19
2022-02,mick_schumacher,0.00286783042394015,0.00275,0.0275,14.15325,0.5845,20
2022-03,leclerc,0.28117206982543647,0.28175,0.64175,5.282,0.59425,1
2022-03,perez,0.22157107231920203,0.222,0.52975,6.59325,0.59425,3
2022-03,russell,0.024563591022443893,0.0245,0.1985,8.21225,0.59425,6
2022-03,hamilton,0.09563591022443892,0.09575,0.394,6.76175,0.59425,5
2022-03,norris,0.020822942643391525,0.02075,0.17525000000000002,8.332,0.59425,4
2022-03,ricciardo,0.006109725685785537,0.006,0.07100000000000001,9.84175,0.59425,7
2022-03,ocon,0.005860349127182046,0.00575,0.0695,9.98975,0.59425,8
2022-03,bottas,0.0021197007481296762,0.002,0.035500000000000004,10.9725,0.59425,12
2022-03,gasly,0.002618453865336659,0.0025,0.0345,11.2775,0.59425,11
2022-03,albon,0.00037406483790523696,0.00025,0.0025,13.64475,0.59425,20
2022-03,zhou,0.00037406483790523696,0.00025,0.0075,12.41375,0.59425,14
2022-03,stroll,0.00037406483790523696,0.00025,0.00375,13.533,0.59425,19
2022-03,mick_schumacher,0.00012468827930174565,0.0,0.00375,13.7055,0.59425,15
2022-03,kevin_magnussen,0.0006234413965087283,0.0005,0.00375,13.25375,0.59425,16
2022-03,tsunoda,0.001122194513715711,0.001,0.01675,11.84875,0.59425,13
2022-03,latifi,0.00037406483790523696,0.00025,0.00075,14.62025,0.59425,18
2022-03,alonso,0.0031172069825436415,0.003,0.04325,11.04175,0.59425,10
2022-03,max_verstappen,0.30635910224438906,0.307,0.58375,6.697,0.59425,2
2022-03,vettel,0.00037406483790523696,0.00025,0.0075,13.349,0.59425,17
2022-03,sainz,0.026309226932668333,0.02625,0.177,8.62975,0.59425,9
2022-04,max_verstappen,0.2679551122194514,0.2685,0.47725000000000006,7.30175,0.599,1
2022-04,perez,0.16521197007481297,0.1655,0.3985000000000001,8.031,0.599,3
2022-04,norris,0.031795511221945134,0.03175,0.16549999999999998,9.60875,0.599,5
2022-04,russell,0.02680798004987531,0.02675,0.12875,9.8915,0.599,11
2022-04,bottas,0.018329177057356608,0.01825,0.126,10.156,0.599,7
2022-04,leclerc,0.20885286783042395,0.20925,0.45849999999999996,6.9295,0.599,2
2022-04,tsunoda,0.00910224438902743,0.009,0.065,11.5775,0.599,12
2022-04,vettel,0.005860349127182045,0.00575,0.05025,11.57275,0.599,13
2022-04,kevin_magnussen,0.005610972568578554,0.0055,0.0615,11.322,0.599,8
2022-04,stroll,0.004114713216957606,0.004,0.0415,11.9255,0.599,15
2022-04,albon,0.003366583541147132,0.00325,0.0275,12.4145,0.599,18
2022-04,gasly,0.007356608478802993,0.00725,0.0525,11.73325,0.599,17
2022-04,hamilton,0.04102244389027431,0.041,0.16849999999999998,9.18375,0.599,14
2022-04,ocon,0.007855361596009976,0.00775,0.057999999999999996,11.56275,0.599,16
2022-04,zhou,0.003366583541147132,0.00325,0.034999999999999996,12.18225,0.599,20
2022-04,latifi,0.0016209476309226932,0.0015,0.012,13.30375,0.599,19
2022-04,mick_schumacher,0.005112219451371571,0.005,0.037,12.534,0.599,10
2022-04,ricciardo,0.025311720698254363,0.02525,0.1315,10.21925,0.599,6
2022-04,alonso,0.01683291770573566,0.01675,0.10475000000000001,10.9545,0.599,9
2022-04,sainz,0.1445137157107232,0.14475,0.40049999999999997,7.59575,0.599,4
2022-05,max_verstappen,0.2158354114713217,0.21625,0.473,7.16225,0.61175,3
2022-05,leclerc,0.2719451371571072,0.2725,0.5235,6.1175,0.61175,1
2022-05,sainz,0.20012468827930174,0.2005,0.46575,6.67825,0.61175,2
2022-05,perez,0.16645885286783044,0.16675,0.4325,7.52525,0.61175,4
2022-05,russell,0.013840399002493765,0.01375,0.11174999999999999,9.9925,0.61175,12
2022-05,hamilton,0.06022443890274314,0.06025,0.28575,8.0465,0.61175,6
2022-05,bottas,0.019326683291770574,0.01925,0.16975,9.4655,0.61175,5
2022-05,ocon,0.001371571072319202,0.00125,0.02225,12.0165,0.61175,20
2022-05,albon,0.0006234413965087282,0.0005,0.0155,12.57725,0.61175,18
2022-05,stroll,0.0003740648379052369,0.00025,0.012750000000000001,12.6095,0.61175,20
2022-05,alonso,0.009850374064837904,0.00975,0.076,10.79975,0.61175,11
2022-05,tsunoda,0.00860349127182045,0.0085,0.0735,10.9755,0.61175,9
2022-05,ricciardo,0.004114713216957606,0.004,0.0475,11.08075,0.61175,14
2022-05,latifi,0.0006234413965087282,0.0005,0.006999999999999999,13.643,0.61175,19
2022-05,mick_schumacher,0.0011221945137157108,0.001,0.01925,12.401,0.61175,15
2022-05,kevin_magnussen,0.0018703241895261845,0.00175,0.023,12.1135,0.61175,16
2022-05,vettel,0.0016209476309226932,0.0015,0.013999999999999999,12.7125,0.61175,20
2022-05,gasly,0.009600997506234414,0.0095,0.09825,10.86575,0.61175,7
2022-05,norris,0.011596009975062344,0.0115,0.1105,10.411,0.61175,8
2022-05,zhou,0.0008728179551122195,0.00075,0.0185,12.80625,0.61175,17
2022-06,max_verstappen,0.29164588528678304,0.29225,0.598,5.91675,0.6435,2
2022-06,perez,0.11932668329177057,0.1195,0.417,6.8865,0.6435,5
2022-06,russell,0.03254364089775561,0.0325,0.24,7.52025,0.6435,4
2022-06,sainz,0.16172069825436408,0.162,0.5275,5.853,0.6435,3
2022-06,hamilton,0.037032418952618454,0.037,0.25025,7.2455,0.6435,6
2022-06,bottas,0.01084788029925187,0.01075,0.098,9.48325,0.6435,7
2022-06,ocon,0.0003740648379052369,0.00025,0.019,11.4765,0.6435,12
2022-06,norris,0.0011221945137157108,0.001,0.035,10.8145,0.6435,11
2022-06,alonso,0.0006234413965087282,0.0005,0.0085,12.8755,0.6435,20
2022-06,tsunoda,0.0006234413965087282,0.0005,0.014,12.34375,0.6435,13
2022-06,vettel,0.00012468827930174563,0.0,0.008,12.77425,0.6435,16
2022-06,ricciardo,0.003366583541147132,0.00325,0.03675,10.49475,0.6435,9
2022-06,gasly,0.001371571072319202,0.00125,0.018000000000000002,12.2735,0.6435,14
2022-06,mick_schumacher,0.0008728179551122195,0.00075,0.014499999999999999,12.253,0.6435,10
2022-06,stroll,0.0006234413965087282,0.0005,0.00575,13.2005,0.6435,17
2022-06,latifi,0.00012468827930174563,0.0,0.0015,14.6225,0.6435,19
2022-06,kevin_magnussen,0.0016209476309226932,0.0015,0.029249999999999998,11.60725,0.6435,8
2022-06,albon,0.0003740648379052369,0.00025,0.0025,13.80325,0.6435,18
2022-06,zhou,0.0008728179551122195,0.00075,0.01075,13.268,0.6435,15
2022-06,leclerc,0.334788029925187,0.3355,0.6657500000000001,5.2875,0.6435,1
2022-07,perez,0.2051122194513715,0.2055,0.5325,6.262,0.61,3
2022-07,sainz,0.21209476309226927,0.2125,0.56325,5.7975,0.61,2
2022-07,max_verstappen,0.17194513715710721,0.17225,0.49875,6.50875,0.61,4
2022-07,leclerc,0.3233167082294264,0.324,0.6345000000000001,5.4365,0.61,1
2022-07,russell,0.02830423940149625,0.02825,0.20925,7.855,0.61,6
2022-07,norris,0.013840399002493762,0.01375,0.137,8.62325,0.61,5
2022-07,alonso,0.006608478802992517,0.0065,0.086,9.4505,0.61,7
2022-07,hamilton,0.026807980049875304,0.02675,0.18175000000000002,8.0205,0.61,8
2022-07,bottas,0.0023690773067331665,0.00225,0.028999999999999998,11.24125,0.61,12
2022-07,vettel,0.0013715710723192019,0.00125,0.0225,10.9445,0.61,9
2022-07,gasly,0.0006234413965087281,0.0005,0.00525,12.94125,0.61,17
2022-07,ocon,0.002867830423940149,0.00275,0.04325,10.328,0.61,10
2022-07,ricciardo,0.0008728179551122193,0.00075,0.012,11.83625,0.61,14
2022-07,stroll,0.0003740648379052368,0.00025,0.003,13.3055,0.61,18
2022-07,latifi,0.0001246882793017456,0.0,0.0005,14.91925,0.61,19
2022-07,zhou,0.0001246882793017456,0.0,0.00125,14.248,0.61,20
2022-07,tsunoda,0.0023690773067331665,0.00225,0.02325,11.8305,0.61,11
2022-07,albon,0.0001246882793017456,0.0,0.00275,13.89675,0.61,16
2022-07,mick_schumacher,0.0001246882793017456,0.0,0.00375,13.6215,0.61,15
2022-07,kevin_magnussen,0.0006234413965087281,0.0005,0.0105,12.93325,0.61,13
2022-08,max_verstappen,0.21957605985037407,0.22,0.512,6.53575,0.6355,3
2022-08,perez,0.23154613466334165,0.232,0.516,6.51175,0.6355,2
2022-08,russell,0.041271820448877804,0.04125,0.2355,8.4365,0.6355,5
2022-08,hamilton,0.03778054862842893,0.03775,0.22125,8.3565,0.6355,7
2022-08,gasly,0.009600997506234414,0.0095,0.089,10.417,0.6355,6
2022-08,vettel,0.003117206982543641,0.003,0.04025,11.27675,0.6355,9
2022-08,alonso,0.006608478802992519,0.0065,0.0615,10.757,0.6355,10
2022-08,ricciardo,0.0038653366583541147,0.00375,0.04875,11.039,0.6355,12
2022-08,norris,0.006359102244389027,0.00625,0.07975,10.30575,0.6355,11
2022-08,ocon,0.003117206982543641,0.003,0.047,11.28075,0.6355,13
2022-08,bottas,0.003117206982543641,0.003,0.03675,11.60625,0.6355,15
2022-08,albon,0.001371571072319202,0.00125,0.015,12.57875,0.6355,17
2022-08,tsunoda,0.005860349127182045,0.00575,0.069,10.87475,0.6355,8
2022-08,mick_schumacher,0.00012468827930174563,0.0,0.005,13.704,0.6355,20
2022-08,latifi,0.00012468827930174563,0.0,0.006999999999999999,13.359,0.6355,18
2022-08,stroll,0.001371571072319202,0.00125,0.0135,12.36275,0.6355,19
2022-08,kevin_magnussen,0.001371571072319202,0.00125,0.00975,13.61425,0.6355,16
2022-08,zhou,0.0016209476309226932,0.0015,0.013250000000000001,13.167,0.6355,14
2022-08,leclerc,0.2672069825436409,0.26775,0.54425,6.56925,0.6355,1
2022-08,sainz,0.15498753117206981,0.15525,0.4355,7.24725,0.6355,4
2022-09,max_verstappen,0.4983790523690773,0.4995,0.722,4.78025,0.62675,1
2022-09,sainz,0.25947630922693266,0.26,0.5975,5.772,0.62675,3
2022-09,hamilton,0.09613466334164589,0.09625,0.4495,6.2665,0.62675,4
2022-09,russell,0.027306733167082296,0.02725,0.21025,8.1,0.62675,8
2022-09,leclerc,0.007107231920199501,0.007,0.0485,10.87225,0.62675,19
2022-09,ocon,0.011596009975062344,0.0115,0.1285,9.02925,0.62675,7
2022-09,bottas,0.004114713216957606,0.004,0.041,11.0085,0.62675,11
2022-09,zhou,0.003366583541147132,0.00325,0.06,10.89175,0.62675,10
2022-09,alonso,0.05648379052369077,0.0565,0.37,7.04425,0.62675,2
2022-09,stroll,0.00012468827930174563,0.0,0.00075,14.46275,0.62675,17
2022-09,ricciardo,0.007356608478802993,0.00725,0.08375,9.50675,0.62675,9
2022-09,vettel,0.00012468827930174563,0.0,0.002,13.8085,0.62675,16
2022-09,albon,0.0008728179551122195,0.00075,0.01675,11.6875,0.62675,12
2022-09,gasly,0.00012468827930174563,0.0,0.006500000000000001,13.224,0.62675,15
2022-09,norris,0.0006234413965087282,0.0005,0.009250000000000001,12.225,0.62675,14
2022-09,latifi,0.00012468827930174563,0.0,0.0005,15.5355,0.62675,18
2022-09,kevin_magnussen,0.008104738154613466,0.008,0.09575,10.26175,0.62675,5
2022-09,tsunoda,0.00012468827930174563,0.0,0.001,14.5895,0.62675,20
2022-09,mick_schumacher,0.005112219451371571,0.005,0.06025,10.787,0.62675,6
2022-09,perez,0.013341645885286782,0.01325,0.09625,10.147,0.62675,13
2022-10,sainz,0.23703241895261845,0.2375,0.5385,6.1515,0.64575,1
2022-10,perez,0.16620947630922694,0.1665,0.47950000000000004,6.6665,0.64575,4
2022-10,hamilton,0.0557356608478803,0.05575,0.29675,7.299,0.64575,5
2022-10,leclerc,0.1841645885286783,0.1845,0.48800000000000004,6.5635,0.64575,3
2022-10,alonso,0.007107231920199501,0.007,0.09375,9.7745,0.64575,7
2022-10,norris,0.012842892768079801,0.01275,0.11424999999999999,9.4585,0.64575,6
2022-10,max_verstappen,0.2901496259351621,0.29075,0.5720000000000001,6.0325,0.64575,2
2022-10,mick_schumacher,0.0003740648379052369,0.00025,0.0034999999999999996,13.8735,0.64575,19
2022-10,vettel,0.0003740648379052369,0.00025,0.008,12.73675,0.64575,18
2022-10,kevin_magnussen,0.00012468827930174563,0.0,0.00375,13.75875,0.64575,17
2022-10,stroll,0.0006234413965087282,0.0005,0.00525,13.0935,0.64575,20
2022-10,latifi,0.0003740648379052369,0.00025,0.01025,13.20025,0.64575,10
2022-10,ricciardo,0.0016209476309226932,0.0015,0.02425,11.6545,0.64575,14
2022-10,tsunoda,0.0026184538653366584,0.0025,0.02525,11.666,0.64575,13
2022-10,ocon,0.0008728179551122195,0.00075,0.024999999999999998,11.4605,0.64575,15
2022-10,gasly,0.0016209476309226932,0.0015,0.035500000000000004,11.14075,0.64575,11
2022-10,bottas,0.0028678304239401495,0.00275,0.03325,11.84325,0.64575,12
2022-10,russell,0.031795511221945134,0.03175,0.1835,8.6645,0.64575,8
2022-10,zhou,0.003366583541147132,0.00325,0.052000000000000005,11.71525,0.64575,9
2022-10,albon,0.00012468827930174563,0.0,0.00775,13.2465,0.64575,16
2022-11,leclerc,0.27917705735660847,0.27975,0.6045,5.75875,0.5085,2
2022-11,max_verstappen,0.3248129675810474,0.3255,0.62475,5.61475,0.5085,1
2022-11,hamilton,0.024314214463840397,0.02425,0.19074999999999998,8.0445,0.5085,8
2022-11,russell,0.06521197007481297,0.06525,0.35750000000000004,7.148,0.5085,4
2022-11,ocon,0.008354114713216957,0.00825,0.09975,9.4305,0.5085,6
2022-11,mick_schumacher,0.002369077306733167,0.00225,0.016,12.15825,0.5085,9
2022-11,norris,0.0036159600997506237,0.0035,0.0455,10.362,0.5085,10
2022-11,kevin_magnussen,0.001371571072319202,0.00125,0.027000000000000003,11.573,0.5085,7
2022-11,ricciardo,0.001371571072319202,0.00125,0.026750000000000003,11.112,0.5085,11
2022-11,alonso,0.0006234413965087282,0.0005,0.00925,12.44825,0.5085,19
2022-11,bottas,0.00012468827930174563,0.0,0.005,12.882,0.5085,20
2022-11,albon,0.0006234413965087282,0.0005,0.005,12.73275,0.5085,15
2022-11,stroll,0.0003740648379052369,0.00025,0.013000000000000001,11.867,0.5085,12
2022-11,zhou,0.0006234413965087282,0.0005,0.013,12.58375,0.5085,13
2022-11,gasly,0.0008728179551122195,0.00075,0.013999999999999999,12.1075,0.5085,14
2022-11,tsunoda,0.00012468827930174563,0.0,0.0045000000000000005,12.5495,0.5085,16
2022-11,vettel,0.00012468827930174563,0.0,0.006,13.211,0.5085,18
2022-11,sainz,0.19189526184538652,0.19225,0.5415000000000001,6.50175,0.5085,3
2022-11,latifi,0.00012468827930174563,0.0,0.002,14.3505,0.5085,17
2022-11,perez,0.09389027431421447,0.094,0.39425,7.56425,0.5085,5
2022-12,max_verstappen,0.263715710723192,0.26425,0.59325,5.938,0.6155,2
2022-12,hamilton,0.09937655860349127,0.0995,0.43325,6.486,0.6155,4
2022-12,russell,0.0385286783042394,0.0385,0.26475000000000004,7.78825,0.6155,6
2022-12,perez,0.14576059850374065,0.146,0.50125,6.77375,0.6155,3
2022-12,sainz,0.01059850374064838,0.0105,0.08875,10.05925,0.6155,19
2022-12,alonso,0.011097256857855361,0.011,0.09625,9.57975,0.6155,7
2022-12,norris,0.01807980049875312,0.018,0.16275,8.442,0.6155,5
2022-12,ocon,0.003117206982543641,0.003,0.051,10.6165,0.6155,10
2022-12,ricciardo,0.004114713216957606,0.004,0.04025,10.533,0.6155,9
2022-12,stroll,0.00012468827930174563,0.0,0.00775,12.612,0.6155,15
2022-12,vettel,0.0016209476309226932,0.0015,0.01675,11.7835,0.6155,12
2022-12,gasly,0.0003740648379052369,0.00025,0.0155,12.3515,0.6155,14
2022-12,albon,0.0003740648379052369,0.00025,0.01225,12.76525,0.6155,13
2022-12,bottas,0.001371571072319202,0.00125,0.031,11.46775,0.6155,11
2022-12,mick_schumacher,0.0003740648379052369,0.00025,0.006500000000000001,13.3945,0.6155,17
2022-12,zhou,0.0008728179551122195,0.00075,0.007500000000000001,13.0275,0.6155,16
2022-12,latifi,0.00012468827930174563,0.0,0.001,14.8535,0.6155,18
2022-12,kevin_magnussen,0.00012468827930174563,0.0,0.00525,14.11575,0.6155,20
2022-12,leclerc,0.3981296758104738,0.399,0.61975,6.28025,0.6155,1
2022-12,tsunoda,0.002119700748129676,0.002,0.04525,11.132,0.6155,8
2022-13,max_verstappen,0.07817955112219452,0.07825,0.273,8.33475,0.61225,10
2022-13,hamilton,0.0786783042394015,0.07875,0.28525,8.13225,0.61225,7
2022-13,russell,0.1849127182044888,0.18525,0.41550000000000004,7.37225,0.61225,1
2022-13,sainz,0.2582294264339152,0.25875,0.44825,7.362,0.61225,2
2022-13,perez,0.04276807980049875,0.04275,0.1955,9.16975,0.61225,11
2022-13,leclerc,0.2295511221945137,0.23,0.44525000000000003,7.289,0.61225,3
2022-13,norris,0.03778054862842893,0.03775,0.2155,9.08975,0.61225,4
2022-13,alonso,0.027057356608478803,0.027,0.17225000000000001,9.5745,0.61225,6
2022-13,ocon,0.027805486284289277,0.02775,0.1735,9.562,0.61225,5
2022-13,vettel,0.0016209476309226932,0.0015,0.02425,12.012,0.61225,18
2022-13,stroll,0.0016209476309226932,0.0015,0.02975,11.79275,0.61225,14
2022-13,gasly,0.0008728179551122195,0.00075,0.013500000000000002,12.571,0.61225,20
2022-13,zhou,0.005112219451371571,0.005,0.0445,11.83,0.61225,12
2022-13,mick_schumacher,0.0011221945137157108,0.001,0.02225,12.3175,0.61225,15
2022-13,ricciardo,0.008104738154613466,0.008,0.0795,10.413,0.61225,9
2022-13,kevin_magnussen,0.003117206982543641,0.003,0.028,12.21575,0.61225,13
2022-13,albon,0.001371571072319202,0.00125,0.012,13.14975,0.61225,17
2022-13,latifi,0.00012468827930174563,0.0,0.004,14.09575,0.61225,19
2022-13,tsunoda,0.0008728179551122195,0.00075,0.022,12.607,0.61225,16
2022-13,bottas,0.011097256857855361,0.011,0.09625,11.10925,0.61225,8
2022-14,max_verstappen,0.05847880299251871,0.0585,0.2295,8.51675,0.6535,14
2022-14,perez,0.22655860349127185,0.227,0.4875,6.6335,0.6535,2
2022-14,sainz,0.3315461346633417,0.33225,0.5559999999999999,6.1385,0.6535,1
2022-14,russell,0.1018703241895262,0.102,0.36125,7.40025,0.6535,5
2022-14,alonso,0.03279301745635911,0.03275,0.217,8.70075,0.6535,3
2022-14,leclerc,0.06047381546134664,0.0605,0.23099999999999998,8.7915,0.6535,15
2022-14,ocon,0.0031172069825436415,0.003,0.033,11.506,0.6535,16
2022-14,vettel,0.009600997506234416,0.0095,0.07050000000000001,10.9275,0.6535,10
2022-14,gasly,0.001122194513715711,0.001,0.0155,12.82475,0.6535,20
2022-14,albon,0.0023690773067331673,0.00225,0.0555,11.40975,0.6535,6
2022-14,stroll,0.005361596009975063,0.00525,0.058249999999999996,10.798,0.6535,9
2022-14,norris,0.0033665835411471326,0.00325,0.04,11.32875,0.6535,17
2022-14,tsunoda,0.0006234413965087283,0.0005,0.013,13.1695,0.6535,20
2022-14,zhou,0.0023690773067331673,0.00225,0.02375,12.854,0.6535,18
2022-14,ricciardo,0.011097256857855363,0.011,0.09725,10.05125,0.6535,7
2022-14,kevin_magnussen,0.0021197007481296762,0.002,0.027750000000000004,12.2485,0.6535,12
2022-14,mick_schumacher,0.00037406483790523696,0.00025,0.00975,13.516,0.6535,19
2022-14,latifi,0.0008728179551122196,0.00075,0.0135,13.4905,0.6535,11
2022-14,bottas,0.0031172069825436415,0.003,0.0285,12.676,0.6535,13
2022-14,hamilton,0.14276807980049877,0.143,0.4315,7.01825,0.6535,4
2022-15,max_verstappen,0.3128428927680798,0.3135,0.594,5.6665,0.62775,1
2022-15,russell,0.051745635910224436,0.05175,0.27849999999999997,7.6955,0.62775,6
2022-15,leclerc,0.23778054862842893,0.23825,0.53525,6.18625,0.62775,2
2022-15,hamilton,0.09937655860349127,0.0995,0.40475,6.81775,0.62775,4
2022-15,perez,0.0844139650872818,0.0845,0.35225,7.42775,0.62775,5
2022-15,alonso,0.0016209476309226932,0.0015,0.02875,11.39125,0.62775,13
2022-15,norris,0.007855361596009976,0.00775,0.09125,9.7035,0.62775,7
2022-15,sainz,0.1841645885286783,0.1845,0.48625,6.565,0.62775,3
2022-15,ocon,0.003117206982543641,0.003,0.03075,11.162,0.62775,12
2022-15,stroll,0.002369077306733167,0.00225,0.035,11.18025,0.62775,10
2022-15,gasly,0.004114713216957606,0.004,0.026750000000000003,11.65725,0.62775,11
2022-15,albon,0.0011221945137157108,0.001,0.01075,12.73975,0.62775,15
2022-15,mick_schumacher,0.0028678304239401495,0.00275,0.036750000000000005,11.47,0.62775,8
2022-15,vettel,0.00012468827930174563,0.0,0.00625,12.6735,0.62775,19
2022-15,kevin_magnussen,0.0003740648379052369,0.00025,0.00675,13.275,0.62775,18
2022-15,zhou,0.0011221945137157108,0.001,0.013999999999999999,12.40825,0.62775,14
2022-15,ricciardo,0.0011221945137157108,0.001,0.0115,12.587,0.62775,17
2022-15,latifi,0.0003740648379052369,0.00025,0.0035,14.46525,0.62775,20
2022-15,bottas,0.0008728179551122195,0.00075,0.010499999999999999,13.1275,0.62775,16
2022-15,tsunoda,0.0026184538653366584,0.0025,0.0365,11.80075,0.62775,9
2022-16,max_verstappen,0.12556109725685788,0.12575,0.37349999999999994,7.54725,0.655,7
2022-16,leclerc,0.3689526184538654,0.36975,0.55125,6.26,0.655,1
2022-16,russell,0.24700748129675812,0.2475,0.49924999999999997,6.522,0.655,2
2022-16,sainz,0.020822942643391525,0.02075,0.11374999999999999,10.13775,0.655,18
2022-16,hamilton,0.01433915211970075,0.01425,0.09725,10.12125,0.655,19
2022-16,perez,0.028802992518703247,0.02875,0.16975,9.518,0.655,13
2022-16,norris,0.064713216957606,0.06475,0.28325,8.5025,0.655,3
2022-16,gasly,0.018079800498753122,0.018,0.1395,10.311,0.655,5
2022-16,de_vries,0.004613466334164589,0.0045,0.05450000000000001,11.4455,0.655,8
2022-16,zhou,0.007855361596009977,0.00775,0.0655,11.7265,0.655,9
2022-16,ocon,0.005860349127182046,0.00575,0.0535,11.343,0.655,14
2022-16,mick_schumacher,0.002618453865336659,0.0025,0.0215,12.74125,0.655,17
2022-16,bottas,0.003615960099750624,0.0035,0.025500000000000002,12.53325,0.655,15
2022-16,tsunoda,0.00286783042394015,0.00275,0.018750000000000003,12.8945,0.655,20
2022-16,latifi,0.00286783042394015,0.00275,0.027749999999999997,12.6375,0.655,10
2022-16,kevin_magnussen,0.001122194513715711,0.001,0.01825,12.972,0.655,16
2022-16,ricciardo,0.030798004987531175,0.03075,0.19174999999999998,9.69875,0.655,4
2022-16,stroll,0.005860349127182046,0.00575,0.04425,11.767,0.655,12
2022-16,alonso,0.03703241895261846,0.037,0.19399999999999998,9.79775,0.655,6
2022-16,vettel,0.00660847880299252,0.0065,0.057249999999999995,11.52325,0.655,11
2022-17,perez,0.22182044887780544,0.22225,0.5415,6.05675,0.64625,2
2022-17,leclerc,0.34127182044887777,0.342,0.60575,5.74475,0.64625,1
2022-17,sainz,0.15049875311720695,0.15075,0.47275,6.7145,0.64625,4
2022-17,norris,0.013092269326683288,0.013,0.13124999999999998,9.16825,0.64625,6
2022-17,ricciardo,0.0001246882793017456,0.0,0.0095,12.508,0.64625,16
2022-17,stroll,0.002867830423940149,0.00275,0.025750000000000002,11.702,0.64625,11
2022-17,max_verstappen,0.07194513715710722,0.072,0.31174999999999997,7.52225,0.64625,8
2022-17,vettel,0.0016209476309226927,0.0015,0.02175,12.0135,0.64625,13
2022-17,hamilton,0.16147132169576056,0.16175,0.499,6.15425,0.64625,3
2022-17,gasly,0.003865336658354114,0.00375,0.06975,10.43475,0.64625,7
2022-17,bottas,0.0008728179551122193,0.00075,0.0115,12.871,0.64625,15
2022-17,kevin_magnussen,0.001870324189526184,0.00175,0.03225,11.547,0.64625,9
2022-17,mick_schumacher,0.0008728179551122193,0.00075,0.0135,12.334,0.64625,12
2022-17,russell,0.004862842892768079,0.00475,0.0405,10.73375,0.64625,20
2022-17,tsunoda,0.0023690773067331665,0.00225,0.03225,11.298,0.64625,10
2022-17,ocon,0.0003740648379052368,0.00025,0.01025,12.431,0.64625,17
2022-17,albon,0.0006234413965087281,0.0005,0.00425,13.73575,0.64625,18
2022-17,alonso,0.017830423940149623,0.01775,0.15375,9.41025,0.64625,5
2022-17,latifi,0.0001246882793017456,0.0,0.0015,14.56125,0.64625,19
2022-17,zhou,0.0016209476309226927,0.0015,0.0115,13.059,0.64625,14
2022-18,max_verstappen,0.3043640897755611,0.305,0.5655,5.88575,0.6585,1
2022-18,perez,0.13029925187032418,0.1305,0.42000000000000004,6.99325,0.6585,4
2022-18,leclerc,0.24376558603491272,0.24425,0.519,6.374,0.6585,2
2022-18,ocon,0.014339152119700748,0.01425,0.1305,9.81475,0.6585,5
2022-18,hamilton,0.050997506234413965,0.051,0.2835,7.6435,0.6585,6
2022-18,vettel,0.007356608478802993,0.00725,0.0505,10.80475,0.6585,9
2022-18,alonso,0.013840399002493765,0.01375,0.1055,9.97425,0.6585,7
2022-18,russell,0.029800498753117206,0.02975,0.1925,8.6905,0.6585,8
2022-18,latifi,0.0011221945137157108,0.001,0.00775,13.715,0.6585,20
2022-18,norris,0.005610972568578554,0.0055,0.07400000000000001,10.36825,0.6585,10
2022-18,ricciardo,0.005361596009975062,0.00525,0.04425,10.998,0.6585,11
2022-18,stroll,0.0016209476309226932,0.0015,0.01675,12.729,0.6585,19
2022-18,tsunoda,0.0028678304239401495,0.00275,0.025750000000000002,12.018,0.6585,13
2022-18,kevin_magnussen,0.0011221945137157108,0.001,0.0115,13.31125,0.6585,18
2022-18,bottas,0.0018703241895261845,0.00175,0.027250000000000003,11.9525,0.6585,12
2022-18,zhou,0.002119700748129676,0.002,0.02275,12.37675,0.6585,14
2022-18,mick_schumacher,0.002119700748129676,0.002,0.01425,13.00125,0.6585,15
2022-18,gasly,0.0018703241895261845,0.00175,0.01425,12.86075,0.6585,17
2022-18,sainz,0.17842892768079802,0.17875,0.45949999999999996,7.213,0.6585,3
2022-18,albon,0.0011221945137157108,0.001,0.015,13.2755,0.6585,16
2022-19,max_verstappen,0.3205735660847881,0.32125,0.6097499999999999,5.388,0.63925,2
2022-19,hamilton,0.11832917705735664,0.1185,0.433,6.43125,0.63925,3
2022-19,leclerc,0.0475062344139651,0.0475,0.22599999999999998,8.06125,0.63925,12
2022-19,perez,0.06521197007481298,0.06525,0.28025,7.6545,0.63925,9
2022-19,russell,0.0933915211970075,0.0935,0.37949999999999995,6.739,0.63925,4
2022-19,norris,0.011845386533665838,0.01175,0.116,9.40625,0.63925,6
2022-19,alonso,0.004364089775561098,0.00425,0.046,11.115,0.63925,14
2022-19,vettel,0.00286783042394015,0.00275,0.042749999999999996,11.24925,0.63925,10
2022-19,kevin_magnussen,0.00012468827930174565,0.0,0.00425,13.39625,0.63925,13
2022-19,tsunoda,0.0008728179551122197,0.00075,0.00975,12.98175,0.63925,19
2022-19,ocon,0.0021197007481296762,0.002,0.01525,12.46475,0.63925,20
2022-19,zhou,0.0008728179551122197,0.00075,0.010249999999999999,13.11025,0.63925,18
2022-19,albon,0.001122194513715711,0.001,0.01925,12.285,0.63925,8
2022-19,gasly,0.003117206982543642,0.003,0.03325,11.6325,0.63925,11
2022-19,mick_schumacher,0.00012468827930174565,0.0,0.00725,13.47,0.63925,16
2022-19,ricciardo,0.0006234413965087283,0.0005,0.017,12.1125,0.63925,15
2022-19,latifi,0.0006234413965087283,0.0005,0.00425,14.5415,0.63925,17
2022-19,stroll,0.011097256857855363,0.011,0.09675,10.091,0.63925,5
2022-19,bottas,0.003117206982543642,0.003,0.045,11.805,0.63925,7
2022-19,sainz,0.31209476309226936,0.31275,0.6044999999999999,6.065,0.63925,1
2022-20,max_verstappen,0.3427680798004987,0.3435,0.6015,5.539,0.66,1
2022-20,hamilton,0.12007481296758105,0.12025,0.41450000000000004,6.77675,0.66,3
2022-20,perez,0.1557356608478803,0.156,0.436,6.73625,0.66,4
2022-20,russell,0.14276807980049874,0.143,0.4405,6.73225,0.66,2
2022-20,sainz,0.121571072319202,0.12175,0.39249999999999996,7.113,0.66,5
2022-20,leclerc,0.07992518703241895,0.08,0.317,7.58625,0.66,7
2022-20,ricciardo,0.0028678304239401495,0.00275,0.03475,11.2065,0.66,11
2022-20,ocon,0.004114713216957606,0.004,0.05025,10.6435,0.66,10
2022-20,norris,0.00885286783042394,0.00875,0.07825,9.88925,0.66,8
2022-20,bottas,0.005610972568578554,0.0055,0.05575,10.931,0.66,6
2022-20,gasly,0.0016209476309226932,0.0015,0.0205,11.81025,0.66,14
2022-20,albon,0.00012468827930174563,0.0,0.00575,13.59025,0.66,17
2022-20,zhou,0.001371571072319202,0.00125,0.02,12.05275,0.66,12
2022-20,vettel,0.0011221945137157108,0.001,0.0165,12.2105,0.66,16
2022-20,stroll,0.0006234413965087282,0.0005,0.00975,12.59675,0.66,20
2022-20,mick_schumacher,0.00012468827930174563,0.0,0.0052499999999999995,13.079,0.66,15
2022-20,kevin_magnussen,0.0008728179551122195,0.00075,0.00375,13.921,0.66,19
2022-20,latifi,0.00012468827930174563,0.0,0.0034999999999999996,14.445,0.66,18
2022-20,alonso,0.007855361596009976,0.00775,0.0715,10.93375,0.66,9
2022-20,tsunoda,0.0018703241895261845,0.00175,0.0225,12.207,0.66,13
2022-21,russell,0.16745635910224438,0.16775,0.4485,6.71775,0.67925,1
2022-21,hamilton,0.15623441396508728,0.1565,0.41774999999999995,6.90625,0.67925,2
2022-21,sainz,0.09039900249376559,0.0905,0.321,7.7705,0.67925,7
2022-21,leclerc,0.13129675810473815,0.1315,0.3695,7.33925,0.67925,5
2022-21,alonso,0.002369077306733167,0.00225,0.03925,11.47825,0.67925,17
2022-21,max_verstappen,0.24526184538653367,0.24575,0.49650000000000005,6.39325,0.67925,3
2022-21,perez,0.164214463840399,0.1645,0.42275,6.8385,0.67925,4
2022-21,ocon,0.0028678304239401495,0.00275,0.03825,11.6005,0.67925,16
2022-21,bottas,0.0018703241895261845,0.00175,0.0165,12.68025,0.67925,14
2022-21,stroll,0.0018703241895261845,0.00175,0.035750000000000004,11.52275,0.67925,15
2022-21,vettel,0.007855361596009976,0.00775,0.07475,10.541,0.67925,9
2022-21,zhou,0.0011221945137157108,0.001,0.0215,12.422,0.67925,13
2022-21,mick_schumacher,0.0008728179551122195,0.00075,0.006,13.66025,0.67925,12
2022-21,gasly,0.0038653366583541147,0.00375,0.056,10.864,0.67925,10
2022-21,albon,0.0003740648379052369,0.00025,0.01175,12.641,0.67925,19
2022-21,latifi,0.00012468827930174563,0.0,0.003,13.96375,0.67925,18
2022-21,tsunoda,0.0003740648379052369,0.00025,0.0085,13.65175,0.67925,20
2022-21,norris,0.016084788029925186,0.016,0.131,9.73525,0.67925,6
2022-21,kevin_magnussen,0.002369077306733167,0.00225,0.0375,11.96525,0.67925,8
2022-21,ricciardo,0.003117206982543641,0.003,0.04425,11.3085,0.67925,11
2022-22,max_verstappen,0.31533665835411473,0.316,0.6042500000000001,5.3575,0.68925,1
2022-22,leclerc,0.16197007481296757,0.16225,0.469,6.33075,0.68925,3
2022-22,perez,0.222069825436409,0.2225,0.53,6.0505,0.68925,2
2022-22,sainz,0.1270573566084788,0.12725,0.42025,6.87075,0.68925,4
2022-22,russell,0.06346633416458852,0.0635,0.28425,7.421,0.68925,6
2022-22,norris,0.00685785536159601,0.00675,0.07025,9.88475,0.68925,7
2022-22,ocon,0.005860349127182045,0.00575,0.06825,10.26375,0.68925,8
2022-22,stroll,0.0011221945137157108,0.001,0.018250000000000002,11.97625,0.68925,14
2022-22,ricciardo,0.0011221945137157108,0.001,0.02,11.83625,0.68925,13
2022-22,vettel,0.004364089775561097,0.00425,0.042249999999999996,10.75375,0.68925,9
2022-22,tsunoda,0.0008728179551122195,0.00075,0.02375,11.6195,0.68925,11
2022-22,zhou,0.0006234413965087282,0.0005,0.01,12.5485,0.68925,15
2022-22,albon,0.00012468827930174563,0.0,0.00275,13.8955,0.68925,19
2022-22,gasly,0.0003740648379052369,0.00025,0.01075,12.626,0.68925,17
2022-22,bottas,0.00012468827930174563,0.0,0.00475,13.15975,0.68925,18
2022-22,mick_schumacher,0.0006234413965087282,0.0005,0.0085,12.5255,0.68925,12
2022-22,kevin_magnussen,0.00012468827930174563,0.0,0.004750000000000001,13.94575,0.68925,16
2022-22,hamilton,0.08241895261845386,0.0825,0.35350000000000004,7.089,0.68925,5
2022-22,latifi,0.00012468827930174563,0.0,0.001,14.73825,0.68925,20
2022-22,alonso,0.005361596009975062,0.00525,0.053500000000000006,11.107,0.68925,10
2023-01,max_verstappen,0.25698254364089773,0.2575,0.5295,6.0385,0.84175,1
2023-01,perez,0.20511221945137156,0.2055,0.482,6.455,0.84175,2
2023-01,alonso,0.019825436408977555,0.01975,0.11100000000000002,9.77875,0.84175,5
2023-01,sainz,0.13753117206982543,0.13775,0.40025,7.11875,0.84175,4
2023-01,hamilton,0.07094763092269327,0.071,0.28300000000000003,7.7035,0.84175,7
2023-01,stroll,0.011097256857855361,0.011,0.07500000000000001,10.691,0.84175,8
2023-01,russell,0.08541147132169576,0.0855,0.309,7.61375,0.84175,6
2023-01,bottas,0.0038653366583541147,0.00375,0.0325,12.071,0.84175,12
2023-01,gasly,0.004114713216957606,0.004,0.02725,12.33925,0.84175,20
2023-01,albon,0.0016209476309226932,0.0015,0.0155,13.129,0.84175,15
2023-01,tsunoda,0.004364089775561097,0.00425,0.0335,11.86725,0.84175,14
2023-01,sargeant,0.001371571072319202,0.00125,0.019,12.71025,0.84175,16
2023-01,kevin_magnussen,0.0006234413965087282,0.0005,0.009250000000000001,13.57525,0.84175,17
2023-01,de_vries,0.0011221945137157108,0.001,0.01925,12.95075,0.84175,19
2023-01,hulkenberg,0.001371571072319202,0.00125,0.02075,12.315,0.84175,10
2023-01,zhou,0.002119700748129676,0.002,0.028249999999999997,12.09475,0.84175,13
2023-01,norris,0.006608478802992519,0.0065,0.0605,11.193,0.84175,11
2023-01,ocon,0.011596009975062344,0.0115,0.07775,10.8285,0.84175,9
2023-01,leclerc,0.1701995012468828,0.1705,0.4385,7.159,0.84175,3
2023-01,piastri,0.004114713216957606,0.004,0.02825,12.36775,0.84175,18
2023-02,perez,0.29763092269326685,0.29825,0.45325,6.83375,0.671,1
2023-02,max_verstappen,0.050997506234413965,0.051,0.19124999999999998,8.96575,0.671,15
2023-02,alonso,0.08316708229426434,0.08325,0.28725,8.74875,0.671,2
2023-02,russell,0.16521197007481297,0.1655,0.3745,7.729,0.671,3
2023-02,hamilton,0.07493765586034913,0.075,0.26075000000000004,8.5395,0.671,7
2023-02,sainz,0.1470074812967581,0.14725,0.334,8.25175,0.671,4
2023-02,leclerc,0.045760598503740646,0.04575,0.19074999999999998,9.35975,0.671,12
2023-02,ocon,0.03329177057356608,0.03325,0.18175,10.034,0.671,6
2023-02,gasly,0.013092269326683292,0.013,0.106,10.6445,0.671,9
2023-02,kevin_magnussen,0.0008728179551122195,0.00075,0.030250000000000003,11.938,0.671,13
2023-02,tsunoda,0.007107231920199501,0.007,0.042499999999999996,11.35,0.671,16
2023-02,hulkenberg,0.005112219451371571,0.005,0.051750000000000004,11.20075,0.671,10
2023-02,zhou,0.00860349127182045,0.0085,0.0665,10.97675,0.671,11
2023-02,de_vries,0.003366583541147132,0.00325,0.019499999999999997,12.22875,0.671,18
2023-02,piastri,0.011346633416458854,0.01125,0.094,10.88375,0.671,8
2023-02,sargeant,0.00012468827930174563,0.0,0.0,16.854,0.671,20
2023-02,norris,0.00486284289276808,0.00475,0.04675,11.60425,0.671,19
2023-02,bottas,0.005112219451371571,0.005,0.04475,11.76,0.671,14
2023-02,albon,0.002119700748129676,0.002,0.029,12.38925,0.671,17
2023-02,stroll,0.04027431421446384,0.04025,0.1955,9.70775,0.671,5
2023-03,max_verstappen,0.4402743142144639,0.44125,0.6749999999999999,5.051,0.66725,1
2023-03,hamilton,0.15224438902743145,0.1525,0.47675,6.371,0.66725,3
2023-03,alonso,0.03553615960099751,0.0355,0.265,8.0265,0.66725,4
2023-03,stroll,0.01733167082294265,0.01725,0.136,9.0865,0.66725,6
2023-03,perez,0.006359102244389028,0.00625,0.05025,10.5935,0.66725,20
2023-03,norris,0.0013715710723192023,0.00125,0.019749999999999997,11.65275,0.66725,13
2023-03,hulkenberg,0.0016209476309226934,0.0015,0.025500000000000002,11.52575,0.66725,10
2023-03,piastri,0.00012468827930174565,0.0,0.00625,13.38925,0.66725,16
2023-03,zhou,0.0006234413965087283,0.0005,0.00425,13.20725,0.66725,17
2023-03,tsunoda,0.0008728179551122196,0.00075,0.01975,11.8485,0.66725,12
2023-03,bottas,0.00012468827930174565,0.0,0.004,13.617,0.66725,19
2023-03,sainz,0.09014962593516211,0.09025,0.375,7.26375,0.66725,5
2023-03,gasly,0.0068578553615960105,0.00675,0.06275,10.3705,0.66725,9
2023-03,ocon,0.0033665835411471326,0.00325,0.040499999999999994,11.1025,0.66725,11
2023-03,de_vries,0.0006234413965087283,0.0005,0.004,13.0985,0.66725,15
2023-03,sargeant,0.00012468827930174565,0.0,0.0045000000000000005,14.035,0.66725,18
2023-03,kevin_magnussen,0.0008728179551122196,0.00075,0.00825,13.1925,0.66725,14
2023-03,russell,0.19214463840399004,0.1925,0.5522499999999999,6.2495,0.66725,2
2023-03,albon,0.0016209476309226934,0.0015,0.025750000000000002,11.79675,0.66725,8
2023-03,leclerc,0.047755610972568585,0.04775,0.2445,8.522,0.66725,7
2023-04,perez,0.2088528678304239,0.20925,0.475,6.4995,0.6765,3
2023-04,max_verstappen,0.2544887780548628,0.255,0.50125,6.2435,0.6765,2
2023-04,leclerc,0.1834164588528678,0.18375,0.44025,7.105,0.6765,1
2023-04,alonso,0.03902743142144638,0.039,0.1945,9.0205,0.6765,6
2023-04,sainz,0.12007481296758102,0.12025,0.359,7.62875,0.6765,4
2023-04,hamilton,0.09563591022443887,0.09575,0.315,7.86825,0.6765,5
2023-04,stroll,0.014588528678304236,0.0145,0.121,9.8715,0.6765,9
2023-04,russell,0.03877805486284289,0.03875,0.187,9.03225,0.6765,11
2023-04,norris,0.017830423940149623,0.01775,0.11324999999999999,9.843,0.6765,7
2023-04,tsunoda,0.004862842892768079,0.00475,0.057,11.099,0.6765,8
2023-04,piastri,0.004364089775561096,0.00425,0.0435,11.4,0.6765,10
2023-04,albon,0.0021197007481296754,0.002,0.0225,12.49125,0.6765,12
2023-04,kevin_magnussen,0.0013715710723192019,0.00125,0.014750000000000001,12.472,0.6765,16
2023-04,gasly,0.004364089775561096,0.00425,0.03775,12.00275,0.6765,17
2023-04,ocon,0.0033665835411471313,0.00325,0.03725,11.8215,0.6765,19
2023-04,sargeant,0.0003740648379052368,0.00025,0.007,13.379,0.6765,14
2023-04,hulkenberg,0.0021197007481296754,0.002,0.021,12.66375,0.6765,20
2023-04,bottas,0.0023690773067331665,0.00225,0.026250000000000002,12.27025,0.6765,13
2023-04,zhou,0.001870324189526184,0.00175,0.025500000000000002,12.405,0.6765,15
2023-04,de_vries,0.0001246882793017456,0.0,0.00125,14.88325,0.6765,18
2023-05,max_verstappen,0.07643391521197007,0.0765,0.29125,7.4775,0.681,9
2023-05,perez,0.42356608478802993,0.4245,0.6507499999999999,5.0865,0.681,1
2023-05,alonso,0.12281795511221945,0.123,0.42275,7.10775,0.681,2
2023-05,russell,0.0672069825436409,0.06725,0.29100000000000004,7.89575,0.681,6
2023-05,sainz,0.16795511221945136,0.16825,0.4635,6.75375,0.681,3
2023-05,hamilton,0.01658354114713217,0.0165,0.09525,9.994,0.681,13
2023-05,leclerc,0.06321695760598504,0.06325,0.27675,8.24775,0.681,7
2023-05,gasly,0.025561097256857856,0.0255,0.17875,9.39025,0.681,5
2023-05,ocon,0.012344139650872818,0.01225,0.0935,10.542,0.681,8
2023-05,kevin_magnussen,0.012344139650872818,0.01225,0.0925,10.1805,0.681,4
2023-05,tsunoda,0.0006234413965087282,0.0005,0.00775,12.772,0.681,17
2023-05,stroll,0.003366583541147132,0.00325,0.021249999999999998,11.69025,0.681,18
2023-05,bottas,0.002119700748129676,0.002,0.026750000000000003,11.80025,0.681,10
2023-05,albon,0.0006234413965087282,0.0005,0.017750000000000002,12.3865,0.681,11
2023-05,hulkenberg,0.0018703241895261845,0.00175,0.0225,11.746,0.681,12
2023-05,zhou,0.0008728179551122195,0.00075,0.01425,12.432,0.681,14
2023-05,norris,0.0018703241895261845,0.00175,0.020999999999999998,12.21775,0.681,16
2023-05,de_vries,0.00012468827930174563,0.0,0.00425,14.119,0.681,15
2023-05,piastri,0.0003740648379052369,0.00025,0.00725,13.43925,0.681,19
2023-05,sargeant,0.00012468827930174563,0.0,0.00125,14.72125,0.681,20
2023-06,max_verstappen,0.41633416458852873,0.41725,0.6042500000000001,5.5345,0.68075,1
2023-06,alonso,0.11982543640897757,0.12,0.40049999999999997,7.424,0.68075,2
2023-06,ocon,0.04576059850374065,0.04575,0.2395,9.058,0.68075,3
2023-06,hamilton,0.09089775561097259,0.091,0.34525,7.62975,0.68075,5
2023-06,russell,0.050249376558603495,0.05025,0.21525,8.5785,0.68075,8
2023-06,leclerc,0.08266832917705737,0.08275,0.313,8.1015,0.68075,6
2023-06,gasly,0.020573566084788032,0.0205,0.13375,9.98175,0.68075,7
2023-06,sainz,0.1305486284289277,0.13075,0.39225,7.49375,0.68075,4
2023-06,norris,0.0068578553615960105,0.00675,0.057,10.66025,0.68075,10
2023-06,piastri,0.0021197007481296762,0.002,0.02475,12.07725,0.68075,11
2023-06,bottas,0.0008728179551122196,0.00075,0.012750000000000001,12.51875,0.68075,15
2023-06,de_vries,0.0008728179551122196,0.00075,0.00975,13.0625,0.68075,12
2023-06,zhou,0.0008728179551122196,0.00075,0.0105,12.9405,0.68075,19
2023-06,albon,0.0006234413965087283,0.0005,0.01575,12.59725,0.68075,13
2023-06,tsunoda,0.007855361596009977,0.00775,0.05225,10.91825,0.68075,9
2023-06,perez,0.01608478802992519,0.016,0.09475,9.76675,0.68075,20
2023-06,hulkenberg,0.0008728179551122196,0.00075,0.00975,13.048,0.68075,18
2023-06,sargeant,0.00012468827930174565,0.0,0.00425,14.202,0.68075,16
2023-06,kevin_magnussen,0.00037406483790523696,0.00025,0.013000000000000001,13.08275,0.68075,17
2023-06,stroll,0.0056109725685785546,0.0055,0.051750000000000004,11.324,0.68075,14
2023-07,max_verstappen,0.4128428927680798,0.41375,0.62125,5.2675,0.67675,1
2023-07,hamilton,0.11733167082294264,0.1175,0.38975,7.1185,0.67675,4
2023-07,russell,0.028304239401496258,0.02825,0.13874999999999998,9.3095,0.67675,12
2023-07,perez,0.05074812967581047,0.05075,0.21850000000000003,8.39025,0.67675,11
2023-07,sainz,0.20037406483790524,0.20075,0.4845,6.73,0.67675,2
2023-07,stroll,0.03428927680798005,0.03425,0.1895,9.10775,0.67675,5
2023-07,alonso,0.03154613466334165,0.0315,0.1855,9.173,0.67675,8
2023-07,ocon,0.037032418952618454,0.037,0.182,9.37375,0.67675,6
2023-07,zhou,0.003366583541147132,0.00325,0.028999999999999998,12.174,0.67675,13
2023-07,gasly,0.01683291770573566,0.01675,0.10725000000000001,10.421,0.67675,10
2023-07,leclerc,0.012344139650872818,0.01225,0.07850000000000001,10.445,0.67675,19
2023-07,tsunoda,0.002119700748129676,0.002,0.02625,12.4065,0.67675,15
2023-07,piastri,0.003117206982543641,0.003,0.042249999999999996,11.59775,0.67675,9
2023-07,de_vries,0.001371571072319202,0.00125,0.01225,13.524,0.67675,14
2023-07,hulkenberg,0.00885286783042394,0.00875,0.0665,11.0065,0.67675,7
2023-07,albon,0.0016209476309226932,0.0015,0.00875,13.2055,0.67675,18
2023-07,norris,0.03603491271820449,0.036,0.1845,9.33525,0.67675,3
2023-07,kevin_magnussen,0.0003740648379052369,0.00025,0.01125,13.4355,0.67675,17
2023-07,bottas,0.0011221945137157108,0.001,0.01975,13.1115,0.67675,16
2023-07,sargeant,0.0003740648379052369,0.00025,0.004,14.86725,0.67675,20
2023-08,max_verstappen,0.41508728179551124,0.416,0.6305000000000001,5.0845,0.67825,1
2023-08,alonso,0.12381546134663342,0.124,0.39675,7.28575,0.67825,2
2023-08,hamilton,0.1554862842892768,0.15575,0.44900000000000007,6.64625,0.67825,3
2023-08,leclerc,0.029800498753117206,0.02975,0.15649999999999997,9.40075,0.67825,10
2023-08,sainz,0.029301745635910224,0.02925,0.15000000000000002,9.3795,0.67825,11
2023-08,perez,0.040523690773067333,0.0405,0.17325000000000002,8.9875,0.67825,12
2023-08,albon,0.0046134663341645885,0.0045,0.042499999999999996,11.575,0.67825,9
2023-08,ocon,0.029551122194513717,0.0295,0.186,9.286,0.67825,6
2023-08,stroll,0.002119700748129676,0.002,0.0335,11.748,0.67825,16
2023-08,bottas,0.0006234413965087282,0.0005,0.0155,12.905,0.67825,14
2023-08,piastri,0.007356608478802993,0.00725,0.057249999999999995,10.885,0.67825,8
2023-08,gasly,0.003366583541147132,0.00325,0.04225,11.715,0.67825,15
2023-08,norris,0.019326683291770574,0.01925,0.1305,9.42975,0.67825,7
2023-08,tsunoda,0.0006234413965087282,0.0005,0.0085,13.19375,0.67825,19
2023-08,hulkenberg,0.016084788029925186,0.016,0.10425000000000001,10.046,0.67825,5
2023-08,zhou,0.0006234413965087282,0.0005,0.008,13.438,0.67825,20
2023-08,kevin_magnussen,0.0006234413965087282,0.0005,0.0165,12.855,0.67825,13
2023-08,de_vries,0.0006234413965087282,0.0005,0.009000000000000001,13.6765,0.67825,17
2023-08,russell,0.12007481296758105,0.12025,0.38375,7.45525,0.67825,4
2023-08,sargeant,0.0003740648379052369,0.00025,0.0065,15.0075,0.67825,18
2023-09,max_verstappen,0.40311720698254366,0.404,0.626,5.26525,0.435,1
2023-09,leclerc,0.18940149625935163,0.18975,0.4785,6.7175,0.435,2
2023-09,perez,0.012842892768079801,0.01275,0.078,10.11625,0.435,15
2023-09,norris,0.03653366583541147,0.0365,0.21225,9.01075,0.435,4
2023-09,alonso,0.03428927680798005,0.03425,0.20925,9.029,0.435,7
2023-09,sainz,0.1497506234413965,0.15,0.42800000000000005,7.1225,0.435,3
2023-09,russell,0.017082294264339153,0.017,0.11449999999999999,9.9495,0.435,11
2023-09,hamilton,0.09613466334164589,0.09625,0.347,7.68675,0.435,5
2023-09,stroll,0.03129675810473816,0.03125,0.19725,9.1905,0.435,6
2023-09,gasly,0.010099750623441397,0.01,0.09275,10.519,0.435,9
2023-09,albon,0.0018703241895261845,0.00175,0.0225,12.2055,0.435,10
2023-09,zhou,0.0006234413965087282,0.0005,0.01075,12.882,0.435,17
2023-09,sargeant,0.0006234413965087282,0.0005,0.00525,13.6045,0.435,18
2023-09,ocon,0.0036159600997506237,0.0035,0.04975,11.25875,0.435,12
2023-09,bottas,0.0006234413965087282,0.0005,0.01375,12.506,0.435,14
2023-09,piastri,0.0026184538653366584,0.0025,0.029249999999999998,11.37475,0.435,13
2023-09,de_vries,0.0011221945137157108,0.001,0.00675,13.67375,0.435,20
2023-09,kevin_magnussen,0.0003740648379052369,0.00025,0.005,13.5675,0.435,19
2023-09,tsunoda,0.0008728179551122195,0.00075,0.012,12.936,0.435,16
2023-09,hulkenberg,0.007107231920199501,0.007,0.0615,11.38425,0.435,8
2023-10,max_verstappen,0.32980049875311723,0.3305,0.53625,5.88325,0.833,1
2023-10,norris,0.06172069825436409,0.06175,0.21849999999999997,8.7965,0.833,2
2023-10,hamilton,0.07817955112219452,0.07825,0.26,8.36525,0.833,7
2023-10,piastri,0.04226932668329177,0.04225,0.182,9.41525,0.833,3
2023-10,russell,0.07618453865336658,0.07625,0.26525,8.5655,0.833,6
2023-10,perez,0.03927680798004988,0.03925,0.17825000000000002,9.2235,0.833,15
2023-10,alonso,0.037281795511221946,0.03725,0.18625000000000003,9.39075,0.833,9
2023-10,albon,0.00910224438902743,0.009,0.0675,11.5005,0.833,8
2023-10,leclerc,0.14052369077306734,0.14075,0.35375,7.707,0.833,4
2023-10,sainz,0.11907730673316708,0.11925,0.31525,7.99475,0.833,5
2023-10,sargeant,0.0038653366583541147,0.00375,0.0295,12.70825,0.833,14
2023-10,bottas,0.001371571072319202,0.00125,0.015,13.02825,0.833,20
2023-10,hulkenberg,0.005361596009975062,0.00525,0.035500000000000004,12.11575,0.833,11
2023-10,stroll,0.018827930174563592,0.01875,0.1045,10.38875,0.833,12
2023-10,zhou,0.002119700748129676,0.002,0.02075,12.72525,0.833,17
2023-10,tsunoda,0.001371571072319202,0.00125,0.02325,12.35425,0.833,16
2023-10,de_vries,0.001371571072319202,0.00125,0.01175,13.44375,0.833,18
2023-10,gasly,0.021072319201995014,0.021,0.11124999999999999,10.6585,0.833,10
2023-10,kevin_magnussen,0.0003740648379052369,0.00025,0.00725,14.26325,0.833,19
2023-10,ocon,0.01084788029925187,0.01075,0.07825,11.47175,0.833,13
2023-11,max_verstappen,0.3180798004987531,0.31875,0.50225,6.3745,0.6205,2
2023-11,norris,0.07543640897755612,0.0755,0.26575,8.757,0.6205,3
2023-11,perez,0.0786783042394015,0.07875,0.272,8.3195,0.6205,9
2023-11,hamilton,0.21558603491271822,0.216,0.4285,7.387,0.6205,1
2023-11,piastri,0.05024937655860349,0.05025,0.224,9.035,0.6205,4
2023-11,russell,0.011596009975062344,0.0115,0.08524999999999999,10.581,0.6205,18
2023-11,leclerc,0.0928927680798005,0.093,0.29774999999999996,8.344,0.6205,6
2023-11,sainz,0.04102244389027431,0.041,0.17725000000000002,9.4295,0.6205,11
2023-11,alonso,0.045760598503740646,0.04575,0.20024999999999998,9.323,0.6205,8
2023-11,stroll,0.010099750623441397,0.01,0.07500000000000001,10.89525,0.6205,14
2023-11,albon,0.001371571072319202,0.00125,0.022,12.70825,0.6205,16
2023-11,bottas,0.008354114713216957,0.00825,0.07100000000000001,11.189,0.6205,7
2023-11,ricciardo,0.0018703241895261845,0.00175,0.026500000000000003,12.17275,0.6205,13
2023-11,hulkenberg,0.007107231920199501,0.007,0.053000000000000005,11.78975,0.6205,10
2023-11,tsunoda,0.002369077306733167,0.00225,0.02475,12.4405,0.6205,17
2023-11,zhou,0.017581047381546134,0.0175,0.10675,10.502,0.6205,5
2023-11,kevin_magnussen,0.0011221945137157108,0.001,0.012,13.875,0.6205,19
2023-11,sargeant,0.0008728179551122195,0.00075,0.01,13.49075,0.6205,20
2023-11,ocon,0.013591022443890275,0.0135,0.08249999999999999,11.572,0.6205,12
2023-11,gasly,0.006359102244389027,0.00625,0.0635,11.81425,0.6205,15
2023-12,max_verstappen,0.1781795511221945,0.1785,0.4275,6.12475,0.6695,6
2023-12,perez,0.24451371571072314,0.245,0.5005,5.8705,0.6695,2
2023-12,leclerc,0.1724438902743142,0.17275,0.4325,6.572,0.6695,1
2023-12,hamilton,0.13578553615960098,0.136,0.39675000000000005,6.80575,0.6695,3
2023-12,alonso,0.026558603491271815,0.0265,0.14875,8.89975,0.6695,9
2023-12,russell,0.046259351620947624,0.04625,0.20475,8.324,0.6695,8
2023-12,norris,0.029052369077306725,0.029,0.16649999999999998,8.49575,0.6695,7
2023-12,ocon,0.002867830423940149,0.00275,0.021,12.22225,0.6695,14
2023-12,stroll,0.013341645885286779,0.01325,0.0955,9.57175,0.6695,10
2023-12,tsunoda,0.0011221945137157106,0.001,0.015,11.939,0.6695,11
2023-12,gasly,0.00511221945137157,0.005,0.03275,11.62125,0.6695,12
2023-12,bottas,0.0008728179551122193,0.00075,0.00875,12.5525,0.6695,13
2023-12,zhou,0.0001246882793017456,0.0,0.0022500000000000003,13.73375,0.6695,17
2023-12,albon,0.0003740648379052368,0.00025,0.0034999999999999996,13.913,0.6695,15
2023-12,kevin_magnussen,0.0003740648379052368,0.00025,0.0022500000000000003,13.53375,0.6695,16
2023-12,ricciardo,0.0003740648379052368,0.00025,0.0022500000000000003,13.97525,0.6695,19
2023-12,sargeant,0.0001246882793017456,0.0,0.002,14.92375,0.6695,18
2023-12,hulkenberg,0.0001246882793017456,0.0,0.0005,14.88525,0.6695,20
2023-12,sainz,0.10610972568578551,0.10625,0.34550000000000003,7.49675,0.6695,4
2023-12,piastri,0.03628428927680797,0.03625,0.1915,8.53925,0.6695,5
2023-13,max_verstappen,0.3410224438902743,0.34175,0.5505,5.54975,0.66225,1
2023-13,alonso,0.07468827930174564,0.07475,0.2555,8.49775,0.66225,5
2023-13,gasly,0.006359102244389027,0.00625,0.053,11.762,0.66225,12
2023-13,perez,0.11084788029925187,0.111,0.32475,7.5745,0.66225,7
2023-13,sainz,0.07169576059850374,0.07175,0.251,8.69175,0.66225,6
2023-13,hamilton,0.015336658354114713,0.01525,0.121,10.08275,0.66225,13
2023-13,norris,0.1041147132169576,0.10425,0.30424999999999996,7.99725,0.66225,2
2023-13,albon,0.033042394014962596,0.033,0.1685,9.907,0.66225,4
2023-13,piastri,0.03478802992518703,0.03475,0.174,9.57725,0.66225,8
2023-13,ocon,0.002119700748129676,0.002,0.028499999999999998,12.553,0.66225,16
2023-13,stroll,0.00885286783042394,0.00875,0.083,10.808,0.66225,11
2023-13,hulkenberg,0.002369077306733167,0.00225,0.02025,12.76425,0.66225,14
2023-13,lawson,0.0003740648379052369,0.00025,0.01025,12.98325,0.66225,19
2023-13,bottas,0.0006234413965087282,0.0005,0.0125,12.8845,0.66225,18
2023-13,tsunoda,0.0008728179551122195,0.00075,0.0205,12.49225,0.66225,17
2023-13,kevin_magnussen,0.0003740648379052369,0.00025,0.00875,13.5685,0.66225,20
2023-13,russell,0.13354114713216958,0.13375,0.3245,8.06625,0.66225,3
2023-13,zhou,0.0011221945137157108,0.001,0.02075,12.9585,0.66225,15
2023-13,leclerc,0.05049875311720698,0.0505,0.20074999999999998,9.4245,0.66225,9
2023-13,sargeant,0.007356608478802993,0.00725,0.06775,11.857,0.66225,10
2023-14,max_verstappen,0.3283042394014963,0.329,0.5275,6.0035,0.654,2
2023-14,perez,0.15049875311720698,0.15075,0.38425,7.24425,0.654,5
2023-14,sainz,0.15448877805486283,0.15475,0.384,7.75725,0.654,1
2023-14,leclerc,0.10835411471321696,0.1085,0.3495,8.0875,0.654,3
2023-14,russell,0.09314214463840399,0.09325,0.30674999999999997,8.16825,0.654,4
2023-14,hamilton,0.04551122194513716,0.0455,0.20475,9.022,0.654,8
2023-14,albon,0.019825436408977555,0.01975,0.123,10.313,0.654,6
2023-14,norris,0.017830423940149626,0.01775,0.13425,9.7875,0.654,9
2023-14,alonso,0.02057356608478803,0.0205,0.132,9.82275,0.654,10
2023-14,bottas,0.002369077306733167,0.00225,0.02875,12.1205,0.654,14
2023-14,lawson,0.001371571072319202,0.00125,0.025500000000000002,12.42375,0.654,12
2023-14,piastri,0.03478802992518703,0.03475,0.18025,9.2435,0.654,7
2023-14,sargeant,0.002119700748129676,0.002,0.02425,12.622,0.654,15
2023-14,zhou,0.0026184538653366584,0.0025,0.01675,12.51925,0.654,16
2023-14,gasly,0.004114713216957606,0.004,0.035500000000000004,12.0095,0.654,17
2023-14,stroll,0.002369077306733167,0.00225,0.029249999999999998,11.79625,0.654,20
2023-14,hulkenberg,0.0046134663341645885,0.0045,0.0275,12.71475,0.654,13
2023-14,kevin_magnussen,0.0008728179551122195,0.00075,0.01125,13.733,0.654,19
2023-14,ocon,0.0026184538653366584,0.0025,0.033,12.68975,0.654,18
2023-14,tsunoda,0.0036159600997506237,0.0035,0.042,11.92175,0.654,11
2023-15,sainz,0.24650872817955108,0.247,0.47950000000000004,7.04725,0.66275,1
2023-15,norris,0.08715710723192019,0.08725,0.3075,8.29025,0.66275,4
2023-15,hamilton,0.10336658354114711,0.1035,0.3275,7.88325,0.66275,5
2023-15,leclerc,0.16296758104738152,0.16325,0.39674999999999994,7.7885,0.66275,3
2023-15,max_verstappen,0.06072319201995011,0.06075,0.21499999999999997,8.47275,0.66275,11
2023-15,gasly,0.005610972568578553,0.0055,0.057,11.5845,0.66275,12
2023-15,piastri,0.004364089775561096,0.00425,0.03225,11.678,0.66275,17
2023-15,perez,0.036783042394014955,0.03675,0.15925,9.266,0.66275,13
2023-15,lawson,0.0033665835411471313,0.00325,0.03,11.885,0.66275,10
2023-15,kevin_magnussen,0.008104738154613465,0.008,0.05825,11.53825,0.66275,6
2023-15,albon,0.0021197007481296754,0.002,0.027000000000000003,12.08075,0.66275,14
2023-15,zhou,0.0016209476309226927,0.0015,0.014750000000000001,12.64325,0.66275,19
2023-15,hulkenberg,0.006608478802992517,0.0065,0.04875,11.5645,0.66275,9
2023-15,sargeant,0.0006234413965087281,0.0005,0.0115,13.1425,0.66275,18
2023-15,alonso,0.042768079800498744,0.04275,0.201,9.0475,0.66275,7
2023-15,russell,0.205361596009975,0.20575,0.45899999999999996,6.949,0.66275,2
2023-15,bottas,0.0023690773067331665,0.00225,0.0175,12.82,0.66275,16
2023-15,ocon,0.014837905236907728,0.01475,0.10675,11.35725,0.66275,8
2023-15,tsunoda,0.0021197007481296754,0.002,0.02525,12.598,0.66275,15
2023-15,stroll,0.002618453865336658,0.0025,0.025500000000000002,12.3635,0.66275,20
2023-16,max_verstappen,0.33229426433915216,0.333,0.5155000000000001,5.9875,0.6525,1
2023-16,norris,0.078927680798005,0.079,0.281,8.27375,0.6525,3
2023-16,piastri,0.08341645885286784,0.0835,0.28825,8.32725,0.6525,2
2023-16,leclerc,0.09513715710723195,0.09525,0.29225,8.3655,0.6525,4
2023-16,hamilton,0.06645885286783043,0.0665,0.26275000000000004,8.309,0.6525,7
2023-16,sainz,0.06820448877805488,0.06825,0.24575000000000002,8.71675,0.6525,6
2023-16,russell,0.05374064837905238,0.05375,0.20900000000000002,8.8995,0.6525,8
2023-16,alonso,0.028304239401496265,0.02825,0.1345,9.65575,0.6525,10
2023-16,ocon,0.006608478802992521,0.0065,0.0485,12.044,0.6525,14
2023-16,gasly,0.010847880299251872,0.01075,0.0775,11.36675,0.6525,12
2023-16,lawson,0.003117206982543642,0.003,0.036750000000000005,12.39875,0.6525,11
2023-16,tsunoda,0.004862842892768081,0.00475,0.05,11.657,0.6525,9
2023-16,zhou,0.003117206982543642,0.003,0.0195,12.8735,0.6525,19
2023-16,hulkenberg,0.001122194513715711,0.001,0.0175,13.0165,0.6525,18
2023-16,kevin_magnussen,0.0036159600997506245,0.0035,0.020499999999999997,12.891,0.6525,15
2023-16,albon,0.004364089775561098,0.00425,0.04425,11.523,0.6525,13
2023-16,sargeant,0.003117206982543642,0.003,0.01925,13.32,0.6525,20
2023-16,stroll,0.004114713216957607,0.004,0.0425,11.7605,0.6525,17
2023-16,perez,0.14675810473815465,0.147,0.37049999999999994,7.5365,0.6525,5
2023-16,bottas,0.001870324189526185,0.00175,0.02425,13.0775,0.6525,16
2023-17,max_verstappen,0.3871571072319202,0.388,0.5705,5.56225,0.665,1
2023-17,piastri,0.04975062344139651,0.04975,0.2225,8.7205,0.665,6
2023-17,norris,0.019825436408977555,0.01975,0.14250000000000002,9.42775,0.665,10
2023-17,russell,0.16197007481296757,0.16225,0.40149999999999997,7.33675,0.665,2
2023-17,leclerc,0.07618453865336658,0.07625,0.2825,8.22575,0.665,5
2023-17,alonso,0.07069825436408977,0.07075,0.28375,8.3505,0.665,4
2023-17,ocon,0.019576059850374066,0.0195,0.11624999999999999,10.65975,0.665,8
2023-17,bottas,0.01059850374064838,0.0105,0.068,11.32025,0.665,9
2023-17,zhou,0.0011221945137157108,0.001,0.012750000000000001,13.17275,0.665,19
2023-17,perez,0.00885286783042394,0.00875,0.0555,10.86025,0.665,20
2023-17,stroll,0.0036159600997506237,0.0035,0.0335,11.84725,0.665,16
2023-17,gasly,0.025311720698254363,0.02525,0.164,10.0875,0.665,7
2023-17,albon,0.0028678304239401495,0.00275,0.03825,12.0565,0.665,13
2023-17,kevin_magnussen,0.0008728179551122195,0.00075,0.011,13.29325,0.665,18
2023-17,tsunoda,0.004114713216957606,0.004,0.044,11.72625,0.665,11
2023-17,hulkenberg,0.002369077306733167,0.00225,0.032,12.2725,0.665,14
2023-17,lawson,0.0008728179551122195,0.00075,0.012,13.61725,0.665,17
2023-17,sargeant,0.0016209476309226932,0.0015,0.02075,13.218,0.665,15
2023-17,hamilton,0.14102244389027432,0.14125,0.38425,7.59825,0.665,3
2023-17,sainz,0.011596009975062344,0.0115,0.1045,10.64675,0.665,12
2023-18,max_verstappen,0.16620947630922694,0.1665,0.40475,6.534,0.62875,6
2023-18,norris,0.15473815461346632,0.155,0.40199999999999997,6.59875,0.62875,2
2023-18,sainz,0.11184538653366584,0.112,0.31875,7.5905,0.62875,4
2023-18,perez,0.06496259351620948,0.065,0.23875000000000002,8.1055,0.62875,9
2023-18,russell,0.07842892768079801,0.0785,0.281,7.843,0.62875,5
2023-18,gasly,0.025062344139650874,0.025,0.12725,9.94125,0.62875,7
2023-18,stroll,0.002119700748129676,0.002,0.0235,12.5225,0.62875,20
2023-18,tsunoda,0.002119700748129676,0.002,0.02425,12.549,0.62875,11
2023-18,albon,0.0018703241895261845,0.00175,0.020999999999999998,12.86325,0.62875,15
2023-18,sargeant,0.002119700748129676,0.002,0.01525,13.54775,0.62875,16
2023-18,hulkenberg,0.0011221945137157108,0.001,0.012750000000000001,13.27375,0.62875,18
2023-18,bottas,0.0016209476309226932,0.0015,0.02275,12.65325,0.62875,13
2023-18,zhou,0.0038653366583541147,0.00375,0.0265,12.3105,0.62875,12
2023-18,kevin_magnussen,0.0008728179551122195,0.00075,0.01125,13.5305,0.62875,17
2023-18,ricciardo,0.003117206982543641,0.003,0.01725,13.2255,0.62875,14
2023-18,alonso,0.0046134663341645885,0.0045,0.03825,11.59625,0.62875,19
2023-18,piastri,0.027556109725685785,0.0275,0.13924999999999998,9.545,0.62875,10
2023-18,ocon,0.02082294264339152,0.02075,0.0995,11.0435,0.62875,8
2023-18,hamilton,0.1529925187032419,0.15325,0.36724999999999997,7.55625,0.62875,3
2023-18,leclerc,0.17394014962593515,0.17425,0.40874999999999995,7.17,0.62875,1
2023-19,max_verstappen,0.279426433915212,0.28,0.517,6.18325,0.61675,3
2023-19,hamilton,0.07294264339152119,0.073,0.28775,8.1885,0.61675,6
2023-19,leclerc,0.20037406483790524,0.20075,0.4565,7.1075,0.61675,1
2023-19,sainz,0.17618453865336658,0.1765,0.43849999999999995,7.248,0.61675,2
2023-19,norris,0.0036159600997506237,0.0035,0.048,11.0425,0.61675,17
2023-19,russell,0.04251870324189526,0.0425,0.2045,9.0325,0.61675,8
2023-19,ricciardo,0.011845386533665835,0.01175,0.0875,10.511,0.61675,4
2023-19,piastri,0.04625935162094763,0.04625,0.22725,8.79875,0.61675,7
2023-19,albon,0.002119700748129676,0.002,0.02325,12.502,0.61675,14
2023-19,ocon,0.004364089775561097,0.00425,0.03325,12.2285,0.61675,15
2023-19,gasly,0.00885286783042394,0.00875,0.0685,11.12125,0.61675,11
2023-19,tsunoda,0.0011221945137157108,0.001,0.01175,12.95,0.61675,18
2023-19,hulkenberg,0.0026184538653366584,0.0025,0.027999999999999997,11.82975,0.61675,12
2023-19,zhou,0.004364089775561097,0.00425,0.04425,11.63325,0.61675,10
2023-19,bottas,0.00486284289276808,0.00475,0.0485,11.36625,0.61675,9
2023-19,sargeant,0.0006234413965087282,0.0005,0.00875,13.3375,0.61675,19
2023-19,stroll,0.002119700748129676,0.002,0.02375,12.626,0.61675,20
2023-19,alonso,0.007107231920199501,0.007,0.0595,11.14875,0.61675,13
2023-19,kevin_magnussen,0.0008728179551122195,0.00075,0.011,13.47275,0.61675,16
2023-19,perez,0.12780548628428928,0.128,0.37250000000000005,7.672,0.61675,5
2023-20,max_verstappen,0.3273067331670823,0.328,0.5065,6.22525,0.634,1
2023-20,norris,0.07518703241895262,0.07525,0.2585,8.526,0.634,6
2023-20,alonso,0.048503740648379055,0.0485,0.19374999999999998,9.38225,0.634,4
2023-20,perez,0.07418952618453865,0.07425,0.2455,8.47125,0.634,9
2023-20,stroll,0.03628428927680798,0.03625,0.167,9.775,0.634,3
2023-20,sainz,0.05748129675810474,0.0575,0.231,8.90625,0.634,7
2023-20,gasly,0.011097256857855361,0.011,0.06125,11.5735,0.634,15
2023-20,hamilton,0.10760598503740648,0.10775,0.285,8.33525,0.634,5
2023-20,tsunoda,0.0036159600997506237,0.0035,0.03375,12.12875,0.634,16
2023-20,ocon,0.009600997506234414,0.0095,0.0645,11.8625,0.634,14
2023-20,sargeant,0.003366583541147132,0.00325,0.029249999999999998,13.09525,0.634,19
2023-20,hulkenberg,0.007605985037406484,0.0075,0.04775,11.784,0.634,11
2023-20,ricciardo,0.005361596009975062,0.00525,0.035750000000000004,12.23525,0.634,17
2023-20,piastri,0.039526184538653364,0.0395,0.16925,9.54225,0.634,10
2023-20,russell,0.05199501246882793,0.052,0.21025,9.024,0.634,8
2023-20,bottas,0.0018703241895261845,0.00175,0.02175,12.5895,0.634,18
2023-20,zhou,0.0036159600997506237,0.0035,0.020999999999999998,13.178,0.634,20
2023-20,kevin_magnussen,0.004364089775561097,0.00425,0.037250000000000005,12.521,0.634,12
2023-20,albon,0.005860349127182045,0.00575,0.0485,12.41475,0.634,13
2023-20,leclerc,0.12556109725685785,0.12575,0.3325,8.43,0.634,2
2023-21,max_verstappen,0.27693266832917707,0.2775,0.44475,6.825,0.62625,2
2023-21,leclerc,0.16645885286783044,0.16675,0.3475,8.009,0.62625,1
2023-21,perez,0.06022443890274314,0.06025,0.21349999999999997,9.075,0.62625,11
2023-21,ocon,0.012842892768079801,0.01275,0.062,11.874,0.62625,16
2023-21,stroll,0.013591022443890275,0.0135,0.0815,11.1745,0.62625,19
2023-21,sainz,0.039775561097256856,0.03975,0.154,9.917,0.62625,12
2023-21,hamilton,0.05224438902743142,0.05225,0.1925,9.48025,0.62625,10
2023-21,russell,0.1185785536159601,0.11875,0.29325,8.66875,0.62625,3
2023-21,alonso,0.037032418952618454,0.037,0.1605,9.971,0.62625,9
2023-21,piastri,0.021072319201995014,0.021,0.11549999999999999,10.54325,0.62625,18
2023-21,gasly,0.0584788029925187,0.0585,0.2015,9.86875,0.62625,4
2023-21,albon,0.02680798004987531,0.02675,0.125,11.08375,0.62625,5
2023-21,kevin_magnussen,0.014339152119700748,0.01425,0.07150000000000001,11.66475,0.62625,8
2023-21,ricciardo,0.012094763092269327,0.012,0.07100000000000001,11.516,0.62625,14
2023-21,zhou,0.0038653366583541147,0.00375,0.04125,12.26825,0.62625,17
2023-21,sargeant,0.021072319201995014,0.021,0.09675,11.43775,0.62625,6
2023-21,bottas,0.0185785536159601,0.0185,0.093,11.74275,0.62625,7
2023-21,tsunoda,0.004114713216957606,0.004,0.04,12.34025,0.62625,20
2023-21,hulkenberg,0.00860349127182045,0.0085,0.0545,12.21925,0.62625,13
2023-21,norris,0.03329177057356608,0.03325,0.1405,10.32075,0.62625,15
2023-22,max_verstappen,0.3806733167082294,0.3815,0.60375,5.391,0.622,1
2023-22,leclerc,0.15174563591022444,0.152,0.43624999999999997,7.0285,0.622,2
2023-22,russell,0.09314214463840399,0.09325,0.3295,7.95025,0.622,4
2023-22,perez,0.053491271820448875,0.0535,0.21475,8.7385,0.622,9
2023-22,norris,0.09738154613466334,0.0975,0.33175,7.77425,0.622,5
2023-22,piastri,0.12032418952618454,0.1205,0.37899999999999995,7.60775,0.622,3
2023-22,alonso,0.025062344139650874,0.025,0.15875,9.505,0.622,7
2023-22,tsunoda,0.011097256857855361,0.011,0.06975,10.62675,0.622,6
2023-22,hamilton,0.02281795511221945,0.02275,0.1195,10.0225,0.622,11
2023-22,stroll,0.00910224438902743,0.009,0.04775,11.17675,0.622,13
2023-22,ricciardo,0.002119700748129676,0.002,0.0205,12.374,0.622,15
2023-22,ocon,0.005610972568578554,0.0055,0.054,11.49675,0.622,12
2023-22,gasly,0.007855361596009976,0.00775,0.0685,10.792,0.622,10
2023-22,albon,0.002369077306733167,0.00225,0.02275,12.417,0.622,14
2023-22,hulkenberg,0.00486284289276808,0.00475,0.03925,11.41525,0.622,8
2023-22,sargeant,0.001371571072319202,0.00125,0.01,13.38425,0.622,20
2023-22,zhou,0.0006234413965087282,0.0005,0.0105,13.757,0.622,19
2023-22,sainz,0.008104738154613466,0.008,0.062,11.151,0.622,16
2023-22,bottas,0.0003740648379052369,0.00025,0.00825,13.93675,0.622,18
2023-22,kevin_magnussen,0.0018703241895261845,0.00175,0.0135,13.45475,0.622,17
2024-01,max_verstappen,0.28990024937655867,0.2905,0.5187499999999999,6.0925,0.71,1
2024-01,perez,0.12456359102244391,0.12475,0.34349999999999997,7.48,0.71,5
2024-01,sainz,0.07468827930174565,0.07475,0.2455,8.64125,0.71,4
2024-01,leclerc,0.11458852867830426,0.11475,0.31825000000000003,8.0185,0.71,2
2024-01,russell,0.09264339152119702,0.09275,0.29225,8.21625,0.71,3
2024-01,norris,0.06920199501246885,0.06925,0.23074999999999998,8.6545,0.71,7
2024-01,hamilton,0.04551122194513717,0.0455,0.17175,9.32225,0.71,9
2024-01,piastri,0.052992518703241905,0.053,0.195,8.97475,0.71,8
2024-01,alonso,0.04102244389027432,0.041,0.16775,9.438,0.71,6
2024-01,stroll,0.019326683291770577,0.01925,0.08474999999999999,10.98225,0.71,12
2024-01,zhou,0.0068578553615960105,0.00675,0.04325,12.423,0.71,17
2024-01,kevin_magnussen,0.003615960099750624,0.0035,0.0235,13.316,0.71,15
2024-01,ricciardo,0.01234413965087282,0.01225,0.064,11.131,0.71,14
2024-01,tsunoda,0.01259351620947631,0.0125,0.07325000000000001,10.98325,0.71,11
2024-01,albon,0.00660847880299252,0.0065,0.0445,12.237,0.71,13
2024-01,hulkenberg,0.01034912718204489,0.01025,0.04475,12.1445,0.71,10
2024-01,ocon,0.0068578553615960105,0.00675,0.03775,12.82825,0.71,19
2024-01,gasly,0.007107231920199502,0.007,0.038250000000000006,12.54125,0.71,20
2024-01,bottas,0.0051122194513715715,0.005,0.0335,12.95575,0.71,16
2024-01,sargeant,0.004114713216957607,0.004,0.028999999999999998,13.61975,0.71,18
2024-02,max_verstappen,0.33329177057356607,0.334,0.51275,6.608,0.63225,1
2024-02,perez,0.1981296758104738,0.1985,0.44475000000000003,7.3255,0.63225,3
2024-02,leclerc,0.15199501246882793,0.15225,0.39949999999999997,7.97875,0.63225,2
2024-02,piastri,0.07543640897755612,0.0755,0.29825,8.609,0.63225,5
2024-02,alonso,0.045760598503740646,0.04575,0.2455,9.0495,0.63225,4
2024-02,russell,0.041271820448877804,0.04125,0.20074999999999998,9.42875,0.63225,7
2024-02,bearman,0.012593516209476309,0.0125,0.07225000000000001,10.52875,0.63225,11
2024-02,norris,0.06645885286783042,0.0665,0.26775000000000004,8.74725,0.63225,6
2024-02,hamilton,0.029800498753117206,0.02975,0.17725000000000002,9.3985,0.63225,8
2024-02,hulkenberg,0.002119700748129676,0.002,0.02675,12.17725,0.63225,15
2024-02,albon,0.005112219451371571,0.005,0.03725,11.6135,0.63225,12
2024-02,kevin_magnussen,0.003366583541147132,0.00325,0.02875,12.1135,0.63225,13
2024-02,ocon,0.0028678304239401495,0.00275,0.025,12.1935,0.63225,17
2024-02,sargeant,0.002119700748129676,0.002,0.0135,13.0365,0.63225,19
2024-02,tsunoda,0.008354114713216957,0.00825,0.06975,10.58125,0.63225,9
2024-02,ricciardo,0.004114713216957606,0.004,0.0325,11.47375,0.63225,14
2024-02,bottas,0.0028678304239401495,0.00275,0.022,12.7735,0.63225,16
2024-02,zhou,0.001371571072319202,0.00125,0.0115,12.94525,0.63225,20
2024-02,stroll,0.01084788029925187,0.01075,0.089,10.928,0.63225,10
2024-02,gasly,0.002119700748129676,0.002,0.02525,12.49,0.63225,18
2024-03,sainz,0.13231076194039157,0.1325,0.3825,7.67925,0.6355,2
2024-03,leclerc,0.0944007981045018,0.0945,0.3325,8.062,0.6355,4
2024-03,norris,0.1273226088040903,0.1275,0.38499999999999995,7.5915,0.6355,3
2024-03,piastri,0.07793989275470757,0.078,0.298,8.17225,0.6355,5
2024-03,perez,0.10462651203391944,0.10475,0.34875,7.35075,0.6355,6
2024-03,stroll,0.013842124953236064,0.01375,0.10525,9.883,0.6355,9
2024-03,tsunoda,0.004863449307893753,0.00475,0.048,10.65275,0.6355,8
2024-03,alonso,0.014590347923681257,0.0145,0.1005,9.79025,0.6355,10
2024-03,hulkenberg,0.001122334455667789,0.001,0.024,11.813,0.6355,16
2024-03,kevin_magnussen,0.0013717421124828531,0.00125,0.0195,11.74775,0.6355,14
2024-03,albon,0.002618780396558174,0.0025,0.0245,11.54925,0.6355,12
2024-03,ricciardo,0.0003741114852225963,0.00025,0.01225,12.1385,0.6355,18
2024-03,gasly,0.001122334455667789,0.001,0.019250000000000003,11.89675,0.6355,17
2024-03,bottas,0.001122334455667789,0.001,0.015,11.95275,0.6355,13
2024-03,zhou,0.0008729267988527247,0.00075,0.009000000000000001,12.33675,0.6355,19
2024-03,ocon,0.0008729267988527247,0.00075,0.0165,12.064,0.6355,15
2024-03,russell,0.040029928918817806,0.04,0.2075,9.03325,0.6355,7
2024-03,hamilton,0.016336201521386706,0.01625,0.11299999999999999,9.92425,0.6355,11
2024-03,max_verstappen,0.3642598827784013,0.365,0.5389999999999999,6.362,0.6355,1
2024-04,max_verstappen,0.2841645885286783,0.28475,0.49824999999999997,6.28325,0.62875,1
2024-04,perez,0.20885286783042395,0.20925,0.43300000000000005,6.77125,0.62875,2
2024-04,sainz,0.11009975062344139,0.11025,0.3225,7.84225,0.62875,4
2024-04,leclerc,0.05049875311720698,0.0505,0.23149999999999998,8.6495,0.62875,8
2024-04,norris,0.13628428927680797,0.1365,0.3645,7.38125,0.62875,3
2024-04,alonso,0.043266832917705736,0.04325,0.21,8.93825,0.62875,5
2024-04,russell,0.03329177057356608,0.03325,0.15675,9.59425,0.62875,9
2024-04,piastri,0.06296758104738155,0.063,0.26425,8.16325,0.62875,6
2024-04,hamilton,0.04201995012468828,0.042,0.19574999999999998,9.08825,0.62875,7
2024-04,tsunoda,0.003366583541147132,0.00325,0.047,11.67925,0.62875,10
2024-04,hulkenberg,0.0046134663341645885,0.0045,0.0405,11.76075,0.62875,12
2024-04,stroll,0.00685785536159601,0.00675,0.052000000000000005,11.35725,0.62875,16
2024-04,kevin_magnussen,0.0011221945137157108,0.001,0.0125,12.9605,0.62875,18
2024-04,bottas,0.0008728179551122195,0.00075,0.02475,12.62525,0.62875,13
2024-04,ocon,0.0008728179551122195,0.00075,0.020499999999999997,12.6165,0.62875,15
2024-04,gasly,0.0016209476309226932,0.0015,0.0285,12.34825,0.62875,17
2024-04,sargeant,0.0011221945137157108,0.001,0.014249999999999999,13.819,0.62875,19
2024-04,zhou,0.001371571072319202,0.00125,0.01575,13.20825,0.62875,20
2024-04,ricciardo,0.005361596009975062,0.00525,0.041749999999999995,12.022,0.62875,11
2024-04,albon,0.001371571072319202,0.00125,0.026,12.8915,0.62875,14
2024-05,max_verstappen,0.34002493765586034,0.34075,0.5805,5.432,0.61775,1
2024-05,norris,0.11483790523690773,0.115,0.367,7.01975,0.61775,4
2024-05,perez,0.23428927680798006,0.23475,0.508,5.97825,0.61775,2
2024-05,leclerc,0.06745635910224439,0.0675,0.28625,7.8395,0.61775,6
2024-05,sainz,0.05074812967581047,0.05075,0.23525000000000001,8.14025,0.61775,7
2024-05,russell,0.030049875311720698,0.03,0.16275,9.27325,0.61775,8
2024-05,alonso,0.064214463840399,0.06425,0.28275,7.90875,0.61775,3
2024-05,piastri,0.07643391521197007,0.0765,0.30974999999999997,7.5315,0.61775,5
2024-05,hamilton,0.0036159600997506237,0.0035,0.034,11.572,0.61775,18
2024-05,hulkenberg,0.003366583541147132,0.00325,0.04175,11.39525,0.61775,9
2024-05,ocon,0.0011221945137157108,0.001,0.014750000000000001,12.83725,0.61775,13
2024-05,albon,0.001371571072319202,0.00125,0.02,12.63425,0.61775,14
2024-05,gasly,0.0016209476309226932,0.0015,0.013250000000000001,12.852,0.61775,15
2024-05,zhou,0.001371571072319202,0.00125,0.009000000000000001,13.06125,0.61775,16
2024-05,stroll,0.005860349127182045,0.00575,0.064,10.66475,0.61775,11
2024-05,kevin_magnussen,0.0003740648379052369,0.00025,0.00825,13.038,0.61775,17
2024-05,sargeant,0.00012468827930174563,0.0,0.00775,14.01675,0.61775,20
2024-05,ricciardo,0.0016209476309226932,0.0015,0.02225,12.567,0.61775,12
2024-05,tsunoda,0.0003740648379052369,0.00025,0.010249999999999999,13.53825,0.61775,19
2024-05,bottas,0.0011221945137157108,0.001,0.0225,12.7,0.61775,10
2024-06,norris,0.0669576059850374,0.067,0.32825000000000004,7.133,0.61575,5
2024-06,max_verstappen,0.4148379052369077,0.41575,0.6445,4.97475,0.61575,1
2024-06,leclerc,0.15448877805486283,0.15475,0.48550000000000004,6.25375,0.61575,2
2024-06,perez,0.15698254364089775,0.15725,0.44899999999999995,6.39125,0.61575,4
2024-06,sainz,0.1185785536159601,0.11875,0.4245,6.51625,0.61575,3
2024-06,hamilton,0.012842892768079801,0.01275,0.11125,9.4205,0.61575,8
2024-06,tsunoda,0.0006234413965087282,0.0005,0.014,12.291,0.61575,10
2024-06,russell,0.023815461346633416,0.02375,0.16249999999999998,8.79975,0.61575,7
2024-06,alonso,0.002369077306733167,0.00225,0.022,11.4475,0.61575,15
2024-06,ocon,0.0006234413965087282,0.0005,0.008,12.816,0.61575,13
2024-06,hulkenberg,0.002119700748129676,0.002,0.022,11.2865,0.61575,9
2024-06,gasly,0.0011221945137157108,0.001,0.014,12.14325,0.61575,12
2024-06,piastri,0.03927680798004988,0.03925,0.23925000000000002,7.82125,0.61575,6
2024-06,zhou,0.00012468827930174563,0.0,0.002,13.63825,0.61575,19
2024-06,ricciardo,0.0003740648379052369,0.00025,0.00325,13.769,0.61575,20
2024-06,bottas,0.00012468827930174563,0.0,0.004,13.3005,0.61575,16
2024-06,stroll,0.0038653366583541147,0.00375,0.049,10.93875,0.61575,11
2024-06,albon,0.0006234413965087282,0.0005,0.009,13.198,0.61575,14
2024-06,kevin_magnussen,0.00012468827930174563,0.0,0.00425,13.93375,0.61575,18
2024-06,sargeant,0.00012468827930174563,0.0,0.00375,13.927,0.61575,17
2024-07,max_verstappen,0.3218204488778055,0.3225,0.5145,6.368,0.63525,1
2024-07,norris,0.17319201995012468,0.1735,0.39774999999999994,7.36,0.63525,2
2024-07,leclerc,0.1415211970074813,0.14175,0.37,7.7575,0.63525,3
2024-07,piastri,0.08466334164588529,0.08475,0.2955,8.3815,0.63525,5
2024-07,sainz,0.10835411471321696,0.1085,0.32875,7.973,0.63525,4
2024-07,hamilton,0.03329177057356608,0.03325,0.17099999999999999,9.6485,0.63525,8
2024-07,russell,0.04276807980049875,0.04275,0.21100000000000002,9.24675,0.63525,6
2024-07,perez,0.0385286783042394,0.0385,0.1915,9.2025,0.63525,11
2024-07,stroll,0.008354114713216957,0.00825,0.0675,10.93225,0.63525,13
2024-07,tsunoda,0.014588528678304239,0.0145,0.095,11.26475,0.63525,7
2024-07,hulkenberg,0.006359102244389027,0.00625,0.06325,11.0525,0.63525,10
2024-07,kevin_magnussen,0.001371571072319202,0.00125,0.020999999999999998,12.342,0.63525,18
2024-07,ricciardo,0.006359102244389027,0.00625,0.06625,11.6225,0.63525,9
2024-07,ocon,0.005610972568578554,0.0055,0.03925,12.01275,0.63525,12
2024-07,zhou,0.0016209476309226932,0.0015,0.01975,12.3955,0.63525,17
2024-07,gasly,0.002119700748129676,0.002,0.0335,11.9025,0.63525,15
2024-07,sargeant,0.0011221945137157108,0.001,0.01425,13.3105,0.63525,19
2024-07,bottas,0.0006234413965087282,0.0005,0.024749999999999998,12.767,0.63525,16
2024-07,alonso,0.004364089775561097,0.00425,0.0415,11.87775,0.63525,20
2024-07,albon,0.003366583541147132,0.00325,0.034,12.58225,0.63525,14
2024-08,leclerc,0.2552369077306733,0.25575,0.511,6.45325,0.60275,1
2024-08,piastri,0.18067331670822942,0.181,0.45849999999999996,6.8285,0.60275,2
2024-08,sainz,0.14900249376558602,0.14925,0.429,7.07,0.60275,3
2024-08,norris,0.14351620947630922,0.14375,0.40575,7.13575,0.60275,4
2024-08,russell,0.06620947630922694,0.06625,0.27525,8.23275,0.60275,5
2024-08,max_verstappen,0.1325436408977556,0.13275,0.37475,7.26225,0.60275,6
2024-08,hamilton,0.037281795511221946,0.03725,0.19549999999999998,9.01775,0.60275,7
2024-08,tsunoda,0.005361596009975062,0.00525,0.051500000000000004,11.49275,0.60275,8
2024-08,albon,0.002369077306733167,0.00225,0.040999999999999995,11.716,0.60275,9
2024-08,gasly,0.0036159600997506237,0.0035,0.028999999999999998,11.631,0.60275,10
2024-08,alonso,0.004364089775561097,0.00425,0.03925,11.23325,0.60275,14
2024-08,ricciardo,0.001371571072319202,0.00125,0.0175,12.1945,0.60275,12
2024-08,bottas,0.00012468827930174563,0.0,0.00775,13.22775,0.60275,17
2024-08,stroll,0.003117206982543641,0.003,0.04075,11.157,0.60275,13
2024-08,sargeant,0.0008728179551122195,0.00075,0.009000000000000001,13.02075,0.60275,15
2024-08,zhou,0.0003740648379052369,0.00025,0.00475,13.1885,0.60275,18
2024-08,ocon,0.0018703241895261845,0.00175,0.0215,12.4715,0.60275,11
2024-08,perez,0.011097256857855361,0.011,0.07225000000000001,10.366,0.60275,16
2024-08,hulkenberg,0.0006234413965087282,0.0005,0.00975,12.961,0.60275,19
2024-08,kevin_magnussen,0.0003740648379052369,0.00025,0.00625,13.33975,0.60275,20
2024-09,max_verstappen,0.30461346633416464,0.30525,0.5565,5.73475,0.62325,2
2024-09,norris,0.1819201995012469,0.18225,0.4615,6.4015,0.62325,3
2024-09,russell,0.19463840399002497,0.195,0.46849999999999997,6.68075,0.62325,1
2024-09,hamilton,0.0559850374064838,0.056,0.2285,8.59175,0.62325,7
2024-09,piastri,0.13204488778054865,0.13225,0.399,6.88975,0.62325,4
2024-09,alonso,0.019326683291770577,0.01925,0.1335,9.51725,0.62325,6
2024-09,stroll,0.011346633416458855,0.01125,0.08325,10.418,0.62325,9
2024-09,ricciardo,0.01034912718204489,0.01025,0.07250000000000001,10.9245,0.62325,5
2024-09,gasly,0.001122194513715711,0.001,0.0185,12.6625,0.62325,15
2024-09,ocon,0.001122194513715711,0.001,0.01175,13.43575,0.62325,18
2024-09,hulkenberg,0.001122194513715711,0.001,0.01325,12.88625,0.62325,17
2024-09,kevin_magnussen,0.0016209476309226934,0.0015,0.01825,12.5615,0.62325,14
2024-09,bottas,0.00037406483790523696,0.00025,0.0055,13.79525,0.62325,19
2024-09,tsunoda,0.004114713216957607,0.004,0.05775,11.34275,0.62325,8
2024-09,zhou,0.0006234413965087283,0.0005,0.00575,13.81375,0.62325,20
2024-09,sainz,0.026309226932668333,0.02625,0.14150000000000001,9.23175,0.62325,12
2024-09,albon,0.0031172069825436415,0.003,0.0335,12.3575,0.62325,10
2024-09,perez,0.014837905236907733,0.01475,0.1095,10.19375,0.62325,16
2024-09,leclerc,0.034039900249376566,0.034,0.16275,9.311,0.62325,11
2024-09,sargeant,0.0013715710723192023,0.00125,0.01875,13.25,0.62325,13
2024-10,max_verstappen,0.27119700748129677,0.27175,0.5459999999999999,5.9215,0.49875,2
2024-10,norris,0.2756857855361596,0.27625,0.554,5.749,0.49875,1
2024-10,hamilton,0.12905236907730674,0.12925,0.397,6.982,0.49875,3
2024-10,russell,0.09114713216957605,0.09125,0.34775,7.40925,0.49875,4
2024-10,leclerc,0.07119700748129676,0.07125,0.289,7.84,0.49875,5
2024-10,sainz,0.05648379052369077,0.0565,0.24175,8.24525,0.49875,6
2024-10,piastri,0.05249376558603491,0.0525,0.222,8.1,0.49875,9
2024-10,perez,0.027805486284289277,0.02775,0.14725,9.04425,0.49875,11
2024-10,gasly,0.0046134663341645885,0.0045,0.04375,11.06025,0.49875,7
2024-10,ocon,0.00486284289276808,0.00475,0.036500000000000005,11.60025,0.49875,8
2024-10,hulkenberg,0.0006234413965087282,0.0005,0.02,11.976,0.49875,13
2024-10,alonso,0.007605985037406484,0.0075,0.063,10.2805,0.49875,10
2024-10,zhou,0.00012468827930174563,0.0,0.0055,13.588,0.49875,15
2024-10,stroll,0.0038653366583541147,0.00375,0.033,11.296,0.49875,14
2024-10,ricciardo,0.0006234413965087282,0.0005,0.0065,13.0765,0.49875,18
2024-10,bottas,0.00012468827930174563,0.0,0.01175,13.00225,0.49875,12
2024-10,kevin_magnussen,0.0008728179551122195,0.00075,0.0115,13.283,0.49875,16
2024-10,albon,0.0006234413965087282,0.0005,0.008,13.93525,0.49875,20
2024-10,tsunoda,0.0006234413965087282,0.0005,0.01125,13.18775,0.49875,17
2024-10,sargeant,0.0003740648379052369,0.00025,0.0045000000000000005,14.423,0.49875,19
2024-11,russell,0.12630922693266833,0.1265,0.38325,7.35325,0.4855,3
2024-11,piastri,0.06072319201995013,0.06075,0.2605,8.07425,0.4855,7
2024-11,sainz,0.08640897755610973,0.0865,0.32425,7.93525,0.4855,4
2024-11,hamilton,0.07992518703241895,0.08,0.308,8.03125,0.4855,5
2024-11,max_verstappen,0.31433915211970076,0.315,0.5275,6.2825,0.4855,1
2024-11,hulkenberg,0.003366583541147132,0.00325,0.04675,11.11275,0.4855,9
2024-11,perez,0.04002493765586035,0.04,0.2115,8.8445,0.4855,8
2024-11,kevin_magnussen,0.0011221945137157108,0.001,0.02375,11.854,0.4855,12
2024-11,ricciardo,0.0016209476309226932,0.0015,0.023,11.97775,0.4855,11
2024-11,gasly,0.0016209476309226932,0.0015,0.0245,11.81725,0.4855,13
2024-11,leclerc,0.05598503740648379,0.056,0.26525,8.39025,0.4855,6
2024-11,ocon,0.003366583541147132,0.00325,0.0385,11.439,0.4855,10
2024-11,stroll,0.001371571072319202,0.00125,0.0195,11.8565,0.4855,17
2024-11,tsunoda,0.0003740648379052369,0.00025,0.01575,12.26225,0.4855,14
2024-11,albon,0.0008728179551122195,0.00075,0.0075,12.9965,0.4855,16
2024-11,bottas,0.0003740648379052369,0.00025,0.004,13.23075,0.4855,18
2024-11,zhou,0.0003740648379052369,0.00025,0.003,13.752,0.4855,20
2024-11,alonso,0.002369077306733167,0.00225,0.028999999999999998,11.72475,0.4855,15
2024-11,sargeant,0.0006234413965087282,0.0005,0.0032500000000000003,14.192,0.4855,19
2024-11,norris,0.2188279301745636,0.21925,0.48125,6.87325,0.4855,2
2024-12,hamilton,0.17942643391521199,0.17975,0.40775000000000006,7.01525,0.854,2
2024-12,max_verstappen,0.1654613466334165,0.16575,0.41275,6.895,0.854,4
2024-12,norris,0.20137157107231923,0.20175,0.455,6.53225,0.854,3
2024-12,piastri,0.11359102244389029,0.11375,0.35624999999999996,7.433,0.854,5
2024-12,sainz,0.05274314214463841,0.05275,0.242,8.5505,0.854,7
2024-12,hulkenberg,0.016334164588528682,0.01625,0.114,10.07,0.854,6
2024-12,stroll,0.013591022443890276,0.0135,0.1075,10.113,0.854,8
2024-12,alonso,0.010847880299251872,0.01075,0.08499999999999999,10.354,0.854,10
2024-12,albon,0.004862842892768081,0.00475,0.048,11.77775,0.854,9
2024-12,tsunoda,0.00286783042394015,0.00275,0.037750000000000006,11.85925,0.854,13
2024-12,sargeant,0.0033665835411471326,0.00325,0.0215,12.69,0.854,12
2024-12,kevin_magnussen,0.0008728179551122196,0.00075,0.01575,12.77925,0.854,17
2024-12,ricciardo,0.001122194513715711,0.001,0.02575,12.002,0.854,15
2024-12,leclerc,0.031047381546134668,0.031,0.15825,9.42375,0.854,11
2024-12,bottas,0.00012468827930174565,0.0,0.00875,13.56975,0.854,16
2024-12,ocon,0.0008728179551122196,0.00075,0.00975,13.0845,0.854,18
2024-12,perez,0.005361596009975063,0.00525,0.03825,11.64325,0.854,20
2024-12,zhou,0.0008728179551122196,0.00075,0.01825,12.86775,0.854,14
2024-12,russell,0.19438902743142147,0.19475,0.43175,7.34975,0.854,1
2024-12,gasly,0.0008728179551122196,0.00075,0.006,13.99,0.854,19
2024-13,piastri,0.222069825436409,0.2225,0.49775,6.16325,0.1645,2
2024-13,norris,0.279426433915212,0.28,0.54225,5.878,0.1645,1
2024-13,hamilton,0.10635910224438903,0.1065,0.34875,7.55025,0.1645,5
2024-13,leclerc,0.05997506234413965,0.06,0.2685,8.1675,0.1645,6
2024-13,max_verstappen,0.1978802992518703,0.19825,0.46875,6.46225,0.1645,3
2024-13,sainz,0.09364089775561098,0.09375,0.34925,7.602,0.1645,4
2024-13,perez,0.008104738154613466,0.008,0.07925000000000001,10.29325,0.1645,16
2024-13,russell,0.006109725685785536,0.006,0.078,10.2745,0.1645,17
2024-13,tsunoda,0.001371571072319202,0.00125,0.03275,11.64725,0.1645,10
2024-13,stroll,0.007107231920199501,0.007,0.0835,10.2075,0.1645,8
2024-13,alonso,0.009600997506234414,0.0095,0.10975,9.75925,0.1645,7
2024-13,ricciardo,0.0016209476309226932,0.0015,0.03025,11.573,0.1645,9
2024-13,hulkenberg,0.003117206982543641,0.003,0.042499999999999996,11.2815,0.1645,11
2024-13,albon,0.0006234413965087282,0.0005,0.01825,12.54225,0.1645,13
2024-13,kevin_magnussen,0.0011221945137157108,0.001,0.01725,12.14425,0.1645,15
2024-13,bottas,0.0003740648379052369,0.00025,0.007,13.22225,0.1645,12
2024-13,sargeant,0.0006234413965087282,0.0005,0.01,13.72075,0.1645,14
2024-13,ocon,0.0006234413965087282,0.0005,0.00575,13.6555,0.1645,19
2024-13,zhou,0.00012468827930174563,0.0,0.0032500000000000003,14.39775,0.1645,18
2024-13,gasly,0.00012468827930174563,0.0,0.0072499999999999995,13.45775,0.1645,20
2024-14,hamilton,0.15598503740648378,0.15625,0.40225,6.825,0.61325,3
2024-14,piastri,0.13179551122194513,0.132,0.37475,6.892,0.61325,5
2024-14,leclerc,0.15947630922693268,0.15975,0.39525,6.883,0.61325,1
2024-14,max_verstappen,0.05049875311720698,0.0505,0.20375000000000001,8.496,0.61325,11
2024-14,norris,0.17917705735660847,0.1795,0.44175,6.2645,0.61325,4
2024-14,sainz,0.05997506234413965,0.06,0.23025,8.40175,0.61325,7
2024-14,perez,0.14526184538653367,0.1455,0.38375000000000004,6.97425,0.61325,2
2024-14,alonso,0.012094763092269327,0.012,0.08775,9.95075,0.61325,8
2024-14,ocon,0.003366583541147132,0.00325,0.0335,11.9195,0.61325,9
2024-14,ricciardo,0.003366583541147132,0.00325,0.01975,12.25725,0.61325,13
2024-14,stroll,0.002119700748129676,0.002,0.026750000000000003,11.70125,0.61325,15
2024-14,albon,0.0046134663341645885,0.0045,0.03025,12.07575,0.61325,10
2024-14,gasly,0.0018703241895261845,0.00175,0.026750000000000003,12.05725,0.61325,12
2024-14,kevin_magnussen,0.0011221945137157108,0.001,0.01075,12.84875,0.61325,17
2024-14,bottas,0.0003740648379052369,0.00025,0.006500000000000001,13.4865,0.61325,14
2024-14,tsunoda,0.00012468827930174563,0.0,0.006,13.11,0.61325,20
2024-14,sargeant,0.0008728179551122195,0.00075,0.0045000000000000005,14.2915,0.61325,18
2024-14,hulkenberg,0.001371571072319202,0.00125,0.0165,12.6945,0.61325,16
2024-14,zhou,0.00012468827930174563,0.0,0.00425,14.6985,0.61325,19
2024-14,russell,0.08640897755610973,0.0865,0.295,8.172,0.61325,6
2024-15,norris,0.2028678304239402,0.20325,0.39775,6.68125,0.60425,1
2024-15,max_verstappen,0.16346633416458856,0.16375,0.3515,7.23075,0.60425,2
2024-15,leclerc,0.08341645885286784,0.0835,0.23925000000000002,8.4705,0.60425,6
2024-15,piastri,0.14002493765586038,0.14025,0.33525000000000005,7.2895,0.60425,3
2024-15,sainz,0.051246882793017465,0.05125,0.19,9.12175,0.60425,10
2024-15,perez,0.08990024937655862,0.09,0.26,8.43425,0.60425,5
2024-15,russell,0.11832917705735663,0.1185,0.302,8.03875,0.60425,4
2024-15,hamilton,0.034039900249376566,0.034,0.1635,9.36925,0.60425,14
2024-15,gasly,0.015835411471321698,0.01575,0.09175,11.488,0.60425,9
2024-15,alonso,0.029052369077306735,0.029,0.1365,10.2635,0.60425,7
2024-15,hulkenberg,0.009850374064837906,0.00975,0.06375,11.64125,0.60425,12
2024-15,ricciardo,0.0068578553615960105,0.00675,0.0655,11.78425,0.60425,13
2024-15,stroll,0.02206982543640898,0.022,0.12275,10.50325,0.60425,8
2024-15,albon,0.0033665835411471326,0.00325,0.04375,12.45425,0.60425,19
2024-15,ocon,0.004364089775561098,0.00425,0.04025,12.3105,0.60425,15
2024-15,sargeant,0.0023690773067331673,0.00225,0.02975,12.9165,0.60425,18
2024-15,tsunoda,0.012094763092269329,0.012,0.07300000000000001,12.00725,0.60425,11
2024-15,kevin_magnussen,0.004862842892768081,0.00475,0.041499999999999995,12.57,0.60425,20
2024-15,bottas,0.0031172069825436415,0.003,0.03,13.492,0.60425,16
2024-15,zhou,0.00286783042394015,0.00275,0.02225,13.93325,0.60425,17
2024-16,leclerc,0.09513715710723192,0.09525,0.334,7.525,0.672,4
2024-16,piastri,0.21758104738154613,0.218,0.47775,6.37125,0.672,2
2024-16,norris,0.2928927680798005,0.2935,0.5349999999999999,5.85725,0.672,1
2024-16,sainz,0.07319201995012468,0.07325,0.298,7.998,0.672,5
2024-16,hamilton,0.07169576059850374,0.07175,0.28175,7.893,0.672,6
2024-16,max_verstappen,0.05897755610972569,0.059,0.263,8.108,0.672,7
2024-16,russell,0.13528678304239403,0.1355,0.38175,7.292,0.672,3
2024-16,perez,0.03778054862842893,0.03775,0.1775,8.9575,0.672,8
2024-16,albon,0.004364089775561097,0.00425,0.03825,11.66975,0.672,9
2024-16,kevin_magnussen,0.0008728179551122195,0.00075,0.0175,12.26925,0.672,13
2024-16,alonso,0.0018703241895261845,0.00175,0.044,10.9755,0.672,11
2024-16,colapinto,0.0006234413965087282,0.0005,0.012,13.1135,0.672,18
2024-16,ricciardo,0.0008728179551122195,0.00075,0.02525,11.97025,0.672,12
2024-16,ocon,0.0006234413965087282,0.0005,0.01425,12.60225,0.672,15
2024-16,gasly,0.0011221945137157108,0.001,0.020499999999999997,12.124,0.672,14
2024-16,bottas,0.0003740648379052369,0.00025,0.00425,13.71675,0.672,19
2024-16,hulkenberg,0.003366583541147132,0.00325,0.038,11.7615,0.672,10
2024-16,zhou,0.0008728179551122195,0.00075,0.0045000000000000005,14.32525,0.672,20
2024-16,stroll,0.0011221945137157108,0.001,0.01675,12.49875,0.672,17
2024-16,tsunoda,0.001371571072319202,0.00125,0.016,12.97125,0.672,16
2024-17,piastri,0.2706982543640898,0.27125,0.53,6.0225,0.554,2
2024-17,leclerc,0.19688279301745637,0.19725,0.45275000000000004,6.7515,0.554,1
2024-17,russell,0.11508728179551123,0.11525,0.35525,7.64975,0.554,5
2024-17,norris,0.035536159600997506,0.0355,0.161,9.2035,0.554,15
2024-17,max_verstappen,0.09438902743142144,0.0945,0.3265,7.64925,0.554,6
2024-17,alonso,0.01084788029925187,0.01075,0.0935,10.1285,0.554,7
2024-17,albon,0.003366583541147132,0.00325,0.0385,11.72475,0.554,9
2024-17,colapinto,0.001371571072319202,0.00125,0.0215,12.29375,0.554,8
2024-17,hamilton,0.016084788029925186,0.016,0.101,10.102,0.554,19
2024-17,bearman,0.0038653366583541147,0.00375,0.03975,11.52425,0.554,10
2024-17,hulkenberg,0.004364089775561097,0.00425,0.033,11.7295,0.554,12
2024-17,gasly,0.001371571072319202,0.00125,0.01525,12.571,0.554,18
2024-17,ricciardo,0.0008728179551122195,0.00075,0.01825,12.3675,0.554,14
2024-17,zhou,0.00012468827930174563,0.0,0.005,14.10775,0.554,17
2024-17,ocon,0.001371571072319202,0.00125,0.00925,13.066,0.554,20
2024-17,bottas,0.0003740648379052369,0.00025,0.00575,13.651,0.554,16
2024-17,perez,0.10311720698254365,0.10325,0.34199999999999997,7.954,0.554,4
2024-17,sainz,0.13528678304239403,0.1355,0.386,7.484,0.554,3
2024-17,stroll,0.0026184538653366584,0.0025,0.036250000000000004,11.73375,0.554,13
2024-17,tsunoda,0.002369077306733167,0.00225,0.0295,12.28575,0.554,11
2024-18,norris,0.33129675810473813,0.332,0.59575,5.41975,0.57025,1
2024-18,max_verstappen,0.21059850374064837,0.211,0.52,6.2645,0.57025,2
2024-18,piastri,0.11683291770573566,0.117,0.396,6.7585,0.57025,5
2024-18,russell,0.10536159600997506,0.1055,0.37475,7.46175,0.57025,4
2024-18,leclerc,0.029551122194513717,0.0295,0.16375,8.996,0.57025,9
2024-18,hamilton,0.14276807980049874,0.143,0.439,6.9015,0.57025,3
2024-18,sainz,0.019576059850374066,0.0195,0.1385,9.41125,0.57025,10
2024-18,alonso,0.011845386533665835,0.01175,0.0875,10.013,0.57025,7
2024-18,hulkenberg,0.011596009975062344,0.0115,0.08549999999999999,9.91,0.57025,6
2024-18,perez,0.011097256857855361,0.011,0.07375000000000001,10.342,0.57025,13
2024-18,colapinto,0.0003740648379052369,0.00025,0.014499999999999999,12.22125,0.57025,12
2024-18,tsunoda,0.003117206982543641,0.003,0.0275,11.91,0.57025,8
2024-18,ocon,0.0008728179551122195,0.00075,0.011,12.76725,0.57025,15
2024-18,stroll,0.0011221945137157108,0.001,0.013000000000000001,12.32775,0.57025,17
2024-18,zhou,0.00012468827930174563,0.0,0.00175,14.34425,0.57025,20
2024-18,bottas,0.00012468827930174563,0.0,0.003,13.9425,0.57025,19
2024-18,gasly,0.00012468827930174563,0.0,0.006,13.31175,0.57025,18
2024-18,ricciardo,0.0008728179551122195,0.00075,0.00575,13.18475,0.57025,16
2024-18,kevin_magnussen,0.001371571072319202,0.00125,0.01325,12.532,0.57025,14
2024-18,albon,0.001371571072319202,0.00125,0.02975,11.98025,0.57025,11
2024-19,leclerc,0.10461346633416459,0.10475,0.39674999999999994,6.63475,0.5075,4
2024-19,sainz,0.11932668329177057,0.1195,0.41225,6.579,0.5075,3
2024-19,max_verstappen,0.21234413965087282,0.21275,0.5465,5.7095,0.5075,2
2024-19,norris,0.35473815461346636,0.3555,0.6525000000000001,4.91475,0.5075,1
2024-19,piastri,0.13453865336658355,0.13475,0.4335,6.1235,0.5075,5
2024-19,russell,0.008104738154613466,0.008,0.0495,10.7935,0.5075,20
2024-19,perez,0.027805486284289277,0.02775,0.16225,8.65475,0.5075,9
2024-19,hulkenberg,0.005610972568578554,0.0055,0.036000000000000004,11.27925,0.5075,11
2024-19,lawson,0.00012468827930174563,0.0,0.0015,14.4135,0.5075,19
2024-19,colapinto,0.0008728179551122195,0.00075,0.01,13.24925,0.5075,15
2024-19,kevin_magnussen,0.004364089775561097,0.00425,0.033,11.21275,0.5075,8
2024-19,gasly,0.003366583541147132,0.00325,0.0465,10.834,0.5075,6
2024-19,alonso,0.010099750623441397,0.01,0.08125,9.7005,0.5075,7
2024-19,tsunoda,0.0018703241895261845,0.00175,0.0195,12.354,0.5075,10
2024-19,stroll,0.0016209476309226932,0.0015,0.0235,11.7155,0.5075,13
2024-19,albon,0.0016209476309226932,0.0015,0.01575,12.497,0.5075,14
2024-19,bottas,0.0003740648379052369,0.00025,0.004,14.67425,0.5075,16
2024-19,ocon,0.001371571072319202,0.00125,0.01475,13.03275,0.5075,12
2024-19,zhou,0.00012468827930174563,0.0,0.0022500000000000003,15.008,0.5075,18
2024-19,hamilton,0.007107231920199501,0.007,0.05875,10.6195,0.5075,17
2024-20,sainz,0.23229426433915212,0.23275,0.51675,6.286,0.53425,1
2024-20,norris,0.23728179551122194,0.23775,0.5245,5.981,0.53425,3
2024-20,leclerc,0.1325436408977556,0.13275,0.41750000000000004,7.048,0.53425,4
2024-20,hamilton,0.06471321695760598,0.06475,0.27225,8.12825,0.53425,6
2024-20,russell,0.08117206982543641,0.08125,0.31325000000000003,7.885,0.53425,5
2024-20,max_verstappen,0.2041147132169576,0.2045,0.4975,6.37725,0.53425,2
2024-20,kevin_magnussen,0.008104738154613466,0.008,0.07775,10.405,0.53425,7
2024-20,piastri,0.00885286783042394,0.00875,0.0765,10.0365,0.53425,17
2024-20,hulkenberg,0.007605985037406484,0.0075,0.05075,10.8505,0.53425,10
2024-20,gasly,0.004114713216957606,0.004,0.04025,11.18725,0.53425,8
2024-20,stroll,0.0016209476309226932,0.0015,0.02175,12.07525,0.53425,14
2024-20,colapinto,0.0008728179551122195,0.00075,0.0115,12.74575,0.53425,16
2024-20,ocon,0.0003740648379052369,0.00025,0.0065,13.3885,0.53425,20
2024-20,bottas,0.0003740648379052369,0.00025,0.00325,13.763,0.53425,15
2024-20,zhou,0.00012468827930174563,0.0,0.0035,14.17675,0.53425,19
2024-20,lawson,0.001371571072319202,0.00125,0.0115,12.4875,0.53425,12
2024-20,perez,0.005112219451371571,0.005,0.040249999999999994,11.5575,0.53425,18
2024-20,alonso,0.0026184538653366584,0.0025,0.035,11.66875,0.53425,13
2024-20,albon,0.0046134663341645885,0.0045,0.0495,11.67725,0.53425,9
2024-20,tsunoda,0.002119700748129676,0.002,0.030250000000000003,12.275,0.53425,11
2024-21,max_verstappen,0.02456359102244389,0.0245,0.139,9.69275,0.54675,17
2024-21,ocon,0.01683291770573566,0.01675,0.11075,10.56775,0.54675,4
2024-21,gasly,0.006359102244389027,0.00625,0.048,12.04375,0.54675,13
2024-21,russell,0.18865336658354115,0.189,0.42925,7.3055,0.54675,2
2024-21,leclerc,0.13079800498753116,0.131,0.35700000000000004,7.62725,0.54675,6
2024-21,norris,0.3617206982543641,0.3625,0.5365,5.9705,0.54675,1
2024-21,tsunoda,0.030049875311720698,0.03,0.15225,10.43675,0.54675,3
2024-21,piastri,0.10860349127182045,0.10875,0.32025,7.77675,0.54675,8
2024-21,lawson,0.011346633416458854,0.01125,0.08775,11.0465,0.54675,5
2024-21,hamilton,0.021072319201995014,0.021,0.1335,10.07875,0.54675,14
2024-21,perez,0.026059850374064837,0.026,0.14350000000000002,9.81275,0.54675,12
2024-21,bearman,0.007107231920199501,0.007,0.05275,11.69275,0.54675,15
2024-21,bottas,0.0018703241895261845,0.00175,0.029,12.64975,0.54675,11
2024-21,alonso,0.00860349127182045,0.0085,0.07675000000000001,11.26325,0.54675,9
2024-21,zhou,0.0003740648379052369,0.00025,0.007,14.25075,0.54675,19
2024-21,sainz,0.02082294264339152,0.02075,0.12775,9.75725,0.54675,20
2024-21,colapinto,0.0026184538653366584,0.0025,0.0225,13.24675,0.54675,16
2024-21,albon,0.01807980049875312,0.018,0.10999999999999999,11.14125,0.54675,7
2024-21,stroll,0.010349127182044887,0.01025,0.077,11.38825,0.54675,10
2024-21,hulkenberg,0.004114713216957606,0.004,0.0395,12.251,0.54675,18
2024-22,russell,0.20037406483790524,0.20075,0.40475000000000005,6.7855,0.523,1
2024-22,hamilton,0.039775561097256856,0.03975,0.17325000000000002,9.331,0.523,10
2024-22,sainz,0.17817955112219452,0.1785,0.3825,7.14875,0.523,2
2024-22,leclerc,0.13753117206982543,0.13775,0.34275,7.42825,0.523,4
2024-22,max_verstappen,0.11608478802992518,0.11625,0.33075,7.38375,0.523,5
2024-22,norris,0.1268079800498753,0.127,0.33825,7.27525,0.523,6
2024-22,piastri,0.08092269326683292,0.081,0.26325,7.95375,0.523,8
2024-22,hulkenberg,0.019825436408977555,0.01975,0.11524999999999999,10.27525,0.523,9
2024-22,tsunoda,0.014089775561097256,0.014,0.09775,10.89425,0.523,7
2024-22,perez,0.012842892768079801,0.01275,0.09525,10.6715,0.523,15
2024-22,alonso,0.00486284289276808,0.00475,0.035,12.2425,0.523,16
2024-22,kevin_magnussen,0.007855361596009976,0.00775,0.068,11.294,0.523,12
2024-22,zhou,0.0011221945137157108,0.001,0.01625,13.66575,0.523,13
2024-22,colapinto,0.0008728179551122195,0.00075,0.013500000000000002,13.4815,0.523,20
2024-22,stroll,0.0028678304239401495,0.00275,0.0245,12.686,0.523,18
2024-22,lawson,0.004364089775561097,0.00425,0.04025,12.053,0.523,14
2024-22,ocon,0.007605985037406484,0.0075,0.052000000000000005,11.86925,0.523,11
2024-22,bottas,0.0006234413965087282,0.0005,0.00375,14.35675,0.523,19
2024-22,albon,0.002369077306733167,0.00225,0.0235,13.422,0.523,17
2024-22,gasly,0.04102244389027431,0.041,0.1795,9.782,0.523,3
2024-23,max_verstappen,0.15748129675810474,0.15775,0.347,7.3815,0.537,2
2024-23,leclerc,0.11309226932668329,0.11325,0.30825,8.00075,0.537,5
2024-23,piastri,0.1273067331670823,0.1275,0.31275,7.674,0.537,4
2024-23,russell,0.16346633416458853,0.16375,0.3330000000000001,7.68025,0.537,1
2024-23,gasly,0.012094763092269327,0.012,0.08374999999999999,11.1675,0.537,11
2024-23,sainz,0.07119700748129676,0.07125,0.24574999999999997,8.67875,0.537,7
2024-23,alonso,0.019825436408977555,0.01975,0.118,10.66325,0.537,8
2024-23,zhou,0.0028678304239401495,0.00275,0.03225,12.989,0.537,12
2024-23,kevin_magnussen,0.013092269326683292,0.013,0.1005,10.91525,0.537,10
2024-23,norris,0.1639650872817955,0.16425,0.36050000000000004,7.22825,0.537,3
2024-23,bottas,0.0026184538653366584,0.0025,0.031,13.0645,0.537,13
2024-23,hamilton,0.08192019950124688,0.082,0.25525000000000003,8.515,0.537,6
2024-23,tsunoda,0.005610972568578554,0.0055,0.0495,11.92825,0.537,14
2024-23,lawson,0.005610972568578554,0.0055,0.0435,12.121,0.537,17
2024-23,albon,0.004364089775561097,0.00425,0.04225,12.48225,0.537,16
2024-23,hulkenberg,0.00685785536159601,0.00675,0.05975,11.4545,0.537,18
2024-23,perez,0.039526184538653364,0.0395,0.17075,9.826,0.537,9
2024-23,stroll,0.004364089775561097,0.00425,0.047,12.2085,0.537,15
2024-23,colapinto,0.0006234413965087282,0.0005,0.022,13.32825,0.537,19
2024-23,ocon,0.004114713216957606,0.004,0.03725,12.69325,0.537,20
2024-24,norris,0.3360349127182045,0.33675,0.619,5.07625,0.49325,1
2024-24,sainz,0.15623441396508728,0.1565,0.44775,6.69975,0.49325,3
2024-24,leclerc,0.009850374064837904,0.00975,0.069,10.809,0.49325,19
2024-24,hamilton,0.007107231920199501,0.007,0.052000000000000005,10.96525,0.49325,16
2024-24,russell,0.0697007481296758,0.06975,0.28375,7.85325,0.49325,6
2024-24,max_verstappen,0.13703241895261845,0.13725,0.42125,6.83925,0.49325,4
2024-24,gasly,0.018827930174563592,0.01875,0.13225,9.614,0.49325,5
2024-24,hulkenberg,0.012094763092269327,0.012,0.09325,10.085,0.49325,7
2024-24,alonso,0.009850374064837904,0.00975,0.073,10.46425,0.49325,8
2024-24,piastri,0.21932668329177057,0.21975,0.5475,5.76575,0.49325,2
2024-24,albon,0.0003740648379052369,0.00025,0.00825,13.61375,0.49325,18
2024-24,tsunoda,0.0006234413965087282,0.0005,0.021249999999999998,12.4425,0.49325,11
2024-24,zhou,0.00012468827930174563,0.0,0.004,13.59275,0.49325,15
2024-24,stroll,0.002369077306733167,0.00225,0.0215,12.05875,0.49325,13
2024-24,doohan,0.0008728179551122195,0.00075,0.0165,12.59425,0.49325,17
2024-24,kevin_magnussen,0.0018703241895261845,0.00175,0.02525,11.94325,0.49325,14
2024-24,lawson,0.0008728179551122195,0.00075,0.018250000000000002,12.72675,0.49325,12
2024-24,bottas,0.001371571072319202,0.00125,0.0115,13.0275,0.49325,9
2024-24,colapinto,0.0006234413965087282,0.0005,0.0085,13.7795,0.49325,20
2024-24,perez,0.014837905236907731,0.01475,0.12625,10.04925,0.49325,10
2025-01,norris,0.3001246882793017,0.30075,0.519,6.3225,0.53975,1
2025-01,max_verstappen,0.1669576059850374,0.16725,0.4225,7.47775,0.53975,3
2025-01,russell,0.11234413965087282,0.1125,0.37025,7.79825,0.53975,4
2025-01,antonelli,0.004364089775561097,0.00425,0.0525,11.18425,0.53975,16
2025-01,albon,0.009351620947630923,0.00925,0.092,11.328,0.53975,6
2025-01,stroll,0.002369077306733167,0.00225,0.036750000000000005,11.61825,0.53975,13
2025-01,hulkenberg,0.0016209476309226932,0.0015,0.021249999999999998,12.3245,0.53975,17
2025-01,leclerc,0.07319201995012468,0.07325,0.28,8.45025,0.53975,7
2025-01,piastri,0.2295511221945137,0.23,0.47325000000000006,6.80575,0.53975,2
2025-01,hamilton,0.04625935162094763,0.04625,0.2255,9.1145,0.53975,8
2025-01,gasly,0.012593516209476309,0.0125,0.0995,10.7585,0.53975,9
2025-01,tsunoda,0.01059850374064838,0.0105,0.0905,10.99725,0.53975,5
2025-01,ocon,0.0011221945137157108,0.001,0.01925,12.33475,0.53975,19
2025-01,bearman,0.0018703241895261845,0.00175,0.0185,12.25675,0.53975,20
2025-01,lawson,0.0026184538653366584,0.0025,0.0345,11.57575,0.53975,18
2025-01,bortoleto,0.0016209476309226932,0.0015,0.02475,12.21575,0.53975,15
2025-01,alonso,0.005610972568578554,0.0055,0.06025,11.56575,0.53975,12
2025-01,sainz,0.012593516209476309,0.0125,0.0955,11.26,0.53975,10
2025-01,doohan,0.0018703241895261845,0.00175,0.02425,12.56325,0.53975,14
2025-01,hadjar,0.003366583541147132,0.00325,0.039999999999999994,12.04825,0.53975,11
2025-02,piastri,0.28790523690773073,0.2885,0.5619999999999999,5.48275,0.54175,1
2025-02,norris,0.2310473815461347,0.2315,0.5135,5.7955,0.54175,3
2025-02,russell,0.14850374064837907,0.14875,0.4275,6.7205,0.54175,2
2025-02,max_verstappen,0.12256857855361597,0.12275,0.36075,7.27525,0.54175,4
2025-02,ocon,0.003865336658354115,0.00375,0.0285,12.04275,0.54175,11
2025-02,antonelli,0.012842892768079803,0.01275,0.121,9.651,0.54175,8
2025-02,albon,0.005361596009975063,0.00525,0.0505,11.795,0.54175,10
2025-02,bearman,0.00012468827930174565,0.0,0.0095,13.1345,0.54175,17
2025-02,stroll,0.002618453865336659,0.0025,0.02975,11.9105,0.54175,14
2025-02,sainz,0.006109725685785537,0.006,0.0475,11.6865,0.54175,15
2025-02,hadjar,0.008354114713216959,0.00825,0.07550000000000001,11.45975,0.54175,7
2025-02,lawson,0.004613466334164589,0.0045,0.03175,11.98425,0.54175,20
2025-02,doohan,0.0006234413965087283,0.0005,0.01175,13.05875,0.54175,18
2025-02,bortoleto,0.00012468827930174565,0.0,0.0034999999999999996,14.45375,0.54175,19
2025-02,hulkenberg,0.003615960099750624,0.0035,0.03,11.937,0.54175,12
2025-02,tsunoda,0.004613466334164589,0.0045,0.05025,11.424,0.54175,9
2025-02,alonso,0.004862842892768081,0.00475,0.03924999999999999,11.81975,0.54175,13
2025-02,leclerc,0.07069825436408979,0.07075,0.28425,7.92575,0.54175,6
2025-02,hamilton,0.07967581047381547,0.07975,0.2945,8.08025,0.54175,5
2025-02,gasly,0.0018703241895261847,0.00175,0.028749999999999998,12.3625,0.54175,16
2025-03,max_verstappen,0.17094763092269327,0.17125,0.37600000000000006,7.496,0.522,1
2025-03,norris,0.2407730673316708,0.24125,0.4545,6.45675,0.522,2
2025-03,piastri,0.1981296758104738,0.1985,0.41775,6.86325,0.522,3
2025-03,leclerc,0.11807980049875312,0.11825,0.32825,7.85375,0.522,4
2025-03,russell,0.08665835411471322,0.08675,0.3095,7.88275,0.522,5
2025-03,antonelli,0.037281795511221946,0.03725,0.1885,9.1875,0.522,6
2025-03,hamilton,0.055236907730673315,0.05525,0.22499999999999998,8.686,0.522,8
2025-03,hadjar,0.014089775561097256,0.014,0.099,11.09375,0.522,7
2025-03,albon,0.009600997506234414,0.0095,0.07999999999999999,11.46625,0.522,9
2025-03,bearman,0.005361596009975062,0.00525,0.049,11.7315,0.522,10
2025-03,alonso,0.012344139650872818,0.01225,0.07200000000000001,11.2695,0.522,12
2025-03,tsunoda,0.013341645885286782,0.01325,0.087,10.80675,0.522,14
2025-03,gasly,0.012344139650872818,0.01225,0.078,11.1025,0.522,11
2025-03,sainz,0.010099750623441397,0.01,0.08249999999999999,11.26325,0.522,15
2025-03,doohan,0.0016209476309226932,0.0015,0.020999999999999998,12.663,0.522,19
2025-03,hulkenberg,0.003117206982543641,0.003,0.024,12.42375,0.522,16
2025-03,lawson,0.0038653366583541147,0.00375,0.03975,12.4095,0.522,13
2025-03,ocon,0.003117206982543641,0.003,0.0245,12.60625,0.522,18
2025-03,bortoleto,0.001371571072319202,0.00125,0.01625,13.977,0.522,17
2025-03,stroll,0.0026184538653366584,0.0025,0.0275,12.761,0.522,20
2025-04,piastri,0.2839152119700748,0.2845,0.5287499999999999,5.876,0.62275,1
2025-04,russell,0.13054862842892767,0.13075,0.37350000000000005,7.2855,0.62275,3
2025-04,norris,0.15049875311720698,0.15075,0.39375,6.769,0.62275,6
2025-04,leclerc,0.13802992518703242,0.13825,0.38575000000000004,7.19325,0.62275,2
2025-04,hamilton,0.05224438902743142,0.05225,0.1915,8.7345,0.62275,9
2025-04,max_verstappen,0.07668329177057356,0.07675,0.26175000000000004,8.23625,0.62275,7
2025-04,gasly,0.02680798004987531,0.02675,0.11975,10.02025,0.62275,4
2025-04,ocon,0.004364089775561097,0.00425,0.0295,12.49575,0.62275,14
2025-04,tsunoda,0.019576059850374066,0.0195,0.0945,10.36925,0.62275,10
2025-04,bearman,0.002119700748129676,0.002,0.019500000000000003,12.99925,0.62275,20
2025-04,antonelli,0.04725685785536159,0.04725,0.20950000000000002,8.47925,0.62275,5
2025-04,albon,0.004364089775561097,0.00425,0.037500000000000006,12.36475,0.62275,15
2025-04,hadjar,0.009351620947630923,0.00925,0.04925,11.58875,0.62275,12
2025-04,doohan,0.008354114713216957,0.00825,0.03925,12.17825,0.62275,11
2025-04,alonso,0.006359102244389027,0.00625,0.05425,11.64725,0.62275,13
2025-04,lawson,0.004364089775561097,0.00425,0.033,12.61925,0.62275,17
2025-04,stroll,0.005361596009975062,0.00525,0.02975,12.966,0.62275,19
2025-04,bortoleto,0.0016209476309226932,0.0015,0.011,14.18475,0.62275,18
2025-04,sainz,0.026059850374064837,0.026,0.11975,10.641,0.62275,8
2025-04,hulkenberg,0.002119700748129676,0.002,0.0185,13.35175,0.62275,16
2025-05,piastri,0.28042394014962596,0.281,0.51125,6.45,0.5425,2
2025-05,max_verstappen,0.207356608478803,0.20775,0.46950000000000003,7.0555,0.5425,1
2025-05,leclerc,0.13179551122194513,0.132,0.36650000000000005,7.65775,0.5425,4
2025-05,norris,0.05673316708229426,0.05675,0.2125,8.479,0.5425,10
2025-05,russell,0.14526184538653367,0.1455,0.39575,7.5055,0.5425,3
2025-05,antonelli,0.04551122194513716,0.0455,0.23249999999999998,8.69975,0.5425,5
2025-05,hamilton,0.05024937655860349,0.05025,0.233,8.68425,0.5425,7
2025-05,sainz,0.023566084788029924,0.0235,0.14400000000000002,10.14775,0.5425,6
2025-05,albon,0.002369077306733167,0.00225,0.043,11.68925,0.5425,11
2025-05,hadjar,0.0028678304239401495,0.00275,0.027749999999999997,12.16125,0.5425,14
2025-05,alonso,0.0028678304239401495,0.00275,0.035,11.6655,0.5425,13
2025-05,lawson,0.007107231920199501,0.007,0.037750000000000006,11.59975,0.5425,12
2025-05,bearman,0.0026184538653366584,0.0025,0.020749999999999998,12.10625,0.5425,15
2025-05,ocon,0.0026184538653366584,0.0025,0.01525,12.59225,0.5425,19
2025-05,hulkenberg,0.0016209476309226932,0.0015,0.01225,12.872,0.5425,18
2025-05,stroll,0.001371571072319202,0.00125,0.020749999999999998,12.38725,0.5425,16
2025-05,doohan,0.003117206982543641,0.003,0.01725,12.90125,0.5425,17
2025-05,bortoleto,0.0011221945137157108,0.001,0.00775,14.104,0.5425,20
2025-05,tsunoda,0.0185785536159601,0.0185,0.11649999999999999,10.37475,0.5425,8
2025-05,gasly,0.012842892768079801,0.01275,0.081,10.867,0.5425,9
2025-06,piastri,0.18366583541147133,0.184,0.48750000000000004,6.03625,0.5385,4
2025-06,norris,0.322069825436409,0.32275,0.6024999999999999,5.2915,0.5385,2
2025-06,russell,0.0816708229426434,0.08175,0.32775,7.36175,0.5385,5
2025-06,max_verstappen,0.2517456359102244,0.25225,0.55275,6.09175,0.5385,1
2025-06,albon,0.009600997506234414,0.0095,0.08275,10.3985,0.5385,7
2025-06,antonelli,0.06620947630922694,0.06625,0.34299999999999997,7.20175,0.5385,3
2025-06,leclerc,0.039526184538653364,0.0395,0.20425,8.39875,0.5385,8
2025-06,hamilton,0.011097256857855361,0.011,0.08449999999999999,10.06825,0.5385,12
2025-06,sainz,0.015336658354114713,0.01525,0.1275,9.704,0.5385,6
2025-06,tsunoda,0.008104738154613466,0.008,0.069,10.515,0.5385,10
2025-06,hadjar,0.0026184538653366584,0.0025,0.025500000000000002,11.66175,0.5385,11
2025-06,ocon,0.0036159600997506237,0.0035,0.0345,11.1995,0.5385,9
2025-06,gasly,0.0006234413965087282,0.0005,0.0062499999999999995,13.3045,0.5385,20
2025-06,hulkenberg,0.0006234413965087282,0.0005,0.00725,13.26775,0.5385,16
2025-06,alonso,0.0008728179551122195,0.00075,0.00975,12.65375,0.5385,17
2025-06,stroll,0.0003740648379052369,0.00025,0.006,12.992,0.5385,18
2025-06,lawson,0.0006234413965087282,0.0005,0.008749999999999999,12.953,0.5385,15
2025-06,bortoleto,0.00012468827930174563,0.0,0.0032500000000000003,14.314,0.5385,13
2025-06,bearman,0.0006234413965087282,0.0005,0.0072499999999999995,13.20375,0.5385,19
2025-06,doohan,0.0008728179551122195,0.00075,0.01,13.3825,0.5385,14
2025-07,max_verstappen,0.18665835411471324,0.187,0.44075,7.384,0.52425,2
2025-07,norris,0.18965087281795515,0.19,0.45025,6.851,0.52425,4
2025-07,piastri,0.3302992518703242,0.331,0.55875,6.06075,0.52425,1
2025-07,hamilton,0.02007481296758105,0.02,0.11324999999999999,10.073,0.52425,12
2025-07,albon,0.017581047381546137,0.0175,0.1255,10.469,0.52425,7
2025-07,leclerc,0.02581047381546135,0.02575,0.14775,9.794,0.52425,11
2025-07,russell,0.13304239401496262,0.13325,0.3995,7.5905,0.52425,3
2025-07,sainz,0.032294264339152126,0.03225,0.1835,10.01275,0.52425,6
2025-07,hadjar,0.0051122194513715715,0.005,0.065,11.2135,0.52425,9
2025-07,tsunoda,0.004613466334164589,0.0045,0.037,11.74925,0.52425,20
2025-07,alonso,0.016832917705735664,0.01675,0.12875,10.22125,0.52425,5
2025-07,hulkenberg,0.001122194513715711,0.001,0.01875,12.48875,0.52425,17
2025-07,gasly,0.008104738154613468,0.008,0.07425000000000001,11.2215,0.52425,10
2025-07,lawson,0.00286783042394015,0.00275,0.026000000000000002,12.376,0.52425,15
2025-07,stroll,0.008354114713216959,0.00825,0.07350000000000001,10.9985,0.52425,8
2025-07,colapinto,0.0023690773067331673,0.00225,0.027249999999999996,12.225,0.52425,16
2025-07,bearman,0.0021197007481296762,0.002,0.019,12.56225,0.52425,19
2025-07,bortoleto,0.0008728179551122196,0.00075,0.012750000000000001,13.32725,0.52425,14
2025-07,antonelli,0.01034912718204489,0.01025,0.07925,10.77075,0.52425,13
2025-07,ocon,0.0018703241895261847,0.00175,0.01925,12.611,0.52425,18
2025-08,norris,0.3340399002493766,0.33475,0.5922499999999999,5.63275,0.5015,1
2025-08,leclerc,0.16521197007481297,0.1655,0.457,6.88725,0.5015,2
2025-08,piastri,0.2407730673316708,0.24125,0.5247499999999999,6.07225,0.5015,3
2025-08,max_verstappen,0.12481296758104739,0.125,0.39925,7.50075,0.5015,4
2025-08,hamilton,0.04950124688279302,0.0495,0.246,8.43675,0.5015,7
2025-08,hadjar,0.013092269326683292,0.013,0.10025,10.42275,0.5015,5
2025-08,ocon,0.006359102244389027,0.00625,0.069,11.03225,0.5015,8
2025-08,lawson,0.003117206982543641,0.003,0.0505,11.43925,0.5015,9
2025-08,albon,0.009351620947630923,0.00925,0.07625,10.95425,0.5015,10
2025-08,sainz,0.011596009975062344,0.0115,0.08474999999999999,10.8745,0.5015,11
2025-08,russell,0.011845386533665835,0.01175,0.0905,10.31175,0.5015,14
2025-08,bearman,0.001371571072319202,0.00125,0.0185,12.45525,0.5015,20
2025-08,colapinto,0.0008728179551122195,0.00075,0.014499999999999999,12.771,0.5015,18
2025-08,bortoleto,0.0006234413965087282,0.0005,0.006999999999999999,13.7705,0.5015,16
2025-08,stroll,0.0008728179551122195,0.00075,0.010249999999999999,12.93325,0.5015,19
2025-08,hulkenberg,0.0016209476309226932,0.0015,0.022,12.305,0.5015,13
2025-08,tsunoda,0.007855361596009976,0.00775,0.08,10.93125,0.5015,12
2025-08,antonelli,0.005112219451371571,0.005,0.04775,11.47825,0.5015,15
2025-08,alonso,0.009850374064837904,0.00975,0.08625,11.0065,0.5015,6
2025-08,gasly,0.002119700748129676,0.002,0.02325,12.7845,0.5015,17
2025-09,piastri,0.36226462152388084,0.363,0.6475000000000001,4.891,0.42075,1
2025-09,norris,0.3081431599950119,0.30875,0.61825,5.00875,0.42075,2
2025-09,leclerc,0.055493203641351796,0.0555,0.27049999999999996,7.4185,0.42075,7
2025-09,russell,0.041775782516523266,0.04175,0.22949999999999998,7.73975,0.42075,4
2025-09,hulkenberg,0.0006235191420376607,0.0005,0.009250000000000001,12.99475,0.42075,15
2025-09,hamilton,0.07594463150018707,0.076,0.34375,6.89125,0.42075,5
2025-09,hadjar,0.004614041651078689,0.0045,0.05475000000000001,10.262,0.42075,9
2025-09,gasly,0.006110487591969074,0.006,0.051,10.67175,0.42075,8
2025-09,alonso,0.0026187803965581746,0.0025,0.0445,11.0025,0.42075,10
2025-09,max_verstappen,0.11709689487467266,0.11725,0.43825,6.40075,0.42075,3
2025-09,lawson,0.0013717421124828533,0.00125,0.02275,11.9365,0.42075,13
2025-09,bortoleto,0.00012470382840753215,0.0,0.01175,12.85125,0.42075,12
2025-09,tsunoda,0.0018705574261129818,0.00175,0.0215,11.8095,0.42075,19
2025-09,sainz,0.002868188053373239,0.00275,0.025500000000000002,11.788,0.42075,17
2025-09,colapinto,0.00037411148522259637,0.00025,0.009500000000000001,13.15925,0.42075,18
2025-09,ocon,0.0006235191420376607,0.0005,0.017750000000000002,12.4975,0.42075,16
2025-09,bearman,0.0021199650829280465,0.002,0.0215,12.1915,0.42075,14
2025-09,antonelli,0.013343309639605937,0.01325,0.11599999999999999,9.23175,0.42075,6
2025-09,albon,0.0026187803965581746,0.0025,0.0465,11.25375,0.42075,11
2025-10,russell,0.12331670822942643,0.1235,0.39525,6.98125,0.5435,1
2025-10,max_verstappen,0.20311720698254365,0.2035,0.48700000000000004,6.246,0.5435,2
2025-10,antonelli,0.035785536159601,0.03575,0.206,8.8615,0.5435,4
2025-10,piastri,0.3046134663341646,0.30525,0.5705,5.4185,0.5435,3
2025-10,leclerc,0.06496259351620948,0.065,0.25975,7.9755,0.5435,8
2025-10,hamilton,0.09713216957605986,0.09725,0.3415,7.3745,0.5435,5
2025-10,alonso,0.00860349127182045,0.0085,0.079,10.47025,0.5435,6
2025-10,hulkenberg,0.001371571072319202,0.00125,0.014249999999999999,12.6045,0.5435,11
2025-10,ocon,0.0011221945137157108,0.001,0.016,12.593,0.5435,14
2025-10,sainz,0.002119700748129676,0.002,0.02175,12.2615,0.5435,16
2025-10,bearman,0.003366583541147132,0.00325,0.019999999999999997,12.37975,0.5435,13
2025-10,tsunoda,0.0028678304239401495,0.00275,0.03225,11.77675,0.5435,18
2025-10,colapinto,0.0016209476309226932,0.0015,0.0215,12.53125,0.5435,10
2025-10,bortoleto,0.0006234413965087282,0.0005,0.00675,13.4655,0.5435,15
2025-10,gasly,0.0011221945137157108,0.001,0.00775,13.1395,0.5435,20
2025-10,hadjar,0.0011221945137157108,0.001,0.03975,11.1935,0.5435,12
2025-10,stroll,0.0006234413965087282,0.0005,0.009,13.36975,0.5435,17
2025-10,norris,0.1385286783042394,0.13875,0.39575000000000005,6.77275,0.5435,7
2025-10,lawson,0.0011221945137157108,0.001,0.012750000000000001,13.2535,0.5435,19
2025-10,albon,0.00685785536159601,0.00675,0.0635,11.33125,0.5435,9
2025-11,norris,0.3470074812967581,0.34775,0.58925,5.58625,0.43875,1
2025-11,piastri,0.2355361596009975,0.236,0.524,6.168,0.43875,3
2025-11,leclerc,0.17443890274314214,0.17475,0.479,6.602,0.43875,2
2025-11,hamilton,0.0986284289276808,0.09875,0.35775,7.60725,0.43875,4
2025-11,russell,0.0529925187032419,0.053,0.27825,8.2165,0.43875,5
2025-11,lawson,0.00885286783042394,0.00875,0.0745,10.9055,0.43875,6
2025-11,alonso,0.0036159600997506237,0.0035,0.04375,11.3805,0.43875,11
2025-11,bortoleto,0.002119700748129676,0.002,0.03625,11.905,0.43875,8
2025-11,hulkenberg,0.0003740648379052369,0.00025,0.00625,13.089,0.43875,20
2025-11,ocon,0.0006234413965087282,0.0005,0.01475,12.54275,0.43875,17
2025-11,bearman,0.0011221945137157108,0.001,0.015,12.208,0.43875,15
2025-11,hadjar,0.0036159600997506237,0.0035,0.03725,11.65575,0.43875,13
2025-11,gasly,0.003117206982543641,0.003,0.04425,11.60475,0.43875,10
2025-11,stroll,0.0016209476309226932,0.0015,0.017,12.34175,0.43875,16
2025-11,colapinto,0.0003740648379052369,0.00025,0.01575,12.686,0.43875,14
2025-11,tsunoda,0.001371571072319202,0.00125,0.02975,11.592,0.43875,18
2025-11,albon,0.004114713216957606,0.004,0.03875,12.27,0.43875,12
2025-11,max_verstappen,0.045012468827930176,0.045,0.25375000000000003,8.5615,0.43875,7
2025-11,antonelli,0.014339152119700748,0.01425,0.12175,10.29825,0.43875,9
2025-11,sainz,0.0011221945137157108,0.001,0.023,12.77925,0.43875,19
2025-12,norris,0.23802992518703242,0.2385,0.49999999999999994,6.2025,0.74975,3
2025-12,piastri,0.2677057356608479,0.26825,0.5195,6.05675,0.74975,2
2025-12,hulkenberg,0.0008728179551122195,0.00075,0.01575,12.7245,0.74975,19
2025-12,hamilton,0.08391521197007482,0.084,0.3185,7.789,0.74975,5
2025-12,max_verstappen,0.16246882793017456,0.16275,0.4045,7.281,0.74975,1
2025-12,gasly,0.007107231920199501,0.007,0.057999999999999996,11.47775,0.74975,8
2025-12,stroll,0.001371571072319202,0.00125,0.021,12.46525,0.74975,17
2025-12,albon,0.00486284289276808,0.00475,0.0495,11.80925,0.74975,13
2025-12,alonso,0.011346633416458854,0.01125,0.08474999999999999,10.79125,0.74975,7
2025-12,russell,0.07518703241895262,0.07525,0.2995,8.26525,0.74975,4
2025-12,bearman,0.0026184538653366584,0.0025,0.0205,12.32925,0.74975,18
2025-12,sainz,0.012842892768079801,0.01275,0.083,10.96525,0.74975,9
2025-12,ocon,0.0028678304239401495,0.00275,0.0315,11.99575,0.74975,14
2025-12,leclerc,0.09887780548628429,0.099,0.32175,7.6505,0.74975,6
2025-12,tsunoda,0.006359102244389027,0.00625,0.06525,10.77875,0.74975,11
2025-12,antonelli,0.015835411471321694,0.01575,0.1105,10.07075,0.74975,10
2025-12,hadjar,0.004114713216957606,0.004,0.0445,12.03625,0.74975,12
2025-12,bortoleto,0.0011221945137157108,0.001,0.01675,12.87,0.74975,16
2025-12,lawson,0.002119700748129676,0.002,0.026000000000000002,12.75275,0.74975,15
2025-12,colapinto,0.0003740648379052369,0.00025,0.00925,13.68825,0.74975,20
2025-13,piastri,0.3250623441396508,0.32575,0.6265,5.0465,0.657,2
2025-13,norris,0.36471321695760595,0.3655,0.64475,4.9695,0.657,1
2025-13,leclerc,0.12780548628428925,0.128,0.4425,6.5045,0.657,3
2025-13,max_verstappen,0.06695760598503739,0.067,0.333,7.56425,0.657,4
2025-13,russell,0.03478802992518702,0.03475,0.22025,8.5385,0.657,6
2025-13,albon,0.018079800498753115,0.018,0.12725,10.182,0.657,5
2025-13,hamilton,0.011845386533665831,0.01175,0.0865,10.18175,0.657,18
2025-13,lawson,0.004364089775561096,0.00425,0.04775,11.822,0.657,9
2025-13,bortoleto,0.003615960099750623,0.0035,0.039,11.942,0.657,10
2025-13,gasly,0.0021197007481296754,0.002,0.027000000000000003,12.256,0.657,13
2025-13,bearman,0.004364089775561096,0.00425,0.035500000000000004,11.7735,0.657,12
2025-13,hulkenberg,0.001870324189526184,0.00175,0.034999999999999996,12.04,0.657,14
2025-13,tsunoda,0.010847880299251869,0.01075,0.0965,10.2895,0.657,7
2025-13,stroll,0.001870324189526184,0.00175,0.0215,12.6325,0.657,16
2025-13,ocon,0.003865336658354114,0.00375,0.036750000000000005,11.66475,0.657,11
2025-13,antonelli,0.005361596009975061,0.00525,0.04375,11.724,0.657,19
2025-13,alonso,0.0023690773067331665,0.00225,0.017249999999999998,12.95375,0.657,20
2025-13,sainz,0.0016209476309226927,0.0015,0.028999999999999998,12.742,0.657,17
2025-13,colapinto,0.0016209476309226927,0.0015,0.018250000000000002,13.5575,0.657,15
2025-13,hadjar,0.006857855361596008,0.00675,0.07200000000000001,11.6155,0.657,8
2025-14,norris,0.28940149625935163,0.29,0.57075,5.597,0.14525,3
2025-14,piastri,0.3387780548628429,0.3395,0.59875,5.4035,0.14525,2
2025-14,russell,0.06571072319201995,0.06575,0.29650000000000004,8.139,0.14525,4
2025-14,leclerc,0.18615960099750622,0.1865,0.50175,6.3305,0.14525,1
2025-14,alonso,0.013840399002493765,0.01375,0.11324999999999999,10.238,0.14525,5
2025-14,bortoleto,0.005860349127182045,0.00575,0.06925,11.14025,0.14525,7
2025-14,stroll,0.00910224438902743,0.009,0.08424999999999999,10.6825,0.14525,6
2025-14,lawson,0.003117206982543641,0.003,0.05425,11.81775,0.14525,9
2025-14,max_verstappen,0.033042394014962596,0.033,0.2015,8.8845,0.14525,8
2025-14,antonelli,0.00486284289276808,0.00475,0.0685,11.258,0.14525,15
2025-14,hadjar,0.004364089775561097,0.00425,0.047,11.73075,0.14525,10
2025-14,hamilton,0.026558603491271822,0.0265,0.161,9.252,0.14525,12
2025-14,hulkenberg,0.002369077306733167,0.00225,0.02325,12.37875,0.14525,18
2025-14,sainz,0.005112219451371571,0.005,0.04975,11.70125,0.14525,13
2025-14,albon,0.0018703241895261845,0.00175,0.025,12.3395,0.14525,19
2025-14,ocon,0.0011221945137157108,0.001,0.0215,12.32825,0.14525,17
2025-14,tsunoda,0.0026184538653366584,0.0025,0.031,12.558,0.14525,20
2025-14,colapinto,0.0018703241895261845,0.00175,0.0185,13.286,0.14525,14
2025-14,gasly,0.0006234413965087282,0.0005,0.02175,12.9995,0.14525,16
2025-14,bearman,0.0036159600997506237,0.0035,0.0425,11.935,0.14525,11
2025-15,piastri,0.321571072319202,0.32225,0.50625,6.259,0.51875,1
2025-15,max_verstappen,0.10486284289276808,0.105,0.2905,8.733,0.51875,3
2025-15,hadjar,0.027556109725685785,0.0275,0.15849999999999997,10.511,0.51875,4
2025-15,russell,0.06521197007481297,0.06525,0.24575000000000002,9.1845,0.51875,5
2025-15,albon,0.005860349127182045,0.00575,0.0545,11.68975,0.51875,15
2025-15,bearman,0.0018703241895261845,0.00175,0.027999999999999997,12.3065,0.51875,20
2025-15,stroll,0.0016209476309226932,0.0015,0.03225,11.9105,0.51875,19
2025-15,alonso,0.017830423940149626,0.01775,0.10075,10.853,0.51875,10
2025-15,tsunoda,0.00885286783042394,0.00875,0.07250000000000001,11.10275,0.51875,12
2025-15,ocon,0.0016209476309226932,0.0015,0.02775,12.094,0.51875,18
2025-15,colapinto,0.0018703241895261845,0.00175,0.0295,12.27375,0.51875,16
2025-15,lawson,0.012593516209476309,0.0125,0.1,11.17525,0.51875,8
2025-15,sainz,0.013840399002493765,0.01375,0.10925,10.95425,0.51875,9
2025-15,hulkenberg,0.003366583541147132,0.00325,0.04625,11.73375,0.51875,17
2025-15,bortoleto,0.005860349127182045,0.00575,0.065,11.44325,0.51875,13
2025-15,antonelli,0.014339152119700748,0.01425,0.11074999999999999,10.58825,0.51875,11
2025-15,gasly,0.0036159600997506237,0.0035,0.046,12.20275,0.51875,14
2025-15,norris,0.26346633416458853,0.264,0.46950000000000003,6.81225,0.51875,2
2025-15,leclerc,0.07094763092269327,0.071,0.27075,8.89,0.51875,6
2025-15,hamilton,0.05324189526184538,0.05325,0.23625,9.2825,0.51875,7
2025-16,max_verstappen,0.14501246882793017,0.14525,0.423,7.15475,0.58025,1
2025-16,norris,0.32506234413965085,0.32575,0.5630000000000001,5.83,0.58025,2
2025-16,piastri,0.2619700748129676,0.2625,0.5235,6.07375,0.58025,3
2025-16,leclerc,0.10112219451371571,0.10125,0.35325,7.77075,0.58025,4
2025-16,russell,0.06321695760598504,0.06325,0.285,8.322,0.58025,5
2025-16,hamilton,0.018827930174563592,0.01875,0.136,9.78725,0.58025,10
2025-16,albon,0.004114713216957606,0.004,0.04325,11.70725,0.58025,14
2025-16,bortoleto,0.00860349127182045,0.0085,0.08474999999999999,10.68825,0.58025,7
2025-16,antonelli,0.032793017456359104,0.03275,0.197,9.42225,0.58025,6
2025-16,hadjar,0.0018703241895261845,0.00175,0.021249999999999998,12.5255,0.58025,19
2025-16,sainz,0.003117206982543641,0.003,0.0445,11.6475,0.58025,13
2025-16,bearman,0.0038653366583541147,0.00375,0.04025,11.71425,0.58025,11
2025-16,tsunoda,0.00885286783042394,0.00875,0.075,10.568,0.58025,9
2025-16,lawson,0.001371571072319202,0.00125,0.023,12.64175,0.58025,18
2025-16,ocon,0.0016209476309226932,0.0015,0.0145,12.48925,0.58025,15
2025-16,gasly,0.0003740648379052369,0.00025,0.00925,13.07375,0.58025,20
2025-16,colapinto,0.001371571072319202,0.00125,0.01475,13.33525,0.58025,17
2025-16,stroll,0.0008728179551122195,0.00075,0.01975,12.51325,0.58025,16
2025-16,alonso,0.013341645885286782,0.01325,0.09075,10.79075,0.58025,8
2025-16,hulkenberg,0.0026184538653366584,0.0025,0.03825,11.9445,0.58025,12
2025-17,max_verstappen,0.20860349127182046,0.209,0.4375,7.17975,0.49525,1
2025-17,russell,0.0871571072319202,0.08725,0.2905,8.544,0.49525,5
2025-17,sainz,0.058728179551122195,0.05875,0.21750000000000003,9.41325,0.49525,2
2025-17,antonelli,0.07394014962593516,0.074,0.263,8.91175,0.49525,4
2025-17,lawson,0.03329177057356608,0.03325,0.157,10.10975,0.49525,3
2025-17,tsunoda,0.02032418952618454,0.02025,0.12675,10.239,0.49525,6
2025-17,norris,0.19389027431421446,0.19425,0.40325,7.317,0.49525,7
2025-17,hamilton,0.03503740648379052,0.035,0.1395,9.93475,0.49525,12
2025-17,leclerc,0.06770573566084788,0.06775,0.21375,9.03825,0.49525,10
2025-17,hadjar,0.021571072319201995,0.0215,0.0975,10.62325,0.49525,8
2025-17,bortoleto,0.0046134663341645885,0.0045,0.041499999999999995,11.7715,0.49525,13
2025-17,bearman,0.003366583541147132,0.00325,0.032,12.1285,0.49525,15
2025-17,albon,0.004114713216957606,0.004,0.03225,12.20275,0.49525,19
2025-17,ocon,0.003117206982543641,0.003,0.015,12.896,0.49525,20
2025-17,alonso,0.012842892768079801,0.01275,0.07,11.12125,0.49525,11
2025-17,hulkenberg,0.004114713216957606,0.004,0.0235,12.2515,0.49525,17
2025-17,stroll,0.0046134663341645885,0.0045,0.03775,12.10475,0.49525,14
2025-17,gasly,0.0028678304239401495,0.00275,0.0195,13.15025,0.49525,18
2025-17,colapinto,0.0016209476309226932,0.0015,0.0195,13.185,0.49525,16
2025-17,piastri,0.1584788029925187,0.15875,0.36275,7.87775,0.49525,9
2025-18,russell,0.18765586034912718,0.188,0.467,6.8215,0.53475,1
2025-18,max_verstappen,0.178927680798005,0.17925,0.46375,6.76625,0.53475,2
2025-18,norris,0.15598503740648378,0.15625,0.40925,7.02475,0.53475,5
2025-18,piastri,0.2699501246882793,0.2705,0.51725,6.33675,0.53475,3
2025-18,antonelli,0.06870324189526185,0.06875,0.28425,8.4005,0.53475,4
2025-18,leclerc,0.05124688279301746,0.05125,0.23,8.616,0.53475,7
2025-18,alonso,0.004114713216957606,0.004,0.05275,11.05175,0.53475,10
2025-18,hamilton,0.055236907730673315,0.05525,0.2525,8.38775,0.53475,6
2025-18,bearman,0.002369077306733167,0.00225,0.038,11.2295,0.53475,9
2025-18,sainz,0.0011221945137157108,0.001,0.015,12.422,0.53475,18
2025-18,hadjar,0.011596009975062344,0.0115,0.09325,10.1285,0.53475,8
2025-18,tsunoda,0.0036159600997506237,0.0035,0.038,11.369,0.53475,13
2025-18,stroll,0.0008728179551122195,0.00075,0.0175,12.385,0.53475,15
2025-18,albon,0.0003740648379052369,0.00025,0.0125,12.7625,0.53475,20
2025-18,lawson,0.003366583541147132,0.00325,0.0345,11.458,0.53475,12
2025-18,colapinto,0.00012468827930174563,0.0,0.0075,13.2445,0.53475,16
2025-18,bortoleto,0.0008728179551122195,0.00075,0.0195,12.43675,0.53475,14
2025-18,ocon,0.0011221945137157108,0.001,0.0095,13.3215,0.53475,17
2025-18,gasly,0.0006234413965087282,0.0005,0.0034999999999999996,13.9655,0.53475,19
2025-18,hulkenberg,0.002119700748129676,0.002,0.0345,11.872,0.53475,11
2025-19,max_verstappen,0.18067331670822945,0.181,0.47925,6.00125,0.31675,1
2025-19,norris,0.3135910224438903,0.31425,0.5772499999999999,5.46225,0.31675,2
2025-19,leclerc,0.1307980049875312,0.131,0.4085,6.49125,0.31675,3
2025-19,hamilton,0.06995012468827931,0.07,0.28425,7.50425,0.31675,5
2025-19,piastri,0.14301745635910226,0.14325,0.40775,6.452,0.31675,6
2025-19,russell,0.10012468827930177,0.10025,0.34925,7.0995,0.31675,4
2025-19,tsunoda,0.0031172069825436415,0.003,0.042249999999999996,11.33175,0.31675,13
2025-19,hulkenberg,0.0023690773067331673,0.00225,0.02425,11.92525,0.31675,11
2025-19,bearman,0.004364089775561098,0.00425,0.047,11.21075,0.31675,8
2025-19,alonso,0.004364089775561098,0.00425,0.04375,11.12225,0.31675,10
2025-19,lawson,0.0023690773067331673,0.00225,0.02725,11.83075,0.31675,12
2025-19,stroll,0.0008728179551122196,0.00075,0.00825,13.312,0.31675,19
2025-19,antonelli,0.032294264339152126,0.03225,0.17725000000000002,8.66625,0.31675,7
2025-19,albon,0.0021197007481296762,0.002,0.01525,12.79475,0.31675,18
2025-19,ocon,0.00037406483790523696,0.00025,0.0035,13.723,0.31675,17
2025-19,hadjar,0.0008728179551122196,0.00075,0.010499999999999999,13.0165,0.31675,20
2025-19,colapinto,0.0006234413965087283,0.0005,0.0055,14.15875,0.31675,15
2025-19,bortoleto,0.0008728179551122196,0.00075,0.01225,13.324,0.31675,16
2025-19,gasly,0.00012468827930174565,0.0,0.009,13.66825,0.31675,14
2025-19,sainz,0.007107231920199502,0.007,0.06775,10.90525,0.31675,9
2025-20,norris,0.3632169576059851,0.364,0.5882499999999999,5.6515,0.48375,1
2025-20,leclerc,0.17493765586034915,0.17525,0.4674999999999999,6.72125,0.48375,2
2025-20,max_verstappen,0.08516209476309228,0.08525,0.33,7.61175,0.48375,5
2025-20,bearman,0.004364089775561098,0.00425,0.041999999999999996,11.2845,0.48375,9
2025-20,piastri,0.07917705735660849,0.07925,0.30974999999999997,7.6775,0.48375,7
2025-20,antonelli,0.046009975062344145,0.046,0.22125,8.727,0.48375,6
2025-20,russell,0.09688279301745638,0.097,0.35824999999999996,7.4785,0.48375,4
2025-20,hamilton,0.12206982543640899,0.12225,0.39075,7.28775,0.48375,3
2025-20,ocon,0.0006234413965087283,0.0005,0.018250000000000002,12.08825,0.48375,11
2025-20,bortoleto,0.00037406483790523696,0.00025,0.010499999999999999,12.7255,0.48375,16
2025-20,tsunoda,0.006359102244389028,0.00625,0.06525,10.5205,0.48375,10
2025-20,albon,0.0013715710723192023,0.00125,0.015,12.535,0.48375,17
2025-20,hadjar,0.008603491271820451,0.0085,0.06775,10.46925,0.48375,8
2025-20,stroll,0.0006234413965087283,0.0005,0.00875,13.0545,0.48375,19
2025-20,gasly,0.001122194513715711,0.001,0.00725,13.58425,0.48375,18
2025-20,colapinto,0.00012468827930174565,0.0,0.0045,13.879,0.48375,20
2025-20,sainz,0.004364089775561098,0.00425,0.036,11.7565,0.48375,12
2025-20,alonso,0.00286783042394015,0.00275,0.022,12.177,0.48375,14
2025-20,hulkenberg,0.0008728179551122196,0.00075,0.01825,12.24375,0.48375,13
2025-20,lawson,0.0008728179551122196,0.00075,0.01875,12.52675,0.48375,15
2025-21,norris,0.2894014962593517,0.29,0.48749999999999993,6.6455,0.84175,1
2025-21,antonelli,0.12331670822942645,0.1235,0.3195,8.40075,0.84175,2
2025-21,max_verstappen,0.01832917705735661,0.01825,0.10924999999999999,10.1895,0.84175,19
2025-21,russell,0.08092269326683293,0.081,0.27375,8.65675,0.84175,6
2025-21,piastri,0.17768079800498757,0.178,0.3905,7.44925,0.84175,4
2025-21,bearman,0.015586034912718207,0.0155,0.10275000000000001,10.6975,0.84175,8
2025-21,lawson,0.01832917705735661,0.01825,0.10025,11.17025,0.84175,7
2025-21,hadjar,0.024812967581047386,0.02475,0.127,10.5205,0.84175,5
2025-21,hulkenberg,0.0073566084788029935,0.00725,0.06825,11.39175,0.84175,10
2025-21,gasly,0.0073566084788029935,0.00725,0.04325,12.27975,0.84175,9
2025-21,albon,0.010598503740648382,0.0105,0.08225,11.2055,0.84175,12
2025-21,ocon,0.003865336658354115,0.00375,0.03975,12.0815,0.84175,20
2025-21,sainz,0.009102244389027432,0.009,0.069,11.4815,0.84175,15
2025-21,alonso,0.013591022443890276,0.0135,0.082,11.2625,0.84175,11
2025-21,colapinto,0.001122194513715711,0.001,0.026750000000000003,13.06375,0.84175,16
2025-21,stroll,0.009351620947630925,0.00925,0.06675,11.41025,0.84175,14
2025-21,tsunoda,0.011845386533665837,0.01175,0.07225000000000001,11.48125,0.84175,17
2025-21,hamilton,0.03503740648379053,0.035,0.1455,9.92975,0.84175,13
2025-21,leclerc,0.13877805486284292,0.139,0.35250000000000004,8.27,0.84175,3
2025-21,bortoleto,0.003615960099750624,0.0035,0.041249999999999995,12.4125,0.84175,18
2025-22,max_verstappen,0.19364089775561097,0.194,0.481,6.01,0.528,2
2025-22,russell,0.12107231920199502,0.12125,0.3635,6.89875,0.528,4
2025-22,antonelli,0.008104738154613466,0.008,0.05975,11.412,0.528,17
2025-22,leclerc,0.04201995012468828,0.042,0.18225000000000002,9.0225,0.528,9
2025-22,sainz,0.05024937655860349,0.05025,0.20525,8.59825,0.528,3
2025-22,hadjar,0.01658354114713217,0.0165,0.08975,10.4085,0.528,8
2025-22,hulkenberg,0.006109725685785536,0.006,0.045,12.12775,0.528,11
2025-22,hamilton,0.00885286783042394,0.00875,0.052500000000000005,11.7445,0.528,19
2025-22,ocon,0.004364089775561097,0.00425,0.03375,12.23475,0.528,13
2025-22,bearman,0.0038653366583541147,0.00375,0.042499999999999996,11.88575,0.528,14
2025-22,alonso,0.021072319201995014,0.021,0.11425,9.8795,0.528,7
2025-22,tsunoda,0.004114713216957606,0.004,0.028499999999999998,12.4985,0.528,20
2025-22,gasly,0.005112219451371571,0.005,0.036000000000000004,12.311,0.528,10
2025-22,lawson,0.01907730673316708,0.019,0.10999999999999999,10.18425,0.528,6
2025-22,colapinto,0.0018703241895261845,0.00175,0.0145,13.5685,0.528,15
2025-22,albon,0.004114713216957606,0.004,0.03075,12.7565,0.528,16
2025-22,bortoleto,0.002119700748129676,0.002,0.013000000000000001,14.2035,0.528,18
2025-22,stroll,0.0046134663341645885,0.0045,0.052250000000000005,11.9325,0.528,12
2025-22,norris,0.32356608478802995,0.32425,0.60875,5.664,0.528,1
2025-22,piastri,0.15947630922693268,0.15975,0.43674999999999997,6.659,0.528,5
2025-23,max_verstappen,0.13029925187032418,0.1305,0.293,7.767,0.508,3
2025-23,piastri,0.19912718204488777,0.1995,0.36450000000000005,7.2655,0.508,1
2025-23,sainz,0.04551122194513716,0.0455,0.16075,10.53725,0.508,7
2025-23,norris,0.17768079800498754,0.178,0.33075,7.53475,0.508,2
2025-23,antonelli,0.08615960099750623,0.08625,0.23174999999999998,8.848,0.508,5
2025-23,russell,0.10536159600997506,0.1055,0.26075000000000004,8.31775,0.508,4
2025-23,alonso,0.026059850374064837,0.026,0.123,10.89125,0.508,8
2025-23,leclerc,0.04201995012468828,0.042,0.17175,9.6875,0.508,10
2025-23,lawson,0.017331670822942645,0.01725,0.096,11.482,0.508,12
2025-23,tsunoda,0.017082294264339153,0.017,0.10575000000000001,10.8295,0.508,15
2025-23,albon,0.015835411471321694,0.01575,0.0935,11.46,0.508,14
2025-23,hamilton,0.02057356608478803,0.0205,0.10675,10.52975,0.508,17
2025-23,bortoleto,0.00685785536159601,0.00675,0.0595,12.30625,0.508,19
2025-23,colapinto,0.0046134663341645885,0.0045,0.03575,12.8445,0.508,20
2025-23,ocon,0.008104738154613466,0.008,0.067,11.728,0.508,16
2025-23,gasly,0.013591022443890275,0.0135,0.08349999999999999,11.86425,0.508,9
2025-23,stroll,0.00860349127182045,0.0085,0.0645,12.33675,0.508,18
2025-23,hadjar,0.04027431421446384,0.04025,0.154,10.603,0.508,6
2025-23,bearman,0.018827930174563592,0.01875,0.10024999999999999,11.37175,0.508,13
2025-23,hulkenberg,0.016084788029925186,0.016,0.09725,11.79525,0.508,11
2025-24,max_verstappen,0.24226932668329176,0.24275,0.542,5.94,0.42075,1
2025-24,piastri,0.23453865336658355,0.235,0.5267499999999999,6.14875,0.42075,3
2025-24,norris,0.3023690773067332,0.303,0.5700000000000001,5.8315,0.42075,2
2025-24,leclerc,0.05498753117206982,0.055,0.278,8.399,0.42075,5
2025-24,russell,0.0899002493765586,0.09,0.351,7.4425,0.42075,4
2025-24,alonso,0.013591022443890275,0.0135,0.10999999999999999,10.25675,0.42075,6
2025-24,ocon,0.006359102244389027,0.00625,0.06275,10.8405,0.42075,8
2025-24,hamilton,0.003117206982543641,0.003,0.049,11.408,0.42075,16
2025-24,hulkenberg,0.001371571072319202,0.00125,0.013250000000000001,12.98125,0.42075,18
2025-24,stroll,0.0036159600997506237,0.0035,0.026250000000000002,12.34275,0.42075,15
2025-24,bortoleto,0.005610972568578554,0.0055,0.049,11.40725,0.42075,7
2025-24,bearman,0.0046134663341645885,0.0045,0.051750000000000004,11.2415,0.42075,11
2025-24,sainz,0.005860349127182045,0.00575,0.0575,11.247,0.42075,12
2025-24,tsunoda,0.009351620947630923,0.00925,0.08825,10.2665,0.42075,10
2025-24,antonelli,0.011346633416458854,0.01125,0.08424999999999999,10.464,0.42075,14
2025-24,albon,0.002119700748129676,0.002,0.02025,12.29475,0.42075,17
2025-24,hadjar,0.005860349127182045,0.00575,0.07425,11.153,0.42075,9
2025-24,lawson,0.0018703241895261845,0.00175,0.032,12.29425,0.42075,13
2025-24,gasly,0.0006234413965087282,0.0005,0.009000000000000001,13.8735,0.42075,19
2025-24,colapinto,0.0006234413965087282,0.0005,0.00475,14.16725,0.42075,20
2026-01,russell,0.18212415856394915,0.1825,0.37,8.4955,0.68475,1
2026-01,antonelli,0.1494639740713039,0.14975,0.3345,8.9405,0.68475,2
2026-01,leclerc,0.11007230117177762,0.11025,0.30025,9.16125,0.68475,4
2026-01,hamilton,0.052231363749688356,0.05225,0.1965,10.37,0.68475,7
2026-01,norris,0.13275991024682124,0.133,0.32,8.90025,0.68475,6
2026-01,max_verstappen,0.012341062079281975,0.01225,0.0685,11.90525,0.68475,20
2026-01,bearman,0.011094490152081775,0.011,0.07300000000000001,11.9805,0.68475,12
2026-01,arvid_lindblad,0.015582149090002493,0.0155,0.08875,11.7985,0.68475,9
2026-01,bortoleto,0.016579406631762654,0.0165,0.09075,11.6035,0.68475,10
2026-01,gasly,0.005609573672400898,0.0055,0.03875000000000001,13.16725,0.68475,14
2026-01,ocon,0.008102717526801296,0.008,0.058499999999999996,12.22975,0.68475,13
2026-01,albon,0.009349289454001496,0.00925,0.05374999999999999,12.631,0.68475,15
2026-01,lawson,0.02106706556968337,0.021,0.105,11.68925,0.68475,8
2026-01,colapinto,0.0031164298180004985,0.003,0.028249999999999997,13.3625,0.68475,16
2026-01,sainz,0.004612316130640738,0.0045,0.03325,13.316,0.68475,21
2026-01,perez,0.010845175766641735,0.01075,0.06,12.25425,0.68475,18
2026-01,stroll,0.0031164298180004985,0.003,0.02875,13.7745,0.68475,22
2026-01,alonso,0.005360259286960858,0.00525,0.039749999999999994,13.2445,0.68475,17
2026-01,bottas,0.004113687359760658,0.004,0.02675,13.64375,0.68475,19
2026-01,hadjar,0.08090251807529295,0.081,0.266,9.65925,0.68475,3
2026-01,piastri,0.14323111443530293,0.1435,0.331,9.1125,0.68475,5
2026-01,hulkenberg,0.01832460732984293,0.01825,0.088,11.76025,0.68475,11
2026-02,antonelli,0.21378708551483422,0.21425,0.47025,6.63275,0.481,1
2026-02,russell,0.19832959361755173,0.19875,0.45175,6.6575,0.481,2
2026-02,hamilton,0.13076539516330093,0.131,0.37525,7.359,0.481,3
2026-02,leclerc,0.12453253552729993,0.12475,0.3665,7.5735,0.481,4
2026-02,bearman,0.004113687359760658,0.004,0.06125,11.215,0.481,10
2026-02,gasly,0.0048616305160807775,0.00475,0.0485,11.39225,0.481,7
2026-02,lawson,0.0018698578908002991,0.00175,0.017,12.847,0.481,14
2026-02,hadjar,0.017078035402642733,0.017,0.11525,10.431,0.481,9
2026-02,sainz,0.0011219147344801795,0.001,0.015,13.3,0.481,17
2026-02,colapinto,0.0013712291199202194,0.00125,0.01575,12.9015,0.481,12
2026-02,hulkenberg,0.006108202443280977,0.006,0.05475,11.213,0.481,11
2026-02,arvid_lindblad,0.0011219147344801795,0.001,0.013749999999999998,13.349,0.481,15
2026-02,bottas,0.00012465719272001995,0.0,0.00075,16.9775,0.481,19
2026-02,ocon,0.0028671154325604587,0.00275,0.022,12.34975,0.481,13
2026-02,perez,0.00012465719272001995,0.0,0.0005,16.5345,0.481,21
2026-02,max_verstappen,0.051982049364248314,0.052,0.21775,8.75975,0.481,8
2026-02,alonso,0.00037397157816005983,0.00025,0.0065,15.07875,0.481,18
2026-02,stroll,0.00037397157816005983,0.00025,0.002,15.51825,0.481,20
2026-02,piastri,0.13824482672650212,0.1385,0.38575000000000004,7.585,0.481,5
2026-02,norris,0.10009972575417601,0.10025,0.33599999999999997,7.8505,0.481,6
2026-02,bortoleto,0.0006232859636000997,0.0005,0.01975,12.9785,0.481,16
2026-02,albon,0.00012465719272001995,0.0,0.004,14.496,0.481,22
2026-03,antonelli,0.23373223635003734,0.23425,0.44425000000000003,7.15725,0.509,1
2026-03,piastri,0.1763899276988282,0.17675,0.42074999999999996,7.3415,0.509,3
2026-03,leclerc,0.11555721765145846,0.11575,0.34725,8.0585,0.509,4
2026-03,russell,0.20206930939915227,0.2025,0.4257500000000001,7.308,0.509,2
2026-03,norris,0.12528047868362002,0.1255,0.37174999999999997,7.67,0.509,5
2026-03,hamilton,0.06768885564697082,0.06775,0.2785,8.6465,0.509,6
2026-03,gasly,0.008352031912241334,0.00825,0.087,10.899,0.509,7
2026-03,max_verstappen,0.019571179257043127,0.0195,0.13274999999999998,10.18475,0.509,11
2026-03,lawson,0.0031164298180004976,0.003,0.035500000000000004,12.1985,0.509,14
2026-03,ocon,0.0036150585888805775,0.0035,0.044,11.73575,0.509,12
2026-03,hulkenberg,0.0041136873597606574,0.004,0.053,11.37325,0.509,13
2026-03,hadjar,0.018324607329842927,0.01825,0.13375,10.5685,0.509,8
2026-03,bortoleto,0.010845175766641733,0.01075,0.08125,10.993,0.509,9
2026-03,arvid_lindblad,0.003365744203440538,0.00325,0.03825,12.045,0.509,10
2026-03,sainz,0.0018698578908002987,0.00175,0.0245,12.77275,0.509,16
2026-03,colapinto,0.0013712291199202192,0.00125,0.027499999999999997,12.4855,0.509,15
2026-03,perez,0.00012465719272001992,0.0,0.00125,16.146,0.509,19
2026-03,alonso,0.0003739715781600597,0.00025,0.00175,16.0935,0.509,21
2026-03,bottas,0.00012465719272001992,0.0,0.0005,16.96675,0.509,20
2026-03,albon,0.0013712291199202192,0.00125,0.018,13.20375,0.509,17
2026-03,stroll,0.00012465719272001992,0.0,0.00175,16.53525,0.509,22
2026-03,bearman,0.0026178010471204186,0.0025,0.031,12.617,0.509,18
2026-04,antonelli,0.3618798304662179,0.36275,0.62075,5.27575,0.48775,1
2026-04,norris,0.14896534530042382,0.14925,0.45249999999999996,6.1975,0.48775,4
2026-04,piastri,0.06320119670905011,0.06325,0.271,7.48675,0.48775,7
2026-04,russell,0.10408875592121665,0.10425,0.38749999999999996,6.61725,0.48775,5
2026-04,max_verstappen,0.11007230117177762,0.11025,0.423,6.93475,0.48775,2
2026-04,hamilton,0.050984791822488155,0.051,0.24875000000000003,7.71575,0.48775,6
2026-04,colapinto,0.0036150585888805784,0.0035,0.03,10.58275,0.48775,8
2026-04,leclerc,0.14796808775866369,0.14825,0.46224999999999994,6.29725,0.48775,3
2026-04,sainz,0.00012465719272001995,0.0,0.00675,12.739,0.48775,13
2026-04,albon,0.00012465719272001995,0.0,0.00425,13.47025,0.48775,15
2026-04,bearman,0.0006232859636000997,0.0005,0.0125,11.9605,0.48775,12
2026-04,bortoleto,0.00037397157816005983,0.00025,0.001,14.67675,0.48775,21
2026-04,ocon,0.00012465719272001995,0.0,0.00575,12.82075,0.48775,14
2026-04,arvid_lindblad,0.00037397157816005983,0.00025,0.003,13.699,0.48775,16
2026-04,alonso,0.00012465719272001995,0.0,0.00025,16.408,0.48775,17
2026-04,perez,0.00012465719272001995,0.0,0.0,16.68075,0.48775,20
2026-04,stroll,0.00012465719272001995,0.0,0.0005,17.0565,0.48775,18
2026-04,bottas,0.00012465719272001995,0.0,0.0,17.53575,0.48775,19
2026-04,hulkenberg,0.002617801047120419,0.0025,0.027,11.2555,0.48775,10
2026-04,lawson,0.0013712291199202194,0.00125,0.014499999999999999,11.9455,0.48775,11
2026-04,gasly,0.002368486661680379,0.00225,0.026749999999999996,10.95175,0.48775,9
2026-04,hadjar,0.0006232859636000997,0.0005,0.002,14.69225,0.48775,22
2026-05,antonelli,0.21428571428571427,0.21475,0.49174999999999996,6.3125,0.824,2
2026-05,hamilton,0.07990526053353278,0.08,0.2975,7.73,0.824,5
2026-05,max_verstappen,0.04425330341560708,0.04425,0.23674999999999996,8.8775,0.824,6
2026-05,leclerc,0.0462478184991274,0.04625,0.22649999999999998,8.514,0.824,8
2026-05,hadjar,0.02231363749688357,0.02225,0.124,10.33375,0.824,7
2026-05,colapinto,0.003864372974320618,0.00375,0.052000000000000005,11.481,0.824,10
2026-05,lawson,0.002119172276240339,0.002,0.02375,12.3765,0.824,12
2026-05,gasly,0.002368486661680379,0.00225,0.0225,12.1755,0.824,14
2026-05,sainz,0.0006232859636000997,0.0005,0.014249999999999999,12.85875,0.824,15
2026-05,bearman,0.002617801047120419,0.0025,0.01675,12.777,0.824,16
2026-05,piastri,0.14722014460234356,0.1475,0.4275,6.787,0.824,4
2026-05,hulkenberg,0.004612316130640738,0.0045,0.0475,11.799,0.824,11
2026-05,bortoleto,0.002119172276240339,0.002,0.02075,12.4095,0.824,13
2026-05,ocon,0.0013712291199202194,0.00125,0.01175,12.94175,0.824,17
2026-05,stroll,0.00012465719272001995,0.0,0.00025,16.27575,0.824,22
2026-05,bottas,0.00012465719272001995,0.0,0.0,16.9995,0.824,21
2026-05,perez,0.00012465719272001995,0.0,0.0,16.5265,0.824,20
2026-05,norris,0.18810770381451009,0.1885,0.46175,6.77175,0.824,3
2026-05,russell,0.23572675143355773,0.23625,0.49324999999999997,6.4635,0.824,1
2026-05,alonso,0.00012465719272001995,0.0,0.00025,16.25,0.824,19
2026-05,albon,0.00037397157816005983,0.00025,0.00875,13.78575,0.824,18
2026-05,arvid_lindblad,0.0013712291199202194,0.00125,0.0225,12.5535,0.824,9
2026-06,antonelli,0.31351283969085014,0.31425,0.54475,6.00725,0.43675,1
2026-06,hamilton,0.13550236848666167,0.13575,0.39699999999999996,6.8955,0.43675,3
2026-06,hadjar,0.0412615307903266,0.04125,0.2115,8.923,0.43675,5
2026-06,piastri,0.0636998254799302,0.06375,0.2725,8.07325,0.43675,7
2026-06,lawson,0.002617801047120419,0.0025,0.02975,11.50525,0.43675,10
2026-06,arvid_lindblad,0.0008726003490401396,0.00075,0.00475,13.6115,0.43675,15
2026-06,gasly,0.0066068312141610575,0.0065,0.056499999999999995,10.738,0.43675,9
2026-06,albon,0.0013712291199202194,0.00125,0.023,12.01125,0.43675,11
2026-06,ocon,0.0008726003490401396,0.00075,0.00625,13.38275,0.43675,17
2026-06,alonso,0.00012465719272001995,0.0,0.00025,16.99075,0.43675,21
2026-06,bortoleto,0.00037397157816005983,0.00025,0.00975,12.9615,0.43675,16
2026-06,russell,0.11480927449513836,0.115,0.35175,7.224,0.43675,6
2026-06,hulkenberg,0.002368486661680379,0.00225,0.022,12.06825,0.43675,13
2026-06,colapinto,0.0018698578908002991,0.00175,0.0205,12.0335,0.43675,14
2026-06,perez,0.00012465719272001995,0.0,0.0,16.3645,0.43675,18
2026-06,sainz,0.002368486661680379,0.00225,0.0195,12.0195,0.43675,12
2026-06,leclerc,0.12278733482921965,0.123,0.38625,7.15175,0.43675,4
2026-06,stroll,0.00012465719272001995,0.0,0.0,17.62425,0.43675,22
2026-06,norris,0.06519571179257043,0.06525,0.25075000000000003,8.405,0.43675,8
2026-06,bearman,0.00012465719272001995,0.0,0.007,13.583,0.43675,19
2026-06,bottas,0.00012465719272001995,0.0,0.0,17.72975,0.43675,20
2026-06,max_verstappen,0.12328596360009973,0.1235,0.38625000000000004,7.6965,0.43675,2
2026-07,hamilton,0.20007479431563202,0.2005,0.516,6.0905,0.502,2
2026-07,russell,0.26863625031164295,0.26925,0.5842499999999999,5.53875,0.502,1
2026-07,norris,0.07791074545001246,0.078,0.3365,7.4595,0.502,4
2026-07,max_verstappen,0.06793817003241087,0.068,0.277,7.99325,0.502,5
2026-07,piastri,0.043006731488406884,0.043,0.21949999999999997,8.18475,0.502,7
2026-07,hadjar,0.029793069060084765,0.02975,0.1595,9.183,0.502,6
2026-07,gasly,0.0006232859636000997,0.0005,0.020249999999999997,11.73325,0.502,14
2026-07,lawson,0.004363001745200698,0.00425,0.03475,10.83425,0.502,8
2026-07,arvid_lindblad,0.0006232859636000997,0.0005,0.0055,12.78825,0.502,11
2026-07,colapinto,0.00037397157816005983,0.00025,0.01225,11.93175,0.502,13
2026-07,bortoleto,0.0008726003490401396,0.00075,0.01325,12.0515,0.502,12
2026-07,sainz,0.0006232859636000997,0.0005,0.00525,13.346,0.502,16
2026-07,ocon,0.00012465719272001995,0.0,0.00275,13.6145,0.502,17
2026-07,perez,0.00012465719272001995,0.0,0.0,16.666,0.502,19
2026-07,leclerc,0.0462478184991274,0.04625,0.21675,7.982,0.502,10
2026-07,antonelli,0.256419845425081,0.257,0.56525,5.609,0.502,3
2026-07,bearman,0.00012465719272001995,0.0,0.00475,13.613,0.502,15
2026-07,albon,0.00037397157816005983,0.00025,0.0034999999999999996,14.02475,0.502,18
2026-07,alonso,0.00012465719272001995,0.0,0.0,17.374,0.502,22
2026-07,hulkenberg,0.0013712291199202194,0.00125,0.023,11.3645,0.502,9
2026-07,bottas,0.00012465719272001995,0.0,0.0,18.0715,0.502,20
2026-07,stroll,0.00012465719272001995,0.0,0.0,17.546,0.502,21
2026-08,russell,0.24894041386187982,0.2495,0.53375,6.05225,0.48975,1
2026-08,max_verstappen,0.05971079531288955,0.05975,0.2935,7.76775,0.48975,5
2026-08,antonelli,0.19234604836699076,0.19275,0.4882500000000001,6.35775,0.48975,4
2026-08,piastri,0.03802044377960608,0.038,0.2405,8.101,0.48975,7
2026-08,hamilton,0.17464472700074796,0.175,0.4665,6.5,0.48975,3
2026-08,hadjar,0.012341062079281975,0.01225,0.12425,9.541,0.48975,8
2026-08,norris,0.060209424083769635,0.06025,0.268,7.966,0.48975,6
2026-08,leclerc,0.20506108202443282,0.2055,0.48324999999999996,6.5915,0.48975,2
2026-08,lawson,0.002617801047120419,0.0025,0.02625,11.049,0.48975,9
2026-08,arvid_lindblad,0.0006232859636000997,0.0005,0.009,12.218,0.48975,10
2026-08,bortoleto,0.00037397157816005983,0.00025,0.010499999999999999,12.05575,0.48975,12
2026-08,hulkenberg,0.0006232859636000997,0.0005,0.00875,12.3035,0.48975,14
2026-08,gasly,0.0018698578908002991,0.00175,0.02875,10.923,0.48975,11
2026-08,bearman,0.00037397157816005983,0.00025,0.00425,12.97925,0.48975,13
2026-08,colapinto,0.0006232859636000997,0.0005,0.00725,12.2995,0.48975,16
2026-08,ocon,0.0006232859636000997,0.0005,0.00275,13.22375,0.48975,15
2026-08,albon,0.00012465719272001995,0.0,0.003,13.916,0.48975,18
2026-08,alonso,0.00012465719272001995,0.0,0.0,17.41975,0.48975,21
2026-08,stroll,0.00012465719272001995,0.0,0.0,17.4045,0.48975,22
2026-08,sainz,0.00037397157816005983,0.00025,0.0015,13.61125,0.48975,17
2026-08,perez,0.00012465719272001995,0.0,0.0,17.0625,0.48975,19
2026-08,bottas,0.00012465719272001995,0.0,0.0,17.657,0.48975,20
2026-09,leclerc,0.17913238593866865,0.1795,0.46775,6.549,0.77275,2
2026-09,russell,0.1581899775617053,0.1585,0.44425000000000003,6.41775,0.77275,4
2026-09,hamilton,0.16143106457242584,0.16175,0.45225000000000004,6.49975,0.77275,3
2026-09,norris,0.06743954126153079,0.0675,0.26575,7.7985,0.77275,6
2026-09,hadjar,0.0450012465719272,0.045,0.22799999999999998,8.403,0.77275,5
2026-09,lawson,0.0028671154325604587,0.00275,0.0285,11.13075,0.77275,10
2026-09,arvid_lindblad,0.0008726003490401396,0.00075,0.01975,11.216,0.77275,9
2026-09,bortoleto,0.0011219147344801795,0.001,0.0165,11.73825,0.77275,11
2026-09,colapinto,0.00037397157816005983,0.00025,0.00475,12.75875,0.77275,19
2026-09,gasly,0.00037397157816005983,0.00025,0.012750000000000001,11.77375,0.77275,15
2026-09,piastri,0.04101221640488656,0.041,0.2185,7.96975,0.77275,8
2026-09,bearman,0.00012465719272001995,0.0,0.00375,13.36475,0.77275,13
2026-09,ocon,0.0006232859636000997,0.0005,0.002,13.82525,0.77275,17
2026-09,perez,0.00012465719272001995,0.0,0.0,16.7725,0.77275,20
2026-09,antonelli,0.2880827723759661,0.28875,0.5489999999999999,6.00375,0.77275,1
2026-09,bottas,0.00012465719272001995,0.0,0.0,17.15025,0.77275,18
2026-09,sainz,0.00037397157816005983,0.00025,0.0075,13.62125,0.77275,14
2026-09,alonso,0.00012465719272001995,0.0,0.0,17.7475,0.77275,21
2026-09,stroll,0.00012465719272001995,0.0,0.0,17.6465,0.77275,22
2026-09,max_verstappen,0.050984791822488155,0.051,0.25725,8.27575,0.77275,7
2026-09,albon,0.00012465719272001995,0.0,0.0035,14.213,0.77275,16
2026-09,hulkenberg,0.0013712291199202194,0.00125,0.018250000000000002,12.12425,0.77275,12
2026-10,antonelli,0.3182498130142109,0.319,0.58675,5.564,0.71725,1
2026-10,leclerc,0.15270506108202445,0.153,0.44825,6.4395,0.71725,4
2026-10,max_verstappen,0.12802293692346048,0.12825,0.425,7.02325,0.71725,2
2026-10,hamilton,0.12079281974569933,0.121,0.42174999999999996,6.64875,0.71725,5
2026-10,piastri,0.0512341062079282,0.05125,0.2675,7.5355,0.71725,6
2026-10,hadjar,0.004612316130640738,0.0045,0.04875,11.13325,0.71725,21
2026-10,norris,0.020319122413363252,0.02025,0.11825,9.2245,0.71725,13
2026-10,bortoleto,0.0018698578908002991,0.00175,0.0295,11.10625,0.71725,8
2026-10,arvid_lindblad,0.002617801047120419,0.0025,0.0465,10.1305,0.71725,7
2026-10,colapinto,0.0008726003490401396,0.00075,0.01425,11.63025,0.71725,11
2026-10,gasly,0.0016205435053602592,0.0015,0.0295,10.848,0.71725,10
2026-10,lawson,0.004612316130640738,0.0045,0.03525,10.584,0.71725,9
2026-10,hulkenberg,0.0008726003490401396,0.00075,0.014499999999999999,12.059,0.71725,12
2026-10,bearman,0.00037397157816005983,0.00025,0.00175,13.6275,0.71725,14
2026-10,albon,0.00012465719272001995,0.0,0.00275,13.9965,0.71725,15
2026-10,sainz,0.00012465719272001995,0.0,0.0015,14.09625,0.71725,19
2026-10,ocon,0.00012465719272001995,0.0,0.002,14.34725,0.71725,16
2026-10,bottas,0.00012465719272001995,0.0,0.0,17.5475,0.71725,17
2026-10,alonso,0.00012465719272001995,0.0,0.0,18.063,0.71725,22
2026-10,stroll,0.00012465719272001995,0.0,0.0,17.91525,0.71725,20
2026-10,perez,0.00012465719272001995,0.0,0.0,17.20725,0.71725,18
2026-10,russell,0.19035153328347046,0.19075,0.50625,6.27275,0.71725,3
2026-11,norris,0.17439541261530792,0.17475,0.43100000000000005,6.63675,0.12075,1
2026-11,max_verstappen,0.10134629768137622,0.1015,0.35825,7.28925,0.12075,4
2026-11,antonelli,0.12926950885066069,0.1295,0.381,6.881,0.12075,7
2026-11,leclerc,0.2130391423585141,0.2135,0.46175,6.3645,0.12075,2
2026-11,hamilton,0.12827225130890052,0.1285,0.39325,6.7055,0.12075,5
2026-11,hadjar,0.02630266766392421,0.02625,0.17049999999999998,8.8945,0.12075,8
2026-11,russell,0.1118175018698579,0.112,0.3505,7.17425,0.12075,6
2026-11,lawson,0.0008726003490401396,0.00075,0.01925,10.94975,0.12075,11
2026-11,hulkenberg,0.0008726003490401396,0.00075,0.0155,11.529,0.12075,10
2026-11,arvid_lindblad,0.0013712291199202194,0.00125,0.021500000000000002,10.64175,0.12075,9
2026-11,bortoleto,0.0006232859636000997,0.0005,0.007,12.04375,0.12075,14
2026-11,gasly,0.0013712291199202194,0.00125,0.013999999999999999,11.14375,0.12075,12
2026-11,stroll,0.00012465719272001995,0.0,0.0,17.555,0.12075,20
2026-11,alonso,0.00012465719272001995,0.0,0.0,17.4785,0.12075,16
2026-11,colapinto,0.0006232859636000997,0.0005,0.0075,11.7175,0.12075,13
2026-11,ocon,0.00012465719272001995,0.0,0.0005,13.63625,0.12075,15
2026-11,albon,0.00012465719272001995,0.0,0.00025,14.88375,0.12075,19
2026-11,sainz,0.00012465719272001995,0.0,0.001,14.492,0.12075,18
2026-11,bearman,0.00012465719272001995,0.0,0.0,14.231,0.12075,17
2026-11,piastri,0.10882572924457741,0.109,0.36724999999999997,7.13175,0.12075,3
2026-11,perez,0.00012465719272001995,0.0,0.0,17.68525,0.12075,22
2026-11,bottas,0.00012465719272001995,0.0,0.0,17.93525,0.12075,21
2026-12,norris,0.19334330590875087,0.19375,0.43125,6.9065,0.485,1
2026-12,antonelli,0.1808775866367489,0.18125,0.444,6.6,0.485,3
2026-12,russell,0.17788581401146844,0.17825,0.44125000000000003,6.745,0.485,2
2026-12,hamilton,0.131513338319621,0.13175,0.38050000000000006,7.00525,0.485,5
2026-12,leclerc,0.10907504363001742,0.10925,0.35075,7.19925,0.485,6
2026-12,piastri,0.10383944153577658,0.104,0.33775,7.59825,0.485,4
2026-12,lawson,0.023310895038643725,0.02325,0.14550000000000002,9.5305,0.485,8
2026-12,hulkenberg,0.0006232859636000996,0.0005,0.022,12.08775,0.485,13
2026-12,alonso,0.00012465719272001992,0.0,0.0,16.60525,0.485,18
2026-12,gasly,0.0011219147344801793,0.001,0.03175,11.23575,0.485,11
2026-12,tsunoda,0.0028671154325604583,0.00275,0.037,10.76125,0.485,12
2026-12,arvid_lindblad,0.003365744203440538,0.00325,0.0365,11.05875,0.485,10
2026-12,bortoleto,0.0036150585888805775,0.0035,0.0425,11.1705,0.485,9
2026-12,colapinto,0.0006232859636000996,0.0005,0.0115,12.00775,0.485,14
2026-12,perez,0.00012465719272001992,0.0,0.0,16.73175,0.485,22
2026-12,sainz,0.00012465719272001992,0.0,0.00375,13.903,0.485,17
2026-12,albon,0.00012465719272001992,0.0,0.00175,14.4135,0.485,16
2026-12,bottas,0.00012465719272001992,0.0,0.0,17.5565,0.485,21
2026-12,ocon,0.0003739715781600597,0.00025,0.00325,13.81075,0.485,15
2026-12,stroll,0.00012465719272001992,0.0,0.0,16.98,0.485,19
2026-12,bearman,0.00012465719272001992,0.0,0.00175,14.66875,0.485,20
2026-12,max_verstappen,0.06669159810521065,0.06675,0.27725,8.424,0.485,7
2026-13,antonelli,0.05522313637496883,0.05525,0.21825,8.2815,0.4935,19
2026-13,russell,0.26140613313388184,0.262,0.5327500000000001,6.00025,0.4935,2
2026-13,max_verstappen,0.09237097980553478,0.0925,0.3345,7.77675,0.4935,5
2026-13,norris,0.06295188232361007,0.063,0.27799999999999997,7.752,0.4935,8
2026-13,piastri,0.09536275243081525,0.0955,0.3325,7.4815,0.4935,6
2026-13,hamilton,0.16342557965594615,0.16375,0.452,6.53825,0.4935,4
2026-13,gasly,0.024308152580403888,0.02425,0.1545,8.66725,0.4935,1
2026-13,arvid_lindblad,0.002617801047120419,0.0025,0.0405,10.88325,0.4935,9
2026-13,colapinto,0.0033657442034405387,0.00325,0.042749999999999996,10.463,0.4935,7
2026-13,tsunoda,0.0013712291199202194,0.00125,0.015,12.12225,0.4935,15
2026-13,bortoleto,0.002368486661680379,0.00225,0.02675,11.48275,0.4935,10
2026-13,hulkenberg,0.0011219147344801795,0.001,0.01975,11.956,0.4935,12
2026-13,sainz,0.00012465719272001995,0.0,0.002,13.9,0.4935,13
2026-13,lawson,0.0013712291199202194,0.00125,0.025,11.8065,0.4935,22
2026-13,bearman,0.0006232859636000997,0.0005,0.00775,13.24075,0.4935,11
2026-13,ocon,0.00012465719272001995,0.0,0.005,13.61225,0.4935,14
2026-13,albon,0.00012465719272001995,0.0,0.0005,15.3205,0.4935,20
2026-13,perez,0.00012465719272001995,0.0,0.00025,17.3335,0.4935,17
2026-13,bottas,0.00012465719272001995,0.0,0.0,17.6145,0.4935,16
2026-13,stroll,0.00012465719272001995,0.0,0.0,17.01475,0.4935,18
2026-13,alonso,0.00012465719272001995,0.0,0.0,17.359,0.4935,21
2026-13,leclerc,0.231239092495637,0.23175,0.51225,6.3935,0.4935,3
2026-14,antonelli,0.24794315632011968,0.2485,0.5115000000000001,6.06575,0.47625,2
2026-14,max_verstappen,0.12503116429818,0.12525,0.38025000000000003,7.3005,0.47625,3
2026-14,norris,0.19658439291947144,0.197,0.46575,6.4285,0.47625,1
2026-14,leclerc,0.10957367240089753,0.10975,0.37875,7.11325,0.47625,5
2026-14,russell,0.09735726751433557,0.0975,0.35550000000000004,7.07675,0.47625,6
2026-14,lawson,0.018075292944402892,0.018,0.1205,9.561,0.47625,8
2026-14,colapinto,0.0018698578908002991,0.00175,0.0245,10.8635,0.47625,9
2026-14,piastri,0.06768885564697083,0.06775,0.271,7.742,0.47625,7
2026-14,arvid_lindblad,0.002368486661680379,0.00225,0.0245,10.9335,0.47625,10
2026-14,hulkenberg,0.0013712291199202194,0.00125,0.027999999999999997,11.51325,0.47625,11
2026-14,ocon,0.00012465719272001995,0.0,0.0025,13.16,0.47625,13
2026-14,gasly,0.0013712291199202194,0.00125,0.01525,11.4875,0.47625,14
2026-14,bortoleto,0.00037397157816005983,0.00025,0.01225,11.71775,0.47625,12
2026-14,tsunoda,0.0008726003490401396,0.00075,0.011,11.83725,0.47625,15
2026-14,albon,0.00037397157816005983,0.00025,0.00075,14.142,0.47625,16
2026-14,bearman,0.00012465719272001995,0.0,0.001,14.51425,0.47625,22
2026-14,alonso,0.00012465719272001995,0.0,0.0,16.9335,0.47625,17
2026-14,bottas,0.00012465719272001995,0.0,0.00025,17.7885,0.47625,19
2026-14,sainz,0.00012465719272001995,0.0,0.001,14.763,0.47625,20
2026-14,perez,0.00012465719272001995,0.0,0.0,17.2005,0.47625,18
2026-14,stroll,0.00012465719272001995,0.0,0.0,17.7395,0.47625,21
2026-14,hamilton,0.12827225130890052,0.1285,0.39575000000000005,7.11825,0.47625,4
2026-15,russell,0.3012964348042882,0.302,0.54775,5.9015,0.5605,1
2026-15,max_verstappen,0.049738219895287955,0.04975,0.24574999999999997,8.2735,0.5605,8
2026-15,hadjar,0.06594365494889055,0.066,0.3,7.918,0.5605,4
2026-15,leclerc,0.21702817252555473,0.2175,0.4815,6.71825,0.5605,2
2026-15,antonelli,0.04574918972824732,0.04575,0.203,8.38075,0.5605,16
2026-15,hamilton,0.08838194963849415,0.0885,0.32275,7.80675,0.5605,6
2026-15,arvid_lindblad,0.00037397157816005983,0.00025,0.0075,12.20875,0.5605,15
2026-15,ocon,0.00037397157816005983,0.00025,0.006750000000000001,13.211,0.5605,13
2026-15,bearman,0.0011219147344801795,0.001,0.009000000000000001,12.8265,0.5605,10
2026-15,sainz,0.00012465719272001995,0.0,0.00175,14.154,0.5605,14
2026-15,hulkenberg,0.0006232859636000997,0.0005,0.008,12.726,0.5605,18
2026-15,lawson,0.002368486661680379,0.00225,0.02775,11.00975,0.5605,11
2026-15,piastri,0.10782847170281726,0.108,0.37625,7.14375,0.5605,3
2026-15,perez,0.00012465719272001995,0.0,0.0,16.813,0.5605,20
2026-15,bortoleto,0.00012465719272001995,0.0,0.00925,12.7065,0.5605,17
2026-15,bottas,0.00012465719272001995,0.0,0.0,17.12675,0.5605,19
2026-15,colapinto,0.0018698578908002991,0.00175,0.028,11.06425,0.5605,9
2026-15,gasly,0.005609573672400898,0.0055,0.0605,10.35675,0.5605,7
2026-15,norris,0.11032161555721764,0.1105,0.36125,7.45425,0.5605,5
2026-15,albon,0.0006232859636000997,0.0005,0.00325,14.17075,0.5605,12
2026-15,alonso,0.00012465719272001995,0.0,0.0,17.34675,0.5605,21
2026-15,stroll,0.00012465719272001995,0.0,0.0,17.6825,0.5605,22
