race_key,season,round,race_name,driver,driver_id,constructor,grid,won,s_grid_logit,raw_logit_post,s_logit_post,raw_logit_elo,s_logit_elo,raw_gbm_post,s_gbm_post,raw_gbm_elo,s_gbm_elo,raw_nn_post,s_nn_post,raw_cat_post,s_cat_post,raw_cat_elo,s_cat_elo,raw_rf_post,s_rf_post,raw_dt_post,s_dt_post,raw_pl_post,s_pl_post,raw_pl_elo,s_pl_elo,raw_plmlp_post,s_plmlp_post,raw_chaos_post,s_chaos_post,raw_chaos_elo,s_chaos_elo,s_ens_old,s_ens_v3
2026-01,2026,1,Australian Grand Prix,Alexander Albon,albon,Williams,15,0.0,-1.7741221203876831,-0.973504638133305,-1.2407019599911857,-0.6642179582047765,-0.8204741148543055,-5.589911279609365,-6.6714890188527045,-5.58255627352048,-6.595123643345695,-6.417231,-7.1818156,-6.0676637185297295,-5.870331850663265,-6.071391641671653,-6.152967017606292,-7.883280347823242,-10.258843240333352,-6.189436799851394,-5.749892538262863,-1.0162646,-1.1929183,-0.5912601,-0.6639923,-6.197753,-9.192028,-1.204503630296959,-1.4118963766195636,-0.780692526137275,-0.8756973631451913,-4.991012405533961,-5.9293408685358
2026-01,2026,1,Australian Grand Prix,Fernando Alonso,alonso,Aston Martin,17,0.0,-2.3843592629011727,-0.9772047072576023,-1.2454175852021978,-0.6405469135638766,-0.7912344968049672,-5.325379105641422,-6.355773186260153,-5.349524027571411,-6.3198238703348135,-5.1998086,-5.8193426,-5.684024946580394,-5.499169735128419,-5.434637607875629,-5.507657540058577,-6.66266886634165,-8.670410342684553,-6.189436799851394,-5.749892538262863,-1.0904192,-1.2799629,-0.6467182,-0.7262724,-5.258225,-7.798593,-1.2747237479946747,-1.4942070706261572,-0.8324627491229034,-0.9337676612973499,-4.422628795855084,-5.283526909062048
2026-01,2026,1,Australian Grand Prix,Andrea Kimi Antonelli,antonelli,Mercedes,2,0.0,3.8234734727697877,2.2046765124557894,2.809792951161955,1.932312325569266,2.386885547672486,-3.2579804366836833,-3.888358798512284,-3.40643612192927,-4.0242975272536015,0.7800515,0.8729912,-2.9029584912987048,-2.808548806121624,-3.0038662734805257,-3.044226298822111,-2.3094036969833485,-3.005323857668,-1.8758425864385964,-1.7426291986660176,2.45134,2.8774478,2.1248395,2.3862207,0.42094865,0.6243185,2.283757045642267,2.6769768199260335,1.9584416624097938,2.1967703573793145,-0.10506456976460521,-1.5054153438772384
2026-01,2026,1,Australian Grand Prix,Arvid Lindblad,arvid_lindblad,RB F1 Team,9,0.0,0.2966855573633211,0.09639363645521036,0.12285074872368577,-0.04174641312483855,-0.051567186544487144,-5.3156656974200365,-6.344180355346899,-5.379278300137845,-6.35497499051684,-2.912618,-3.2596433,-5.247656049052239,-5.07699237714869,-5.557229740938055,-5.631896824207841,-5.844476577040071,-7.605662412121348,-6.189436799851394,-5.749892538262863,0.096107036,0.11281299,-0.07001454,-0.07862718,-2.7307162,-4.0499873,-0.0662467300588654,-0.07765316415853939,-0.2317361637076136,-0.25993683903726367,-3.126682651681552,-4.676921741361724
2026-01,2026,1,Australian Grand Prix,Oliver Bearman,bearman,Haas F1 Team,12,0.0,-0.7927815039957724,-0.4427451341851979,-0.5642651655090689,-0.4103747011140544,-0.5069146588044369,-5.632704789875413,-6.722562536756204,-5.593941697491057,-6.6085741622726655,-4.611745,-5.161214,-5.9858956406151265,-5.7912230248587395,-5.934218467606115,-6.013950781207937,-7.19243587276786,-9.359818359783404,-6.189436799851394,-5.749892538262863,-0.4128761,-0.48464492,-0.3602866,-0.40460625,-5.339642,-7.9193444,-0.5842340088282422,-0.6848280564826122,-0.5318137912192502,-0.596531821508761,-4.109188228298034,-5.541358856821986
2026-01,2026,1,Australian Grand Prix,Gabriel Bortoleto,bortoleto,Audi,10,0.0,-0.08130694544276129,-0.4154463812535678,-0.5294737377737747,-0.36641003401128697,-0.4526073777674998,-5.503076161306541,-6.567852394006567,-5.545331616304192,-6.551147155712769,-3.4515107,-3.8627427,-5.620967408807701,-5.438162947411921,-5.865468795687775,-5.944277386910427,-5.833459850031883,-7.591325883365301,-6.189436799851394,-5.749892538262863,-0.48954797,-0.5746444,-0.3417844,-0.38382804,-4.097911,-6.0777044,-0.6597895701559306,-0.7733928566117081,-0.5120849725349548,-0.574402143150896,-3.6027443000956003,-4.880806878385366
2026-01,2026,1,Australian Grand Prix,Valtteri Bottas,bottas,Cadillac F1 Team,19,0.0,-2.966538764732632,-1.9869537542071947,-2.5323119384246233,-1.901434971937698,-2.348744348572154,-5.565995468734801,-6.642945798460527,-5.598887605162779,-6.614417161613003,-6.4474382,-7.215622,-5.417535853184745,-5.241347369653965,-5.650023644659086,-5.725937509231618,-6.1251328771738445,-7.9708922226125285,-6.189436799851394,-5.749892538262863,-2.508115,-2.944092,-2.330071,-2.616698,-6.1983194,-9.192868,-2.6756352226331015,-3.136329008041258,-2.497817125292191,-2.801784053268442,-5.383098970839776,-5.666048671869394
2026-01,2026,1,Australian Grand Prix,Franco Colapinto,colapinto,Alpine F1 Team,16,0.0,-2.083069797589303,-1.9286800129031918,-2.4580438330455556,-1.9006837413895137,-2.347816392301988,-5.756711170264026,-6.870562596801543,-5.7764779218069195,-6.8242189152799515,-8.421219,-9.424569,-6.0137577170298755,-5.818178974000026,-5.972407639186713,-6.05265306349069,-7.983036905971418,-10.388660631962704,-6.189436799851394,-5.749892538262863,-2.4686427,-2.8977582,-2.3624706,-2.6530833,-8.6438265,-12.819856,-2.632022702190865,-3.085207236351405,-2.5261936773130973,-2.833613833813172,-6.19293403423634,-6.549382539950877
2026-01,2026,1,Australian Grand Prix,Pierre Gasly,gasly,Alpine F1 Team,14,0.0,-1.4567363613774855,-1.3097412912732482,-1.6692253159471742,-1.063286547331532,-1.3134229178569894,-5.727653664577007,-6.835882828123757,-5.736790086996747,-6.777332477439406,-6.9418983,-7.768995,-5.859794018955654,-5.6692224657659125,-5.780862228930346,-5.858534044122539,-6.76373508540055,-8.801932050967418,-6.189436799851394,-5.749892538262863,-1.6920702,-1.9861969,-1.3024096,-1.4626219,-7.808976,-11.58167,-1.8535418636708263,-2.172686719577851,-1.4648636259285714,-1.6431273153592272,-5.374988341207297,-5.662259219316576
2026-01,2026,1,Australian Grand Prix,Isack Hadjar,hadjar,Red Bull,3,0.0,3.1408786479298096,1.170682114250357,1.4919986374817376,1.1691457565682102,1.4441853278833428,-3.246598033392445,-3.8747740429111257,-3.6137355451675894,-4.269197042899469,0.2558834,0.28637075,-3.6908221131216123,-3.570789617035686,-3.7912977812375175,-3.8422377567880748,-3.0994670397625903,-4.033466410754294,-3.001272453929606,-2.788136408236376,1.2691087,1.4897134,1.3780333,1.5475482,0.12186633,0.18074273,1.1139045979714741,1.3056979042795058,1.2237952650307804,1.3727226158030166,-0.6997960042095087,-2.1592025413459583
2026-01,2026,1,Australian Grand Prix,Lewis Hamilton,hamilton,Ferrari,7,0.0,1.1108133577287886,0.5853660619416112,0.7460311866165236,0.848907808994195,1.048611942170177,-5.094345375691086,-6.080037326556856,-5.11973184849384,-6.048351849447383,-0.9755062,-1.0917335,-5.223459826120234,-5.053583061021013,-4.884800491665374,-4.95043279806088,-6.253382779513524,-8.137789197683842,-6.189436799851394,-5.749892538262863,0.75331295,0.8842587,1.1200731,1.2578558,-1.7854269,-2.6480072,0.5795926766622511,0.6793875746915902,0.9459428444325223,1.061057492959738,-2.108765084533407,-4.398941692146632
2026-01,2026,1,Australian Grand Prix,Nico Hülkenberg,hulkenberg,Audi,11,0.0,-0.4437706214854146,-0.5362894013378798,-0.6834844799900124,-0.35982866069747543,-0.44447774745944585,-5.536937963047782,-6.608266029782741,-5.598887605162779,-6.614417161613003,-3.0340765,-3.3955731,-5.6133595769260864,-5.430802536571625,-5.870367904586601,-5.949242320363779,-6.058300070941874,-7.8839198897517955,-6.189436799851394,-5.749892538262863,-0.6445528,-0.7565932,-0.33959454,-0.38136882,-4.2251477,-6.2664127,-0.8165667864267291,-0.9571641446523008,-0.511913900177403,-0.5742102524802419,-3.5017257866664258,-4.9893265947513425
2026-01,2026,1,Australian Grand Prix,Liam Lawson,lawson,RB F1 Team,8,0.0,0.6928790864727826,0.1137986826982773,0.14503294913817766,0.12472168710247428,0.15406225406057136,-5.3156656974200365,-6.344180355346899,-5.357256001537103,-6.328958274326897,-3.3582382,-3.7583573,-5.388391258156844,-5.213150611823684,-5.600702194598853,-5.675953374886173,-5.440188960559959,-7.079545986156273,-6.189436799851394,-5.749892538262863,0.23802866,0.27940434,0.28378874,0.31869823,-3.8304207,-5.680984,0.06796511198824881,0.07966741895920514,0.11350890446182865,0.12732214668754835,-3.2913298865669818,-4.43249506120923
2026-01,2026,1,Australian Grand Prix,Charles Leclerc,leclerc,Ferrari,4,0.0,2.5559699715273445,1.7525103077562731,2.2335209187161826,1.9728192950906616,2.4369217135920636,-3.6444385248159565,-4.349591680799003,-3.7355490786591026,-4.413105187385174,0.16922906,0.18939196,-3.9831404015912995,-3.8536011634459713,-3.903553188647493,-3.956001430770299,-3.681895835965474,-4.791405422849849,-3.001272453929606,-2.788136408236376,2.1994164,2.5817332,2.4701798,2.7740421,-0.36571392,-0.54239863,2.0307766937557146,2.380438035649804,2.3012208211553054,2.581263349696997,-0.6623716723363443,-2.2393770377745885
2026-01,2026,1,Australian Grand Prix,Max Verstappen,max_verstappen,Red Bull,20,0.0,-3.2485044269661913,0.9813956018738702,1.2507587525278003,1.4683704578192553,1.8138021364457613,-2.3329541272081813,-2.7843514973003547,-2.4322454069778945,-2.87340752229679,0.53653014,0.6004553,-1.4289308478691962,-1.3824593217032135,-1.6125011245167116,-1.6341667315456894,-1.388575271685066,-1.807011220088578,-0.7386095546367029,-0.6861570291819122,0.80604374,0.94615555,1.4444356,1.6221188,-0.90262336,-1.3387012,0.627163051876167,0.7351486688963476,1.2647386038895811,1.418648473521177,-0.3133755040501909,-0.9277946657964561
2026-01,2026,1,Australian Grand Prix,Lando Norris,norris,McLaren,6,0.0,1.555349991011903,2.6248777946146604,3.345326665069059,2.663111327090233,3.289603784213254,-3.205636751732714,-3.825887266874472,-3.0908172499141155,-3.651431516930238,0.9875148,1.1051728,-2.695431531938084,-2.607771014879569,-3.1503914883360267,-3.1927202302736064,-2.0275207440119116,-2.6384977524090742,-0.7386095546367029,-0.6861570291819122,3.0471575,3.5768342,3.1283035,3.513123,0.16710362,0.24783517,2.875381929936648,3.370468320858469,2.957387357824168,3.317280778720006,0.1563961663207849,-1.0604791539663516
2026-01,2026,1,Australian Grand Prix,Esteban Ocon,ocon,Haas F1 Team,13,0.0,-1.1299905532196064,-0.7730066451906926,-0.9851733851143448,-0.6728593837653943,-0.8311484212327269,-5.661762295562432,-6.757242305433989,-5.611409938176545,-6.629210802820109,-5.1706567,-5.7867174,-5.9951765760106355,-5.80020212673115,-5.931255262272316,-6.010947762170239,-8.065582891579584,-10.496081183954974,-6.189436799851394,-5.749892538262863,-0.90189874,-1.0586727,-0.7394025,-0.83035797,-6.1480994,-9.118386,-1.0682645407945752,-1.25219949237278,-0.9061211018328588,-1.016389721945058,-4.4622446975897745,-6.040795901100793
2026-01,2026,1,Australian Grand Prix,Sergio Pérez,perez,Cadillac F1 Team,18,0.0,-2.6786571814014213,-1.205721541158656,-1.5366553180348523,-1.0858830362096683,-1.3413351927090769,-5.519086874390571,-6.5869609793098345,-5.598887605162779,-6.614417161613003,-4.930688,-5.5181575,-5.462261783735812,-5.284618728589478,-5.884532352371025,-5.963597082036865,-5.721261384890782,-7.4453173165119875,-6.189436799851394,-5.749892538262863,-1.3756142,-1.6147324,-1.2319243,-1.383466,-4.583661,-6.798132,-1.5558853615909403,-1.823779396932229,-1.4125314772689637,-1.5844267090966246,-4.481496702156599,-5.135281904033922
2026-01,2026,1,Australian Grand Prix,Oscar Piastri,piastri,McLaren,5,0.0,2.0334881272332006,2.494838527899417,3.1795955870961916,2.3141655743150844,2.858569130446646,-4.131892847111968,-4.931362302141921,-4.206653786837365,-4.969659147107033,0.893181,0.9995996,-3.0723933497283724,-2.9724733233974945,-3.7521988111984683,-3.8026134519711303,-3.6013603269296905,-4.686601188314832,-6.189436799851394,-5.749892538262863,2.9200997,3.4276905,2.7093704,3.042656,0.20847213,0.30918977,2.7509647216542414,3.2246288222097657,2.5417843053931097,2.851101732623982,-0.28601662416912643,-2.257855354896519
2026-01,2026,1,Australian Grand Prix,George Russell,russell,Mercedes,1,1.0,4.694783444902767,3.7824734575237433,4.820647019579715,3.8749885885134265,4.78657313154263,-0.26164738890410044,-0.3122728777919305,-0.18159072244906907,-0.2145277554507911,2.077566,2.3250985,-0.35441687866114074,-0.3428905733294815,0.05626098984794246,0.05701691397014867,-0.36356188592006666,-0.4731183252722688,0.6737290947028437,0.6258840698616528,4.1875205,4.9154224,4.3207374,4.8522406,1.0358241,1.5362542,4.016227826603148,4.7077463059714,4.149551890201016,4.654523422252187,2.1525617180012824,1.3365235939742834
2026-01,2026,1,Australian Grand Prix,Carlos Sainz,sainz,Williams,21,0.0,-3.52499273211555,-1.0713098686159632,-1.3653517422355794,-0.6561991685971428,-0.8105689184887809,-5.275020773137134,-6.295671147872603,-5.293348695965036,-6.253459423744766,-6.0742617,-6.7979827,-5.60070427546998,-5.418558809387033,-5.095910133313737,-5.1643789143426195,-7.255360221899691,-9.441704453549143,-6.189436799851394,-5.749892538262863,-1.2289089,-1.4425259,-0.7030996,-0.78958946,-5.914914,-8.772543,-1.428504726329616,-1.674466225221304,-0.9043273482143972,-1.0143776810182785,-4.775673376346775,-5.527546279568549
2026-01,2026,1,Australian Grand Prix,Lance Stroll,stroll,Aston Martin,22,0.0,-3.796390595114378,-2.209287746533229,-2.8156698283064,-2.2985343340034348,-2.839260667162337,-5.607561880763915,-6.6925547900051505,-5.582205032109178,-6.594708693558768,-8.163252,-9.135867,-5.92372968626114,-5.731078824586627,-6.074542071015458,-6.156159776200661,-7.274884900596691,-9.467112736552258,-6.189436799851394,-5.749892538262863,-2.6820698,-3.1482847,-2.801022,-3.145582,-7.7033257,-11.424977,-2.8730988305375855,-3.3677921149194265,-2.9922478140888074,-3.3563835094455405,-6.144291948216994,-6.346253743274781
2026-02,2026,2,Chinese Grand Prix,Alexander Albon,albon,Williams,22,0.0,-3.796390595114378,-1.6176955536632425,-2.0617036277788907,-1.3169822990411213,-1.6268001681330964,-5.765114495351565,-6.880591859922027,-5.759795348753318,-6.8045104472257165,-7.470952,-8.361083,-6.409699608067967,-6.2012440879869235,-6.0667486776801525,-6.148261670629899,-8.654412364268119,-11.262349664723617,-6.189436799851394,-5.749892538262863,-1.8212729,-2.1378584,-1.4184816,-1.5929722,-8.578012,-12.722245,-2.0198364323538813,-2.3676140681299125,-1.618450231307841,-1.8154043397218225,-5.711218464025445,-6.6037302705763015
2026-02,2026,2,Chinese Grand Prix,Fernando Alonso,alonso,Aston Martin,18,0.0,-2.6786571814014213,-1.3384113180701418,-1.7057643903866273,-0.9725868242393634,-1.2013862375740465,-5.7360569896645455,-6.845912091244241,-5.737452896695719,-6.778115507954917,-7.7123766,-8.631272,-6.235672354659982,-6.032876529078783,-5.833653161287657,-5.912034276819401,-7.014328551849193,-9.12803983553431,-6.189436799851394,-5.749892538262863,-1.5210464,-1.7854446,-1.0893584,-1.2233628,-8.291876,-12.29787,-1.7220216199458536,-2.0185211771115075,-1.2927409437095756,-1.4500585028493596,-5.685489047058323,-5.737115957602463
2026-02,2026,2,Chinese Grand Prix,Andrea Kimi Antonelli,antonelli,Mercedes,1,1.0,4.694783444902767,3.2149293574621334,4.097329379636995,2.960317157800698,3.656726786338604,-2.4991046983528182,-2.982650120555966,-2.4268291751321893,-2.867008891104681,1.6729972,1.8723274,-1.5604122993609053,-1.509664748415662,-1.8843250117788555,-1.9096428516236559,-0.9504291087125091,-1.2368332479795245,-0.9555114450274363,-0.8876555825111475,3.31545,3.891763,3.0531566,3.4287322,0.9394597,1.393334,3.1491293386479926,3.6913498564112124,2.888519240780238,3.2400318920186884,0.9184934860144803,-0.18797881806301414
2026-02,2026,2,Chinese Grand Prix,Arvid Lindblad,arvid_lindblad,RB F1 Team,15,0.0,-1.7741221203876831,-0.6979642223384006,-0.8895341067089996,-0.8156008764377471,-1.0074696097923783,-5.574941947000318,-6.653623308088188,-5.596301653395808,-6.611362168379922,-4.7443566,-5.3096256,-5.547972172227674,-5.367541653596009,-5.680537433057907,-5.756861281684628,-6.103446531745025,-7.942670872058707,-6.189436799851394,-5.749892538262863,-0.95032483,-1.1155165,-1.115973,-1.2532513,-5.4721284,-8.115838,-1.1095047109175964,-1.300540439882845,-1.2747388504843402,-1.429865680399231,-4.236098194094587,-5.212159515072608
2026-02,2026,2,Chinese Grand Prix,Oliver Bearman,bearman,Haas F1 Team,10,0.0,-0.08130694544276129,-0.07100067748511775,-0.09048819724721754,-0.0708258304912609,-0.08748748789960147,-5.615862616759408,-6.70246161433067,-5.662162344709031,-6.689168710968163,-3.010964,-3.3697069,-5.820485739144715,-5.631192565350657,-5.870907329881447,-5.94978899339091,-5.52380058074751,-7.18835329310575,-6.189436799851394,-5.749892538262863,0.025594294,0.030043261,0.035920307,0.040338945,-4.4427743,-6.5891795,-0.1465382556771183,-0.1717693720654591,-0.13632935216575565,-0.1529196837601752,-3.344283494436251,-4.669203072747644
2026-02,2026,2,Chinese Grand Prix,Gabriel Bortoleto,bortoleto,Audi,16,0.0,-2.083069797589303,-1.2951578579909724,-1.6506391751647174,-1.2153488421989325,-1.5012576116392082,-5.711515205224454,-6.816621779250852,-5.613995889943516,-6.632265796053191,-6.0014296,-6.716473,-5.769003758867257,-5.581384876167907,-5.857942287504557,-5.936649752367592,-5.966087393917829,-7.763919666922935,-6.189436799851394,-5.749892538262863,-1.6698616,-1.9601278,-1.5125711,-1.6986358,-7.1433244,-10.594426,-1.848430667263939,-2.1666954718094273,-1.6920505667122607,-1.8979613227624401,-5.001568993491049,-5.371838686298898
2026-02,2026,2,Chinese Grand Prix,Valtteri Bottas,bottas,Cadillac F1 Team,19,0.0,-2.966538764732632,-2.3916741541349267,-3.0481157402448202,-2.2915049624068873,-2.8305776477296085,-5.765114495351565,-6.880591859922027,-5.759795348753318,-6.8045104472257165,-11.160044,-12.489713,-6.1062631546719786,-5.9076759603428295,-5.96061853748688,-6.0407055631139395,-7.902233971050597,-10.283508384911075,-6.189436799851394,-5.749892538262863,-2.865608,-3.3637266,-2.8454874,-3.195517,-11.487558,-17.037458,-3.074794551606664,-3.6042160248140727,-3.0574005992097684,-3.4294649342342267,-7.427253045939731,-6.678866203789044
2026-02,2026,2,Chinese Grand Prix,Franco Colapinto,colapinto,Alpine F1 Team,12,0.0,-0.7927815039957724,-1.3273949279010575,-1.6917243372226085,-1.3364009194488156,-1.6507869863060893,-5.7669227555622955,-6.882749995809286,-5.7764779218069195,-6.8242189152799515,-6.541907,-7.321346,-6.148886635162853,-5.948913244859371,-5.965446464644629,-6.04559835842649,-6.778961797552679,-8.821747209904077,-6.189436799851394,-5.749892538262863,-1.7642066,-2.0708725,-1.6983443,-1.9072614,-7.749112,-11.492884,-1.9235745649308842,-2.254777727580524,-1.8579392145089344,-2.0840374623279483,-5.243079618920203,-5.7972237247367016
2026-02,2026,2,Chinese Grand Prix,Pierre Gasly,gasly,Alpine F1 Team,7,0.0,1.1108133577287886,-0.3741664977469505,-0.47686378568040344,-0.16947932260780085,-0.20934904798203746,-5.737865249875276,-6.8480702271315,-5.722921932948332,-6.760948909379718,-4.3499823,-4.8682632,-5.989899423866518,-5.795096597527578,-5.80233485995268,-5.88029518197351,-5.7951075847753515,-7.541416472584664,-6.189436799851394,-5.749892538262863,-0.54697806,-0.64205736,-0.20315447,-0.22814496,-5.4684434,-8.110373,-0.6986175020804422,-0.8189062241242105,-0.35562705061785743,-0.3989043830482369,-4.022607016779337,-4.876481192339521
2026-02,2026,2,Chinese Grand Prix,Isack Hadjar,hadjar,Red Bull,9,0.0,0.2966855573633211,-0.13659774886088694,-0.1740896633703343,-0.1155427047471444,-0.14272393155630272,-4.973339521031369,-5.935618356344578,-5.256154286770788,-6.20951867053807,-1.3174212,-1.4743861,-5.187843988727764,-5.019125517832755,-5.283456406221376,-5.35444506384866,-4.818639430780717,-6.270697523235781,-6.189436799851394,-5.749892538262863,-0.4155404,-0.48777235,-0.32046068,-0.35988125,-3.1302657,-4.642568,-0.5870092652070019,-0.6880811595258925,-0.49241210400985347,-0.5523352236964832,-2.471296372660989,-4.124976910707061
2026-02,2026,2,Chinese Grand Prix,Lewis Hamilton,hamilton,Ferrari,3,0.0,3.1408786479298096,1.4343623394150127,1.8280510396562284,1.6786537718022503,2.073554246092331,-2.9629463668046,-3.5362393356210453,-2.881859528091808,-3.404572919519111,-0.54315037,-0.6078643,-3.3425031548467814,-3.233798648220747,-3.067547774495324,-3.1087634261400634,-3.002910473882792,-3.9078133032304336,-3.001272453929606,-2.788136408236376,1.8201793,2.1365747,2.1846325,2.453369,-0.11066427,-0.16412869,1.651971077398264,1.9364092558889936,2.0163251802778706,2.2616978957758196,-0.7965744738781426,-1.7939193822294257
2026-02,2026,2,Chinese Grand Prix,Nico Hülkenberg,hulkenberg,Audi,11,0.0,-0.4437706214854146,-1.0831219249778568,-1.380405847686817,-0.8271438814271705,-1.021728087276265,-5.656126851015366,-6.750516473031381,-5.563618682146624,-6.57275114041005,-5.456849,-6.1070085,-5.856326798753798,-5.6658680061042705,-5.985643938925932,-6.0660672064973085,-5.563585432941498,-7.240126989332429,-6.189436799851394,-5.749892538262863,-1.4515722,-1.7038939,-1.0559665,-1.1858633,-6.103782,-9.052658,-1.6128162961977106,-1.8905127618362825,-1.2187364667420097,-1.367048197035261,-4.689356068780128,-5.014615465193885
2026-02,2026,2,Chinese Grand Prix,Liam Lawson,lawson,RB F1 Team,14,0.0,-1.4567363613774855,-0.25475729879668413,-0.32468040475409077,-0.2349628136698566,-0.29023742009399106,-5.329949238553323,-6.361227582584414,-5.407440370996833,-6.38824511450084,-4.295789,-4.807613,-5.3096581329209585,-5.1369780363127795,-5.517303684944636,-5.591434320688142,-5.689874363270843,-7.404472069308669,-6.189436799851394,-5.749892538262863,-0.17724745,-0.20805776,-0.12776715,-0.14348406,-5.9038744,-8.75617,-0.36262985841233575,-0.4250678622032999,-0.3133371000281522,-0.3514680403408475,-3.7990151511025685,-4.695135554426665
2026-02,2026,2,Chinese Grand Prix,Charles Leclerc,leclerc,Ferrari,4,0.0,2.5559699715273445,2.204930190478808,2.8101162560626576,2.459426793099206,3.038002806444632,-1.9009278754672387,-2.2687335831378226,-1.8219546184992126,-2.1524218284304877,0.35139054,0.39325717,-2.34350726579396,-2.267291989606932,-2.235133488960855,-2.265164800624993,-2.61003201817659,-3.39654409653438,-1.8758425864385964,-1.7426291986660176,2.747768,3.2254028,3.0853581,3.4648948,-0.03500082,-0.051910512,2.5748315272972535,3.0181688227046166,2.9121204417753304,3.2665051946141688,0.2519962119522038,-0.8775944005274869
2026-02,2026,2,Chinese Grand Prix,Max Verstappen,max_verstappen,Red Bull,8,0.0,0.6928790864727826,1.9413603461400837,2.4742045308831337,2.3657830246118197,2.9223294990426925,-2.6620850017566937,-3.177165069015796,-2.8005143634973315,-3.308473320696695,1.0041552,1.1237957,-2.919438934615755,-2.8244932743395452,-2.8042211791907903,-2.8418987678553522,-1.7048518845627696,-2.2185952370126847,-0.7386095546367029,-0.6861570291819122,2.163569,2.5396547,2.6856003,3.015962,-0.15192118,-0.22531776,1.9904156602982315,2.333127595513403,2.510952305319306,2.816517693119068,0.10897801615007068,-0.826205528938917
2026-02,2026,2,Chinese Grand Prix,Lando Norris,norris,McLaren,6,0.0,1.555349991011903,2.475190879050542,3.154555258081673,2.5760617805041854,3.182075978315485,-2.6858445994332008,-3.2055218509148915,-2.463661348894326,-2.9105217064016236,1.0353256,1.1586801,-2.3812795803314657,-2.303835877236308,-2.8640746767632663,-2.9025564585772154,-2.542835783222067,-3.309098818639448,-3.001272453929606,-2.788136408236376,2.892126,3.3948543,3.0343175,3.4075756,0.18223211,0.27027258,2.719846868740153,3.18815306350512,2.8621508422244437,3.210454643213811,0.317083409867124,-1.1131772279867937
2026-02,2026,2,Chinese Grand Prix,Esteban Ocon,ocon,Haas F1 Team,13,0.0,-1.1299905532196064,-0.6375745725700648,-0.812569340547818,-0.5683240619930202,-0.7020213409682748,-5.644920122446427,-6.737141383008456,-5.6934987394429335,-6.726188919575295,-4.047892,-4.5301805,-5.840222660559448,-5.650287604856739,-5.900721451311256,-5.9800036981313225,-5.849987349370597,-7.612833811206203,-6.189436799851394,-5.749892538262863,-0.7745891,-0.9092333,-0.651353,-0.7314774,-5.770387,-8.558192,-0.9457482939442539,-1.108588264764981,-0.8228377362584735,-0.9229713514782678,-3.9719968206225382,-5.027851486208571
2026-02,2026,2,Chinese Grand Prix,Sergio Pérez,perez,Cadillac F1 Team,21,0.0,-3.52499273211555,-1.8902756817342987,-2.4090986846744475,-1.741881366782858,-2.151656026366822,-5.765114495351565,-6.880591859922027,-5.759795348753318,-6.8045104472257165,-10.288019,-11.513791,-6.186872068405137,-5.985663320171299,-5.978770830362919,-6.059101750668963,-7.069395003212258,-9.199700117474062,-6.189436799851394,-5.749892538262863,-2.1015985,-2.466912,-2.0935934,-2.351131,-9.769167,-14.4888735,-2.3293212257802978,-2.730386290202737,-2.32417536410208,-2.6070113004685393,-6.899176804956656,-6.090057664638087
2026-02,2026,2,Chinese Grand Prix,Oscar Piastri,piastri,McLaren,5,0.0,2.0334881272332006,2.1178078863118093,2.699081537474967,1.96896155525089,2.4321564469483707,-4.488536066662548,-5.357011512632834,-4.265587422121878,-5.0392822001332584,0.70623034,0.7903745,-3.568780253181103,-3.4527167885539263,-4.2106356177682756,-4.267209827391929,-3.628512626308433,-4.721935613915722,-6.189436799851394,-5.749892538262863,2.4450314,2.8700428,2.257592,2.5353034,0.11636262,0.17258003,2.2773777496160963,2.6694991297653874,2.0908208458984965,2.345259164477215,-0.6399934731939025,-2.5542742979834454
2026-02,2026,2,Chinese Grand Prix,George Russell,russell,Mercedes,2,0.0,3.8234734727697877,3.335670635012699,4.251210454098104,3.420201636099958,4.224798314075726,-1.2232409267296616,-1.4599227075136048,-1.1419078717364264,-1.3490277991702613,1.4540021,1.6272401,-1.1436063310666214,-1.1064140963150269,-0.9155847308720696,-0.9278865511183978,-1.263735396124422,-1.6445518558376284,-1.8758425864385964,-1.7426291986660176,3.6507728,4.285374,3.8190188,4.2888045,0.72304505,1.0723646,3.477169995361563,4.075872910512431,3.6461832501899476,4.089898328518211,1.371280307300052,0.3742242048719981
2026-02,2026,2,Chinese Grand Prix,Carlos Sainz,sainz,Williams,17,0.0,-2.3843592629011727,-0.753375716563233,-0.9601543655118917,-0.38358758445660635,-0.47382591804166013,-5.7360569896645455,-6.845912091244241,-5.71857494634246,-6.755813463763579,-5.081975,-5.6874695,-6.222499415356651,-6.0201319986060335,-5.29774585585983,-5.368926506903938,-8.451245704136456,-10.997960371689237,-6.189436799851394,-5.749892538262863,-0.82330877,-0.96642166,-0.3611227,-0.4055452,-6.670253,-9.892803,-1.0150262281652265,-1.1897945491181172,-0.5545436004300229,-0.6220276900155988,-4.449164924103547,-6.118701051613472
2026-02,2026,2,Chinese Grand Prix,Lance Stroll,stroll,Aston Martin,20,0.0,-3.2485044269661913,-2.102020271435302,-2.6789607039898504,-2.1611570243012688,-2.6695655765875634,-5.765114495351565,-6.880591859922027,-5.720107513943145,-6.75762400938517,-10.001962,-11.193651,-6.515268925626515,-6.3033800922325405,-6.37757451289508,-6.463263769847272,-7.885982708401049,-10.26235993545561,-6.189436799851394,-5.749892538262863,-2.5109346,-2.9474015,-2.6367888,-2.961146,-9.429689,-13.985387,-2.7082058904933373,-3.174507728951056,-2.8352038519419045,-3.180228392103307,-6.870603767066526,-6.618018724713831
2026-03,2026,3,Japanese Grand Prix,Alexander Albon,albon,Williams,17,0.0,-2.3843592629011727,-1.4602126046790367,-1.860996414052046,-1.1473716989091232,-1.4172889598102618,-5.763103554509387,-6.878191827242602,-5.705939527415629,-6.740886225053388,-8.196508,-9.173086,-6.552219823517589,-6.3391292772340355,-6.137630711004022,-6.220096076796218,-7.959421700470197,-10.357929174925003,-6.189436799851394,-5.749892538262863,-1.6903992,-1.9842354,-1.2619523,-1.4171878,-8.087598,-11.9949,-1.8779731597241447,-2.2013246227822574,-1.4511571726358683,-1.6277528822698264,-5.928867467088165,-6.230839528893656
2026-03,2026,3,Japanese Grand Prix,Fernando Alonso,alonso,Aston Martin,21,0.0,-3.52499273211555,-1.7572553211695132,-2.239568293542542,-1.3863487308298539,-1.7124849362418737,-5.737608476898945,-6.847763771803992,-5.726656529567061,-6.765360889349425,-10.214788,-11.431835,-6.338478585055782,-6.132339306967424,-5.758668607435538,-5.836042228552363,-6.37295948901483,-8.293399383272067,-6.189436799851394,-5.749892538262863,-1.9106708,-2.242796,-1.5237341,-1.711172,-9.357477,-13.878287,-2.1431955362856114,-2.5122132768689562,-1.759211721564495,-1.9732955218752235,-6.809298026352715,-5.62966111544745
2026-03,2026,3,Japanese Grand Prix,Andrea Kimi Antonelli,antonelli,Mercedes,1,1.0,4.694783444902767,3.7313210321102264,4.7554548140340405,3.45978801617099,4.273697323426287,-1.4134752794212389,-1.6869650220526473,-1.315483429325653,-1.554086594402381,2.0267932,2.2682767,-0.6970499227827531,-0.6743805446432168,-0.5664243896244444,-0.5740348824486958,-0.6478627944374765,-0.8430910174612257,0.6737290947028437,0.6258840698616528,3.9173822,4.598327,3.6383178,4.0858755,1.1893685,1.7639794,3.7460725169103206,4.391075360956647,3.4688895721363506,3.891029246035733,1.670498174433628,0.5824323305045928
2026-03,2026,3,Japanese Grand Prix,Arvid Lindblad,arvid_lindblad,RB F1 Team,10,0.0,-0.08130694544276129,-0.029860189657357705,-0.03805590069363306,-0.16515260825479355,-0.20400448136025298,-5.55289095045088,-6.6273057202096535,-5.599694354884152,-6.615370240077599,-3.2202363,-3.603913,-5.787130819246158,-5.598922410355274,-5.818551028773072,-5.896729231659743,-5.818060120329862,-7.571285569436828,-6.189436799851394,-5.749892538262863,-0.049967274,-0.05865291,-0.22946861,-0.25769606,-3.735765,-5.540598,-0.2084590453508418,-0.24435175071399692,-0.38734340507825527,-0.43448039670238187,-3.3847172274392316,-4.810930721599279
2026-03,2026,3,Japanese Grand Prix,Oliver Bearman,bearman,Haas F1 Team,18,0.0,-2.6786571814014213,-0.9410516726004065,-1.199341645548924,-0.8849680141715826,-1.0931552499186559,-5.650719250232188,-6.74406256930398,-5.722533126811497,-6.760489581355048,-5.3475,-5.9846306,-5.916236939947339,-5.723829756514426,-5.795710457881796,-5.8735817742641885,-7.0581576140550775,-9.18507643181179,-6.189436799851394,-5.749892538262863,-1.0969146,-1.2875875,-1.0292002,-1.1558044,-6.2757425,-9.307696,-1.2762870338830983,-1.4960395247806886,-1.2090283419089793,-1.3561586611005028,-4.590606964683304,-5.685994362853665
2026-03,2026,3,Japanese Grand Prix,Gabriel Bortoleto,bortoleto,Audi,9,0.0,0.2966855573633211,-0.5622198884032027,-0.7165320946240443,-0.5205019757336006,-0.6429491894109287,-5.586712366988434,-6.667671156751626,-5.549750528098209,-6.5563675723503625,-4.9129663,-5.4983244,-5.749714177296482,-5.562722628170366,-5.717830317429616,-5.7946552342202535,-5.967610489077981,-7.765901734513926,-6.189436799851394,-5.749892538262863,-0.69492143,-0.8157172,-0.58033967,-0.6517285,-4.7353544,-7.023112,-0.8618474938238245,-1.0102413335429379,-0.747979971253789,-0.8390039184225324,-4.253260463305006,-5.036043808075745
2026-03,2026,3,Japanese Grand Prix,Valtteri Bottas,bottas,Cadillac F1 Team,20,0.0,-3.2485044269661913,-2.455079792205362,-3.1289242914802062,-2.3749395666801076,-2.9336401022201644,-5.765114495351565,-6.880591859922027,-5.759795348753318,-6.8045104472257165,-10.485133,-11.73439,-6.165465313320965,-5.96495275313605,-5.938824838711298,-6.018619043635041,-8.880824108623955,-11.556988760459737,-6.189436799851394,-5.749892538262863,-2.975338,-3.4925306,-2.9429572,-3.3049767,-10.958319,-16.252531,-3.164451523312173,-3.709310231511052,-3.1341962555327356,-3.5156060864696226,-7.192131593355904,-7.1386758308817
2026-03,2026,3,Japanese Grand Prix,Franco Colapinto,colapinto,Alpine F1 Team,15,0.0,-1.7741221203876831,-1.3807572274810374,-1.7597329599708977,-1.4003704170778932,-1.7298052005783253,-5.756711170264026,-6.870562596801543,-5.7937387773436795,-6.844610555037319,-5.9311404,-6.6378093,-5.810193662027814,-5.62123520599267,-5.754005363603937,-5.831316329255411,-6.126474200471965,-7.972637742858276,-6.189436799851394,-5.749892538262863,-1.8360921,-2.1552536,-1.7860591,-2.0057662,-6.8953867,-10.226705,-2.0027551451313674,-2.3475917062782345,-1.9528045403020338,-2.190447236816194,-5.0248334110930655,-5.535917467271497
2026-03,2026,3,Japanese Grand Prix,Pierre Gasly,gasly,Alpine F1 Team,7,0.0,1.1108133577287886,0.001916682130720668,0.00244275289825541,0.17260244236607222,0.2132068764065765,-5.682585445805957,-6.782094474142704,-5.740182788485092,-6.781340549137085,-2.7839465,-3.1156414,-5.633097465577521,-5.449898511858047,-5.57238966015575,-5.647260432494255,-5.211435580190084,-6.781859621296893,-6.189436799851394,-5.749892538262863,-0.03230822,-0.037924245,0.26461184,0.29716232,-3.738173,-5.5441694,-0.19035224688589894,-0.2231273039777669,0.10606186277970397,0.1189688519576303,-3.254614339135165,-4.4595794378711835
2026-03,2026,3,Japanese Grand Prix,Isack Hadjar,hadjar,Red Bull,8,0.0,0.6928790864727826,0.2595380082239088,0.33077327306119975,0.22946314814765828,0.28344396751478623,-5.225149859473945,-6.23615083776003,-5.437489258531538,-6.42374428708892,-0.9482473,-1.0612267,-5.044007467882693,-4.879966831924234,-5.325544044506387,-5.3970981927358155,-4.694548605146431,-6.109212929059551,-6.189436799851394,-5.749892538262863,0.23807646,0.27946046,0.22983915,0.25811216,-2.3535786,-3.490646,0.0586709929138812,0.06877302834476155,0.05000091174925922,0.056085674074946315,-2.273857724838144,-4.029069582078943
2026-03,2026,3,Japanese Grand Prix,Lewis Hamilton,hamilton,Ferrari,6,0.0,1.555349991011903,1.256961553530113,1.6019591504861714,1.4989799286484942,1.8516124337654187,-4.32606626162781,-5.163105837575296,-4.47233478938706,-5.283529527565967,-0.78848064,-0.8824246,-4.617535702396708,-4.467364732586466,-4.55192874414206,-4.6130885770842225,-4.564333881980037,-5.939759050267039,-6.189436799851394,-5.749892538262863,1.5754833,1.8493441,1.9256086,2.162482,-0.68317044,-1.0132256,1.4009333596229998,1.6421475905801421,1.7510032508563027,1.9640881375158727,-1.4832277870338584,-3.090216191041397
2026-03,2026,3,Japanese Grand Prix,Nico Hülkenberg,hulkenberg,Audi,13,0.0,-1.1299905532196064,-0.9968610949840803,-1.2704690516496009,-0.7700772498809373,-0.9512366267138911,-5.629053928594533,-6.718205279596579,-5.613995889943516,-6.632265796053191,-5.5945106,-6.2610717,-5.83205360275133,-5.642384220215554,-5.86547378198884,-5.944282440207562,-6.848388481509042,-8.91209506460154,-6.189436799851394,-5.749892538262863,-1.2865264,-1.5101589,-0.9307478,-1.0452411,-5.878296,-8.718234,-1.4583262441062088,-1.709422444393252,-1.103830988869539,-1.2381595236906828,-4.6987099843196205,-5.5387672398111585
2026-03,2026,3,Japanese Grand Prix,Liam Lawson,lawson,RB F1 Team,14,0.0,-1.4567363613774855,-0.4374121270447053,-0.5574684106168234,-0.40563128160559,-0.5010553578407761,-5.398034679545985,-6.442486702667986,-5.38501339172342,-6.361750316417662,-4.287001,-4.797778,-5.57938129357899,-5.3979292910827255,-5.5395786138105905,-5.614008536077417,-5.990795324204227,-7.796073132538456,-6.189436799851394,-5.749892538262863,-0.49828094,-0.5848954,-0.4392933,-0.49333173,-5.4410577,-8.0697565,-0.6762761790691207,-0.7927181477953785,-0.6177533599251996,-0.6929296365076995,-3.8920450758833502,-4.923506059895875
2026-03,2026,3,Japanese Grand Prix,Charles Leclerc,leclerc,Ferrari,4,0.0,2.5559699715273445,2.2025717800148037,2.80711053388062,2.437169300437995,3.0105092760988996,-2.832951008871396,-3.3810915059735946,-2.946831891069061,-3.481330008250632,0.10878129,0.1217421,-3.400115179238128,-3.2895370209214114,-2.866986947497935,-2.905507858657185,-2.836257808149268,-3.690941202035152,-3.001272453929606,-2.788136408236376,2.7365744,3.2122636,3.0454242,3.4200485,-0.109554805,-0.16248322,2.565045042619139,3.006697290440769,2.8737919082279295,3.223512345781927,-0.2005525432019338,-1.3566795989931897
2026-03,2026,3,Japanese Grand Prix,Max Verstappen,max_verstappen,Red Bull,11,0.0,-0.4437706214854146,1.4418123448018267,1.837545844224483,1.896965000035188,2.343222823303479,-3.3058970118800617,-3.94554663017068,-3.253780951001591,-3.843953670830777,0.7889105,0.88290566,-3.1257076983965817,-3.0240537888950443,-2.5799838677048683,-2.6146485980228387,-2.107459664176706,-2.742525620832984,-6.189436799851394,-5.749892538262863,1.6196744,1.9012169,2.1615467,2.4274433,-0.42183584,-0.6256343,1.4337100876635227,1.6805678513363924,1.9737236580285185,2.213912065310255,-0.41340062363755053,-1.451319604103891
2026-03,2026,3,Japanese Grand Prix,Lando Norris,norris,McLaren,5,0.0,2.0334881272332006,2.04212683026205,2.6026283405439403,2.111908710683025,2.6087316800858695,-3.7728765742172503,-4.502880882241119,-3.686842110321984,-4.355563720226214,0.7327644,0.82007,-3.188497793271381,-3.084801831461091,-3.345725982901058,-3.390679244185698,-2.707482853065198,-3.523360953813582,-6.189436799851394,-5.749892538262863,2.2939641,2.692716,2.3962042,2.6909666,0.04911837,0.072848566,2.126003389135414,2.492060967106561,2.2282266207712835,2.4993862640824487,-0.3837217911947512,-1.8096228248239417
2026-03,2026,3,Japanese Grand Prix,Esteban Ocon,ocon,Haas F1 Team,12,0.0,-0.7927815039957724,-0.5032596192263727,-0.6413890304168003,-0.4218283688346954,-0.5210627825774334,-5.679776755919208,-6.778742337981766,-5.722533126811497,-6.760489581355048,-4.215992,-4.7183084,-5.938942868689992,-5.745797245630514,-5.819537851421046,-5.897729313282469,-7.375833949025928,-9.598481965782108,-6.189436799851394,-5.749892538262863,-0.58391,-0.685409,-0.45144853,-0.5069822,-5.4307547,-8.054476,-0.7487726539711229,-0.877697144667802,-0.6166847027161304,-0.6917309311675596,-3.9983892553919804,-5.6445719770694645
2026-03,2026,3,Japanese Grand Prix,Sergio Pérez,perez,Cadillac F1 Team,19,0.0,-2.966538764732632,-1.8411656550132096,-2.3465094539493534,-1.7285859395866967,-2.135232872301757,-5.765114495351565,-6.880591859922027,-5.759795348753318,-6.8045104472257165,-9.180681,-10.274518,-6.128761970225241,-5.9294430719810665,-5.93797486978292,-6.017757654502044,-8.057083641564446,-10.485020753560693,-6.189436799851394,-5.749892538262863,-2.100532,-2.4656603,-2.0952845,-2.35303,-9.407173,-13.951992,-2.2953744150153383,-2.69059448060477,-2.292305660109396,-2.571263275713267,-6.454526688043187,-6.513910279533132
2026-03,2026,3,Japanese Grand Prix,Oscar Piastri,piastri,McLaren,3,0.0,3.1408786479298096,2.0088627981430585,2.560234346483081,1.825650677678265,2.2551319266490526,-2.7819307427949975,-3.3201994581678873,-2.951080742866354,-3.486349519308373,0.6473294,0.7244558,-2.509111965824559,-2.42751091245863,-3.0486991878860863,-3.08966158943114,-2.716272485405854,-3.5347992709029716,-3.001272453929606,-2.788136408236376,2.2945259,2.6933753,2.0622349,2.3159149,0.19468144,0.28873646,2.130796019663608,2.4976787979764983,1.899313872196792,2.1304471273692664,-0.0483460251130331,-1.5365036182980272
2026-03,2026,3,Japanese Grand Prix,George Russell,russell,Mercedes,2,0.0,3.8234734727697877,3.4782489529448917,4.432922170284602,3.591060638974149,4.43585160978453,-1.7372273474498414,-2.073359055632839,-1.5885053983184183,-1.876629450154281,1.5047079,1.6839871,-1.4701205077635677,-1.4223094161732655,-1.2489594286016654,-1.265740479953385,-1.367947155536643,-1.7801669876659048,-1.8758425864385964,-1.7426291986660176,3.7609372,4.4146876,3.9764526,4.465605,0.788257,1.1690818,3.5874975206729722,4.205196749237747,3.803774768367297,4.26666763564193,1.24797141376546,0.19451548889671766
2026-03,2026,3,Japanese Grand Prix,Carlos Sainz,sainz,Williams,16,0.0,-2.083069797589303,-0.8298987496907184,-1.0576806365400333,-0.4554920446081856,-0.5626457814136099,-5.732494561587968,-6.841660378005065,-5.732464182480362,-6.772221937794656,-5.9151864,-6.6199546,-6.332311732860035,-6.126373012435894,-5.370867004545289,-5.443030113244055,-7.840720035407584,-10.203457721352994,-6.189436799851394,-5.749892538262863,-0.9472351,-1.1118897,-0.47420448,-0.5325374,-6.8478103,-10.156143,-1.1283422237175964,-1.3226214161438195,-0.657029650515544,-0.7369855778067212,-4.7975848316907745,-5.881560070108765
2026-03,2026,3,Japanese Grand Prix,Lance Stroll,stroll,Aston Martin,22,0.0,-3.796390595114378,-2.38325220938992,-3.037382228618103,-2.4426912689171734,-3.0173302783681737,-5.765114495351565,-6.880591859922027,-5.737368369479905,-6.778015649142538,-12.288389,-13.752496,-6.5639717989161,-6.3504990562281165,-6.2605784936313285,-6.3446957890271625,-7.684237264875037,-9.999820131177767,-6.189436799851394,-5.749892538262863,-2.7265244,-3.2004666,-2.9053516,-3.2627454,-10.605153,-15.728744,-2.952030677785451,-3.4603145335539596,-3.132542240153953,-3.5137507889519584,-7.857859648588098,-6.6464865845468895
2026-04,2026,4,Miami Grand Prix,Alexander Albon,albon,Williams,15,0.0,-1.7741221203876831,-1.510578524282702,-1.9251862419391004,-1.269474328821624,-1.568116027885341,-5.763103554509387,-6.878191827242602,-5.745627362225802,-6.787772662893934,-7.9365478,-8.882152,-6.3049571880455915,-6.099908089010056,-6.137935137769091,-6.220404593847217,-7.435461510995471,-9.676077812188575,-6.189436799851394,-5.749892538262863,-1.8416474,-2.1617746,-1.4904153,-1.6737546,-7.9406805,-11.777003,-2.0192398521861055,-2.3669147681393943,-1.6691956751740036,-1.8723251502810068,-5.848279041375215,-6.053460316582173
2026-04,2026,4,Miami Grand Prix,Fernando Alonso,alonso,Aston Martin,17,0.0,-2.3843592629011727,-1.3949736054073603,-1.7778512999009322,-1.1038884841882586,-1.3635763920176849,-5.766665982585964,-6.882443540481778,-5.726656529567061,-6.765360889349425,-9.907583,-11.088028,-6.1852514729453105,-5.984095429532303,-5.760914709055214,-5.838318508851792,-6.883962762557062,-8.958389368058599,-6.189436799851394,-5.749892538262863,-1.42471,-1.6723624,-1.144817,-1.2856435,-9.054089,-13.428325,-1.6471289682761256,-1.930733427146943,-1.3697498576230391,-1.5364388646370646,-6.56305520568543,-5.746826653126128
2026-04,2026,4,Miami Grand Prix,Andrea Kimi Antonelli,antonelli,Mercedes,1,1.0,4.694783444902767,3.903742039849445,4.975200127888837,3.633821983479207,4.488672488608091,-2.205680989534406,-2.6324526033979,-1.6969998610965578,-2.0048027029764985,2.2221308,2.4868877,-1.3668517580881598,-1.3223991610043098,-1.3309581339563008,-1.3488409220448743,-0.718605719019245,-0.9351517512707852,0.6737290947028437,0.6258840698616528,4.0972776,4.809493,3.805182,4.273266,1.3262737,1.9670266,3.9307957980839388,4.607604497777935,3.6404956699691318,4.083518609441498,1.5072997542789057,0.30766641324305327
2026-04,2026,4,Miami Grand Prix,Arvid Lindblad,arvid_lindblad,RB F1 Team,16,0.0,-2.083069797589303,-1.067421618043393,-1.3603962855100984,-1.1449809564128306,-1.4143357991658374,-5.629053928594533,-6.718205279596579,-5.673655777606503,-6.702746829545287,-5.125037,-5.7356625,-5.924068501413785,-5.731406620831495,-5.894378120821784,-5.973575138488488,-6.495562131678636,-8.452947342553495,-6.189436799851394,-5.749892538262863,-1.5080212,-1.7701553,-1.6011952,-1.7981617,-5.4364076,-8.06286,-1.6629424435597766,-1.9492696838199473,-1.7559043370958614,-1.9695856517776835,-4.545329422655481,-5.540087151474673
2026-04,2026,4,Miami Grand Prix,Oliver Bearman,bearman,Haas F1 Team,12,0.0,-0.7927815039957724,-0.28125361652125086,-0.35844915330001975,-0.21043559139638532,-0.2599402100651454,-5.7360569896645455,-6.845912091244241,-5.737368369479905,-6.778015649142538,-5.3462133,-5.983191,-5.866688233762034,-5.6758924677041565,-5.840319452036056,-5.918790136023599,-6.676948353923823,-8.688992838573874,-6.189436799851394,-5.749892538262863,-0.15977623,-0.18754958,-0.08438933,-0.094770245,-5.281014,-7.8323917,-0.3392118508988812,-0.39761771666264706,-0.2645171386972948,-0.29670703011597865,-4.369234367663343,-5.275986838381977
2026-04,2026,4,Miami Grand Prix,Gabriel Bortoleto,bortoleto,Audi,21,0.0,-3.52499273211555,-2.046759205175543,-2.6085321610389363,-1.9810070134026987,-2.44703557885536,-5.663819357549284,-6.759697383121258,-5.6032263116871395,-6.619542825301531,-8.2428665,-9.224967,-5.765613710120306,-5.5781050781999095,-5.721816724500968,-5.79869520276065,-7.877079454485879,-10.250773757847474,-6.189436799851394,-5.749892538262863,-2.6315713,-3.089008,-2.5056334,-2.8138568,-6.4018035,-9.49466,-2.8119022835091196,-3.2960586798032385,-2.686780543441159,-3.0137430018479714,-6.134042647908367,-6.49943373628287
2026-04,2026,4,Miami Grand Prix,Valtteri Bottas,bottas,Cadillac F1 Team,19,0.0,-2.966538764732632,-2.520787523921836,-3.21266679083134,-2.4483531741535085,-3.0243241372811824,-5.765114495351565,-6.880591859922027,-5.737368369479905,-6.778015649142538,-10.965385,-12.271862,-6.335292276626205,-6.1292566232974215,-6.050355667117401,-6.131648403151059,-8.880824108623955,-11.556988760459737,-6.189436799851394,-5.749892538262863,-3.0913053,-3.6286561,-3.041841,-3.4160247,-10.383679,-15.40027,-3.266459668317613,-3.828882249972595,-3.218868540624827,-3.6105823982751035,-7.402051262309338,-7.168967218432262
2026-04,2026,4,Miami Grand Prix,Franco Colapinto,colapinto,Alpine F1 Team,8,0.0,0.6928790864727826,-0.5578584581784345,-0.7109735848683941,-0.6291787039020402,-0.7771919349552651,-5.711642951492976,-6.81677424282049,-5.779870623295265,-6.828226986977631,-4.0258555,-4.5055184,-5.769598243254222,-5.581960026801399,-5.7485593394812895,-5.825797132211071,-5.693137723265162,-7.408718816492756,-6.189436799851394,-5.749892538262863,-0.7740625,-0.9086151,-0.7878488,-0.8847638,-4.6693664,-6.9252434,-0.9299570669083923,-1.0900780870672908,-0.9434868390381197,-1.0583026088334737,-3.9585279731231484,-5.011379843812541
2026-04,2026,4,Miami Grand Prix,Pierre Gasly,gasly,Alpine F1 Team,9,0.0,0.2966855573633211,-0.11242410304541292,-0.1432810893085799,0.05859875563510501,0.07238401426426654,-5.682585445805957,-6.782094474142704,-5.740182788485092,-6.781340549137085,-3.0028172,-3.3605895,-5.592502046803929,-5.410623332666776,-5.566943636033102,-5.641741235449915,-5.393213221027204,-7.018414486742031,-6.189436799851394,-5.749892538262863,-0.1807304,-0.21214613,0.1138348,0.12783787,-4.1879396,-6.2112284,-0.34301869062304496,-0.402080022194755,-0.04893284539162823,-0.054887631488744995,-3.3827329418244014,-4.585635749675238
2026-04,2026,4,Miami Grand Prix,Isack Hadjar,hadjar,Red Bull,22,0.0,-3.796390595114378,-0.96702101292255,-1.2324387774733738,-0.9577064488606057,-1.1830052789342291,-5.205057776317397,-6.21217118845258,-5.438187455528232,-6.4245691234712154,-3.5207984,-3.940286,-5.367495947319185,-5.192934855903456,-5.418902717647143,-5.491711235435923,-5.3256394601912955,-6.930477918589056,-6.189436799851394,-5.749892538262863,-1.3637286,-1.6007808,-1.3244698,-1.4873958,-4.184167,-6.205633,-1.582356701128381,-1.8548086005287048,-1.5436386636173103,-1.73148872587126,-3.726876673997484,-4.785229821643971
2026-04,2026,4,Miami Grand Prix,Lewis Hamilton,hamilton,Ferrari,6,0.0,1.555349991011903,1.3293224823394008,1.6941809465452182,1.616700928663164,1.9970271008844043,-4.358598363717754,-5.2019324934911,-4.384333510404567,-5.179566524377806,-0.75274456,-0.8424307,-4.529829232638804,-4.382510642641313,-4.349351296317764,-4.40778929340458,-4.51028405900379,-5.869421749471413,-6.189436799851394,-5.749892538262863,1.611591,1.8917283,2.0295029,2.2791564,-0.621477,-0.92172664,1.4376794118610798,1.685220618095408,1.8552518111688965,2.0810230207395,-1.4541733487823458,-3.031117440201145
2026-04,2026,4,Miami Grand Prix,Nico Hülkenberg,hulkenberg,Audi,10,0.0,-0.08130694544276129,-0.9229543499089946,-1.1762771599221458,-0.7374050217023884,-0.9108783118505517,-5.661092700384333,-6.756443151985158,-5.639735365435618,-6.662673912884984,-5.306863,-5.939152,-5.97599240505042,-5.7816418611923055,-5.966061322760652,-6.046221477792145,-6.013318437874737,-7.825383404688522,-6.189436799851394,-5.749892538262863,-1.2279096,-1.4413528,-0.93906784,-1.0545846,-4.60186,-6.8251233,-1.3834972982106752,-1.6217093691324342,-1.0956901326910287,-1.22902798207783,-4.572012375668662,-5.175062259450196
2026-04,2026,4,Miami Grand Prix,Liam Lawson,lawson,RB F1 Team,11,0.0,-0.4437706214854146,-0.24271021427448822,-0.3093267630831805,-0.22617281071894402,-0.279379583744295,-5.429129438918587,-6.479597908073858,-5.427441124187923,-6.411873616175057,-3.7663486,-4.215092,-5.846138998245806,-5.656011532083201,-5.743299218112952,-5.820466335715283,-6.421494820463791,-8.356560445036159,-6.189436799851394,-5.749892538262863,-0.25566724,-0.300109,-0.22092265,-0.24809884,-4.4287486,-6.5683775,-0.42342563200151706,-0.49633151827313343,-0.3891153587761619,-0.4364679848102759,-3.628949670767158,-5.049076360269793
2026-04,2026,4,Miami Grand Prix,Charles Leclerc,leclerc,Ferrari,3,0.0,3.1408786479298096,2.390998229020891,3.0472542943092367,2.61333055146716,3.22811216491634,-1.8626662747563798,-2.2230688424616414,-1.8440158376262556,-2.1784845245748903,0.1350882,0.15118337,-2.654070595417579,-2.5677552140222972,-2.4120521942240885,-2.4444605902114747,-2.352774059724905,-3.0617635291005754,-3.001272453929606,-2.788136408236376,2.9317007,3.441308,3.2220116,3.6183584,0.031908303,0.04732393,2.761445868291627,3.236914624085261,3.0516727959971734,3.423040097308092,0.2550826816634793,-0.6870107711976028
2026-04,2026,4,Miami Grand Prix,Max Verstappen,max_verstappen,Red Bull,2,0.0,3.8234734727697877,3.0451921912620916,3.881004539940747,3.4503433944221236,4.262030870308279,-2.565861859784653,-3.062323955639336,-2.5149652533056908,-2.9711311434411116,1.7570101,1.9663501,-2.875255278435361,-2.7817465539894317,-2.98341553141654,-3.0235007800560982,-1.39247638862751,-1.8120879071286111,-6.189436799851394,-5.749892538262863,3.3961697,3.986514,3.8881888,4.3664837,0.663867,0.9845962,3.231680408186943,3.7881146589709007,3.7221686765232125,4.175130651423532,0.8598649086809173,-0.20455496889514813
2026-04,2026,4,Miami Grand Prix,Lando Norris,norris,McLaren,4,0.0,2.5559699715273445,2.6747926158620556,3.4089415818639113,2.77980197793764,3.4337457142576726,-1.786728832918702,-2.132438457827838,-1.6466116964070336,-1.9452751030730386,1.1803627,1.3209976,-1.8376311796073421,-1.7778679478359152,-1.5966329834554926,-1.6180853857286501,-1.8989940723595593,-2.4712406058270227,-1.8758425864385964,-1.7426291986660176,3.212162,3.770521,3.3643422,3.7781973,0.38932535,0.57741725,3.042195130922745,3.5660036003881084,3.1945969955712337,3.5833571754232145,0.7953025949206199,-0.3907954081561402
2026-04,2026,4,Miami Grand Prix,Esteban Ocon,ocon,Haas F1 Team,14,0.0,-1.4567363613774855,-0.6932816004415807,-0.8835662479667729,-0.6429186278003856,-0.7941641528235223,-5.7360569896645455,-6.845912091244241,-5.777056204290078,-6.824902086983084,-5.398738,-6.0419736,-5.821119014979558,-5.63180524586098,-5.855863341057557,-5.934542873142085,-7.048789543473576,-9.172885368787304,-6.189436799851394,-5.749892538262863,-0.7752744,-0.91003764,-0.71248424,-0.8001285,-6.2411675,-9.256417,-0.9501957848240841,-1.1138015294661698,-0.8878683747190821,-0.9959157652097114,-4.547853163999398,-5.6160705216195845
2026-04,2026,4,Miami Grand Prix,Sergio Pérez,perez,Cadillac F1 Team,20,0.0,-3.2485044269661913,-2.138650383470216,-2.7256446642055505,-2.077517256681681,-2.5662496944187403,-5.765114495351565,-6.880591859922027,-5.777056204290078,-6.824902086983084,-9.513742,-10.647263,-6.23954414169566,-6.03662239829779,-5.904478013908374,-5.983810734001155,-7.123438595425666,-9.270029309916767,-6.189436799851394,-5.749892538262863,-2.493723,-2.9271982,-2.5340393,-2.845757,-9.300828,-13.79427,-2.6824251471467093,-3.14428802914933,-2.724393800762764,-3.0559335303250426,-6.696969352278072,-6.2520375135661315
2026-04,2026,4,Miami Grand Prix,Oscar Piastri,piastri,McLaren,7,0.0,1.1108133577287886,2.162594132812937,2.7561602422268474,2.0388015674432762,2.5184262044536263,-3.063424151668401,-3.65615831193874,-3.1786122985747487,-3.7551508836183745,0.82949543,0.92832613,-2.8817190126337664,-2.788000075360968,-3.342305343634507,-3.3872126451210356,-2.9427193661862403,-3.829484091141528,-1.8758425864385964,-1.7426291986660176,2.5850115,3.034355,2.4242206,2.7224293,0.09324043,0.13828701,2.4073457641036393,2.8218451784743985,2.2474090216441294,2.52090302939114,-0.02742789461417193,-1.6592101445285594
2026-04,2026,4,Miami Grand Prix,George Russell,russell,Mercedes,5,0.0,2.0334881272332006,2.5352666903429104,3.231120046680344,2.6762731939466002,3.305861958093399,-2.8224745025904054,-3.3685879270948873,-2.8788750968366963,-3.4010471703518546,0.5568121,0.6231538,-2.534465220691345,-2.4520396316603827,-2.5225837592879543,-2.5564772602570125,-2.4324142887916698,-3.1654026982753436,-3.001272453929606,-2.788136408236376,2.8153493,3.3047316,3.0538597,3.4295218,0.27856103,0.41314018,2.6420630772001337,3.096976374060017,2.8813765154144657,3.23201994677896,0.10366188853581139,-1.0782989140013817
2026-04,2026,4,Miami Grand Prix,Carlos Sainz,sainz,Williams,13,0.0,-1.1299905532196064,-0.7100564200927935,-0.9049452438179548,-0.43018487659352783,-0.5313851447207759,-5.732494561587968,-6.841660378005065,-5.732464182480362,-6.772221937794656,-5.1846476,-5.8023753,-6.08845519208262,-5.890447146283065,-5.329144457282382,-5.400746980751468,-7.231526983916029,-9.410689261700554,-6.189436799851394,-5.749892538262863,-0.83681726,-0.9822783,-0.47420996,-0.5325436,-6.436042,-9.54544,-1.0107018197489777,-1.1847255593530805,-0.6491826410879223,-0.7281836420454771,-4.470616307552797,-5.606307819880398
2026-04,2026,4,Miami Grand Prix,Lance Stroll,stroll,Aston Martin,18,0.0,-2.6786571814014213,-1.9950738374890187,-2.5426607368262095,-2.1118798281603652,-2.6086960029983697,-5.766665982585964,-6.882443540481778,-5.709311146814487,-6.7448693907796775,-12.083679,-13.523396,-6.541743182160644,-6.328993356013181,-6.306453159588273,-6.391186828188501,-7.001822537298587,-9.111765234457689,-6.189436799851394,-5.749892538262863,-2.1834419,-2.562982,-2.441244,-2.7415466,-10.306119,-15.285239,-2.4066103360539746,-2.820983123622534,-2.665782513222499,-2.990189657761659,-7.630492726078034,-6.2139691712608105
2026-05,2026,5,Canadian Grand Prix,Alexander Albon,albon,Williams,18,0.0,-2.6786571814014213,-1.5446560275310122,-1.968616980135537,-1.2780586639445617,-1.5787198133967133,-5.7669227555622955,-6.882749995809286,-5.754050942533507,-6.797724117196773,-8.351943,-9.34704,-6.651290752042769,-6.434978232313746,-6.24503466875467,-6.3289431169153705,-7.892269368639764,-10.270541030006182,-6.189436799851394,-5.749892538262863,-1.8357587,-2.1548622,-1.449922,-1.62828,-7.697873,-11.41689,-2.0183847089146782,-2.3659123853685586,-1.6336344149605528,-1.8324363326524862,-6.02256818245798,-6.257094752677167
2026-05,2026,5,Canadian Grand Prix,Fernando Alonso,alonso,Aston Martin,19,0.0,-2.966538764732632,-1.9884374145172379,-2.5342028182237804,-1.7097538216098898,-2.1119705302693106,-5.765114495351565,-6.880591859922027,-5.754713752232479,-6.798507147712284,-9.992894,-11.183503,-6.315249021359705,-6.109865212494183,-5.818472533588647,-5.896649681811979,-7.5519391056081595,-9.827654989635095,-6.189436799851394,-5.749892538262863,-2.3371587,-2.743419,-2.0472357,-2.2990706,-9.132027,-13.543916,-2.5508651909042825,-2.990075936421045,-2.263350360412496,-2.5387843179357263,-6.823445129321124,-6.2865585773122605
2026-05,2026,5,Canadian Grand Prix,Andrea Kimi Antonelli,antonelli,Mercedes,2,1.0,3.8234734727697877,3.3653533321798754,4.28904014602824,3.0712487336529906,3.7937548286890377,-2.487185802776557,-2.968425068139851,-2.260087481997646,-2.6700234907175506,1.5574791,1.7430458,-2.5286563499830663,-2.446419676383188,-2.4247182867547963,-2.4572968646907034,-1.5726077866626038,-2.0465004477931554,-3.001272453929606,-2.788136408236376,3.5821157,4.2047825,3.2514408,3.6514077,0.91633624,1.3590391,3.410984311379099,3.9982913034101846,3.082017350679528,3.457077372716158,0.9364974455863104,-0.4079103287342944
2026-05,2026,5,Canadian Grand Prix,Arvid Lindblad,arvid_lindblad,RB F1 Team,9,0.0,0.2966855573633211,-0.11669547162229199,-0.148724818241747,-0.25053176041859715,-0.3094689353595698,-5.680777185595226,-6.779936338255445,-5.763188050241664,-6.808518518923396,-3.8600528,-4.319961,-5.792197314867735,-5.603824133983721,-5.858908368551056,-5.937628813704148,-6.147539325101575,-8.000050672740052,-6.189436799851394,-5.749892538262863,-0.21426123,-0.25150552,-0.3869626,-0.4345637,-3.8061843,-5.645038,-0.3722682607853972,-0.4363658151896033,-0.5444703865949823,-0.6107286362928894,-3.7132840513398073,-5.040364135656375
2026-05,2026,5,Canadian Grand Prix,Oliver Bearman,bearman,Haas F1 Team,16,0.0,-2.083069797589303,-0.9752270365877705,-1.2428971042715857,-0.9276961445128116,-1.1459351010022534,-5.732494561587968,-6.841660378005065,-5.77368458489122,-6.820918921256793,-6.1890173,-6.926411,-6.065762427480877,-5.868492393185196,-5.931145886352169,-6.010836916672386,-8.084295501808741,-10.520432688213145,-6.189436799851394,-5.749892538262863,-1.0880035,-1.2771274,-1.0476445,-1.1765176,-6.184645,-9.172587,-1.2690087636006957,-1.487508073997723,-1.2292697250985933,-1.3788632794900983,-4.958750038244198,-6.182277328448676
2026-05,2026,5,Canadian Grand Prix,Gabriel Bortoleto,bortoleto,Audi,13,0.0,-1.1299905532196064,-0.9953157821960866,-1.2684995976482933,-1.017417870457409,-1.2567637119548332,-5.766665982585964,-6.882443540481778,-5.709311146814487,-6.7448693907796775,-6.6917105,-7.488998,-6.135074151408844,-5.935549969127674,-5.979307248766418,-6.0596453764040765,-7.676140069991655,-9.989282911983478,-6.189436799851394,-5.749892538262863,-1.1515961,-1.351774,-1.1788383,-1.3238497,-6.650158,-9.863,-1.3340167646210694,-1.5637092234034062,-1.3619608111075836,-1.5277019454702474,-5.172896609170581,-6.055499415167069
2026-05,2026,5,Canadian Grand Prix,Valtteri Bottas,bottas,Cadillac F1 Team,21,0.0,-3.52499273211555,-2.8905819981571934,-3.6839585659352325,-2.906248664328426,-3.5899387707855954,-5.761552067274987,-6.87634014668285,-5.77368458489122,-6.820918921256793,-11.111122,-12.434963,-6.207686725429085,-6.005801045291952,-5.9771555898332736,-6.05746480772557,-7.296745365041928,-9.495560675482464,-6.189436799851394,-5.749892538262863,-3.6115115,-4.239288,-3.6719813,-4.1236796,-10.932786,-16.214663,-3.7901627370707627,-4.442757083222224,-3.851928330618506,-4.320681150665663,-7.598901414302918,-6.667897154392717
2026-05,2026,5,Canadian Grand Prix,Franco Colapinto,colapinto,Alpine F1 Team,10,0.0,-0.08130694544276129,-0.6046739834787704,-0.77063854353723,-0.6928081476205348,-0.8557900982068354,-5.616694076791382,-6.7034539514529365,-5.64892294550045,-6.67352794167429,-4.4157763,-4.9418964,-5.781277554769986,-5.593259505079246,-5.779755532203126,-5.857412477789321,-6.2312342728156676,-8.108966417293503,-6.189436799851394,-5.749892538262863,-0.7816732,-0.9175487,-0.84334195,-0.9470833,-4.7204432,-7.0009966,-0.9473700894235529,-1.11048930275544,-1.0088772232531849,-1.1316505468693434,-4.089943993009482,-5.23368678024628
2026-05,2026,5,Canadian Grand Prix,Pierre Gasly,gasly,Alpine F1 Team,14,0.0,-1.4567363613774855,-1.0304876110758598,-1.3133250204745108,-0.8381092883972846,-1.0352730877790184,-5.632704789875413,-6.722562536756204,-5.702478934359037,-6.736797947574523,-5.157885,-5.772424,-5.629551833108053,-5.446468190043623,-5.607255745897419,-5.682594979870358,-6.977211289518402,-9.079737585841128,-6.189436799851394,-5.749892538262863,-1.4008791,-1.644389,-1.0954208,-1.230171,-5.8097744,-8.616609,-1.5705849318386422,-1.8410099551875645,-1.2660334349986921,-1.4201008765479834,-4.545162065060146,-5.624291587634723
2026-05,2026,5,Canadian Grand Prix,Isack Hadjar,hadjar,Red Bull,7,0.0,1.1108133577287886,-0.06367905919088973,-0.08115701811141549,-0.06855265204451227,-0.08467954804949135,-5.451680813698541,-6.50651269109614,-5.480635879051069,-6.474716867243384,-2.11013,-2.3615427,-5.219414012322886,-5.049668824718844,-5.472346747890697,-5.545873341059207,-4.875276051315675,-6.344401132151683,-6.189436799851394,-5.749892538262863,-0.24028733,-0.28205565,-0.21885294,-0.24577452,-3.5824285,-5.313181,-0.4085925589238302,-0.4789444705252109,-0.38789059654792735,-0.4350941775585894,-2.9319736458043244,-4.320904685623919
2026-05,2026,5,Canadian Grand Prix,Lewis Hamilton,hamilton,Ferrari,5,0.0,2.0334881272332006,1.3747387181511836,1.7520625534527603,1.6259745642740273,2.0084823436632493,-4.107844858453686,-4.902661329222288,-3.9827244898268344,-4.705113421315253,-0.8456252,-0.9463777,-4.49993334258761,-4.353587023318855,-4.315516741364263,-4.373500136491132,-3.885687222665912,-5.056607698761199,-6.189436799851394,-5.749892538262863,1.6642531,1.9535445,2.0250163,2.274118,-0.47895312,-0.7103462,1.4918681998225196,1.7487396905595565,1.8524022786601504,2.077826719992967,-1.3760094256524635,-2.6558187516086202
2026-05,2026,5,Canadian Grand Prix,Nico Hülkenberg,hulkenberg,Audi,11,0.0,-0.4437706214854146,-0.84464897531108,-1.0764793490686004,-0.7170692086959557,-0.8857585330637944,-5.737608476898945,-6.847763771803992,-5.74899898162466,-6.791755828620224,-5.8030887,-6.4945006,-6.105342920162002,-5.906785653594699,-6.032664547718014,-6.113719585411508,-6.466353426041817,-8.414936829269656,-6.189436799851394,-5.749892538262863,-0.98554176,-1.1568551,-0.8148278,-0.91506153,-6.0866594,-9.027263,-1.1616686775729053,-1.361686055104093,-0.9920617004329545,-1.1127886921690793,-4.762121342236011,-5.394105298109182
2026-05,2026,5,Canadian Grand Prix,Liam Lawson,lawson,RB F1 Team,12,0.0,-0.7927815039957724,-0.22456577319996837,-0.28620222651469757,-0.20371862239184624,-0.2516430854083562,-5.545775560199072,-6.618813591165861,-5.61613227436953,-6.634789679154219,-4.865748,-5.44548,-5.664056479427018,-5.479850680187814,-5.650686132357805,-5.726608898132279,-7.01920528685154,-9.134386135260609,-6.189436799851394,-5.749892538262863,-0.19412157,-0.22786504,-0.16532375,-0.18566059,-5.1960216,-7.7063375,-0.3768146682623068,-0.44169502805524014,-0.3486041453837331,-0.3910268392147253,-4.089538329669221,-5.346132822308699
2026-05,2026,5,Canadian Grand Prix,Charles Leclerc,leclerc,Ferrari,8,0.0,0.6928790864727826,1.7801555929731936,2.268753991276492,2.055871980933761,2.5395124039846615,-3.881198113198237,-4.632161280742788,-3.9235167280859415,-4.635166520613311,-0.41625184,-0.4658464,-3.8372568659597164,-3.7124620355325075,-3.5267361159349093,-3.5741214340726875,-3.6423657057018626,-4.739963206950939,-6.189436799851394,-5.749892538262863,2.1340015,2.5049474,2.4927273,2.7993631,-0.7068244,-1.0483073,1.9531317751165604,2.2894241303928182,2.3114304139456463,2.5927153787429567,-0.9678906891681461,-2.282312432072704
2026-05,2026,5,Canadian Grand Prix,Max Verstappen,max_verstappen,Red Bull,6,0.0,1.555349991011903,2.028683748143568,2.585495542527996,2.470683563783536,3.0519077134849444,-3.319058574269738,-3.961254789846482,-3.3155390049030653,-3.916913437198842,1.0461676,1.1708138,-3.3602609483423294,-3.250978924780252,-2.9591914159827866,-2.998951188777626,-2.0922871791504867,-2.7227810299288597,-6.189436799851394,-5.749892538262863,2.4218416,2.8428218,2.9462695,3.3086965,-0.021662056,-0.03212749,2.245706029398158,2.6323741382815586,2.7684799483192166,3.1053846546459467,-0.09389680150645684,-1.2132477345863377
2026-05,2026,5,Canadian Grand Prix,Lando Norris,norris,McLaren,3,0.0,3.1408786479298096,3.168660841926843,4.03836156822462,3.315959613940798,4.096033531664812,-0.9863129027546064,-1.177152081801901,-0.8693777760764272,-1.0270660330281236,1.5194324,1.700466,-1.4280519300737071,-1.381608987972091,-1.3382877027397628,-1.3562689711050568,-1.9126993546256983,-2.4890758642637802,-1.8758425864385964,-1.7426291986660176,3.859173,4.5299997,4.070341,4.5710425,0.6528966,0.96832573,3.6920474595576382,4.327748210415713,3.9034905925474663,4.378518180350577,1.4233213276424599,0.14356890444959647
2026-05,2026,5,Canadian Grand Prix,Esteban Ocon,ocon,Haas F1 Team,17,0.0,-2.3843592629011727,-1.149791535913222,-1.465374232755806,-1.1187452986963748,-1.3819282471317005,-5.761552067274987,-6.87634014668285,-5.77368458489122,-6.820918921256793,-6.0452857,-6.7655544,-6.0426570992767665,-5.846138493831412,-5.966747526006657,-6.046916900882802,-8.792362297289618,-11.441869696416111,-6.189436799851394,-5.749892538262863,-1.3613694,-1.5980115,-1.3266777,-1.4898752,-6.563627,-9.734664,-1.5379436090649359,-1.8027484139243775,-1.5036152569404568,-1.6865947496673102,-4.981777687320004,-6.58048042623181
2026-05,2026,5,Canadian Grand Prix,Sergio Pérez,perez,Cadillac F1 Team,20,0.0,-3.2485044269661913,-2.0495575181822714,-2.612098525590392,-1.9528437856303567,-2.412246999154194,-5.761552067274987,-6.87634014668285,-5.733996750081047,-6.7740324834162475,-10.101806,-11.30539,-6.351053262527785,-6.144505032211934,-5.985276170933503,-6.065694497164571,-7.566212798496887,-9.84622994464688,-6.189436799851394,-5.749892538262863,-2.4125078,-2.8318655,-2.3810735,-2.6739745,-9.458668,-14.028365,-2.5973539588812806,-3.044569191077363,-2.567566193375429,-2.8800210966080706,-6.887451938206812,-6.391645010138153
2026-05,2026,5,Canadian Grand Prix,Oscar Piastri,piastri,McLaren,4,0.0,2.5559699715273445,2.6846310427143796,3.4214803567199965,2.5317781009926787,3.127374637737617,-2.945102819173173,-3.514943285267853,-2.999434244376205,-3.543473407617172,1.051001,1.176223,-3.009180758779621,-2.911316525126657,-3.548629922166583,-3.5963094060540604,-2.9040539722968086,-3.779167192942297,-3.001272453929606,-2.788136408236376,3.2506766,3.8157303,3.0485744,3.4235864,0.41046748,0.60877365,3.081783750309451,3.6124086313581527,2.880925253918372,3.2315137699052383,0.30395564454215135,-1.391823931077176
2026-05,2026,5,Canadian Grand Prix,George Russell,russell,Mercedes,1,0.0,4.694783444902767,4.272037045354285,5.444580875843989,4.448279971152936,5.494730346978438,-0.601957376931749,-0.71842858126689,-0.25688875635149055,-0.30348339142759406,2.264723,2.5345547,-0.07256091312774511,-0.07020109538144065,-0.03818016727746019,-0.03869315699756473,-0.08948984208241025,-0.11645688355852167,0.6737290947028437,0.6258840698616528,4.54706,5.3374596,4.844675,5.440629,1.3000053,1.9280674,4.372108052821349,5.124902376961531,4.6701341315059,5.238456892534624,2.281910451228182,1.556538228099569
2026-05,2026,5,Canadian Grand Prix,Carlos Sainz,sainz,Williams,15,0.0,-1.7741221203876831,-0.5368945746463939,-0.6842557549080728,-0.22697312992060695,-0.280368176691044,-5.692797031104226,-6.794281873150447,-5.752518374932821,-6.7959135715751815,-5.25846,-5.884982,-6.393284317882717,-6.185362653998076,-5.372989972980577,-5.445181605938429,-7.428990365597171,-9.66765663936489,-6.189436799851394,-5.749892538262863,-0.5349007,-0.62788063,-0.12855583,-0.14436977,-6.001988,-8.901685,-0.7151174909103072,-0.8382471989931748,-0.3097134543009307,-0.3474034221946989,-4.417153274559168,-5.592469502177105
2026-05,2026,5,Canadian Grand Prix,Lance Stroll,stroll,Aston Martin,22,0.0,-3.796390595114378,-2.4645629366759954,-3.1410102697803763,-2.6254905153673675,-3.2431327398563017,-5.765114495351565,-6.880591859922027,-5.777056204290078,-6.824902086983084,-11.764865,-13.166596,-6.581760120394392,-6.367708867942791,-6.336921340596746,-6.422064380469082,-7.5519391056081595,-9.827654989635095,-6.189436799851394,-5.749892538262863,-2.8440676,-3.3384418,-3.139002,-3.5251377,-9.985852,-14.810245,-3.0718874409272483,-3.600808364653109,-3.367769921206164,-3.7776040386498537,-7.687830115456726,-6.664403176420508
2026-06,2026,6,Monaco Grand Prix,Alexander Albon,albon,Williams,11,0.0,-0.4437706214854146,-0.6718903110162981,-0.8563037022355294,-0.48287829442927677,-0.59647460040831,-5.766665982585964,-6.882443540481778,-5.74899898162466,-6.791755828620224,-6.7623954,-7.5681047,-6.536751235884367,-6.324163757244723,-6.2119641765457345,-6.295428288713387,-8.374296579082403,-10.897823248996612,-6.189436799851394,-5.749892538262863,-0.61342466,-0.72005415,-0.34501392,-0.38745484,-6.06684,-8.997869,-0.79276091378372,-0.9292593509418454,-0.5250380697083876,-0.5889315419341297,-5.075718766104553,-6.138423317653885
2026-06,2026,6,Monaco Grand Prix,Fernando Alonso,alonso,Aston Martin,21,0.0,-3.52499273211555,-2.0374744058486507,-2.596698967573018,-1.7536931297588985,-2.1662464867013016,-5.766665982585964,-6.882443540481778,-5.726656529567061,-6.765360889349425,-11.446745,-12.810574,-6.324625046187066,-6.11893631131078,-5.816019104895531,-5.894163288787161,-7.818993553356271,-10.175184139329506,-6.189436799851394,-5.749892538262863,-2.2456872,-2.6360471,-1.9645743,-2.206241,-9.915138,-14.705367,-2.4756777334147726,-2.901942620649714,-2.1968306146672143,-2.4641695829459502,-7.401896637444811,-6.421392940987158
2026-06,2026,6,Monaco Grand Prix,Andrea Kimi Antonelli,antonelli,Mercedes,1,1.0,4.694783444902767,4.504783524461043,5.741209162446215,4.232763114073149,5.228513512030707,-0.21588390761155304,-0.2576547367095488,-0.12990879920252393,-0.15347173429546457,2.7473595,3.074695,-0.42328465141326893,-0.40951863622565976,-0.6966501379356487,-0.7060103472996705,-0.1852840541319725,-0.24111790807975012,0.6737290947028437,0.6258840698616528,4.846872,5.689387,4.5229597,5.079339,1.5542206,2.3050997,4.675604584436969,5.480655271785978,4.353046657528616,4.882782083884731,2.7054165027381805,1.5798857376266409
2026-06,2026,6,Monaco Grand Prix,Arvid Lindblad,arvid_lindblad,RB F1 Team,15,0.0,-1.7741221203876831,-0.9980633857998927,-1.2720013346128525,-1.0594433142105095,-1.3086755706132138,-5.711129562434866,-6.816161519417156,-5.77368458489122,-6.820918921256793,-5.417754,-6.0632553,-5.809034123483798,-5.620113377829019,-5.667411000453285,-5.743558481990284,-8.183883144346439,-10.650030262876426,-6.189436799851394,-5.749892538262863,-1.3411033,-1.5742227,-1.399816,-1.5720105,-4.5105057,-6.6896334,-1.5170679220244885,-1.7782783283634191,-1.5758174041490636,-1.7675833947576312,-4.662767851375676,-6.271410208143126
2026-06,2026,6,Monaco Grand Prix,Oliver Bearman,bearman,Haas F1 Team,19,0.0,-2.966538764732632,-1.2480442743108082,-1.5905943501844546,-1.1891332613648755,-1.4688748595402608,-5.732494561587968,-6.841660378005065,-5.77368458489122,-6.820918921256793,-7.25566,-8.120139,-6.147602018600082,-5.947670406450035,-6.048789369568112,-6.13006106078718,-7.556534269500349,-9.833634869070263,-6.189436799851394,-5.749892538262863,-1.3563217,-1.5920863,-1.3170546,-1.4790684,-6.9306526,-10.279008,-1.5391399384244024,-1.8041507285753164,-1.5005054236098532,-1.6831064713038617,-5.473767623357953,-6.060737020722387
2026-06,2026,6,Monaco Grand Prix,Gabriel Bortoleto,bortoleto,Audi,16,0.0,-2.083069797589303,-1.3205205362668624,-1.6829631348202785,-1.3468142793564941,-1.6636500716041804,-5.761552067274987,-6.87634014668285,-5.733996750081047,-6.7740324834162475,-7.085808,-7.9300504,-5.9810374501885235,-5.786522831947458,-6.090125936825643,-6.171953027237004,-8.236012521310869,-10.717868406757988,-6.189436799851394,-5.749892538262863,-1.5665503,-1.8388582,-1.5992115,-1.795934,-6.557462,-9.725521,-1.7487489926972841,-2.0498504979994836,-1.7819220996661926,-1.9987695946424964,-5.447499408316978,-6.432744844366945
2026-06,2026,6,Monaco Grand Prix,Valtteri Bottas,bottas,Cadillac F1 Team,20,0.0,-3.2485044269661913,-2.6386631914324994,-3.362895732725424,-2.6487961703729925,-3.2719210109736943,-5.765114495351565,-6.880591859922027,-5.777056204290078,-6.824902086983084,-11.477236,-12.844697,-6.299555721538127,-6.094682288380692,-6.118925714326906,-6.201139759297478,-8.583748958682802,-11.170392412318149,-6.189436799851394,-5.749892538262863,-3.2475588,-3.8120706,-3.3145804,-3.7223144,-11.002846,-16.318571,-3.430070501130707,-4.020663774091012,-3.498530446515787,-3.924277208154467,-7.644178669405346,-7.122536918467906
2026-06,2026,6,Monaco Grand Prix,Franco Colapinto,colapinto,Alpine F1 Team,14,0.0,-1.4567363613774855,-0.8286561673240658,-1.056097003224518,-0.8924851614465109,-1.1024407934370755,-5.718660204114909,-6.8251492458335985,-5.733996750081047,-6.7740324834162475,-4.8481154,-5.425747,-5.834955902266302,-5.645192131476502,-5.779755532203126,-5.857412477789321,-6.649606328157183,-8.65341151406972,-6.189436799851394,-5.749892538262863,-1.0461098,-1.2279514,-1.0950403,-1.2297436,-5.421011,-8.040025,-1.2165851838001398,-1.4260581451572565,-1.2654524086352437,-1.4194491433273426,-4.3815028291964415,-5.5385883931028905
2026-06,2026,6,Monaco Grand Prix,Pierre Gasly,gasly,Alpine F1 Team,9,0.0,0.2966855573633211,0.0074295445965849366,0.009468727915359583,0.1486800118450443,0.18365673437194513,-5.644498284057653,-6.736637924180997,-5.759816430842806,-6.804535353197106,-2.6745408,-2.9932003,-5.593006762899677,-5.411111634443185,-5.572299410341657,-5.647168970081314,-5.764626930410843,-7.501750719092259,-6.189436799851394,-5.749892538262863,0.05504948,0.064618535,0.27751517,0.31165293,-3.81548,-5.658825,-0.11230297799882805,-0.13163942700699074,0.109731414954777,0.1230849630462487,-3.1957841631730495,-4.694732991152237
2026-06,2026,6,Monaco Grand Prix,Isack Hadjar,hadjar,Red Bull,5,0.0,2.0334881272332006,1.0150564465280212,1.2936584720580993,0.9337378920989974,1.1533981595385607,-4.99721654409793,-5.964115283974274,-5.2211323554780344,-6.168144440563884,-0.33001655,-0.36933655,-4.963393770585753,-4.801974844102499,-5.271348448717617,-5.342174423513113,-4.827318194219024,-6.281991561974124,-6.189436799851394,-5.749892538262863,1.2576298,1.4762392,1.1839695,1.3296121,-0.6955558,-1.0315946,1.0810812639379737,1.2672230128596706,1.007624481538525,1.1302453552228222,-1.6580165194201724,-3.705321863759424
2026-06,2026,6,Monaco Grand Prix,Lewis Hamilton,hamilton,Ferrari,3,0.0,3.1408786479298096,1.9638807786658952,2.5029061350462127,2.2012352295209223,2.7190721121251147,-2.219905916068094,-2.649429874845778,-2.1100109819759467,-2.492726026059929,-0.4558083,-0.51011586,-3.0487360491606523,-2.9495854028623976,-2.315040780522395,-2.3461457286332927,-2.4092736487486093,-3.135288813165538,-3.001272453929606,-2.788136408236376,2.430285,2.852733,2.7628014,3.1026597,-0.0010609686,-0.0015735467,2.25919144829402,2.648181491283534,2.5915896045358844,2.9069679894021543,-0.27369741854676827,-1.0240246638863797
2026-06,2026,6,Monaco Grand Prix,Nico Hülkenberg,hulkenberg,Audi,13,0.0,-1.1299905532196064,-0.7751067286545954,-0.9878498774162259,-0.6221210002512926,-0.7684739184002747,-5.734046048822368,-6.843512058564816,-5.705939527415629,-6.740886225053388,-5.9799705,-6.692457,-5.988001224168329,-5.793260130863618,-6.141229737360845,-6.223743459764735,-6.471156528402202,-8.42118730775176,-6.189436799851394,-5.749892538262863,-0.84517294,-0.9920864,-0.6362287,-0.71449256,-5.634312,-8.356377,-1.0248804830827907,-1.2013455203750194,-0.8169289038479417,-0.916343455363044,-4.802023272431458,-5.355596112434492
2026-06,2026,6,Monaco Grand Prix,Liam Lawson,lawson,RB F1 Team,10,0.0,-0.08130694544276129,-0.23259702526584455,-0.29643781224176974,-0.28904946271584325,-0.357047862288871,-5.6660613436638165,-6.762373165436102,-5.759816430842806,-6.804535353197106,-3.435011,-3.8442771,-5.709598628794993,-5.523911712964903,-5.6332259790360695,-5.708914149736604,-6.566308958087216,-8.545013153973878,-6.189436799851394,-5.749892538262863,-0.23526746,-0.2761632,-0.30970693,-0.34780467,-3.847866,-5.7068577,-0.4109606947474502,-0.4817203545529641,-0.4856504090529168,-0.5447506776095896,-3.5887624983635256,-5.232425379382651
2026-06,2026,6,Monaco Grand Prix,Charles Leclerc,leclerc,Ferrari,4,0.0,2.5559699715273445,2.3908788186671925,3.0471021094566195,2.686898175157637,3.3189864482502607,-2.6233625499144293,-3.1309503082930155,-2.6185977889221643,-3.093560609867799,0.11726047,0.13123153,-3.4406474443585466,-3.3287511003354195,-2.717565684215515,-2.754078967396818,-2.6079381029652207,-3.393819196877866,-3.001272453929606,-2.788136408236376,2.9189458,3.426336,3.3077476,3.7146409,-0.14152363,-0.2098969,2.7461505372950272,3.218985726346719,3.1344843089307295,3.5159291939576836,-0.04430293199860379,-1.070834760659524
2026-06,2026,6,Monaco Grand Prix,Max Verstappen,max_verstappen,Red Bull,2,0.0,3.8234734727697877,3.595317133334949,4.5821219944796425,4.0366488153269975,4.986263654606023,-0.8467273406473762,-1.010558463726831,-0.8222585290712396,-0.9714002690385045,2.0187335,2.2592566,-1.1136167244330866,-1.077399808250236,-0.8848538408783497,-0.8967427600878156,-0.9200698686848287,-1.1973254960541948,-1.8758425864385964,-1.7426291986660176,4.2031026,4.9337134,4.748402,5.3325133,0.8628464,1.2797071,4.032847999560018,4.727228158401194,4.576822829025157,5.133790255160331,1.8330187779504052,0.928068276206775
2026-06,2026,6,Monaco Grand Prix,Lando Norris,norris,McLaren,8,0.0,0.6928790864727826,2.020287643236965,2.5747949629869593,2.137738692994031,2.640638122258262,-4.072778564776446,-4.860810147423939,-3.9489014207810436,-4.665155503933842,0.6173123,0.6908623,-3.665533426516049,-3.546323366213524,-3.4488104565098183,-3.495148763461738,-2.9669673594958583,-3.8610390214853045,-6.189436799851394,-5.749892538262863,2.3609493,2.771345,2.509697,2.8184204,-0.2732132,-0.4052087,2.180824178510831,2.5563208596761604,2.329603050930668,2.613099498939312,-0.5518210489334816,-2.0313202921210025
2026-06,2026,6,Monaco Grand Prix,Esteban Ocon,ocon,Haas F1 Team,17,0.0,-2.3843592629011727,-1.2833811017583134,-1.6356300586511938,-1.2428244134767157,-1.5351967648129403,-5.761552067274987,-6.87634014668285,-5.77368458489122,-6.820918921256793,-6.8149285,-7.626897,-6.124356783073381,-5.9251811498236595,-6.0843910092226,-6.1661410449975955,-8.065981233039334,-10.496599562397881,-6.189436799851394,-5.749892538262863,-1.4901996,-1.7492357,-1.4546742,-1.6336169,-7.0833197,-10.505432,-1.6585201478610703,-1.9440859524335965,-1.6234213703613223,-1.820980431736563,-5.3290673171813046,-6.315926385545464
2026-06,2026,6,Monaco Grand Prix,Sergio Pérez,perez,Cadillac F1 Team,18,0.0,-2.6786571814014213,-1.9468273575271984,-2.481172070099273,-1.886435341131961,-2.3302160798668923,-5.765114495351565,-6.880591859922027,-5.777056204290078,-6.824902086983084,-10.216808,-11.434095,-6.398342823687926,-6.190256647654053,-6.212027820336516,-6.295492787623796,-7.666536621658732,-9.976785542022341,-6.189436799851394,-5.749892538262863,-2.2431102,-2.6330223,-2.2776155,-2.55779,-9.473348,-14.050137,-2.4344826379984803,-2.853654508858452,-2.470603872698405,-2.7712591375799422,-6.893540400527171,-6.4092740241331825
2026-06,2026,6,Monaco Grand Prix,Oscar Piastri,piastri,McLaren,7,0.0,1.1108133577287886,1.9979707886300246,2.546352812670385,1.8312229845373416,2.2620151093173657,-4.316811133733821,-5.1520599584862925,-4.211340634239867,-4.975196097672781,0.5607339,0.62754285,-3.8059345239962568,-3.6821583552042876,-4.118377863502246,-4.173712495541169,-3.5157196944623554,-4.57515344261491,-6.189436799851394,-5.749892538262863,2.3457747,2.7535324,2.1055875,2.3646004,-0.18926829,-0.2807081,2.1689705130745325,2.5424262172207914,1.9297086623209996,2.1645407515221895,-0.6759856427471992,-2.4936165935498527
2026-06,2026,6,Monaco Grand Prix,George Russell,russell,Mercedes,6,0.0,1.555349991011903,2.270691729840462,2.89392733161592,2.513385757023433,3.104655525807779,-3.8936851156456393,-4.64706436158597,-3.8301716887368977,-4.524890502632092,0.5036271,0.5636321,-2.918210220470428,-2.8233045202956046,-2.8403000127436826,-2.878462357553798,-2.7555174226783694,-3.585870353205229,-6.189436799851394,-5.749892538262863,2.4594722,2.8869936,2.8279877,3.1758647,0.029959965,0.044434305,2.283006573302785,2.6760971304421535,2.6514942700775754,2.9741626350515853,-0.430392330325037,-1.7130103692061078
2026-06,2026,6,Monaco Grand Prix,Carlos Sainz,sainz,Williams,12,0.0,-0.7927815039957724,-0.3503447993502253,-0.4465037578660432,-0.1105942467593221,-0.13661135715613798,-5.7360569896645455,-6.845912091244241,-5.73583580187922,-6.7762051035209465,-4.736768,-5.3011327,-6.315266763333057,-6.1098823774651,-5.336172302995692,-5.407869252782484,-6.441085281772953,-8.38205433371056,-6.189436799851394,-5.749892538262863,-0.2761706,-0.3241764,0.018226914,0.020469047,-5.6689715,-8.407781,-0.45208047275134744,-0.5299201806977719,-0.15838599333523964,-0.17766046436880178,-4.161470035184509,-5.132263687158416
2026-06,2026,6,Monaco Grand Prix,Lance Stroll,stroll,Aston Martin,22,0.0,-3.796390595114378,-2.570585043006786,-3.2761322095990066,-2.7107921857780624,-3.3485014846505092,-5.765114495351565,-6.880591859922027,-5.737368369479905,-6.778015649142538,-13.426359,-15.02605,-6.5998691055483505,-6.38522891474562,-6.389944746202673,-6.4758002099311724,-7.439813813949886,-9.681741646502942,-6.189436799851394,-5.749892538262863,-2.930925,-3.4403973,-3.2118654,-3.606964,-10.894013,-16.157158,-3.1543035955076104,-3.6974150224497673,-3.4362834592639504,-3.8544551965747362,-8.367433842934055,-6.650859975122616
2026-07,2026,7,Barcelona Grand Prix,Alexander Albon,albon,Williams,18,0.0,-2.6786571814014213,-1.344264622590156,-1.7132242484149693,-1.0930421900033156,-1.3501785253823222,-5.766665982585964,-6.882443540481778,-5.709311146814487,-6.7448693907796775,-8.898851,-9.95911,-6.608538568534641,-6.393616430444809,-6.322821556168492,-6.4077751509707,-7.02867045081826,-9.146703549978131,-6.189436799851394,-5.749892538262863,-1.4501379,-1.7022103,-1.1219519,-1.2599657,-7.643439,-11.336158,-1.6495084043517936,-1.9335225571164434,-1.322487249961939,-1.4834247271648253,-6.155703992796882,-5.8052543343781124
2026-07,2026,7,Barcelona Grand Prix,Fernando Alonso,alonso,Aston Martin,22,0.0,-3.796390595114378,-2.1995576590985024,-2.8032691287326426,-1.9094433364915013,-2.3586366674074823,-5.766665982585964,-6.882443540481778,-5.726656529567061,-6.765360889349425,-12.05037,-13.486118,-6.403425748741938,-6.195174266398806,-5.931145148570067,-6.010836168977424,-6.828671530225,-8.886436569219459,-6.189436799851394,-5.749892538262863,-2.3886075,-2.8038108,-2.1154916,-2.375723,-10.044087,-14.896614,-2.621974997911399,-3.073429507410874,-2.3512342759540448,-2.637363093223088,-7.696308840153463,-6.055174272463994
2026-07,2026,7,Barcelona Grand Prix,Andrea Kimi Antonelli,antonelli,Mercedes,3,0.0,3.1408786479298096,3.056948623877999,3.8959877546247874,2.788232409422677,3.4441593905593795,-1.9359504904711953,-2.3105326349873057,-1.915392819413896,-2.2628079056774086,1.448982,1.6216217,-2.2713941709425853,-2.1975241486069197,-2.7059904006600846,-2.742348158030616,-1.7289853771778882,-2.250001162802018,-3.001272453929606,-2.788136408236376,3.3916645,3.9812257,3.0659957,3.4431505,0.64745253,0.96025157,3.2221518663989204,3.776945482484766,2.897775597351672,3.2504146826443936,0.9881481815898442,-0.3729049969840477
2026-07,2026,7,Barcelona Grand Prix,Arvid Lindblad,arvid_lindblad,RB F1 Team,11,0.0,-0.4437706214854146,-0.15362916781642483,-0.19579568720611737,-0.23920208979720728,-0.2954739787947101,-5.732494561587968,-6.841660378005065,-5.77368458489122,-6.820918921256793,-3.9661374,-4.438685,-5.701514993756064,-5.516090972983344,-5.793645946527249,-5.871489524081411,-6.045051336547143,-7.866678756201866,-6.189436799851394,-5.749892538262863,-0.15678057,-0.18403319,-0.2698529,-0.3030481,-3.57836,-5.307147,-0.325749834854872,-0.38183779604103385,-0.43852635743136426,-0.4918919574808212,-3.7881592160151545,-5.011756671792519
2026-07,2026,7,Barcelona Grand Prix,Oliver Bearman,bearman,Haas F1 Team,15,0.0,-1.7741221203876831,-0.748044600401183,-0.9533600206139783,-0.6729037436983702,-0.8312032167652684,-5.765114495351565,-6.880591859922027,-5.737368369479905,-6.778015649142538,-7.1003733,-7.946351,-6.569824804950258,-6.356161711467153,-6.090450567004154,-6.172282019155033,-6.78732092341703,-8.832625290865929,-6.189436799851394,-5.749892538262863,-0.7085214,-0.83168125,-0.65436053,-0.7348549,-6.674268,-9.898758,-0.8964917924091127,-1.0508507251734431,-0.843195318481927,-0.945806309513917,-5.234354567057791,-5.526369099210722
2026-07,2026,7,Barcelona Grand Prix,Gabriel Bortoleto,bortoleto,Audi,12,0.0,-0.7927815039957724,-0.7494633712080002,-0.9551682007210311,-0.8057006367832171,-0.9952403554233,-5.761552067274987,-6.87634014668285,-5.733996750081047,-6.7740324834162475,-5.5443106,-6.2048903,-6.239290909337797,-6.036377401533805,-5.886035928895581,-5.965120860654693,-6.5859232632268405,-8.570538071624567,-6.189436799851394,-5.749892538262863,-0.8742813,-1.0262545,-0.93764305,-1.0529846,-5.99545,-8.891988,-1.0493897787995128,-1.2300748533097867,-1.1129907181752934,-1.2484339281862145,-4.635229789151384,-5.492197006165789
2026-07,2026,7,Barcelona Grand Prix,Valtteri Bottas,bottas,Cadillac F1 Team,20,0.0,-3.2485044269661913,-2.670733261807486,-3.4037680589709334,-2.7250380566190286,-3.366098672628024,-5.765114495351565,-6.880591859922027,-5.777056204290078,-6.824902086983084,-11.693926,-13.087205,-6.244219869628068,-6.041146062739316,-6.0203811687388225,-6.1012711666330235,-7.299216950136851,-9.49877705279308,-6.189436799851394,-5.749892538262863,-3.2321358,-3.7939668,-3.3668814,-3.7810488,-11.348756,-16.831598,-3.428258836532253,-4.018540175109765,-3.564210633717539,-3.9979502161798353,-7.739826052312559,-6.5956219371162685
2026-07,2026,7,Barcelona Grand Prix,Franco Colapinto,colapinto,Alpine F1 Team,13,0.0,-1.1299905532196064,-0.7348334736252526,-0.9365228426052338,-0.7901078115092246,-0.9759793442495963,-5.735184306257049,-6.8448705545402,-5.754050942533507,-6.797724117196773,-4.5242167,-5.0632567,-5.847529913027756,-5.6573572116931485,-5.91678818796936,-5.996286307880849,-6.603470173840456,-8.593372602098537,-6.189436799851394,-5.749892538262863,-0.931953,-1.0939511,-0.9702163,-1.0895647,-5.3356905,-7.9134836,-1.0996130702910778,-1.2889456458049215,-1.137899940983973,-1.2763744297297392,-4.227243868173211,-5.482878819640026
2026-07,2026,7,Barcelona Grand Prix,Pierre Gasly,gasly,Alpine F1 Team,14,0.0,-1.4567363613774855,-0.579008229994078,-0.7379283237747761,-0.3962969841645097,-0.4895251826382622,-5.706090604970844,-6.810147586868651,-5.7937387773436795,-6.844610555037319,-3.8906982,-4.3542576,-5.622860051915268,-5.439994038196065,-5.704065595506108,-5.780705569135142,-6.586201810856148,-8.570900557333301,-6.189436799851394,-5.749892538262863,-0.7211733,-0.84653234,-0.4503004,-0.50569284,-5.036807,-7.470203,-0.89525016500181,-1.049395313007479,-0.6251284637860596,-0.7012022390850954,-3.9125576103946,-5.301282491118106
2026-07,2026,7,Barcelona Grand Prix,Isack Hadjar,hadjar,Red Bull,6,0.0,1.555349991011903,0.987194163129302,1.258148841935631,0.8839112463225102,1.0918498792118512,-5.037465692256453,-6.012152137606864,-5.27237350055334,-6.228679734941695,-0.29263148,-0.3274972,-4.846144730187007,-4.688538963631647,-5.154007204459049,-5.223256579246182,-4.916185461783155,-6.397638263209215,-6.189436799851394,-5.749892538262863,1.1949315,1.4026423,1.083069,1.2162997,-0.8380791,-1.2429742,1.0123903937454672,1.186704873858517,0.9007647085648534,1.0103814929640926,-1.6698306932695788,-3.780556548718102
2026-07,2026,7,Barcelona Grand Prix,Lewis Hamilton,hamilton,Ferrari,2,1.0,3.8234734727697877,2.814692462012199,3.587239667483489,3.038346642831499,3.75311257638291,-1.7829325646729952,-2.1279076592789883,-1.7182191977487165,-2.029870815503112,1.0282288,1.1507376,-2.033959560249059,-1.9678113592597573,-1.7097354147263104,-1.732707464206331,-1.8101988159106315,-2.355687615675368,-1.8758425864385964,-1.7426291986660176,3.2899199,3.8617952,3.5853238,4.0263624,0.5157687,0.76494825,3.1160971346121187,3.652630131524613,3.4111903238354415,3.8263084015278905,0.7920582804807444,-0.24400474136951145
2026-07,2026,7,Barcelona Grand Prix,Nico Hülkenberg,hulkenberg,Audi,9,0.0,0.2966855573633211,-0.20338293675435512,-0.2592053477462101,-0.07861008160823427,-0.09710297098931542,-5.687426342816918,-6.787872024024011,-5.720128596032633,-6.75764891535656,-4.4087267,-4.9340067,-6.144085509082288,-5.94426826045397,-5.95631735403731,-6.036346588851723,-5.472780657890785,-7.121958928370824,-6.189436799851394,-5.749892538262863,-0.1554562,-0.1824786,0.027284473,0.030640796,-4.682748,-6.94509,-0.3270650269454283,-0.3833794393374989,-0.14505674815921396,-0.162709142993773,-3.960134791720535,-4.678766924992276
2026-07,2026,7,Barcelona Grand Prix,Liam Lawson,lawson,RB F1 Team,8,0.0,0.6928790864727826,0.43987033826074834,0.560601325812446,0.4139525960596274,0.5113342475136082,-5.687426342816918,-6.787872024024011,-5.759816430842806,-6.804535353197106,-2.520376,-2.8206675,-5.68186404133121,-5.497079106593451,-5.783709285358782,-5.861419353675163,-5.825302868548439,-7.580710861361668,-6.189436799851394,-5.749892538262863,0.6957717,0.81671524,0.6515087,0.7316522,-3.3389778,-4.9521136,0.5235379693321303,0.6136813068305662,0.4790909295729824,0.5373929552132904,-2.986742096410234,-4.628767220071649
2026-07,2026,7,Barcelona Grand Prix,Charles Leclerc,leclerc,Ferrari,10,0.0,-0.08130694544276129,1.5259251299990235,1.944745022704606,1.8901077749199664,2.3347524475220496,-4.445146905543734,-5.30522709290558,-4.289112850228287,-5.06707468435063,-0.49681577,-0.5560092,-4.138777330959783,-4.004176486336909,-3.784735149689368,-3.835586949551837,-4.058784619037692,-5.281866598145423,-6.189436799851394,-5.749892538262863,1.7953873,2.1074731,2.2649758,2.5435953,-1.0947251,-1.6236117,1.6087656667183063,1.88576469056348,2.0773775309785987,2.3301798918658423,-1.313454234679721,-2.756547683823465
2026-07,2026,7,Barcelona Grand Prix,Max Verstappen,max_verstappen,Red Bull,5,0.0,2.0334881272332006,2.3295676891710317,2.9689629454963713,2.8015571619351567,3.460618768672067,-3.7116816058614552,-4.429845454848207,-3.5183374216093464,-4.156495551076795,1.1137884,1.2464913,-3.829143064423988,-3.7046121101255194,-3.7476325033203466,-3.797985791061649,-2.2679081008196924,-2.9513238985869212,-6.189436799851394,-5.749892538262863,2.7853892,3.2695637,3.3809648,3.7968647,0.12108533,0.1795844,2.6062867966544547,3.0550400945828717,3.2005153970990876,3.5899958051506173,-0.1031702156728986,-1.309590129009239
2026-07,2026,7,Barcelona Grand Prix,Lando Norris,norris,McLaren,4,0.0,2.5559699715273445,2.596642459889932,3.3093415924132668,2.756460125475717,3.4049127302933155,-3.3922610184797035,-4.048620989106462,-3.0733055638012465,-3.6307435507980133,1.1960465,1.3385501,-3.1935298750377115,-3.0896702604377695,-3.2802958885295084,-3.3243700293651948,-2.7391509606748428,-3.564571990000448,-3.001272453929606,-2.788136408236376,3.191438,3.7461946,3.3867793,3.8033946,0.27052516,0.401222,3.016826666750499,3.5362671664378285,3.211984416316338,3.602860524038219,0.15396310224240226,-1.4057011011079443
2026-07,2026,7,Barcelona Grand Prix,Esteban Ocon,ocon,Haas F1 Team,17,0.0,-2.3843592629011727,-1.2229467962802973,-1.558608380150456,-1.1813179451761426,-1.459221003372945,-5.765114495351565,-6.880591859922027,-5.777056204290078,-6.824902086983084,-7.19655,-8.053987,-6.546567147908718,-6.333660437297028,-6.157959131334792,-6.240697630311028,-7.139807071258786,-9.291330293802432,-6.189436799851394,-5.749892538262863,-1.442189,-1.6928797,-1.4210958,-1.5959079,-7.6946154,-11.412059,-1.6174730075067612,-1.8959712707679583,-1.597021961933759,-1.7913683993747402,-5.453932333551053,-5.889369501166372
2026-07,2026,7,Barcelona Grand Prix,Sergio Pérez,perez,Cadillac F1 Team,19,0.0,-2.966538764732632,-2.1128121953733645,-2.692714681790824,-2.1066866712564796,-2.602281164674017,-5.765114495351565,-6.880591859922027,-5.777056204290078,-6.824902086983084,-10.497416,-11.748136,-6.343006971777868,-6.136720422012676,-6.1134832747484324,-6.195624194959342,-6.53752082947594,-8.507549955206986,-6.189436799851394,-5.749892538262863,-2.4357812,-2.8591845,-2.549984,-2.8636632,-9.945017,-14.7496805,-2.6365190687965314,-3.090477792254112,-2.7520606300742885,-3.0869672198552403,-7.065253452914481,-6.00938053002443
2026-07,2026,7,Barcelona Grand Prix,Oscar Piastri,piastri,McLaren,7,0.0,1.1108133577287886,2.0944153368005702,2.669268446821966,1.9534928007384116,2.4130486939739906,-4.145117127233636,-4.9471453146444215,-3.9588461139394826,-4.676903971438977,0.80089873,0.89632225,-3.638372848397921,-3.5200461013212125,-4.105305631514057,-4.160464624704149,-3.252548472861184,-4.232677697918232,-6.189436799851394,-5.749892538262863,2.5333512,2.9737148,2.3065758,2.5903127,-0.1542521,-0.22877479,2.3532285581010406,2.75841001302869,2.127183738273232,2.386047167311623,-0.4805448122124898,-2.2603204986813075
2026-07,2026,7,Barcelona Grand Prix,George Russell,russell,Mercedes,1,0.0,4.694783444902767,4.066974682468708,5.183235150732282,4.294906726278259,5.305276304406334,-0.7753919742362614,-0.9254205984080017,-0.4062297393515509,-0.4799119305497035,2.2700202,2.540483,-0.5708178038548796,-0.5522537322992775,-0.41482900654227733,-0.42040265985843234,-0.3353748518976426,-0.4364373560960506,0.6737290947028437,0.6258840698616528,4.282658,5.0270977,4.647164,5.2188215,1.2387829,1.837267,4.110884655954052,4.818701251246152,4.475347445032856,5.019966024479047,2.1384164703302955,1.3172286988609363
2026-07,2026,7,Barcelona Grand Prix,Carlos Sainz,sainz,Williams,16,0.0,-2.083069797589303,-0.8139672274214907,-1.0373763974734627,-0.5250839394086741,-0.6486090523281574,-5.7360569896645455,-6.845912091244241,-5.73583580187922,-6.7762051035209465,-6.334779,-7.0895395,-6.28992923723672,-6.085368875504517,-5.367834709395538,-5.4399570760978415,-6.539832894532268,-8.510558742403154,-6.189436799851394,-5.749892538262863,-0.81426287,-0.95580333,-0.4712837,-0.52925736,-6.5326095,-9.688662,-1.0056584323633895,-1.178813796037062,-0.6637283658890731,-0.7444994801340354,-4.954160730703922,-5.346212012705003
2026-07,2026,7,Barcelona Grand Prix,Lance Stroll,stroll,Aston Martin,21,0.0,-3.52499273211555,-2.565283124336001,-3.2693750760129046,-2.7330585465473174,-3.376005969311776,-5.766665982585964,-6.882443540481778,-5.709311146814487,-6.7448693907796775,-13.357348,-14.948817,-6.549541418722583,-6.33653797921449,-6.380937426976743,-6.466671868129961,-6.713347058527926,-8.736359998970219,-6.189436799851394,-5.749892538262863,-2.8348513,-3.3276236,-3.169889,-3.559824,-10.863133,-16.11136,-3.063495826846986,-3.590971873325149,-3.39949985723072,-3.8131952866498167,-8.339457434508404,-6.3448779698862685
2026-08,2026,8,Austrian Grand Prix,Alexander Albon,albon,Williams,18,0.0,-2.6786571814014213,-1.4861010449607266,-1.8939904413431714,-1.2804702249308484,-1.581698690045861,-5.766665982585964,-6.882443540481778,-5.7363988288285155,-6.77687025263243,-8.660227,-9.692054,-6.608538568534641,-6.393616430444809,-6.258902080866392,-6.342996851936735,-7.582374442700368,-9.86726176986103,-6.189436799851394,-5.749892538262863,-1.6538911,-1.9413812,-1.3776044,-1.5470665,-7.9945054,-11.8568325,-1.8481103523579134,-2.166320004734178,-1.5727294961837321,-1.7641197099235326,-6.118489294696903,-6.123279169790465
2026-08,2026,8,Austrian Grand Prix,Fernando Alonso,alonso,Aston Martin,21,0.0,-3.52499273211555,-2.1313238817840405,-2.716307261335702,-1.866844902930406,-2.3060170240532383,-5.766665982585964,-6.882443540481778,-5.753744211581089,-6.797361751202177,-13.108072,-14.669841,-6.403425748741938,-6.195174266398806,-5.934555869360338,-6.0142927163009015,-7.295405634927009,-9.493817228512816,-6.189436799851394,-5.749892538262863,-2.1884453,-2.568855,-1.9707419,-2.2131672,-10.596948,-15.716574,-2.4370565823925467,-2.8566716378003605,-2.2217154670165096,-2.492082748315108,-8.076755862250701,-6.240482313956055
2026-08,2026,8,Austrian Grand Prix,Andrea Kimi Antonelli,antonelli,Mercedes,4,0.0,2.5559699715273445,2.821264362109029,3.595615353650366,2.596960154374237,3.2078906594621195,-3.0914837102200856,-3.6896470432240247,-2.8963698075743096,-3.4217150821051856,1.2825065,1.4353114,-3.0618284245192626,-2.9622519894818535,-3.3261075275950134,-3.3707971948041426,-2.290151514397787,-2.9802701852796916,-3.001272453929606,-2.788136408236376,3.1849053,3.7385263,2.9092922,3.2671707,0.41203862,0.61110383,3.0095135202031233,3.5276948343566197,2.7345217567300155,3.06729398791576,0.3892207809556477,-1.1564283442241572
2026-08,2026,8,Austrian Grand Prix,Arvid Lindblad,arvid_lindblad,RB F1 Team,10,0.0,-0.08130694544276129,0.06360186776323747,0.08105863999195802,-0.04435355851687768,-0.05478765850163093,-5.655687893511672,-6.749992582754925,-5.759816430842806,-6.804535353197106,-2.8624072,-3.2034502,-5.689258820106261,-5.504233393216031,-5.791964126794483,-5.869785107374993,-6.040417747200086,-7.860648872111208,-6.189436799851394,-5.749892538262863,0.09569526,0.11232963,-0.04341565,-0.048756305,-3.0904012,-4.583444,-0.07120788926371881,-0.08346854115614825,-0.20991309667096486,-0.2354580569048295,-3.250722449154424,-4.8987255206431275
2026-08,2026,8,Austrian Grand Prix,Oliver Bearman,bearman,Haas F1 Team,13,0.0,-1.1299905532196064,-0.5984167160670156,-0.7626638471281411,-0.5672626951917445,-0.700710289413502,-5.766665982585964,-6.882443540481778,-5.776086663638688,-6.823756690472977,-6.300933,-7.051661,-6.535052628567428,-6.32252039184134,-6.177877408961649,-6.260883530433892,-7.7134205524490955,-10.037797566870829,-6.189436799851394,-5.749892538262863,-0.49908578,-0.5858401,-0.50369346,-0.5656539,-6.0871687,-9.028018,-0.6928908076841773,-0.8121935012525489,-0.698278140378907,-0.7832537212790167,-4.870037749241472,-5.885965125061912
2026-08,2026,8,Austrian Grand Prix,Gabriel Bortoleto,bortoleto,Audi,12,0.0,-0.7927815039957724,-0.6541125034948209,-0.8336464289445289,-0.7598002012410399,-0.9385419196798863,-5.765114495351565,-6.880591859922027,-5.777056204290078,-6.824902086983084,-5.307573,-5.9399467,-5.902888107686522,-5.710915053454905,-5.8550017783854855,-5.933669734491554,-6.77987588398387,-8.822936748902052,-6.189436799851394,-5.749892538262863,-0.70923847,-0.8325229,-0.8512133,-0.9559229,-5.8552027,-8.683984,-0.8899895821501,-1.0432289572735365,-1.0320102676776135,-1.1575987215037586,-4.508912651128373,-5.5589873971034365
2026-08,2026,8,Austrian Grand Prix,Valtteri Bottas,bottas,Cadillac F1 Team,20,0.0,-3.2485044269661913,-2.6148465607694775,-3.3325421635830534,-2.6966461108032385,-3.3310275693486693,-5.765114495351565,-6.880591859922027,-5.777056204290078,-6.824902086983084,-11.810533,-13.217705,-6.203061960877676,-6.001326686806157,-6.064655763373594,-6.1461406358723085,-6.471122716672612,-8.421143307130416,-6.189436799851394,-5.749892538262863,-3.0823376,-3.6181297,-3.257154,-3.6578236,-11.325555,-16.797188,-3.289863402317432,-3.856315664370496,-3.4657082202269915,-3.887460745781162,-7.763172679769843,-6.223942690752649
2026-08,2026,8,Austrian Grand Prix,Franco Colapinto,colapinto,Alpine F1 Team,16,0.0,-2.083069797589303,-0.9082839842256853,-1.157580226446851,-0.9516625313163813,-1.1755395399609068,-5.735184306257049,-6.8448705545402,-5.754050942533507,-6.797724117196773,-4.9638696,-5.5552926,-6.008257488216259,-5.812857623000974,-5.8725324530823855,-5.951435951789424,-7.2294197667061315,-9.40794705159564,-6.189436799851394,-5.749892538262863,-1.1504523,-1.3504313,-1.1819484,-1.3273425,-6.0354424,-8.951302,-1.3216940124009278,-1.5492647262910901,-1.353264166504044,-1.5179469798563054,-4.462979947175696,-5.821632444197962
2026-08,2026,8,Austrian Grand Prix,Pierre Gasly,gasly,Alpine F1 Team,11,0.0,-0.4437706214854146,-0.0026066215000045035,-0.0033220595745820213,0.177231461436181,0.21892486442131834,-5.70612680057003,-6.810190785862414,-5.7937387773436795,-6.844610555037319,-2.7846727,-3.1164541,-5.8279363506790105,-5.63840086894585,-5.796504009034834,-5.874385987591149,-7.147528734038859,-9.301378817325684,-6.189436799851394,-5.749892538262863,0.060168892,0.07062784,0.32182536,0.3614138,-4.2525454,-6.3070464,-0.10964655534301433,-0.12852561860643918,0.15135015282393938,0.16976841112507396,-3.265684330188784,-5.308655053355834
2026-08,2026,8,Austrian Grand Prix,Isack Hadjar,hadjar,Red Bull,8,0.0,0.6928790864727826,1.1128945657864004,1.4183501700437235,1.0487380531814567,1.2954519149462762,-4.951829415664006,-5.9099463153094725,-5.179775849015417,-6.11928666641631,-0.28433335,-0.3182104,-4.969166590182795,-4.807559920718587,-5.190599522422417,-5.260340552544991,-5.461924522893473,-7.107831384731701,-6.189436799851394,-5.749892538262863,1.4262984,1.6742269,1.3614694,1.5289468,-1.2127392,-1.7986411,1.240142079489374,1.4536710927909926,1.1756083937800788,1.3186717383068018,-1.5853818940823845,-3.9156342471011687
2026-08,2026,8,Austrian Grand Prix,Lewis Hamilton,hamilton,Ferrari,3,0.0,3.1408786479298096,2.238895844123233,2.853404445351438,2.4451591421256205,3.0203787145949597,-2.0814045081936676,-2.484130181253066,-1.9568041601710489,-2.311730459996402,0.50339085,0.5633676,-2.5121603007646627,-2.4304601097972585,-2.4546778233343503,-2.4876589383825944,-2.2354985443956714,-2.90914798397105,-3.001272453929606,-2.788136408236376,2.717617,3.190011,2.979135,3.345605,0.15962006,0.23673613,2.5446282873386283,2.98276515600978,2.806031744828992,3.1475062429589276,0.2541068393277171,-0.7926248190120452
2026-08,2026,8,Austrian Grand Prix,Nico Hülkenberg,hulkenberg,Audi,14,0.0,-1.4567363613774855,-0.7194779724954681,-0.9169527249066658,-0.5801403919735786,-0.7166174426873977,-5.737608476898945,-6.847763771803992,-5.709311146814487,-6.7448693907796775,-5.8521643,-6.5494237,-5.80024222990869,-5.611607413214668,-5.876918122972711,-5.955880547654409,-5.8067483308392305,-7.55656506350124,-6.189436799851394,-5.749892538262863,-0.78277344,-0.9188402,-0.58973455,-0.66227907,-6.1219025,-9.079533,-0.9745632935097233,-1.142364662324489,-0.7824325793759572,-0.8776491687304011,-4.732862933002378,-5.050882920347499
2026-08,2026,8,Austrian Grand Prix,Liam Lawson,lawson,RB F1 Team,9,0.0,0.2966855573633211,0.36288185238803367,0.4624818494613216,0.3170422453735516,0.3916258999490804,-5.655687893511672,-6.749992582754925,-5.759816430842806,-6.804535353197106,-1.7515404,-1.9602287,-5.613133751428904,-5.430584055345523,-5.721520196690108,-5.798394690794415,-5.9070516965666355,-7.6870940387595414,-6.189436799851394,-5.749892538262863,0.5615534,0.6591663,0.49447232,0.55529845,-3.1919663,-4.7340775,0.386837325852013,0.45344339773970177,0.3196572878808162,0.3585573509873119,-2.7085260531881463,-4.691636116068796
2026-08,2026,8,Austrian Grand Prix,Charles Leclerc,leclerc,Ferrari,2,0.0,3.8234734727697877,3.0348492552338837,3.8678227835324086,3.355692027531574,4.145112928674831,-2.0471636931794444,-2.4432641978881344,-1.988037847925992,-2.348629332571779,1.365196,1.527853,-1.96470471793873,-1.900808815037432,-1.671184441402147,-1.6936385190023797,-2.051056094542534,-2.6691252908254413,-1.8758425864385964,-1.7426291986660176,3.5059469,4.1153736,3.930412,4.413901,0.5305115,0.7868137,3.333533245020252,3.907504628130163,3.757370635878189,4.214616443784348,0.9046745522397249,-0.323101515376904
2026-08,2026,8,Austrian Grand Prix,Max Verstappen,max_verstappen,Red Bull,5,0.0,2.0334881272332006,2.628211896916027,3.3495758767297743,3.1394961258850893,3.8780573050690617,-3.129980527291433,-3.7355925116770097,-3.0751084664334996,-3.632873464979626,1.2751516,1.4270803,-3.087207753320399,-2.9868059346444356,-2.609327772486722,-2.644386768272191,-2.4071252406231998,-3.1324929995952493,-6.189436799851394,-5.749892538262863,3.2581306,3.82448,3.906633,4.3871965,0.21628681,0.3207799,3.080246495672446,3.6106066905442473,3.7275145538554324,4.181127084752649,0.29736299332445554,-0.9987656936556414
2026-08,2026,8,Austrian Grand Prix,Lando Norris,norris,McLaren,6,0.0,1.555349991011903,2.445477210742282,3.116686094377146,2.581747262983316,3.1890989609779714,-3.8972218289072074,-4.651285384515878,-3.6112662419026353,-4.2662798559429245,0.89949083,1.0066612,-3.3727117261078092,-3.263024779770373,-3.479296985999099,-3.5260449107537912,-3.2087640784728766,-4.175699229744561,-6.189436799851394,-5.749892538262863,2.9816465,3.4999359,3.1412911,3.5277083,-0.049272846,-0.07307768,2.8006868720078746,3.2829121865402824,2.96028287803405,3.320528663550252,-0.21233960766450985,-1.8832353365663148
2026-08,2026,8,Austrian Grand Prix,Esteban Ocon,ocon,Haas F1 Team,15,0.0,-1.7741221203876831,-1.0051254024434682,-1.2810016593652596,-0.9936047141967542,-1.2273485507663962,-5.765114495351565,-6.880591859922027,-5.777056204290078,-6.824902086983084,-6.506729,-7.2819767,-6.538387141355997,-6.325746459985065,-6.193444801072474,-6.276660086429821,-7.832208221432444,-10.192380940950791,-6.189436799851394,-5.749892538262863,-1.1714965,-1.3751336,-1.1892438,-1.3355353,-7.2678704,-10.779143,-1.3486973814224326,-1.5809175647873792,-1.3670786156384969,-1.53344255112839,-5.104947164973391,-6.112896564310525
2026-08,2026,8,Austrian Grand Prix,Sergio Pérez,perez,Cadillac F1 Team,19,0.0,-2.966538764732632,-2.040868308397454,-2.6010243928246055,-2.05628518763874,-2.540022816871473,-5.765114495351565,-6.880591859922027,-5.777056204290078,-6.824902086983084,-10.616946,-11.881908,-6.104254533556741,-5.905732663374561,-5.893778469806421,-5.972967430546493,-6.099447032235634,-7.937466155659402,-6.189436799851394,-5.749892538262863,-2.2913141,-2.6896052,-2.434606,-2.7340922,-9.863175,-14.6283,-2.496336342181113,-2.926158251163012,-2.6408081490476256,-2.962176087601877,-7.083550404006951,-5.798157892687567
2026-08,2026,8,Austrian Grand Prix,Oscar Piastri,piastri,McLaren,7,0.0,1.1108133577287886,2.1964281411701103,2.79928065361348,2.070883499377885,2.5580553568752316,-3.892570819302881,-4.645734462873342,-3.8933176540966237,-4.599489920662354,0.6675302,0.7470634,-3.6100896719490265,-3.4926827471130943,-4.084196929223253,-4.139072305340607,-3.2585210078110105,-4.240450008059987,-6.189436799851394,-5.749892538262863,2.6677642,3.1314924,2.4690855,2.772813,-0.24332753,-0.36088458,2.48739625995654,2.9156788558485753,2.2894565191617886,2.5680674141781332,-0.39549783175521563,-2.1137988768909888
2026-08,2026,8,Austrian Grand Prix,George Russell,russell,Mercedes,1,1.0,4.694783444902767,4.203149895996031,5.356786305711404,4.430088950302887,5.472259919092718,-0.7989287328020227,-0.9535114246226599,-0.4120394587652189,-0.4867754203183653,2.364797,2.646552,-0.8365456862447901,-0.8093396427855594,-0.6082800583753852,-0.6164529250530905,-0.2920583730376245,-0.38006780601772033,0.6737290947028437,0.6258840698616528,4.5357766,5.324215,4.874752,5.474406,1.1454002,1.698769,4.363543526580545,5.1148632012689905,4.701944013387441,5.274137815244939,2.218166921447256,1.382452606984001
2026-08,2026,8,Austrian Grand Prix,Carlos Sainz,sainz,Williams,17,0.0,-2.3843592629011727,-0.9581666681458805,-1.2211541851986862,-0.652834651729311,-0.8064129046909793,-5.765114495351565,-6.880591859922027,-5.73583580187922,-6.7762051035209465,-6.715731,-7.5158806,-6.229898258656249,-6.027290217567156,-5.344760102379951,-5.416572438062525,-6.856165661035857,-8.922215834394986,-6.189436799851394,-5.749892538262863,-1.0088795,-1.1842495,-0.6322657,-0.71004206,-6.8335876,-10.135049,-1.1979181690147618,-1.4041770234446709,-0.8224046294497818,-0.9224855385908202,-5.1672522287368245,-5.548014462951339
2026-08,2026,8,Austrian Grand Prix,Lance Stroll,stroll,Aston Martin,22,0.0,-3.796390595114378,-2.7083635714839724,-3.4517267405651126,-2.889259056777017,-3.56895238665479,-5.766665982585964,-6.882443540481778,-5.7363988288285155,-6.77687025263243,-14.794075,-16.556723,-6.549541418722583,-6.33653797921449,-6.380937426976743,-6.466671868129961,-7.209250024168927,-9.381699319971558,-6.189436799851394,-5.749892538262863,-2.9222455,-3.4302092,-3.2961745,-3.7016442,-11.768702,-17.454428,-3.173058187247405,-3.7193988002121197,-3.5480244427433685,-3.9797942786232445,-8.9468875896602,-6.624892397576998
2026-09,2026,9,British Grand Prix,Alexander Albon,albon,Williams,16,0.0,-2.083069797589303,-1.529033432858439,-1.948706459865622,-1.4026637250919902,-1.7326380054426203,-5.765114495351565,-6.880591859922027,-5.777056204290078,-6.824902086983084,-8.412825,-9.415175,-6.338573466016896,-6.132431102220735,-6.1288595842634095,-6.211207100968697,-6.896626604952176,-8.974869357126556,-6.189436799851394,-5.749892538262863,-1.7666006,-2.0736825,-1.5947332,-1.7909049,-8.039958,-11.924244,-1.9585585588177963,-2.295785303619489,-1.7873447575405557,-2.0048521521703795,-6.039274844397823,-5.874991441081372
2026-09,2026,9,British Grand Prix,Fernando Alonso,alonso,Aston Martin,21,0.0,-3.52499273211555,-2.4198556489068634,-3.084032195523419,-2.2114342720382587,-2.7316704622275267,-5.766665982585964,-6.882443540481778,-5.753744211581089,-6.797361751202177,-13.170731,-14.7399645,-6.095659604025059,-5.8974172571614645,-5.750681434568833,-5.8279477398233785,-6.896626604952176,-8.974869357126556,-6.189436799851394,-5.749892538262863,-2.6285439,-3.0854545,-2.4811447,-2.7863557,-11.069459,-16.417366,-2.8784285253101416,-3.3740394823399837,-2.733251554178758,-3.065869210570574,-8.211787192446696,-6.209318969373602
2026-09,2026,9,British Grand Prix,Andrea Kimi Antonelli,antonelli,Mercedes,1,0.0,4.694783444902767,4.6302340755445455,5.90109206234665,4.399056746645124,5.433927441758175,-0.4177138224768014,-0.49853620930307757,-0.3506351891678761,-0.41423360786146607,2.8172483,3.152911,-0.6234681862188154,-0.6031918249290228,-0.7462708059101713,-0.7562977198590805,-0.1686768008763729,-0.21950619312294847,0.6737290947028437,0.6258840698616528,5.0294147,5.9036603,4.750325,5.334673,1.4970818,2.220356,4.857903282767081,5.694342358450293,4.579606569007017,5.136912756888198,2.7029209157540675,1.5752574449756702
2026-09,2026,9,British Grand Prix,Arvid Lindblad,arvid_lindblad,RB F1 Team,9,0.0,0.2966855573633211,0.41759162174928316,0.5322077813349745,0.27821486712839316,0.34366444632637017,-5.64453447965684,-6.736681123174759,-5.737088841771559,-6.777685420532567,-2.1814344,-2.4413426,-5.502995132896103,-5.324027352411132,-5.581641965123708,-5.656637051672294,-5.879696052920862,-7.6514949927383125,-6.189436799851394,-5.749892538262863,0.64524835,0.75740963,0.43869558,0.4926605,-3.5143738,-5.2122474,0.4759427038478854,0.5578910367216383,0.26969930661849356,0.30251983174022706,-2.8484945905950805,-4.691319102150386
2026-09,2026,9,British Grand Prix,Oliver Bearman,bearman,Haas F1 Team,13,0.0,-1.1299905532196064,-0.7165632926497979,-0.9132380543692927,-0.6971743839272454,-0.8611834842554081,-5.766665982585964,-6.882443540481778,-5.776086663638688,-6.823756690472977,-7.090823,-7.935663,-6.349207529177875,-6.142719325591655,-5.972365523382905,-6.052610381817848,-6.856165661035857,-8.922215834394986,-6.189436799851394,-5.749892538262863,-0.64888746,-0.7616813,-0.66250414,-0.7440002,-6.4521475,-9.569326,-0.8366724283156104,-0.9807315978492027,-0.8508678323681587,-0.9544125148430641,-5.219174680713857,-5.5669281209536114
2026-09,2026,9,British Grand Prix,Gabriel Bortoleto,bortoleto,Audi,11,0.0,-0.4437706214854146,-0.4567336622110048,-0.5820931176925219,-0.5357268626770575,-0.6617557053811557,-5.765114495351565,-6.880591859922027,-5.737368369479905,-6.778015649142538,-5.0193434,-5.617376,-5.697559771322631,-5.512264381843078,-5.654864416617784,-5.730843321928197,-6.181074975779154,-8.043692021022034,-6.189436799851394,-5.749892538262863,-0.4914835,-0.5769164,-0.5845109,-0.6564129,-5.2364874,-7.766353,-0.6660739528049023,-0.7807592911065435,-0.7591804992583253,-0.851567472588903,-4.322197991744401,-5.206239060382461
2026-09,2026,9,British Grand Prix,Valtteri Bottas,bottas,Cadillac F1 Team,18,0.0,-2.6786571814014213,-2.378907863044698,-3.03184549174571,-2.4985987353522296,-3.0863898821780844,-5.766665982585964,-6.882443540481778,-5.74899898162466,-6.791755828620224,-12.271327,-13.733401,-6.055136572356787,-5.858212110910325,-5.9096531018585665,-5.989055354567582,-6.745296970086727,-8.777937758451367,-6.189436799851394,-5.749892538262863,-2.7428453,-3.2196245,-2.9784555,-3.344842,-11.48548,-17.034376,-2.966874373790847,-3.4777140332968486,-3.2034693512652535,-3.5933092349421925,-7.850225454204806,-6.262025182124225
2026-09,2026,9,British Grand Prix,Franco Colapinto,colapinto,Alpine F1 Team,19,0.0,-2.966538764732632,-1.1075412272729042,-1.4115275034368884,-1.1382769555711867,-1.4060546934104363,-5.7669227555622955,-6.882749995809286,-5.754050942533507,-6.797724117196773,-6.3028092,-7.053761,-5.980667665999135,-5.78616507383733,-5.850289292560774,-5.928893931584792,-6.615558111976208,-8.609103142807744,-6.189436799851394,-5.749892538262863,-1.334512,-1.5664855,-1.3543749,-1.5209795,-6.618207,-9.815613,-1.5118430748647569,-1.7721538613318026,-1.5317651072341094,-1.71817024046527,-5.066614485019557,-5.644445293917429
2026-09,2026,9,British Grand Prix,Pierre Gasly,gasly,Alpine F1 Team,15,0.0,-1.7741221203876831,-0.3089072452834035,-0.3936928594541688,-0.13691728031782877,-0.16912684005209655,-5.737865249875276,-6.8480702271315,-5.754050942533507,-6.797724117196773,-4.0190516,-4.497904,-5.82750903703527,-5.637987452347726,-5.745827042948804,-5.823028124471344,-6.371409010109554,-8.291381680065424,-6.189436799851394,-5.749892538262863,-0.24509615,-0.28770036,-0.00022538006,-0.00025310455,-5.1370063,-7.6188107,-0.41691630403800933,-0.4887014071346231,-0.17251714661126938,-0.19351128046825533,-3.870273391444715,-5.113558206460317
2026-09,2026,9,British Grand Prix,Isack Hadjar,hadjar,Red Bull,5,0.0,2.0334881272332006,1.4501662077087503,1.8481925876257181,1.4011142129004082,1.7307239731161226,-4.393195219062372,-5.243223406525874,-4.717504117336124,-5.573167813712678,0.02185444,0.024458298,-4.357480991477132,-4.215767491334584,-4.954415108208195,-5.020982758401333,-4.967338019248245,-6.464205230920999,-6.189436799851394,-5.749892538262863,1.8196383,2.1359396,1.7824633,2.001728,-0.58359146,-0.86553776,1.6469431029167096,1.9305155592876042,1.6100004667291334,1.8059262977103498,-1.1231811884925587,-3.332540587341407
2026-09,2026,9,British Grand Prix,Lewis Hamilton,hamilton,Ferrari,3,0.0,3.1408786479298096,2.2246809518119317,2.835287998792423,2.40637814305693,2.9724745507719157,-1.6000870303559311,-1.9096838068195992,-1.5925407690543198,-1.8813967588290268,0.24904224,0.2787145,-2.1104499698922154,-2.041814156518816,-1.8877334430872,-1.9130970787036679,-2.150960818912381,-2.799135497371245,-1.8758425864385964,-1.7426291986660176,2.7254062,3.1991541,2.9522085,3.3153663,0.13320062,0.19755286,2.5513405497184705,2.9906331430333495,2.7780849370911445,3.1161585035800883,0.3359099845586207,-0.5799950543864322
2026-09,2026,9,British Grand Prix,Nico Hülkenberg,hulkenberg,Audi,12,0.0,-0.7927815039957724,-0.6607476120326644,-0.8421026723410082,-0.5778014615346433,-0.7137282827996134,-5.737608476898945,-6.847763771803992,-5.74899898162466,-6.791755828620224,-5.0140405,-5.611441,-5.496261710291947,-5.3175129134094385,-5.561170049812063,-5.6358900751743155,-5.938975342972855,-7.7286376182964105,-6.189436799851394,-5.749892538262863,-0.767764,-0.9012217,-0.6433023,-0.72243637,-5.885042,-8.72824,-0.9513336544530833,-1.1151353187266084,-0.827449480681745,-0.9281443130422015,-4.388025712449055,-5.1073956216053435
2026-09,2026,9,British Grand Prix,Liam Lawson,lawson,RB F1 Team,10,0.0,-0.08130694544276129,0.5429661130587542,0.6919937453739649,0.5576428622266063,0.6888274069355117,-5.64453447965684,-6.736681123174759,-5.697401006961386,-6.730798982692021,-2.3339856,-2.6120696,-5.5211041180500615,-5.341547399213962,-5.609261981022428,-5.684628170822662,-5.674680111780356,-7.384699152791987,-6.189436799851394,-5.749892538262863,0.84780645,0.9951777,0.8610976,0.9670231,-3.467298,-5.1424284,0.6717038575231928,0.7873585589481091,0.6847621717627674,0.7680929535231519,-2.8589439280788302,-4.486905158944956
2026-09,2026,9,British Grand Prix,Charles Leclerc,leclerc,Ferrari,2,1.0,3.8234734727697877,2.9630393374946014,3.776303234270915,3.297582133567041,4.073332779966283,-3.331089748669837,-3.975613845630954,-3.0646817646169957,-3.6205555617999816,1.2809801,1.4336032,-3.02652895438041,-2.928100524687451,-2.9838337970286375,-3.0239246654958336,-2.2859159934397266,-2.97475832427352,-6.189436799851394,-5.749892538262863,3.4026365,3.994105,3.8489728,4.3224435,0.44675526,0.6625929,3.2330341132590763,3.7897014464560375,3.6785321775187203,4.126183894748162,0.35101820832384206,-0.9610237910146803
2026-09,2026,9,British Grand Prix,Max Verstappen,max_verstappen,Red Bull,7,0.0,1.1108133577287886,2.463673153410965,3.139876268156093,3.0014421379269676,3.7075263488176105,-3.0452979181985795,-3.634524879582096,-3.153690165479201,-3.725708359232068,1.0947816,1.22522,-3.099352313372947,-2.9985555306991816,-2.589232136320788,-2.624021126616308,-2.499878039415475,-3.2531961055268903,-6.189436799851394,-5.749892538262863,3.0238657,3.5494938,3.7089164,4.1651583,0.0370494,0.054948807,2.8409717592889985,3.330133369568783,3.5246783294146002,3.9536071060844664,0.19730698446881328,-1.0622874042746244
2026-09,2026,9,British Grand Prix,Lando Norris,norris,McLaren,6,0.0,1.555349991011903,2.4536150207305,3.1270574849251953,2.5920276465992487,3.20179778753551,-3.3861022077942473,-4.04127052578031,-3.2116540666323075,-3.7941857871746496,0.8116585,0.908364,-3.110975214811333,-3.009800433461758,-3.12469520115701,-3.1666786871120296,-3.053613193353647,-3.9737948778998824,-3.001272453929606,-2.788136408236376,3.0288544,3.5553496,3.1857917,3.577683,-0.042836994,-0.06353252,2.8464718224584065,3.3365804396022303,3.0033410625880927,3.3688267289388834,-0.04645819795717661,-1.6077863611505618
2026-09,2026,9,British Grand Prix,Esteban Ocon,ocon,Haas F1 Team,17,0.0,-2.3843592629011727,-1.252903159867619,-1.5967868515835928,-1.2472058366000922,-1.540608910351237,-5.765114495351565,-6.880591859922027,-5.777056204290078,-6.824902086983084,-7.5445647,-8.443466,-6.324605895604691,-6.118917783541463,-5.972922592933173,-6.053174936169076,-6.96055678047992,-9.05806437495276,-6.189436799851394,-5.749892538262863,-1.4606805,-1.7145855,-1.479373,-1.661354,-7.937333,-11.772038,-1.637344695595585,-1.91926448774482,-1.6564539562963532,-1.858032853058305,-5.599260907984517,-5.83863735504044
2026-09,2026,9,British Grand Prix,Sergio Pérez,perez,Cadillac F1 Team,20,0.0,-3.2485044269661913,-2.1893221834361323,-2.7902243272819836,-2.205517662023651,-2.7243619796658782,-5.766665982585964,-6.882443540481778,-5.74899898162466,-6.791755828620224,-11.980759,-13.408213,-6.22666006077452,-6.024157331987849,-6.0197997456853045,-6.100681931564243,-6.356743174109724,-8.272296412781705,-6.189436799851394,-5.749892538262863,-2.4712718,-2.9008443,-2.622846,-2.945488,-10.944315,-16.231762,-2.7011255663849334,-3.166208306929818,-2.8540522859498507,-3.2013705491082436,-7.66560794423522,-5.972195716058934
2026-09,2026,9,British Grand Prix,Oscar Piastri,piastri,McLaren,8,0.0,0.6928790864727826,1.9926965062797095,2.5396309007315465,1.8671524542145157,2.306396926259261,-3.8243580690671357,-4.564323400804514,-3.960292209275042,-4.678612360404676,0.31485012,0.3523631,-3.528215275706316,-3.4134710606530096,-3.814826772417291,-3.86608288410502,-3.2562904479204113,-4.237547286953266,-6.189436799851394,-5.749892538262863,2.4267192,2.8485472,2.2187848,2.4917223,-0.45202312,-0.67040575,2.2443901437134826,2.6308316819671838,2.0371574922126436,2.2850653548185758,-0.5832085811097545,-2.1696973772909653
2026-09,2026,9,British Grand Prix,George Russell,russell,Mercedes,4,0.0,2.5559699715273445,2.813485536602433,3.585701477871644,3.0706469751677665,3.7930115075330506,-2.8581835872032233,-3.4112062718147245,-2.6971777573396336,-3.1863934595896333,1.0158577,1.1368926,-2.5573659601559484,-2.4741955958863264,-2.412626911769621,-2.44504302967689,-2.0681821512755807,-2.691412146499412,-3.001272453929606,-2.788136408236376,3.1599526,3.7092361,3.5393918,3.97478,0.26705664,0.39607778,2.986817705068612,3.5010912290649165,3.3657240106406863,3.775309155033785,0.37340741492751417,-0.7714830728126486
2026-09,2026,9,British Grand Prix,Carlos Sainz,sainz,Williams,14,0.0,-1.4567363613774855,-0.9275293444160203,-1.1821078508397564,-0.6410019224148279,-0.7917965457222294,-5.765114495351565,-6.880591859922027,-5.73583580187922,-6.7762051035209465,-6.968375,-7.798626,-6.1962152021787915,-5.99470259761329,-5.50338464746892,-5.57732826666305,-6.734259183816361,-8.763573824394493,-6.189436799851394,-5.749892538262863,-1.0125737,-1.1885859,-0.65474,-0.735281,-6.6725183,-9.896163,-1.2018835179215914,-1.408825130443074,-0.8452173153885323,-0.9480743693455679,-5.2526130266210105,-5.490140589151014
2026-09,2026,9,British Grand Prix,Lance Stroll,stroll,Aston Martin,22,0.0,-3.796390595114378,-2.80925503111146,-3.5803098276947445,-3.0329889676079285,-3.746494517081086,-5.766665982585964,-6.882443540481778,-5.776086663638688,-6.823756690472977,-14.590029,-16.328365,-6.3668509288309,-6.159788928612145,-6.241271224498632,-6.325129106924471,-6.896626604952176,-8.974869357126556,-6.189436799851394,-5.749892538262863,-3.0522518,-3.5828142,-3.480981,-3.9091842,-12.106596,-17.955566,-3.311774085281171,-3.8819989525795453,-3.7413999886350746,-4.196702280127991,-8.90722494146038,-6.548302878950596
2026-10,2026,10,Belgian Grand Prix,Alexander Albon,albon,Williams,15,0.0,-1.7741221203876831,-1.4831658674344477,-1.89024964713724,-1.3764119596743567,-1.700210556397716,-5.766665982585964,-6.882443540481778,-5.776086663638688,-6.823756690472977,-8.613575,-9.639844,-6.188823455440797,-5.987551244420203,-6.051628824832733,-6.132938667046552,-6.72378012927003,-8.749936991356149,-6.189436799851394,-5.749892538262863,-1.7221463,-2.021501,-1.5687388,-1.7617128,-8.211981,-12.179376,-1.9246376582978306,-2.256023865520706,-1.7718008772889142,-1.9874166900727013,-6.099423263499656,-5.78964349740145
2026-10,2026,10,Belgian Grand Prix,Fernando Alonso,alonso,Aston Martin,22,0.0,-3.796390595114378,-2.578141069177192,-3.2857621344212893,-2.3630493423787873,-2.9189527226656997,-5.766665982585964,-6.882443540481778,-5.753744211581089,-6.797361751202177,-13.36557,-14.958018,-6.201107291932203,-5.999435587381338,-5.847074992765556,-5.925636444373963,-6.72378012927003,-8.749936991356149,-6.189436799851394,-5.749892538262863,-2.8381073,-3.3314457,-2.657965,-2.984927,-11.679251,-17.321762,-3.074708099237907,-3.6041146869823484,-2.8965443913329585,-3.249033647437857,-8.347562454310001,-6.196742621936364
2026-10,2026,10,Belgian Grand Prix,Andrea Kimi Antonelli,antonelli,Mercedes,1,1.0,4.694783444902767,4.483377784686465,5.71392820018567,4.262215411291674,5.2648944125954955,-0.7664954762396483,-0.9148027396045617,-0.5450420164627819,-0.6439020608606713,2.7494817,3.0770702,-0.735838951128244,-0.7119080806299988,-0.9214237619089544,-0.9338040355280907,-0.295172432768749,-0.38412026250957426,0.6737290947028437,0.6258840698616528,4.8586664,5.7032313,4.600922,5.1668916,1.4109565,2.0926216,4.688572954029319,5.495856549372488,4.431412428342211,4.970684422596551,2.4862938552647558,1.3247621472567037
2026-10,2026,10,Belgian Grand Prix,Arvid Lindblad,arvid_lindblad,RB F1 Team,7,0.0,1.1108133577287886,0.7987837345827379,1.0180254990938975,0.6580217694873908,0.8128202831706401,-5.599238594229612,-6.68262105189433,-5.721136522554765,-6.758839660189425,-1.20324,-1.3466008,-5.468840664447271,-5.290983651692294,-5.5953090327529935,-5.670487750377547,-6.33297461593321,-8.241365391478,-6.189436799851394,-5.749892538262863,1.0962912,1.2868557,0.8857229,0.9946776,-2.6213706,-3.8878143,0.9269006602571516,1.0864954249915453,0.716610453487316,0.8038169490696244,-2.3083992428502835,-4.713583848153862
2026-10,2026,10,Belgian Grand Prix,Oliver Bearman,bearman,Haas F1 Team,14,0.0,-1.4567363613774855,-0.8511790417740958,-1.0848017195455113,-0.8289972119982352,-1.0240174107446285,-5.766665982585964,-6.882443540481778,-5.776086663638688,-6.823756690472977,-6.915744,-7.7397237,-6.3077256878223125,-6.10258655195259,-5.970765452060732,-6.0509888118957935,-6.777306540086936,-8.819593153963629,-6.189436799851394,-5.749892538262863,-0.8876765,-1.0419782,-0.8878619,-0.99707973,-6.7403207,-9.996722,-1.0776381371644137,-1.26318704476995,-1.078419049576642,-1.2096551285720305,-5.2036165723632335,-5.58704061581573
2026-10,2026,10,Belgian Grand Prix,Gabriel Bortoleto,bortoleto,Audi,8,0.0,0.6928790864727826,-0.036596660788354114,-0.046641327622545956,-0.17775147422593474,-0.21956720934457105,-5.7098346912822455,-6.814616106933231,-5.763188050241664,-6.808518518923396,-3.9623826,-4.4344826,-5.582838486754554,-5.401274049815882,-5.758926218069973,-5.83630330044998,-5.723031505158157,-7.447620848232074,-6.189436799851394,-5.749892538262863,0.064980686,0.07627605,-0.121643536,-0.13660717,-4.196246,-6.223548,-0.11069484790680412,-0.1297544073250644,-0.2971214116255435,-0.33327901572444996,-3.7330042678758475,-4.837388875377357
2026-10,2026,10,Belgian Grand Prix,Valtteri Bottas,bottas,Cadillac F1 Team,17,0.0,-2.3843592629011727,-2.226157516474275,-2.8371698354050725,-2.3400705420511394,-2.8905681982391136,-5.766665982585964,-6.882443540481778,-5.74899898162466,-6.791755828620224,-11.687769,-13.080315,-6.076039171390221,-5.878434918000456,-5.940545553268748,-6.020362877758018,-6.5310487662918035,-8.499127588030113,-6.189436799851394,-5.749892538262863,-2.6060607,-3.0590632,-2.8059802,-3.15115,-10.942911,-16.22968,-2.8202335294805874,-3.305824408775713,-3.020935878750265,-3.388562711547137,-7.567117493252994,-6.103482860594386
2026-10,2026,10,Belgian Grand Prix,Franco Colapinto,colapinto,Alpine F1 Team,11,0.0,-0.4437706214854146,-0.5714906641634147,-0.7283474154820829,-0.6294987595093138,-0.777587283105429,-5.7669227555622955,-6.882749995809286,-5.754050942533507,-6.797724117196773,-4.319992,-4.8346996,-5.838215053043314,-5.648345288523419,-5.877679421377252,-5.956652074884105,-6.634274128928568,-8.633459080377653,-6.189436799851394,-5.749892538262863,-0.7556684,-0.8870236,-0.803673,-0.9025346,-5.348796,-7.9329205,-0.9213121365340884,-1.0799446631700138,-0.9695153651982122,-1.0874986251418721,-4.098118837752959,-5.442652610871884
2026-10,2026,10,Belgian Grand Prix,Pierre Gasly,gasly,Alpine F1 Team,10,0.0,-0.08130694544276129,-0.21356035249954303,-0.27217615360380965,-0.06554600168545552,-0.08096558825428969,-5.692797031104226,-6.794281873150447,-5.779870623295265,-6.828226986977631,-2.9223928,-3.270583,-5.653534867093185,-5.469671250531058,-5.7679966764262645,-5.845495629720549,-6.247820550543271,-8.13055083591628,-6.189436799851394,-5.749892538262863,-0.28150743,-0.33044088,-0.062061623,-0.06969596,-4.574389,-6.78438,-0.4501442436848295,-0.527650569602745,-0.2314372046353796,-0.2596014987304479,-3.3946229271047157,-5.01241978727406
2026-10,2026,10,Belgian Grand Prix,Isack Hadjar,hadjar,Red Bull,21,0.0,-3.52499273211555,0.14629701754948593,0.18645108539242236,0.13760671913716094,0.16997846819320647,-4.858904125393273,-5.799041146585897,-5.081273865112563,-6.002918334217753,-4.247552,-4.7536287,-4.64120160778657,-4.490260978098661,-5.081373762674048,-5.149647232649115,-5.160988955337915,-6.716211313292065,-6.189436799851394,-5.749892538262863,0.2550576,0.2993934,0.2580958,0.28984472,-5.271053,-7.817618,0.04879449463011265,0.05719598383464726,0.05203641256142111,0.058368881143303256,-3.4451491402101895,-4.123719005758451
2026-10,2026,10,Belgian Grand Prix,Lewis Hamilton,hamilton,Ferrari,5,0.0,2.0334881272332006,2.0972130926509043,2.6728341012945958,2.353879472138761,2.9076256558865223,-3.50962428027119,-4.188692570405934,-3.6786315607150892,-4.3458639362591205,0.39792866,0.44534007,-3.3921212863278924,-3.281803104485265,-3.278663555407547,-3.322715764172971,-3.2270474080987728,-4.199492093155185,-6.189436799851394,-5.749892538262863,2.4706082,2.9000654,2.811844,3.1577353,-0.08818632,-0.13079114,2.2929857252018087,2.687794503578749,2.63402469880979,2.954567138768089,-0.3900649100550916,-1.830683171337549
2026-10,2026,10,Belgian Grand Prix,Nico Hülkenberg,hulkenberg,Audi,12,0.0,-0.7927815039957724,-0.5140649122246731,-0.6551600466771609,-0.3810722930511629,-0.47071890856684917,-5.727396891600676,-6.8355763727962495,-5.709311146814487,-6.7448693907796775,-5.653325,-6.3268933,-5.503325107352794,-5.324346595476153,-5.680813075727201,-5.757140627895993,-5.492798064906275,-7.1480084193935,-6.189436799851394,-5.749892538262863,-0.5533078,-0.6494873,-0.35987905,-0.40414855,-5.678836,-8.42241,-0.7487035718932009,-0.8776161679624986,-0.5561456377725027,-0.623824684132362,-4.573503069584391,-4.828202835025159
2026-10,2026,10,Belgian Grand Prix,Liam Lawson,lawson,RB F1 Team,9,0.0,0.2966855573633211,0.5155628747157928,0.6570691541697448,0.5096796923148121,0.6295809820340432,-5.599238594229612,-6.68262105189433,-5.721136522554765,-6.758839660189425,-1.8277823,-2.0455544,-5.392566507032825,-5.2171900737316115,-5.577030879605445,-5.651964011489134,-5.967039979418889,-7.765159306374688,-6.189436799851394,-5.749892538262863,0.7316767,0.8588615,0.71324456,0.80098236,-3.3884099,-5.0254273,0.5556533134900318,0.6513263059072832,0.5369735686391482,0.6023195078638195,-2.6574309108530825,-4.6157235093786175
2026-10,2026,10,Belgian Grand Prix,Charles Leclerc,leclerc,Ferrari,4,0.0,2.5559699715273445,2.3719841427301387,3.023021421445258,2.7015917061024592,3.3371366076175577,-3.2848168982940575,-3.920387778934847,-3.1237943540253754,-3.69039002775526,0.6516062,0.72924215,-3.104859247954664,-3.0038833693821085,-2.8696197258104803,-2.9081760110475816,-3.0893174244057446,-4.0202582907456845,-3.001272453929606,-2.788136408236376,2.8125587,3.301456,3.256737,3.6573553,0.013020551,0.019311074,2.6357748603566606,3.089605445194897,3.079465789580538,3.4542153044223256,-0.10044067670891897,-1.5377203839043563
2026-10,2026,10,Belgian Grand Prix,Max Verstappen,max_verstappen,Red Bull,2,0.0,3.8234734727697877,3.5406108091882045,4.512400453426764,4.089850455206826,5.051980890718062,-1.481709590637276,-1.7684018168810942,-1.5066768412672082,-1.779958780864463,1.9575535,2.1907873,-1.5920723179369816,-1.5402951234761912,-1.1901048921790787,-1.206095172449391,-1.5996989463155464,-2.081755309705446,-1.8758425864385964,-1.7426291986660176,4.180526,4.907212,4.891865,5.4936237,0.77443206,1.1485778,4.009534353278756,4.699900343123303,4.719364159969557,5.293677872203138,1.544312494975798,0.4014478334834412
2026-10,2026,10,Belgian Grand Prix,Lando Norris,norris,McLaren,13,0.0,-1.1299905532196064,2.137327943606361,2.723959254946277,2.345276574038051,2.8969989404881025,-3.5222203626787945,-4.203725836813835,-3.0465971925213653,-3.5991907992854664,-0.7626158,-0.8534781,-3.597078543569296,-3.4800947651675314,-3.484027185695595,-3.5308386655363795,-3.0876737748432226,-4.018119340656384,-6.189436799851394,-5.749892538262863,2.7888634,3.2736418,3.0353386,3.4087224,-0.34995314,-0.5190235,2.6087895964890793,3.0579738292176435,2.855277975173615,3.202745396164352,-0.8257092394048452,-1.77867009229399
2026-10,2026,10,Belgian Grand Prix,Esteban Ocon,ocon,Haas F1 Team,16,0.0,-2.083069797589303,-1.3536500741552229,-1.725185720087574,-1.3718948274959386,-1.694630776477606,-5.765114495351565,-6.880591859922027,-5.777056204290078,-6.824902086983084,-7.2011194,-8.059101,-6.205733214350403,-6.003911066077912,-5.904962840300868,-5.984302074533662,-6.777306540086936,-8.819593153963629,-6.189436799851394,-5.749892538262863,-1.6659055,-1.955484,-1.7091329,-1.9193771,-7.730428,-11.465174,-1.8409913817222623,-2.1579752819845597,-1.884562939244875,-2.1139011087288195,-5.505944245178556,-5.810428551420027
2026-10,2026,10,Belgian Grand Prix,Sergio Pérez,perez,Cadillac F1 Team,18,0.0,-2.6786571814014213,-1.9971744037897385,-2.545337844488883,-2.0459167308134703,-2.5272151980303463,-5.761389291259509,-6.876145875549468,-5.66417042217062,-6.691541014711417,-10.879934,-12.17623,-6.1348178417156305,-5.935301995109089,-5.949200186456437,-6.02913379482221,-6.034418035470966,-7.852841195687113,-6.189436799851394,-5.749892538262863,-2.268565,-2.6629016,-2.4374397,-2.7372744,-10.197761,-15.12453,-2.4865117915093857,-2.9146420986613317,-2.656301074680228,-2.9795543942586624,-7.166435907513379,-5.764127172302395
2026-10,2026,10,Belgian Grand Prix,Oscar Piastri,piastri,McLaren,6,0.0,1.555349991011903,2.290847390004944,2.91961510555292,2.2216057870212054,2.744234808989418,-4.038572273975732,-4.819985368274923,-3.9797487788781556,-4.701597974148785,0.78252375,0.875758,-3.659495651232646,-3.540481950769707,-4.130680685848347,-4.186180618928146,-3.466515788485921,-4.511122336786773,-6.189436799851394,-5.749892538262863,2.8327048,3.325104,2.7018023,3.0341568,-0.2230243,-0.3307724,2.655865555634604,3.1131553782571184,2.5254924000478356,2.832827215994423,-0.3711163878777516,-2.200227631103522
2026-10,2026,10,Belgian Grand Prix,George Russell,russell,Mercedes,3,0.0,3.1408786479298096,2.853936807128156,3.6372553880015777,3.0796476943751885,3.80412963078392,-2.7018038379284945,-3.224569001941955,-2.4012781799915865,-2.836823441302393,0.9558114,1.069692,-1.9926912137216277,-1.9278851371943573,-1.8552603638818255,-1.8801876903618917,-2.0231941140546463,-2.632867327442294,-3.001272453929606,-2.788136408236376,3.2430484,3.8067763,3.570694,4.009933,0.33505476,0.49692732,3.071234121790174,3.6000425563157905,3.398267205078703,3.8118126293256367,0.42600064526091386,-0.6858705496024224
2026-10,2026,10,Belgian Grand Prix,Carlos Sainz,sainz,Williams,19,0.0,-2.966538764732632,-1.1712096818903814,-1.4926710063430317,-0.8797684076238546,-1.0867324446826032,-5.75983780402511,-6.874294194989717,-5.611319407615007,-6.6291038517715934,-7.5878205,-8.491876,-6.219560451272628,-6.01728861517697,-5.526366122343461,-5.6006185212314525,-6.349535095856096,-8.262916238335867,-6.189436799851394,-5.749892538262863,-1.2739674,-1.4954166,-0.89645875,-1.0067341,-7.8251066,-11.605594,-1.4755956811239181,-1.7296653518766876,-1.0990587997115873,-1.2328065923865683,-5.582452891427931,-5.41931929898395
2026-10,2026,10,Belgian Grand Prix,Lance Stroll,stroll,Aston Martin,20,0.0,-3.2485044269661913,-2.838202290958804,-3.6172022271987068,-3.054540083614654,-3.7731154968533454,-5.766665982585964,-6.882443540481778,-5.7363988288285155,-6.77687025263243,-14.929178,-16.707924,-6.402587483918978,-6.1943632635288735,-6.283675617349218,-6.3681032462997775,-6.72378012927003,-8.749936991356149,-6.189436799851394,-5.749892538262863,-3.1672816,-3.7178392,-3.563346,-4.001681,-12.080095,-17.916264,-3.4070013696599206,-3.9936225744498506,-3.8039004891848296,-4.266808655806361,-9.048756821223675,-6.482060490806787
2026-11,2026,11,Hungarian Grand Prix,Alexander Albon,albon,Williams,19,0.0,-2.966538764732632,-1.8594779540921855,-2.3698479204232226,-1.7181497560319519,-2.122341594132044,-5.766665982585964,-6.882443540481778,-5.7363988288285155,-6.77687025263243,-10.243605,-11.464085,-6.32930113659495,-6.123460326439396,-6.147714724575053,-6.230315579435743,-6.72378012927003,-8.749936991356149,-6.189436799851394,-5.749892538262863,-2.069808,-2.4295955,-1.8763843,-2.1072023,-8.56833,-12.707885,-2.2702309901903766,-2.661121833521575,-2.077316477730644,-2.330111408863309,-6.870854505591048,-5.930648855759481
2026-11,2026,11,Hungarian Grand Prix,Fernando Alonso,alonso,Aston Martin,16,0.0,-2.083069797589303,-1.9933088013049607,-2.5404112520603075,-1.8710068504951192,-2.3111580627771193,-5.766665982585964,-6.882443540481778,-5.753744211581089,-6.797361751202177,-11.640402,-13.027304,-6.106497591485095,-5.90790277282863,-5.8917199756688206,-5.970881278428146,-6.396661941994837,-8.324244379111953,-6.189436799851394,-5.749892538262863,-2.1793623,-2.5581932,-2.1113799,-2.3711054,-10.993551,-16.304785,-2.399115490124658,-2.8121978069619975,-2.3325956219622417,-2.6164562449995565,-7.459375514795477,-5.851524596870743
2026-11,2026,11,Hungarian Grand Prix,Andrea Kimi Antonelli,antonelli,Mercedes,7,0.0,1.1108133577287886,2.4946092482369164,3.1793033771615824,2.2365628758123908,2.7627105277428123,-3.340809187426264,-3.9872138739121623,-3.215810770975813,-3.7990964370187505,1.1400673,1.2759013,-3.086244018477373,-2.9858735422761287,-3.3164593952533323,-3.3610194299054976,-2.2639484943972255,-2.9461710967342354,-6.189436799851394,-5.749892538262863,2.7359462,3.2115262,2.4063923,2.7024078,0.21259527,0.31530488,2.558992053685971,2.9996020912836268,2.2302084386902266,2.501609255423789,0.11299096552586606,-1.3931395511040783
2026-11,2026,11,Hungarian Grand Prix,Arvid Lindblad,arvid_lindblad,RB F1 Team,9,0.0,0.2966855573633211,0.4743594549745646,0.6045566528124774,0.34048703371903527,0.4205860352903428,-5.5457563242994,-6.618790633360806,-5.645898307470358,-6.669954693003347,-1.263385,-1.4139117,-5.562930556907304,-5.382013563394034,-5.606963326732512,-5.682298631753949,-5.995284395720076,-7.801914949516138,-6.189436799851394,-5.749892538262863,0.65048236,0.76355344,0.44593793,0.50079376,-2.6493845,-3.9293623,0.48107544866606655,0.5639075431302709,0.2766405225369277,0.3103057452379124,-2.4357010233216636,-4.6764907040669526
2026-11,2026,11,Hungarian Grand Prix,Oliver Bearman,bearman,Haas F1 Team,17,0.0,-2.3843592629011727,-1.1828934241565223,-1.507561579394054,-1.124486317759149,-1.389019831265653,-5.765114495351565,-6.880591859922027,-5.737368369479905,-6.778015649142538,-8.121513,-9.089155,-6.39367704459255,-6.185742608494615,-6.04126584068581,-6.122436445575227,-6.777306540086936,-8.819593153963629,-6.189436799851394,-5.749892538262863,-1.2598796,-1.47888,-1.2111543,-1.360141,-6.962889,-10.326819,-1.44699612819783,-1.6961414967934711,-1.3989604663276731,-1.569204200748424,-5.794177106973234,-5.708344655672781
2026-11,2026,11,Hungarian Grand Prix,Gabriel Bortoleto,bortoleto,Audi,14,0.0,-1.4567363613774855,-0.6789807132338459,-0.8653402035359298,-0.7924969405931032,-0.9789305119290519,-5.754902910053295,-6.868404460914284,-5.777056204290078,-6.824902086983084,-4.8893204,-5.471861,-5.543887284458833,-5.363589614081595,-5.610297633727896,-5.685677738584805,-6.490110742906294,-8.445853221782691,-6.189436799851394,-5.749892538262863,-0.7487074,-0.8788526,-0.90589046,-1.017326,-5.393838,-7.9997234,-0.9329172546549264,-1.0935479631625704,-1.0900012457372121,-1.2226467972478214,-4.353731490861974,-5.442449464291669
2026-11,2026,11,Hungarian Grand Prix,Valtteri Bottas,bottas,Cadillac F1 Team,21,0.0,-3.52499273211555,-2.6899630341364853,-3.428275817110147,-2.8070644241383964,-3.467421605038741,-5.766665982585964,-6.882443540481778,-5.74899898162466,-6.791755828620224,-13.002447,-14.551631,-6.1591752975564305,-5.958867300547278,-6.010954031647998,-6.091717366283171,-6.367710472822245,-8.286568618424212,-6.189436799851394,-5.749892538262863,-3.124759,-3.667925,-3.3367357,-3.747195,-11.27827,-16.727058,-3.347716722635942,-3.924130232362273,-3.56040684966148,-3.993683538126254,-8.250938127016909,-6.225168932151784
2026-11,2026,11,Hungarian Grand Prix,Franco Colapinto,colapinto,Alpine F1 Team,13,0.0,-1.1299905532196064,-0.5813589991287833,-0.7409243073157568,-0.6288392735421836,-0.7767726541745847,-5.745395891555319,-6.857057953547943,-5.754050942533507,-6.797724117196773,-4.732583,-5.296449,-6.0452378386889905,-5.848635302730623,-5.82711842066783,-5.905411735254724,-6.634274128928568,-8.633459080377653,-6.189436799851394,-5.749892538262863,-0.6828188,-0.80151075,-0.7304021,-0.82025045,-5.6762934,-8.418639,-0.8466826170591562,-0.992465351787998,-0.8943568280712928,-1.0031938180937765,-4.2522759332395745,-5.433798529233174
2026-11,2026,11,Hungarian Grand Prix,Pierre Gasly,gasly,Alpine F1 Team,12,0.0,-0.7927815039957724,-0.17030285344875495,-0.21704579083579945,0.031074256160899164,0.03838442261825969,-5.7163383858682995,-6.822378184870157,-5.754050942533507,-6.797724117196773,-3.6366105,-4.069896,-5.910188194879083,-5.717977728043849,-5.761780192886363,-5.839195621346196,-6.4656965150953845,-8.41408196351264,-6.189436799851394,-5.749892538262863,-0.14275873,-0.16757397,0.14051072,0.15779525,-4.89322,-7.2572455,-0.30935516775725225,-0.36262027731482915,-0.026930250829286434,-0.030207474582506763,-3.661656280252853,-5.07664663931355
2026-11,2026,11,Hungarian Grand Prix,Isack Hadjar,hadjar,Red Bull,8,0.0,0.6928790864727826,1.155638541464196,1.4728260629402858,1.1062623047642468,1.3665086498885364,-4.75726482241573,-5.67773591296403,-4.984190185581405,-5.8882255592795145,-0.30695418,-0.3435264,-4.53049584063956,-4.383155571292649,-4.923547078753472,-4.989699985300384,-5.423121365037208,-7.057335208506374,-6.189436799851394,-5.749892538262863,1.465745,1.7205303,1.4125366,1.5862958,-1.0087442,-1.4960915,1.2799822371913723,1.5003709722172882,1.2269302509708628,1.3762391076731395,-1.502835224150116,-3.7974659099337345
2026-11,2026,11,Hungarian Grand Prix,Lewis Hamilton,hamilton,Ferrari,5,0.0,2.0334881272332006,2.2772205193558954,2.9022480746620962,2.5215627062207244,3.114756088540213,-2.199732591459529,-2.6253532648840547,-2.2871571469420635,-2.7020030675539144,0.030126762,0.03371623,-2.4223460197026725,-2.343566758547005,-2.4693471079226583,-2.5025253198599864,-1.7275931899534476,-2.2481894511963696,0.6737290947028437,0.6258840698616528,2.7579925,3.2374048,3.0814228,3.4604754,0.012367511,0.018342536,2.583728576148667,3.028597775112855,2.9069547270826703,3.260710848461651,0.04137746373441737,-0.5874913629253196
2026-11,2026,11,Hungarian Grand Prix,Nico Hülkenberg,hulkenberg,Audi,10,0.0,-0.08130694544276129,-0.11479847188800212,-0.14630714995723912,0.016461369852815683,0.020333879402752306,-5.682328672829626,-6.781788018815196,-5.695442992766073,-6.72848582271999,-4.5866556,-5.1331353,-5.547510031223283,-5.367094542288688,-5.702470818636357,-5.7790893648019095,-5.357479952372394,-6.9719132860463535,-6.189436799851394,-5.749892538262863,0.023007367,0.027006658,0.21556644,0.24208374,-4.345495,-6.4449024,-0.1603588715707302,-0.187969636649162,0.03148847546280087,0.03532040337143969,-3.9925273814375353,-4.587386906404321
2026-11,2026,11,Hungarian Grand Prix,Liam Lawson,lawson,RB F1 Team,11,0.0,-0.4437706214854146,0.18307265882135126,0.23332051818056707,0.18244782769756318,0.22536837206545213,-5.5908245430704495,-6.6725789873418595,-5.659766461518773,-6.686338261063034,-1.8208574,-2.0378044,-5.527194001819225,-5.347439228477305,-5.588685173584963,-5.663774892865535,-6.2164923060829524,-8.089782077895135,-6.189436799851394,-5.749892538262863,0.2924416,0.34327573,0.2810682,0.315643,-3.0234456,-4.484141,0.11769204607480246,0.13795639069098442,0.10595625922742222,0.1188503971893626,-2.7793744517415497,-4.855823620907934
2026-11,2026,11,Hungarian Grand Prix,Charles Leclerc,leclerc,Ferrari,2,0.0,3.8234734727697877,3.4165855179707303,4.354334003741368,3.766744139608513,4.652864358230947,-1.4689298379249034,-1.7531493422675428,-1.1389161047617344,-1.345493383726254,1.5128659,1.6931171,-1.5009979781953005,-1.452182693031007,-1.1638792680823826,-1.1795171801855477,-1.635020653316924,-2.1277209279658917,-1.8758425864385964,-1.7426291986660176,3.9111843,4.591052,4.3823586,4.921442,0.63567823,0.94278884,3.73603438696258,4.379308854866701,4.206266655225887,4.718139978733664,1.3305581871002092,0.25787088201952946
2026-11,2026,11,Hungarian Grand Prix,Max Verstappen,max_verstappen,Red Bull,4,0.0,2.5559699715273445,2.6294177980700963,3.351112760958984,3.2012115199935125,3.954291141761538,-2.9908467738748445,-3.569538121608873,-2.94666127702458,-3.481128448129513,1.1006602,1.231799,-3.0456418881585705,-2.9465918698117552,-2.2315623270114884,-2.2615456564508354,-2.463335440610061,-3.205641689573302,-3.001272453929606,-2.788136408236376,3.2058241,3.7630813,3.9364014,4.4206266,0.109198615,0.16195494,3.0268893940788684,3.5480625051121777,3.755836115158208,4.212895182592278,0.28423176708543835,-0.9422676424236299
2026-11,2026,11,Hungarian Grand Prix,Lando Norris,norris,McLaren,1,1.0,4.694783444902767,4.321999818975911,5.508256906476787,4.504121213737812,5.563708147888882,-0.36946336278162234,-0.44094989068202833,-0.1872245902768776,-0.22118349756859215,2.448309,2.740014,0.01175031436287074,0.01136817197845309,0.14926582747284534,0.1512713670112138,-0.4634403869586498,-0.6030944062976281,0.6737290947028437,0.6258840698616528,4.954031,5.815173,5.174273,5.8107715,1.2239834,1.8153176,4.782469326001017,5.605920100888625,5.002300692717279,5.611045808195208,2.4611021931462598,1.5097132501220658
2026-11,2026,11,Hungarian Grand Prix,Esteban Ocon,ocon,Haas F1 Team,15,0.0,-1.7741221203876831,-1.2207428627672319,-1.5557995341293482,-1.2254019422384128,-1.5136756865415002,-5.765114495351565,-6.880591859922027,-5.737368369479905,-6.778015649142538,-7.406804,-8.289291,-6.337148787735714,-6.13105275716423,-6.001356398497592,-6.081990779084247,-6.777306540086936,-8.819593153963629,-6.189436799851394,-5.749892538262863,-1.4247582,-1.672419,-1.4462795,-1.6241895,-7.3660874,-10.924811,-1.5910917158579754,-1.8650476196036345,-1.612899472664375,-1.8091780924544267,-5.5339269149296575,-5.749983724998121
2026-11,2026,11,Hungarian Grand Prix,Sergio Pérez,perez,Cadillac F1 Team,22,0.0,-3.796390595114378,-2.4556783224341725,-3.1296870999958624,-2.4624714581430553,-3.041763723815237,-5.761389291259509,-6.876145875549468,-5.66417042217062,-6.691541014711417,-12.595961,-14.096713,-6.22666006077452,-6.024157331987849,-6.048602806447889,-6.129871991000023,-5.959369637260768,-7.755177568528512,-6.189436799851394,-5.749892538262863,-2.74743,-3.2250063,-2.8642967,-3.21664,-10.415601,-15.447614,-2.9810983515722977,-3.49438711105735,-3.099012830084771,-3.476141083463073,-8.002535011634949,-5.9033801512834065
2026-11,2026,11,Hungarian Grand Prix,Oscar Piastri,piastri,McLaren,3,0.0,3.1408786479298096,2.4801706747800236,3.1609018558069497,2.381871195114974,2.942202384576948,-2.2860742890020425,-2.7284009982398936,-2.30583430361301,-2.724067897985682,0.56374997,0.63091826,-2.14797158359579,-2.078115496578207,-2.3899464067508234,-2.4220577888030377,-2.5113265214307807,-3.268094495175969,-3.001272453929606,-2.788136408236376,3.0081313,3.5310242,2.8375735,3.1866298,0.0061217127,0.009079251,2.835108771017881,3.3232608855945234,2.665046054044693,2.9893635766369178,0.2913892164251492,-1.0202322403342021
2026-11,2026,11,Hungarian Grand Prix,George Russell,russell,Mercedes,6,0.0,1.555349991011903,2.1294722019948007,2.713947351938464,2.3973902151747635,2.9613722279840373,-4.340782594895207,-5.180669596797979,-4.099450790651045,-4.843011607853472,0.5629956,0.630074,-3.1880122181519255,-3.084332048160325,-2.909703199955402,-2.9487980477931592,-2.8335753783694164,-3.687450443695916,-6.189436799851394,-5.749892538262863,2.2630029,2.6563728,2.6480756,2.9738212,-0.10005597,-0.14839529,2.083591586058484,2.4423466536051093,2.4677903077466863,2.768103181391341,-0.6337711453196713,-1.9730439545590805
2026-11,2026,11,Hungarian Grand Prix,Carlos Sainz,sainz,Williams,18,0.0,-2.6786571814014213,-1.4677060202114869,-1.8705465435264843,-1.2228271602743814,-1.5104951914543285,-5.75983780402511,-6.874294194989717,-5.651007242425179,-6.675990289612139,-8.52478,-9.54047,-6.023854356511947,-5.827947251723669,-5.2475106055353535,-5.318016294450143,-6.367457575264493,-8.286239512229027,-6.189436799851394,-5.749892538262863,-1.5957413,-1.8731234,-1.2916808,-1.4505733,-7.5720887,-11.230337,-1.7898993797034572,-2.098086203437901,-1.4865228409598399,-1.6674223058396938,-6.056712349044852,-5.568660425140122
2026-11,2026,11,Hungarian Grand Prix,Lance Stroll,stroll,Aston Martin,20,0.0,-3.2485044269661913,-2.663935237278761,-3.3951041841145897,-2.895534405255948,-3.576704000300662,-5.766665982585964,-6.882443540481778,-5.7363988288285155,-6.77687025263243,-14.542117,-16.274746,-6.4218706486772135,-6.2130193034007215,-6.220786789242993,-6.304369442264206,-6.674176788546374,-8.685386084344282,-6.189436799851394,-5.749892538262863,-2.977489,-3.4950554,-3.3831737,-3.7993453,-12.482131,-18.512531,-3.226206634897952,-3.781698405438101,-3.6325476972250645,-4.074603423832169,-8.832928143833648,-6.394890645561361
2026-12,2026,12,Dutch Grand Prix,Alexander Albon,albon,Williams,16,0.0,-2.083069797589303,-1.6017708324397055,-2.041408056437555,-1.5202109755908046,-1.8778380487646025,-5.761389291259509,-6.876145875549468,-5.691258104184648,-6.72354187656417,-9.112533,-10.19825,-6.303363783305031,-6.098366504796853,-6.04244642406411,-6.123632891302489,-6.43192859887755,-8.370138358344885,-6.189436799851394,-5.749892538262863,-1.834618,-2.1535232,-1.7026322,-1.9120767,-8.656495,-12.838644,-2.0258497055806526,-2.3746627132870954,-1.8940429842128519,-2.124534809069247,-6.334845007936933,-5.720008204070302
2026-12,2026,12,Dutch Grand Prix,Fernando Alonso,alonso,Aston Martin,18,0.0,-2.6786571814014213,-2.1386183668604546,-2.725603860013226,-2.0080902985436286,-2.480490161238844,-5.761389291259509,-6.876145875549468,-5.6689156521270485,-6.697146937293371,-11.066944,-12.385521,-6.177720058205523,-5.9768089506042585,-5.719682145791012,-5.796531943795655,-6.177866571761816,-8.039516790354941,-6.189436799851394,-5.749892538262863,-2.4063268,-2.8246102,-2.3015199,-2.5846348,-10.7843685,-15.994542,-2.6258549402509725,-3.0779775024462945,-2.5223434065124284,-2.8292950119022935,-7.292725210577503,-5.810875164754391
2026-12,2026,12,Dutch Grand Prix,Andrea Kimi Antonelli,antonelli,Mercedes,3,0.0,3.1408786479298096,3.149188886794314,4.013545155491227,2.9157471766150445,3.601671792099652,-2.103868575724493,-2.5109407641682813,-2.0572967705608294,-2.4304504796954096,1.5584913,1.7441787,-2.0023659597554797,-1.9372452422404163,-2.501048351812642,-2.534652502487009,-1.6514875310366661,-2.149149966352332,-3.001272453929606,-2.788136408236376,3.6432748,4.2765727,3.3369353,3.747419,0.58053976,0.8610117,3.4738405743904286,4.071970226213981,3.168033200959354,3.553560752224636,1.001156282697015,-0.3535460043544616
2026-12,2026,12,Dutch Grand Prix,Arvid Lindblad,arvid_lindblad,RB F1 Team,10,0.0,-0.08130694544276129,0.39076880084213556,0.4980229144443521,0.26645962545770185,0.3291438038391862,-5.378255758015604,-6.418880807834552,-5.422168116696511,-6.405644187455618,-1.4143012,-1.5828089,-5.572729758705464,-5.391494076668219,-5.613716284089605,-5.689142322021648,-5.658003978179756,-7.362997800954277,-6.189436799851394,-5.749892538262863,0.5364211,0.6296653,0.34346217,0.3857122,-3.0294163,-4.492996,0.36692665810136404,0.4301044895404076,0.1740173072578943,0.19519400020561917,-2.461464663033062,-4.493646575358702
2026-12,2026,12,Dutch Grand Prix,Oliver Bearman,bearman,Haas F1 Team,20,0.0,-3.2485044269661913,-1.6501842532175974,-2.103109484141265,-1.6634133230213857,-2.05472850738864,-5.75983780402511,-6.874294194989717,-5.692227644836038,-6.724687273074276,-8.232795,-9.213696,-6.270819588002269,-6.066880708104366,-5.876962376220035,-5.9559253954895155,-6.471666139780501,-8.421850486404908,-6.189436799851394,-5.749892538262863,-1.9151192,-2.2480175,-1.9510168,-2.1910157,-8.115978,-12.036991,-2.110114894633729,-2.4734367743248935,-2.146315413101229,-2.4075070335694977,-6.014607191510876,-5.795750307630545
2026-12,2026,12,Dutch Grand Prix,Gabriel Bortoleto,bortoleto,Audi,9,0.0,0.2966855573633211,0.08197559261763915,0.10447539174252683,-0.019640592542349514,-0.02426100887870034,-5.71476958525406,-6.820505841008663,-5.638671655977451,-6.661417267174043,-3.2887676,-3.6806095,-5.64648322879475,-5.4628489448096245,-5.741602146576042,-5.8187464622810845,-5.509575450043717,-7.169841534101294,-6.189436799851394,-5.749892538262863,0.22120212,0.2596529,0.09209572,0.103424616,-3.7487864,-5.5599103,0.04801278314324972,0.056279676412982156,-0.08094787975999282,-0.09079867231309363,-3.4303085558543702,-4.681330441936093
2026-12,2026,12,Dutch Grand Prix,Valtteri Bottas,bottas,Cadillac F1 Team,21,0.0,-3.52499273211555,-2.57505627045658,-3.2818306525680745,-2.68948718332385,-3.3221845162297314,-5.761389291259509,-6.876145875549468,-5.651570269374475,-6.676655438723624,-13.994664,-15.662066,-6.222820039596627,-6.020442195541021,-5.883405380343902,-5.962454967984288,-6.471666139780501,-8.421850486404908,-6.189436799851394,-5.749892538262863,-2.908535,-3.4141154,-3.1244767,-3.5088253,-11.852729,-17.579052,-3.153541635573152,-3.696521867424302,-3.3703304095289703,-3.7804761205483954,-8.586231934777707,-6.219739944998106
2026-12,2026,12,Dutch Grand Prix,Franco Colapinto,colapinto,Alpine F1 Team,14,0.0,-1.4567363613774855,-0.8956789115300015,-1.141515445872868,-0.9913053880358269,-1.224508311996359,-5.7616460642358405,-6.876452330876976,-5.708910217889639,-6.744395741128511,-4.25257,-4.759245,-5.859739622586858,-5.669169838469622,-5.862097860939684,-5.940861160195427,-6.4552561605941206,-8.400495492465527,-6.189436799851394,-5.749892538262863,-1.170959,-1.3745028,-1.27116,-1.4275281,-5.357461,-7.945772,-1.337888465486718,-1.5682475579389497,-1.4380890450489412,-1.6130944546738322,-4.194815707137,-5.5120176622908525
2026-12,2026,12,Dutch Grand Prix,Pierre Gasly,gasly,Alpine F1 Team,11,0.0,-0.4437706214854146,-0.23556034409483265,-0.30021447167942195,-0.10706221612705565,-0.13224842226277925,-5.687520339777771,-6.787984208218137,-5.708910217889639,-6.744395741128511,-2.573157,-2.8797374,-5.707598029073779,-5.521976176519796,-5.724188633073936,-5.8010989803588675,-6.257607930492036,-8.143287563800843,-6.189436799851394,-5.749892538262863,-0.28502747,-0.33457282,-0.089472234,-0.10047841,-4.112508,-6.099354,-0.4534602937787916,-0.5315375808118352,-0.2584962830717543,-0.2899534783415678,-3.2667730690241648,-5.0317007593857985
2026-12,2026,12,Dutch Grand Prix,Lewis Hamilton,hamilton,Ferrari,5,0.0,2.0334881272332006,2.3200092165565565,2.9567809637751115,2.6547584715118733,3.2792859334196933,-3.2498798999509604,-3.87869090949653,-3.297953012512694,-3.896137687072405,0.47146916,0.5276426,-3.449139831622233,-3.3369672991484722,-3.183857311742031,-3.2266357013529,-2.9808418151214853,-3.879094432307726,-6.189436799851394,-5.749892538262863,2.8651752,3.3632188,3.3022847,3.708506,0.022606993,0.033528946,2.69162847019879,3.155075990383526,3.1279861684851453,3.508640275128525,-0.17625374686044032,-1.4959630009080964
2026-12,2026,12,Dutch Grand Prix,Nico Hülkenberg,hulkenberg,Audi,13,0.0,-1.1299905532196064,-0.7265182929434479,-0.9259253985197303,-0.5918964420969799,-0.7311390838144309,-5.73233178557249,-6.841466106871682,-5.651570269374475,-6.676655438723624,-5.1196785,-5.7296653,-5.495015323996995,-5.316307061947509,-5.626480806720792,-5.702078349110745,-5.550379051359102,-7.222940971272925,-6.189436799851394,-5.749892538262863,-0.8842661,-1.037975,-0.6852274,-0.76951873,-5.4616528,-8.100301,-1.0652428320952092,-1.2486575025800362,-0.8670560205928299,-0.9725706927016159,-4.451902879484008,-4.942188804375059
2026-12,2026,12,Dutch Grand Prix,Liam Lawson,lawson,Red Bull,8,0.0,0.6928790864727826,0.8088515367866244,1.0308566058373818,0.7664728737032586,0.9467843271073346,-4.916495105782586,-5.867775259532159,-4.949778176905775,-5.847571880048701,-0.76759446,-0.8590499,-4.872606042516054,-4.714139704177168,-5.260807775994181,-5.331492126036939,-4.663836954435457,-6.069246570336466,-6.189436799851394,-5.749892538262863,0.9572838,1.1236851,0.9398667,1.0554818,-1.6420809,-2.4354074,0.7770304477995229,0.9108203961998413,0.7596619284866113,0.8521074883974787,-1.8745116067641197,-3.671093189058588
2026-12,2026,12,Dutch Grand Prix,Charles Leclerc,leclerc,Ferrari,6,0.0,1.555349991011903,2.610071024365343,3.3264558881360458,2.997547641566801,3.702715678743969,-2.218522343342654,-2.647778598146946,-2.1489499787213027,-2.5387278011430685,0.7738937,0.8660997,-2.223981340392129,-2.151653272727548,-2.160878278671589,-2.1899118953998777,-2.5347432696460337,-3.298567691426686,-1.8758425864385964,-1.7426291986660176,3.2665648,3.8343804,3.7688675,4.2324843,0.08383172,0.124332726,3.083495484764391,3.6144150941149884,3.5848678586844804,4.021121281391578,0.4481084379657018,-0.7494448643271538
2026-12,2026,12,Dutch Grand Prix,Max Verstappen,max_verstappen,Red Bull,7,0.0,1.1108133577287886,2.363749179435626,3.012526211972452,2.926616986488876,3.6150987064501323,-3.261634790528255,-3.8927202240028804,-3.331988792079322,-3.9363468965351545,0.7973758,0.8923796,-3.4075353838779847,-3.2967159065117198,-2.9752063376363367,-3.015181287334851,-2.652397822423504,-3.4516764938795728,-6.189436799851394,-5.749892538262863,2.853502,3.3495164,3.5724847,4.011944,-0.09690486,-0.14372179,2.667931623695262,3.127298995051937,3.3853598631546666,3.79733455388662,-0.03864566403144295,-1.2457056115756528
2026-12,2026,12,Dutch Grand Prix,Lando Norris,norris,McLaren,1,1.0,4.694783444902767,4.4048665940222635,5.613868083035023,4.579188314151099,5.65643465732072,-0.43897422151770304,-0.5239102289686838,-0.48310780626686406,-0.5707341868649375,2.6441343,2.959171,-0.43704458418505937,-0.4228310700321924,-0.25135499562020386,-0.25473220787579837,-0.5204197850454616,-0.6772440860134533,0.6737290947028437,0.6258840698616528,4.9619226,5.824436,5.1753864,5.812022,1.3068715,1.9382508,4.792782930461574,5.618009512992893,5.006002097785515,5.615197648451992,2.5415316383834425,1.4882070852423717
2026-12,2026,12,Dutch Grand Prix,Esteban Ocon,ocon,Haas F1 Team,15,0.0,-1.7741221203876831,-1.3485580894931057,-1.7186961409905006,-1.395113486788,-1.723311586286251,-5.75983780402511,-6.874294194989717,-5.692227644836038,-6.724687273074276,-7.2553062,-8.119743,-6.259487657129284,-6.055917312995628,-5.931947846591356,-6.011649652070195,-6.471666139780501,-8.421850486404908,-6.189436799851394,-5.749892538262863,-1.6476419,-1.9340458,-1.7120695,-1.9226749,-7.6733694,-11.3805485,-1.8137659206768983,-2.1260621114179674,-1.8782729485573535,-2.106845670031944,-5.522792165413041,-5.685046385036329
2026-12,2026,12,Dutch Grand Prix,Sergio Pérez,perez,Cadillac F1 Team,22,0.0,-3.796390595114378,-2.5359779653986845,-3.232026545038157,-2.600943218154008,-3.2128107322917496,-5.73053945893541,-6.83932698750478,-5.540702295135228,-6.545678165522936,-12.998815,-14.547565,-6.1577286374140385,-5.957467688521148,-5.792200577139738,-5.870024734673234,-5.987355119280653,-7.791596249633319,-6.189436799851394,-5.749892538262863,-2.7960763,-3.2821085,-3.0023184,-3.3716402,-11.270269,-16.715193,-3.052250463618479,-3.577790271213925,-3.2593714338372104,-3.65601421118271,-8.176444198054247,-5.960381677474116
2026-12,2026,12,Dutch Grand Prix,Oscar Piastri,piastri,McLaren,4,0.0,2.5559699715273445,2.319731981537759,2.9564276362020045,2.2676228100179037,2.801077259189788,-3.8262269155750745,-4.566553845677784,-3.5831305278136507,-4.233040869335511,0.78742623,0.88124454,-3.0915338949562283,-2.9909913819950744,-3.2756890674500028,-3.319701310917902,-2.8159840421353817,-3.6645581002994527,-6.189436799851394,-5.749892538262863,2.7652302,3.2459004,2.67376,3.002665,0.13309917,0.1974024,2.591579721124174,3.0378007387772326,2.500692345641131,2.8050091678862112,-0.2764793469594191,-1.8138064213815976
2026-12,2026,12,Dutch Grand Prix,George Russell,russell,Mercedes,2,0.0,3.8234734727697877,3.568811710096253,4.548341641233763,3.8328907548599758,4.734571853381689,-1.761152314733802,-2.1019132040848176,-1.3665256227865175,-1.6143868512038562,1.7851006,1.9977874,-1.7359241799476874,-1.6794686516267077,-1.6481701583907122,-1.6703150154861042,-1.5744844345351139,-2.0489426083522053,-1.8758425864385964,-1.7426291986660176,4.0181427,4.7166023,4.401552,4.942997,0.83793104,1.2427546,3.8465731839589656,4.5088803422657096,4.229120800349778,4.743775313967308,1.3814033770847605,0.19497995213641303
2026-12,2026,12,Dutch Grand Prix,Carlos Sainz,sainz,Williams,17,0.0,-2.3843592629011727,-1.5566665638448434,-1.9839240422299604,-1.3345537412548363,-1.648505262551165,-5.72898797170101,-6.837475306945029,-5.500451433375759,-6.498126578570907,-8.273245,-9.2589655,-6.061778048597262,-5.8646375938174975,-5.365014462426188,-5.437098936216894,-6.168396640340333,-8.02719317154865,-6.189436799851394,-5.749892538262863,-1.8405201,-2.1604514,-1.5449617,-1.7350109,-8.295346,-12.303017,-2.027537893403118,-2.376641575126644,-1.7325712998706162,-1.9434131466130535,-5.982341241129395,-5.5159317198795526
2026-12,2026,12,Dutch Grand Prix,Lance Stroll,stroll,Aston Martin,19,0.0,-2.966538764732632,-2.405483953319536,-3.0657159079731255,-2.6665023940054193,-3.2937925939123613,-5.761389291259509,-6.876145875549468,-5.691258104184648,-6.72354187656417,-12.92967,-14.470183,-6.3959332953872945,-6.187925481758178,-6.048748959365184,-6.130020107631715,-6.43192859887755,-8.370138358344885,-6.189436799851394,-5.749892538262863,-2.6527576,-3.1138773,-3.0744143,-3.4526048,-11.435426,-16.96014,-2.8907924315470632,-3.3885322194124905,-3.3126900278582574,-3.7158213063291923,-8.111545650116181,-6.192982612985712
2026-12,2026,12,Dutch Grand Prix,Yuki Tsunoda,tsunoda,RB F1 Team,12,0.0,-0.7927815039957724,-0.23153704819687582,-0.29508690380692454,-0.40456957318537345,-0.4997438843017817,-5.614605357431014,-6.700961091087335,-5.53525006725456,-6.539237009313681,-3.0324042,-3.3937016,-5.643817427238901,-5.460269840148128,-5.742829415990855,-5.819990221319659,-5.883377415151515,-7.656285703758197,-6.189436799851394,-5.749892538262863,-0.32116342,-0.37699014,-0.5439976,-0.6109159,-4.176654,-6.19449,-0.48765266619099024,-0.5716172331287883,-0.7104235176863638,-0.7968771063204577,-3.4137694501205287,-4.962713251503541
2026-13,2026,13,Italian Grand Prix,Alexander Albon,albon,Williams,20,0.0,-3.2485044269661913,-2.1137287350017133,-2.6938827835838284,-2.0493403884247794,-2.531444265331982,-5.73053945893541,-6.83932698750478,-5.540702295135228,-6.545678165522936,-8.959738,-10.02725,-6.198622657238957,-5.997031757694389,-5.831470356017235,-5.90982214332062,-6.131388762198466,-7.979033268086685,-6.189436799851394,-5.749892538262863,-2.5544903,-2.9985285,-2.4353023,-2.7348742,-8.8941,-13.191042,-2.765000330201209,-3.2410810971159267,-2.646069452173389,-2.9680776546333107,-6.4610802730326125,-5.795393338156449
2026-13,2026,13,Italian Grand Prix,Fernando Alonso,alonso,Aston Martin,21,0.0,-3.52499273211555,-2.0733901801837473,-2.6424725261845112,-1.8470292332481606,-2.281539751432173,-5.72898797170101,-6.837475306945029,-5.4796415489188455,-6.4735421849216985,-13.040622,-14.594354,-6.370144860460641,-6.162975735372863,-5.792183945697616,-5.870007879770624,-6.189871761634598,-8.055139647280143,-6.189436799851394,-5.749892538262863,-2.2107036,-2.5949826,-1.9801027,-2.2236795,-11.637438,-17.259748,-2.439127412087309,-2.859099025206333,-2.210055781734014,-2.479004160631551,-8.014059015011995,-5.736720644293303
2026-13,2026,13,Italian Grand Prix,Andrea Kimi Antonelli,antonelli,Mercedes,19,1.0,-2.966538764732632,1.7194457213438905,2.1913811121233726,1.504327969779115,1.858218592570143,-3.3792066076959344,-4.033040713528708,-3.291572871442463,-3.8886003122285997,-0.8260252,-0.9244424,-3.012844477167164,-2.9148610924823877,-3.462278682854958,-3.508797949246183,-2.0076438877666267,-2.612631165996563,-6.189436799851394,-5.749892538262863,1.8728245,2.1983712,1.586735,1.7819228,-1.0760717,-1.5959464,1.6812872632294966,1.9707731345111097,1.395730040300008,1.5655806543975208,-0.9557758664734617,-1.5991635440327256
2026-13,2026,13,Italian Grand Prix,Arvid Lindblad,arvid_lindblad,RB F1 Team,9,0.0,0.2966855573633211,0.5234032235216993,0.6670614395163821,0.3991739058776854,0.49307889534199983,-5.576541884700788,-6.655532813671662,-5.422349561546257,-6.405858542879888,-1.5085914,-1.6883334,-5.535794045330476,-5.355759582353709,-5.605292389969691,-5.6806052442413435,-5.921050628626825,-7.705311435985205,-6.189436799851394,-5.749892538262863,0.65949845,0.7741368,0.4711259,0.52908015,-3.3906372,-5.028731,0.4904870730456573,0.5749396712413106,0.30218671649886264,0.33896073288272605,-2.5229617755429143,-4.63228014198027
2026-13,2026,13,Italian Grand Prix,Oliver Bearman,bearman,Haas F1 Team,11,0.0,-0.4437706214854146,-0.6580854502949106,-0.8387098284279293,-0.6999226143910693,-0.8645782313099982,-5.73053945893541,-6.83932698750478,-5.540702295135228,-6.545678165522936,-7.325335,-8.198116,-6.089150667210561,-5.891120003248164,-5.822036360783386,-5.900261392681555,-6.129942201411116,-7.977150797883891,-6.189436799851394,-5.749892538262863,-0.64877087,-0.76154447,-0.71586764,-0.8039281,-7.139077,-10.588127,-0.8367554455095818,-0.9808289090340071,-0.9040771047814318,-1.014096984704358,-5.272968609437911,-5.237977607461631
2026-13,2026,13,Italian Grand Prix,Gabriel Bortoleto,bortoleto,Audi,10,0.0,-0.08130694544276129,-0.07170795048432363,-0.09138959510603639,-0.190806377424568,-0.2356932565465424,-5.673708167631691,-6.771499553956233,-5.527803681738203,-6.5304399939733555,-3.061195,-3.4259226,-5.516327460927641,-5.3369260879900375,-5.567716240693699,-5.642524220846817,-5.978039247282151,-7.77947311481343,-6.189436799851394,-5.749892538262863,-0.04438649,-0.05210204,-0.18731262,-0.21035436,-4.377585,-6.4924955,-0.22050405666904285,-0.25847068519351935,-0.36317798770992593,-0.4073742165350723,-3.3861104784235754,-4.939222519410921
2026-13,2026,13,Italian Grand Prix,Valtteri Bottas,bottas,Cadillac F1 Team,16,0.0,-2.083069797589303,-2.2114286780066927,-2.818398380150207,-2.418634002438107,-2.9876135804433326,-5.73053945893541,-6.83932698750478,-5.540702295135228,-6.545678165522936,-12.427359,-13.908023,-6.049205815717869,-5.852474233662835,-5.768522389626014,-5.846028406416517,-5.824839508399392,-7.580107871372329,-6.189436799851394,-5.749892538262863,-2.5095341,-2.9457576,-2.8445594,-3.194475,-11.31368,-16.779575,-2.7475228237018503,-3.2205942945209807,-3.0829849467609214,-3.4581627184940382,-7.831933382645955,-5.814514650037966
2026-13,2026,13,Italian Grand Prix,Franco Colapinto,colapinto,Alpine F1 Team,7,0.0,1.1108133577287886,0.16094659927719904,0.2051215303504215,0.05076537714280428,0.06270784666687113,-5.648491253547886,-6.741403483198699,-5.386316153580117,-6.363289373993044,-2.9225247,-3.2707305,-5.617864836769513,-5.43516127686793,-5.692433873700793,-5.768917563213262,-4.867889239378281,-6.334788364069361,-6.189436799851394,-5.749892538262863,0.15208358,0.17851974,0.047996283,0.05390041,-4.017023,-5.957738,-0.008673712237668038,-0.010167161453207941,-0.11246356217990881,-0.1261495935386273,-3.2336416227680886,-4.346922663730134
2026-13,2026,13,Italian Grand Prix,Pierre Gasly,gasly,Alpine F1 Team,1,0.0,4.694783444902767,2.5928173084538964,3.3044665536121647,2.7022100490279417,3.3379004146754587,-2.555012835142546,-3.0493757807677415,-2.509501366676092,-2.964676213812126,1.6019118,1.7927724,-1.056547720290837,-1.0221867957560204,-0.8879371925868329,-0.8998675397900114,-0.7394942343329179,-0.9623348520450009,0.6737290947028437,0.6258840698616528,2.8761587,3.3761113,3.0671766,3.4444766,1.0639441,1.5779597,2.716765113646834,3.1845406884649434,2.9074818659426036,3.2613021364453325,0.6304650436515358,-0.22507430816671326
2026-13,2026,13,Italian Grand Prix,Lewis Hamilton,hamilton,Ferrari,4,0.0,2.5559699715273445,2.2658732661523064,2.887786346655125,2.5605551511875984,3.16292144055308,-2.738124708052851,-3.2679175049984743,-2.732141325431219,-3.2276987404105872,0.012819523,0.014346912,-3.2181833022114006,-3.1135219116628945,-2.966126030558371,-3.005978977014926,-2.5064951039042205,-3.261807168980946,-3.001272453929606,-2.788136408236376,2.7456393,3.2229042,3.1297982,3.5148015,-0.1171404,-0.17373358,2.5693059845657813,3.011691886010371,2.952653552747172,3.3119709025718644,-0.1766499317526726,-1.1246206841323003
2026-13,2026,13,Italian Grand Prix,Nico Hülkenberg,hulkenberg,Audi,12,0.0,-0.7927815039957724,-0.22310891971367938,-0.28434551119454804,-0.10022208216589266,-0.12379915830063286,-5.691270367950121,-6.792459819819252,-5.501014460325055,-6.4987917276823906,-3.9247203,-4.392333,-5.41368158314981,-5.237618447749799,-5.530750138786971,-5.605061441433867,-5.727475764799355,-7.453404349638436,-6.189436799851394,-5.749892538262863,-0.20056531,-0.23542888,-0.008824766,-0.00991032,-4.866908,-7.2182217,-0.38864862184393967,-0.4555665646473484,-0.19754898392447648,-0.221589317846572,-3.7830986418127104,-4.799930225197092
2026-13,2026,13,Italian Grand Prix,Liam Lawson,lawson,Red Bull,22,0.0,-3.796390595114378,-0.3618579601383157,-0.4611769300276754,-0.38679922440485753,-0.4777930908818737,-4.912658652403343,-5.863196500530328,-4.9004042647648935,-5.789242498423059,-4.133193,-4.6256447,-4.921995274684377,-4.76192270536626,-5.313847977828118,-5.385244977401596,-4.987131844469329,-6.489963765580462,-6.189436799851394,-5.749892538262863,-0.43490082,-0.5104981,-0.44280902,-0.4972799,-5.570421,-8.261619,-0.6395295233035462,-0.7496444128365972,-0.6472589517090804,-0.7260258530822636,-3.617230748327874,-4.285951551652039
2026-13,2026,13,Italian Grand Prix,Charles Leclerc,leclerc,Ferrari,3,0.0,3.1408786479298096,2.604536240308973,3.319401974720663,2.9436169833260935,3.636097923928745,-2.2886579336166863,-2.7314845456904746,-1.9770404945809124,-2.3356372727506565,0.35354996,0.39567387,-2.1909969119078596,-2.1197415600669047,-1.7988008542888565,-1.8229695893302615,-2.2350916054824137,-2.908618417301427,-3.001272453929606,-2.788136408236376,3.1706557,3.7217999,3.6109369,4.055126,0.054429688,0.08072591,2.9956982981515026,3.511500892332494,3.43496696893092,3.85297849854748,0.2573927763314215,-0.6694022079045544
2026-13,2026,13,Italian Grand Prix,Max Verstappen,max_verstappen,Red Bull,5,0.0,2.0334881272332006,2.4834645846001036,3.165099843376525,3.117855363726971,3.8513255900391874,-3.558935150959998,-4.247544476251107,-3.4182116919353835,-4.038208957135564,1.1643019,1.3030232,-3.581158163076907,-3.464692145474923,-3.376340542541584,-3.4217051418454365,-2.637848188848251,-3.4327424456829956,-6.189436799851394,-5.749892538262863,3.0267267,3.5528522,3.8509922,4.3247113,0.101939574,0.1511889,2.8445385988774397,3.3343143514805287,3.6669356342527113,4.113176133024236,0.03415531981509496,-1.2789963695649382
2026-13,2026,13,Italian Grand Prix,Lando Norris,norris,McLaren,8,0.0,0.6928790864727826,2.3940126619857884,3.05109609715363,2.5737200127712248,3.1791833136650314,-2.9560134405197247,-3.5279649750338242,-2.9349613270343524,-3.467306354266794,0.9902264,1.1082075,-2.5910934948697104,-2.5068262475603653,-2.8006622715474805,-2.838292042636427,-2.272309077353681,-2.9570510738711344,-6.189436799851394,-5.749892538262863,2.7691867,3.2505448,2.984758,3.3519194,-0.03263252,-0.04839803,2.583398675541392,3.02821107185988,2.798916467795028,3.139525086321603,0.16465121723071072,-1.1042545746128827
2026-13,2026,13,Italian Grand Prix,Esteban Ocon,ocon,Haas F1 Team,14,0.0,-1.4567363613774855,-1.209029729680298,-1.54087150337393,-1.26250914316334,-1.559512294024814,-5.72898797170101,-6.837475306945029,-5.541671835786618,-6.546823562033043,-8.040225,-8.998182,-6.124462212688741,-5.9252831506690855,-5.825928224177915,-5.904205547253829,-6.169002153808553,-8.027981151612316,-6.189436799851394,-5.749892538262863,-1.4994828,-1.7601327,-1.5737181,-1.7673045,-8.444862,-12.524767,-1.6794742451648914,-1.968647949022436,-1.7538999307835645,-1.967337323193017,-5.759080828297366,-5.486468413713058
2026-13,2026,13,Italian Grand Prix,Sergio Pérez,perez,Cadillac F1 Team,17,0.0,-2.3843592629011727,-2.0417135870352543,-2.6021016746593055,-2.1378763563246554,-2.640808170655699,-5.73053945893541,-6.83932698750478,-5.540702295135228,-6.545678165522936,-11.993766,-13.42277,-6.168056015456386,-5.967459200751909,-5.762880299051176,-5.840310508566039,-5.769838271263223,-7.508532455440284,-6.189436799851394,-5.749892538262863,-2.2505627,-2.6417701,-2.4839654,-2.7895234,-10.726814,-15.909182,-2.4916906756643624,-2.920712688727998,-2.725834625664471,-3.0575496935710538,-7.599963654965697,-5.674761983241973
2026-13,2026,13,Italian Grand Prix,Oscar Piastri,piastri,McLaren,6,0.0,1.555349991011903,2.331875077216109,2.9719036411621644,2.3095755343823927,2.8528992913457882,-3.302509838622053,-3.9415040813598985,-3.180189279105277,-3.7570138978133794,0.78607357,0.8797307,-3.0636913318357983,-2.9640543115389737,-3.6296636721672257,-3.678431927626335,-3.001572009035593,-3.9060715028067174,-6.189436799851394,-5.749892538262863,2.8150024,3.3043246,2.7743554,3.115635,0.15501161,0.22990124,2.6404003126917512,3.0950273129484467,2.6005843325512785,2.91705731310077,-0.07096312058900996,-1.6683827001482043
2026-13,2026,13,Italian Grand Prix,George Russell,russell,Mercedes,2,0.0,3.8234734727697877,3.573931008571788,4.554866030952701,3.8217431486848485,4.720801791617622,-1.731023738881174,-2.065955126594807,-1.329977110455957,-1.5712091480172863,1.6116993,1.8037261,-1.7667341815376858,-1.709276653856696,-1.6277764186597778,-1.6496472649379716,-1.4676803358125332,-1.909953956689882,-1.8758425864385964,-1.7426291986660176,3.983502,4.67594,4.3469973,4.881731,0.69535005,1.0312895,3.8110256736384738,4.46721222292017,4.173537917380771,4.681428381695781,1.3282839027934445,0.24881814860264628
2026-13,2026,13,Italian Grand Prix,Carlos Sainz,sainz,Williams,13,0.0,-1.1299905532196064,-1.2023406147844646,-1.5323464305219088,-1.0229529557054393,-1.2636009166907531,-5.72898797170101,-6.837475306945029,-5.500451433375759,-6.498126578570907,-6.7546988,-7.559491,-6.091575938879032,-5.893466400507864,-5.2309226611832855,-5.301205474046526,-5.909125139490347,-7.689792296969781,-6.189436799851394,-5.749892538262863,-1.4859352,-1.7442302,-1.230787,-1.3821888,-6.899929,-10.233441,-1.6742048423861267,-1.9624712547367968,-1.4196294559874738,-1.5923884623341176,-5.262228626366849,-5.27465851950423
2026-13,2026,13,Italian Grand Prix,Lance Stroll,stroll,Aston Martin,18,0.0,-2.6786571814014213,-2.2858142321666364,-2.9132004994480045,-2.5084285803221964,-3.098532181631545,-5.73053945893541,-6.83932698750478,-5.501014460325055,-6.4987917276823906,-14.333975,-16.041803,-6.460745525188031,-6.250629895608582,-6.071217599950614,-6.152790637456165,-6.130406241865642,-7.977754673183274,-6.189436799851394,-5.749892538262863,-2.4450955,-2.870118,-2.8199518,-3.1668403,-11.749534,-17.426,-2.688177681246608,-3.1510310408329274,-3.0633778415449906,-3.4361695652849837,-8.593621485287073,-5.984391869403968
2026-13,2026,13,Italian Grand Prix,Yuki Tsunoda,tsunoda,RB F1 Team,15,0.0,-1.7741221203876831,-0.5519990742552112,-0.7035059788261427,-0.6942872138548389,-0.8576171122831808,-5.660255017258739,-6.755443387678689,-5.4599324732895465,-6.450258265458526,-4.382298,-4.9044294,-5.615174985859994,-5.432558904983104,-5.725213452402386,-5.802137569186456,-5.886550733261146,-7.660415275662538,-6.189436799851394,-5.749892538262863,-0.7895947,-0.9268472,-0.9723258,-1.0919337,-5.522612,-8.190711,-0.9627877607756204,-1.128561605545037,-1.1456739563024396,-1.2850944885076998,-4.073567433174536,-5.10183268369391
2026-14,2026,14,Spanish Grand Prix,Alexander Albon,albon,Williams,16,0.0,-2.083069797589303,-1.734791295333312,-2.2109385779844213,-1.6680325656692587,-2.0604344190942707,-5.766665982585964,-6.882443540481778,-5.776086663638688,-6.823756690472977,-9.233305,-10.333412,-6.3456198287804,-6.139248303977584,-6.150587095457013,-6.233226543567545,-6.72378012927003,-8.749936991356149,-6.189436799851394,-5.749892538262863,-1.9616666,-2.3026562,-1.8371243,-2.063113,-7.9030747,-11.72123,-2.1551767575909917,-2.526257437901807,-2.0306533692843676,-2.277769725480295,-6.434456311446181,-5.909969866012632
2026-14,2026,14,Spanish Grand Prix,Fernando Alonso,alonso,Aston Martin,17,0.0,-2.3843592629011727,-1.9204558499863777,-2.4475623883246103,-1.765651804828435,-2.181018419951988,-5.766665982585964,-6.882443540481778,-5.753744211581089,-6.797361751202177,-12.214547,-13.669856,-6.3456198287804,-6.139248303977584,-5.926627634718898,-6.00625795769271,-6.72378012927003,-8.749936991356149,-6.189436799851394,-5.749892538262863,-2.0290878,-2.381797,-1.8939366,-2.126914,-10.474715,-15.535288,-2.2612775502991638,-2.650626780602915,-2.1274208974847637,-2.386313187145592,-7.65212063883867,-5.950248804856946
2026-14,2026,14,Spanish Grand Prix,Andrea Kimi Antonelli,antonelli,Mercedes,2,1.0,3.8234734727697877,4.3426476081602345,5.534571883834879,4.109198819341462,5.075880924948017,-0.23892983153812203,-0.28515975793703496,-0.3698448956233983,-0.4369275822737744,2.5069816,2.8056772,-0.3875376459382097,-0.3749341907882447,-0.8155840350664222,-0.8265422433642013,-0.6542414383118992,-0.8513918141735592,0.6737290947028437,0.6258840698616528,4.990873,5.858419,4.677274,5.252636,1.4543989,2.157052,4.819426271942047,5.649240334014198,4.506650408553901,5.055078340398913,2.5417903015512056,1.3158628421839433
2026-14,2026,14,Spanish Grand Prix,Arvid Lindblad,arvid_lindblad,RB F1 Team,10,0.0,-0.08130694544276129,0.3621863257832054,0.46159542202375836,0.23833937420926293,0.2944083108168331,-5.424256607182908,-6.473782244499038,-5.5280453800796225,-6.530725531703376,-1.4793708,-1.6556313,-5.595139185685184,-5.413174706817914,-5.635619992666761,-5.711340329396674,-5.665256327877622,-7.372435587686679,-6.189436799851394,-5.749892538262863,0.47748613,0.5604859,0.28426737,0.3192357,-3.1529841,-4.6762624,0.30971327733346293,0.3630400465877204,0.11653103178068158,0.13071204582915125,-2.515160742573362,-4.5267407206456625
2026-14,2026,14,Spanish Grand Prix,Oliver Bearman,bearman,Haas F1 Team,22,0.0,-3.796390595114378,-2.1279283994393285,-2.711979822682428,-2.1474173346680803,-2.652593648094947,-5.766665982585964,-6.882443540481778,-5.776086663638688,-6.823756690472977,-9.327721,-10.439077,-6.2778684612330835,-6.073700338683393,-6.052580852570827,-6.133903486254086,-6.777306540086936,-8.819593153963629,-6.189436799851394,-5.749892538262863,-2.6098785,-3.0635448,-2.6377535,-2.9622293,-8.433896,-12.508503,-2.818031636097465,-3.3032433909928387,-2.846233933956214,-3.192600758190885,-6.621918609527643,-6.131037515909771
2026-14,2026,14,Spanish Grand Prix,Gabriel Bortoleto,bortoleto,Audi,12,0.0,-0.7927815039957724,-0.2716812370684513,-0.3462494477376088,-0.37201798116604284,-0.45953458505106065,-5.751340481976718,-6.864152747675107,-5.77368458489122,-6.820918921256793,-3.4640892,-3.8768198,-5.56837075205658,-5.387276833136735,-5.669548641584697,-5.74572484452351,-6.623811086776344,-8.619843084939118,-6.189436799851394,-5.749892538262863,-0.27409747,-0.3217429,-0.38835394,-0.4361262,-4.442026,-6.58807,-0.44972187126323926,-0.5271554726377984,-0.5636705125007229,-0.63226528364739,-3.647760243662423,-5.325652508522567
2026-14,2026,14,Spanish Grand Prix,Valtteri Bottas,bottas,Cadillac F1 Team,19,0.0,-2.966538764732632,-2.5931243943793834,-3.3048579252551065,-2.762511421692334,-3.412387583759291,-5.766665982585964,-6.882443540481778,-5.776086663638688,-6.823756690472977,-13.64713,-15.273125,-6.27444434863537,-6.070387584685305,-6.100561396029661,-6.1825286975421765,-6.777306540086936,-8.819593153963629,-6.189436799851394,-5.749892538262863,-2.9441893,-3.4559674,-3.214601,-3.6100361,-10.43012,-15.469149,-3.174693735986117,-3.7213159595131695,-3.4454015597906102,-3.864682906359017,-8.461582282139338,-6.3848331542301064
2026-14,2026,14,Spanish Grand Prix,Franco Colapinto,colapinto,Alpine F1 Team,9,0.0,0.2966855573633211,-0.0798581514743443,-0.10177677760783778,-0.2049335322239109,-0.253143800733466,-5.667098865264387,-6.763611434456629,-5.779870623295265,-6.828226986977631,-2.486288,-2.7825181,-5.70721689148013,-5.521607434239526,-5.7707113579817815,-5.848246785808019,-6.5788962896486956,-8.561393576286143,-6.189436799851394,-5.749892538262863,-0.12980342,-0.1523667,-0.25682774,-0.28842068,-3.7072196,-5.4982615,-0.29119704535835794,-0.34133566963382717,-0.41779272499282577,-0.46863518654094266,-3.165653327373901,-5.203603287516115
2026-14,2026,14,Spanish Grand Prix,Pierre Gasly,gasly,Alpine F1 Team,14,0.0,-1.4567363613774855,-0.37092255188163087,-0.4727294756467863,-0.20195251962235708,-0.24946150993506613,-5.683109578348418,-6.782720019759896,-5.7937387773436795,-6.844610555037319,-3.032956,-3.394319,-5.57317186160617,-5.391921801548779,-5.655231827739044,-5.731215669594834,-6.588689136827359,-8.574137418906199,-6.189436799851394,-5.749892538262863,-0.5097108,-0.598312,-0.24992888,-0.28067318,-4.519479,-6.7029414,-0.6802016673162076,-0.7973195308822507,-0.42102690547121213,-0.4722629442330415,-3.493914433565392,-5.213013020336555
2026-14,2026,14,Spanish Grand Prix,Lewis Hamilton,hamilton,Ferrari,4,0.0,2.5559699715273445,2.4724205474120846,3.1510245549303755,2.8268003435813793,3.491800366310994,-2.774014259885295,-3.3107512350820087,-2.73987021937681,-3.2368295057266945,0.784476,0.8779428,-3.433047481075846,-3.321398302192361,-3.3487548457778757,-3.393748802942869,-2.5640581727660994,-3.3367164039480355,-3.001272453929606,-2.788136408236376,3.1307547,3.674963,3.586638,4.027838,0.26191527,0.38845247,2.9572865703181037,3.466475391384604,3.4122305091254197,3.8274751701149077,0.18566650787456526,-1.0540944751105998
2026-14,2026,14,Spanish Grand Prix,Nico Hülkenberg,hulkenberg,Audi,11,0.0,-0.4437706214854146,-0.11134654134970275,-0.14190776980345396,-0.0143614751320212,-0.017739987983454195,-5.723834463524098,-6.8313246595570725,-5.77271504423983,-6.819773524746687,-3.4155095,-3.822452,-5.473368714699973,-5.295364441210781,-5.598738390937797,-5.673963185508073,-6.263104573815427,-8.150440576216326,-6.189436799851394,-5.749892538262863,-0.016276464,-0.019105745,0.14383607,0.16152966,-4.150598,-6.155846,-0.19786654876505025,-0.23193542653476049,-0.03809257567105839,-0.04272817652757827,-3.5568574416481553,-5.01031769807955
2026-14,2026,14,Spanish Grand Prix,Liam Lawson,lawson,Red Bull,8,0.0,0.6928790864727826,0.9832614166517593,1.2531366765368182,0.9170735057787324,1.132813504386111,-4.842204354873948,-5.779110179873877,-5.028589569512249,-5.94067812981628,-0.43097883,-0.48232803,-5.118408362211994,-4.9519480688483135,-5.411564946218277,-5.4842748735193805,-5.154092014135865,-6.707236034536544,-6.189436799851394,-5.749892538262863,1.2740855,1.4955554,1.2196167,1.3696444,-1.3920795,-2.0646248,1.0923641242449007,1.2804485683370979,1.0383943207164603,1.1647596692842606,-1.649459598276106,-3.7924454856459735
2026-14,2026,14,Spanish Grand Prix,Charles Leclerc,leclerc,Ferrari,5,0.0,2.0334881272332006,2.420380178648107,3.084700692675402,2.8487783634676975,3.518948678381951,-4.127142794570397,-4.925693173995709,-3.684744565573954,-4.353085721567012,0.744645,0.83336616,-3.660394336859099,-3.5413514094446477,-3.8740692424908048,-3.92612133754656,-3.4355282664247913,-4.470796975109223,-6.189436799851394,-5.749892538262863,3.0448751,3.574155,3.6027012,4.0458775,0.05566887,0.082563765,2.866524906018605,3.3600862849202007,3.423083048202232,3.839648387527423,-0.36993078687697506,-1.9632880960178811
2026-14,2026,14,Spanish Grand Prix,Max Verstappen,max_verstappen,Red Bull,3,0.0,3.1408786479298096,3.068522474312791,3.91073827388952,3.729428855186749,4.6067707159584135,-2.1241281091191775,-2.535120263235244,-1.9189338585609768,-2.266991220606395,1.5678476,1.7546496,-2.7508958491453086,-2.6614315278843597,-2.144897252568626,-2.1737161478147384,-2.1340169334134433,-2.7770857087621468,-3.001272453929606,-2.788136408236376,3.8575826,4.528133,4.719942,5.3005524,0.53111565,0.78770965,3.684919256068097,4.319392665089371,4.5456151335859,5.098784800783546,0.9659480656751609,-0.2356380890873218
2026-14,2026,14,Spanish Grand Prix,Lando Norris,norris,McLaren,1,0.0,4.694783444902767,4.832446545441448,6.158805685793599,5.056669220726484,6.246242143467445,0.22169664716961868,0.26459216848463696,0.31613531467055533,0.37347612565408056,2.8821902,3.2255902,0.07077026356273546,0.0684686811174874,0.010230914347630397,0.01036837717877684,-0.13633471392410793,-0.17741807935947784,0.6737290947028437,0.6258840698616528,5.5853934,6.556283,5.8649435,6.586403,1.6426439,2.4362426,5.413963738031773,6.346145908246224,5.693230822474127,6.386057317193883,3.051491851851454,2.1155649447159006
2026-14,2026,14,Spanish Grand Prix,Esteban Ocon,ocon,Haas F1 Team,13,0.0,-1.1299905532196064,-1.1924879327335198,-1.5197894878501028,-1.2886041302405766,-1.591746082888634,-5.765114495351565,-6.880591859922027,-5.777056204290078,-6.824902086983084,-6.862461,-7.680093,-6.313180006711264,-6.107863486104314,-5.969156463906984,-6.049358205335383,-6.777306540086936,-8.819593153963629,-6.189436799851394,-5.749892538262863,-1.4750979,-1.731509,-1.5909504,-1.7866566,-6.7998023,-10.084941,-1.6476357025959516,-1.9313274115336023,-1.76328991431496,-1.9778700022479898,-5.313765058164454,-5.7760617510849155
2026-14,2026,14,Spanish Grand Prix,Sergio Pérez,perez,Cadillac F1 Team,18,0.0,-2.6786571814014213,-2.166220288011444,-2.76078166639453,-2.2363101274398614,-2.762398320741074,-5.766665982585964,-6.882443540481778,-5.776086663638688,-6.823756690472977,-12.561385,-14.058018,-6.353998655444229,-6.147354635395664,-6.066485499890405,-6.147994956776526,-6.696099955448556,-8.713915620610647,-6.189436799851394,-5.749892538262863,-2.3586817,-2.7686832,-2.5393052,-2.8516707,-10.01585,-14.854734,-2.586338513940524,-3.0316570948349693,-2.767479180002099,-3.1042620998025496,-7.879974158527503,-6.132416113319113
2026-14,2026,14,Spanish Grand Prix,Oscar Piastri,piastri,McLaren,7,0.0,1.1108133577287886,2.2575379488489307,2.877163239059791,2.3146870150051804,2.859213239181393,-4.230932814519105,-5.049565261354258,-4.150304489402395,-4.9030891806631605,0.7515889,0.84113735,-3.505102083005113,-3.391109552570412,-3.7284851585136494,-3.7785811820323576,-3.45552654978295,-4.496821579714813,-6.189436799851394,-5.749892538262863,2.752739,3.231238,2.811613,3.1574757,-0.04489088,-0.066578686,2.572859015800736,3.0158566820312944,2.631977824549206,2.9522711741819383,-0.4697800368699786,-2.2337312963231466
2026-14,2026,14,Spanish Grand Prix,George Russell,russell,Mercedes,6,0.0,1.555349991011903,2.840087055624011,3.6196043022609565,3.1680968839045542,3.913386343271531,-3.1870582230192763,-3.80371402581602,-2.991651194960456,-3.5342786640795913,1.1124156,1.244955,-2.8083977713304193,-2.7170633791101904,-2.778564870634,-2.8158977404698096,-2.310117385171143,-3.00625261002971,-6.189436799851394,-5.749892538262863,3.330097,3.908956,3.7825449,4.247844,0.38185656,0.56634015,3.1536367552891966,3.696633364956605,3.6052963555894286,4.044035783931004,0.2943106318051611,-0.967551081672146
2026-14,2026,14,Spanish Grand Prix,Carlos Sainz,sainz,Williams,20,0.0,-3.2485044269661913,-1.746339860815081,-2.2256568723479613,-1.527185276523061,-1.8864530422519605,-5.765114495351565,-6.880591859922027,-5.73583580187922,-6.7762051035209465,-8.414476,-9.417024,-6.2080728192722745,-6.006174582635181,-5.535029078062507,-5.609397872648749,-6.722444548769617,-8.748198944453838,-6.189436799851394,-5.749892538262863,-2.0096083,-2.3589315,-1.7022402,-1.9116366,-8.06608,-11.962987,-2.200232166496284,-2.5790705361610557,-1.8932102424745234,-2.123600728467703,-6.12346348706519,-5.85065539974913
2026-14,2026,14,Spanish Grand Prix,Lance Stroll,stroll,Aston Martin,21,0.0,-3.52499273211555,-2.606358404422415,-3.32172426728961,-2.8645770459568194,-3.5384639743341424,-5.766665982585964,-6.882443540481778,-5.776086663638688,-6.823756690472977,-14.388025,-16.102295,-6.467265015575322,-6.256937359872584,-6.231117478149827,-6.314838934575757,-6.72378012927003,-8.749936991356149,-6.189436799851394,-5.749892538262863,-2.8235505,-3.3143585,-3.246808,-3.646205,-12.00662,-17.807291,-3.092389765569942,-3.624840801872215,-3.515823896374434,-3.9436751502813494,-8.751542297104288,-6.403679326986984
2026-14,2026,14,Spanish Grand Prix,Yuki Tsunoda,tsunoda,RB F1 Team,15,0.0,-1.7741221203876831,-0.6604540112807749,-0.8417284871403884,-0.8615875965924361,-1.0642746284581621,-5.698306821316923,-6.800857738680597,-5.730972112050956,-6.770459234745305,-3.648166,-4.0828285,-5.74623755192988,-5.559359069217674,-5.783951371136936,-5.861664692124125,-6.130742592443942,-7.978192380293046,-6.189436799851394,-5.749892538262863,-0.88082886,-1.0339403,-1.1507429,-1.2922983,-4.9088254,-7.2803903,-1.0510551047064358,-1.2320269168442866,-1.3208169220392132,-1.4815511319803603,-3.8476276002999383,-5.292180588247253
2026-15,2026,15,Azerbaijan Grand Prix,Alexander Albon,albon,Williams,12,0.0,-0.7927815039957724,-1.247391778924968,-1.5897627647226231,-1.2170638034664554,-1.5033760146582764,-5.766665982585964,-6.882443540481778,-5.776086663638688,-6.823756690472977,-8.375586,-9.373499,-6.351086703178225,-6.144537385309353,-6.3237476604263065,-6.4087136983893975,-13.815509557963773,-17.97870183312874,-6.189436799851394,-5.749892538262863,-1.4006065,-1.6440691,-1.3194113,-1.481715,-7.646203,-11.340258,-1.5898332256506313,-1.8635724411823607,-1.5084731625964454,-1.6920438285696093,-5.917262884561294,-8.806599027268105
2026-15,2026,15,Azerbaijan Grand Prix,Fernando Alonso,alonso,Aston Martin,21,0.0,-3.52499273211555,-2.396470751498673,-3.05422885724229,-2.274459674886742,-2.8095224850111427,-5.766665982585964,-6.882443540481778,-5.753744211581089,-6.797361751202177,-12.63376,-14.139017,-6.434197246815529,-6.224945017319358,-6.031452272014576,-6.112491021540204,-9.680281499268713,-12.597356181899357,-6.189436799851394,-5.749892538262863,-2.623672,-3.0797358,-2.5280528,-2.839034,-11.640402,-17.264145,-2.866263654101861,-3.359780050364025,-2.7716153648629893,-3.1089016295212266,-7.996332682680904,-7.445351287788943
2026-15,2026,15,Azerbaijan Grand Prix,Andrea Kimi Antonelli,antonelli,Mercedes,16,0.0,-2.083069797589303,1.6692984253937517,2.127469913412601,1.4710591105664677,1.8171232902261887,-2.8235302372982174,-3.369847933230527,-2.9015581796036516,-3.4278445241322175,0.26621383,0.29793203,-2.168091911420561,-2.0975814733947598,-2.7192853555170586,-2.7558217442466755,-1.596614858278983,-2.077741856636353,-6.189436799851394,-5.749892538262863,1.585166,1.8607099,1.3013831,1.4614692,-0.5478607,-0.81254464,1.3929206794692963,1.6327552784347348,1.1095012732136296,1.2445198421030694,-0.34143974043876807,-1.2126927044650053
2026-15,2026,15,Azerbaijan Grand Prix,Arvid Lindblad,arvid_lindblad,RB F1 Team,15,0.0,-1.7741221203876831,-0.376667684699519,-0.48005147214105204,-0.46697866387962994,-0.5768346085342719,-5.495048897039252,-6.558271954759527,-5.581952610349514,-6.594410487390539,-3.1676853,-3.545101,-5.960844562147031,-5.766986654709281,-5.910612946652691,-5.990028095861313,-7.70338335500638,-10.024735741007243,-6.189436799851394,-5.749892538262863,-0.45005506,-0.5282866,-0.6080184,-0.6828121,-4.5466566,-6.7432494,-0.6203954146335975,-0.7272157725059034,-0.7785539870429473,-0.8732985787541693,-3.475617723822944,-5.731939841410291
2026-15,2026,15,Azerbaijan Grand Prix,Oliver Bearman,bearman,Haas F1 Team,10,0.0,-0.08130694544276129,-0.7428140241711888,-0.9466938107920293,-0.8158161667333957,-1.0077355467676996,-5.720046276580515,-6.8268035059409735,-5.763188050241664,-6.808518518923396,-6.957334,-7.786269,-6.553838509969864,-6.340695320950006,-6.230267758408445,-6.31397779797784,-13.815509557963773,-17.97870183312874,-6.189436799851394,-5.749892538262863,-0.7428485,-0.8719753,-0.83293116,-0.93539184,-6.3664455,-9.44222,-0.9201903932091636,-1.0786297768582407,-1.010067345528405,-1.1329854987272627,-5.160016788372049,-8.62245358935303
2026-15,2026,15,Azerbaijan Grand Prix,Gabriel Bortoleto,bortoleto,Audi,17,0.0,-2.3843592629011727,-1.0407536575307201,-1.3264087834674936,-1.109320495096221,-1.3702862743485318,-5.722282976289699,-6.829472978997321,-5.77368458489122,-6.820918921256793,-5.31828,-5.9519296,-5.917313352596466,-5.724871162194066,-5.9084972313576145,-5.98788395376053,-10.576406515249081,-13.7635212371891,-6.189436799851394,-5.749892538262863,-1.2204698,-1.4326198,-1.3028541,-1.463121,-5.6176395,-8.331649,-1.3986001868292486,-1.6394126895548022,-1.4808596662472273,-1.6610699622513636,-4.645223176448891,-7.336442856483145
2026-15,2026,15,Azerbaijan Grand Prix,Valtteri Bottas,bottas,Cadillac F1 Team,19,0.0,-2.966538764732632,-2.7882448044550645,-3.5535329348363467,-2.9736899491012156,-3.673245504283355,-5.766665982585964,-6.882443540481778,-5.776086663638688,-6.823756690472977,-14.240126,-15.936773,-6.404549088931162,-6.196261073446434,-6.185270318572293,-6.268375771370257,-8.695590186701175,-11.31593609152571,-6.189436799851394,-5.749892538262863,-3.2487712,-3.8134937,-3.5411873,-3.9767966,-11.742456,-17.415504,-3.482391489389056,-4.08199344706585,-3.775118343159013,-4.2345239232943515,-8.764610089672706,-7.305827017050942
2026-15,2026,15,Azerbaijan Grand Prix,Franco Colapinto,colapinto,Alpine F1 Team,9,0.0,0.2966855573633211,-0.020380749983850158,-0.025974644044367324,-0.11512600588093476,-0.14220920498320888,-5.667098865264387,-6.763611434456629,-5.717455199413846,-6.7544906164725464,-2.9971833,-3.3542843,-5.998565899693858,-5.803481223215859,-5.934253958097543,-6.01398674855053,-7.717321866566608,-10.042874510503045,-6.189436799851394,-5.749892538262863,-0.007633537,-0.008960448,-0.105087064,-0.11801405,-4.035186,-5.984676,-0.1688658046781752,-0.1979413027599444,-0.2660011567355312,-0.29837164280206835,-3.3392218785404895,-5.661409893348788
2026-15,2026,15,Azerbaijan Grand Prix,Pierre Gasly,gasly,Alpine F1 Team,7,0.0,1.1108133577287886,0.501280803518264,0.6388670901698389,0.6467933173399668,0.7989503565553748,-5.638041359577368,-6.728931665778843,-5.757143034224018,-6.801377054313092,-1.6640551,-1.8623198,-5.84641188466594,-5.656275543722283,-5.813074411693378,-5.891179030610592,-6.9532127725241715,-9.048507309486403,-6.189436799851394,-5.749892538262863,0.6976546,0.8189255,0.9222642,1.0357139,-2.8815365,-4.273672,0.5371802869717632,0.6296725735728194,0.7614641826521991,0.854129064328699,-2.6148893310523484,-5.003297475302224
2026-15,2026,15,Azerbaijan Grand Prix,Isack Hadjar,hadjar,Red Bull,4,0.0,2.5559699715273445,1.6842360623516386,2.146507475972985,1.6231250193238915,2.004962448059976,-3.828671134156704,-4.569470989906262,-4.1032854077152665,-4.847541750036433,0.224104,0.250805,-4.375173435886609,-4.232884544083547,-4.698742085238337,-4.761874506048154,-3.784257947401477,-4.924613530216149,-3.001272453929606,-2.788136408236376,2.1799397,2.558871,2.1200037,2.38079,-0.10788615,-0.1600084,2.007285867944722,2.3529025338778706,1.9478124403587311,2.184847633117492,-0.7383604369684627,-2.501607906459626
2026-15,2026,15,Azerbaijan Grand Prix,Lewis Hamilton,hamilton,Ferrari,6,0.0,1.555349991011903,1.6674611299515805,2.12512833642684,1.9959536550235513,2.4654983927591854,-4.324481950726185,-5.161214982380296,-4.568265529948767,-5.396860242780271,-0.057494175,-0.06434435,-4.127612842574308,-3.9933750881701866,-3.9966206109529594,-4.050319309381323,-4.137375776556529,-5.38414056653026,-6.189436799851394,-5.749892538262863,2.0659595,2.425078,2.4872756,2.7932408,-0.39903384,-0.5918161,1.8872594645015457,2.2122098536255757,2.307566473192648,2.588381223341865,-1.0437213196444943,-2.698932445005038
2026-15,2026,15,Azerbaijan Grand Prix,Nico Hülkenberg,hulkenberg,Audi,18,0.0,-2.6786571814014213,-1.028650935127639,-1.3109842330148886,-0.8634708959541867,-1.0666009708247766,-5.723834463524098,-6.8313246595570725,-5.7330272094296575,-6.772887086906141,-5.9471273,-6.655701,-5.884345584889161,-5.692975568470498,-5.998794827130041,-6.07939479037721,-7.289498784033842,-9.486130395787939,-6.189436799851394,-5.749892538262863,-1.1552151,-1.3560221,-0.9149196,-1.0274659,-5.7190013,-8.48198,-1.3450965300610858,-1.576696714918643,-1.1055373326691846,-1.2400735176331663,-4.882955736487636,-5.806834443737039
2026-15,2026,15,Azerbaijan Grand Prix,Liam Lawson,lawson,RB F1 Team,11,0.0,-0.4437706214854146,-0.009548484162397206,-0.012169251743830713,-0.005966133105532366,-0.007369655876355431,-5.495048897039252,-6.558271954759527,-5.553890741825464,-6.561258740500452,-2.4415543,-2.7324545,-6.012479392249588,-5.816942222752541,-5.917466291502933,-5.996973522431129,-8.698888841091128,-11.320228768786631,-6.189436799851394,-5.749892538262863,0.07444822,0.0873893,0.05534982,0.06215852,-3.8113244,-5.652662,-0.09650104183051549,-0.1131166962667657,-0.11604683275154676,-0.13016892315427595,-3.0552669412191493,-5.9744565951177595
2026-15,2026,15,Azerbaijan Grand Prix,Charles Leclerc,leclerc,Ferrari,2,0.0,3.8234734727697877,3.054262705227711,3.8925646332514994,3.403172056970839,4.203762555120835,-2.3851905867205643,-2.8466950567217415,-2.451015966323236,-2.8955826968354637,1.3756763,1.539582,-2.125800121944849,-2.056665092675992,-2.3093234257321456,-2.340351555315448,-2.2083576017002815,-2.8738283372983604,-1.8758425864385964,-1.7426291986660176,3.6211383,4.2505884,4.070617,4.571353,0.44094095,0.6539695,3.45010207824445,4.044144409959163,3.8984138457969184,4.372823628918392,0.786198453295599,-0.5066469567845908
2026-15,2026,15,Azerbaijan Grand Prix,Max Verstappen,max_verstappen,Red Bull,8,0.0,0.6928790864727826,2.25792386553615,2.8776550781034596,2.9270897305279826,3.6156826627287115,-3.621297509531714,-4.321973169228509,-3.571590536984666,-4.219407748121628,0.9727351,1.0886321,-3.5383639797582873,-3.4232897097085444,-2.9179162487125723,-2.9571214472869443,-3.026281643020256,-3.9382271855162214,-6.189436799851394,-5.749892538262863,2.7761369,3.258703,3.6434777,4.09167,-0.18586764,-0.2756645,2.5905922868790734,3.0366432870288604,3.4561072361410683,3.876691388875389,-0.15019912215468473,-1.5514184530896808
2026-15,2026,15,Azerbaijan Grand Prix,Lando Norris,norris,McLaren,5,0.0,2.0334881272332006,2.8001606351643296,3.5687192975271875,3.0169894752721937,3.726731171103871,-2.9648564601135554,-3.5385190080341236,-3.004083766875129,-3.548966263266182,1.1069158,1.2387999,-2.633356571479453,-2.5477148492097186,-2.6331945241690846,-2.6685741942506187,-2.677514841198968,-3.4843623234978414,-6.189436799851394,-5.749892538262863,3.4332535,4.030044,3.6884954,4.1422253,0.19587877,0.29051226,3.2576122786574504,3.8185115071292173,3.512468698515652,3.9399116482374614,0.3622802269815348,-1.101020282866654
2026-15,2026,15,Azerbaijan Grand Prix,Esteban Ocon,ocon,Haas F1 Team,13,0.0,-1.1299905532196064,-1.096456935178939,-1.3974009113412746,-1.1546188543335563,-1.4262409963498102,-5.765114495351565,-6.880591859922027,-5.737368369479905,-6.778015649142538,-7.448664,-8.33614,-6.644191941004465,-6.428110287998913,-6.16941132878128,-6.2523036997801285,-13.815509557963773,-17.97870183312874,-6.189436799851394,-5.749892538262863,-1.3115182,-1.5394949,-1.3734579,-1.54241,-7.386588,-10.955216,-1.4828183149937215,-1.7381315867089653,-1.5446195694456408,-1.7325890010994767,-5.5022344800298235,-8.780214926636207
2026-15,2026,15,Azerbaijan Grand Prix,Sergio Pérez,perez,Cadillac F1 Team,20,0.0,-3.2485044269661913,-2.5070080530040646,-3.195105275553814,-2.617907376596505,-3.233765680453607,-5.766665982585964,-6.882443540481778,-5.776086663638688,-6.823756690472977,-12.840942,-14.370883,-6.375260357577645,-6.167924866875689,-6.124953361853841,-6.207248394453284,-7.376931395285832,-9.599910118612948,-6.189436799851394,-5.749892538262863,-2.779608,-3.2627776,-3.0182111,-3.389488,-11.347506,-16.829742,-3.0223222441657867,-3.5427089783551278,-3.2612283445428787,-3.6580970949738427,-8.118494592525977,-6.5858186780674055
2026-15,2026,15,Azerbaijan Grand Prix,Oscar Piastri,piastri,McLaren,3,0.0,3.1408786479298096,2.5865074915232693,3.2964248844445416,2.629636561598588,3.2482541364847517,-2.542881280199616,-3.0348969220640982,-2.5273029831268494,-2.985706698018983,0.8844837,0.98986596,-2.3964097206098813,-2.3184739568171104,-2.6222957623394905,-2.6575289963737485,-2.624193797101478,-3.4149734132127856,-3.001272453929606,-2.788136408236376,3.2111456,3.7693279,3.2549124,3.6553063,0.24299817,0.3603961,3.042270577404797,3.5660920373275733,3.0862222921877533,3.4617940262867406,0.3568549438310713,-1.0694428958803122
2026-15,2026,15,Azerbaijan Grand Prix,George Russell,russell,Mercedes,1,1.0,4.694783444902767,4.4019394050129055,5.610137469950181,4.68713562370238,5.789776389745975,-0.5261791985756267,-0.6279882756012766,-0.18515711372998706,-0.2187410208986952,2.4515593,2.7436516,-0.5747526515406205,-0.5560606113170736,-0.383519037415681,-0.38867200917269007,-0.24753911764672792,-0.32213303241073027,0.6737290947028437,0.6258840698616528,4.7699833,5.599133,5.1723013,5.8085575,1.2654016,1.8767458,4.597906302548373,5.3895788151371695,4.999442475164415,5.607839765495245,2.432831751353454,1.6166006242797253
2026-15,2026,15,Azerbaijan Grand Prix,Carlos Sainz,sainz,Williams,14,0.0,-1.4567363613774855,-0.9404712676298018,-1.1986019371218553,-0.7673847276662566,-0.9479106931802865,-5.765114495351565,-6.880591859922027,-5.73583580187922,-6.7762051035209465,-6.8361673,-7.650666,-6.253030762009075,-6.049670408282567,-5.679510795438546,-5.755820850135524,-7.615128472281669,-9.909885961839258,-6.189436799851394,-5.749892538262863,-0.9412116,-1.104819,-0.6881738,-0.77282757,-7.1477103,-10.600931,-1.1263978912446342,-1.320342306389005,-0.8733203280440553,-0.9795973226914159,-5.206755695907819,-5.925192903767176
2026-15,2026,15,Azerbaijan Grand Prix,Lance Stroll,stroll,Aston Martin,22,0.0,-3.796390595114378,-2.750580293867596,-3.5055306652245792,-3.0024564529723587,-3.708779279770125,-5.766665982585964,-6.882443540481778,-5.7363988288285155,-6.77687025263243,-14.970306,-16.753952,-6.674715114864739,-6.45764079067791,-6.388960062104161,-6.474802295591513,-9.680281499268713,-12.597356181899357,-6.189436799851394,-5.749892538262863,-2.9761558,-3.4934905,-3.3845959,-3.8009424,-12.335943,-18.295717,-3.2548751194414036,-3.8153030608595997,-3.663418467571957,-4.109230951682078,-9.030880106385672,-7.745732011465289
