core           INFO 	Loading data for Australian Grand Prix - Race [v3.6.1]
req            INFO 	No cached data found for session_info. Loading data...
_api           INFO 	Fetching session info data...
req            INFO 	Data has been written to cache!
req            INFO 	No cached data found for driver_info. Loading data...
_api           INFO 	Fetching driver list...
req            INFO 	Data has been written to cache!
req            INFO 	No cached data found for session_status_data. Loading data...
_api           INFO 	Fetching session status data...
req            INFO 	Data has been written to cache!
req            INFO 	No cached data found for lap_count. Loading data...
_api           INFO 	Fetching lap count data...
req            INFO 	Data has been written to cache!
req            INFO 	No cached data found for track_status_data. Loading data...
_api           INFO 	Fetching track status data...
req            INFO 	Data has been written to cache!
req            INFO 	No cached data found for _extended_timing_data. Loading data...
_api           INFO 	Fetching timing data...
_api           INFO 	Parsing timing data...
req            INFO 	Data has been written to cache!
req            INFO 	No cached data found for timing_app_data. Loading data...
_api           INFO 	Fetching timing app data...
req            INFO 	Data has been written to cache!
core           INFO 	Processing timing data...
core        WARNING 	Fixed incorrect tyre stint information for driver '28'
core        WARNING 	Driver 5 completed the race distance 00:00.123000 before the recorded end of the session.
core           INFO 	Finished loading data for 20 drivers: ['5', '44', '7', '3', '14', '33', '27', '77', '2', '55', '11', '31', '16', '18', '28', '8', '20', '10', '9', '35']
ok 2018 1
core           INFO 	Loading data for Bahrain Grand Prix - Race [v3.6.1]
req            INFO 	No cached data found for session_info. Loading data...
_api           INFO 	Fetching session info data...
req            INFO 	Data has been written to cache!
req            INFO 	No cached data found for driver_info. Loading data...
_api           INFO 	Fetching driver list...
req            INFO 	Data has been written to cache!
req            INFO 	No cached data found for session_status_data. Loading data...
_api           INFO 	Fetching session status data...
req            INFO 	Data has been written to cache!
req            INFO 	No cached data found for lap_count. Loading data...
_api           INFO 	Fetching lap count data...
req            INFO 	Data has been written to cache!
req            INFO 	No cached data found for track_status_data. Loading data...
_api           INFO 	Fetching track status data...
req            INFO 	Data has been written to cache!
req            INFO 	No cached data found for _extended_timing_data. Loading data...
_api           INFO 	Fetching timing data...
_api           INFO 	Parsing timing data...
_api        WARNING 	Failed to align laps for drivers: ['33', '3']
req            INFO 	Data has been written to cache!
req            INFO 	No cached data found for timing_app_data. Loading data...
_api           INFO 	Fetching timing app data...
req            INFO 	Data has been written to cache!
core           INFO 	Processing timing data...
core           INFO 	Finished loading data for 20 drivers: ['5', '77', '44', '10', '20', '27', '14', '2', '9', '31', '55', '16', '8', '18', '35', '11', '28', '7', '33', '3']
ok 2018 2
core           INFO 	Loading data for Chinese Grand Prix - Race [v3.6.1]
req            INFO 	No cached data found for session_info. Loading data...
_api           INFO 	Fetching session info data...
req            INFO 	Data has been written to cache!
req            INFO 	No cached data found for driver_info. Loading data...
_api           INFO 	Fetching driver list...
req            INFO 	Data has been written to cache!
req            INFO 	No cached data found for session_status_data. Loading data...
_api           INFO 	Fetching session status data...
req            INFO 	Data has been written to cache!
req            INFO 	No cached data found for lap_count. Loading data...
_api           INFO 	Fetching lap count data...
req            INFO 	Data has been written to cache!
req            INFO 	No cached data found for track_status_data. Loading data...
_api           INFO 	Fetching track status data...
req            INFO 	Data has been written to cache!
req            INFO 	No cached data found for _extended_timing_data. Loading data...
_api           INFO 	Fetching timing data...
_api           INFO 	Parsing timing data...
req            INFO 	Data has been written to cache!
req            INFO 	No cached data found for timing_app_data. Loading data...
_api           INFO 	Fetching timing app data...
req            INFO 	Data has been written to cache!
core           INFO 	Processing timing data...
core        WARNING 	Fixed incorrect tyre stint information for driver '3'
core        WARNING 	Fixed incorrect tyre stint information for driver '33'
core        WARNING 	Fixed incorrect tyre stint information for driver '27'
core        WARNING 	Fixed incorrect tyre stint information for driver '55'
core        WARNING 	Fixed incorrect tyre stint information for driver '31'
core        WARNING 	Fixed incorrect tyre stint information for driver '11'
core        WARNING 	Fixed incorrect tyre stint information for driver '35'
core        WARNING 	Fixed incorrect tyre stint information for driver '8'
core        WARNING 	Fixed incorrect tyre stint information for driver '10'
core        WARNING 	Fixed incorrect tyre stint information for driver '28'
core        WARNING 	Driver 3 completed the race distance 00:00.025000 before the recorded end of the session.
core           INFO 	Finished loading data for 20 drivers: ['3', '77', '7', '44', '33', '27', '14', '5', '55', '20', '31', '11', '2', '18', '35', '9', '8', '10', '16', '28']
ok 2018 3
core           INFO 	Loading data for Azerbaijan Grand Prix - Race [v3.6.1]
req            INFO 	No cached data found for session_info. Loading data...
_api           INFO 	Fetching session info data...
req            INFO 	Data has been written to cache!
req            INFO 	No cached data found for driver_info. Loading data...
_api           INFO 	Fetching driver list...
req            INFO 	Data has been written to cache!
req            INFO 	No cached data found for session_status_data. Loading data...
_api           INFO 	Fetching session status data...
req            INFO 	Data has been written to cache!
req            INFO 	No cached data found for lap_count. Loading data...
_api           INFO 	Fetching lap count data...
req            INFO 	Data has been written to cache!
req            INFO 	No cached data found for track_status_data. Loading data...
_api           INFO 	Fetching track status data...
req            INFO 	Data has been written to cache!
req            INFO 	No cached data found for _extended_timing_data. Loading data...
_api           INFO 	Fetching timing data...
_api           INFO 	Parsing timing data...
req            INFO 	Data has been written to cache!
req            INFO 	No cached data found for timing_app_data. Loading data...
_api           INFO 	Fetching timing app data...
req            INFO 	Data has been written to cache!
core           INFO 	Processing timing data...
core        WARNING 	Fixed incorrect tyre stint information for driver '7'
core        WARNING 	Fixed incorrect tyre stint information for driver '14'
core        WARNING 	Fixed incorrect tyre stint information for driver '28'
core        WARNING 	Fixed incorrect tyre stint information for driver '9'
core        WARNING 	Fixed incorrect tyre stint information for driver '20'
core        WARNING 	Driver 55: Lap timing integrity check failed for 1 lap(s)
core        WARNING 	Driver 44 completed the race distance 00:00.110000 before the recorded end of the session.
core           INFO 	Finished loading data for 20 drivers: ['44', '7', '11', '5', '55', '16', '14', '18', '2', '28', '9', '10', '20', '77', '8', '33', '3', '27', '31', '35']
ok 2018 4
core           INFO 	Loading data for Spanish Grand Prix - Race [v3.6.1]
req            INFO 	No cached data found for session_info. Loading data...
_api           INFO 	Fetching session info data...
req            INFO 	Data has been written to cache!
req            INFO 	No cached data found for driver_info. Loading data...
_api           INFO 	Fetching driver list...
req            INFO 	Data has been written to cache!
req            INFO 	No cached data found for session_status_data. Loading data...
_api           INFO 	Fetching session status data...
req            INFO 	Data has been written to cache!
req            INFO 	No cached data found for lap_count. Loading data...
_api           INFO 	Fetching lap count data...
req            INFO 	Data has been written to cache!
req            INFO 	No cached data found for track_status_data. Loading data...
_api           INFO 	Fetching track status data...
req            INFO 	Data has been written to cache!
req            INFO 	No cached data found for _extended_timing_data. Loading data...
_api           INFO 	Fetching timing data...
_api           INFO 	Parsing timing data...
req            INFO 	Data has been written to cache!
req            INFO 	No cached data found for timing_app_data. Loading data...
_api           INFO 	Fetching timing app data...
req            INFO 	Data has been written to cache!
core           INFO 	Processing timing data...
core        WARNING 	Fixed incorrect tyre stint information for driver '28'
core        WARNING 	Fixed incorrect tyre stint information for driver '35'
core        WARNING 	Driver 44 completed the race distance 00:00.017000 before the recorded end of the session.
core           INFO 	Finished loading data for 20 drivers: ['44', '77', '33', '5', '3', '20', '55', '14', '11', '16', '18', '28', '9', '35', '2', '31', '7', '8', '10', '27']
ok 2018 5
core           INFO 	Loading data for Monaco Grand Prix - Race [v3.6.1]
req            INFO 	No cached data found for session_info. Loading data...
_api           INFO 	Fetching session info data...
req            INFO 	Data has been written to cache!
req            INFO 	No cached data found for driver_info. Loading data...
_api           INFO 	Fetching driver list...
req            INFO 	Data has been written to cache!
req            INFO 	No cached data found for session_status_data. Loading data...
_api           INFO 	Fetching session status data...
req            INFO 	Data has been written to cache!
req            INFO 	No cached data found for lap_count. Loading data...
_api           INFO 	Fetching lap count data...
req            INFO 	Data has been written to cache!
req            INFO 	No cached data found for track_status_data. Loading data...
_api           INFO 	Fetching track status data...
req            INFO 	Data has been written to cache!
req            INFO 	No cached data found for _extended_timing_data. Loading data...
_api           INFO 	Fetching timing data...
_api           INFO 	Parsing timing data...
req            INFO 	Data has been written to cache!
req            INFO 	No cached data found for timing_app_data. Loading data...
_api           INFO 	Fetching timing app data...
req            INFO 	Data has been written to cache!
core           INFO 	Processing timing data...
core        WARNING 	Driver 3 completed the race distance 00:00.040000 before the recorded end of the session.
core           INFO 	Finished loading data for 20 drivers: ['3', '5', '44', '7', '77', '31', '10', '27', '33', '55', '9', '11', '20', '2', '8', '35', '18', '16', '28', '14']
ok 2018 6
core           INFO 	Loading data for Canadian Grand Prix - Race [v3.6.1]
req            INFO 	No cached data found for session_info. Loading data...
_api           INFO 	Fetching session info data...
req            INFO 	Data has been written to cache!
req            INFO 	No cached data found for driver_info. Loading data...
_api           INFO 	Fetching driver list...
req            INFO 	Data has been written to cache!
req            INFO 	No cached data found for session_status_data. Loading data...
_api           INFO 	Fetching session status data...
req            INFO 	Data has been written to cache!
req            INFO 	No cached data found for lap_count. Loading data...
_api           INFO 	Fetching lap count data...
req            INFO 	Data has been written to cache!
req            INFO 	No cached data found for track_status_data. Loading data...
_api           INFO 	Fetching track status data...
req            INFO 	Data has been written to cache!
req            INFO 	No cached data found for _extended_timing_data. Loading data...
_api           INFO 	Fetching timing data...
_api           INFO 	Parsing timing data...
_api        WARNING 	Driver  5: Ignoring late data for a previously processed lap.The data may contain errors (previous: 69; current 70)
_api        WARNING 	Driver  5: Ignoring late data for a previously processed lap.The data may contain errors (previous: 68; current 70)
_api        WARNING 	Driver 77: Ignoring late data for a previously processed lap.The data may contain errors (previous: 69; current 70)
_api        WARNING 	Driver 77: Ignoring late data for a previously processed lap.The data may contain errors (previous: 68; current 70)
_api        WARNING 	Driver 33: Ignoring late data for a previously processed lap.The data may contain errors (previous: 69; current 70)
_api        WARNING 	Driver 33: Ignoring late data for a previously processed lap.The data may contain errors (previous: 68; current 70)
_api        WARNING 	Driver 44: Ignoring late data for a previously processed lap.The data may contain errors (previous: 69; current 70)
_api        WARNING 	Driver 44: Ignoring late data for a previously processed lap.The data may contain errors (previous: 68; current 70)
_api        WARNING 	Driver  7: Ignoring late data for a previously processed lap.The data may contain errors (previous: 69; current 70)
_api        WARNING 	Driver  7: Ignoring late data for a previously processed lap.The data may contain errors (previous: 68; current 70)
_api        WARNING 	Driver  3: Ignoring late data for a previously processed lap.The data may contain errors (previous: 69; current 70)
_api        WARNING 	Driver  3: Ignoring late data for a previously processed lap.The data may contain errors (previous: 68; current 70)
_api        WARNING 	Driver 27: Ignoring late data for a previously processed lap.The data may contain errors (previous: 68; current 69)
_api        WARNING 	Driver 27: Ignoring late data for a previously processed lap.The data may contain errors (previous: 67; current 69)
_api        WARNING 	Driver 31: Ignoring late data for a previously processed lap.The data may contain errors (previous: 68; current 69)
_api        WARNING 	Driver 31: Ignoring late data for a previously processed lap.The data may contain errors (previous: 67; current 69)
_api        WARNING 	Driver 55: Ignoring late data for a previously processed lap.The data may contain errors (previous: 68; current 69)
_api        WARNING 	Driver 55: Ignoring late data for a previously processed lap.The data may contain errors (previous: 67; current 69)
_api        WARNING 	Driver 11: Ignoring late data for a previously processed lap.The data may contain errors (previous: 68; current 69)
_api        WARNING 	Driver 11: Ignoring late data for a previously processed lap.The data may contain errors (previous: 67; current 69)
_api        WARNING 	Driver 20: Ignoring late data for a previously processed lap.The data may contain errors (previous: 68; current 69)
_api        WARNING 	Driver 20: Ignoring late data for a previously processed lap.The data may contain errors (previous: 67; current 69)
_api        WARNING 	Driver 16: Ignoring late data for a previously processed lap.The data may contain errors (previous: 68; current 69)
_api        WARNING 	Driver 16: Ignoring late data for a previously processed lap.The data may contain errors (previous: 67; current 69)
_api        WARNING 	Driver  2: Ignoring late data for a previously processed lap.The data may contain errors (previous: 67; current 68)
_api        WARNING 	Driver  2: Ignoring late data for a previously processed lap.The data may contain errors (previous: 66; current 68)
_api        WARNING 	Driver 35: Ignoring late data for a previously processed lap.The data may contain errors (previous: 67; current 68)
_api        WARNING 	Driver 35: Ignoring late data for a previously processed lap.The data may contain errors (previous: 66; current 68)
_api        WARNING 	Driver  9: Ignoring late data for a previously processed lap.The data may contain errors (previous: 67; current 68)
_api        WARNING 	Driver  9: Ignoring late data for a previously processed lap.The data may contain errors (previous: 66; current 68)
_api        WARNING 	Driver 10: Ignoring late data for a previously processed lap.The data may contain errors (previous: 68; current 69)
_api        WARNING 	Driver 10: Ignoring late data for a previously processed lap.The data may contain errors (previous: 67; current 69)
_api        WARNING 	Driver  8: Ignoring late data for a previously processed lap.The data may contain errors (previous: 68; current 69)
_api        WARNING 	Driver  8: Ignoring late data for a previously processed lap.The data may contain errors (previous: 67; current 69)
req            INFO 	Data has been written to cache!
req            INFO 	No cached data found for timing_app_data. Loading data...
_api           INFO 	Fetching timing app data...
req            INFO 	Data has been written to cache!
core           INFO 	Processing timing data...
core        WARNING 	Fixed incorrect tyre stint information for driver '9'
core        WARNING 	Fixed incorrect tyre stint information for driver '2'
core        WARNING 	Driver 5 completed the race distance 00:00.044000 before the recorded end of the session.
core           INFO 	Finished loading data for 20 drivers: ['5', '77', '33', '3', '44', '7', '27', '55', '31', '16', '10', '8', '20', '11', '9', '2', '35', '14', '28', '18']
ok 2018 7
core           INFO 	Loading data for French Grand Prix - Race [v3.6.1]
req            INFO 	No cached data found for session_info. Loading data...
_api           INFO 	Fetching session info data...
req            INFO 	Data has been written to cache!
req            INFO 	No cached data found for driver_info. Loading data...
_api           INFO 	Fetching driver list...
req            INFO 	Data has been written to cache!
req            INFO 	No cached data found for session_status_data. Loading data...
_api           INFO 	Fetching session status data...
req            INFO 	Data has been written to cache!
req            INFO 	No cached data found for lap_count. Loading data...
_api           INFO 	Fetching lap count data...
req            INFO 	Data has been written to cache!
req            INFO 	No cached data found for track_status_data. Loading data...
_api           INFO 	Fetching track status data...
req            INFO 	Data has been written to cache!
req            INFO 	No cached data found for _extended_timing_data. Loading data...
_api           INFO 	Fetching timing data...
_api           INFO 	Parsing timing data...
req            INFO 	Data has been written to cache!
req            INFO 	No cached data found for timing_app_data. Loading data...
_api           INFO 	Fetching timing app data...
req            INFO 	Data has been written to cache!
core           INFO 	Processing timing data...
core        WARNING 	Fixed incorrect tyre stint information for driver '5'
core        WARNING 	Fixed incorrect tyre stint information for driver '77'
core        WARNING 	Fixed incorrect tyre stint information for driver '35'
core        WARNING 	Fixed incorrect tyre stint information for driver '14'
core        WARNING 	Fixed incorrect tyre stint information for driver '18'
core        WARNING 	Driver 44 completed the race distance 00:00.028000 before the recorded end of the session.
core           INFO 	Finished loading data for 20 drivers: ['44', '33', '7', '3', '5', '20', '77', '55', '27', '16', '8', '2', '9', '28', '35', '14', '18', '11', '31', '10']
ok 2018 8
core           INFO 	Loading data for Austrian Grand Prix - Race [v3.6.1]
req            INFO 	No cached data found for session_info. Loading data...
_api           INFO 	Fetching session info data...
req            INFO 	Data has been written to cache!
req            INFO 	No cached data found for driver_info. Loading data...
_api           INFO 	Fetching driver list...
req            INFO 	Data has been written to cache!
req            INFO 	No cached data found for session_status_data. Loading data...
_api           INFO 	Fetching session status data...
req            INFO 	Data has been written to cache!
req            INFO 	No cached data found for lap_count. Loading data...
_api           INFO 	Fetching lap count data...
req            INFO 	Data has been written to cache!
req            INFO 	No cached data found for track_status_data. Loading data...
_api           INFO 	Fetching track status data...
req            INFO 	Data has been written to cache!
req            INFO 	No cached data found for _extended_timing_data. Loading data...
_api           INFO 	Fetching timing data...
_api           INFO 	Parsing timing data...
req            INFO 	Data has been written to cache!
req            INFO 	No cached data found for timing_app_data. Loading data...
_api           INFO 	Fetching timing app data...
req            INFO 	Data has been written to cache!
core           INFO 	Processing timing data...
core        WARNING 	Fixed incorrect tyre stint information for driver '2'
core        WARNING 	Driver 33 completed the race distance 00:00.049000 before the recorded end of the session.
core           INFO 	Finished loading data for 20 drivers: ['33', '7', '5', '8', '20', '31', '11', '14', '16', '9', '10', '55', '35', '18', '2', '44', '28', '3', '77', '27']
ok 2018 9
core           INFO 	Loading data for British Grand Prix - Race [v3.6.1]
req            INFO 	No cached data found for session_info. Loading data...
_api           INFO 	Fetching session info data...
req            INFO 	Data has been written to cache!
req            INFO 	No cached data found for driver_info. Loading data...
_api           INFO 	Fetching driver list...
req            INFO 	Data has been written to cache!
req            INFO 	No cached data found for session_status_data. Loading data...
_api           INFO 	Fetching session status data...
req            INFO 	Data has been written to cache!
req            INFO 	No cached data found for lap_count. Loading data...
_api           INFO 	Fetching lap count data...
req            INFO 	Data has been written to cache!
req            INFO 	No cached data found for track_status_data. Loading data...
_api           INFO 	Fetching track status data...
req            INFO 	Data has been written to cache!
req            INFO 	No cached data found for _extended_timing_data. Loading data...
_api           INFO 	Fetching timing data...
_api           INFO 	Parsing timing data...
_api        WARNING 	Failed to align laps for drivers: ['28']
req            INFO 	Data has been written to cache!
req            INFO 	No cached data found for timing_app_data. Loading data...
_api           INFO 	Fetching timing app data...
req            INFO 	Data has been written to cache!
core           INFO 	Processing timing data...
core        WARNING 	Driver  2: Lap timing integrity check failed for 1 lap(s)
core        WARNING 	Driver 5 completed the race distance 00:00.014000 before the recorded end of the session.
core           INFO 	Finished loading data for 20 drivers: ['5', '44', '7', '77', '3', '27', '31', '14', '20', '11', '2', '18', '10', '35', '33', '8', '55', '9', '16', '28']
ok 2018 10
core           INFO 	Loading data for German Grand Prix - Race [v3.6.1]
req            INFO 	No cached data found for session_info. Loading data...
_api           INFO 	Fetching session info data...
req            INFO 	Data has been written to cache!
req            INFO 	No cached data found for driver_info. Loading data...
_api           INFO 	Fetching driver list...
req            INFO 	Data has been written to cache!
req            INFO 	No cached data found for session_status_data. Loading data...
_api           INFO 	Fetching session status data...
req            INFO 	Data has been written to cache!
req            INFO 	No cached data found for lap_count. Loading data...
_api           INFO 	Fetching lap count data...
req            INFO 	Data has been written to cache!
req            INFO 	No cached data found for track_status_data. Loading data...
_api           INFO 	Fetching track status data...
req            INFO 	Data has been written to cache!
req            INFO 	No cached data found for _extended_timing_data. Loading data...
_api           INFO 	Fetching timing data...
_api           INFO 	Parsing timing data...
req            INFO 	Data has been written to cache!
req            INFO 	No cached data found for timing_app_data. Loading data...
_api           INFO 	Fetching timing app data...
req            INFO 	Data has been written to cache!
core           INFO 	Processing timing data...
core        WARNING 	Driver 44 completed the race distance 00:00.054000 before the recorded end of the session.
core           INFO 	Finished loading data for 20 drivers: ['44', '77', '7', '33', '27', '8', '11', '31', '9', '28', '20', '55', '2', '10', '16', '14', '18', '5', '35', '3']
ok 2018 11
core           INFO 	Loading data for Hungarian Grand Prix - Race [v3.6.1]
req            INFO 	No cached data found for session_info. Loading data...
_api           INFO 	Fetching session info data...
req            INFO 	Data has been written to cache!
req            INFO 	No cached data found for driver_info. Loading data...
_api           INFO 	Fetching driver list...
req            INFO 	Data has been written to cache!
req            INFO 	No cached data found for session_status_data. Loading data...
_api           INFO 	Fetching session status data...
req            INFO 	Data has been written to cache!
req            INFO 	No cached data found for lap_count. Loading data...
_api           INFO 	Fetching lap count data...
req            INFO 	Data has been written to cache!
req            INFO 	No cached data found for track_status_data. Loading data...
_api           INFO 	Fetching track status data...
req            INFO 	Data has been written to cache!
req            INFO 	No cached data found for _extended_timing_data. Loading data...
_api           INFO 	Fetching timing data...
_api           INFO 	Parsing timing data...
req            INFO 	Data has been written to cache!
req            INFO 	No cached data found for timing_app_data. Loading data...
_api           INFO 	Fetching timing app data...
req            INFO 	Data has been written to cache!
core           INFO 	Processing timing data...
core        WARNING 	Driver 44 completed the race distance 00:00.112000 before the recorded end of the session.
core           INFO 	Finished loading data for 20 drivers: ['44', '5', '7', '3', '77', '10', '20', '14', '55', '8', '28', '27', '31', '11', '9', '35', '18', '2', '33', '16']
ok 2018 12
core           INFO 	Loading data for Belgian Grand Prix - Race [v3.6.1]
req            INFO 	No cached data found for session_info. Loading data...
_api           INFO 	Fetching session info data...
req            INFO 	Data has been written to cache!
req            INFO 	No cached data found for driver_info. Loading data...
_api           INFO 	Fetching driver list...
req            INFO 	Data has been written to cache!
req            INFO 	No cached data found for session_status_data. Loading data...
_api           INFO 	Fetching session status data...
req            INFO 	Data has been written to cache!
req            INFO 	No cached data found for lap_count. Loading data...
_api           INFO 	Fetching lap count data...
req            INFO 	Data has been written to cache!
req            INFO 	No cached data found for track_status_data. Loading data...
_api           INFO 	Fetching track status data...
req            INFO 	Data has been written to cache!
req            INFO 	No cached data found for _extended_timing_data. Loading data...
_api           INFO 	Fetching timing data...
_api           INFO 	Parsing timing data...
_api        WARNING 	Failed to align laps for drivers: ['3']
req            INFO 	Data has been written to cache!
req            INFO 	No cached data found for timing_app_data. Loading data...
_api           INFO 	Fetching timing app data...
req            INFO 	Data has been written to cache!
core           INFO 	Processing timing data...
core        WARNING 	Fixed incorrect tyre stint information for driver '5'
core        WARNING 	Fixed incorrect tyre stint information for driver '44'
core        WARNING 	Fixed incorrect tyre stint information for driver '33'
core        WARNING 	Fixed incorrect tyre stint information for driver '77'
core        WARNING 	Fixed incorrect tyre stint information for driver '11'
core        WARNING 	Fixed incorrect tyre stint information for driver '31'
core        WARNING 	Fixed incorrect tyre stint information for driver '8'
core        WARNING 	Fixed incorrect tyre stint information for driver '20'
core        WARNING 	Fixed incorrect tyre stint information for driver '10'
core        WARNING 	Fixed incorrect tyre stint information for driver '9'
core        WARNING 	Fixed incorrect tyre stint information for driver '55'
core        WARNING 	Fixed incorrect tyre stint information for driver '35'
core        WARNING 	Fixed incorrect tyre stint information for driver '18'
core        WARNING 	Fixed incorrect tyre stint information for driver '28'
core        WARNING 	Fixed incorrect tyre stint information for driver '2'
core        WARNING 	Fixed incorrect tyre stint information for driver '3'
core        WARNING 	Fixed incorrect tyre stint information for driver '7'
core        WARNING 	Driver 5 completed the race distance 00:00.033000 before the recorded end of the session.
core           INFO 	Finished loading data for 20 drivers: ['5', '44', '33', '77', '11', '31', '8', '20', '10', '9', '55', '35', '18', '28', '2', '3', '7', '16', '14', '27']
ok 2018 13
core           INFO 	Loading data for Italian Grand Prix - Race [v3.6.1]
req            INFO 	No cached data found for session_info. Loading data...
_api           INFO 	Fetching session info data...
req            INFO 	Data has been written to cache!
req            INFO 	No cached data found for driver_info. Loading data...
_api           INFO 	Fetching driver list...
req            INFO 	Data has been written to cache!
req            INFO 	No cached data found for session_status_data. Loading data...
_api           INFO 	Fetching session status data...
req            INFO 	Data has been written to cache!
req            INFO 	No cached data found for lap_count. Loading data...
_api           INFO 	Fetching lap count data...
req            INFO 	Data has been written to cache!
req            INFO 	No cached data found for track_status_data. Loading data...
_api           INFO 	Fetching track status data...
req            INFO 	Data has been written to cache!
req            INFO 	No cached data found for _extended_timing_data. Loading data...
_api           INFO 	Fetching timing data...
_api           INFO 	Parsing timing data...
req            INFO 	Data has been written to cache!
req            INFO 	No cached data found for timing_app_data. Loading data...
_api           INFO 	Fetching timing app data...
req            INFO 	Data has been written to cache!
core           INFO 	Processing timing data...
core        WARNING 	Fixed incorrect tyre stint information for driver '5'
core        WARNING 	Fixed incorrect tyre stint information for driver '27'
core        WARNING 	Fixed incorrect tyre stint information for driver '9'
core        WARNING 	Fixed incorrect tyre stint information for driver '3'
core        WARNING 	Driver 44 completed the race distance 00:00.051000 before the recorded end of the session.
core           INFO 	Finished loading data for 20 drivers: ['44', '7', '77', '5', '33', '31', '11', '55', '18', '35', '16', '2', '27', '10', '9', '20', '3', '14', '28', '8']
ok 2018 14
core           INFO 	Loading data for Singapore Grand Prix - Race [v3.6.1]
req            INFO 	No cached data found for session_info. Loading data...
_api           INFO 	Fetching session info data...
req            INFO 	Data has been written to cache!
req            INFO 	No cached data found for driver_info. Loading data...
_api           INFO 	Fetching driver list...
req            INFO 	Data has been written to cache!
req            INFO 	No cached data found for session_status_data. Loading data...
_api           INFO 	Fetching session status data...
req            INFO 	Data has been written to cache!
req            INFO 	No cached data found for lap_count. Loading data...
_api           INFO 	Fetching lap count data...
req            INFO 	Data has been written to cache!
req            INFO 	No cached data found for track_status_data. Loading data...
_api           INFO 	Fetching track status data...
req            INFO 	Data has been written to cache!
req            INFO 	No cached data found for _extended_timing_data. Loading data...
_api           INFO 	Fetching timing data...
_api           INFO 	Parsing timing data...
req            INFO 	Data has been written to cache!
req            INFO 	No cached data found for timing_app_data. Loading data...
_api           INFO 	Fetching timing app data...
req            INFO 	Data has been written to cache!
core           INFO 	Processing timing data...
core        WARNING 	Driver 44 completed the race distance 00:00.017000 before the recorded end of the session.
core           INFO 	Finished loading data for 20 drivers: ['44', '33', '5', '77', '7', '3', '14', '55', '16', '27', '9', '2', '10', '18', '8', '11', '28', '20', '35', '31']
ok 2018 15
core           INFO 	Loading data for Russian Grand Prix - Race [v3.6.1]
req            INFO 	No cached data found for session_info. Loading data...
_api           INFO 	Fetching session info data...
req            INFO 	Data has been written to cache!
req            INFO 	No cached data found for driver_info. Loading data...
_api           INFO 	Fetching driver list...
req            INFO 	Data has been written to cache!
req            INFO 	No cached data found for session_status_data. Loading data...
_api           INFO 	Fetching session status data...
req            INFO 	Data has been written to cache!
req            INFO 	No cached data found for lap_count. Loading data...
_api           INFO 	Fetching lap count data...
req            INFO 	Data has been written to cache!
req            INFO 	No cached data found for track_status_data. Loading data...
_api           INFO 	Fetching track status data...
req            INFO 	Data has been written to cache!
req            INFO 	No cached data found for _extended_timing_data. Loading data...
_api           INFO 	Fetching timing data...
_api           INFO 	Parsing timing data...
req            INFO 	Data has been written to cache!
req            INFO 	No cached data found for timing_app_data. Loading data...
_api           INFO 	Fetching timing app data...
req            INFO 	Data has been written to cache!
core           INFO 	Processing timing data...
core        WARNING 	Driver 44 completed the race distance 00:00.089000 before the recorded end of the session.
core           INFO 	Finished loading data for 20 drivers: ['44', '77', '5', '7', '33', '3', '16', '20', '31', '11', '8', '27', '9', '14', '18', '2', '55', '35', '10', '28']
ok 2018 16
core           INFO 	Loading data for Japanese Grand Prix - Race [v3.6.1]
req            INFO 	No cached data found for session_info. Loading data...
_api           INFO 	Fetching session info data...
req            INFO 	Data has been written to cache!
req            INFO 	No cached data found for driver_info. Loading data...
_api           INFO 	Fetching driver list...
req            INFO 	Data has been written to cache!
req            INFO 	No cached data found for session_status_data. Loading data...
_api           INFO 	Fetching session status data...
req            INFO 	Data has been written to cache!
req            INFO 	No cached data found for lap_count. Loading data...
_api           INFO 	Fetching lap count data...
req            INFO 	Data has been written to cache!
req            INFO 	No cached data found for track_status_data. Loading data...
_api           INFO 	Fetching track status data...
req            INFO 	Data has been written to cache!
req            INFO 	No cached data found for _extended_timing_data. Loading data...
_api           INFO 	Fetching timing data...
_api           INFO 	Parsing timing data...
req            INFO 	Data has been written to cache!
req            INFO 	No cached data found for timing_app_data. Loading data...
_api           INFO 	Fetching timing app data...
req            INFO 	Data has been written to cache!
core           INFO 	Processing timing data...
core        WARNING 	Driver 44 completed the race distance 00:00.042000 before the recorded end of the session.
core           INFO 	Finished loading data for 20 drivers: ['44', '77', '33', '3', '7', '5', '11', '8', '31', '55', '10', '9', '28', '14', '2', '35', '18', '16', '27', '20']
ok 2018 17
core           INFO 	Loading data for United States Grand Prix - Race [v3.6.1]
req            INFO 	No cached data found for session_info. Loading data...
_api           INFO 	Fetching session info data...
req            INFO 	Data has been written to cache!
req            INFO 	No cached data found for driver_info. Loading data...
_api           INFO 	Fetching driver list...
req            INFO 	Data has been written to cache!
req            INFO 	No cached data found for session_status_data. Loading data...
_api           INFO 	Fetching session status data...
req            INFO 	Data has been written to cache!
req            INFO 	No cached data found for lap_count. Loading data...
_api           INFO 	Fetching lap count data...
req            INFO 	Data has been written to cache!
req            INFO 	No cached data found for track_status_data. Loading data...
_api           INFO 	Fetching track status data...
req            INFO 	Data has been written to cache!
req            INFO 	No cached data found for _extended_timing_data. Loading data...
_api           INFO 	Fetching timing data...
_api           INFO 	Parsing timing data...
_api        WARNING 	Failed to align laps for drivers: ['8', '14']
req            INFO 	Data has been written to cache!
req            INFO 	No cached data found for timing_app_data. Loading data...
_api           INFO 	Fetching timing app data...
req            INFO 	Data has been written to cache!
core           INFO 	Processing timing data...
core        WARNING 	Fixed incorrect tyre stint information for driver '18'
core        WARNING 	Fixed incorrect tyre stint information for driver '16'
core        WARNING 	Fixed incorrect tyre stint information for driver '8'
core        WARNING 	Driver 7 completed the race distance 00:00.022000 before the recorded end of the session.
core           INFO 	Finished loading data for 20 drivers: ['7', '33', '44', '5', '77', '27', '55', '11', '28', '9', '2', '10', '35', '18', '16', '3', '8', '14', '31', '20']
ok 2018 18
core           INFO 	Loading data for Mexican Grand Prix - Race [v3.6.1]
req            INFO 	No cached data found for session_info. Loading data...
_api           INFO 	Fetching session info data...
req            INFO 	Data has been written to cache!
req            INFO 	No cached data found for driver_info. Loading data...
_api           INFO 	Fetching driver list...
req            INFO 	Data has been written to cache!
req            INFO 	No cached data found for session_status_data. Loading data...
_api           INFO 	Fetching session status data...
req            INFO 	Data has been written to cache!
req            INFO 	No cached data found for lap_count. Loading data...
_api           INFO 	Fetching lap count data...
req            INFO 	Data has been written to cache!
req            INFO 	No cached data found for track_status_data. Loading data...
_api           INFO 	Fetching track status data...
req            INFO 	Data has been written to cache!
req            INFO 	No cached data found for _extended_timing_data. Loading data...
_api           INFO 	Fetching timing data...
_api           INFO 	Parsing timing data...
req            INFO 	Data has been written to cache!
req            INFO 	No cached data found for timing_app_data. Loading data...
_api           INFO 	Fetching timing app data...
req            INFO 	Data has been written to cache!
core           INFO 	Processing timing data...
core        WARNING 	Driver 33 completed the race distance 00:00.015000 before the recorded end of the session.
core           INFO 	Finished loading data for 20 drivers: ['33', '5', '7', '44', '77', '27', '16', '2', '9', '10', '31', '18', '35', '28', '20', '8', '3', '11', '55', '14']
ok 2018 19
core           INFO 	Loading data for Brazilian Grand Prix - Race [v3.6.1]
req            INFO 	No cached data found for session_info. Loading data...
_api           INFO 	Fetching session info data...
req            INFO 	Data has been written to cache!
req            INFO 	No cached data found for driver_info. Loading data...
_api           INFO 	Fetching driver list...
req            INFO 	Data has been written to cache!
req            INFO 	No cached data found for session_status_data. Loading data...
_api           INFO 	Fetching session status data...
req            INFO 	Data has been written to cache!
req            INFO 	No cached data found for lap_count. Loading data...
_api           INFO 	Fetching lap count data...
req            INFO 	Data has been written to cache!
req            INFO 	No cached data found for track_status_data. Loading data...
_api           INFO 	Fetching track status data...
req            INFO 	Data has been written to cache!
req            INFO 	No cached data found for _extended_timing_data. Loading data...
_api           INFO 	Fetching timing data...
_api           INFO 	Parsing timing data...
_api        WARNING 	Driver 27: Encountered 1 timing integrity error(s) near lap(s): [2].
This might be a bug and should be reported.
req            INFO 	Data has been written to cache!
req            INFO 	No cached data found for timing_app_data. Loading data...
_api           INFO 	Fetching timing app data...
req            INFO 	Data has been written to cache!
core           INFO 	Processing timing data...
core        WARNING 	Driver 44 completed the race distance 00:00.157000 before the recorded end of the session.
core           INFO 	Finished loading data for 20 drivers: ['44', '33', '7', '3', '77', '5', '16', '8', '20', '11', '28', '55', '10', '2', '31', '35', '14', '18', '27', '9']
ok 2018 20
core           INFO 	Loading data for Abu Dhabi Grand Prix - Race [v3.6.1]
req            INFO 	No cached data found for session_info. Loading data...
_api           INFO 	Fetching session info data...
req            INFO 	Data has been written to cache!
req            INFO 	No cached data found for driver_info. Loading data...
_api           INFO 	Fetching driver list...
req            INFO 	Data has been written to cache!
req            INFO 	No cached data found for session_status_data. Loading data...
_api           INFO 	Fetching session status data...
req            INFO 	Data has been written to cache!
req            INFO 	No cached data found for lap_count. Loading data...
_api           INFO 	Fetching lap count data...
req            INFO 	Data has been written to cache!
req            INFO 	No cached data found for track_status_data. Loading data...
_api           INFO 	Fetching track status data...
req            INFO 	Data has been written to cache!
req            INFO 	No cached data found for _extended_timing_data. Loading data...
_api           INFO 	Fetching timing data...
_api           INFO 	Parsing timing data...
req            INFO 	Data has been written to cache!
req            INFO 	No cached data found for timing_app_data. Loading data...
_api           INFO 	Fetching timing app data...
req            INFO 	Data has been written to cache!
core           INFO 	Processing timing data...
core        WARNING 	Driver 44 completed the race distance 00:00.074000 before the recorded end of the session.
core           INFO 	Finished loading data for 20 drivers: ['44', '5', '33', '3', '77', '55', '16', '11', '8', '20', '14', '28', '18', '2', '35', '10', '31', '9', '7', '27']
ok 2018 21
core           INFO 	Loading data for Australian Grand Prix - Race [v3.6.1]
req            INFO 	No cached data found for session_info. Loading data...
_api           INFO 	Fetching session info data...
req            INFO 	Data has been written to cache!
req            INFO 	No cached data found for driver_info. Loading data...
_api           INFO 	Fetching driver list...
req            INFO 	Data has been written to cache!
req            INFO 	No cached data found for session_status_data. Loading data...
_api           INFO 	Fetching session status data...
req            INFO 	Data has been written to cache!
req            INFO 	No cached data found for lap_count. Loading data...
_api           INFO 	Fetching lap count data...
req            INFO 	Data has been written to cache!
req            INFO 	No cached data found for track_status_data. Loading data...
_api           INFO 	Fetching track status data...
req            INFO 	Data has been written to cache!
req            INFO 	No cached data found for _extended_timing_data. Loading data...
_api           INFO 	Fetching timing data...
_api           INFO 	Parsing timing data...
req            INFO 	Data has been written to cache!
req            INFO 	No cached data found for timing_app_data. Loading data...
_api           INFO 	Fetching timing app data...
req            INFO 	Data has been written to cache!
core           INFO 	Processing timing data...
core        WARNING 	Driver 77 completed the race distance 00:00.387000 before the recorded end of the session.
core           INFO 	Finished loading data for 20 drivers: ['77', '44', '33', '5', '16', '20', '27', '7', '18', '26', '10', '4', '11', '23', '99', '63', '88', '8', '3', '55']
ok 2019 1
core           INFO 	Loading data for Bahrain Grand Prix - Race [v3.6.1]
req            INFO 	No cached data found for session_info. Loading data...
_api           INFO 	Fetching session info data...
req            INFO 	Data has been written to cache!
req            INFO 	No cached data found for driver_info. Loading data...
_api           INFO 	Fetching driver list...
req            INFO 	Data has been written to cache!
req            INFO 	No cached data found for session_status_data. Loading data...
_api           INFO 	Fetching session status data...
req            INFO 	Data has been written to cache!
req            INFO 	No cached data found for lap_count. Loading data...
_api           INFO 	Fetching lap count data...
req            INFO 	Data has been written to cache!
req            INFO 	No cached data found for track_status_data. Loading data...
_api           INFO 	Fetching track status data...
req            INFO 	Data has been written to cache!
req            INFO 	No cached data found for _extended_timing_data. Loading data...
_api           INFO 	Fetching timing data...
_api           INFO 	Parsing timing data...
req            INFO 	Data has been written to cache!
req            INFO 	No cached data found for timing_app_data. Loading data...
_api           INFO 	Fetching timing app data...
req            INFO 	Data has been written to cache!
core           INFO 	Processing timing data...
core        WARNING 	Driver 44 completed the race distance 00:00.070000 before the recorded end of the session.
core           INFO 	Finished loading data for 20 drivers: ['44', '77', '16', '33', '5', '4', '7', '10', '23', '11', '99', '26', '20', '18', '63', '88', '27', '3', '55', '8']
ok 2019 2
core           INFO 	Loading data for Chinese Grand Prix - Race [v3.6.1]
req            INFO 	No cached data found for session_info. Loading data...
_api           INFO 	Fetching session info data...
req            INFO 	Data has been written to cache!
req            INFO 	No cached data found for driver_info. Loading data...
_api           INFO 	Fetching driver list...
req            INFO 	Data has been written to cache!
req            INFO 	No cached data found for session_status_data. Loading data...
_api           INFO 	Fetching session status data...
req            INFO 	Data has been written to cache!
req            INFO 	No cached data found for lap_count. Loading data...
_api           INFO 	Fetching lap count data...
req            INFO 	Data has been written to cache!
req            INFO 	No cached data found for track_status_data. Loading data...
_api           INFO 	Fetching track status data...
req            INFO 	Data has been written to cache!
req            INFO 	No cached data found for _extended_timing_data. Loading data...
_api           INFO 	Fetching timing data...
_api           INFO 	Parsing timing data...
req            INFO 	Data has been written to cache!
req            INFO 	No cached data found for timing_app_data. Loading data...
_api           INFO 	Fetching timing app data...
req            INFO 	Data has been written to cache!
core           INFO 	Processing timing data...
core        WARNING 	Driver 44 completed the race distance 00:00.423000 before the recorded end of the session.
core           INFO 	Finished loading data for 20 drivers: ['44', '77', '5', '33', '16', '10', '3', '11', '7', '23', '8', '18', '20', '55', '99', '63', '88', '4', '26', '27']
ok 2019 3
core           INFO 	Loading data for Azerbaijan Grand Prix - Race [v3.6.1]
req            INFO 	No cached data found for session_info. Loading data...
_api           INFO 	Fetching session info data...
req            INFO 	Data has been written to cache!
req            INFO 	No cached data found for driver_info. Loading data...
_api           INFO 	Fetching driver list...
req            INFO 	Data has been written to cache!
req            INFO 	No cached data found for session_status_data. Loading data...
_api           INFO 	Fetching session status data...
req            INFO 	Data has been written to cache!
req            INFO 	No cached data found for lap_count. Loading data...
_api           INFO 	Fetching lap count data...
req            INFO 	Data has been written to cache!
req            INFO 	No cached data found for track_status_data. Loading data...
_api           INFO 	Fetching track status data...
req            INFO 	Data has been written to cache!
req            INFO 	No cached data found for _extended_timing_data. Loading data...
_api           INFO 	Fetching timing data...
_api           INFO 	Parsing timing data...
req            INFO 	Data has been written to cache!
req            INFO 	No cached data found for timing_app_data. Loading data...
_api           INFO 	Fetching timing app data...
req            INFO 	Data has been written to cache!
core           INFO 	Processing timing data...
core        WARNING 	Driver 77 completed the race distance 00:00.075000 before the recorded end of the session.
core           INFO 	Finished loading data for 20 drivers: ['77', '44', '5', '33', '16', '11', '55', '4', '18', '7', '23', '99', '20', '27', '63', '88', '10', '8', '26', '3']
ok 2019 4
core           INFO 	Loading data for Spanish Grand Prix - Race [v3.6.1]
req            INFO 	No cached data found for session_info. Loading data...
_api           INFO 	Fetching session info data...
req            INFO 	Data has been written to cache!
req            INFO 	No cached data found for driver_info. Loading data...
_api           INFO 	Fetching driver list...
req            INFO 	Data has been written to cache!
req            INFO 	No cached data found for session_status_data. Loading data...
_api           INFO 	Fetching session status data...
req            INFO 	Data has been written to cache!
req            INFO 	No cached data found for lap_count. Loading data...
_api           INFO 	Fetching lap count data...
req            INFO 	Data has been written to cache!
req            INFO 	No cached data found for track_status_data. Loading data...
_api           INFO 	Fetching track status data...
req            INFO 	Data has been written to cache!
req            INFO 	No cached data found for _extended_timing_data. Loading data...
_api           INFO 	Fetching timing data...
_api           INFO 	Parsing timing data...
req            INFO 	Data has been written to cache!
req            INFO 	No cached data found for timing_app_data. Loading data...
_api           INFO 	Fetching timing app data...
req            INFO 	Data has been written to cache!
core           INFO 	Processing timing data...
core        WARNING 	Driver 44 completed the race distance 00:00.059000 before the recorded end of the session.
core           INFO 	Finished loading data for 20 drivers: ['44', '77', '33', '5', '16', '10', '20', '55', '26', '8', '23', '3', '27', '7', '11', '99', '63', '88', '18', '4']
ok 2019 5
core           INFO 	Loading data for Monaco Grand Prix - Race [v3.6.1]
req            INFO 	No cached data found for session_info. Loading data...
_api           INFO 	Fetching session info data...
req            INFO 	Data has been written to cache!
req            INFO 	No cached data found for driver_info. Loading data...
_api           INFO 	Fetching driver list...
req            INFO 	Data has been written to cache!
req            INFO 	No cached data found for session_status_data. Loading data...
_api           INFO 	Fetching session status data...
req            INFO 	Data has been written to cache!
req            INFO 	No cached data found for lap_count. Loading data...
_api           INFO 	Fetching lap count data...
req            INFO 	Data has been written to cache!
req            INFO 	No cached data found for track_status_data. Loading data...
_api           INFO 	Fetching track status data...
req            INFO 	Data has been written to cache!
req            INFO 	No cached data found for _extended_timing_data. Loading data...
_api           INFO 	Fetching timing data...
_api           INFO 	Parsing timing data...
req            INFO 	Data has been written to cache!
req            INFO 	No cached data found for timing_app_data. Loading data...
_api           INFO 	Fetching timing app data...
req            INFO 	Data has been written to cache!
core           INFO 	Processing timing data...
core        WARNING 	Driver 44 completed the race distance 00:00.087000 before the recorded end of the session.
core           INFO 	Finished loading data for 20 drivers: ['44', '5', '77', '33', '10', '55', '26', '23', '3', '8', '4', '11', '27', '20', '63', '18', '7', '88', '99', '16']
ok 2019 6
core           INFO 	Loading data for Canadian Grand Prix - Race [v3.6.1]
req            INFO 	No cached data found for session_info. Loading data...
_api           INFO 	Fetching session info data...
req            INFO 	Data has been written to cache!
req            INFO 	No cached data found for driver_info. Loading data...
_api           INFO 	Fetching driver list...
req            INFO 	Data has been written to cache!
req            INFO 	No cached data found for session_status_data. Loading data...
_api           INFO 	Fetching session status data...
req            INFO 	Data has been written to cache!
req            INFO 	No cached data found for lap_count. Loading data...
_api           INFO 	Fetching lap count data...
req            INFO 	Data has been written to cache!
req            INFO 	No cached data found for track_status_data. Loading data...
_api           INFO 	Fetching track status data...
req            INFO 	Data has been written to cache!
req            INFO 	No cached data found for _extended_timing_data. Loading data...
_api           INFO 	Fetching timing data...
_api           INFO 	Parsing timing data...
req            INFO 	Data has been written to cache!
req            INFO 	No cached data found for timing_app_data. Loading data...
_api           INFO 	Fetching timing app data...
req            INFO 	Data has been written to cache!
core           INFO 	Processing timing data...
core        WARNING 	Driver 5 completed the race distance 00:00.190000 before the recorded end of the session.
core           INFO 	Finished loading data for 20 drivers: ['44', '5', '16', '77', '33', '3', '27', '10', '18', '26', '55', '11', '99', '8', '7', '63', '20', '88', '23', '4']
ok 2019 7
core           INFO 	Loading data for French Grand Prix - Race [v3.6.1]
req            INFO 	No cached data found for session_info. Loading data...
_api           INFO 	Fetching session info data...
req            INFO 	Data has been written to cache!
req            INFO 	No cached data found for driver_info. Loading data...
_api           INFO 	Fetching driver list...
req            INFO 	Data has been written to cache!
req            INFO 	No cached data found for session_status_data. Loading data...
_api           INFO 	Fetching session status data...
req            INFO 	Data has been written to cache!
req            INFO 	No cached data found for lap_count. Loading data...
_api           INFO 	Fetching lap count data...
req            INFO 	Data has been written to cache!
req            INFO 	No cached data found for track_status_data. Loading data...
_api           INFO 	Fetching track status data...
req            INFO 	Data has been written to cache!
req            INFO 	No cached data found for _extended_timing_data. Loading data...
_api           INFO 	Fetching timing data...
_api           INFO 	Parsing timing data...
req            INFO 	Data has been written to cache!
req            INFO 	No cached data found for timing_app_data. Loading data...
_api           INFO 	Fetching timing app data...
req            INFO 	Data has been written to cache!
core           INFO 	Processing timing data...
core        WARNING 	Driver 44 completed the race distance 00:00.126000 before the recorded end of the session.
core           INFO 	Finished loading data for 20 drivers: ['44', '77', '16', '33', '5', '55', '7', '27', '4', '10', '3', '11', '18', '26', '23', '99', '20', '88', '63', '8']
ok 2019 8
core           INFO 	Loading data for Austrian Grand Prix - Race [v3.6.1]
req            INFO 	No cached data found for session_info. Loading data...
_api           INFO 	Fetching session info data...
req            INFO 	Data has been written to cache!
req            INFO 	No cached data found for driver_info. Loading data...
_api           INFO 	Fetching driver list...
req            INFO 	Data has been written to cache!
req            INFO 	No cached data found for session_status_data. Loading data...
_api           INFO 	Fetching session status data...
req            INFO 	Data has been written to cache!
req            INFO 	No cached data found for lap_count. Loading data...
_api           INFO 	Fetching lap count data...
req            INFO 	Data has been written to cache!
req            INFO 	No cached data found for track_status_data. Loading data...
_api           INFO 	Fetching track status data...
req            INFO 	Data has been written to cache!
req            INFO 	No cached data found for _extended_timing_data. Loading data...
_api           INFO 	Fetching timing data...
_api           INFO 	Parsing timing data...
req            INFO 	Data has been written to cache!
req            INFO 	No cached data found for timing_app_data. Loading data...
_api           INFO 	Fetching timing app data...
req            INFO 	Data has been written to cache!
core           INFO 	Processing timing data...
core        WARNING 	Driver 33 completed the race distance 00:00.042000 before the recorded end of the session.
core           INFO 	Finished loading data for 20 drivers: ['33', '16', '77', '5', '44', '4', '10', '55', '7', '99', '11', '3', '27', '18', '23', '8', '26', '63', '20', '88']
ok 2019 9
core           INFO 	Loading data for British Grand Prix - Race [v3.6.1]
req            INFO 	No cached data found for session_info. Loading data...
_api           INFO 	Fetching session info data...
req            INFO 	Data has been written to cache!
req            INFO 	No cached data found for driver_info. Loading data...
_api           INFO 	Fetching driver list...
req            INFO 	Data has been written to cache!
req            INFO 	No cached data found for session_status_data. Loading data...
_api           INFO 	Fetching session status data...
req            INFO 	Data has been written to cache!
req            INFO 	No cached data found for lap_count. Loading data...
_api           INFO 	Fetching lap count data...
req            INFO 	Data has been written to cache!
req            INFO 	No cached data found for track_status_data. Loading data...
_api           INFO 	Fetching track status data...
req            INFO 	Data has been written to cache!
req            INFO 	No cached data found for _extended_timing_data. Loading data...
_api           INFO 	Fetching timing data...
_api           INFO 	Parsing timing data...
_api        WARNING 	Failed to align laps for drivers: ['20']
req            INFO 	Data has been written to cache!
req            INFO 	No cached data found for timing_app_data. Loading data...
_api           INFO 	Fetching timing app data...
req            INFO 	Data has been written to cache!
core           INFO 	Processing timing data...
core        WARNING 	Driver 44 completed the race distance 00:00.042000 before the recorded end of the session.
core           INFO 	Finished loading data for 20 drivers: ['44', '77', '16', '10', '33', '55', '3', '7', '26', '27', '4', '23', '18', '63', '88', '5', '11', '99', '8', '20']
ok 2019 10
core           INFO 	Loading data for German Grand Prix - Race [v3.6.1]
req            INFO 	No cached data found for session_info. Loading data...
_api           INFO 	Fetching session info data...
req            INFO 	Data has been written to cache!
req            INFO 	No cached data found for driver_info. Loading data...
_api           INFO 	Fetching driver list...
req            INFO 	Data has been written to cache!
req            INFO 	No cached data found for session_status_data. Loading data...
_api           INFO 	Fetching session status data...
req            INFO 	Data has been written to cache!
req            INFO 	No cached data found for lap_count. Loading data...
_api           INFO 	Fetching lap count data...
req            INFO 	Data has been written to cache!
req            INFO 	No cached data found for track_status_data. Loading data...
_api           INFO 	Fetching track status data...
req            INFO 	Data has been written to cache!
req            INFO 	No cached data found for _extended_timing_data. Loading data...
_api           INFO 	Fetching timing data...
_api           INFO 	Parsing timing data...
_api        WARNING 	Failed to align laps for drivers: ['11']
req            INFO 	Data has been written to cache!
req            INFO 	No cached data found for timing_app_data. Loading data...
_api           INFO 	Fetching timing app data...
req            INFO 	Data has been written to cache!
core           INFO 	Processing timing data...
core        WARNING 	Driver 33 completed the race distance 00:00.090000 before the recorded end of the session.
core           INFO 	Finished loading data for 20 drivers: ['33', '5', '26', '18', '55', '23', '8', '20', '44', '88', '63', '7', '99', '10', '77', '27', '16', '4', '3', '11']
ok 2019 11
core           INFO 	Loading data for Hungarian Grand Prix - Race [v3.6.1]
req            INFO 	No cached data found for session_info. Loading data...
_api           INFO 	Fetching session info data...
req            INFO 	Data has been written to cache!
req            INFO 	No cached data found for driver_info. Loading data...
_api           INFO 	Fetching driver list...
req            INFO 	Data has been written to cache!
req            INFO 	No cached data found for session_status_data. Loading data...
_api           INFO 	Fetching session status data...
req            INFO 	Data has been written to cache!
req            INFO 	No cached data found for lap_count. Loading data...
_api           INFO 	Fetching lap count data...
req            INFO 	Data has been written to cache!
req            INFO 	No cached data found for track_status_data. Loading data...
_api           INFO 	Fetching track status data...
req            INFO 	Data has been written to cache!
req            INFO 	No cached data found for _extended_timing_data. Loading data...
_api           INFO 	Fetching timing data...
_api           INFO 	Parsing timing data...
req            INFO 	Data has been written to cache!
req            INFO 	No cached data found for timing_app_data. Loading data...
_api           INFO 	Fetching timing app data...
req            INFO 	Data has been written to cache!
core           INFO 	Processing timing data...
core        WARNING 	Driver 44 completed the race distance 00:00.069000 before the recorded end of the session.
core           INFO 	Finished loading data for 20 drivers: ['44', '33', '5', '16', '55', '10', '7', '77', '4', '23', '11', '27', '20', '3', '26', '63', '18', '99', '88', '8']
ok 2019 12
core           INFO 	Loading data for Belgian Grand Prix - Race [v3.6.1]
req            INFO 	No cached data found for session_info. Loading data...
_api           INFO 	Fetching session info data...
req            INFO 	Data has been written to cache!
req            INFO 	No cached data found for driver_info. Loading data...
_api           INFO 	Fetching driver list...
req            INFO 	Data has been written to cache!
req            INFO 	No cached data found for session_status_data. Loading data...
_api           INFO 	Fetching session status data...
req            INFO 	Data has been written to cache!
req            INFO 	No cached data found for lap_count. Loading data...
_api           INFO 	Fetching lap count data...
req            INFO 	Data has been written to cache!
req            INFO 	No cached data found for track_status_data. Loading data...
_api           INFO 	Fetching track status data...
req            INFO 	Data has been written to cache!
req            INFO 	No cached data found for _extended_timing_data. Loading data...
_api           INFO 	Fetching timing data...
_api           INFO 	Parsing timing data...
_api        WARNING 	Failed to align laps for drivers: ['55']
req            INFO 	Data has been written to cache!
req            INFO 	No cached data found for timing_app_data. Loading data...
_api           INFO 	Fetching timing app data...
req            INFO 	Data has been written to cache!
core           INFO 	Processing timing data...
core        WARNING 	Fixed incorrect tyre stint information for driver '3'
core        WARNING 	Driver 16 completed the race distance 00:00.211000 before the recorded end of the session.
core           INFO 	Finished loading data for 20 drivers: ['16', '44', '77', '5', '23', '11', '26', '27', '10', '18', '4', '20', '8', '3', '63', '7', '88', '99', '55', '33']
ok 2019 13
core           INFO 	Loading data for Italian Grand Prix - Race [v3.6.1]
req            INFO 	No cached data found for session_info. Loading data...
_api           INFO 	Fetching session info data...
req            INFO 	Data has been written to cache!
req            INFO 	No cached data found for driver_info. Loading data...
_api           INFO 	Fetching driver list...
req            INFO 	Data has been written to cache!
req            INFO 	No cached data found for session_status_data. Loading data...
_api           INFO 	Fetching session status data...
req            INFO 	Data has been written to cache!
req            INFO 	No cached data found for lap_count. Loading data...
_api           INFO 	Fetching lap count data...
req            INFO 	Data has been written to cache!
req            INFO 	No cached data found for track_status_data. Loading data...
_api           INFO 	Fetching track status data...
req            INFO 	Data has been written to cache!
req            INFO 	No cached data found for _extended_timing_data. Loading data...
_api           INFO 	Fetching timing data...
_api           INFO 	Parsing timing data...
req            INFO 	Data has been written to cache!
req            INFO 	No cached data found for timing_app_data. Loading data...
_api           INFO 	Fetching timing app data...
req            INFO 	Data has been written to cache!
core           INFO 	Processing timing data...
core        WARNING 	Driver 16 completed the race distance 00:00.092000 before the recorded end of the session.
core           INFO 	Finished loading data for 20 drivers: ['16', '77', '44', '3', '27', '23', '11', '33', '99', '4', '10', '18', '5', '63', '7', '8', '88', '20', '26', '55']
ok 2019 14
core           INFO 	Loading data for Singapore Grand Prix - Race [v3.6.1]
req            INFO 	No cached data found for session_info. Loading data...
_api           INFO 	Fetching session info data...
req            INFO 	Data has been written to cache!
req            INFO 	No cached data found for driver_info. Loading data...
_api           INFO 	Fetching driver list...
req            INFO 	Data has been written to cache!
req            INFO 	No cached data found for session_status_data. Loading data...
_api           INFO 	Fetching session status data...
req            INFO 	Data has been written to cache!
req            INFO 	No cached data found for lap_count. Loading data...
_api           INFO 	Fetching lap count data...
req            INFO 	Data has been written to cache!
req            INFO 	No cached data found for track_status_data. Loading data...
_api           INFO 	Fetching track status data...
req            INFO 	Data has been written to cache!
req            INFO 	No cached data found for _extended_timing_data. Loading data...
_api           INFO 	Fetching timing data...
_api           INFO 	Parsing timing data...
_api        WARNING 	Failed to align laps for drivers: ['55']
req            INFO 	Data has been written to cache!
req            INFO 	No cached data found for timing_app_data. Loading data...
_api           INFO 	Fetching timing app data...
req            INFO 	Data has been written to cache!
core           INFO 	Processing timing data...
core        WARNING 	Driver 5 completed the race distance 00:00.171000 before the recorded end of the session.
core           INFO 	Finished loading data for 20 drivers: ['5', '16', '33', '44', '77', '23', '4', '10', '27', '99', '8', '55', '18', '3', '26', '88', '20', '7', '11', '63']
ok 2019 15
core           INFO 	Loading data for Russian Grand Prix - Race [v3.6.1]
req            INFO 	No cached data found for session_info. Loading data...
_api           INFO 	Fetching session info data...
req            INFO 	Data has been written to cache!
req            INFO 	No cached data found for driver_info. Loading data...
_api           INFO 	Fetching driver list...
req            INFO 	Data has been written to cache!
req            INFO 	No cached data found for session_status_data. Loading data...
_api           INFO 	Fetching session status data...
req            INFO 	Data has been written to cache!
req            INFO 	No cached data found for lap_count. Loading data...
_api           INFO 	Fetching lap count data...
req            INFO 	Data has been written to cache!
req            INFO 	No cached data found for track_status_data. Loading data...
_api           INFO 	Fetching track status data...
req            INFO 	Data has been written to cache!
req            INFO 	No cached data found for _extended_timing_data. Loading data...
_api           INFO 	Fetching timing data...
_api           INFO 	Parsing timing data...
req            INFO 	Data has been written to cache!
req            INFO 	No cached data found for timing_app_data. Loading data...
_api           INFO 	Fetching timing app data...
req            INFO 	Data has been written to cache!
core           INFO 	Processing timing data...
core        WARNING 	Driver 44 completed the race distance 00:00.308000 before the recorded end of the session.
core           INFO 	Finished loading data for 20 drivers: ['44', '77', '16', '33', '23', '55', '11', '4', '20', '27', '18', '26', '7', '10', '99', '88', '63', '5', '3', '8']
ok 2019 16
core           INFO 	Loading data for Japanese Grand Prix - Race [v3.6.1]
req            INFO 	No cached data found for session_info. Loading data...
_api           INFO 	Fetching session info data...
req            INFO 	Data has been written to cache!
req            INFO 	No cached data found for driver_info. Loading data...
_api           INFO 	Fetching driver list...
req            INFO 	Data has been written to cache!
req            INFO 	No cached data found for session_status_data. Loading data...
_api           INFO 	Fetching session status data...
req            INFO 	Data has been written to cache!
req            INFO 	No cached data found for lap_count. Loading data...
_api           INFO 	Fetching lap count data...
req            INFO 	Data has been written to cache!
req            INFO 	No cached data found for track_status_data. Loading data...
_api           INFO 	Fetching track status data...
req            INFO 	Data has been written to cache!
req            INFO 	No cached data found for _extended_timing_data. Loading data...
_api           INFO 	Fetching timing data...
_api           INFO 	Parsing timing data...
_api        WARNING 	Driver  5: Ignoring late data for a previously processed lap.The data may contain errors (previous: 52; current 53)
_api        WARNING 	Driver 16: Ignoring late data for a previously processed lap.The data may contain errors (previous: 51; current 52)
_api        WARNING 	Driver 77: Ignoring late data for a previously processed lap.The data may contain errors (previous: 52; current 53)
_api        WARNING 	Driver 44: Ignoring late data for a previously processed lap.The data may contain errors (previous: 52; current 53)
_api        WARNING 	Driver 23: Ignoring late data for a previously processed lap.The data may contain errors (previous: 52; current 53)
_api        WARNING 	Driver 55: Ignoring late data for a previously processed lap.The data may contain errors (previous: 52; current 53)
_api        WARNING 	Driver  4: Ignoring late data for a previously processed lap.The data may contain errors (previous: 51; current 52)
_api        WARNING 	Driver 10: Ignoring late data for a previously processed lap.The data may contain errors (previous: 51; current 52)
_api        WARNING 	Driver  8: Ignoring late data for a previously processed lap.The data may contain errors (previous: 51; current 52)
_api        WARNING 	Driver 99: Ignoring late data for a previously processed lap.The data may contain errors (previous: 51; current 52)
_api        WARNING 	Driver 18: Ignoring late data for a previously processed lap.The data may contain errors (previous: 51; current 52)
_api        WARNING 	Driver  7: Ignoring late data for a previously processed lap.The data may contain errors (previous: 51; current 52)
_api        WARNING 	Driver 26: Ignoring late data for a previously processed lap.The data may contain errors (previous: 51; current 52)
_api        WARNING 	Driver 27: Ignoring late data for a previously processed lap.The data may contain errors (previous: 51; current 52)
_api        WARNING 	Driver  3: Ignoring late data for a previously processed lap.The data may contain errors (previous: 51; current 52)
_api        WARNING 	Driver 63: Ignoring late data for a previously processed lap.The data may contain errors (previous: 50; current 51)
_api        WARNING 	Driver 20: Ignoring late data for a previously processed lap.The data may contain errors (previous: 51; current 52)
_api        WARNING 	Driver 88: Ignoring late data for a previously processed lap.The data may contain errors (previous: 50; current 51)
req            INFO 	Data has been written to cache!
req            INFO 	No cached data found for timing_app_data. Loading data...
_api           INFO 	Fetching timing app data...
req            INFO 	Data has been written to cache!
core           INFO 	Processing timing data...
core        WARNING 	Driver 77 completed the race distance 00:00.224000 before the recorded end of the session.
core           INFO 	Finished loading data for 20 drivers: ['77', '5', '44', '23', '55', '16', '10', '11', '18', '26', '4', '7', '8', '99', '20', '63', '88', '33', '3', '27']
ok 2019 17
core           INFO 	Loading data for Mexican Grand Prix - Race [v3.6.1]
req            INFO 	No cached data found for session_info. Loading data...
_api           INFO 	Fetching session info data...
req            INFO 	Data has been written to cache!
req            INFO 	No cached data found for driver_info. Loading data...
_api           INFO 	Fetching driver list...
req            INFO 	Data has been written to cache!
req            INFO 	No cached data found for session_status_data. Loading data...
_api           INFO 	Fetching session status data...
req            INFO 	Data has been written to cache!
req            INFO 	No cached data found for lap_count. Loading data...
_api           INFO 	Fetching lap count data...
req            INFO 	Data has been written to cache!
req            INFO 	No cached data found for track_status_data. Loading data...
_api           INFO 	Fetching track status data...
req            INFO 	Data has been written to cache!
req            INFO 	No cached data found for _extended_timing_data. Loading data...
_api           INFO 	Fetching timing data...
_api           INFO 	Parsing timing data...
req            INFO 	Data has been written to cache!
req            INFO 	No cached data found for timing_app_data. Loading data...
_api           INFO 	Fetching timing app data...
req            INFO 	Data has been written to cache!
core           INFO 	Processing timing data...
core        WARNING 	Driver 44 completed the race distance 00:00.798000 before the recorded end of the session.
core           INFO 	Finished loading data for 20 drivers: ['44', '5', '77', '16', '23', '33', '11', '3', '10', '27', '26', '18', '55', '99', '20', '63', '8', '88', '7', '4']
ok 2019 18
core           INFO 	Loading data for United States Grand Prix - Race [v3.6.1]
req            INFO 	No cached data found for session_info. Loading data...
_api           INFO 	Fetching session info data...
req            INFO 	Data has been written to cache!
req            INFO 	No cached data found for driver_info. Loading data...
_api           INFO 	Fetching driver list...
req            INFO 	Data has been written to cache!
req            INFO 	No cached data found for session_status_data. Loading data...
_api           INFO 	Fetching session status data...
req            INFO 	Data has been written to cache!
req            INFO 	No cached data found for lap_count. Loading data...
_api           INFO 	Fetching lap count data...
req            INFO 	Data has been written to cache!
req            INFO 	No cached data found for track_status_data. Loading data...
_api           INFO 	Fetching track status data...
req            INFO 	Data has been written to cache!
req            INFO 	No cached data found for _extended_timing_data. Loading data...
_api           INFO 	Fetching timing data...
_api           INFO 	Parsing timing data...
req            INFO 	Data has been written to cache!
req            INFO 	No cached data found for timing_app_data. Loading data...
_api           INFO 	Fetching timing app data...
req            INFO 	Data has been written to cache!
core           INFO 	Processing timing data...
core        WARNING 	Driver 77 completed the race distance 00:00.080000 before the recorded end of the session.
core           INFO 	Finished loading data for 20 drivers: ['77', '44', '33', '16', '23', '3', '4', '55', '27', '11', '7', '26', '18', '99', '8', '10', '63', '20', '88', '5']
ok 2019 19
core           INFO 	Loading data for Brazilian Grand Prix - Race [v3.6.1]
req            INFO 	No cached data found for session_info. Loading data...
_api           INFO 	Fetching session info data...
req            INFO 	Data has been written to cache!
req            INFO 	No cached data found for driver_info. Loading data...
_api           INFO 	Fetching driver list...
req            INFO 	Data has been written to cache!
req            INFO 	No cached data found for session_status_data. Loading data...
_api           INFO 	Fetching session status data...
req            INFO 	Data has been written to cache!
req            INFO 	No cached data found for lap_count. Loading data...
_api           INFO 	Fetching lap count data...
req            INFO 	Data has been written to cache!
req            INFO 	No cached data found for track_status_data. Loading data...
_api           INFO 	Fetching track status data...
req            INFO 	Data has been written to cache!
req            INFO 	No cached data found for _extended_timing_data. Loading data...
_api           INFO 	Fetching timing data...
_api           INFO 	Parsing timing data...
_api        WARNING 	Driver 20: Encountered 1 timing integrity error(s) near lap(s): [7].
This might be a bug and should be reported.
req            INFO 	Data has been written to cache!
req            INFO 	No cached data found for timing_app_data. Loading data...
_api           INFO 	Fetching timing app data...
req            INFO 	Data has been written to cache!
core           INFO 	Processing timing data...
core        WARNING 	Driver 20: Lap timing integrity check failed for 1 lap(s)
core        WARNING 	Driver 33 completed the race distance 00:00.145000 before the recorded end of the session.
core           INFO 	Finished loading data for 20 drivers: ['33', '10', '55', '7', '99', '3', '44', '4', '11', '26', '20', '63', '8', '23', '27', '88', '5', '16', '18', '77']
ok 2019 20
core           INFO 	Loading data for Abu Dhabi Grand Prix - Race [v3.6.1]
req            INFO 	No cached data found for session_info. Loading data...
_api           INFO 	Fetching session info data...
req            INFO 	Data has been written to cache!
req            INFO 	No cached data found for driver_info. Loading data...
_api           INFO 	Fetching driver list...
req            INFO 	Data has been written to cache!
req            INFO 	No cached data found for session_status_data. Loading data...
_api           INFO 	Fetching session status data...
req            INFO 	Data has been written to cache!
req            INFO 	No cached data found for lap_count. Loading data...
_api           INFO 	Fetching lap count data...
req            INFO 	Data has been written to cache!
req            INFO 	No cached data found for track_status_data. Loading data...
_api           INFO 	Fetching track status data...
req            INFO 	Data has been written to cache!
req            INFO 	No cached data found for _extended_timing_data. Loading data...
_api           INFO 	Fetching timing data...
_api           INFO 	Parsing timing data...
_api        WARNING 	Driver 63: Ignoring late data for a previously processed lap.The data may contain errors (previous: 34; current 35)
req            INFO 	Data has been written to cache!
req            INFO 	No cached data found for timing_app_data. Loading data...
_api           INFO 	Fetching timing app data...
req            INFO 	Data has been written to cache!
core           INFO 	Processing timing data...
core           INFO 	Finished loading data for 20 drivers: ['44', '33', '16', '77', '5', '23', '11', '4', '26', '55', '3', '27', '7', '20', '8', '99', '63', '10', '88', '18']
ok 2019 21
core           INFO 	Loading data for Austrian Grand Prix - Race [v3.6.1]
req            INFO 	No cached data found for session_info. Loading data...
_api           INFO 	Fetching session info data...
req            INFO 	Data has been written to cache!
req            INFO 	No cached data found for driver_info. Loading data...
_api           INFO 	Fetching driver list...
req            INFO 	Data has been written to cache!
req            INFO 	No cached data found for session_status_data. Loading data...
_api           INFO 	Fetching session status data...
req            INFO 	Data has been written to cache!
req            INFO 	No cached data found for lap_count. Loading data...
_api           INFO 	Fetching lap count data...
req            INFO 	Data has been written to cache!
req            INFO 	No cached data found for track_status_data. Loading data...
_api           INFO 	Fetching track status data...
req            INFO 	Data has been written to cache!
req            INFO 	No cached data found for _extended_timing_data. Loading data...
_api           INFO 	Fetching timing data...
_api           INFO 	Parsing timing data...
_api        WARNING 	Driver 63: Encountered 1 timing integrity error(s) near lap(s): [9].
This might be a bug and should be reported.
_api        WARNING 	Driver  7: Encountered 1 timing integrity error(s) near lap(s): [9].
This might be a bug and should be reported.
req            INFO 	Data has been written to cache!
req            INFO 	No cached data found for timing_app_data. Loading data...
_api           INFO 	Fetching timing app data...
req            INFO 	Data has been written to cache!
core           INFO 	Processing timing data...
core        WARNING 	Driver  8: Lap timing integrity check failed for 1 lap(s)
core           INFO 	Finished loading data for 20 drivers: ['77', '16', '4', '44', '55', '11', '10', '31', '99', '5', '6', '26', '23', '7', '63', '8', '20', '18', '3', '33']
ok 2020 1
core           INFO 	Loading data for Styrian Grand Prix - Race [v3.6.1]
req            INFO 	No cached data found for session_info. Loading data...
_api           INFO 	Fetching session info data...
req            INFO 	Data has been written to cache!
req            INFO 	No cached data found for driver_info. Loading data...
_api           INFO 	Fetching driver list...
req            INFO 	Data has been written to cache!
req            INFO 	No cached data found for session_status_data. Loading data...
_api           INFO 	Fetching session status data...
req            INFO 	Data has been written to cache!
req            INFO 	No cached data found for lap_count. Loading data...
_api           INFO 	Fetching lap count data...
req            INFO 	Data has been written to cache!
req            INFO 	No cached data found for track_status_data. Loading data...
_api           INFO 	Fetching track status data...
req            INFO 	Data has been written to cache!
req            INFO 	No cached data found for _extended_timing_data. Loading data...
_api           INFO 	Fetching timing data...
_api           INFO 	Parsing timing data...
_api        WARNING 	Failed to align laps for drivers: ['5']
req            INFO 	Data has been written to cache!
req            INFO 	No cached data found for timing_app_data. Loading data...
_api           INFO 	Fetching timing app data...
req            INFO 	Data has been written to cache!
core           INFO 	Processing timing data...
core        WARNING 	Driver 44 completed the race distance 00:00.057000 before the recorded end of the session.
core           INFO 	Finished loading data for 20 drivers: ['44', '77', '33', '23', '4', '11', '18', '3', '55', '26', '7', '20', '8', '99', '10', '63', '6', '31', '16', '5']
ok 2020 2
core           INFO 	Loading data for Hungarian Grand Prix - Race [v3.6.1]
req            INFO 	No cached data found for session_info. Loading data...
_api           INFO 	Fetching session info data...
req            INFO 	Data has been written to cache!
req            INFO 	No cached data found for driver_info. Loading data...
_api           INFO 	Fetching driver list...
req            INFO 	Data has been written to cache!
req            INFO 	No cached data found for session_status_data. Loading data...
_api           INFO 	Fetching session status data...
req            INFO 	Data has been written to cache!
req            INFO 	No cached data found for lap_count. Loading data...
_api           INFO 	Fetching lap count data...
req            INFO 	Data has been written to cache!
req            INFO 	No cached data found for track_status_data. Loading data...
_api           INFO 	Fetching track status data...
req            INFO 	Data has been written to cache!
req            INFO 	No cached data found for _extended_timing_data. Loading data...
_api           INFO 	Fetching timing data...
_api           INFO 	Parsing timing data...
req            INFO 	Data has been written to cache!
req            INFO 	No cached data found for timing_app_data. Loading data...
_api           INFO 	Fetching timing app data...
req            INFO 	Data has been written to cache!
core           INFO 	Processing timing data...
core        WARNING 	Fixed incorrect tyre stint information for driver '20'
core        WARNING 	Fixed incorrect tyre stint information for driver '8'
core        WARNING 	Driver 44 completed the race distance 00:00.098000 before the recorded end of the session.
core           INFO 	Finished loading data for 20 drivers: ['44', '33', '77', '18', '23', '5', '11', '3', '55', '20', '16', '26', '4', '31', '7', '8', '99', '63', '6', '10']
ok 2020 3
core           INFO 	Loading data for British Grand Prix - Race [v3.6.1]
req            INFO 	No cached data found for session_info. Loading data...
_api           INFO 	Fetching session info data...
req            INFO 	Data has been written to cache!
req            INFO 	No cached data found for driver_info. Loading data...
_api           INFO 	Fetching driver list...
req            INFO 	Data has been written to cache!
req            INFO 	No cached data found for session_status_data. Loading data...
_api           INFO 	Fetching session status data...
req            INFO 	Data has been written to cache!
req            INFO 	No cached data found for lap_count. Loading data...
_api           INFO 	Fetching lap count data...
req            INFO 	Data has been written to cache!
req            INFO 	No cached data found for track_status_data. Loading data...
_api           INFO 	Fetching track status data...
req            INFO 	Data has been written to cache!
req            INFO 	No cached data found for _extended_timing_data. Loading data...
_api           INFO 	Fetching timing data...
_api           INFO 	Parsing timing data...
_api        WARNING 	Driver  4: Ignoring late data for a previously processed lap.The data may contain errors (previous: 35; current 36)
_api        WARNING 	Driver  8: Encountered 1 timing integrity error(s) near lap(s): [15].
This might be a bug and should be reported.
_api        WARNING 	Failed to align laps for drivers: ['20']
req            INFO 	Data has been written to cache!
req            INFO 	No cached data found for timing_app_data. Loading data...
_api           INFO 	Fetching timing app data...
req            INFO 	Data has been written to cache!
core           INFO 	Processing timing data...
core           INFO 	Finished loading data for 20 drivers: ['44', '33', '16', '3', '4', '31', '10', '23', '18', '5', '77', '63', '55', '99', '6', '8', '7', '26', '20', '27']
ok 2020 4
core           INFO 	Loading data for 70th Anniversary Grand Prix - Race [v3.6.1]
req            INFO 	No cached data found for session_info. Loading data...
_api           INFO 	Fetching session info data...
req            INFO 	Data has been written to cache!
req            INFO 	No cached data found for driver_info. Loading data...
_api           INFO 	Fetching driver list...
req            INFO 	Data has been written to cache!
req            INFO 	No cached data found for session_status_data. Loading data...
_api           INFO 	Fetching session status data...
req            INFO 	Data has been written to cache!
req            INFO 	No cached data found for lap_count. Loading data...
_api           INFO 	Fetching lap count data...
req            INFO 	Data has been written to cache!
req            INFO 	No cached data found for track_status_data. Loading data...
_api           INFO 	Fetching track status data...
req            INFO 	Data has been written to cache!
req            INFO 	No cached data found for _extended_timing_data. Loading data...
_api           INFO 	Fetching timing data...
_api           INFO 	Parsing timing data...
req            INFO 	Data has been written to cache!
req            INFO 	No cached data found for timing_app_data. Loading data...
_api           INFO 	Fetching timing app data...
req            INFO 	Data has been written to cache!
core           INFO 	Processing timing data...
core        WARNING 	Driver 33 completed the race distance 00:00.036000 before the recorded end of the session.
core           INFO 	Finished loading data for 20 drivers: ['33', '44', '77', '16', '23', '18', '27', '31', '4', '26', '10', '5', '55', '3', '7', '8', '99', '63', '6', '20']
ok 2020 5
core           INFO 	Loading data for Spanish Grand Prix - Race [v3.6.1]
req            INFO 	No cached data found for session_info. Loading data...
_api           INFO 	Fetching session info data...
req            INFO 	Data has been written to cache!
req            INFO 	No cached data found for driver_info. Loading data...
_api           INFO 	Fetching driver list...
req            INFO 	Data has been written to cache!
req            INFO 	No cached data found for session_status_data. Loading data...
_api           INFO 	Fetching session status data...
req            INFO 	Data has been written to cache!
req            INFO 	No cached data found for lap_count. Loading data...
_api           INFO 	Fetching lap count data...
req            INFO 	Data has been written to cache!
req            INFO 	No cached data found for track_status_data. Loading data...
_api           INFO 	Fetching track status data...
req            INFO 	Data has been written to cache!
req            INFO 	No cached data found for _extended_timing_data. Loading data...
_api           INFO 	Fetching timing data...
_api           INFO 	Parsing timing data...
req            INFO 	Data has been written to cache!
req            INFO 	No cached data found for timing_app_data. Loading data...
_api           INFO 	Fetching timing app data...
req            INFO 	Data has been written to cache!
core           INFO 	Processing timing data...
core        WARNING 	Driver 44 completed the race distance 00:00.071000 before the recorded end of the session.
core           INFO 	Finished loading data for 20 drivers: ['44', '33', '77', '18', '11', '55', '5', '23', '10', '4', '3', '26', '31', '7', '20', '99', '63', '6', '8', '16']
ok 2020 6
core           INFO 	Loading data for Belgian Grand Prix - Race [v3.6.1]
req            INFO 	No cached data found for session_info. Loading data...
_api           INFO 	Fetching session info data...
req            INFO 	Data has been written to cache!
req            INFO 	No cached data found for driver_info. Loading data...
_api           INFO 	Fetching driver list...
req            INFO 	Data has been written to cache!
req            INFO 	No cached data found for session_status_data. Loading data...
_api           INFO 	Fetching session status data...
req            INFO 	Data has been written to cache!
req            INFO 	No cached data found for lap_count. Loading data...
_api           INFO 	Fetching lap count data...
req            INFO 	Data has been written to cache!
req            INFO 	No cached data found for track_status_data. Loading data...
_api           INFO 	Fetching track status data...
req            INFO 	Data has been written to cache!
req            INFO 	No cached data found for _extended_timing_data. Loading data...
_api           INFO 	Fetching timing data...
_api           INFO 	Parsing timing data...
_api        WARNING 	Driver 26: Ignoring late data for a previously processed lap.The data may contain errors (previous: 40; current 41)
req            INFO 	Data has been written to cache!
req            INFO 	No cached data found for timing_app_data. Loading data...
_api           INFO 	Fetching timing app data...
req            INFO 	Data has been written to cache!
core           INFO 	Processing timing data...
core        WARNING 	Fixed incorrect tyre stint information for driver '33'
core        WARNING 	Fixed incorrect tyre stint information for driver '23'
core        WARNING 	Fixed incorrect tyre stint information for driver '4'
core        WARNING 	Fixed incorrect tyre stint information for driver '7'
core        WARNING 	Driver 44 completed the race distance 00:00.105000 before the recorded end of the session.
core           INFO 	Finished loading data for 20 drivers: ['44', '77', '33', '3', '31', '23', '4', '10', '18', '11', '26', '7', '5', '16', '8', '6', '20', '99', '63', '55']
ok 2020 7
core           INFO 	Loading data for Italian Grand Prix - Race [v3.6.1]
req            INFO 	No cached data found for session_info. Loading data...
_api           INFO 	Fetching session info data...
req            INFO 	Data has been written to cache!
req            INFO 	No cached data found for driver_info. Loading data...
_api           INFO 	Fetching driver list...
req            INFO 	Data has been written to cache!
req            INFO 	No cached data found for session_status_data. Loading data...
_api           INFO 	Fetching session status data...
req            INFO 	Data has been written to cache!
req            INFO 	No cached data found for lap_count. Loading data...
_api           INFO 	Fetching lap count data...
req            INFO 	Data has been written to cache!
req            INFO 	No cached data found for track_status_data. Loading data...
_api           INFO 	Fetching track status data...
req            INFO 	Data has been written to cache!
req            INFO 	No cached data found for _extended_timing_data. Loading data...
_api           INFO 	Fetching timing data...
_api           INFO 	Parsing timing data...
req            INFO 	Data has been written to cache!
req            INFO 	No cached data found for timing_app_data. Loading data...
_api           INFO 	Fetching timing app data...
req            INFO 	Data has been written to cache!
core           INFO 	Processing timing data...
core        WARNING 	Driver 10 completed the race distance 00:00.067000 before the recorded end of the session.
core           INFO 	Finished loading data for 20 drivers: ['10', '55', '18', '4', '77', '3', '44', '31', '26', '11', '6', '8', '7', '63', '23', '99', '33', '16', '20', '5']
ok 2020 8
core           INFO 	Loading data for Tuscan Grand Prix - Race [v3.6.1]
req            INFO 	No cached data found for session_info. Loading data...
_api           INFO 	Fetching session info data...
req            INFO 	Data has been written to cache!
req            INFO 	No cached data found for driver_info. Loading data...
_api           INFO 	Fetching driver list...
req            INFO 	Data has been written to cache!
req            INFO 	No cached data found for session_status_data. Loading data...
_api           INFO 	Fetching session status data...
req            INFO 	Data has been written to cache!
req            INFO 	No cached data found for lap_count. Loading data...
_api           INFO 	Fetching lap count data...
req            INFO 	Data has been written to cache!
req            INFO 	No cached data found for track_status_data. Loading data...
_api           INFO 	Fetching track status data...
req            INFO 	Data has been written to cache!
req            INFO 	No cached data found for _extended_timing_data. Loading data...
_api           INFO 	Fetching timing data...
_api           INFO 	Parsing timing data...
req            INFO 	Data has been written to cache!
req            INFO 	No cached data found for timing_app_data. Loading data...
_api           INFO 	Fetching timing app data...
req            INFO 	Data has been written to cache!
core           INFO 	Processing timing data...
core        WARNING 	Driver 44 completed the race distance 00:00.070000 before the recorded end of the session.
core           INFO 	Finished loading data for 20 drivers: ['44', '77', '23', '3', '11', '4', '26', '16', '7', '5', '63', '8', '18', '31', '6', '20', '99', '55', '33', '10']
ok 2020 9
core           INFO 	Loading data for Russian Grand Prix - Race [v3.6.1]
req            INFO 	No cached data found for session_info. Loading data...
_api           INFO 	Fetching session info data...
req            INFO 	Data has been written to cache!
req            INFO 	No cached data found for driver_info. Loading data...
_api           INFO 	Fetching driver list...
req            INFO 	Data has been written to cache!
req            INFO 	No cached data found for session_status_data. Loading data...
_api           INFO 	Fetching session status data...
req            INFO 	Data has been written to cache!
req            INFO 	No cached data found for lap_count. Loading data...
_api           INFO 	Fetching lap count data...
req            INFO 	Data has been written to cache!
req            INFO 	No cached data found for track_status_data. Loading data...
_api           INFO 	Fetching track status data...
req            INFO 	Data has been written to cache!
req            INFO 	No cached data found for _extended_timing_data. Loading data...
_api           INFO 	Fetching timing data...
_api           INFO 	Parsing timing data...
req            INFO 	Data has been written to cache!
req            INFO 	No cached data found for timing_app_data. Loading data...
_api           INFO 	Fetching timing app data...
req            INFO 	Data has been written to cache!
core           INFO 	Processing timing data...
core        WARNING 	Driver 77 completed the race distance 00:00.039000 before the recorded end of the session.
core           INFO 	Finished loading data for 20 drivers: ['77', '33', '44', '11', '3', '16', '31', '26', '10', '23', '99', '20', '5', '7', '4', '6', '8', '63', '55', '18']
ok 2020 10
core           INFO 	Loading data for Eifel Grand Prix - Race [v3.6.1]
req            INFO 	No cached data found for session_info. Loading data...
_api           INFO 	Fetching session info data...
req            INFO 	Data has been written to cache!
req            INFO 	No cached data found for driver_info. Loading data...
_api           INFO 	Fetching driver list...
req            INFO 	Data has been written to cache!
req            INFO 	No cached data found for session_status_data. Loading data...
_api           INFO 	Fetching session status data...
req            INFO 	Data has been written to cache!
req            INFO 	No cached data found for lap_count. Loading data...
_api           INFO 	Fetching lap count data...
req            INFO 	Data has been written to cache!
req            INFO 	No cached data found for track_status_data. Loading data...
_api           INFO 	Fetching track status data...
req            INFO 	Data has been written to cache!
req            INFO 	No cached data found for _extended_timing_data. Loading data...
_api           INFO 	Fetching timing data...
_api           INFO 	Parsing timing data...
_api        WARNING 	Driver  7: Ignoring late data for a previously processed lap.The data may contain errors (previous: 37; current 38)
req            INFO 	Data has been written to cache!
req            INFO 	No cached data found for timing_app_data. Loading data...
_api           INFO 	Fetching timing app data...
req            INFO 	Data has been written to cache!
core           INFO 	Processing timing data...
core        WARNING 	Driver 44 completed the race distance 00:00.016000 before the recorded end of the session.
core           INFO 	Finished loading data for 20 drivers: ['44', '33', '3', '11', '55', '10', '16', '27', '8', '99', '5', '7', '20', '6', '26', '4', '23', '31', '77', '63']
ok 2020 11
core           INFO 	Loading data for Portuguese Grand Prix - Race [v3.6.1]
req            INFO 	No cached data found for session_info. Loading data...
_api           INFO 	Fetching session info data...
req            INFO 	Data has been written to cache!
req            INFO 	No cached data found for driver_info. Loading data...
_api           INFO 	Fetching driver list...
req            INFO 	Data has been written to cache!
req            INFO 	No cached data found for session_status_data. Loading data...
_api           INFO 	Fetching session status data...
req            INFO 	Data has been written to cache!
req            INFO 	No cached data found for lap_count. Loading data...
_api           INFO 	Fetching lap count data...
req            INFO 	Data has been written to cache!
req            INFO 	No cached data found for track_status_data. Loading data...
_api           INFO 	Fetching track status data...
req            INFO 	Data has been written to cache!
req            INFO 	No cached data found for _extended_timing_data. Loading data...
_api           INFO 	Fetching timing data...
_api           INFO 	Parsing timing data...
_api        WARNING 	Driver 77: Ignoring late data for a previously processed lap.The data may contain errors (previous: 62; current 63)
req            INFO 	Data has been written to cache!
req            INFO 	No cached data found for timing_app_data. Loading data...
_api           INFO 	Fetching timing app data...
req            INFO 	Data has been written to cache!
core           INFO 	Processing timing data...
core        WARNING 	Driver 44 completed the race distance 00:00.098000 before the recorded end of the session.
core           INFO 	Finished loading data for 20 drivers: ['44', '77', '33', '16', '10', '55', '11', '31', '3', '5', '7', '23', '4', '63', '99', '20', '8', '6', '26', '18']
ok 2020 12
core           INFO 	Loading data for Emilia Romagna Grand Prix - Race [v3.6.1]
req            INFO 	No cached data found for session_info. Loading data...
_api           INFO 	Fetching session info data...
req            INFO 	Data has been written to cache!
req            INFO 	No cached data found for driver_info. Loading data...
_api           INFO 	Fetching driver list...
req            INFO 	Data has been written to cache!
req            INFO 	No cached data found for session_status_data. Loading data...
_api           INFO 	Fetching session status data...
req            INFO 	Data has been written to cache!
req            INFO 	No cached data found for lap_count. Loading data...
_api           INFO 	Fetching lap count data...
req            INFO 	Data has been written to cache!
req            INFO 	No cached data found for track_status_data. Loading data...
_api           INFO 	Fetching track status data...
req            INFO 	Data has been written to cache!
req            INFO 	No cached data found for _extended_timing_data. Loading data...
_api           INFO 	Fetching timing data...
_api           INFO 	Parsing timing data...
req            INFO 	Data has been written to cache!
req            INFO 	No cached data found for timing_app_data. Loading data...
_api           INFO 	Fetching timing app data...
logger      WARNING 	Failed to load timing data!
logger      WARNING 	Failed to add first lap time from Ergast!
core           INFO 	Finished loading data for 20 drivers: ['44', '77', '3', '26', '16', '11', '55', '4', '7', '99', '6', '5', '18', '8', '23', '63', '33', '20', '31', '10']
FAIL 2020 13 DataNotLoadedError('The data you are trying to access has not been loaded yet. See `Session.load`')
core           INFO 	Loading data for Turkish Grand Prix - Race [v3.6.1]
req            INFO 	No cached data found for session_info. Loading data...
_api           INFO 	Fetching session info data...
logger      WARNING 	Failed to load session info data!
req            INFO 	No cached data found for driver_info. Loading data...
_api           INFO 	Fetching driver list...
core        WARNING 	Failed to load extended driver information!
logger      WARNING 	Failed to load result data from Ergast!
core        WARNING 	No result data for this session available on Ergast! (This is expected for recent sessions)
core        WARNING 	Failed to load driver list and session results!
req            INFO 	No cached data found for session_status_data. Loading data...
_api           INFO 	Fetching session status data...
logger      WARNING 	Failed to load session status data!
req            INFO 	No cached data found for lap_count. Loading data...
_api           INFO 	Fetching lap count data...
logger      WARNING 	Failed to load total lap count!
req            INFO 	No cached data found for track_status_data. Loading data...
_api           INFO 	Fetching track status data...
logger      WARNING 	Failed to load track status data!
req            INFO 	No cached data found for _extended_timing_data. Loading data...
_api           INFO 	Fetching timing data...
logger      WARNING 	Failed to load timing data!
logger      WARNING 	Failed to add first lap time from Ergast!
core           INFO 	Finished loading data for 0 drivers: []
FAIL 2020 14 DataNotLoadedError('The data you are trying to access has not been loaded yet. See `Session.load`')
core           INFO 	Loading data for Bahrain Grand Prix - Race [v3.6.1]
req            INFO 	No cached data found for session_info. Loading data...
_api           INFO 	Fetching session info data...
logger      WARNING 	Failed to load session info data!
req            INFO 	No cached data found for driver_info. Loading data...
_api           INFO 	Fetching driver list...
core        WARNING 	Failed to load extended driver information!
logger      WARNING 	Failed to load result data from Ergast!
core        WARNING 	No result data for this session available on Ergast! (This is expected for recent sessions)
core        WARNING 	Failed to load driver list and session results!
req            INFO 	No cached data found for session_status_data. Loading data...
_api           INFO 	Fetching session status data...
logger      WARNING 	Failed to load session status data!
req            INFO 	No cached data found for lap_count. Loading data...
_api           INFO 	Fetching lap count data...
logger      WARNING 	Failed to load total lap count!
req            INFO 	No cached data found for track_status_data. Loading data...
_api           INFO 	Fetching track status data...
logger      WARNING 	Failed to load track status data!
req            INFO 	No cached data found for _extended_timing_data. Loading data...
_api           INFO 	Fetching timing data...
logger      WARNING 	Failed to load timing data!
logger      WARNING 	Failed to add first lap time from Ergast!
core           INFO 	Finished loading data for 0 drivers: []
FAIL 2020 15 DataNotLoadedError('The data you are trying to access has not been loaded yet. See `Session.load`')
core           INFO 	Loading data for Sakhir Grand Prix - Race [v3.6.1]
req            INFO 	No cached data found for session_info. Loading data...
_api           INFO 	Fetching session info data...
logger      WARNING 	Failed to load session info data!
req            INFO 	No cached data found for driver_info. Loading data...
_api           INFO 	Fetching driver list...
core        WARNING 	Failed to load extended driver information!
logger      WARNING 	Failed to load result data from Ergast!
core        WARNING 	No result data for this session available on Ergast! (This is expected for recent sessions)
core        WARNING 	Failed to load driver list and session results!
req            INFO 	No cached data found for session_status_data. Loading data...
_api           INFO 	Fetching session status data...
logger      WARNING 	Failed to load session status data!
req            INFO 	No cached data found for lap_count. Loading data...
_api           INFO 	Fetching lap count data...
logger      WARNING 	Failed to load total lap count!
req            INFO 	No cached data found for track_status_data. Loading data...
_api           INFO 	Fetching track status data...
logger      WARNING 	Failed to load track status data!
req            INFO 	No cached data found for _extended_timing_data. Loading data...
_api           INFO 	Fetching timing data...
logger      WARNING 	Failed to load timing data!
logger      WARNING 	Failed to add first lap time from Ergast!
core           INFO 	Finished loading data for 0 drivers: []
FAIL 2020 16 DataNotLoadedError('The data you are trying to access has not been loaded yet. See `Session.load`')
core           INFO 	Loading data for Abu Dhabi Grand Prix - Race [v3.6.1]
req            INFO 	No cached data found for session_info. Loading data...
_api           INFO 	Fetching session info data...
logger      WARNING 	Failed to load session info data!
req            INFO 	No cached data found for driver_info. Loading data...
_api           INFO 	Fetching driver list...
core        WARNING 	Failed to load extended driver information!
logger      WARNING 	Failed to load result data from Ergast!
core        WARNING 	No result data for this session available on Ergast! (This is expected for recent sessions)
core        WARNING 	Failed to load driver list and session results!
req            INFO 	No cached data found for session_status_data. Loading data...
_api           INFO 	Fetching session status data...
logger      WARNING 	Failed to load session status data!
req            INFO 	No cached data found for lap_count. Loading data...
_api           INFO 	Fetching lap count data...
logger      WARNING 	Failed to load total lap count!
req            INFO 	No cached data found for track_status_data. Loading data...
_api           INFO 	Fetching track status data...
logger      WARNING 	Failed to load track status data!
req            INFO 	No cached data found for _extended_timing_data. Loading data...
_api           INFO 	Fetching timing data...
logger      WARNING 	Failed to load timing data!
logger      WARNING 	Failed to add first lap time from Ergast!
core           INFO 	Finished loading data for 0 drivers: []
FAIL 2020 17 DataNotLoadedError('The data you are trying to access has not been loaded yet. See `Session.load`')
