core           INFO 	Loading data for Bahrain Grand Prix - Race [v3.6.1]
req            INFO 	No cached data found for session_info. Loading data...
_api           INFO 	Fetching session info data...
req            INFO 	Data has been written to cache!
req            INFO 	No cached data found for driver_info. Loading data...
_api           INFO 	Fetching driver list...
req            INFO 	Data has been written to cache!
req            INFO 	No cached data found for session_status_data. Loading data...
_api           INFO 	Fetching session status data...
req            INFO 	Data has been written to cache!
req            INFO 	No cached data found for lap_count. Loading data...
_api           INFO 	Fetching lap count data...
req            INFO 	Data has been written to cache!
req            INFO 	No cached data found for track_status_data. Loading data...
_api           INFO 	Fetching track status data...
req            INFO 	Data has been written to cache!
req            INFO 	No cached data found for _extended_timing_data. Loading data...
_api           INFO 	Fetching timing data...
_api           INFO 	Parsing timing data...
req            INFO 	Data has been written to cache!
req            INFO 	No cached data found for timing_app_data. Loading data...
_api           INFO 	Fetching timing app data...
req            INFO 	Data has been written to cache!
core           INFO 	Processing timing data...
core           INFO 	Finished loading data for 20 drivers: ['1', '11', '55', '16', '63', '4', '44', '81', '14', '18', '24', '20', '3', '22', '23', '27', '31', '10', '77', '2']
ok 2024 1
core           INFO 	Loading data for Saudi Arabian Grand Prix - Race [v3.6.1]
req            INFO 	No cached data found for session_info. Loading data...
_api           INFO 	Fetching session info data...
req            INFO 	Data has been written to cache!
req            INFO 	No cached data found for driver_info. Loading data...
_api           INFO 	Fetching driver list...
req            INFO 	Data has been written to cache!
req            INFO 	No cached data found for session_status_data. Loading data...
_api           INFO 	Fetching session status data...
req            INFO 	Data has been written to cache!
req            INFO 	No cached data found for lap_count. Loading data...
_api           INFO 	Fetching lap count data...
req            INFO 	Data has been written to cache!
req            INFO 	No cached data found for track_status_data. Loading data...
_api           INFO 	Fetching track status data...
req            INFO 	Data has been written to cache!
req            INFO 	No cached data found for _extended_timing_data. Loading data...
_api           INFO 	Fetching timing data...
_api           INFO 	Parsing timing data...
_api        WARNING 	Failed to align laps for drivers: ['10']
req            INFO 	Data has been written to cache!
req            INFO 	No cached data found for timing_app_data. Loading data...
_api           INFO 	Fetching timing app data...
req            INFO 	Data has been written to cache!
core           INFO 	Processing timing data...
core           INFO 	Finished loading data for 20 drivers: ['1', '11', '16', '81', '14', '63', '38', '4', '44', '27', '23', '20', '31', '2', '22', '3', '77', '24', '18', '10']
ok 2024 2
core           INFO 	Loading data for Australian Grand Prix - Race [v3.6.1]
req            INFO 	No cached data found for session_info. Loading data...
_api           INFO 	Fetching session info data...
req            INFO 	Data has been written to cache!
req            INFO 	No cached data found for driver_info. Loading data...
_api           INFO 	Fetching driver list...
req            INFO 	Data has been written to cache!
req            INFO 	No cached data found for session_status_data. Loading data...
_api           INFO 	Fetching session status data...
req            INFO 	Data has been written to cache!
req            INFO 	No cached data found for lap_count. Loading data...
_api           INFO 	Fetching lap count data...
req            INFO 	Data has been written to cache!
req            INFO 	No cached data found for track_status_data. Loading data...
_api           INFO 	Fetching track status data...
req            INFO 	Data has been written to cache!
req            INFO 	No cached data found for _extended_timing_data. Loading data...
_api           INFO 	Fetching timing data...
_api           INFO 	Parsing timing data...
req            INFO 	Data has been written to cache!
req            INFO 	No cached data found for timing_app_data. Loading data...
_api           INFO 	Fetching timing app data...
req            INFO 	Data has been written to cache!
core           INFO 	Processing timing data...
core           INFO 	Finished loading data for 19 drivers: ['55', '16', '4', '81', '11', '18', '22', '14', '27', '20', '23', '3', '10', '77', '24', '31', '63', '44', '1']
ok 2024 3
core           INFO 	Loading data for Japanese Grand Prix - Race [v3.6.1]
req            INFO 	No cached data found for session_info. Loading data...
_api           INFO 	Fetching session info data...
req            INFO 	Data has been written to cache!
req            INFO 	No cached data found for driver_info. Loading data...
_api           INFO 	Fetching driver list...
req            INFO 	Data has been written to cache!
req            INFO 	No cached data found for session_status_data. Loading data...
_api           INFO 	Fetching session status data...
req            INFO 	Data has been written to cache!
req            INFO 	No cached data found for lap_count. Loading data...
_api           INFO 	Fetching lap count data...
req            INFO 	Data has been written to cache!
req            INFO 	No cached data found for track_status_data. Loading data...
_api           INFO 	Fetching track status data...
req            INFO 	Data has been written to cache!
req            INFO 	No cached data found for _extended_timing_data. Loading data...
_api           INFO 	Fetching timing data...
_api           INFO 	Parsing timing data...
req            INFO 	Data has been written to cache!
req            INFO 	No cached data found for timing_app_data. Loading data...
_api           INFO 	Fetching timing app data...
req            INFO 	Data has been written to cache!
core           INFO 	Processing timing data...
core           INFO 	Finished loading data for 20 drivers: ['1', '11', '55', '16', '4', '14', '63', '81', '44', '22', '27', '18', '20', '77', '31', '10', '2', '24', '3', '23']
ok 2024 4
core           INFO 	Loading data for Chinese Grand Prix - Race [v3.6.1]
req            INFO 	No cached data found for session_info. Loading data...
_api           INFO 	Fetching session info data...
req            INFO 	Data has been written to cache!
req            INFO 	No cached data found for driver_info. Loading data...
_api           INFO 	Fetching driver list...
req            INFO 	Data has been written to cache!
req            INFO 	No cached data found for session_status_data. Loading data...
_api           INFO 	Fetching session status data...
req            INFO 	Data has been written to cache!
req            INFO 	No cached data found for lap_count. Loading data...
_api           INFO 	Fetching lap count data...
req            INFO 	Data has been written to cache!
req            INFO 	No cached data found for track_status_data. Loading data...
_api           INFO 	Fetching track status data...
req            INFO 	Data has been written to cache!
req            INFO 	No cached data found for _extended_timing_data. Loading data...
_api           INFO 	Fetching timing data...
_api           INFO 	Parsing timing data...
req            INFO 	Data has been written to cache!
req            INFO 	No cached data found for timing_app_data. Loading data...
_api           INFO 	Fetching timing app data...
req            INFO 	Data has been written to cache!
core           INFO 	Processing timing data...
core        WARNING 	Driver 1 completed the race distance 00:08.313000 before the recorded end of the session.
core           INFO 	Finished loading data for 20 drivers: ['1', '4', '11', '16', '55', '63', '14', '81', '44', '27', '31', '23', '10', '24', '18', '20', '2', '3', '22', '77']
ok 2024 5
core           INFO 	Loading data for Miami Grand Prix - Race [v3.6.1]
req            INFO 	No cached data found for session_info. Loading data...
_api           INFO 	Fetching session info data...
req            INFO 	Data has been written to cache!
req            INFO 	No cached data found for driver_info. Loading data...
_api           INFO 	Fetching driver list...
req            INFO 	Data has been written to cache!
req            INFO 	No cached data found for session_status_data. Loading data...
_api           INFO 	Fetching session status data...
req            INFO 	Data has been written to cache!
req            INFO 	No cached data found for lap_count. Loading data...
_api           INFO 	Fetching lap count data...
req            INFO 	Data has been written to cache!
req            INFO 	No cached data found for track_status_data. Loading data...
_api           INFO 	Fetching track status data...
req            INFO 	Data has been written to cache!
req            INFO 	No cached data found for _extended_timing_data. Loading data...
_api           INFO 	Fetching timing data...
_api           INFO 	Parsing timing data...
req            INFO 	Data has been written to cache!
req            INFO 	No cached data found for timing_app_data. Loading data...
_api           INFO 	Fetching timing app data...
req            INFO 	Data has been written to cache!
core           INFO 	Processing timing data...
core           INFO 	Finished loading data for 20 drivers: ['4', '1', '16', '11', '55', '44', '22', '63', '14', '31', '27', '10', '81', '24', '3', '77', '18', '23', '20', '2']
ok 2024 6
core           INFO 	Loading data for Emilia Romagna Grand Prix - Race [v3.6.1]
req            INFO 	No cached data found for session_info. Loading data...
_api           INFO 	Fetching session info data...
req            INFO 	Data has been written to cache!
req            INFO 	No cached data found for driver_info. Loading data...
_api           INFO 	Fetching driver list...
req            INFO 	Data has been written to cache!
req            INFO 	No cached data found for session_status_data. Loading data...
_api           INFO 	Fetching session status data...
req            INFO 	Data has been written to cache!
req            INFO 	No cached data found for lap_count. Loading data...
_api           INFO 	Fetching lap count data...
req            INFO 	Data has been written to cache!
req            INFO 	No cached data found for track_status_data. Loading data...
_api           INFO 	Fetching track status data...
req            INFO 	Data has been written to cache!
req            INFO 	No cached data found for _extended_timing_data. Loading data...
_api           INFO 	Fetching timing data...
_api           INFO 	Parsing timing data...
req            INFO 	Data has been written to cache!
req            INFO 	No cached data found for timing_app_data. Loading data...
_api           INFO 	Fetching timing app data...
req            INFO 	Data has been written to cache!
core           INFO 	Processing timing data...
core           INFO 	Finished loading data for 20 drivers: ['1', '4', '16', '81', '55', '44', '63', '11', '18', '22', '27', '20', '3', '31', '24', '10', '2', '77', '14', '23']
ok 2024 7
core           INFO 	Loading data for Monaco Grand Prix - Race [v3.6.1]
req            INFO 	No cached data found for session_info. Loading data...
_api           INFO 	Fetching session info data...
req            INFO 	Data has been written to cache!
req            INFO 	No cached data found for driver_info. Loading data...
_api           INFO 	Fetching driver list...
req            INFO 	Data has been written to cache!
req            INFO 	No cached data found for session_status_data. Loading data...
_api           INFO 	Fetching session status data...
req            INFO 	Data has been written to cache!
req            INFO 	No cached data found for lap_count. Loading data...
_api           INFO 	Fetching lap count data...
req            INFO 	Data has been written to cache!
req            INFO 	No cached data found for track_status_data. Loading data...
_api           INFO 	Fetching track status data...
req            INFO 	Data has been written to cache!
req            INFO 	No cached data found for _extended_timing_data. Loading data...
_api           INFO 	Fetching timing data...
_api           INFO 	Parsing timing data...
req            INFO 	Data has been written to cache!
req            INFO 	No cached data found for timing_app_data. Loading data...
_api           INFO 	Fetching timing app data...
req            INFO 	Data has been written to cache!
core           INFO 	Processing timing data...
core           INFO 	Finished loading data for 20 drivers: ['16', '81', '55', '4', '63', '1', '44', '22', '23', '10', '14', '3', '77', '18', '2', '24', '31', '11', '27', '20']
ok 2024 8
core           INFO 	Loading data for Canadian Grand Prix - Race [v3.6.1]
req            INFO 	No cached data found for session_info. Loading data...
_api           INFO 	Fetching session info data...
req            INFO 	Data has been written to cache!
req            INFO 	No cached data found for driver_info. Loading data...
_api           INFO 	Fetching driver list...
req            INFO 	Data has been written to cache!
req            INFO 	No cached data found for session_status_data. Loading data...
_api           INFO 	Fetching session status data...
req            INFO 	Data has been written to cache!
req            INFO 	No cached data found for lap_count. Loading data...
_api           INFO 	Fetching lap count data...
req            INFO 	Data has been written to cache!
req            INFO 	No cached data found for track_status_data. Loading data...
_api           INFO 	Fetching track status data...
req            INFO 	Data has been written to cache!
req            INFO 	No cached data found for _extended_timing_data. Loading data...
_api           INFO 	Fetching timing data...
_api           INFO 	Parsing timing data...
req            INFO 	Data has been written to cache!
req            INFO 	No cached data found for timing_app_data. Loading data...
_api           INFO 	Fetching timing app data...
req            INFO 	Data has been written to cache!
core           INFO 	Processing timing data...
core           INFO 	Finished loading data for 20 drivers: ['1', '4', '63', '44', '81', '14', '18', '3', '10', '31', '27', '20', '77', '22', '24', '55', '23', '11', '16', '2']
ok 2024 9
core           INFO 	Loading data for Spanish Grand Prix - Race [v3.6.1]
req            INFO 	No cached data found for session_info. Loading data...
_api           INFO 	Fetching session info data...
req            INFO 	Data has been written to cache!
req            INFO 	No cached data found for driver_info. Loading data...
_api           INFO 	Fetching driver list...
req            INFO 	Data has been written to cache!
req            INFO 	No cached data found for session_status_data. Loading data...
_api           INFO 	Fetching session status data...
req            INFO 	Data has been written to cache!
req            INFO 	No cached data found for lap_count. Loading data...
_api           INFO 	Fetching lap count data...
req            INFO 	Data has been written to cache!
req            INFO 	No cached data found for track_status_data. Loading data...
_api           INFO 	Fetching track status data...
req            INFO 	Data has been written to cache!
req            INFO 	No cached data found for _extended_timing_data. Loading data...
_api           INFO 	Fetching timing data...
_api           INFO 	Parsing timing data...
req            INFO 	Data has been written to cache!
req            INFO 	No cached data found for timing_app_data. Loading data...
_api           INFO 	Fetching timing app data...
req            INFO 	Data has been written to cache!
core           INFO 	Processing timing data...
core        WARNING 	Driver 1 completed the race distance 00:00.015000 before the recorded end of the session.
core           INFO 	Finished loading data for 20 drivers: ['1', '4', '44', '63', '16', '55', '81', '11', '10', '31', '27', '14', '24', '18', '3', '77', '20', '23', '22', '2']
ok 2024 10
core           INFO 	Loading data for Austrian Grand Prix - Race [v3.6.1]
req            INFO 	No cached data found for session_info. Loading data...
_api           INFO 	Fetching session info data...
req            INFO 	Data has been written to cache!
req            INFO 	No cached data found for driver_info. Loading data...
_api           INFO 	Fetching driver list...
req            INFO 	Data has been written to cache!
req            INFO 	No cached data found for session_status_data. Loading data...
_api           INFO 	Fetching session status data...
req            INFO 	Data has been written to cache!
req            INFO 	No cached data found for lap_count. Loading data...
_api           INFO 	Fetching lap count data...
req            INFO 	Data has been written to cache!
req            INFO 	No cached data found for track_status_data. Loading data...
_api           INFO 	Fetching track status data...
req            INFO 	Data has been written to cache!
req            INFO 	No cached data found for _extended_timing_data. Loading data...
_api           INFO 	Fetching timing data...
_api           INFO 	Parsing timing data...
req            INFO 	Data has been written to cache!
req            INFO 	No cached data found for timing_app_data. Loading data...
_api           INFO 	Fetching timing app data...
req            INFO 	Data has been written to cache!
core           INFO 	Processing timing data...
core           INFO 	Finished loading data for 20 drivers: ['63', '81', '55', '44', '1', '27', '11', '20', '3', '10', '16', '31', '18', '22', '23', '77', '24', '14', '2', '4']
ok 2024 11
core           INFO 	Loading data for British Grand Prix - Race [v3.6.1]
req            INFO 	No cached data found for session_info. Loading data...
_api           INFO 	Fetching session info data...
req            INFO 	Data has been written to cache!
req            INFO 	No cached data found for driver_info. Loading data...
_api           INFO 	Fetching driver list...
req            INFO 	Data has been written to cache!
req            INFO 	No cached data found for session_status_data. Loading data...
_api           INFO 	Fetching session status data...
req            INFO 	Data has been written to cache!
req            INFO 	No cached data found for lap_count. Loading data...
_api           INFO 	Fetching lap count data...
req            INFO 	Data has been written to cache!
req            INFO 	No cached data found for track_status_data. Loading data...
_api           INFO 	Fetching track status data...
req            INFO 	Data has been written to cache!
req            INFO 	No cached data found for _extended_timing_data. Loading data...
_api           INFO 	Fetching timing data...
_api           INFO 	Parsing timing data...
req            INFO 	Data has been written to cache!
req            INFO 	No cached data found for timing_app_data. Loading data...
_api           INFO 	Fetching timing app data...
req            INFO 	Data has been written to cache!
core           INFO 	Processing timing data...
core           INFO 	Finished loading data for 20 drivers: ['44', '1', '4', '81', '55', '27', '18', '14', '23', '22', '2', '20', '3', '16', '77', '31', '11', '24', '63', '10']
ok 2024 12
core           INFO 	Loading data for Hungarian Grand Prix - Race [v3.6.1]
req            INFO 	No cached data found for session_info. Loading data...
_api           INFO 	Fetching session info data...
req            INFO 	Data has been written to cache!
req            INFO 	No cached data found for driver_info. Loading data...
_api           INFO 	Fetching driver list...
req            INFO 	Data has been written to cache!
req            INFO 	No cached data found for session_status_data. Loading data...
_api           INFO 	Fetching session status data...
req            INFO 	Data has been written to cache!
req            INFO 	No cached data found for lap_count. Loading data...
_api           INFO 	Fetching lap count data...
req            INFO 	Data has been written to cache!
req            INFO 	No cached data found for track_status_data. Loading data...
_api           INFO 	Fetching track status data...
req            INFO 	Data has been written to cache!
req            INFO 	No cached data found for _extended_timing_data. Loading data...
_api           INFO 	Fetching timing data...
_api           INFO 	Parsing timing data...
req            INFO 	Data has been written to cache!
req            INFO 	No cached data found for timing_app_data. Loading data...
_api           INFO 	Fetching timing app data...
req            INFO 	Data has been written to cache!
core           INFO 	Processing timing data...
core           INFO 	Finished loading data for 20 drivers: ['81', '4', '44', '16', '1', '55', '11', '63', '22', '18', '14', '3', '27', '23', '20', '77', '2', '31', '24', '10']
ok 2024 13
core           INFO 	Loading data for Belgian Grand Prix - Race [v3.6.1]
req            INFO 	No cached data found for session_info. Loading data...
_api           INFO 	Fetching session info data...
req            INFO 	Data has been written to cache!
req            INFO 	No cached data found for driver_info. Loading data...
_api           INFO 	Fetching driver list...
req            INFO 	Data has been written to cache!
req            INFO 	No cached data found for session_status_data. Loading data...
_api           INFO 	Fetching session status data...
req            INFO 	Data has been written to cache!
req            INFO 	No cached data found for lap_count. Loading data...
_api           INFO 	Fetching lap count data...
req            INFO 	Data has been written to cache!
req            INFO 	No cached data found for track_status_data. Loading data...
_api           INFO 	Fetching track status data...
req            INFO 	Data has been written to cache!
req            INFO 	No cached data found for _extended_timing_data. Loading data...
_api           INFO 	Fetching timing data...
_api           INFO 	Parsing timing data...
req            INFO 	Data has been written to cache!
req            INFO 	No cached data found for timing_app_data. Loading data...
_api           INFO 	Fetching timing app data...
req            INFO 	Data has been written to cache!
core           INFO 	Processing timing data...
core        WARNING 	Fixed incorrect tyre stint information for driver '14'
core        WARNING 	Fixed incorrect tyre stint information for driver '3'
core        WARNING 	Fixed incorrect tyre stint information for driver '18'
core        WARNING 	Fixed incorrect tyre stint information for driver '22'
core           INFO 	Finished loading data for 20 drivers: ['44', '81', '16', '1', '4', '55', '11', '14', '31', '3', '18', '23', '10', '20', '77', '22', '2', '27', '24', '63']
ok 2024 14
core           INFO 	Loading data for Dutch Grand Prix - Race [v3.6.1]
req            INFO 	No cached data found for session_info. Loading data...
_api           INFO 	Fetching session info data...
req            INFO 	Data has been written to cache!
req            INFO 	No cached data found for driver_info. Loading data...
_api           INFO 	Fetching driver list...
req            INFO 	Data has been written to cache!
req            INFO 	No cached data found for session_status_data. Loading data...
_api           INFO 	Fetching session status data...
req            INFO 	Data has been written to cache!
req            INFO 	No cached data found for lap_count. Loading data...
_api           INFO 	Fetching lap count data...
req            INFO 	Data has been written to cache!
req            INFO 	No cached data found for track_status_data. Loading data...
_api           INFO 	Fetching track status data...
req            INFO 	Data has been written to cache!
req            INFO 	No cached data found for _extended_timing_data. Loading data...
_api           INFO 	Fetching timing data...
_api           INFO 	Parsing timing data...
req            INFO 	Data has been written to cache!
req            INFO 	No cached data found for timing_app_data. Loading data...
_api           INFO 	Fetching timing app data...
req            INFO 	Data has been written to cache!
core           INFO 	Processing timing data...
core           INFO 	Finished loading data for 20 drivers: ['4', '1', '16', '81', '55', '11', '63', '44', '10', '14', '27', '3', '18', '23', '31', '2', '22', '20', '77', '24']
ok 2024 15
core           INFO 	Loading data for Italian Grand Prix - Race [v3.6.1]
req            INFO 	No cached data found for session_info. Loading data...
_api           INFO 	Fetching session info data...
req            INFO 	Data has been written to cache!
req            INFO 	No cached data found for driver_info. Loading data...
_api           INFO 	Fetching driver list...
req            INFO 	Data has been written to cache!
req            INFO 	No cached data found for session_status_data. Loading data...
_api           INFO 	Fetching session status data...
req            INFO 	Data has been written to cache!
req            INFO 	No cached data found for lap_count. Loading data...
_api           INFO 	Fetching lap count data...
req            INFO 	Data has been written to cache!
req            INFO 	No cached data found for track_status_data. Loading data...
_api           INFO 	Fetching track status data...
req            INFO 	Data has been written to cache!
req            INFO 	No cached data found for _extended_timing_data. Loading data...
_api           INFO 	Fetching timing data...
_api           INFO 	Parsing timing data...
req            INFO 	Data has been written to cache!
req            INFO 	No cached data found for timing_app_data. Loading data...
_api           INFO 	Fetching timing app data...
req            INFO 	Data has been written to cache!
core           INFO 	Processing timing data...
core           INFO 	Finished loading data for 20 drivers: ['16', '81', '4', '55', '44', '1', '63', '11', '23', '20', '14', '43', '3', '31', '10', '77', '27', '24', '18', '22']
ok 2024 16
core           INFO 	Loading data for Azerbaijan Grand Prix - Race [v3.6.1]
req            INFO 	No cached data found for session_info. Loading data...
_api           INFO 	Fetching session info data...
req            INFO 	Data has been written to cache!
req            INFO 	No cached data found for driver_info. Loading data...
_api           INFO 	Fetching driver list...
req            INFO 	Data has been written to cache!
req            INFO 	No cached data found for session_status_data. Loading data...
_api           INFO 	Fetching session status data...
req            INFO 	Data has been written to cache!
req            INFO 	No cached data found for lap_count. Loading data...
_api           INFO 	Fetching lap count data...
req            INFO 	Data has been written to cache!
req            INFO 	No cached data found for track_status_data. Loading data...
_api           INFO 	Fetching track status data...
req            INFO 	Data has been written to cache!
req            INFO 	No cached data found for _extended_timing_data. Loading data...
_api           INFO 	Fetching timing data...
_api           INFO 	Parsing timing data...
req            INFO 	Data has been written to cache!
req            INFO 	No cached data found for timing_app_data. Loading data...
_api           INFO 	Fetching timing app data...
req            INFO 	Data has been written to cache!
core           INFO 	Processing timing data...
core           INFO 	Finished loading data for 20 drivers: ['81', '16', '63', '4', '1', '14', '23', '43', '44', '50', '27', '10', '3', '24', '31', '77', '11', '55', '18', '22']
ok 2024 17
core           INFO 	Loading data for Singapore Grand Prix - Race [v3.6.1]
req            INFO 	No cached data found for session_info. Loading data...
_api           INFO 	Fetching session info data...
req            INFO 	Data has been written to cache!
req            INFO 	No cached data found for driver_info. Loading data...
_api           INFO 	Fetching driver list...
req            INFO 	Data has been written to cache!
req            INFO 	No cached data found for session_status_data. Loading data...
_api           INFO 	Fetching session status data...
req            INFO 	Data has been written to cache!
req            INFO 	No cached data found for lap_count. Loading data...
_api           INFO 	Fetching lap count data...
req            INFO 	Data has been written to cache!
req            INFO 	No cached data found for track_status_data. Loading data...
_api           INFO 	Fetching track status data...
req            INFO 	Data has been written to cache!
req            INFO 	No cached data found for _extended_timing_data. Loading data...
_api           INFO 	Fetching timing data...
_api           INFO 	Parsing timing data...
req            INFO 	Data has been written to cache!
req            INFO 	No cached data found for timing_app_data. Loading data...
_api           INFO 	Fetching timing app data...
req            INFO 	Data has been written to cache!
core           INFO 	Processing timing data...
core           INFO 	Finished loading data for 20 drivers: ['4', '1', '81', '63', '16', '44', '55', '14', '27', '11', '43', '22', '31', '18', '24', '77', '10', '3', '20', '23']
ok 2024 18
core           INFO 	Loading data for United States Grand Prix - Race [v3.6.1]
req            INFO 	No cached data found for session_info. Loading data...
_api           INFO 	Fetching session info data...
req            INFO 	Data has been written to cache!
req            INFO 	No cached data found for driver_info. Loading data...
_api           INFO 	Fetching driver list...
req            INFO 	Data has been written to cache!
req            INFO 	No cached data found for session_status_data. Loading data...
_api           INFO 	Fetching session status data...
req            INFO 	Data has been written to cache!
req            INFO 	No cached data found for lap_count. Loading data...
_api           INFO 	Fetching lap count data...
req            INFO 	Data has been written to cache!
req            INFO 	No cached data found for track_status_data. Loading data...
_api           INFO 	Fetching track status data...
req            INFO 	Data has been written to cache!
req            INFO 	No cached data found for _extended_timing_data. Loading data...
_api           INFO 	Fetching timing data...
_api           INFO 	Parsing timing data...
_api        WARNING 	Failed to align laps for drivers: ['44']
req            INFO 	Data has been written to cache!
req            INFO 	No cached data found for timing_app_data. Loading data...
_api           INFO 	Fetching timing app data...
req            INFO 	Data has been written to cache!
core           INFO 	Processing timing data...
core           INFO 	Finished loading data for 20 drivers: ['16', '55', '1', '4', '81', '63', '11', '27', '30', '43', '20', '10', '14', '22', '18', '23', '77', '31', '24', '44']
ok 2024 19
core           INFO 	Loading data for Mexico City Grand Prix - Race [v3.6.1]
req            INFO 	No cached data found for session_info. Loading data...
_api           INFO 	Fetching session info data...
req            INFO 	Data has been written to cache!
req            INFO 	No cached data found for driver_info. Loading data...
_api           INFO 	Fetching driver list...
req            INFO 	Data has been written to cache!
req            INFO 	No cached data found for session_status_data. Loading data...
_api           INFO 	Fetching session status data...
req            INFO 	Data has been written to cache!
req            INFO 	No cached data found for lap_count. Loading data...
_api           INFO 	Fetching lap count data...
req            INFO 	Data has been written to cache!
req            INFO 	No cached data found for track_status_data. Loading data...
_api           INFO 	Fetching track status data...
req            INFO 	Data has been written to cache!
req            INFO 	No cached data found for _extended_timing_data. Loading data...
_api           INFO 	Fetching timing data...
_api           INFO 	Parsing timing data...
req            INFO 	Data has been written to cache!
req            INFO 	No cached data found for timing_app_data. Loading data...
_api           INFO 	Fetching timing app data...
req            INFO 	Data has been written to cache!
core           INFO 	Processing timing data...
core           INFO 	Finished loading data for 20 drivers: ['55', '4', '16', '44', '63', '1', '20', '81', '27', '10', '18', '43', '31', '77', '24', '30', '11', '14', '23', '22']
ok 2024 20
core           INFO 	Loading data for São Paulo Grand Prix - Race [v3.6.1]
req            INFO 	No cached data found for session_info. Loading data...
_api           INFO 	Fetching session info data...
req            INFO 	Data has been written to cache!
req            INFO 	No cached data found for driver_info. Loading data...
_api           INFO 	Fetching driver list...
req            INFO 	Data has been written to cache!
req            INFO 	No cached data found for session_status_data. Loading data...
_api           INFO 	Fetching session status data...
req            INFO 	Data has been written to cache!
req            INFO 	No cached data found for lap_count. Loading data...
_api           INFO 	Fetching lap count data...
req            INFO 	Data has been written to cache!
req            INFO 	No cached data found for track_status_data. Loading data...
_api           INFO 	Fetching track status data...
req            INFO 	Data has been written to cache!
req            INFO 	No cached data found for _extended_timing_data. Loading data...
_api           INFO 	Fetching timing data...
_api           INFO 	Parsing timing data...
req            INFO 	Data has been written to cache!
req            INFO 	No cached data found for timing_app_data. Loading data...
_api           INFO 	Fetching timing app data...
req            INFO 	Data has been written to cache!
core           INFO 	Processing timing data...
core        WARNING 	No lap data for driver 23
core        WARNING 	Failed to perform lap accuracy check - all laps marked as inaccurate (driver 23)
core           INFO 	Finished loading data for 20 drivers: ['1', '31', '10', '63', '16', '4', '22', '81', '30', '44', '11', '50', '77', '14', '24', '55', '43', '23', '18', '27']
ok 2024 21
core           INFO 	Loading data for Las Vegas Grand Prix - Race [v3.6.1]
req            INFO 	No cached data found for session_info. Loading data...
_api           INFO 	Fetching session info data...
req            INFO 	Data has been written to cache!
req            INFO 	No cached data found for driver_info. Loading data...
_api           INFO 	Fetching driver list...
req            INFO 	Data has been written to cache!
req            INFO 	No cached data found for session_status_data. Loading data...
_api           INFO 	Fetching session status data...
req            INFO 	Data has been written to cache!
req            INFO 	No cached data found for lap_count. Loading data...
_api           INFO 	Fetching lap count data...
req            INFO 	Data has been written to cache!
req            INFO 	No cached data found for track_status_data. Loading data...
_api           INFO 	Fetching track status data...
req            INFO 	Data has been written to cache!
req            INFO 	No cached data found for _extended_timing_data. Loading data...
_api           INFO 	Fetching timing data...
_api           INFO 	Parsing timing data...
req            INFO 	Data has been written to cache!
req            INFO 	No cached data found for timing_app_data. Loading data...
_api           INFO 	Fetching timing app data...
req            INFO 	Data has been written to cache!
core           INFO 	Processing timing data...
core        WARNING 	Driver 63: Lap timing integrity check failed for 2 lap(s)
core        WARNING 	Driver 44: Lap timing integrity check failed for 1 lap(s)
core        WARNING 	Driver 55: Lap timing integrity check failed for 1 lap(s)
core        WARNING 	Driver 16: Lap timing integrity check failed for 2 lap(s)
core        WARNING 	Driver  1: Lap timing integrity check failed for 1 lap(s)
core        WARNING 	Driver  4: Lap timing integrity check failed for 1 lap(s)
core        WARNING 	Driver 81: Lap timing integrity check failed for 1 lap(s)
core        WARNING 	Driver 30: Lap timing integrity check failed for 2 lap(s)
core        WARNING 	Driver 77: Lap timing integrity check failed for 2 lap(s)
core        WARNING 	Driver 63 completed the race distance 00:00.427000 before the recorded end of the session.
core           INFO 	Finished loading data for 20 drivers: ['63', '44', '55', '16', '1', '4', '81', '27', '22', '11', '14', '20', '24', '43', '18', '30', '31', '77', '23', '10']
ok 2024 22
core           INFO 	Loading data for Qatar Grand Prix - Race [v3.6.1]
req            INFO 	No cached data found for session_info. Loading data...
_api           INFO 	Fetching session info data...
req            INFO 	Data has been written to cache!
req            INFO 	No cached data found for driver_info. Loading data...
_api           INFO 	Fetching driver list...
req            INFO 	Data has been written to cache!
req            INFO 	No cached data found for session_status_data. Loading data...
_api           INFO 	Fetching session status data...
req            INFO 	Data has been written to cache!
req            INFO 	No cached data found for lap_count. Loading data...
_api           INFO 	Fetching lap count data...
req            INFO 	Data has been written to cache!
req            INFO 	No cached data found for track_status_data. Loading data...
_api           INFO 	Fetching track status data...
req            INFO 	Data has been written to cache!
req            INFO 	No cached data found for _extended_timing_data. Loading data...
_api           INFO 	Fetching timing data...
_api           INFO 	Parsing timing data...
req            INFO 	Data has been written to cache!
req            INFO 	No cached data found for timing_app_data. Loading data...
_api           INFO 	Fetching timing app data...
req            INFO 	Data has been written to cache!
core           INFO 	Processing timing data...
core        WARNING 	Fixed incorrect tyre stint information for driver '43'
core        WARNING 	Fixed incorrect tyre stint information for driver '31'
core           INFO 	Finished loading data for 20 drivers: ['1', '16', '81', '63', '10', '55', '14', '24', '20', '4', '77', '44', '22', '30', '23', '27', '11', '18', '43', '31']
ok 2024 23
core           INFO 	Loading data for Abu Dhabi Grand Prix - Race [v3.6.1]
req            INFO 	No cached data found for session_info. Loading data...
_api           INFO 	Fetching session info data...
req            INFO 	Data has been written to cache!
req            INFO 	No cached data found for driver_info. Loading data...
_api           INFO 	Fetching driver list...
req            INFO 	Data has been written to cache!
req            INFO 	No cached data found for session_status_data. Loading data...
_api           INFO 	Fetching session status data...
req            INFO 	Data has been written to cache!
req            INFO 	No cached data found for lap_count. Loading data...
_api           INFO 	Fetching lap count data...
req            INFO 	Data has been written to cache!
req            INFO 	No cached data found for track_status_data. Loading data...
_api           INFO 	Fetching track status data...
req            INFO 	Data has been written to cache!
req            INFO 	No cached data found for _extended_timing_data. Loading data...
_api           INFO 	Fetching timing data...
_api           INFO 	Parsing timing data...
req            INFO 	Data has been written to cache!
req            INFO 	No cached data found for timing_app_data. Loading data...
_api           INFO 	Fetching timing app data...
req            INFO 	Data has been written to cache!
core           INFO 	Processing timing data...
core           INFO 	Finished loading data for 20 drivers: ['4', '55', '16', '44', '63', '1', '10', '27', '14', '81', '23', '22', '24', '18', '61', '20', '30', '77', '43', '11']
ok 2024 24
core           INFO 	Loading data for Australian Grand Prix - Race [v3.6.1]
req            INFO 	No cached data found for session_info. Loading data...
_api           INFO 	Fetching session info data...
req            INFO 	Data has been written to cache!
req            INFO 	No cached data found for driver_info. Loading data...
_api           INFO 	Fetching driver list...
req            INFO 	Data has been written to cache!
req            INFO 	No cached data found for session_status_data. Loading data...
_api           INFO 	Fetching session status data...
req            INFO 	Data has been written to cache!
req            INFO 	No cached data found for lap_count. Loading data...
_api           INFO 	Fetching lap count data...
req            INFO 	Data has been written to cache!
req            INFO 	No cached data found for track_status_data. Loading data...
_api           INFO 	Fetching track status data...
req            INFO 	Data has been written to cache!
req            INFO 	No cached data found for _extended_timing_data. Loading data...
_api           INFO 	Fetching timing data...
_api           INFO 	Parsing timing data...
req            INFO 	Data has been written to cache!
req            INFO 	No cached data found for timing_app_data. Loading data...
_api           INFO 	Fetching timing app data...
req            INFO 	Data has been written to cache!
core           INFO 	Processing timing data...
core        WARNING 	Fixed incorrect tyre stint information for driver '87'
core        WARNING 	Fixed incorrect tyre stint information for driver '30'
core        WARNING 	Fixed incorrect tyre stint information for driver '5'
core        WARNING 	Driver 4 completed the race distance 00:00.022000 before the recorded end of the session.
core           INFO 	Finished loading data for 20 drivers: ['4', '1', '63', '12', '23', '18', '27', '16', '81', '44', '10', '22', '31', '87', '30', '5', '14', '55', '7', '6']
ok 2025 1
core           INFO 	Loading data for Chinese Grand Prix - Race [v3.6.1]
req            INFO 	No cached data found for session_info. Loading data...
_api           INFO 	Fetching session info data...
req            INFO 	Data has been written to cache!
req            INFO 	No cached data found for driver_info. Loading data...
_api           INFO 	Fetching driver list...
req            INFO 	Data has been written to cache!
req            INFO 	No cached data found for session_status_data. Loading data...
_api           INFO 	Fetching session status data...
req            INFO 	Data has been written to cache!
req            INFO 	No cached data found for lap_count. Loading data...
_api           INFO 	Fetching lap count data...
req            INFO 	Data has been written to cache!
req            INFO 	No cached data found for track_status_data. Loading data...
_api           INFO 	Fetching track status data...
req            INFO 	Data has been written to cache!
req            INFO 	No cached data found for _extended_timing_data. Loading data...
_api           INFO 	Fetching timing data...
_api           INFO 	Parsing timing data...
req            INFO 	Data has been written to cache!
req            INFO 	No cached data found for timing_app_data. Loading data...
_api           INFO 	Fetching timing app data...
req            INFO 	Data has been written to cache!
core           INFO 	Processing timing data...
core           INFO 	Finished loading data for 20 drivers: ['81', '4', '63', '1', '31', '12', '23', '87', '18', '55', '6', '30', '7', '5', '27', '22', '14', '16', '44', '10']
ok 2025 2
core           INFO 	Loading data for Japanese Grand Prix - Race [v3.6.1]
req            INFO 	No cached data found for session_info. Loading data...
_api           INFO 	Fetching session info data...
req            INFO 	Data has been written to cache!
req            INFO 	No cached data found for driver_info. Loading data...
_api           INFO 	Fetching driver list...
req            INFO 	Data has been written to cache!
req            INFO 	No cached data found for session_status_data. Loading data...
_api           INFO 	Fetching session status data...
req            INFO 	Data has been written to cache!
req            INFO 	No cached data found for lap_count. Loading data...
_api           INFO 	Fetching lap count data...
req            INFO 	Data has been written to cache!
req            INFO 	No cached data found for track_status_data. Loading data...
_api           INFO 	Fetching track status data...
req            INFO 	Data has been written to cache!
req            INFO 	No cached data found for _extended_timing_data. Loading data...
_api           INFO 	Fetching timing data...
_api           INFO 	Parsing timing data...
req            INFO 	Data has been written to cache!
req            INFO 	No cached data found for timing_app_data. Loading data...
_api           INFO 	Fetching timing app data...
req            INFO 	Data has been written to cache!
core           INFO 	Processing timing data...
core           INFO 	Finished loading data for 20 drivers: ['1', '4', '81', '16', '63', '12', '44', '6', '23', '87', '14', '22', '10', '55', '7', '27', '30', '31', '5', '18']
ok 2025 3
core           INFO 	Loading data for Bahrain Grand Prix - Race [v3.6.1]
req            INFO 	No cached data found for session_info. Loading data...
_api           INFO 	Fetching session info data...
req            INFO 	Data has been written to cache!
req            INFO 	No cached data found for driver_info. Loading data...
_api           INFO 	Fetching driver list...
req            INFO 	Data has been written to cache!
req            INFO 	No cached data found for session_status_data. Loading data...
_api           INFO 	Fetching session status data...
req            INFO 	Data has been written to cache!
req            INFO 	No cached data found for lap_count. Loading data...
_api           INFO 	Fetching lap count data...
req            INFO 	Data has been written to cache!
req            INFO 	No cached data found for track_status_data. Loading data...
_api           INFO 	Fetching track status data...
req            INFO 	Data has been written to cache!
req            INFO 	No cached data found for _extended_timing_data. Loading data...
_api           INFO 	Fetching timing data...
_api           INFO 	Parsing timing data...
req            INFO 	Data has been written to cache!
req            INFO 	No cached data found for timing_app_data. Loading data...
_api           INFO 	Fetching timing app data...
req            INFO 	Data has been written to cache!
core           INFO 	Processing timing data...
core           INFO 	Finished loading data for 20 drivers: ['81', '63', '4', '16', '44', '1', '10', '31', '22', '87', '12', '23', '6', '7', '14', '30', '18', '5', '55', '27']
ok 2025 4
core           INFO 	Loading data for Saudi Arabian Grand Prix - Race [v3.6.1]
req            INFO 	No cached data found for session_info. Loading data...
_api           INFO 	Fetching session info data...
req            INFO 	Data has been written to cache!
req            INFO 	No cached data found for driver_info. Loading data...
_api           INFO 	Fetching driver list...
req            INFO 	Data has been written to cache!
req            INFO 	No cached data found for session_status_data. Loading data...
_api           INFO 	Fetching session status data...
req            INFO 	Data has been written to cache!
req            INFO 	No cached data found for lap_count. Loading data...
_api           INFO 	Fetching lap count data...
req            INFO 	Data has been written to cache!
req            INFO 	No cached data found for track_status_data. Loading data...
_api           INFO 	Fetching track status data...
req            INFO 	Data has been written to cache!
req            INFO 	No cached data found for _extended_timing_data. Loading data...
_api           INFO 	Fetching timing data...
_api           INFO 	Parsing timing data...
_api        WARNING 	Failed to align laps for drivers: ['22']
req            INFO 	Data has been written to cache!
req            INFO 	No cached data found for timing_app_data. Loading data...
_api           INFO 	Fetching timing app data...
req            INFO 	Data has been written to cache!
core           INFO 	Processing timing data...
core           INFO 	Finished loading data for 20 drivers: ['81', '1', '16', '4', '63', '12', '44', '55', '23', '6', '14', '30', '87', '31', '27', '18', '7', '5', '22', '10']
ok 2025 5
core           INFO 	Loading data for Miami Grand Prix - Race [v3.6.1]
req            INFO 	No cached data found for session_info. Loading data...
_api           INFO 	Fetching session info data...
req            INFO 	Data has been written to cache!
req            INFO 	No cached data found for driver_info. Loading data...
_api           INFO 	Fetching driver list...
req            INFO 	Data has been written to cache!
req            INFO 	No cached data found for session_status_data. Loading data...
_api           INFO 	Fetching session status data...
req            INFO 	Data has been written to cache!
req            INFO 	No cached data found for lap_count. Loading data...
_api           INFO 	Fetching lap count data...
req            INFO 	Data has been written to cache!
req            INFO 	No cached data found for track_status_data. Loading data...
_api           INFO 	Fetching track status data...
req            INFO 	Data has been written to cache!
req            INFO 	No cached data found for _extended_timing_data. Loading data...
_api           INFO 	Fetching timing data...
_api           INFO 	Parsing timing data...
req            INFO 	Data has been written to cache!
req            INFO 	No cached data found for timing_app_data. Loading data...
_api           INFO 	Fetching timing app data...
req            INFO 	Data has been written to cache!
core           INFO 	Processing timing data...
core        WARNING 	Fixed incorrect tyre stint information for driver '6'
core        WARNING 	Fixed incorrect tyre stint information for driver '31'
core        WARNING 	Fixed incorrect tyre stint information for driver '18'
core        WARNING 	Fixed incorrect tyre stint information for driver '5'
core        WARNING 	Driver 81 completed the race distance 00:00.036000 before the recorded end of the session.
core           INFO 	Finished loading data for 20 drivers: ['81', '4', '63', '1', '23', '12', '16', '44', '55', '22', '6', '31', '10', '27', '14', '18', '30', '5', '87', '7']
ok 2025 6
core           INFO 	Loading data for Emilia Romagna Grand Prix - Race [v3.6.1]
req            INFO 	No cached data found for session_info. Loading data...
_api           INFO 	Fetching session info data...
req            INFO 	Data has been written to cache!
req            INFO 	No cached data found for driver_info. Loading data...
_api           INFO 	Fetching driver list...
req            INFO 	Data has been written to cache!
req            INFO 	No cached data found for session_status_data. Loading data...
_api           INFO 	Fetching session status data...
req            INFO 	Data has been written to cache!
req            INFO 	No cached data found for lap_count. Loading data...
_api           INFO 	Fetching lap count data...
req            INFO 	Data has been written to cache!
req            INFO 	No cached data found for track_status_data. Loading data...
_api           INFO 	Fetching track status data...
req            INFO 	Data has been written to cache!
req            INFO 	No cached data found for _extended_timing_data. Loading data...
_api           INFO 	Fetching timing data...
_api           INFO 	Parsing timing data...
req            INFO 	Data has been written to cache!
req            INFO 	No cached data found for timing_app_data. Loading data...
_api           INFO 	Fetching timing app data...
req            INFO 	Data has been written to cache!
core           INFO 	Processing timing data...
core           INFO 	Finished loading data for 20 drivers: ['1', '4', '81', '44', '23', '16', '63', '55', '6', '22', '14', '27', '10', '30', '18', '43', '87', '5', '12', '31']
ok 2025 7
core           INFO 	Loading data for Monaco Grand Prix - Race [v3.6.1]
req            INFO 	No cached data found for session_info. Loading data...
_api           INFO 	Fetching session info data...
req            INFO 	Data has been written to cache!
req            INFO 	No cached data found for driver_info. Loading data...
_api           INFO 	Fetching driver list...
req            INFO 	Data has been written to cache!
req            INFO 	No cached data found for session_status_data. Loading data...
_api           INFO 	Fetching session status data...
req            INFO 	Data has been written to cache!
req            INFO 	No cached data found for lap_count. Loading data...
_api           INFO 	Fetching lap count data...
req            INFO 	Data has been written to cache!
req            INFO 	No cached data found for track_status_data. Loading data...
_api           INFO 	Fetching track status data...
req            INFO 	Data has been written to cache!
req            INFO 	No cached data found for _extended_timing_data. Loading data...
_api           INFO 	Fetching timing data...
_api           INFO 	Parsing timing data...
req            INFO 	Data has been written to cache!
req            INFO 	No cached data found for timing_app_data. Loading data...
_api           INFO 	Fetching timing app data...
req            INFO 	Data has been written to cache!
core           INFO 	Processing timing data...
core           INFO 	Finished loading data for 20 drivers: ['4', '16', '81', '1', '44', '6', '31', '30', '23', '55', '63', '87', '43', '5', '18', '27', '22', '12', '14', '10']
ok 2025 8
core           INFO 	Loading data for Spanish Grand Prix - Race [v3.6.1]
req            INFO 	No cached data found for session_info. Loading data...
_api           INFO 	Fetching session info data...
req            INFO 	Data has been written to cache!
req            INFO 	No cached data found for driver_info. Loading data...
_api           INFO 	Fetching driver list...
req            INFO 	Data has been written to cache!
req            INFO 	No cached data found for session_status_data. Loading data...
_api           INFO 	Fetching session status data...
req            INFO 	Data has been written to cache!
req            INFO 	No cached data found for lap_count. Loading data...
_api           INFO 	Fetching lap count data...
req            INFO 	Data has been written to cache!
req            INFO 	No cached data found for track_status_data. Loading data...
_api           INFO 	Fetching track status data...
req            INFO 	Data has been written to cache!
req            INFO 	No cached data found for _extended_timing_data. Loading data...
_api           INFO 	Fetching timing data...
_api           INFO 	Parsing timing data...
req            INFO 	Data has been written to cache!
req            INFO 	No cached data found for timing_app_data. Loading data...
_api           INFO 	Fetching timing app data...
req            INFO 	Data has been written to cache!
core           INFO 	Processing timing data...
core           INFO 	Finished loading data for 19 drivers: ['81', '4', '16', '63', '27', '44', '6', '10', '14', '1', '30', '5', '22', '55', '43', '31', '87', '12', '23']
ok 2025 9
core           INFO 	Loading data for Canadian Grand Prix - Race [v3.6.1]
req            INFO 	No cached data found for session_info. Loading data...
_api           INFO 	Fetching session info data...
req            INFO 	Data has been written to cache!
req            INFO 	No cached data found for driver_info. Loading data...
_api           INFO 	Fetching driver list...
req            INFO 	Data has been written to cache!
req            INFO 	No cached data found for session_status_data. Loading data...
_api           INFO 	Fetching session status data...
req            INFO 	Data has been written to cache!
req            INFO 	No cached data found for lap_count. Loading data...
_api           INFO 	Fetching lap count data...
req            INFO 	Data has been written to cache!
req            INFO 	No cached data found for track_status_data. Loading data...
_api           INFO 	Fetching track status data...
req            INFO 	Data has been written to cache!
req            INFO 	No cached data found for _extended_timing_data. Loading data...
_api           INFO 	Fetching timing data...
_api           INFO 	Parsing timing data...
req            INFO 	Data has been written to cache!
req            INFO 	No cached data found for timing_app_data. Loading data...
_api           INFO 	Fetching timing app data...
req            INFO 	Data has been written to cache!
core           INFO 	Processing timing data...
core           INFO 	Finished loading data for 20 drivers: ['63', '1', '12', '81', '16', '44', '14', '27', '31', '55', '87', '22', '43', '5', '10', '6', '18', '4', '30', '23']
ok 2025 10
core           INFO 	Loading data for Austrian Grand Prix - Race [v3.6.1]
req            INFO 	No cached data found for session_info. Loading data...
_api           INFO 	Fetching session info data...
req            INFO 	Data has been written to cache!
req            INFO 	No cached data found for driver_info. Loading data...
_api           INFO 	Fetching driver list...
req            INFO 	Data has been written to cache!
req            INFO 	No cached data found for session_status_data. Loading data...
_api           INFO 	Fetching session status data...
req            INFO 	Data has been written to cache!
req            INFO 	No cached data found for lap_count. Loading data...
_api           INFO 	Fetching lap count data...
req            INFO 	Data has been written to cache!
req            INFO 	No cached data found for track_status_data. Loading data...
_api           INFO 	Fetching track status data...
req            INFO 	Data has been written to cache!
req            INFO 	No cached data found for _extended_timing_data. Loading data...
_api           INFO 	Fetching timing data...
_api           INFO 	Parsing timing data...
req            INFO 	Data has been written to cache!
req            INFO 	No cached data found for timing_app_data. Loading data...
_api           INFO 	Fetching timing app data...
req            INFO 	Data has been written to cache!
core           INFO 	Processing timing data...
core           INFO 	Finished loading data for 20 drivers: ['4', '81', '16', '44', '63', '30', '14', '5', '27', '31', '87', '6', '10', '18', '43', '22', '23', '1', '12', '55']
ok 2025 11
core           INFO 	Loading data for British Grand Prix - Race [v3.6.1]
req            INFO 	No cached data found for session_info. Loading data...
_api           INFO 	Fetching session info data...
req            INFO 	Data has been written to cache!
req            INFO 	No cached data found for driver_info. Loading data...
_api           INFO 	Fetching driver list...
req            INFO 	Data has been written to cache!
req            INFO 	No cached data found for session_status_data. Loading data...
_api           INFO 	Fetching session status data...
req            INFO 	Data has been written to cache!
req            INFO 	No cached data found for lap_count. Loading data...
_api           INFO 	Fetching lap count data...
req            INFO 	Data has been written to cache!
req            INFO 	No cached data found for track_status_data. Loading data...
_api           INFO 	Fetching track status data...
req            INFO 	Data has been written to cache!
req            INFO 	No cached data found for _extended_timing_data. Loading data...
_api           INFO 	Fetching timing data...
_api           INFO 	Parsing timing data...
req            INFO 	Data has been written to cache!
req            INFO 	No cached data found for timing_app_data. Loading data...
_api           INFO 	Fetching timing app data...
req            INFO 	Data has been written to cache!
core           INFO 	Processing timing data...
core           INFO 	Finished loading data for 20 drivers: ['4', '81', '27', '44', '1', '10', '18', '23', '14', '63', '87', '55', '31', '16', '22', '12', '6', '5', '30', '43']
ok 2025 12
core           INFO 	Loading data for Belgian Grand Prix - Race [v3.6.1]
req            INFO 	No cached data found for session_info. Loading data...
_api           INFO 	Fetching session info data...
req            INFO 	Data has been written to cache!
req            INFO 	No cached data found for driver_info. Loading data...
_api           INFO 	Fetching driver list...
req            INFO 	Data has been written to cache!
req            INFO 	No cached data found for session_status_data. Loading data...
_api           INFO 	Fetching session status data...
req            INFO 	Data has been written to cache!
req            INFO 	No cached data found for lap_count. Loading data...
_api           INFO 	Fetching lap count data...
req            INFO 	Data has been written to cache!
req            INFO 	No cached data found for track_status_data. Loading data...
_api           INFO 	Fetching track status data...
req            INFO 	Data has been written to cache!
req            INFO 	No cached data found for _extended_timing_data. Loading data...
_api           INFO 	Fetching timing data...
_api           INFO 	Parsing timing data...
req            INFO 	Data has been written to cache!
req            INFO 	No cached data found for timing_app_data. Loading data...
_api           INFO 	Fetching timing app data...
req            INFO 	Data has been written to cache!
core           INFO 	Processing timing data...
core        WARNING 	Fixed incorrect tyre stint information for driver '81'
core        WARNING 	Fixed incorrect tyre stint information for driver '4'
core        WARNING 	Fixed incorrect tyre stint information for driver '16'
core        WARNING 	Fixed incorrect tyre stint information for driver '1'
core        WARNING 	Fixed incorrect tyre stint information for driver '63'
core        WARNING 	Fixed incorrect tyre stint information for driver '23'
core        WARNING 	Fixed incorrect tyre stint information for driver '44'
core        WARNING 	Fixed incorrect tyre stint information for driver '30'
core        WARNING 	Fixed incorrect tyre stint information for driver '5'
core        WARNING 	Fixed incorrect tyre stint information for driver '10'
core        WARNING 	Fixed incorrect tyre stint information for driver '87'
core        WARNING 	Fixed incorrect tyre stint information for driver '27'
core        WARNING 	Fixed incorrect tyre stint information for driver '22'
core        WARNING 	Fixed incorrect tyre stint information for driver '18'
core        WARNING 	Fixed incorrect tyre stint information for driver '31'
core        WARNING 	Fixed incorrect tyre stint information for driver '12'
core        WARNING 	Fixed incorrect tyre stint information for driver '14'
core        WARNING 	Fixed incorrect tyre stint information for driver '55'
core        WARNING 	Fixed incorrect tyre stint information for driver '43'
core        WARNING 	Fixed incorrect tyre stint information for driver '6'
core           INFO 	Finished loading data for 20 drivers: ['81', '4', '16', '1', '63', '23', '44', '30', '5', '10', '87', '27', '22', '18', '31', '12', '14', '55', '43', '6']
ok 2025 13
core           INFO 	Loading data for Hungarian Grand Prix - Race [v3.6.1]
req            INFO 	No cached data found for session_info. Loading data...
_api           INFO 	Fetching session info data...
req            INFO 	Data has been written to cache!
req            INFO 	No cached data found for driver_info. Loading data...
_api           INFO 	Fetching driver list...
req            INFO 	Data has been written to cache!
req            INFO 	No cached data found for session_status_data. Loading data...
_api           INFO 	Fetching session status data...
req            INFO 	Data has been written to cache!
req            INFO 	No cached data found for lap_count. Loading data...
_api           INFO 	Fetching lap count data...
req            INFO 	Data has been written to cache!
req            INFO 	No cached data found for track_status_data. Loading data...
_api           INFO 	Fetching track status data...
req            INFO 	Data has been written to cache!
req            INFO 	No cached data found for _extended_timing_data. Loading data...
_api           INFO 	Fetching timing data...
_api           INFO 	Parsing timing data...
req            INFO 	Data has been written to cache!
req            INFO 	No cached data found for timing_app_data. Loading data...
_api           INFO 	Fetching timing app data...
req            INFO 	Data has been written to cache!
core           INFO 	Processing timing data...
core           INFO 	Finished loading data for 20 drivers: ['4', '81', '63', '16', '14', '5', '18', '30', '1', '12', '6', '44', '27', '55', '23', '31', '22', '43', '10', '87']
ok 2025 14
core           INFO 	Loading data for Dutch Grand Prix - Race [v3.6.1]
req            INFO 	No cached data found for session_info. Loading data...
_api           INFO 	Fetching session info data...
req            INFO 	Data has been written to cache!
req            INFO 	No cached data found for driver_info. Loading data...
_api           INFO 	Fetching driver list...
req            INFO 	Data has been written to cache!
req            INFO 	No cached data found for session_status_data. Loading data...
_api           INFO 	Fetching session status data...
req            INFO 	Data has been written to cache!
req            INFO 	No cached data found for lap_count. Loading data...
_api           INFO 	Fetching lap count data...
req            INFO 	Data has been written to cache!
req            INFO 	No cached data found for track_status_data. Loading data...
_api           INFO 	Fetching track status data...
req            INFO 	Data has been written to cache!
req            INFO 	No cached data found for _extended_timing_data. Loading data...
_api           INFO 	Fetching timing data...
_api           INFO 	Parsing timing data...
req            INFO 	Data has been written to cache!
req            INFO 	No cached data found for timing_app_data. Loading data...
_api           INFO 	Fetching timing app data...
req            INFO 	Data has been written to cache!
core           INFO 	Processing timing data...
core           INFO 	Finished loading data for 20 drivers: ['81', '1', '6', '63', '23', '87', '18', '14', '22', '31', '43', '30', '55', '27', '5', '12', '10', '4', '16', '44']
ok 2025 15
core           INFO 	Loading data for Italian Grand Prix - Race [v3.6.1]
req            INFO 	No cached data found for session_info. Loading data...
_api           INFO 	Fetching session info data...
req            INFO 	Data has been written to cache!
req            INFO 	No cached data found for driver_info. Loading data...
_api           INFO 	Fetching driver list...
req            INFO 	Data has been written to cache!
req            INFO 	No cached data found for session_status_data. Loading data...
_api           INFO 	Fetching session status data...
req            INFO 	Data has been written to cache!
req            INFO 	No cached data found for lap_count. Loading data...
_api           INFO 	Fetching lap count data...
req            INFO 	Data has been written to cache!
req            INFO 	No cached data found for track_status_data. Loading data...
_api           INFO 	Fetching track status data...
req            INFO 	Data has been written to cache!
req            INFO 	No cached data found for _extended_timing_data. Loading data...
_api           INFO 	Fetching timing data...
_api           INFO 	Parsing timing data...
req            INFO 	Data has been written to cache!
req            INFO 	No cached data found for timing_app_data. Loading data...
_api           INFO 	Fetching timing app data...
req            INFO 	Data has been written to cache!
core           INFO 	Processing timing data...
core           INFO 	Finished loading data for 20 drivers: ['1', '4', '81', '16', '63', '44', '23', '5', '12', '6', '55', '87', '22', '30', '31', '10', '43', '18', '14', '27']
ok 2025 16
core           INFO 	Loading data for Azerbaijan Grand Prix - Race [v3.6.1]
req            INFO 	No cached data found for session_info. Loading data...
_api           INFO 	Fetching session info data...
req            INFO 	Data has been written to cache!
req            INFO 	No cached data found for driver_info. Loading data...
_api           INFO 	Fetching driver list...
req            INFO 	Data has been written to cache!
req            INFO 	No cached data found for session_status_data. Loading data...
_api           INFO 	Fetching session status data...
req            INFO 	Data has been written to cache!
req            INFO 	No cached data found for lap_count. Loading data...
_api           INFO 	Fetching lap count data...
req            INFO 	Data has been written to cache!
req            INFO 	No cached data found for track_status_data. Loading data...
_api           INFO 	Fetching track status data...
req            INFO 	Data has been written to cache!
req            INFO 	No cached data found for _extended_timing_data. Loading data...
_api           INFO 	Fetching timing data...
_api           INFO 	Parsing timing data...
req            INFO 	Data has been written to cache!
req            INFO 	No cached data found for timing_app_data. Loading data...
_api           INFO 	Fetching timing app data...
req            INFO 	Data has been written to cache!
core           INFO 	Processing timing data...
core        WARNING 	Driver 1 completed the race distance 00:00.015000 before the recorded end of the session.
core           INFO 	Finished loading data for 20 drivers: ['1', '63', '55', '12', '30', '22', '4', '44', '16', '6', '5', '87', '23', '31', '14', '27', '18', '10', '43', '81']
ok 2025 17
core           INFO 	Loading data for Singapore Grand Prix - Race [v3.6.1]
req            INFO 	No cached data found for session_info. Loading data...
_api           INFO 	Fetching session info data...
req            INFO 	Data has been written to cache!
req            INFO 	No cached data found for driver_info. Loading data...
_api           INFO 	Fetching driver list...
req            INFO 	Data has been written to cache!
req            INFO 	No cached data found for session_status_data. Loading data...
_api           INFO 	Fetching session status data...
req            INFO 	Data has been written to cache!
req            INFO 	No cached data found for lap_count. Loading data...
_api           INFO 	Fetching lap count data...
req            INFO 	Data has been written to cache!
req            INFO 	No cached data found for track_status_data. Loading data...
_api           INFO 	Fetching track status data...
req            INFO 	Data has been written to cache!
req            INFO 	No cached data found for _extended_timing_data. Loading data...
_api           INFO 	Fetching timing data...
_api           INFO 	Parsing timing data...
req            INFO 	Data has been written to cache!
req            INFO 	No cached data found for timing_app_data. Loading data...
_api           INFO 	Fetching timing app data...
req            INFO 	Data has been written to cache!
core           INFO 	Processing timing data...
core           INFO 	Finished loading data for 20 drivers: ['63', '1', '4', '81', '12', '16', '14', '44', '87', '55', '6', '22', '18', '23', '30', '43', '5', '31', '10', '27']
ok 2025 18
core           INFO 	Loading data for United States Grand Prix - Race [v3.6.1]
req            INFO 	No cached data found for session_info. Loading data...
_api           INFO 	Fetching session info data...
req            INFO 	Data has been written to cache!
req            INFO 	No cached data found for driver_info. Loading data...
_api           INFO 	Fetching driver list...
req            INFO 	Data has been written to cache!
req            INFO 	No cached data found for session_status_data. Loading data...
_api           INFO 	Fetching session status data...
req            INFO 	Data has been written to cache!
req            INFO 	No cached data found for lap_count. Loading data...
_api           INFO 	Fetching lap count data...
req            INFO 	Data has been written to cache!
req            INFO 	No cached data found for track_status_data. Loading data...
_api           INFO 	Fetching track status data...
req            INFO 	Data has been written to cache!
req            INFO 	No cached data found for _extended_timing_data. Loading data...
_api           INFO 	Fetching timing data...
_api           INFO 	Parsing timing data...
req            INFO 	Data has been written to cache!
req            INFO 	No cached data found for timing_app_data. Loading data...
_api           INFO 	Fetching timing app data...
req            INFO 	Data has been written to cache!
core           INFO 	Processing timing data...
core           INFO 	Finished loading data for 20 drivers: ['1', '4', '16', '44', '81', '63', '22', '27', '87', '14', '30', '18', '12', '23', '31', '6', '43', '5', '10', '55']
ok 2025 19
core           INFO 	Loading data for Mexico City Grand Prix - Race [v3.6.1]
req            INFO 	No cached data found for session_info. Loading data...
_api           INFO 	Fetching session info data...
req            INFO 	Data has been written to cache!
req            INFO 	No cached data found for driver_info. Loading data...
_api           INFO 	Fetching driver list...
req            INFO 	Data has been written to cache!
req            INFO 	No cached data found for session_status_data. Loading data...
_api           INFO 	Fetching session status data...
req            INFO 	Data has been written to cache!
req            INFO 	No cached data found for lap_count. Loading data...
_api           INFO 	Fetching lap count data...
req            INFO 	Data has been written to cache!
req            INFO 	No cached data found for track_status_data. Loading data...
_api           INFO 	Fetching track status data...
req            INFO 	Data has been written to cache!
req            INFO 	No cached data found for _extended_timing_data. Loading data...
_api           INFO 	Fetching timing data...
_api           INFO 	Parsing timing data...
req            INFO 	Data has been written to cache!
req            INFO 	No cached data found for timing_app_data. Loading data...
_api           INFO 	Fetching timing app data...
req            INFO 	Data has been written to cache!
core           INFO 	Processing timing data...
core           INFO 	Finished loading data for 20 drivers: ['4', '16', '1', '87', '81', '12', '63', '44', '31', '5', '22', '23', '6', '18', '10', '43', '55', '14', '27', '30']
ok 2025 20
core           INFO 	Loading data for São Paulo Grand Prix - Race [v3.6.1]
req            INFO 	No cached data found for session_info. Loading data...
_api           INFO 	Fetching session info data...
req            INFO 	Data has been written to cache!
req            INFO 	No cached data found for driver_info. Loading data...
_api           INFO 	Fetching driver list...
req            INFO 	Data has been written to cache!
req            INFO 	No cached data found for session_status_data. Loading data...
_api           INFO 	Fetching session status data...
req            INFO 	Data has been written to cache!
req            INFO 	No cached data found for lap_count. Loading data...
_api           INFO 	Fetching lap count data...
req            INFO 	Data has been written to cache!
req            INFO 	No cached data found for track_status_data. Loading data...
_api           INFO 	Fetching track status data...
req            INFO 	Data has been written to cache!
req            INFO 	No cached data found for _extended_timing_data. Loading data...
_api           INFO 	Fetching timing data...
_api           INFO 	Parsing timing data...
req            INFO 	Data has been written to cache!
req            INFO 	No cached data found for timing_app_data. Loading data...
_api           INFO 	Fetching timing app data...
req            INFO 	Data has been written to cache!
core           INFO 	Processing timing data...
core        WARNING 	Driver 4 completed the race distance 00:00.010000 before the recorded end of the session.
core           INFO 	Finished loading data for 20 drivers: ['4', '12', '1', '63', '81', '87', '30', '6', '27', '10', '23', '31', '55', '14', '43', '18', '22', '44', '16', '5']
ok 2025 21
core           INFO 	Loading data for Las Vegas Grand Prix - Race [v3.6.1]
req            INFO 	No cached data found for session_info. Loading data...
_api           INFO 	Fetching session info data...
req            INFO 	Data has been written to cache!
req            INFO 	No cached data found for driver_info. Loading data...
_api           INFO 	Fetching driver list...
req            INFO 	Data has been written to cache!
req            INFO 	No cached data found for session_status_data. Loading data...
_api           INFO 	Fetching session status data...
req            INFO 	Data has been written to cache!
req            INFO 	No cached data found for lap_count. Loading data...
_api           INFO 	Fetching lap count data...
req            INFO 	Data has been written to cache!
req            INFO 	No cached data found for track_status_data. Loading data...
_api           INFO 	Fetching track status data...
req            INFO 	Data has been written to cache!
req            INFO 	No cached data found for _extended_timing_data. Loading data...
_api           INFO 	Fetching timing data...
_api           INFO 	Parsing timing data...
_api        WARNING 	Failed to align laps for drivers: ['5']
req            INFO 	Data has been written to cache!
req            INFO 	No cached data found for timing_app_data. Loading data...
_api           INFO 	Fetching timing app data...
req            INFO 	Data has been written to cache!
core           INFO 	Processing timing data...
core        WARNING 	Fixed incorrect tyre stint information for driver '63'
core           INFO 	Finished loading data for 20 drivers: ['1', '63', '12', '16', '55', '6', '27', '44', '31', '87', '14', '22', '10', '30', '43', '23', '5', '18', '4', '81']
ok 2025 22
core           INFO 	Loading data for Qatar Grand Prix - Race [v3.6.1]
req            INFO 	No cached data found for session_info. Loading data...
_api           INFO 	Fetching session info data...
req            INFO 	Data has been written to cache!
req            INFO 	No cached data found for driver_info. Loading data...
_api           INFO 	Fetching driver list...
req            INFO 	Data has been written to cache!
req            INFO 	No cached data found for session_status_data. Loading data...
_api           INFO 	Fetching session status data...
req            INFO 	Data has been written to cache!
req            INFO 	No cached data found for lap_count. Loading data...
_api           INFO 	Fetching lap count data...
req            INFO 	Data has been written to cache!
req            INFO 	No cached data found for track_status_data. Loading data...
_api           INFO 	Fetching track status data...
req            INFO 	Data has been written to cache!
req            INFO 	No cached data found for _extended_timing_data. Loading data...
_api           INFO 	Fetching timing data...
_api           INFO 	Parsing timing data...
req            INFO 	Data has been written to cache!
req            INFO 	No cached data found for timing_app_data. Loading data...
_api           INFO 	Fetching timing app data...
req            INFO 	Data has been written to cache!
core           INFO 	Processing timing data...
core           INFO 	Finished loading data for 20 drivers: ['1', '81', '55', '4', '12', '63', '14', '16', '30', '22', '23', '44', '5', '43', '31', '10', '18', '6', '87', '27']
ok 2025 23
core           INFO 	Loading data for Abu Dhabi Grand Prix - Race [v3.6.1]
req            INFO 	No cached data found for session_info. Loading data...
_api           INFO 	Fetching session info data...
req            INFO 	Data has been written to cache!
req            INFO 	No cached data found for driver_info. Loading data...
_api           INFO 	Fetching driver list...
req            INFO 	Data has been written to cache!
req            INFO 	No cached data found for session_status_data. Loading data...
_api           INFO 	Fetching session status data...
req            INFO 	Data has been written to cache!
req            INFO 	No cached data found for lap_count. Loading data...
_api           INFO 	Fetching lap count data...
req            INFO 	Data has been written to cache!
req            INFO 	No cached data found for track_status_data. Loading data...
_api           INFO 	Fetching track status data...
req            INFO 	Data has been written to cache!
req            INFO 	No cached data found for _extended_timing_data. Loading data...
_api           INFO 	Fetching timing data...
_api           INFO 	Parsing timing data...
req            INFO 	Data has been written to cache!
req            INFO 	No cached data found for timing_app_data. Loading data...
_api           INFO 	Fetching timing app data...
req            INFO 	Data has been written to cache!
core           INFO 	Processing timing data...
core           INFO 	Finished loading data for 20 drivers: ['1', '81', '4', '16', '63', '14', '31', '44', '27', '18', '5', '87', '55', '22', '12', '23', '6', '30', '10', '43']
ok 2025 24
core           INFO 	Loading data for Australian Grand Prix - Race [v3.6.1]
req            INFO 	No cached data found for session_info. Loading data...
_api           INFO 	Fetching session info data...
req            INFO 	Data has been written to cache!
req            INFO 	No cached data found for driver_info. Loading data...
_api           INFO 	Fetching driver list...
req            INFO 	Data has been written to cache!
req            INFO 	No cached data found for session_status_data. Loading data...
_api           INFO 	Fetching session status data...
req            INFO 	Data has been written to cache!
req            INFO 	No cached data found for lap_count. Loading data...
_api           INFO 	Fetching lap count data...
req            INFO 	Data has been written to cache!
req            INFO 	No cached data found for track_status_data. Loading data...
_api           INFO 	Fetching track status data...
req            INFO 	Data has been written to cache!
req            INFO 	No cached data found for _extended_timing_data. Loading data...
_api           INFO 	Fetching timing data...
_api           INFO 	Parsing timing data...
req            INFO 	Data has been written to cache!
req            INFO 	No cached data found for timing_app_data. Loading data...
_api           INFO 	Fetching timing app data...
req            INFO 	Data has been written to cache!
core           INFO 	Processing timing data...
core        WARNING 	No lap data for driver 81
core        WARNING 	Failed to perform lap accuracy check - all laps marked as inaccurate (driver 81)
core           INFO 	Finished loading data for 22 drivers: ['63', '12', '16', '44', '1', '3', '87', '41', '5', '10', '31', '23', '30', '43', '55', '11', '18', '14', '77', '6', '81', '27']
ok 2026 1
core           INFO 	Loading data for Chinese Grand Prix - Race [v3.6.1]
req            INFO 	No cached data found for session_info. Loading data...
_api           INFO 	Fetching session info data...
req            INFO 	Data has been written to cache!
req            INFO 	No cached data found for driver_info. Loading data...
_api           INFO 	Fetching driver list...
req            INFO 	Data has been written to cache!
req            INFO 	No cached data found for session_status_data. Loading data...
_api           INFO 	Fetching session status data...
req            INFO 	Data has been written to cache!
req            INFO 	No cached data found for lap_count. Loading data...
_api           INFO 	Fetching lap count data...
req            INFO 	Data has been written to cache!
req            INFO 	No cached data found for track_status_data. Loading data...
_api           INFO 	Fetching track status data...
req            INFO 	Data has been written to cache!
req            INFO 	No cached data found for _extended_timing_data. Loading data...
_api           INFO 	Fetching timing data...
_api           INFO 	Parsing timing data...
req            INFO 	Data has been written to cache!
req            INFO 	No cached data found for timing_app_data. Loading data...
_api           INFO 	Fetching timing app data...
req            INFO 	Data has been written to cache!
core           INFO 	Processing timing data...
core        WARNING 	Driver 12 completed the race distance 00:00.022000 before the recorded end of the session.
core           INFO 	Finished loading data for 22 drivers: ['12', '63', '44', '16', '87', '10', '30', '6', '55', '43', '27', '41', '77', '31', '11', '3', '14', '18', '81', '1', '5', '23']
ok 2026 2
core           INFO 	Loading data for Japanese Grand Prix - Race [v3.6.1]
req            INFO 	No cached data found for session_info. Loading data...
_api           INFO 	Fetching session info data...
req            INFO 	Data has been written to cache!
req            INFO 	No cached data found for driver_info. Loading data...
_api           INFO 	Fetching driver list...
req            INFO 	Data has been written to cache!
req            INFO 	No cached data found for session_status_data. Loading data...
_api           INFO 	Fetching session status data...
req            INFO 	Data has been written to cache!
req            INFO 	No cached data found for lap_count. Loading data...
_api           INFO 	Fetching lap count data...
req            INFO 	Data has been written to cache!
req            INFO 	No cached data found for track_status_data. Loading data...
_api           INFO 	Fetching track status data...
req            INFO 	Data has been written to cache!
req            INFO 	No cached data found for _extended_timing_data. Loading data...
_api           INFO 	Fetching timing data...
_api           INFO 	Parsing timing data...
req            INFO 	Data has been written to cache!
req            INFO 	No cached data found for timing_app_data. Loading data...
_api           INFO 	Fetching timing app data...
req            INFO 	Data has been written to cache!
core           INFO 	Processing timing data...
core           INFO 	Finished loading data for 22 drivers: ['12', '81', '16', '63', '1', '44', '10', '3', '30', '31', '27', '6', '5', '41', '55', '43', '11', '14', '77', '23', '18', '87']
ok 2026 3
core           INFO 	Loading data for Miami Grand Prix - Race [v3.6.1]
req            INFO 	No cached data found for session_info. Loading data...
_api           INFO 	Fetching session info data...
req            INFO 	Data has been written to cache!
req            INFO 	No cached data found for driver_info. Loading data...
_api           INFO 	Fetching driver list...
req            INFO 	Data has been written to cache!
req            INFO 	No cached data found for session_status_data. Loading data...
_api           INFO 	Fetching session status data...
req            INFO 	Data has been written to cache!
req            INFO 	No cached data found for lap_count. Loading data...
_api           INFO 	Fetching lap count data...
req            INFO 	Data has been written to cache!
req            INFO 	No cached data found for track_status_data. Loading data...
_api           INFO 	Fetching track status data...
req            INFO 	Data has been written to cache!
req            INFO 	No cached data found for _extended_timing_data. Loading data...
_api           INFO 	Fetching timing data...
_api           INFO 	Parsing timing data...
req            INFO 	Data has been written to cache!
req            INFO 	No cached data found for timing_app_data. Loading data...
_api           INFO 	Fetching timing app data...
req            INFO 	Data has been written to cache!
core           INFO 	Processing timing data...
core        WARNING 	Driver 12 completed the race distance 00:00.027000 before the recorded end of the session.
core           INFO 	Finished loading data for 22 drivers: ['12', '1', '81', '63', '3', '44', '43', '16', '55', '23', '87', '5', '31', '41', '14', '11', '18', '77', '27', '30', '10', '6']
ok 2026 4
core           INFO 	Loading data for Canadian Grand Prix - Race [v3.6.1]
req            INFO 	No cached data found for session_info. Loading data...
_api           INFO 	Fetching session info data...
req            INFO 	Data has been written to cache!
req            INFO 	No cached data found for driver_info. Loading data...
_api           INFO 	Fetching driver list...
req            INFO 	Data has been written to cache!
req            INFO 	No cached data found for session_status_data. Loading data...
_api           INFO 	Fetching session status data...
req            INFO 	Data has been written to cache!
req            INFO 	No cached data found for lap_count. Loading data...
_api           INFO 	Fetching lap count data...
req            INFO 	Data has been written to cache!
req            INFO 	No cached data found for track_status_data. Loading data...
_api           INFO 	Fetching track status data...
req            INFO 	Data has been written to cache!
req            INFO 	No cached data found for _extended_timing_data. Loading data...
_api           INFO 	Fetching timing data...
_api           INFO 	Parsing timing data...
req            INFO 	Data has been written to cache!
req            INFO 	No cached data found for timing_app_data. Loading data...
_api           INFO 	Fetching timing app data...
req            INFO 	Data has been written to cache!
core           INFO 	Processing timing data...
core           INFO 	Finished loading data for 22 drivers: ['12', '44', '3', '16', '6', '43', '30', '10', '55', '87', '81', '27', '5', '31', '18', '77', '11', '1', '63', '14', '23', '41']
ok 2026 5
core           INFO 	Loading data for Monaco Grand Prix - Race [v3.6.1]
req            INFO 	No cached data found for session_info. Loading data...
_api           INFO 	Fetching session info data...
req            INFO 	Data has been written to cache!
req            INFO 	No cached data found for driver_info. Loading data...
_api           INFO 	Fetching driver list...
req            INFO 	Data has been written to cache!
req            INFO 	No cached data found for session_status_data. Loading data...
_api           INFO 	Fetching session status data...
req            INFO 	Data has been written to cache!
req            INFO 	No cached data found for lap_count. Loading data...
_api           INFO 	Fetching lap count data...
req            INFO 	Data has been written to cache!
req            INFO 	No cached data found for track_status_data. Loading data...
_api           INFO 	Fetching track status data...
req            INFO 	Data has been written to cache!
req            INFO 	No cached data found for _extended_timing_data. Loading data...
_api           INFO 	Fetching timing data...
_api           INFO 	Parsing timing data...
req            INFO 	Data has been written to cache!
req            INFO 	No cached data found for timing_app_data. Loading data...
_api           INFO 	Fetching timing app data...
req            INFO 	Data has been written to cache!
core           INFO 	Processing timing data...
core           INFO 	Finished loading data for 22 drivers: ['12', '44', '6', '81', '30', '41', '10', '23', '31', '14', '5', '63', '27', '43', '11', '55', '16', '18', '1', '87', '77', '3']
ok 2026 6
core           INFO 	Loading data for Barcelona Grand Prix - Race [v3.6.1]
req            INFO 	No cached data found for session_info. Loading data...
_api           INFO 	Fetching session info data...
req            INFO 	Data has been written to cache!
req            INFO 	No cached data found for driver_info. Loading data...
_api           INFO 	Fetching driver list...
req            INFO 	Data has been written to cache!
req            INFO 	No cached data found for session_status_data. Loading data...
_api           INFO 	Fetching session status data...
req            INFO 	Data has been written to cache!
req            INFO 	No cached data found for lap_count. Loading data...
_api           INFO 	Fetching lap count data...
req            INFO 	Data has been written to cache!
req            INFO 	No cached data found for track_status_data. Loading data...
_api           INFO 	Fetching track status data...
req            INFO 	Data has been written to cache!
req            INFO 	No cached data found for _extended_timing_data. Loading data...
_api           INFO 	Fetching timing data...
_api           INFO 	Parsing timing data...
req            INFO 	Data has been written to cache!
req            INFO 	No cached data found for timing_app_data. Loading data...
_api           INFO 	Fetching timing app data...
req            INFO 	Data has been written to cache!
core           INFO 	Processing timing data...
core        WARNING 	Fixed incorrect tyre stint information for driver '87'
logger      WARNING 	Failed to add first lap time from Ergast!
core           INFO 	Finished loading data for 22 drivers: ['44', '63', '1', '3', '81', '6', '10', '30', '41', '43', '5', '55', '31', '11', '16', '12', '87', '23', '14', '27', '77', '18']
ok 2026 7
core           INFO 	Loading data for Austrian Grand Prix - Race [v3.6.1]
req            INFO 	No cached data found for session_info. Loading data...
_api           INFO 	Fetching session info data...
logger      WARNING 	Failed to load session info data!
req            INFO 	No cached data found for driver_info. Loading data...
_api           INFO 	Fetching driver list...
core        WARNING 	Failed to load extended driver information!
logger      WARNING 	Failed to load result data from Ergast!
core        WARNING 	No result data for this session available on Ergast! (This is expected for recent sessions)
core        WARNING 	Failed to load driver list and session results!
req            INFO 	No cached data found for session_status_data. Loading data...
_api           INFO 	Fetching session status data...
logger      WARNING 	Failed to load session status data!
req            INFO 	No cached data found for lap_count. Loading data...
_api           INFO 	Fetching lap count data...
logger      WARNING 	Failed to load total lap count!
req            INFO 	No cached data found for track_status_data. Loading data...
_api           INFO 	Fetching track status data...
logger      WARNING 	Failed to load track status data!
req            INFO 	No cached data found for _extended_timing_data. Loading data...
_api           INFO 	Fetching timing data...
logger      WARNING 	Failed to load timing data!
logger      WARNING 	Failed to add first lap time from Ergast!
core           INFO 	Finished loading data for 0 drivers: []
FAIL 2026 8 DataNotLoadedError('The data you are trying to access has not been loaded yet. See `Session.load`')
core           INFO 	Loading data for British Grand Prix - Race [v3.6.1]
req            INFO 	No cached data found for session_info. Loading data...
_api           INFO 	Fetching session info data...
logger      WARNING 	Failed to load session info data!
req            INFO 	No cached data found for driver_info. Loading data...
_api           INFO 	Fetching driver list...
core        WARNING 	Failed to load extended driver information!
logger      WARNING 	Failed to load result data from Ergast!
core        WARNING 	No result data for this session available on Ergast! (This is expected for recent sessions)
core        WARNING 	Failed to load driver list and session results!
req            INFO 	No cached data found for session_status_data. Loading data...
_api           INFO 	Fetching session status data...
logger      WARNING 	Failed to load session status data!
req            INFO 	No cached data found for lap_count. Loading data...
_api           INFO 	Fetching lap count data...
logger      WARNING 	Failed to load total lap count!
req            INFO 	No cached data found for track_status_data. Loading data...
_api           INFO 	Fetching track status data...
logger      WARNING 	Failed to load track status data!
req            INFO 	No cached data found for _extended_timing_data. Loading data...
_api           INFO 	Fetching timing data...
logger      WARNING 	Failed to load timing data!
logger      WARNING 	Failed to add first lap time from Ergast!
core           INFO 	Finished loading data for 0 drivers: []
FAIL 2026 9 DataNotLoadedError('The data you are trying to access has not been loaded yet. See `Session.load`')
core           INFO 	Loading data for Belgian Grand Prix - Race [v3.6.1]
req            INFO 	No cached data found for session_info. Loading data...
_api           INFO 	Fetching session info data...
logger      WARNING 	Failed to load session info data!
req            INFO 	No cached data found for driver_info. Loading data...
_api           INFO 	Fetching driver list...
core        WARNING 	Failed to load extended driver information!
logger      WARNING 	Failed to load result data from Ergast!
core        WARNING 	No result data for this session available on Ergast! (This is expected for recent sessions)
core        WARNING 	Failed to load driver list and session results!
req            INFO 	No cached data found for session_status_data. Loading data...
_api           INFO 	Fetching session status data...
logger      WARNING 	Failed to load session status data!
req            INFO 	No cached data found for lap_count. Loading data...
_api           INFO 	Fetching lap count data...
logger      WARNING 	Failed to load total lap count!
req            INFO 	No cached data found for track_status_data. Loading data...
_api           INFO 	Fetching track status data...
logger      WARNING 	Failed to load track status data!
req            INFO 	No cached data found for _extended_timing_data. Loading data...
_api           INFO 	Fetching timing data...
logger      WARNING 	Failed to load timing data!
logger      WARNING 	Failed to add first lap time from Ergast!
core           INFO 	Finished loading data for 0 drivers: []
FAIL 2026 10 DataNotLoadedError('The data you are trying to access has not been loaded yet. See `Session.load`')
core           INFO 	Loading data for Hungarian Grand Prix - Race [v3.6.1]
req            INFO 	No cached data found for session_info. Loading data...
_api           INFO 	Fetching session info data...
logger      WARNING 	Failed to load session info data!
req            INFO 	No cached data found for driver_info. Loading data...
_api           INFO 	Fetching driver list...
core        WARNING 	Failed to load extended driver information!
logger      WARNING 	Failed to load result data from Ergast!
core        WARNING 	No result data for this session available on Ergast! (This is expected for recent sessions)
core        WARNING 	Failed to load driver list and session results!
req            INFO 	No cached data found for session_status_data. Loading data...
_api           INFO 	Fetching session status data...
logger      WARNING 	Failed to load session status data!
req            INFO 	No cached data found for lap_count. Loading data...
_api           INFO 	Fetching lap count data...
logger      WARNING 	Failed to load total lap count!
req            INFO 	No cached data found for track_status_data. Loading data...
_api           INFO 	Fetching track status data...
logger      WARNING 	Failed to load track status data!
req            INFO 	No cached data found for _extended_timing_data. Loading data...
_api           INFO 	Fetching timing data...
logger      WARNING 	Failed to load timing data!
logger      WARNING 	Failed to add first lap time from Ergast!
core           INFO 	Finished loading data for 0 drivers: []
FAIL 2026 11 DataNotLoadedError('The data you are trying to access has not been loaded yet. See `Session.load`')
core           INFO 	Loading data for Dutch Grand Prix - Race [v3.6.1]
req            INFO 	No cached data found for session_info. Loading data...
_api           INFO 	Fetching session info data...
logger      WARNING 	Failed to load session info data!
req            INFO 	No cached data found for driver_info. Loading data...
_api           INFO 	Fetching driver list...
core        WARNING 	Failed to load extended driver information!
logger      WARNING 	Failed to load result data from Ergast!
core        WARNING 	No result data for this session available on Ergast! (This is expected for recent sessions)
core        WARNING 	Failed to load driver list and session results!
req            INFO 	No cached data found for session_status_data. Loading data...
_api           INFO 	Fetching session status data...
logger      WARNING 	Failed to load session status data!
req            INFO 	No cached data found for lap_count. Loading data...
_api           INFO 	Fetching lap count data...
logger      WARNING 	Failed to load total lap count!
req            INFO 	No cached data found for track_status_data. Loading data...
_api           INFO 	Fetching track status data...
logger      WARNING 	Failed to load track status data!
req            INFO 	No cached data found for _extended_timing_data. Loading data...
_api           INFO 	Fetching timing data...
logger      WARNING 	Failed to load timing data!
logger      WARNING 	Failed to add first lap time from Ergast!
core           INFO 	Finished loading data for 0 drivers: []
FAIL 2026 12 DataNotLoadedError('The data you are trying to access has not been loaded yet. See `Session.load`')
core           INFO 	Loading data for Italian Grand Prix - Race [v3.6.1]
req            INFO 	No cached data found for session_info. Loading data...
_api           INFO 	Fetching session info data...
logger      WARNING 	Failed to load session info data!
req            INFO 	No cached data found for driver_info. Loading data...
_api           INFO 	Fetching driver list...
core        WARNING 	Failed to load extended driver information!
logger      WARNING 	Failed to load result data from Ergast!
core        WARNING 	No result data for this session available on Ergast! (This is expected for recent sessions)
core        WARNING 	Failed to load driver list and session results!
req            INFO 	No cached data found for session_status_data. Loading data...
_api           INFO 	Fetching session status data...
logger      WARNING 	Failed to load session status data!
req            INFO 	No cached data found for lap_count. Loading data...
_api           INFO 	Fetching lap count data...
logger      WARNING 	Failed to load total lap count!
req            INFO 	No cached data found for track_status_data. Loading data...
_api           INFO 	Fetching track status data...
logger      WARNING 	Failed to load track status data!
req            INFO 	No cached data found for _extended_timing_data. Loading data...
_api           INFO 	Fetching timing data...
logger      WARNING 	Failed to load timing data!
logger      WARNING 	Failed to add first lap time from Ergast!
core           INFO 	Finished loading data for 0 drivers: []
FAIL 2026 13 DataNotLoadedError('The data you are trying to access has not been loaded yet. See `Session.load`')
core           INFO 	Loading data for Spanish Grand Prix - Race [v3.6.1]
req            INFO 	No cached data found for session_info. Loading data...
_api           INFO 	Fetching session info data...
logger      WARNING 	Failed to load session info data!
req            INFO 	No cached data found for driver_info. Loading data...
_api           INFO 	Fetching driver list...
core        WARNING 	Failed to load extended driver information!
logger      WARNING 	Failed to load result data from Ergast!
core        WARNING 	No result data for this session available on Ergast! (This is expected for recent sessions)
core        WARNING 	Failed to load driver list and session results!
req            INFO 	No cached data found for session_status_data. Loading data...
_api           INFO 	Fetching session status data...
logger      WARNING 	Failed to load session status data!
req            INFO 	No cached data found for lap_count. Loading data...
_api           INFO 	Fetching lap count data...
logger      WARNING 	Failed to load total lap count!
req            INFO 	No cached data found for track_status_data. Loading data...
_api           INFO 	Fetching track status data...
logger      WARNING 	Failed to load track status data!
req            INFO 	No cached data found for _extended_timing_data. Loading data...
_api           INFO 	Fetching timing data...
logger      WARNING 	Failed to load timing data!
logger      WARNING 	Failed to add first lap time from Ergast!
core           INFO 	Finished loading data for 0 drivers: []
FAIL 2026 14 DataNotLoadedError('The data you are trying to access has not been loaded yet. See `Session.load`')
core           INFO 	Loading data for Azerbaijan Grand Prix - Race [v3.6.1]
req            INFO 	No cached data found for session_info. Loading data...
_api           INFO 	Fetching session info data...
logger      WARNING 	Failed to load session info data!
req            INFO 	No cached data found for driver_info. Loading data...
_api           INFO 	Fetching driver list...
core        WARNING 	Failed to load extended driver information!
logger      WARNING 	Failed to load result data from Ergast!
core        WARNING 	No result data for this session available on Ergast! (This is expected for recent sessions)
core        WARNING 	Failed to load driver list and session results!
req            INFO 	No cached data found for session_status_data. Loading data...
_api           INFO 	Fetching session status data...
logger      WARNING 	Failed to load session status data!
req            INFO 	No cached data found for lap_count. Loading data...
_api           INFO 	Fetching lap count data...
logger      WARNING 	Failed to load total lap count!
req            INFO 	No cached data found for track_status_data. Loading data...
_api           INFO 	Fetching track status data...
logger      WARNING 	Failed to load track status data!
req            INFO 	No cached data found for _extended_timing_data. Loading data...
_api           INFO 	Fetching timing data...
logger      WARNING 	Failed to load timing data!
logger      WARNING 	Failed to add first lap time from Ergast!
core           INFO 	Finished loading data for 0 drivers: []
FAIL 2026 15 DataNotLoadedError('The data you are trying to access has not been loaded yet. See `Session.load`')
