core           INFO 	Loading data for Australian Grand Prix - Race [v3.6.1]
req            INFO 	No cached data found for session_info. Loading data...
_api           INFO 	Fetching session info data...
req            INFO 	Data has been written to cache!
req            INFO 	No cached data found for driver_info. Loading data...
_api           INFO 	Fetching driver list...
req            INFO 	Data has been written to cache!
req            INFO 	No cached data found for weather_data. Loading data...
_api           INFO 	Fetching weather data...
req            INFO 	Data has been written to cache!
core           INFO 	Finished loading data for 20 drivers: ['5', '44', '7', '3', '14', '33', '27', '77', '2', '55', '11', '31', '16', '18', '28', '8', '20', '10', '9', '35']
core           INFO 	Loading data for Australian Grand Prix - Practice 2 [v3.6.1]
req            INFO 	No cached data found for session_info. Loading data...
_api           INFO 	Fetching session info data...
req            INFO 	Data has been written to cache!
req            INFO 	No cached data found for driver_info. Loading data...
_api           INFO 	Fetching driver list...
req            INFO 	Data has been written to cache!
req            INFO 	No cached data found for session_status_data. Loading data...
_api           INFO 	Fetching session status data...
req            INFO 	Data has been written to cache!
req            INFO 	No cached data found for track_status_data. Loading data...
_api           INFO 	Fetching track status data...
req            INFO 	Data has been written to cache!
req            INFO 	No cached data found for _extended_timing_data. Loading data...
_api           INFO 	Fetching timing data...
_api           INFO 	Parsing timing data...
_api        WARNING 	Driver  5: Encountered 1 timing integrity error(s) near lap(s): [24].
This might be a bug and should be reported.
_api        WARNING 	Driver  7: Encountered 1 timing integrity error(s) near lap(s): [27].
This might be a bug and should be reported.
_api        WARNING 	Driver  9: Encountered 1 timing integrity error(s) near lap(s): [4].
This might be a bug and should be reported.
_api        WARNING 	Driver 55: Encountered 1 timing integrity error(s) near lap(s): [9].
This might be a bug and should be reported.
req            INFO 	Data has been written to cache!
req            INFO 	No cached data found for timing_app_data. Loading data...
_api           INFO 	Fetching timing app data...
req            INFO 	Data has been written to cache!
core           INFO 	Processing timing data...
core        WARNING 	Fixed incorrect tyre stint information for driver '14'
core        WARNING 	Driver 28: Lap timing integrity check failed for 1 lap(s)
core        WARNING 	Driver 31: Lap timing integrity check failed for 1 lap(s)
core        WARNING 	Driver 35: Lap timing integrity check failed for 1 lap(s)
core           INFO 	Finished loading data for 20 drivers: ['2', '3', '5', '7', '8', '9', '10', '11', '14', '16', '18', '20', '27', '28', '31', '33', '35', '44', '55', '77']
ok 2018 1
core           INFO 	Loading data for Spanish Grand Prix - Race [v3.6.1]
req            INFO 	No cached data found for session_info. Loading data...
_api           INFO 	Fetching session info data...
req            INFO 	Data has been written to cache!
req            INFO 	No cached data found for driver_info. Loading data...
_api           INFO 	Fetching driver list...
req            INFO 	Data has been written to cache!
req            INFO 	No cached data found for weather_data. Loading data...
_api           INFO 	Fetching weather data...
req            INFO 	Data has been written to cache!
core           INFO 	Finished loading data for 20 drivers: ['44', '77', '33', '5', '3', '20', '55', '14', '11', '16', '18', '28', '9', '35', '2', '31', '7', '8', '10', '27']
core           INFO 	Loading data for Spanish Grand Prix - Practice 2 [v3.6.1]
req            INFO 	No cached data found for session_info. Loading data...
_api           INFO 	Fetching session info data...
req            INFO 	Data has been written to cache!
req            INFO 	No cached data found for driver_info. Loading data...
_api           INFO 	Fetching driver list...
req            INFO 	Data has been written to cache!
req            INFO 	No cached data found for session_status_data. Loading data...
_api           INFO 	Fetching session status data...
req            INFO 	Data has been written to cache!
req            INFO 	No cached data found for track_status_data. Loading data...
_api           INFO 	Fetching track status data...
req            INFO 	Data has been written to cache!
req            INFO 	No cached data found for _extended_timing_data. Loading data...
_api           INFO 	Fetching timing data...
_api           INFO 	Parsing timing data...
req            INFO 	Data has been written to cache!
req            INFO 	No cached data found for timing_app_data. Loading data...
_api           INFO 	Fetching timing app data...
req            INFO 	Data has been written to cache!
core           INFO 	Processing timing data...
core           INFO 	Finished loading data for 20 drivers: ['2', '3', '5', '7', '8', '9', '10', '11', '14', '16', '18', '20', '27', '28', '31', '33', '35', '44', '55', '77']
ok 2018 5
core           INFO 	Loading data for Austrian Grand Prix - Race [v3.6.1]
req            INFO 	No cached data found for session_info. Loading data...
_api           INFO 	Fetching session info data...
req            INFO 	Data has been written to cache!
req            INFO 	No cached data found for driver_info. Loading data...
_api           INFO 	Fetching driver list...
req            INFO 	Data has been written to cache!
req            INFO 	No cached data found for weather_data. Loading data...
_api           INFO 	Fetching weather data...
req            INFO 	Data has been written to cache!
core           INFO 	Finished loading data for 20 drivers: ['33', '7', '5', '8', '20', '31', '11', '14', '16', '9', '10', '55', '35', '18', '2', '44', '28', '3', '77', '27']
core           INFO 	Loading data for Austrian Grand Prix - Practice 2 [v3.6.1]
req            INFO 	No cached data found for session_info. Loading data...
_api           INFO 	Fetching session info data...
req            INFO 	Data has been written to cache!
req            INFO 	No cached data found for driver_info. Loading data...
_api           INFO 	Fetching driver list...
req            INFO 	Data has been written to cache!
req            INFO 	No cached data found for session_status_data. Loading data...
_api           INFO 	Fetching session status data...
req            INFO 	Data has been written to cache!
req            INFO 	No cached data found for track_status_data. Loading data...
_api           INFO 	Fetching track status data...
req            INFO 	Data has been written to cache!
req            INFO 	No cached data found for _extended_timing_data. Loading data...
_api           INFO 	Fetching timing data...
_api           INFO 	Parsing timing data...
req            INFO 	Data has been written to cache!
req            INFO 	No cached data found for timing_app_data. Loading data...
_api           INFO 	Fetching timing app data...
req            INFO 	Data has been written to cache!
core           INFO 	Processing timing data...
core           INFO 	Finished loading data for 20 drivers: ['2', '3', '5', '7', '8', '9', '10', '11', '14', '16', '18', '20', '27', '28', '31', '33', '35', '44', '55', '77']
ok 2018 9
core           INFO 	Loading data for Belgian Grand Prix - Race [v3.6.1]
req            INFO 	No cached data found for session_info. Loading data...
_api           INFO 	Fetching session info data...
req            INFO 	Data has been written to cache!
req            INFO 	No cached data found for driver_info. Loading data...
_api           INFO 	Fetching driver list...
req            INFO 	Data has been written to cache!
req            INFO 	No cached data found for weather_data. Loading data...
_api           INFO 	Fetching weather data...
req            INFO 	Data has been written to cache!
core           INFO 	Finished loading data for 20 drivers: ['5', '44', '33', '77', '11', '31', '8', '20', '10', '9', '55', '35', '18', '28', '2', '3', '7', '16', '14', '27']
core           INFO 	Loading data for Belgian Grand Prix - Practice 2 [v3.6.1]
req            INFO 	No cached data found for session_info. Loading data...
_api           INFO 	Fetching session info data...
req            INFO 	Data has been written to cache!
req            INFO 	No cached data found for driver_info. Loading data...
_api           INFO 	Fetching driver list...
req            INFO 	Data has been written to cache!
req            INFO 	No cached data found for session_status_data. Loading data...
_api           INFO 	Fetching session status data...
req            INFO 	Data has been written to cache!
req            INFO 	No cached data found for track_status_data. Loading data...
_api           INFO 	Fetching track status data...
req            INFO 	Data has been written to cache!
req            INFO 	No cached data found for _extended_timing_data. Loading data...
_api           INFO 	Fetching timing data...
_api           INFO 	Parsing timing data...
req            INFO 	Data has been written to cache!
req            INFO 	No cached data found for timing_app_data. Loading data...
_api           INFO 	Fetching timing app data...
req            INFO 	Data has been written to cache!
core           INFO 	Processing timing data...
core           INFO 	Finished loading data for 20 drivers: ['2', '3', '5', '7', '8', '9', '10', '11', '14', '16', '18', '20', '27', '28', '31', '33', '35', '44', '55', '77']
ok 2018 13
core           INFO 	Loading data for Japanese Grand Prix - Race [v3.6.1]
req            INFO 	No cached data found for session_info. Loading data...
_api           INFO 	Fetching session info data...
req            INFO 	Data has been written to cache!
req            INFO 	No cached data found for driver_info. Loading data...
_api           INFO 	Fetching driver list...
req            INFO 	Data has been written to cache!
req            INFO 	No cached data found for weather_data. Loading data...
_api           INFO 	Fetching weather data...
req            INFO 	Data has been written to cache!
core           INFO 	Finished loading data for 20 drivers: ['44', '77', '33', '3', '7', '5', '11', '8', '31', '55', '10', '9', '28', '14', '2', '35', '18', '16', '27', '20']
core           INFO 	Loading data for Japanese Grand Prix - Practice 2 [v3.6.1]
req            INFO 	No cached data found for session_info. Loading data...
_api           INFO 	Fetching session info data...
req            INFO 	Data has been written to cache!
req            INFO 	No cached data found for driver_info. Loading data...
_api           INFO 	Fetching driver list...
req            INFO 	Data has been written to cache!
req            INFO 	No cached data found for session_status_data. Loading data...
_api           INFO 	Fetching session status data...
req            INFO 	Data has been written to cache!
req            INFO 	No cached data found for track_status_data. Loading data...
_api           INFO 	Fetching track status data...
req            INFO 	Data has been written to cache!
req            INFO 	No cached data found for _extended_timing_data. Loading data...
_api           INFO 	Fetching timing data...
_api           INFO 	Parsing timing data...
req            INFO 	Data has been written to cache!
req            INFO 	No cached data found for timing_app_data. Loading data...
_api           INFO 	Fetching timing app data...
req            INFO 	Data has been written to cache!
core           INFO 	Processing timing data...
core           INFO 	Finished loading data for 20 drivers: ['2', '3', '5', '7', '8', '9', '10', '11', '14', '16', '18', '20', '27', '28', '31', '33', '35', '44', '55', '77']
ok 2018 17
core           INFO 	Loading data for Abu Dhabi Grand Prix - Race [v3.6.1]
req            INFO 	No cached data found for session_info. Loading data...
_api           INFO 	Fetching session info data...
req            INFO 	Data has been written to cache!
req            INFO 	No cached data found for driver_info. Loading data...
_api           INFO 	Fetching driver list...
req            INFO 	Data has been written to cache!
req            INFO 	No cached data found for weather_data. Loading data...
_api           INFO 	Fetching weather data...
req            INFO 	Data has been written to cache!
core           INFO 	Finished loading data for 20 drivers: ['44', '5', '33', '3', '77', '55', '16', '11', '8', '20', '14', '28', '18', '2', '35', '10', '31', '9', '7', '27']
core           INFO 	Loading data for Abu Dhabi Grand Prix - Practice 2 [v3.6.1]
req            INFO 	No cached data found for session_info. Loading data...
_api           INFO 	Fetching session info data...
req            INFO 	Data has been written to cache!
req            INFO 	No cached data found for driver_info. Loading data...
_api           INFO 	Fetching driver list...
req            INFO 	Data has been written to cache!
req            INFO 	No cached data found for session_status_data. Loading data...
_api           INFO 	Fetching session status data...
req            INFO 	Data has been written to cache!
req            INFO 	No cached data found for track_status_data. Loading data...
_api           INFO 	Fetching track status data...
req            INFO 	Data has been written to cache!
req            INFO 	No cached data found for _extended_timing_data. Loading data...
_api           INFO 	Fetching timing data...
_api           INFO 	Parsing timing data...
req            INFO 	Data has been written to cache!
req            INFO 	No cached data found for timing_app_data. Loading data...
_api           INFO 	Fetching timing app data...
req            INFO 	Data has been written to cache!
core           INFO 	Processing timing data...
core           INFO 	Finished loading data for 20 drivers: ['2', '3', '5', '7', '8', '9', '10', '11', '14', '16', '18', '20', '27', '28', '31', '33', '35', '44', '55', '77']
ok 2018 21
core           INFO 	Loading data for Azerbaijan Grand Prix - Race [v3.6.1]
req            INFO 	No cached data found for session_info. Loading data...
_api           INFO 	Fetching session info data...
req            INFO 	Data has been written to cache!
req            INFO 	No cached data found for driver_info. Loading data...
_api           INFO 	Fetching driver list...
req            INFO 	Data has been written to cache!
req            INFO 	No cached data found for weather_data. Loading data...
_api           INFO 	Fetching weather data...
req            INFO 	Data has been written to cache!
core           INFO 	Finished loading data for 20 drivers: ['77', '44', '5', '33', '16', '11', '55', '4', '18', '7', '23', '99', '20', '27', '63', '88', '10', '8', '26', '3']
core           INFO 	Loading data for Azerbaijan Grand Prix - Practice 2 [v3.6.1]
req            INFO 	No cached data found for session_info. Loading data...
_api           INFO 	Fetching session info data...
req            INFO 	Data has been written to cache!
req            INFO 	No cached data found for driver_info. Loading data...
_api           INFO 	Fetching driver list...
req            INFO 	Data has been written to cache!
req            INFO 	No cached data found for session_status_data. Loading data...
_api           INFO 	Fetching session status data...
req            INFO 	Data has been written to cache!
req            INFO 	No cached data found for track_status_data. Loading data...
_api           INFO 	Fetching track status data...
req            INFO 	Data has been written to cache!
req            INFO 	No cached data found for _extended_timing_data. Loading data...
_api           INFO 	Fetching timing data...
_api           INFO 	Parsing timing data...
req            INFO 	Data has been written to cache!
req            INFO 	No cached data found for timing_app_data. Loading data...
_api           INFO 	Fetching timing app data...
req            INFO 	Data has been written to cache!
core           INFO 	Processing timing data...
core        WARNING 	Fixed incorrect tyre stint information for driver '5'
core        WARNING 	No lap data for driver 63
core        WARNING 	Failed to perform lap accuracy check - all laps marked as inaccurate (driver 63)
core           INFO 	Finished loading data for 20 drivers: ['3', '4', '5', '7', '8', '10', '11', '16', '18', '20', '23', '26', '27', '33', '44', '55', '63', '77', '88', '99']
ok 2019 4
core           INFO 	Loading data for French Grand Prix - Race [v3.6.1]
req            INFO 	No cached data found for session_info. Loading data...
_api           INFO 	Fetching session info data...
req            INFO 	Data has been written to cache!
req            INFO 	No cached data found for driver_info. Loading data...
_api           INFO 	Fetching driver list...
req            INFO 	Data has been written to cache!
req            INFO 	No cached data found for weather_data. Loading data...
_api           INFO 	Fetching weather data...
req            INFO 	Data has been written to cache!
core           INFO 	Finished loading data for 20 drivers: ['44', '77', '16', '33', '5', '55', '7', '27', '4', '10', '3', '11', '18', '26', '23', '99', '20', '88', '63', '8']
core           INFO 	Loading data for French Grand Prix - Practice 2 [v3.6.1]
req            INFO 	No cached data found for session_info. Loading data...
_api           INFO 	Fetching session info data...
req            INFO 	Data has been written to cache!
req            INFO 	No cached data found for driver_info. Loading data...
_api           INFO 	Fetching driver list...
req            INFO 	Data has been written to cache!
req            INFO 	No cached data found for session_status_data. Loading data...
_api           INFO 	Fetching session status data...
req            INFO 	Data has been written to cache!
req            INFO 	No cached data found for track_status_data. Loading data...
_api           INFO 	Fetching track status data...
req            INFO 	Data has been written to cache!
req            INFO 	No cached data found for _extended_timing_data. Loading data...
_api           INFO 	Fetching timing data...
_api           INFO 	Parsing timing data...
_api        WARNING 	Driver 99: Ignoring late data for a previously processed lap.The data may contain errors (previous: 22; current 23)
req            INFO 	Data has been written to cache!
req            INFO 	No cached data found for timing_app_data. Loading data...
_api           INFO 	Fetching timing app data...
req            INFO 	Data has been written to cache!
core           INFO 	Processing timing data...
core           INFO 	Finished loading data for 20 drivers: ['3', '4', '5', '7', '8', '10', '11', '16', '18', '20', '23', '26', '27', '33', '44', '55', '63', '77', '88', '99']
ok 2019 8
core           INFO 	Loading data for Hungarian Grand Prix - Race [v3.6.1]
req            INFO 	No cached data found for session_info. Loading data...
_api           INFO 	Fetching session info data...
req            INFO 	Data has been written to cache!
req            INFO 	No cached data found for driver_info. Loading data...
_api           INFO 	Fetching driver list...
req            INFO 	Data has been written to cache!
req            INFO 	No cached data found for weather_data. Loading data...
_api           INFO 	Fetching weather data...
req            INFO 	Data has been written to cache!
core           INFO 	Finished loading data for 20 drivers: ['44', '33', '5', '16', '55', '10', '7', '77', '4', '23', '11', '27', '20', '3', '26', '63', '18', '99', '88', '8']
core           INFO 	Loading data for Hungarian Grand Prix - Practice 2 [v3.6.1]
req            INFO 	No cached data found for session_info. Loading data...
_api           INFO 	Fetching session info data...
req            INFO 	Data has been written to cache!
req            INFO 	No cached data found for driver_info. Loading data...
_api           INFO 	Fetching driver list...
req            INFO 	Data has been written to cache!
req            INFO 	No cached data found for session_status_data. Loading data...
_api           INFO 	Fetching session status data...
req            INFO 	Data has been written to cache!
req            INFO 	No cached data found for track_status_data. Loading data...
_api           INFO 	Fetching track status data...
req            INFO 	Data has been written to cache!
req            INFO 	No cached data found for _extended_timing_data. Loading data...
_api           INFO 	Fetching timing data...
_api           INFO 	Parsing timing data...
_api        WARNING 	Driver  3: Encountered 1 timing integrity error(s) near lap(s): [7].
This might be a bug and should be reported.
req            INFO 	Data has been written to cache!
req            INFO 	No cached data found for timing_app_data. Loading data...
_api           INFO 	Fetching timing app data...
req            INFO 	Data has been written to cache!
core           INFO 	Processing timing data...
core           INFO 	Finished loading data for 20 drivers: ['3', '4', '5', '7', '8', '10', '11', '16', '18', '20', '23', '26', '27', '33', '44', '55', '63', '77', '88', '99']
ok 2019 12
core           INFO 	Loading data for Russian Grand Prix - Race [v3.6.1]
req            INFO 	No cached data found for session_info. Loading data...
_api           INFO 	Fetching session info data...
req            INFO 	Data has been written to cache!
req            INFO 	No cached data found for driver_info. Loading data...
_api           INFO 	Fetching driver list...
req            INFO 	Data has been written to cache!
req            INFO 	No cached data found for weather_data. Loading data...
_api           INFO 	Fetching weather data...
req            INFO 	Data has been written to cache!
core           INFO 	Finished loading data for 20 drivers: ['44', '77', '16', '33', '23', '55', '11', '4', '20', '27', '18', '26', '7', '10', '99', '88', '63', '5', '3', '8']
core           INFO 	Loading data for Russian Grand Prix - Practice 2 [v3.6.1]
req            INFO 	No cached data found for session_info. Loading data...
_api           INFO 	Fetching session info data...
req            INFO 	Data has been written to cache!
req            INFO 	No cached data found for driver_info. Loading data...
_api           INFO 	Fetching driver list...
req            INFO 	Data has been written to cache!
req            INFO 	No cached data found for session_status_data. Loading data...
_api           INFO 	Fetching session status data...
req            INFO 	Data has been written to cache!
req            INFO 	No cached data found for track_status_data. Loading data...
_api           INFO 	Fetching track status data...
req            INFO 	Data has been written to cache!
req            INFO 	No cached data found for _extended_timing_data. Loading data...
_api           INFO 	Fetching timing data...
_api           INFO 	Parsing timing data...
req            INFO 	Data has been written to cache!
req            INFO 	No cached data found for timing_app_data. Loading data...
_api           INFO 	Fetching timing app data...
req            INFO 	Data has been written to cache!
core           INFO 	Processing timing data...
core           INFO 	Finished loading data for 20 drivers: ['3', '4', '5', '7', '8', '10', '11', '16', '18', '20', '23', '26', '27', '33', '44', '55', '63', '77', '88', '99']
ok 2019 16
core           INFO 	Loading data for Brazilian Grand Prix - Race [v3.6.1]
req            INFO 	No cached data found for session_info. Loading data...
_api           INFO 	Fetching session info data...
req            INFO 	Data has been written to cache!
req            INFO 	No cached data found for driver_info. Loading data...
_api           INFO 	Fetching driver list...
req            INFO 	Data has been written to cache!
req            INFO 	No cached data found for weather_data. Loading data...
_api           INFO 	Fetching weather data...
req            INFO 	Data has been written to cache!
core           INFO 	Finished loading data for 20 drivers: ['33', '10', '55', '7', '99', '3', '44', '4', '11', '26', '20', '63', '8', '23', '27', '88', '5', '16', '18', '77']
core           INFO 	Loading data for Brazilian Grand Prix - Practice 2 [v3.6.1]
req            INFO 	No cached data found for session_info. Loading data...
_api           INFO 	Fetching session info data...
req            INFO 	Data has been written to cache!
req            INFO 	No cached data found for driver_info. Loading data...
_api           INFO 	Fetching driver list...
req            INFO 	Data has been written to cache!
req            INFO 	No cached data found for session_status_data. Loading data...
_api           INFO 	Fetching session status data...
req            INFO 	Data has been written to cache!
req            INFO 	No cached data found for track_status_data. Loading data...
_api           INFO 	Fetching track status data...
req            INFO 	Data has been written to cache!
req            INFO 	No cached data found for _extended_timing_data. Loading data...
_api           INFO 	Fetching timing data...
_api           INFO 	Parsing timing data...
req            INFO 	Data has been written to cache!
req            INFO 	No cached data found for timing_app_data. Loading data...
_api           INFO 	Fetching timing app data...
req            INFO 	Data has been written to cache!
core           INFO 	Processing timing data...
core        WARNING 	Fixed incorrect tyre stint information for driver '63'
core           INFO 	Finished loading data for 20 drivers: ['3', '4', '5', '7', '8', '10', '11', '16', '18', '20', '23', '26', '27', '33', '44', '55', '63', '77', '88', '99']
ok 2019 20
core           INFO 	Loading data for Hungarian Grand Prix - Race [v3.6.1]
req            INFO 	No cached data found for session_info. Loading data...
_api           INFO 	Fetching session info data...
req            INFO 	Data has been written to cache!
req            INFO 	No cached data found for driver_info. Loading data...
_api           INFO 	Fetching driver list...
req            INFO 	Data has been written to cache!
req            INFO 	No cached data found for weather_data. Loading data...
_api           INFO 	Fetching weather data...
req            INFO 	Data has been written to cache!
core           INFO 	Finished loading data for 20 drivers: ['44', '33', '77', '18', '23', '5', '11', '3', '55', '20', '16', '26', '4', '31', '7', '8', '99', '63', '6', '10']
core           INFO 	Loading data for Hungarian Grand Prix - Practice 2 [v3.6.1]
req            INFO 	No cached data found for session_info. Loading data...
_api           INFO 	Fetching session info data...
req            INFO 	Data has been written to cache!
req            INFO 	No cached data found for driver_info. Loading data...
_api           INFO 	Fetching driver list...
req            INFO 	Data has been written to cache!
req            INFO 	No cached data found for session_status_data. Loading data...
_api           INFO 	Fetching session status data...
req            INFO 	Data has been written to cache!
req            INFO 	No cached data found for track_status_data. Loading data...
_api           INFO 	Fetching track status data...
req            INFO 	Data has been written to cache!
req            INFO 	No cached data found for _extended_timing_data. Loading data...
_api           INFO 	Fetching timing data...
_api           INFO 	Parsing timing data...
_api        WARNING 	Driver 16: Ignoring late data for a previously processed lap.The data may contain errors (previous: 6; current 7)
req            INFO 	Data has been written to cache!
req            INFO 	No cached data found for timing_app_data. Loading data...
_api           INFO 	Fetching timing app data...
req            INFO 	Data has been written to cache!
core           INFO 	Processing timing data...
core           INFO 	Finished loading data for 20 drivers: ['3', '4', '5', '6', '7', '8', '10', '11', '16', '18', '20', '23', '26', '31', '33', '44', '55', '63', '77', '99']
ok 2020 3
core           INFO 	Loading data for Belgian Grand Prix - Race [v3.6.1]
req            INFO 	No cached data found for session_info. Loading data...
_api           INFO 	Fetching session info data...
req            INFO 	Data has been written to cache!
req            INFO 	No cached data found for driver_info. Loading data...
_api           INFO 	Fetching driver list...
req            INFO 	Data has been written to cache!
req            INFO 	No cached data found for weather_data. Loading data...
_api           INFO 	Fetching weather data...
req            INFO 	Data has been written to cache!
core           INFO 	Finished loading data for 20 drivers: ['44', '77', '33', '3', '31', '23', '4', '10', '18', '11', '26', '7', '5', '16', '8', '6', '20', '99', '63', '55']
core           INFO 	Loading data for Belgian Grand Prix - Practice 2 [v3.6.1]
req            INFO 	No cached data found for session_info. Loading data...
_api           INFO 	Fetching session info data...
req            INFO 	Data has been written to cache!
req            INFO 	No cached data found for driver_info. Loading data...
_api           INFO 	Fetching driver list...
req            INFO 	Data has been written to cache!
req            INFO 	No cached data found for session_status_data. Loading data...
_api           INFO 	Fetching session status data...
req            INFO 	Data has been written to cache!
req            INFO 	No cached data found for track_status_data. Loading data...
_api           INFO 	Fetching track status data...
req            INFO 	Data has been written to cache!
req            INFO 	No cached data found for _extended_timing_data. Loading data...
_api           INFO 	Fetching timing data...
_api           INFO 	Parsing timing data...
req            INFO 	Data has been written to cache!
req            INFO 	No cached data found for timing_app_data. Loading data...
_api           INFO 	Fetching timing app data...
req            INFO 	Data has been written to cache!
core           INFO 	Processing timing data...
core           INFO 	Finished loading data for 20 drivers: ['3', '4', '5', '6', '7', '8', '10', '11', '16', '18', '20', '23', '26', '31', '33', '44', '55', '63', '77', '99']
ok 2020 7
core           INFO 	Loading data for Eifel Grand Prix - Race [v3.6.1]
req            INFO 	No cached data found for session_info. Loading data...
_api           INFO 	Fetching session info data...
req            INFO 	Data has been written to cache!
req            INFO 	No cached data found for driver_info. Loading data...
_api           INFO 	Fetching driver list...
req            INFO 	Data has been written to cache!
req            INFO 	No cached data found for weather_data. Loading data...
_api           INFO 	Fetching weather data...
req            INFO 	Data has been written to cache!
core           INFO 	Finished loading data for 20 drivers: ['44', '33', '3', '11', '55', '10', '16', '27', '8', '99', '5', '7', '20', '6', '26', '4', '23', '31', '77', '63']
core           INFO 	Loading data for Eifel Grand Prix - Practice 2 [v3.6.1]
req            INFO 	No cached data found for session_info. Loading data...
_api           INFO 	Fetching session info data...
req            INFO 	Data has been written to cache!
req            INFO 	No cached data found for driver_info. Loading data...
_api           INFO 	Fetching driver list...
req            INFO 	Data has been written to cache!
req            INFO 	No cached data found for session_status_data. Loading data...
_api           INFO 	Fetching session status data...
req            INFO 	Data has been written to cache!
core        WARNING 	Failed to determine `Session.session_start_time`
req            INFO 	No cached data found for track_status_data. Loading data...
_api           INFO 	Fetching track status data...
req            INFO 	Data has been written to cache!
req            INFO 	No cached data found for _extended_timing_data. Loading data...
_api           INFO 	Fetching timing data...
_api           INFO 	Parsing timing data...
req            INFO 	Data has been written to cache!
req            INFO 	No cached data found for timing_app_data. Loading data...
_api           INFO 	Fetching timing app data...
req            INFO 	Data has been written to cache!
core           INFO 	Processing timing data...
core        WARNING 	No lap data for driver 3
core        WARNING 	No lap data for driver 4
core        WARNING 	No lap data for driver 5
core        WARNING 	No lap data for driver 6
core        WARNING 	No lap data for driver 7
core        WARNING 	No lap data for driver 8
core        WARNING 	No lap data for driver 10
core        WARNING 	No lap data for driver 11
core        WARNING 	No lap data for driver 16
core        WARNING 	No lap data for driver 18
core        WARNING 	No lap data for driver 20
core        WARNING 	No lap data for driver 23
core        WARNING 	No lap data for driver 26
core        WARNING 	No lap data for driver 31
core        WARNING 	No lap data for driver 33
core        WARNING 	No lap data for driver 44
core        WARNING 	No lap data for driver 55
core        WARNING 	No lap data for driver 63
core        WARNING 	No lap data for driver 77
core        WARNING 	No lap data for driver 99
logger      WARNING 	Failed to load timing data!
core           INFO 	Finished loading data for 20 drivers: ['3', '4', '5', '6', '7', '8', '10', '11', '16', '18', '20', '23', '26', '31', '33', '44', '55', '63', '77', '99']
FAIL practice 2020 11 DataNotLoadedError('The data you are trying to access has not been loaded yet. See `Session.load`')
ok 2020 11
core           INFO 	Loading data for Bahrain Grand Prix - Race [v3.6.1]
req            INFO 	No cached data found for session_info. Loading data...
_api           INFO 	Fetching session info data...
req            INFO 	Data has been written to cache!
req            INFO 	No cached data found for driver_info. Loading data...
_api           INFO 	Fetching driver list...
req            INFO 	Data has been written to cache!
req            INFO 	No cached data found for weather_data. Loading data...
_api           INFO 	Fetching weather data...
req            INFO 	Data has been written to cache!
core           INFO 	Finished loading data for 20 drivers: ['44', '33', '23', '4', '55', '10', '3', '77', '31', '16', '26', '63', '5', '6', '7', '99', '20', '11', '18', '8']
core           INFO 	Loading data for Bahrain Grand Prix - Practice 2 [v3.6.1]
req            INFO 	No cached data found for session_info. Loading data...
_api           INFO 	Fetching session info data...
req            INFO 	Data has been written to cache!
req            INFO 	No cached data found for driver_info. Loading data...
_api           INFO 	Fetching driver list...
req            INFO 	Data has been written to cache!
req            INFO 	No cached data found for session_status_data. Loading data...
_api           INFO 	Fetching session status data...
req            INFO 	Data has been written to cache!
req            INFO 	No cached data found for track_status_data. Loading data...
_api           INFO 	Fetching track status data...
req            INFO 	Data has been written to cache!
req            INFO 	No cached data found for _extended_timing_data. Loading data...
_api           INFO 	Fetching timing data...
_api           INFO 	Parsing timing data...
req            INFO 	Data has been written to cache!
req            INFO 	No cached data found for timing_app_data. Loading data...
_api           INFO 	Fetching timing app data...
req            INFO 	Data has been written to cache!
core           INFO 	Processing timing data...
core           INFO 	Finished loading data for 20 drivers: ['3', '4', '5', '6', '7', '8', '10', '11', '16', '18', '20', '23', '26', '31', '33', '44', '55', '63', '77', '99']
ok 2020 15
core           INFO 	Loading data for Emilia Romagna Grand Prix - Race [v3.6.1]
req            INFO 	No cached data found for session_info. Loading data...
_api           INFO 	Fetching session info data...
req            INFO 	Data has been written to cache!
req            INFO 	No cached data found for driver_info. Loading data...
_api           INFO 	Fetching driver list...
req            INFO 	Data has been written to cache!
req            INFO 	No cached data found for weather_data. Loading data...
_api           INFO 	Fetching weather data...
req            INFO 	Data has been written to cache!
core           INFO 	Finished loading data for 20 drivers: ['33', '44', '4', '16', '55', '3', '10', '18', '31', '14', '11', '22', '7', '99', '5', '47', '9', '77', '63', '6']
core           INFO 	Loading data for Emilia Romagna Grand Prix - Practice 2 [v3.6.1]
req            INFO 	No cached data found for session_info. Loading data...
_api           INFO 	Fetching session info data...
req            INFO 	Data has been written to cache!
req            INFO 	No cached data found for driver_info. Loading data...
_api           INFO 	Fetching driver list...
req            INFO 	Data has been written to cache!
req            INFO 	No cached data found for session_status_data. Loading data...
_api           INFO 	Fetching session status data...
req            INFO 	Data has been written to cache!
req            INFO 	No cached data found for track_status_data. Loading data...
_api           INFO 	Fetching track status data...
req            INFO 	Data has been written to cache!
req            INFO 	No cached data found for _extended_timing_data. Loading data...
_api           INFO 	Fetching timing data...
_api           INFO 	Parsing timing data...
_api        WARNING 	Driver 16: Ignoring late data for a previously processed lap.The data may contain errors (previous: 23; current 24)
_api        WARNING 	Driver 16: Encountered 1 timing integrity error(s) near lap(s): [6].
This might be a bug and should be reported.
_api        WARNING 	Driver 63: Ignoring late data for a previously processed lap.The data may contain errors (previous: 7; current 8)
req            INFO 	Data has been written to cache!
req            INFO 	No cached data found for timing_app_data. Loading data...
_api           INFO 	Fetching timing app data...
req            INFO 	Data has been written to cache!
core           INFO 	Processing timing data...
core        WARNING 	Fixed incorrect tyre stint information for driver '3'
core        WARNING 	Fixed incorrect tyre stint information for driver '4'
core        WARNING 	Fixed incorrect tyre stint information for driver '5'
core        WARNING 	Fixed incorrect tyre stint information for driver '6'
core        WARNING 	Fixed incorrect tyre stint information for driver '7'
core        WARNING 	Fixed incorrect tyre stint information for driver '9'
core        WARNING 	Fixed incorrect tyre stint information for driver '10'
core        WARNING 	Fixed incorrect tyre stint information for driver '11'
core        WARNING 	Fixed incorrect tyre stint information for driver '14'
core        WARNING 	Fixed incorrect tyre stint information for driver '16'
core        WARNING 	Fixed incorrect tyre stint information for driver '18'
core        WARNING 	Fixed incorrect tyre stint information for driver '22'
core        WARNING 	Fixed incorrect tyre stint information for driver '31'
core        WARNING 	Fixed incorrect tyre stint information for driver '33'
core        WARNING 	Fixed incorrect tyre stint information for driver '44'
core        WARNING 	Fixed incorrect tyre stint information for driver '47'
core        WARNING 	Fixed incorrect tyre stint information for driver '55'
core        WARNING 	Fixed incorrect tyre stint information for driver '63'
core        WARNING 	Fixed incorrect tyre stint information for driver '77'
core        WARNING 	Fixed incorrect tyre stint information for driver '99'
core           INFO 	Finished loading data for 20 drivers: ['3', '4', '5', '6', '7', '9', '10', '11', '14', '16', '18', '22', '31', '33', '44', '47', '55', '63', '77', '99']
ok 2021 2
core           INFO 	Loading data for Azerbaijan Grand Prix - Race [v3.6.1]
req            INFO 	No cached data found for session_info. Loading data...
_api           INFO 	Fetching session info data...
req            INFO 	Data has been written to cache!
req            INFO 	No cached data found for driver_info. Loading data...
_api           INFO 	Fetching driver list...
req            INFO 	Data has been written to cache!
req            INFO 	No cached data found for weather_data. Loading data...
_api           INFO 	Fetching weather data...
req            INFO 	Data has been written to cache!
core           INFO 	Finished loading data for 20 drivers: ['11', '5', '10', '16', '4', '14', '22', '55', '3', '7', '99', '77', '47', '9', '44', '6', '63', '33', '18', '31']
core           INFO 	Loading data for Azerbaijan Grand Prix - Practice 2 [v3.6.1]
req            INFO 	No cached data found for session_info. Loading data...
_api           INFO 	Fetching session info data...
req            INFO 	Data has been written to cache!
req            INFO 	No cached data found for driver_info. Loading data...
_api           INFO 	Fetching driver list...
req            INFO 	Data has been written to cache!
req            INFO 	No cached data found for session_status_data. Loading data...
_api           INFO 	Fetching session status data...
req            INFO 	Data has been written to cache!
req            INFO 	No cached data found for track_status_data. Loading data...
_api           INFO 	Fetching track status data...
req            INFO 	Data has been written to cache!
req            INFO 	No cached data found for _extended_timing_data. Loading data...
_api           INFO 	Fetching timing data...
_api           INFO 	Parsing timing data...
req            INFO 	Data has been written to cache!
req            INFO 	No cached data found for timing_app_data. Loading data...
_api           INFO 	Fetching timing app data...
req            INFO 	Data has been written to cache!
core           INFO 	Processing timing data...
core           INFO 	Finished loading data for 20 drivers: ['3', '4', '5', '6', '7', '9', '10', '11', '14', '16', '18', '22', '31', '33', '44', '47', '55', '63', '77', '99']
ok 2021 6
core           INFO 	Loading data for British Grand Prix - Race [v3.6.1]
req            INFO 	No cached data found for session_info. Loading data...
_api           INFO 	Fetching session info data...
req            INFO 	Data has been written to cache!
req            INFO 	No cached data found for driver_info. Loading data...
_api           INFO 	Fetching driver list...
req            INFO 	Data has been written to cache!
req            INFO 	No cached data found for weather_data. Loading data...
_api           INFO 	Fetching weather data...
req            INFO 	Data has been written to cache!
core           INFO 	Finished loading data for 20 drivers: ['44', '16', '77', '4', '3', '55', '14', '18', '31', '22', '10', '63', '99', '6', '7', '11', '9', '47', '5', '33']
core           INFO 	Loading data for British Grand Prix - Practice 2 [v3.6.1]
req            INFO 	No cached data found for session_info. Loading data...
_api           INFO 	Fetching session info data...
req            INFO 	Data has been written to cache!
req            INFO 	No cached data found for driver_info. Loading data...
_api           INFO 	Fetching driver list...
req            INFO 	Data has been written to cache!
req            INFO 	No cached data found for session_status_data. Loading data...
_api           INFO 	Fetching session status data...
req            INFO 	Data has been written to cache!
req            INFO 	No cached data found for track_status_data. Loading data...
_api           INFO 	Fetching track status data...
req            INFO 	Data has been written to cache!
req            INFO 	No cached data found for _extended_timing_data. Loading data...
_api           INFO 	Fetching timing data...
_api           INFO 	Parsing timing data...
_api        WARNING 	Driver 55: Ignoring late data for a previously processed lap.The data may contain errors (previous: 21; current 22)
req            INFO 	Data has been written to cache!
req            INFO 	No cached data found for timing_app_data. Loading data...
_api           INFO 	Fetching timing app data...
req            INFO 	Data has been written to cache!
core           INFO 	Processing timing data...
core           INFO 	Finished loading data for 20 drivers: ['3', '4', '5', '6', '7', '9', '10', '11', '14', '16', '18', '22', '31', '33', '44', '47', '55', '63', '77', '99']
ok 2021 10
core           INFO 	Loading data for Italian Grand Prix - Race [v3.6.1]
req            INFO 	No cached data found for session_info. Loading data...
_api           INFO 	Fetching session info data...
req            INFO 	Data has been written to cache!
req            INFO 	No cached data found for driver_info. Loading data...
_api           INFO 	Fetching driver list...
req            INFO 	Data has been written to cache!
req            INFO 	No cached data found for weather_data. Loading data...
_api           INFO 	Fetching weather data...
req            INFO 	Data has been written to cache!
core           INFO 	Finished loading data for 20 drivers: ['3', '4', '77', '16', '11', '55', '18', '14', '63', '31', '6', '5', '99', '88', '47', '9', '44', '33', '10', '22']
core           INFO 	Loading data for Italian Grand Prix - Practice 2 [v3.6.1]
req            INFO 	No cached data found for session_info. Loading data...
_api           INFO 	Fetching session info data...
req            INFO 	Data has been written to cache!
req            INFO 	No cached data found for driver_info. Loading data...
_api           INFO 	Fetching driver list...
req            INFO 	Data has been written to cache!
req            INFO 	No cached data found for session_status_data. Loading data...
_api           INFO 	Fetching session status data...
req            INFO 	Data has been written to cache!
req            INFO 	No cached data found for track_status_data. Loading data...
_api           INFO 	Fetching track status data...
req            INFO 	Data has been written to cache!
req            INFO 	No cached data found for _extended_timing_data. Loading data...
_api           INFO 	Fetching timing data...
_api           INFO 	Parsing timing data...
req            INFO 	Data has been written to cache!
req            INFO 	No cached data found for timing_app_data. Loading data...
_api           INFO 	Fetching timing app data...
req            INFO 	Data has been written to cache!
core           INFO 	Processing timing data...
core           INFO 	Finished loading data for 20 drivers: ['3', '4', '5', '6', '9', '10', '11', '14', '16', '18', '22', '31', '33', '44', '47', '55', '63', '77', '88', '99']
ok 2021 14
core           INFO 	Loading data for Mexico City Grand Prix - Race [v3.6.1]
req            INFO 	No cached data found for session_info. Loading data...
_api           INFO 	Fetching session info data...
req            INFO 	Data has been written to cache!
req            INFO 	No cached data found for driver_info. Loading data...
_api           INFO 	Fetching driver list...
req            INFO 	Data has been written to cache!
req            INFO 	No cached data found for weather_data. Loading data...
_api           INFO 	Fetching weather data...
req            INFO 	Data has been written to cache!
core           INFO 	Finished loading data for 20 drivers: ['33', '44', '11', '10', '16', '55', '5', '7', '14', '4', '99', '3', '31', '18', '77', '63', '6', '9', '47', '22']
core           INFO 	Loading data for Mexico City Grand Prix - Practice 2 [v3.6.1]
req            INFO 	No cached data found for session_info. Loading data...
_api           INFO 	Fetching session info data...
req            INFO 	Data has been written to cache!
req            INFO 	No cached data found for driver_info. Loading data...
_api           INFO 	Fetching driver list...
req            INFO 	Data has been written to cache!
req            INFO 	No cached data found for session_status_data. Loading data...
_api           INFO 	Fetching session status data...
req            INFO 	Data has been written to cache!
req            INFO 	No cached data found for track_status_data. Loading data...
_api           INFO 	Fetching track status data...
req            INFO 	Data has been written to cache!
req            INFO 	No cached data found for _extended_timing_data. Loading data...
_api           INFO 	Fetching timing data...
_api           INFO 	Parsing timing data...
req            INFO 	Data has been written to cache!
req            INFO 	No cached data found for timing_app_data. Loading data...
_api           INFO 	Fetching timing app data...
req            INFO 	Data has been written to cache!
core           INFO 	Processing timing data...
core           INFO 	Finished loading data for 20 drivers: ['3', '4', '5', '6', '7', '9', '10', '11', '14', '16', '18', '22', '31', '33', '44', '47', '55', '63', '77', '99']
ok 2021 18
core           INFO 	Loading data for Abu Dhabi Grand Prix - Race [v3.6.1]
req            INFO 	No cached data found for session_info. Loading data...
_api           INFO 	Fetching session info data...
req            INFO 	Data has been written to cache!
req            INFO 	No cached data found for driver_info. Loading data...
_api           INFO 	Fetching driver list...
req            INFO 	Data has been written to cache!
req            INFO 	No cached data found for weather_data. Loading data...
_api           INFO 	Fetching weather data...
req            INFO 	Data has been written to cache!
core           INFO 	Finished loading data for 20 drivers: ['33', '44', '55', '22', '10', '77', '4', '14', '31', '16', '5', '3', '18', '47', '11', '6', '99', '63', '7', '9']
core           INFO 	Loading data for Abu Dhabi Grand Prix - Practice 2 [v3.6.1]
req            INFO 	No cached data found for session_info. Loading data...
_api           INFO 	Fetching session info data...
req            INFO 	Data has been written to cache!
req            INFO 	No cached data found for driver_info. Loading data...
_api           INFO 	Fetching driver list...
req            INFO 	Data has been written to cache!
req            INFO 	No cached data found for session_status_data. Loading data...
_api           INFO 	Fetching session status data...
req            INFO 	Data has been written to cache!
req            INFO 	No cached data found for track_status_data. Loading data...
_api           INFO 	Fetching track status data...
req            INFO 	Data has been written to cache!
req            INFO 	No cached data found for _extended_timing_data. Loading data...
_api           INFO 	Fetching timing data...
_api           INFO 	Parsing timing data...
req            INFO 	Data has been written to cache!
req            INFO 	No cached data found for timing_app_data. Loading data...
_api           INFO 	Fetching timing app data...
req            INFO 	Data has been written to cache!
core           INFO 	Processing timing data...
core           INFO 	Finished loading data for 20 drivers: ['3', '4', '5', '6', '7', '9', '10', '11', '14', '16', '18', '22', '31', '33', '44', '47', '55', '63', '77', '99']
ok 2021 22
core           INFO 	Loading data for Emilia Romagna Grand Prix - Race [v3.6.1]
req            INFO 	No cached data found for session_info. Loading data...
_api           INFO 	Fetching session info data...
req            INFO 	Data has been written to cache!
req            INFO 	No cached data found for driver_info. Loading data...
_api           INFO 	Fetching driver list...
req            INFO 	Data has been written to cache!
req            INFO 	No cached data found for weather_data. Loading data...
_api           INFO 	Fetching weather data...
req            INFO 	Data has been written to cache!
core           INFO 	Finished loading data for 20 drivers: ['1', '11', '4', '63', '77', '16', '22', '5', '20', '18', '23', '10', '44', '31', '24', '6', '47', '3', '14', '55']
core           INFO 	Loading data for Emilia Romagna Grand Prix - Practice 2 [v3.6.1]
req            INFO 	No cached data found for session_info. Loading data...
_api           INFO 	Fetching session info data...
req            INFO 	Data has been written to cache!
req            INFO 	No cached data found for driver_info. Loading data...
_api           INFO 	Fetching driver list...
req            INFO 	Data has been written to cache!
req            INFO 	No cached data found for session_status_data. Loading data...
_api           INFO 	Fetching session status data...
req            INFO 	Data has been written to cache!
req            INFO 	No cached data found for track_status_data. Loading data...
_api           INFO 	Fetching track status data...
req            INFO 	Data has been written to cache!
req            INFO 	No cached data found for _extended_timing_data. Loading data...
_api           INFO 	Fetching timing data...
_api           INFO 	Parsing timing data...
req            INFO 	Data has been written to cache!
req            INFO 	No cached data found for timing_app_data. Loading data...
_api           INFO 	Fetching timing app data...
req            INFO 	Data has been written to cache!
core           INFO 	Processing timing data...
core        WARNING 	No lap data for driver 3
core        WARNING 	No lap data for driver 77
core        WARNING 	Failed to perform lap accuracy check - all laps marked as inaccurate (driver 3)
core        WARNING 	Failed to perform lap accuracy check - all laps marked as inaccurate (driver 77)
core           INFO 	Finished loading data for 20 drivers: ['1', '3', '4', '5', '6', '10', '11', '14', '16', '18', '20', '22', '23', '24', '31', '44', '47', '55', '63', '77']
ok 2022 4
core           INFO 	Loading data for Azerbaijan Grand Prix - Race [v3.6.1]
req            INFO 	No cached data found for session_info. Loading data...
_api           INFO 	Fetching session info data...
req            INFO 	Data has been written to cache!
req            INFO 	No cached data found for driver_info. Loading data...
_api           INFO 	Fetching driver list...
req            INFO 	Data has been written to cache!
req            INFO 	No cached data found for weather_data. Loading data...
_api           INFO 	Fetching weather data...
req            INFO 	Data has been written to cache!
core           INFO 	Finished loading data for 20 drivers: ['1', '11', '63', '44', '10', '5', '14', '3', '4', '31', '77', '23', '22', '47', '6', '18', '20', '24', '16', '55']
core           INFO 	Loading data for Azerbaijan Grand Prix - Practice 2 [v3.6.1]
req            INFO 	No cached data found for session_info. Loading data...
_api           INFO 	Fetching session info data...
req            INFO 	Data has been written to cache!
req            INFO 	No cached data found for driver_info. Loading data...
_api           INFO 	Fetching driver list...
req            INFO 	Data has been written to cache!
req            INFO 	No cached data found for session_status_data. Loading data...
_api           INFO 	Fetching session status data...
req            INFO 	Data has been written to cache!
req            INFO 	No cached data found for track_status_data. Loading data...
_api           INFO 	Fetching track status data...
req            INFO 	Data has been written to cache!
req            INFO 	No cached data found for _extended_timing_data. Loading data...
_api           INFO 	Fetching timing data...
_api           INFO 	Parsing timing data...
req            INFO 	Data has been written to cache!
req            INFO 	No cached data found for timing_app_data. Loading data...
_api           INFO 	Fetching timing app data...
req            INFO 	Data has been written to cache!
core           INFO 	Processing timing data...
core           INFO 	Finished loading data for 20 drivers: ['1', '3', '4', '5', '6', '10', '11', '14', '16', '18', '20', '22', '23', '24', '31', '44', '47', '55', '63', '77']
ok 2022 8
core           INFO 	Loading data for French Grand Prix - Race [v3.6.1]
req            INFO 	No cached data found for session_info. Loading data...
_api           INFO 	Fetching session info data...
req            INFO 	Data has been written to cache!
req            INFO 	No cached data found for driver_info. Loading data...
_api           INFO 	Fetching driver list...
req            INFO 	Data has been written to cache!
req            INFO 	No cached data found for weather_data. Loading data...
_api           INFO 	Fetching weather data...
req            INFO 	Data has been written to cache!
core           INFO 	Finished loading data for 20 drivers: ['1', '44', '63', '11', '55', '14', '4', '31', '3', '18', '5', '10', '23', '77', '47', '24', '6', '20', '16', '22']
core           INFO 	Loading data for French Grand Prix - Practice 2 [v3.6.1]
req            INFO 	No cached data found for session_info. Loading data...
_api           INFO 	Fetching session info data...
req            INFO 	Data has been written to cache!
req            INFO 	No cached data found for driver_info. Loading data...
_api           INFO 	Fetching driver list...
req            INFO 	Data has been written to cache!
req            INFO 	No cached data found for session_status_data. Loading data...
_api           INFO 	Fetching session status data...
req            INFO 	Data has been written to cache!
req            INFO 	No cached data found for track_status_data. Loading data...
_api           INFO 	Fetching track status data...
req            INFO 	Data has been written to cache!
req            INFO 	No cached data found for _extended_timing_data. Loading data...
_api           INFO 	Fetching timing data...
_api           INFO 	Parsing timing data...
req            INFO 	Data has been written to cache!
req            INFO 	No cached data found for timing_app_data. Loading data...
_api           INFO 	Fetching timing app data...
req            INFO 	Data has been written to cache!
core           INFO 	Processing timing data...
core           INFO 	Finished loading data for 20 drivers: ['1', '3', '4', '5', '6', '10', '11', '14', '16', '18', '20', '22', '23', '24', '31', '44', '47', '55', '63', '77']
ok 2022 12
core           INFO 	Loading data for Italian Grand Prix - Race [v3.6.1]
req            INFO 	No cached data found for session_info. Loading data...
_api           INFO 	Fetching session info data...
req            INFO 	Data has been written to cache!
req            INFO 	No cached data found for driver_info. Loading data...
_api           INFO 	Fetching driver list...
req            INFO 	Data has been written to cache!
req            INFO 	No cached data found for weather_data. Loading data...
_api           INFO 	Fetching weather data...
req            INFO 	Data has been written to cache!
core           INFO 	Finished loading data for 20 drivers: ['1', '16', '63', '55', '44', '11', '4', '10', '45', '24', '31', '47', '77', '22', '6', '20', '3', '18', '14', '5']
core           INFO 	Loading data for Italian Grand Prix - Practice 2 [v3.6.1]
req            INFO 	No cached data found for session_info. Loading data...
_api           INFO 	Fetching session info data...
req            INFO 	Data has been written to cache!
req            INFO 	No cached data found for driver_info. Loading data...
_api           INFO 	Fetching driver list...
req            INFO 	Data has been written to cache!
req            INFO 	No cached data found for session_status_data. Loading data...
_api           INFO 	Fetching session status data...
req            INFO 	Data has been written to cache!
req            INFO 	No cached data found for track_status_data. Loading data...
_api           INFO 	Fetching track status data...
req            INFO 	Data has been written to cache!
req            INFO 	No cached data found for _extended_timing_data. Loading data...
_api           INFO 	Fetching timing data...
_api           INFO 	Parsing timing data...
req            INFO 	Data has been written to cache!
req            INFO 	No cached data found for timing_app_data. Loading data...
_api           INFO 	Fetching timing app data...
req            INFO 	Data has been written to cache!
core           INFO 	Processing timing data...
core           INFO 	Finished loading data for 20 drivers: ['1', '3', '4', '5', '6', '10', '11', '14', '16', '18', '20', '22', '23', '24', '31', '44', '47', '55', '63', '77']
ok 2022 16
core           INFO 	Loading data for Mexico City Grand Prix - Race [v3.6.1]
req            INFO 	No cached data found for session_info. Loading data...
_api           INFO 	Fetching session info data...
req            INFO 	Data has been written to cache!
req            INFO 	No cached data found for driver_info. Loading data...
_api           INFO 	Fetching driver list...
req            INFO 	Data has been written to cache!
req            INFO 	No cached data found for weather_data. Loading data...
_api           INFO 	Fetching weather data...
req            INFO 	Data has been written to cache!
core           INFO 	Finished loading data for 20 drivers: ['1', '44', '11', '63', '55', '16', '3', '31', '4', '77', '10', '23', '24', '5', '18', '47', '20', '6', '14', '22']
core           INFO 	Loading data for Mexico City Grand Prix - Practice 2 [v3.6.1]
req            INFO 	No cached data found for session_info. Loading data...
_api           INFO 	Fetching session info data...
req            INFO 	Data has been written to cache!
req            INFO 	No cached data found for driver_info. Loading data...
_api           INFO 	Fetching driver list...
req            INFO 	Data has been written to cache!
req            INFO 	No cached data found for session_status_data. Loading data...
_api           INFO 	Fetching session status data...
req            INFO 	Data has been written to cache!
req            INFO 	No cached data found for track_status_data. Loading data...
_api           INFO 	Fetching track status data...
req            INFO 	Data has been written to cache!
req            INFO 	No cached data found for _extended_timing_data. Loading data...
_api           INFO 	Fetching timing data...
_api           INFO 	Parsing timing data...
req            INFO 	Data has been written to cache!
req            INFO 	No cached data found for timing_app_data. Loading data...
_api           INFO 	Fetching timing app data...
req            INFO 	Data has been written to cache!
core           INFO 	Processing timing data...
core           INFO 	Finished loading data for 20 drivers: ['1', '3', '4', '5', '6', '10', '11', '14', '16', '18', '20', '22', '23', '24', '31', '44', '47', '55', '63', '77']
ok 2022 20
core           INFO 	Loading data for Saudi Arabian Grand Prix - Race [v3.6.1]
req            INFO 	No cached data found for session_info. Loading data...
_api           INFO 	Fetching session info data...
req            INFO 	Data has been written to cache!
req            INFO 	No cached data found for driver_info. Loading data...
_api           INFO 	Fetching driver list...
req            INFO 	Data has been written to cache!
req            INFO 	No cached data found for weather_data. Loading data...
_api           INFO 	Fetching weather data...
req            INFO 	Data has been written to cache!
core           INFO 	Finished loading data for 20 drivers: ['11', '1', '14', '63', '44', '55', '16', '31', '10', '20', '22', '27', '24', '21', '81', '2', '4', '77', '23', '18']
core           INFO 	Loading data for Saudi Arabian Grand Prix - Practice 2 [v3.6.1]
req            INFO 	No cached data found for session_info. Loading data...
_api           INFO 	Fetching session info data...
req            INFO 	Data has been written to cache!
req            INFO 	No cached data found for driver_info. Loading data...
_api           INFO 	Fetching driver list...
req            INFO 	Data has been written to cache!
req            INFO 	No cached data found for session_status_data. Loading data...
_api           INFO 	Fetching session status data...
req            INFO 	Data has been written to cache!
req            INFO 	No cached data found for track_status_data. Loading data...
_api           INFO 	Fetching track status data...
req            INFO 	Data has been written to cache!
req            INFO 	No cached data found for _extended_timing_data. Loading data...
_api           INFO 	Fetching timing data...
_api           INFO 	Parsing timing data...
req            INFO 	Data has been written to cache!
req            INFO 	No cached data found for timing_app_data. Loading data...
_api           INFO 	Fetching timing app data...
req            INFO 	Data has been written to cache!
core           INFO 	Processing timing data...
core           INFO 	Finished loading data for 20 drivers: ['1', '2', '4', '10', '11', '14', '16', '18', '20', '21', '22', '23', '24', '27', '31', '44', '55', '63', '77', '81']
ok 2023 2
core           INFO 	Loading data for Monaco Grand Prix - Race [v3.6.1]
req            INFO 	No cached data found for session_info. Loading data...
_api           INFO 	Fetching session info data...
req            INFO 	Data has been written to cache!
req            INFO 	No cached data found for driver_info. Loading data...
_api           INFO 	Fetching driver list...
req            INFO 	Data has been written to cache!
req            INFO 	No cached data found for weather_data. Loading data...
_api           INFO 	Fetching weather data...
req            INFO 	Data has been written to cache!
core           INFO 	Finished loading data for 20 drivers: ['1', '14', '31', '44', '63', '16', '10', '55', '4', '81', '77', '21', '24', '23', '22', '11', '27', '2', '20', '18']
core           INFO 	Loading data for Monaco Grand Prix - Practice 2 [v3.6.1]
req            INFO 	No cached data found for session_info. Loading data...
_api           INFO 	Fetching session info data...
req            INFO 	Data has been written to cache!
req            INFO 	No cached data found for driver_info. Loading data...
_api           INFO 	Fetching driver list...
req            INFO 	Data has been written to cache!
req            INFO 	No cached data found for session_status_data. Loading data...
_api           INFO 	Fetching session status data...
req            INFO 	Data has been written to cache!
req            INFO 	No cached data found for track_status_data. Loading data...
_api           INFO 	Fetching track status data...
req            INFO 	Data has been written to cache!
req            INFO 	No cached data found for _extended_timing_data. Loading data...
_api           INFO 	Fetching timing data...
_api           INFO 	Parsing timing data...
req            INFO 	Data has been written to cache!
req            INFO 	No cached data found for timing_app_data. Loading data...
_api           INFO 	Fetching timing app data...
req            INFO 	Data has been written to cache!
core           INFO 	Processing timing data...
core           INFO 	Finished loading data for 20 drivers: ['1', '2', '4', '10', '11', '14', '16', '18', '20', '21', '22', '23', '24', '27', '31', '44', '55', '63', '77', '81']
ok 2023 6
core           INFO 	Loading data for British Grand Prix - Race [v3.6.1]
req            INFO 	No cached data found for session_info. Loading data...
_api           INFO 	Fetching session info data...
req            INFO 	Data has been written to cache!
req            INFO 	No cached data found for driver_info. Loading data...
_api           INFO 	Fetching driver list...
req            INFO 	Data has been written to cache!
req            INFO 	No cached data found for weather_data. Loading data...
_api           INFO 	Fetching weather data...
req            INFO 	Data has been written to cache!
core           INFO 	Finished loading data for 20 drivers: ['1', '4', '44', '81', '63', '11', '14', '23', '16', '55', '2', '77', '27', '18', '24', '22', '21', '10', '20', '31']
core           INFO 	Loading data for British Grand Prix - Practice 2 [v3.6.1]
req            INFO 	No cached data found for session_info. Loading data...
_api           INFO 	Fetching session info data...
req            INFO 	Data has been written to cache!
req            INFO 	No cached data found for driver_info. Loading data...
_api           INFO 	Fetching driver list...
req            INFO 	Data has been written to cache!
req            INFO 	No cached data found for session_status_data. Loading data...
_api           INFO 	Fetching session status data...
req            INFO 	Data has been written to cache!
req            INFO 	No cached data found for track_status_data. Loading data...
_api           INFO 	Fetching track status data...
req            INFO 	Data has been written to cache!
req            INFO 	No cached data found for _extended_timing_data. Loading data...
_api           INFO 	Fetching timing data...
_api           INFO 	Parsing timing data...
req            INFO 	Data has been written to cache!
req            INFO 	No cached data found for timing_app_data. Loading data...
_api           INFO 	Fetching timing app data...
req            INFO 	Data has been written to cache!
core           INFO 	Processing timing data...
core        WARNING 	No lap data for driver 16
core        WARNING 	Failed to perform lap accuracy check - all laps marked as inaccurate (driver 16)
core           INFO 	Finished loading data for 20 drivers: ['1', '2', '4', '10', '11', '14', '16', '18', '20', '21', '22', '23', '24', '27', '31', '44', '55', '63', '77', '81']
ok 2023 10
core           INFO 	Loading data for Italian Grand Prix - Race [v3.6.1]
req            INFO 	No cached data found for session_info. Loading data...
_api           INFO 	Fetching session info data...
req            INFO 	Data has been written to cache!
req            INFO 	No cached data found for driver_info. Loading data...
_api           INFO 	Fetching driver list...
req            INFO 	Data has been written to cache!
req            INFO 	No cached data found for weather_data. Loading data...
_api           INFO 	Fetching weather data...
req            INFO 	Data has been written to cache!
core           INFO 	Finished loading data for 20 drivers: ['1', '11', '55', '16', '63', '44', '23', '4', '14', '77', '40', '81', '2', '24', '10', '18', '27', '20', '31', '22']
core           INFO 	Loading data for Italian Grand Prix - Practice 2 [v3.6.1]
req            INFO 	No cached data found for session_info. Loading data...
_api           INFO 	Fetching session info data...
req            INFO 	Data has been written to cache!
req            INFO 	No cached data found for driver_info. Loading data...
_api           INFO 	Fetching driver list...
req            INFO 	Data has been written to cache!
req            INFO 	No cached data found for session_status_data. Loading data...
_api           INFO 	Fetching session status data...
req            INFO 	Data has been written to cache!
req            INFO 	No cached data found for track_status_data. Loading data...
_api           INFO 	Fetching track status data...
req            INFO 	Data has been written to cache!
req            INFO 	No cached data found for _extended_timing_data. Loading data...
_api           INFO 	Fetching timing data...
_api           INFO 	Parsing timing data...
req            INFO 	Data has been written to cache!
req            INFO 	No cached data found for timing_app_data. Loading data...
_api           INFO 	Fetching timing app data...
req            INFO 	Data has been written to cache!
core           INFO 	Processing timing data...
core           INFO 	Finished loading data for 20 drivers: ['1', '2', '4', '10', '11', '14', '16', '18', '20', '22', '23', '24', '27', '31', '40', '44', '55', '63', '77', '81']
ok 2023 14
core           INFO 	Loading data for United States Grand Prix - Race [v3.6.1]
req            INFO 	No cached data found for session_info. Loading data...
_api           INFO 	Fetching session info data...
req            INFO 	Data has been written to cache!
req            INFO 	No cached data found for driver_info. Loading data...
_api           INFO 	Fetching driver list...
req            INFO 	Data has been written to cache!
req            INFO 	No cached data found for weather_data. Loading data...
_api           INFO 	Fetching weather data...
req            INFO 	Data has been written to cache!
core           INFO 	Finished loading data for 20 drivers: ['1', '4', '55', '11', '63', '10', '18', '22', '23', '2', '27', '77', '24', '20', '3', '14', '81', '31', '44', '16']
core           INFO 	Loading data for United States Grand Prix - Practice 1 [v3.6.1]
req            INFO 	No cached data found for session_info. Loading data...
_api           INFO 	Fetching session info data...
req            INFO 	Data has been written to cache!
req            INFO 	No cached data found for driver_info. Loading data...
_api           INFO 	Fetching driver list...
req            INFO 	Data has been written to cache!
req            INFO 	No cached data found for session_status_data. Loading data...
_api           INFO 	Fetching session status data...
req            INFO 	Data has been written to cache!
req            INFO 	No cached data found for track_status_data. Loading data...
_api           INFO 	Fetching track status data...
req            INFO 	Data has been written to cache!
req            INFO 	No cached data found for _extended_timing_data. Loading data...
_api           INFO 	Fetching timing data...
_api           INFO 	Parsing timing data...
req            INFO 	Data has been written to cache!
req            INFO 	No cached data found for timing_app_data. Loading data...
_api           INFO 	Fetching timing app data...
req            INFO 	Data has been written to cache!
core           INFO 	Processing timing data...
core           INFO 	Finished loading data for 20 drivers: ['1', '2', '3', '4', '10', '11', '14', '16', '18', '20', '22', '23', '24', '27', '31', '44', '55', '63', '77', '81']
ok 2023 18
core           INFO 	Loading data for Abu Dhabi Grand Prix - Race [v3.6.1]
req            INFO 	No cached data found for session_info. Loading data...
_api           INFO 	Fetching session info data...
req            INFO 	Data has been written to cache!
req            INFO 	No cached data found for driver_info. Loading data...
_api           INFO 	Fetching driver list...
req            INFO 	Data has been written to cache!
req            INFO 	No cached data found for weather_data. Loading data...
_api           INFO 	Fetching weather data...
req            INFO 	Data has been written to cache!
core           INFO 	Finished loading data for 20 drivers: ['1', '16', '63', '11', '4', '81', '14', '22', '44', '18', '3', '31', '10', '23', '27', '2', '24', '55', '77', '20']
core           INFO 	Loading data for Abu Dhabi Grand Prix - Practice 2 [v3.6.1]
req            INFO 	No cached data found for session_info. Loading data...
_api           INFO 	Fetching session info data...
req            INFO 	Data has been written to cache!
req            INFO 	No cached data found for driver_info. Loading data...
_api           INFO 	Fetching driver list...
req            INFO 	Data has been written to cache!
req            INFO 	No cached data found for session_status_data. Loading data...
_api           INFO 	Fetching session status data...
req            INFO 	Data has been written to cache!
req            INFO 	No cached data found for track_status_data. Loading data...
_api           INFO 	Fetching track status data...
req            INFO 	Data has been written to cache!
req            INFO 	No cached data found for _extended_timing_data. Loading data...
_api           INFO 	Fetching timing data...
_api           INFO 	Parsing timing data...
_api        WARNING 	Driver 10: Encountered 1 timing integrity error(s) near lap(s): [14].
This might be a bug and should be reported.
req            INFO 	Data has been written to cache!
req            INFO 	No cached data found for timing_app_data. Loading data...
_api           INFO 	Fetching timing app data...
req            INFO 	Data has been written to cache!
core           INFO 	Processing timing data...
core           INFO 	Finished loading data for 20 drivers: ['1', '2', '3', '4', '10', '11', '14', '16', '18', '20', '22', '23', '24', '27', '31', '44', '55', '63', '77', '81']
ok 2023 22
core           INFO 	Loading data for Japanese Grand Prix - Race [v3.6.1]
req            INFO 	No cached data found for session_info. Loading data...
_api           INFO 	Fetching session info data...
req            INFO 	Data has been written to cache!
req            INFO 	No cached data found for driver_info. Loading data...
_api           INFO 	Fetching driver list...
req            INFO 	Data has been written to cache!
req            INFO 	No cached data found for weather_data. Loading data...
_api           INFO 	Fetching weather data...
req            INFO 	Data has been written to cache!
core           INFO 	Finished loading data for 20 drivers: ['1', '11', '55', '16', '4', '14', '63', '81', '44', '22', '27', '18', '20', '77', '31', '10', '2', '24', '3', '23']
core           INFO 	Loading data for Japanese Grand Prix - Practice 2 [v3.6.1]
req            INFO 	No cached data found for session_info. Loading data...
_api           INFO 	Fetching session info data...
req            INFO 	Data has been written to cache!
req            INFO 	No cached data found for driver_info. Loading data...
_api           INFO 	Fetching driver list...
req            INFO 	Data has been written to cache!
req            INFO 	No cached data found for session_status_data. Loading data...
_api           INFO 	Fetching session status data...
req            INFO 	Data has been written to cache!
req            INFO 	No cached data found for track_status_data. Loading data...
_api           INFO 	Fetching track status data...
req            INFO 	Data has been written to cache!
req            INFO 	No cached data found for _extended_timing_data. Loading data...
_api           INFO 	Fetching timing data...
_api           INFO 	Parsing timing data...
req            INFO 	Data has been written to cache!
req            INFO 	No cached data found for timing_app_data. Loading data...
_api           INFO 	Fetching timing app data...
req            INFO 	Data has been written to cache!
core           INFO 	Processing timing data...
core        WARNING 	No lap data for driver 1
core        WARNING 	No lap data for driver 2
core        WARNING 	No lap data for driver 10
core        WARNING 	No lap data for driver 11
core        WARNING 	No lap data for driver 14
core        WARNING 	No lap data for driver 18
core        WARNING 	No lap data for driver 63
core        WARNING 	Failed to perform lap accuracy check - all laps marked as inaccurate (driver 1)
core        WARNING 	Failed to perform lap accuracy check - all laps marked as inaccurate (driver 2)
core        WARNING 	Failed to perform lap accuracy check - all laps marked as inaccurate (driver 10)
core        WARNING 	Failed to perform lap accuracy check - all laps marked as inaccurate (driver 11)
core        WARNING 	Failed to perform lap accuracy check - all laps marked as inaccurate (driver 14)
core        WARNING 	Failed to perform lap accuracy check - all laps marked as inaccurate (driver 18)
core        WARNING 	Failed to perform lap accuracy check - all laps marked as inaccurate (driver 63)
core           INFO 	Finished loading data for 20 drivers: ['1', '2', '3', '4', '10', '11', '14', '16', '18', '20', '22', '23', '24', '27', '31', '44', '55', '63', '77', '81']
ok 2024 4
core           INFO 	Loading data for Monaco Grand Prix - Race [v3.6.1]
req            INFO 	No cached data found for session_info. Loading data...
_api           INFO 	Fetching session info data...
req            INFO 	Data has been written to cache!
req            INFO 	No cached data found for driver_info. Loading data...
_api           INFO 	Fetching driver list...
req            INFO 	Data has been written to cache!
req            INFO 	No cached data found for weather_data. Loading data...
_api           INFO 	Fetching weather data...
req            INFO 	Data has been written to cache!
core           INFO 	Finished loading data for 20 drivers: ['16', '81', '55', '4', '63', '1', '44', '22', '23', '10', '14', '3', '77', '18', '2', '24', '31', '11', '27', '20']
core           INFO 	Loading data for Monaco Grand Prix - Practice 2 [v3.6.1]
req            INFO 	No cached data found for session_info. Loading data...
_api           INFO 	Fetching session info data...
req            INFO 	Data has been written to cache!
req            INFO 	No cached data found for driver_info. Loading data...
_api           INFO 	Fetching driver list...
req            INFO 	Data has been written to cache!
req            INFO 	No cached data found for session_status_data. Loading data...
_api           INFO 	Fetching session status data...
req            INFO 	Data has been written to cache!
req            INFO 	No cached data found for track_status_data. Loading data...
_api           INFO 	Fetching track status data...
req            INFO 	Data has been written to cache!
req            INFO 	No cached data found for _extended_timing_data. Loading data...
_api           INFO 	Fetching timing data...
_api           INFO 	Parsing timing data...
req            INFO 	Data has been written to cache!
req            INFO 	No cached data found for timing_app_data. Loading data...
_api           INFO 	Fetching timing app data...
req            INFO 	Data has been written to cache!
core           INFO 	Processing timing data...
core           INFO 	Finished loading data for 20 drivers: ['1', '2', '3', '4', '10', '11', '14', '16', '18', '20', '22', '23', '24', '27', '31', '44', '55', '63', '77', '81']
ok 2024 8
core           INFO 	Loading data for British Grand Prix - Race [v3.6.1]
req            INFO 	No cached data found for session_info. Loading data...
_api           INFO 	Fetching session info data...
req            INFO 	Data has been written to cache!
req            INFO 	No cached data found for driver_info. Loading data...
_api           INFO 	Fetching driver list...
req            INFO 	Data has been written to cache!
req            INFO 	No cached data found for weather_data. Loading data...
_api           INFO 	Fetching weather data...
req            INFO 	Data has been written to cache!
core           INFO 	Finished loading data for 20 drivers: ['44', '1', '4', '81', '55', '27', '18', '14', '23', '22', '2', '20', '3', '16', '77', '31', '11', '24', '63', '10']
core           INFO 	Loading data for British Grand Prix - Practice 2 [v3.6.1]
req            INFO 	No cached data found for session_info. Loading data...
_api           INFO 	Fetching session info data...
req            INFO 	Data has been written to cache!
req            INFO 	No cached data found for driver_info. Loading data...
_api           INFO 	Fetching driver list...
req            INFO 	Data has been written to cache!
req            INFO 	No cached data found for session_status_data. Loading data...
_api           INFO 	Fetching session status data...
req            INFO 	Data has been written to cache!
req            INFO 	No cached data found for track_status_data. Loading data...
_api           INFO 	Fetching track status data...
req            INFO 	Data has been written to cache!
req            INFO 	No cached data found for _extended_timing_data. Loading data...
_api           INFO 	Fetching timing data...
_api           INFO 	Parsing timing data...
req            INFO 	Data has been written to cache!
req            INFO 	No cached data found for timing_app_data. Loading data...
_api           INFO 	Fetching timing app data...
req            INFO 	Data has been written to cache!
core           INFO 	Processing timing data...
core           INFO 	Finished loading data for 20 drivers: ['1', '2', '3', '4', '10', '11', '14', '16', '18', '20', '22', '23', '24', '27', '31', '44', '55', '63', '77', '81']
ok 2024 12
core           INFO 	Loading data for Italian Grand Prix - Race [v3.6.1]
req            INFO 	No cached data found for session_info. Loading data...
_api           INFO 	Fetching session info data...
req            INFO 	Data has been written to cache!
req            INFO 	No cached data found for driver_info. Loading data...
_api           INFO 	Fetching driver list...
req            INFO 	Data has been written to cache!
req            INFO 	No cached data found for weather_data. Loading data...
_api           INFO 	Fetching weather data...
req            INFO 	Data has been written to cache!
core           INFO 	Finished loading data for 20 drivers: ['16', '81', '4', '55', '44', '1', '63', '11', '23', '20', '14', '43', '3', '31', '10', '77', '27', '24', '18', '22']
core           INFO 	Loading data for Italian Grand Prix - Practice 2 [v3.6.1]
req            INFO 	No cached data found for session_info. Loading data...
_api           INFO 	Fetching session info data...
req            INFO 	Data has been written to cache!
req            INFO 	No cached data found for driver_info. Loading data...
_api           INFO 	Fetching driver list...
req            INFO 	Data has been written to cache!
req            INFO 	No cached data found for session_status_data. Loading data...
_api           INFO 	Fetching session status data...
req            INFO 	Data has been written to cache!
req            INFO 	No cached data found for track_status_data. Loading data...
_api           INFO 	Fetching track status data...
req            INFO 	Data has been written to cache!
req            INFO 	No cached data found for _extended_timing_data. Loading data...
_api           INFO 	Fetching timing data...
_api           INFO 	Parsing timing data...
req            INFO 	Data has been written to cache!
req            INFO 	No cached data found for timing_app_data. Loading data...
_api           INFO 	Fetching timing app data...
logger      WARNING 	Failed to load timing data!
core           INFO 	Finished loading data for 20 drivers: ['1', '3', '4', '10', '11', '14', '16', '18', '20', '22', '23', '24', '27', '31', '43', '44', '55', '63', '77', '81']
FAIL practice 2024 16 DataNotLoadedError('The data you are trying to access has not been loaded yet. See `Session.load`')
ok 2024 16
core           INFO 	Loading data for Mexico City Grand Prix - Race [v3.6.1]
req            INFO 	No cached data found for session_info. Loading data...
_api           INFO 	Fetching session info data...
logger      WARNING 	Failed to load session info data!
req            INFO 	No cached data found for driver_info. Loading data...
_api           INFO 	Fetching driver list...
core        WARNING 	Failed to load extended driver information!
logger      WARNING 	Failed to load result data from Ergast!
core        WARNING 	No result data for this session available on Ergast! (This is expected for recent sessions)
core        WARNING 	Failed to load driver list and session results!
req            INFO 	No cached data found for weather_data. Loading data...
_api           INFO 	Fetching weather data...
req            INFO 	Data has been written to cache!
core           INFO 	Finished loading data for 0 drivers: []
core           INFO 	Loading data for Mexico City Grand Prix - Practice 2 [v3.6.1]
req            INFO 	No cached data found for session_info. Loading data...
_api           INFO 	Fetching session info data...
req            INFO 	Data has been written to cache!
req            INFO 	No cached data found for driver_info. Loading data...
_api           INFO 	Fetching driver list...
req            INFO 	Data has been written to cache!
req            INFO 	No cached data found for session_status_data. Loading data...
_api           INFO 	Fetching session status data...
req            INFO 	Data has been written to cache!
req            INFO 	No cached data found for track_status_data. Loading data...
_api           INFO 	Fetching track status data...
req            INFO 	Data has been written to cache!
req            INFO 	No cached data found for _extended_timing_data. Loading data...
_api           INFO 	Fetching timing data...
_api           INFO 	Parsing timing data...
req            INFO 	Data has been written to cache!
req            INFO 	No cached data found for timing_app_data. Loading data...
_api           INFO 	Fetching timing app data...
req            INFO 	Data has been written to cache!
core           INFO 	Processing timing data...
core        WARNING 	No lap data for driver 23
core        WARNING 	Failed to perform lap accuracy check - all laps marked as inaccurate (driver 23)
core           INFO 	Finished loading data for 20 drivers: ['1', '4', '10', '11', '14', '16', '18', '20', '22', '23', '24', '27', '30', '31', '43', '44', '55', '63', '77', '81']
ok 2024 20
core           INFO 	Loading data for Abu Dhabi Grand Prix - Race [v3.6.1]
req            INFO 	No cached data found for session_info. Loading data...
_api           INFO 	Fetching session info data...
req            INFO 	Data has been written to cache!
req            INFO 	No cached data found for driver_info. Loading data...
_api           INFO 	Fetching driver list...
req            INFO 	Data has been written to cache!
req            INFO 	No cached data found for weather_data. Loading data...
_api           INFO 	Fetching weather data...
req            INFO 	Data has been written to cache!
core           INFO 	Finished loading data for 20 drivers: ['4', '55', '16', '44', '63', '1', '10', '27', '14', '81', '23', '22', '24', '18', '61', '20', '30', '77', '43', '11']
core           INFO 	Loading data for Abu Dhabi Grand Prix - Practice 2 [v3.6.1]
req            INFO 	No cached data found for session_info. Loading data...
_api           INFO 	Fetching session info data...
req            INFO 	Data has been written to cache!
req            INFO 	No cached data found for driver_info. Loading data...
_api           INFO 	Fetching driver list...
req            INFO 	Data has been written to cache!
req            INFO 	No cached data found for session_status_data. Loading data...
_api           INFO 	Fetching session status data...
req            INFO 	Data has been written to cache!
req            INFO 	No cached data found for track_status_data. Loading data...
_api           INFO 	Fetching track status data...
req            INFO 	Data has been written to cache!
req            INFO 	No cached data found for _extended_timing_data. Loading data...
_api           INFO 	Fetching timing data...
_api           INFO 	Parsing timing data...
req            INFO 	Data has been written to cache!
req            INFO 	No cached data found for timing_app_data. Loading data...
_api           INFO 	Fetching timing app data...
req            INFO 	Data has been written to cache!
core           INFO 	Processing timing data...
core           INFO 	Finished loading data for 20 drivers: ['1', '4', '10', '11', '14', '16', '18', '20', '22', '23', '24', '27', '30', '43', '44', '55', '61', '63', '77', '81']
ok 2024 24
core           INFO 	Loading data for Bahrain Grand Prix - Race [v3.6.1]
req            INFO 	No cached data found for session_info. Loading data...
_api           INFO 	Fetching session info data...
req            INFO 	Data has been written to cache!
req            INFO 	No cached data found for driver_info. Loading data...
_api           INFO 	Fetching driver list...
req            INFO 	Data has been written to cache!
req            INFO 	No cached data found for weather_data. Loading data...
_api           INFO 	Fetching weather data...
req            INFO 	Data has been written to cache!
core           INFO 	Finished loading data for 20 drivers: ['81', '63', '4', '16', '44', '1', '10', '31', '22', '87', '12', '23', '6', '7', '14', '30', '18', '5', '55', '27']
core           INFO 	Loading data for Bahrain Grand Prix - Practice 2 [v3.6.1]
req            INFO 	No cached data found for session_info. Loading data...
_api           INFO 	Fetching session info data...
req            INFO 	Data has been written to cache!
req            INFO 	No cached data found for driver_info. Loading data...
_api           INFO 	Fetching driver list...
req            INFO 	Data has been written to cache!
req            INFO 	No cached data found for session_status_data. Loading data...
_api           INFO 	Fetching session status data...
req            INFO 	Data has been written to cache!
req            INFO 	No cached data found for track_status_data. Loading data...
_api           INFO 	Fetching track status data...
req            INFO 	Data has been written to cache!
req            INFO 	No cached data found for _extended_timing_data. Loading data...
_api           INFO 	Fetching timing data...
_api           INFO 	Parsing timing data...
req            INFO 	Data has been written to cache!
req            INFO 	No cached data found for timing_app_data. Loading data...
_api           INFO 	Fetching timing app data...
req            INFO 	Data has been written to cache!
core           INFO 	Processing timing data...
core           INFO 	Finished loading data for 20 drivers: ['1', '4', '5', '6', '7', '10', '12', '14', '16', '18', '22', '23', '27', '30', '31', '44', '55', '63', '81', '87']
ok 2025 4
core           INFO 	Loading data for Monaco Grand Prix - Race [v3.6.1]
req            INFO 	No cached data found for session_info. Loading data...
_api           INFO 	Fetching session info data...
req            INFO 	Data has been written to cache!
req            INFO 	No cached data found for driver_info. Loading data...
_api           INFO 	Fetching driver list...
req            INFO 	Data has been written to cache!
req            INFO 	No cached data found for weather_data. Loading data...
_api           INFO 	Fetching weather data...
req            INFO 	Data has been written to cache!
core           INFO 	Finished loading data for 20 drivers: ['4', '16', '81', '1', '44', '6', '31', '30', '23', '55', '63', '87', '43', '5', '18', '27', '22', '12', '14', '10']
core           INFO 	Loading data for Monaco Grand Prix - Practice 2 [v3.6.1]
req            INFO 	No cached data found for session_info. Loading data...
_api           INFO 	Fetching session info data...
req            INFO 	Data has been written to cache!
req            INFO 	No cached data found for driver_info. Loading data...
_api           INFO 	Fetching driver list...
req            INFO 	Data has been written to cache!
req            INFO 	No cached data found for session_status_data. Loading data...
_api           INFO 	Fetching session status data...
req            INFO 	Data has been written to cache!
req            INFO 	No cached data found for track_status_data. Loading data...
_api           INFO 	Fetching track status data...
req            INFO 	Data has been written to cache!
req            INFO 	No cached data found for _extended_timing_data. Loading data...
_api           INFO 	Fetching timing data...
_api           INFO 	Parsing timing data...
req            INFO 	Data has been written to cache!
req            INFO 	No cached data found for timing_app_data. Loading data...
_api           INFO 	Fetching timing app data...
req            INFO 	Data has been written to cache!
core           INFO 	Processing timing data...
core           INFO 	Finished loading data for 20 drivers: ['1', '4', '5', '6', '10', '12', '14', '16', '18', '22', '23', '27', '30', '31', '43', '44', '55', '63', '81', '87']
ok 2025 8
core           INFO 	Loading data for British Grand Prix - Race [v3.6.1]
req            INFO 	No cached data found for session_info. Loading data...
_api           INFO 	Fetching session info data...
req            INFO 	Data has been written to cache!
req            INFO 	No cached data found for driver_info. Loading data...
_api           INFO 	Fetching driver list...
req            INFO 	Data has been written to cache!
req            INFO 	No cached data found for weather_data. Loading data...
_api           INFO 	Fetching weather data...
req            INFO 	Data has been written to cache!
core           INFO 	Finished loading data for 20 drivers: ['4', '81', '27', '44', '1', '10', '18', '23', '14', '63', '87', '55', '31', '16', '22', '12', '6', '5', '30', '43']
core           INFO 	Loading data for British Grand Prix - Practice 2 [v3.6.1]
req            INFO 	No cached data found for session_info. Loading data...
_api           INFO 	Fetching session info data...
req            INFO 	Data has been written to cache!
req            INFO 	No cached data found for driver_info. Loading data...
_api           INFO 	Fetching driver list...
req            INFO 	Data has been written to cache!
req            INFO 	No cached data found for session_status_data. Loading data...
_api           INFO 	Fetching session status data...
req            INFO 	Data has been written to cache!
req            INFO 	No cached data found for track_status_data. Loading data...
_api           INFO 	Fetching track status data...
req            INFO 	Data has been written to cache!
req            INFO 	No cached data found for _extended_timing_data. Loading data...
_api           INFO 	Fetching timing data...
_api           INFO 	Parsing timing data...
req            INFO 	Data has been written to cache!
req            INFO 	No cached data found for timing_app_data. Loading data...
_api           INFO 	Fetching timing app data...
req            INFO 	Data has been written to cache!
core           INFO 	Processing timing data...
core           INFO 	Finished loading data for 20 drivers: ['1', '4', '5', '6', '10', '12', '14', '16', '18', '22', '23', '27', '30', '31', '43', '44', '55', '63', '81', '87']
ok 2025 12
core           INFO 	Loading data for Italian Grand Prix - Race [v3.6.1]
req            INFO 	No cached data found for session_info. Loading data...
_api           INFO 	Fetching session info data...
req            INFO 	Data has been written to cache!
req            INFO 	No cached data found for driver_info. Loading data...
_api           INFO 	Fetching driver list...
req            INFO 	Data has been written to cache!
req            INFO 	No cached data found for weather_data. Loading data...
_api           INFO 	Fetching weather data...
req            INFO 	Data has been written to cache!
core           INFO 	Finished loading data for 20 drivers: ['1', '4', '81', '16', '63', '44', '23', '5', '12', '6', '55', '87', '22', '30', '31', '10', '43', '18', '14', '27']
core           INFO 	Loading data for Italian Grand Prix - Practice 2 [v3.6.1]
req            INFO 	No cached data found for session_info. Loading data...
_api           INFO 	Fetching session info data...
req            INFO 	Data has been written to cache!
req            INFO 	No cached data found for driver_info. Loading data...
_api           INFO 	Fetching driver list...
req            INFO 	Data has been written to cache!
req            INFO 	No cached data found for session_status_data. Loading data...
_api           INFO 	Fetching session status data...
req            INFO 	Data has been written to cache!
req            INFO 	No cached data found for track_status_data. Loading data...
_api           INFO 	Fetching track status data...
req            INFO 	Data has been written to cache!
req            INFO 	No cached data found for _extended_timing_data. Loading data...
_api           INFO 	Fetching timing data...
_api           INFO 	Parsing timing data...
req            INFO 	Data has been written to cache!
req            INFO 	No cached data found for timing_app_data. Loading data...
_api           INFO 	Fetching timing app data...
req            INFO 	Data has been written to cache!
core           INFO 	Processing timing data...
core           INFO 	Finished loading data for 20 drivers: ['1', '4', '5', '6', '10', '12', '14', '16', '18', '22', '23', '27', '30', '31', '43', '44', '55', '63', '81', '87']
ok 2025 16
core           INFO 	Loading data for Mexico City Grand Prix - Race [v3.6.1]
req            INFO 	No cached data found for session_info. Loading data...
_api           INFO 	Fetching session info data...
req            INFO 	Data has been written to cache!
req            INFO 	No cached data found for driver_info. Loading data...
_api           INFO 	Fetching driver list...
req            INFO 	Data has been written to cache!
req            INFO 	No cached data found for weather_data. Loading data...
_api           INFO 	Fetching weather data...
req            INFO 	Data has been written to cache!
core           INFO 	Finished loading data for 20 drivers: ['4', '16', '1', '87', '81', '12', '63', '44', '31', '5', '22', '23', '6', '18', '10', '43', '55', '14', '27', '30']
core           INFO 	Loading data for Mexico City Grand Prix - Practice 2 [v3.6.1]
req            INFO 	No cached data found for session_info. Loading data...
_api           INFO 	Fetching session info data...
req            INFO 	Data has been written to cache!
req            INFO 	No cached data found for driver_info. Loading data...
_api           INFO 	Fetching driver list...
req            INFO 	Data has been written to cache!
req            INFO 	No cached data found for session_status_data. Loading data...
_api           INFO 	Fetching session status data...
req            INFO 	Data has been written to cache!
req            INFO 	No cached data found for track_status_data. Loading data...
_api           INFO 	Fetching track status data...
req            INFO 	Data has been written to cache!
req            INFO 	No cached data found for _extended_timing_data. Loading data...
_api           INFO 	Fetching timing data...
_api           INFO 	Parsing timing data...
req            INFO 	Data has been written to cache!
req            INFO 	No cached data found for timing_app_data. Loading data...
_api           INFO 	Fetching timing app data...
req            INFO 	Data has been written to cache!
core           INFO 	Processing timing data...
core           INFO 	Finished loading data for 20 drivers: ['1', '4', '5', '6', '10', '12', '14', '16', '18', '22', '23', '27', '30', '31', '43', '44', '55', '63', '81', '87']
ok 2025 20
core           INFO 	Loading data for Abu Dhabi Grand Prix - Race [v3.6.1]
req            INFO 	No cached data found for session_info. Loading data...
_api           INFO 	Fetching session info data...
req            INFO 	Data has been written to cache!
req            INFO 	No cached data found for driver_info. Loading data...
_api           INFO 	Fetching driver list...
req            INFO 	Data has been written to cache!
req            INFO 	No cached data found for weather_data. Loading data...
_api           INFO 	Fetching weather data...
req            INFO 	Data has been written to cache!
core           INFO 	Finished loading data for 20 drivers: ['1', '81', '4', '16', '63', '14', '31', '44', '27', '18', '5', '87', '55', '22', '12', '23', '6', '30', '10', '43']
core           INFO 	Loading data for Abu Dhabi Grand Prix - Practice 2 [v3.6.1]
req            INFO 	No cached data found for session_info. Loading data...
_api           INFO 	Fetching session info data...
req            INFO 	Data has been written to cache!
req            INFO 	No cached data found for driver_info. Loading data...
_api           INFO 	Fetching driver list...
req            INFO 	Data has been written to cache!
req            INFO 	No cached data found for session_status_data. Loading data...
_api           INFO 	Fetching session status data...
req            INFO 	Data has been written to cache!
req            INFO 	No cached data found for track_status_data. Loading data...
_api           INFO 	Fetching track status data...
req            INFO 	Data has been written to cache!
req            INFO 	No cached data found for _extended_timing_data. Loading data...
_api           INFO 	Fetching timing data...
_api           INFO 	Parsing timing data...
req            INFO 	Data has been written to cache!
req            INFO 	No cached data found for timing_app_data. Loading data...
_api           INFO 	Fetching timing app data...
req            INFO 	Data has been written to cache!
core           INFO 	Processing timing data...
core           INFO 	Finished loading data for 20 drivers: ['1', '4', '5', '6', '10', '12', '14', '16', '18', '22', '23', '27', '30', '31', '43', '44', '55', '63', '81', '87']
ok 2025 24
core           INFO 	Loading data for Miami Grand Prix - Race [v3.6.1]
req            INFO 	No cached data found for session_info. Loading data...
_api           INFO 	Fetching session info data...
req            INFO 	Data has been written to cache!
req            INFO 	No cached data found for driver_info. Loading data...
_api           INFO 	Fetching driver list...
req            INFO 	Data has been written to cache!
req            INFO 	No cached data found for weather_data. Loading data...
_api           INFO 	Fetching weather data...
req            INFO 	Data has been written to cache!
core           INFO 	Finished loading data for 22 drivers: ['12', '1', '81', '63', '3', '44', '43', '16', '55', '23', '87', '5', '31', '41', '14', '11', '18', '77', '27', '30', '10', '6']
core           INFO 	Loading data for Miami Grand Prix - Practice 1 [v3.6.1]
req            INFO 	No cached data found for session_info. Loading data...
_api           INFO 	Fetching session info data...
logger      WARNING 	Failed to load session info data!
req            INFO 	No cached data found for driver_info. Loading data...
_api           INFO 	Fetching driver list...
core        WARNING 	Failed to load extended driver information!
req            INFO 	No cached data found for session_status_data. Loading data...
_api           INFO 	Fetching session status data...
logger      WARNING 	Failed to load session status data!
req            INFO 	No cached data found for track_status_data. Loading data...
_api           INFO 	Fetching track status data...
logger      WARNING 	Failed to load track status data!
req            INFO 	No cached data found for _extended_timing_data. Loading data...
_api           INFO 	Fetching timing data...
logger      WARNING 	Failed to load timing data!
core           INFO 	Finished loading data for 22 drivers: ['12', '1', '81', '63', '3', '44', '43', '16', '55', '23', '87', '5', '31', '41', '14', '11', '18', '77', '27', '30', '10', '6']
FAIL practice 2026 4 DataNotLoadedError('The data you are trying to access has not been loaded yet. See `Session.load`')
ok 2026 4
core           INFO 	Loading data for Austrian Grand Prix - Race [v3.6.1]
req            INFO 	No cached data found for session_info. Loading data...
_api           INFO 	Fetching session info data...
logger      WARNING 	Failed to load session info data!
req            INFO 	No cached data found for driver_info. Loading data...
_api           INFO 	Fetching driver list...
core        WARNING 	Failed to load extended driver information!
logger      WARNING 	Failed to load result data from Ergast!
core        WARNING 	No result data for this session available on Ergast! (This is expected for recent sessions)
core        WARNING 	Failed to load driver list and session results!
req            INFO 	No cached data found for weather_data. Loading data...
_api           INFO 	Fetching weather data...
logger      WARNING 	Failed to load weather data!
core           INFO 	Finished loading data for 0 drivers: []
FAIL weather 2026 8 DataNotLoadedError('The data you are trying to access has not been loaded yet. See `Session.load`')
core           INFO 	Loading data for Austrian Grand Prix - Practice 2 [v3.6.1]
req            INFO 	No cached data found for session_info. Loading data...
_api           INFO 	Fetching session info data...
logger      WARNING 	Failed to load session info data!
req            INFO 	No cached data found for driver_info. Loading data...
_api           INFO 	Fetching driver list...
core        WARNING 	Failed to load extended driver information!
logger      WARNING 	Failed to load result data from Ergast!
core        WARNING 	No result data for this session available on Ergast! (This is expected for recent sessions)
core        WARNING 	Failed to load driver list and session results!
req            INFO 	No cached data found for session_status_data. Loading data...
_api           INFO 	Fetching session status data...
logger      WARNING 	Failed to load session status data!
req            INFO 	No cached data found for track_status_data. Loading data...
_api           INFO 	Fetching track status data...
logger      WARNING 	Failed to load track status data!
req            INFO 	No cached data found for _extended_timing_data. Loading data...
_api           INFO 	Fetching timing data...
logger      WARNING 	Failed to load timing data!
core           INFO 	Finished loading data for 0 drivers: []
FAIL practice 2026 8 DataNotLoadedError('The data you are trying to access has not been loaded yet. See `Session.load`')
ok 2026 8
core           INFO 	Loading data for Dutch Grand Prix - Race [v3.6.1]
req            INFO 	No cached data found for session_info. Loading data...
_api           INFO 	Fetching session info data...
logger      WARNING 	Failed to load session info data!
req            INFO 	No cached data found for driver_info. Loading data...
_api           INFO 	Fetching driver list...
core        WARNING 	Failed to load extended driver information!
logger      WARNING 	Failed to load result data from Ergast!
core        WARNING 	No result data for this session available on Ergast! (This is expected for recent sessions)
core        WARNING 	Failed to load driver list and session results!
req            INFO 	No cached data found for weather_data. Loading data...
_api           INFO 	Fetching weather data...
logger      WARNING 	Failed to load weather data!
core           INFO 	Finished loading data for 0 drivers: []
FAIL weather 2026 12 DataNotLoadedError('The data you are trying to access has not been loaded yet. See `Session.load`')
core           INFO 	Loading data for Dutch Grand Prix - Practice 1 [v3.6.1]
req            INFO 	No cached data found for session_info. Loading data...
_api           INFO 	Fetching session info data...
logger      WARNING 	Failed to load session info data!
req            INFO 	No cached data found for driver_info. Loading data...
_api           INFO 	Fetching driver list...
core        WARNING 	Failed to load extended driver information!
logger      WARNING 	Failed to load result data from Ergast!
core        WARNING 	No result data for this session available on Ergast! (This is expected for recent sessions)
core        WARNING 	Failed to load driver list and session results!
req            INFO 	No cached data found for session_status_data. Loading data...
_api           INFO 	Fetching session status data...
logger      WARNING 	Failed to load session status data!
req            INFO 	No cached data found for track_status_data. Loading data...
_api           INFO 	Fetching track status data...
logger      WARNING 	Failed to load track status data!
req            INFO 	No cached data found for _extended_timing_data. Loading data...
_api           INFO 	Fetching timing data...
logger      WARNING 	Failed to load timing data!
core           INFO 	Finished loading data for 0 drivers: []
FAIL practice 2026 12 DataNotLoadedError('The data you are trying to access has not been loaded yet. See `Session.load`')
ok 2026 12
