core           INFO 	Loading data for Azerbaijan Grand Prix - Race [v3.6.1]
req            INFO 	No cached data found for session_info. Loading data...
_api           INFO 	Fetching session info data...
req            INFO 	Data has been written to cache!
req            INFO 	No cached data found for driver_info. Loading data...
_api           INFO 	Fetching driver list...
req            INFO 	Data has been written to cache!
req            INFO 	No cached data found for weather_data. Loading data...
_api           INFO 	Fetching weather data...
req            INFO 	Data has been written to cache!
core           INFO 	Finished loading data for 20 drivers: ['44', '7', '11', '5', '55', '16', '14', '18', '2', '28', '9', '10', '20', '77', '8', '33', '3', '27', '31', '35']
core           INFO 	Loading data for Azerbaijan Grand Prix - Practice 2 [v3.6.1]
req            INFO 	No cached data found for session_info. Loading data...
_api           INFO 	Fetching session info data...
req            INFO 	Data has been written to cache!
req            INFO 	No cached data found for driver_info. Loading data...
_api           INFO 	Fetching driver list...
req            INFO 	Data has been written to cache!
req            INFO 	No cached data found for session_status_data. Loading data...
_api           INFO 	Fetching session status data...
req            INFO 	Data has been written to cache!
req            INFO 	No cached data found for track_status_data. Loading data...
_api           INFO 	Fetching track status data...
req            INFO 	Data has been written to cache!
req            INFO 	No cached data found for _extended_timing_data. Loading data...
_api           INFO 	Fetching timing data...
_api           INFO 	Parsing timing data...
_api        WARNING 	Driver  2: Ignoring late data for a previously processed lap.The data may contain errors (previous: 21; current 22)
_api        WARNING 	Driver 44: Encountered 1 timing integrity error(s) near lap(s): [28].
This might be a bug and should be reported.
req            INFO 	Data has been written to cache!
req            INFO 	No cached data found for timing_app_data. Loading data...
_api           INFO 	Fetching timing app data...
req            INFO 	Data has been written to cache!
core           INFO 	Processing timing data...
core           INFO 	Finished loading data for 20 drivers: ['2', '3', '5', '7', '8', '9', '10', '11', '14', '16', '18', '20', '27', '28', '31', '33', '35', '44', '55', '77']
ok 2018 4
core           INFO 	Loading data for French Grand Prix - Race [v3.6.1]
req            INFO 	No cached data found for session_info. Loading data...
_api           INFO 	Fetching session info data...
req            INFO 	Data has been written to cache!
req            INFO 	No cached data found for driver_info. Loading data...
_api           INFO 	Fetching driver list...
req            INFO 	Data has been written to cache!
req            INFO 	No cached data found for weather_data. Loading data...
_api           INFO 	Fetching weather data...
req            INFO 	Data has been written to cache!
core           INFO 	Finished loading data for 20 drivers: ['44', '33', '7', '3', '5', '20', '77', '55', '27', '16', '8', '2', '9', '28', '35', '14', '18', '11', '31', '10']
core           INFO 	Loading data for French Grand Prix - Practice 2 [v3.6.1]
req            INFO 	No cached data found for session_info. Loading data...
_api           INFO 	Fetching session info data...
req            INFO 	Data has been written to cache!
req            INFO 	No cached data found for driver_info. Loading data...
_api           INFO 	Fetching driver list...
req            INFO 	Data has been written to cache!
req            INFO 	No cached data found for session_status_data. Loading data...
_api           INFO 	Fetching session status data...
req            INFO 	Data has been written to cache!
req            INFO 	No cached data found for track_status_data. Loading data...
_api           INFO 	Fetching track status data...
req            INFO 	Data has been written to cache!
req            INFO 	No cached data found for _extended_timing_data. Loading data...
_api           INFO 	Fetching timing data...
_api           INFO 	Parsing timing data...
_api        WARNING 	Driver  8: Ignoring late data for a previously processed lap.The data may contain errors (previous: 26; current 27)
req            INFO 	Data has been written to cache!
req            INFO 	No cached data found for timing_app_data. Loading data...
_api           INFO 	Fetching timing app data...
req            INFO 	Data has been written to cache!
core           INFO 	Processing timing data...
core        WARNING 	No lap data for driver 9
core        WARNING 	Failed to perform lap accuracy check - all laps marked as inaccurate (driver 9)
core           INFO 	Finished loading data for 20 drivers: ['2', '3', '5', '7', '8', '9', '10', '11', '14', '16', '18', '20', '27', '28', '31', '33', '35', '44', '55', '77']
ok 2018 8
core           INFO 	Loading data for Hungarian Grand Prix - Race [v3.6.1]
req            INFO 	No cached data found for session_info. Loading data...
_api           INFO 	Fetching session info data...
req            INFO 	Data has been written to cache!
req            INFO 	No cached data found for driver_info. Loading data...
_api           INFO 	Fetching driver list...
req            INFO 	Data has been written to cache!
req            INFO 	No cached data found for weather_data. Loading data...
_api           INFO 	Fetching weather data...
req            INFO 	Data has been written to cache!
core           INFO 	Finished loading data for 20 drivers: ['44', '5', '7', '3', '77', '10', '20', '14', '55', '8', '28', '27', '31', '11', '9', '35', '18', '2', '33', '16']
core           INFO 	Loading data for Hungarian Grand Prix - Practice 2 [v3.6.1]
req            INFO 	No cached data found for session_info. Loading data...
_api           INFO 	Fetching session info data...
req            INFO 	Data has been written to cache!
req            INFO 	No cached data found for driver_info. Loading data...
_api           INFO 	Fetching driver list...
req            INFO 	Data has been written to cache!
req            INFO 	No cached data found for session_status_data. Loading data...
_api           INFO 	Fetching session status data...
req            INFO 	Data has been written to cache!
req            INFO 	No cached data found for track_status_data. Loading data...
_api           INFO 	Fetching track status data...
req            INFO 	Data has been written to cache!
req            INFO 	No cached data found for _extended_timing_data. Loading data...
_api           INFO 	Fetching timing data...
_api           INFO 	Parsing timing data...
_api        WARNING 	Driver  5: Ignoring late data for a previously processed lap.The data may contain errors (previous: 26; current 27)
_api        WARNING 	Driver  5: Ignoring late data for a previously processed lap.The data may contain errors (previous: 33; current 34)
_api        WARNING 	Driver 18: Ignoring late data for a previously processed lap.The data may contain errors (previous: 4; current 5)
_api        WARNING 	Driver 35: Ignoring late data for a previously processed lap.The data may contain errors (previous: 41; current 42)
req            INFO 	Data has been written to cache!
req            INFO 	No cached data found for timing_app_data. Loading data...
_api           INFO 	Fetching timing app data...
req            INFO 	Data has been written to cache!
core           INFO 	Processing timing data...
core           INFO 	Finished loading data for 20 drivers: ['2', '3', '5', '7', '8', '9', '10', '11', '14', '16', '18', '20', '27', '28', '31', '33', '35', '44', '55', '77']
ok 2018 12
core           INFO 	Loading data for Russian Grand Prix - Race [v3.6.1]
req            INFO 	No cached data found for session_info. Loading data...
_api           INFO 	Fetching session info data...
req            INFO 	Data has been written to cache!
req            INFO 	No cached data found for driver_info. Loading data...
_api           INFO 	Fetching driver list...
req            INFO 	Data has been written to cache!
req            INFO 	No cached data found for weather_data. Loading data...
_api           INFO 	Fetching weather data...
req            INFO 	Data has been written to cache!
core           INFO 	Finished loading data for 20 drivers: ['44', '77', '5', '7', '33', '3', '16', '20', '31', '11', '8', '27', '9', '14', '18', '2', '55', '35', '10', '28']
core           INFO 	Loading data for Russian Grand Prix - Practice 2 [v3.6.1]
req            INFO 	No cached data found for session_info. Loading data...
_api           INFO 	Fetching session info data...
req            INFO 	Data has been written to cache!
req            INFO 	No cached data found for driver_info. Loading data...
_api           INFO 	Fetching driver list...
req            INFO 	Data has been written to cache!
req            INFO 	No cached data found for session_status_data. Loading data...
_api           INFO 	Fetching session status data...
req            INFO 	Data has been written to cache!
req            INFO 	No cached data found for track_status_data. Loading data...
_api           INFO 	Fetching track status data...
req            INFO 	Data has been written to cache!
req            INFO 	No cached data found for _extended_timing_data. Loading data...
_api           INFO 	Fetching timing data...
_api           INFO 	Parsing timing data...
req            INFO 	Data has been written to cache!
req            INFO 	No cached data found for timing_app_data. Loading data...
_api           INFO 	Fetching timing app data...
req            INFO 	Data has been written to cache!
core           INFO 	Processing timing data...
core           INFO 	Finished loading data for 20 drivers: ['2', '3', '5', '7', '8', '9', '10', '11', '14', '16', '18', '20', '27', '28', '31', '33', '35', '44', '55', '77']
ok 2018 16
core           INFO 	Loading data for Brazilian Grand Prix - Race [v3.6.1]
req            INFO 	No cached data found for session_info. Loading data...
_api           INFO 	Fetching session info data...
req            INFO 	Data has been written to cache!
req            INFO 	No cached data found for driver_info. Loading data...
_api           INFO 	Fetching driver list...
req            INFO 	Data has been written to cache!
req            INFO 	No cached data found for weather_data. Loading data...
_api           INFO 	Fetching weather data...
req            INFO 	Data has been written to cache!
core           INFO 	Finished loading data for 20 drivers: ['44', '33', '7', '3', '77', '5', '16', '8', '20', '11', '28', '55', '10', '2', '31', '35', '14', '18', '27', '9']
core           INFO 	Loading data for Brazilian Grand Prix - Practice 2 [v3.6.1]
req            INFO 	No cached data found for session_info. Loading data...
_api           INFO 	Fetching session info data...
req            INFO 	Data has been written to cache!
req            INFO 	No cached data found for driver_info. Loading data...
_api           INFO 	Fetching driver list...
req            INFO 	Data has been written to cache!
req            INFO 	No cached data found for session_status_data. Loading data...
_api           INFO 	Fetching session status data...
req            INFO 	Data has been written to cache!
req            INFO 	No cached data found for track_status_data. Loading data...
_api           INFO 	Fetching track status data...
req            INFO 	Data has been written to cache!
req            INFO 	No cached data found for _extended_timing_data. Loading data...
_api           INFO 	Fetching timing data...
_api           INFO 	Parsing timing data...
_api        WARNING 	Driver  7: Encountered 1 timing integrity error(s) near lap(s): [24].
This might be a bug and should be reported.
_api        WARNING 	Driver 44: Ignoring late data for a previously processed lap.The data may contain errors (previous: 11; current 12)
req            INFO 	Data has been written to cache!
req            INFO 	No cached data found for timing_app_data. Loading data...
_api           INFO 	Fetching timing app data...
req            INFO 	Data has been written to cache!
core           INFO 	Processing timing data...
core        WARNING 	Driver 35: Lap timing integrity check failed for 1 lap(s)
core           INFO 	Finished loading data for 20 drivers: ['2', '3', '5', '7', '8', '9', '10', '11', '14', '16', '18', '20', '27', '28', '31', '33', '35', '44', '55', '77']
ok 2018 20
core           INFO 	Loading data for Chinese Grand Prix - Race [v3.6.1]
req            INFO 	No cached data found for session_info. Loading data...
_api           INFO 	Fetching session info data...
req            INFO 	Data has been written to cache!
req            INFO 	No cached data found for driver_info. Loading data...
_api           INFO 	Fetching driver list...
req            INFO 	Data has been written to cache!
req            INFO 	No cached data found for weather_data. Loading data...
_api           INFO 	Fetching weather data...
req            INFO 	Data has been written to cache!
core           INFO 	Finished loading data for 20 drivers: ['44', '77', '5', '33', '16', '10', '3', '11', '7', '23', '8', '18', '20', '55', '99', '63', '88', '4', '26', '27']
core           INFO 	Loading data for Chinese Grand Prix - Practice 2 [v3.6.1]
req            INFO 	No cached data found for session_info. Loading data...
_api           INFO 	Fetching session info data...
req            INFO 	Data has been written to cache!
req            INFO 	No cached data found for driver_info. Loading data...
_api           INFO 	Fetching driver list...
req            INFO 	Data has been written to cache!
req            INFO 	No cached data found for session_status_data. Loading data...
_api           INFO 	Fetching session status data...
req            INFO 	Data has been written to cache!
req            INFO 	No cached data found for track_status_data. Loading data...
_api           INFO 	Fetching track status data...
req            INFO 	Data has been written to cache!
req            INFO 	No cached data found for _extended_timing_data. Loading data...
_api           INFO 	Fetching timing data...
_api           INFO 	Parsing timing data...
_api        WARNING 	Driver 11: Ignoring late data for a previously processed lap.The data may contain errors (previous: 3; current 4)
_api        WARNING 	Driver 33: Ignoring late data for a previously processed lap.The data may contain errors (previous: 26; current 27)
req            INFO 	Data has been written to cache!
req            INFO 	No cached data found for timing_app_data. Loading data...
_api           INFO 	Fetching timing app data...
req            INFO 	Data has been written to cache!
core           INFO 	Processing timing data...
core           INFO 	Finished loading data for 20 drivers: ['3', '4', '5', '7', '8', '10', '11', '16', '18', '20', '23', '26', '27', '33', '44', '55', '63', '77', '88', '99']
ok 2019 3
core           INFO 	Loading data for Canadian Grand Prix - Race [v3.6.1]
req            INFO 	No cached data found for session_info. Loading data...
_api           INFO 	Fetching session info data...
req            INFO 	Data has been written to cache!
req            INFO 	No cached data found for driver_info. Loading data...
_api           INFO 	Fetching driver list...
req            INFO 	Data has been written to cache!
req            INFO 	No cached data found for weather_data. Loading data...
_api           INFO 	Fetching weather data...
req            INFO 	Data has been written to cache!
core           INFO 	Finished loading data for 20 drivers: ['44', '5', '16', '77', '33', '3', '27', '10', '18', '26', '55', '11', '99', '8', '7', '63', '20', '88', '23', '4']
core           INFO 	Loading data for Canadian Grand Prix - Practice 2 [v3.6.1]
req            INFO 	No cached data found for session_info. Loading data...
_api           INFO 	Fetching session info data...
req            INFO 	Data has been written to cache!
req            INFO 	No cached data found for driver_info. Loading data...
_api           INFO 	Fetching driver list...
req            INFO 	Data has been written to cache!
req            INFO 	No cached data found for session_status_data. Loading data...
_api           INFO 	Fetching session status data...
req            INFO 	Data has been written to cache!
req            INFO 	No cached data found for track_status_data. Loading data...
_api           INFO 	Fetching track status data...
req            INFO 	Data has been written to cache!
req            INFO 	No cached data found for _extended_timing_data. Loading data...
_api           INFO 	Fetching timing data...
_api           INFO 	Parsing timing data...
req            INFO 	Data has been written to cache!
req            INFO 	No cached data found for timing_app_data. Loading data...
_api           INFO 	Fetching timing app data...
req            INFO 	Data has been written to cache!
core           INFO 	Processing timing data...
core           INFO 	Finished loading data for 20 drivers: ['3', '4', '5', '7', '8', '10', '11', '16', '18', '20', '23', '26', '27', '33', '44', '55', '63', '77', '88', '99']
ok 2019 7
core           INFO 	Loading data for German Grand Prix - Race [v3.6.1]
req            INFO 	No cached data found for session_info. Loading data...
_api           INFO 	Fetching session info data...
req            INFO 	Data has been written to cache!
req            INFO 	No cached data found for driver_info. Loading data...
_api           INFO 	Fetching driver list...
req            INFO 	Data has been written to cache!
req            INFO 	No cached data found for weather_data. Loading data...
_api           INFO 	Fetching weather data...
req            INFO 	Data has been written to cache!
core           INFO 	Finished loading data for 20 drivers: ['33', '5', '26', '18', '55', '23', '8', '20', '44', '88', '63', '7', '99', '10', '77', '27', '16', '4', '3', '11']
core           INFO 	Loading data for German Grand Prix - Practice 2 [v3.6.1]
req            INFO 	No cached data found for session_info. Loading data...
_api           INFO 	Fetching session info data...
req            INFO 	Data has been written to cache!
req            INFO 	No cached data found for driver_info. Loading data...
_api           INFO 	Fetching driver list...
req            INFO 	Data has been written to cache!
req            INFO 	No cached data found for session_status_data. Loading data...
_api           INFO 	Fetching session status data...
req            INFO 	Data has been written to cache!
req            INFO 	No cached data found for track_status_data. Loading data...
_api           INFO 	Fetching track status data...
req            INFO 	Data has been written to cache!
req            INFO 	No cached data found for _extended_timing_data. Loading data...
_api           INFO 	Fetching timing data...
_api           INFO 	Parsing timing data...
req            INFO 	Data has been written to cache!
req            INFO 	No cached data found for timing_app_data. Loading data...
_api           INFO 	Fetching timing app data...
req            INFO 	Data has been written to cache!
core           INFO 	Processing timing data...
core           INFO 	Finished loading data for 20 drivers: ['3', '4', '5', '7', '8', '10', '11', '16', '18', '20', '23', '26', '27', '33', '44', '55', '63', '77', '88', '99']
ok 2019 11
core           INFO 	Loading data for Singapore Grand Prix - Race [v3.6.1]
req            INFO 	No cached data found for session_info. Loading data...
_api           INFO 	Fetching session info data...
req            INFO 	Data has been written to cache!
req            INFO 	No cached data found for driver_info. Loading data...
_api           INFO 	Fetching driver list...
req            INFO 	Data has been written to cache!
req            INFO 	No cached data found for weather_data. Loading data...
_api           INFO 	Fetching weather data...
req            INFO 	Data has been written to cache!
core           INFO 	Finished loading data for 20 drivers: ['5', '16', '33', '44', '77', '23', '4', '10', '27', '99', '8', '55', '18', '3', '26', '88', '20', '7', '11', '63']
core           INFO 	Loading data for Singapore Grand Prix - Practice 2 [v3.6.1]
req            INFO 	No cached data found for session_info. Loading data...
_api           INFO 	Fetching session info data...
req            INFO 	Data has been written to cache!
req            INFO 	No cached data found for driver_info. Loading data...
_api           INFO 	Fetching driver list...
req            INFO 	Data has been written to cache!
req            INFO 	No cached data found for session_status_data. Loading data...
_api           INFO 	Fetching session status data...
req            INFO 	Data has been written to cache!
req            INFO 	No cached data found for track_status_data. Loading data...
_api           INFO 	Fetching track status data...
req            INFO 	Data has been written to cache!
req            INFO 	No cached data found for _extended_timing_data. Loading data...
_api           INFO 	Fetching timing data...
_api           INFO 	Parsing timing data...
req            INFO 	Data has been written to cache!
req            INFO 	No cached data found for timing_app_data. Loading data...
_api           INFO 	Fetching timing app data...
req            INFO 	Data has been written to cache!
core           INFO 	Processing timing data...
core           INFO 	Finished loading data for 20 drivers: ['3', '4', '5', '7', '8', '10', '11', '16', '18', '20', '23', '26', '27', '33', '44', '55', '63', '77', '88', '99']
ok 2019 15
core           INFO 	Loading data for United States Grand Prix - Race [v3.6.1]
req            INFO 	No cached data found for session_info. Loading data...
_api           INFO 	Fetching session info data...
req            INFO 	Data has been written to cache!
req            INFO 	No cached data found for driver_info. Loading data...
_api           INFO 	Fetching driver list...
req            INFO 	Data has been written to cache!
req            INFO 	No cached data found for weather_data. Loading data...
_api           INFO 	Fetching weather data...
req            INFO 	Data has been written to cache!
core           INFO 	Finished loading data for 20 drivers: ['77', '44', '33', '16', '23', '3', '4', '55', '27', '11', '7', '26', '18', '99', '8', '10', '63', '20', '88', '5']
core           INFO 	Loading data for United States Grand Prix - Practice 2 [v3.6.1]
req            INFO 	No cached data found for session_info. Loading data...
_api           INFO 	Fetching session info data...
req            INFO 	Data has been written to cache!
req            INFO 	No cached data found for driver_info. Loading data...
_api           INFO 	Fetching driver list...
req            INFO 	Data has been written to cache!
req            INFO 	No cached data found for session_status_data. Loading data...
_api           INFO 	Fetching session status data...
req            INFO 	Data has been written to cache!
req            INFO 	No cached data found for track_status_data. Loading data...
_api           INFO 	Fetching track status data...
req            INFO 	Data has been written to cache!
req            INFO 	No cached data found for _extended_timing_data. Loading data...
_api           INFO 	Fetching timing data...
_api           INFO 	Parsing timing data...
_api        WARNING 	Driver 16: Encountered 2 timing integrity error(s) near lap(s): [7, 10].
This might be a bug and should be reported.
_api        WARNING 	Driver 18: Ignoring late data for a previously processed lap.The data may contain errors (previous: 21; current 22)
req            INFO 	Data has been written to cache!
req            INFO 	No cached data found for timing_app_data. Loading data...
_api           INFO 	Fetching timing app data...
req            INFO 	Data has been written to cache!
core           INFO 	Processing timing data...
core        WARNING 	Driver 16: Lap timing integrity check failed for 1 lap(s)
core           INFO 	Finished loading data for 20 drivers: ['3', '4', '5', '7', '8', '10', '11', '16', '18', '20', '23', '26', '27', '33', '44', '55', '63', '77', '88', '99']
ok 2019 19
core           INFO 	Loading data for Styrian Grand Prix - Race [v3.6.1]
req            INFO 	No cached data found for session_info. Loading data...
_api           INFO 	Fetching session info data...
req            INFO 	Data has been written to cache!
req            INFO 	No cached data found for driver_info. Loading data...
_api           INFO 	Fetching driver list...
req            INFO 	Data has been written to cache!
req            INFO 	No cached data found for weather_data. Loading data...
_api           INFO 	Fetching weather data...
req            INFO 	Data has been written to cache!
core           INFO 	Finished loading data for 20 drivers: ['44', '77', '33', '23', '4', '11', '18', '3', '55', '26', '7', '20', '8', '99', '10', '63', '6', '31', '16', '5']
core           INFO 	Loading data for Styrian Grand Prix - Practice 2 [v3.6.1]
req            INFO 	No cached data found for session_info. Loading data...
_api           INFO 	Fetching session info data...
req            INFO 	Data has been written to cache!
req            INFO 	No cached data found for driver_info. Loading data...
_api           INFO 	Fetching driver list...
req            INFO 	Data has been written to cache!
req            INFO 	No cached data found for session_status_data. Loading data...
_api           INFO 	Fetching session status data...
req            INFO 	Data has been written to cache!
req            INFO 	No cached data found for track_status_data. Loading data...
_api           INFO 	Fetching track status data...
req            INFO 	Data has been written to cache!
req            INFO 	No cached data found for _extended_timing_data. Loading data...
_api           INFO 	Fetching timing data...
_api           INFO 	Parsing timing data...
req            INFO 	Data has been written to cache!
req            INFO 	No cached data found for timing_app_data. Loading data...
_api           INFO 	Fetching timing app data...
req            INFO 	Data has been written to cache!
core           INFO 	Processing timing data...
core           INFO 	Finished loading data for 20 drivers: ['3', '4', '5', '6', '7', '8', '10', '11', '16', '18', '20', '23', '26', '31', '33', '44', '55', '63', '77', '99']
ok 2020 2
core           INFO 	Loading data for Spanish Grand Prix - Race [v3.6.1]
req            INFO 	No cached data found for session_info. Loading data...
_api           INFO 	Fetching session info data...
req            INFO 	Data has been written to cache!
req            INFO 	No cached data found for driver_info. Loading data...
_api           INFO 	Fetching driver list...
req            INFO 	Data has been written to cache!
req            INFO 	No cached data found for weather_data. Loading data...
_api           INFO 	Fetching weather data...
req            INFO 	Data has been written to cache!
core           INFO 	Finished loading data for 20 drivers: ['44', '33', '77', '18', '11', '55', '5', '23', '10', '4', '3', '26', '31', '7', '20', '99', '63', '6', '8', '16']
core           INFO 	Loading data for Spanish Grand Prix - Practice 2 [v3.6.1]
req            INFO 	No cached data found for session_info. Loading data...
_api           INFO 	Fetching session info data...
req            INFO 	Data has been written to cache!
req            INFO 	No cached data found for driver_info. Loading data...
_api           INFO 	Fetching driver list...
req            INFO 	Data has been written to cache!
req            INFO 	No cached data found for session_status_data. Loading data...
_api           INFO 	Fetching session status data...
req            INFO 	Data has been written to cache!
req            INFO 	No cached data found for track_status_data. Loading data...
_api           INFO 	Fetching track status data...
req            INFO 	Data has been written to cache!
req            INFO 	No cached data found for _extended_timing_data. Loading data...
_api           INFO 	Fetching timing data...
_api           INFO 	Parsing timing data...
_api        WARNING 	Driver  7: Ignoring late data for a previously processed lap.The data may contain errors (previous: 9; current 10)
req            INFO 	Data has been written to cache!
req            INFO 	No cached data found for timing_app_data. Loading data...
_api           INFO 	Fetching timing app data...
req            INFO 	Data has been written to cache!
core           INFO 	Processing timing data...
core           INFO 	Finished loading data for 20 drivers: ['3', '4', '5', '6', '7', '8', '10', '11', '16', '18', '20', '23', '26', '31', '33', '44', '55', '63', '77', '99']
ok 2020 6
core           INFO 	Loading data for Russian Grand Prix - Race [v3.6.1]
req            INFO 	No cached data found for session_info. Loading data...
_api           INFO 	Fetching session info data...
req            INFO 	Data has been written to cache!
req            INFO 	No cached data found for driver_info. Loading data...
_api           INFO 	Fetching driver list...
req            INFO 	Data has been written to cache!
req            INFO 	No cached data found for weather_data. Loading data...
_api           INFO 	Fetching weather data...
req            INFO 	Data has been written to cache!
core           INFO 	Finished loading data for 20 drivers: ['77', '33', '44', '11', '3', '16', '31', '26', '10', '23', '99', '20', '5', '7', '4', '6', '8', '63', '55', '18']
core           INFO 	Loading data for Russian Grand Prix - Practice 2 [v3.6.1]
req            INFO 	No cached data found for session_info. Loading data...
_api           INFO 	Fetching session info data...
req            INFO 	Data has been written to cache!
req            INFO 	No cached data found for driver_info. Loading data...
_api           INFO 	Fetching driver list...
req            INFO 	Data has been written to cache!
req            INFO 	No cached data found for session_status_data. Loading data...
_api           INFO 	Fetching session status data...
req            INFO 	Data has been written to cache!
req            INFO 	No cached data found for track_status_data. Loading data...
_api           INFO 	Fetching track status data...
req            INFO 	Data has been written to cache!
req            INFO 	No cached data found for _extended_timing_data. Loading data...
_api           INFO 	Fetching timing data...
_api           INFO 	Parsing timing data...
req            INFO 	Data has been written to cache!
req            INFO 	No cached data found for timing_app_data. Loading data...
_api           INFO 	Fetching timing app data...
req            INFO 	Data has been written to cache!
core           INFO 	Processing timing data...
core        WARNING 	Fixed incorrect tyre stint information for driver '3'
core        WARNING 	Fixed incorrect tyre stint information for driver '6'
core        WARNING 	Fixed incorrect tyre stint information for driver '23'
core           INFO 	Finished loading data for 20 drivers: ['3', '4', '5', '6', '7', '8', '10', '11', '16', '18', '20', '23', '26', '31', '33', '44', '55', '63', '77', '99']
ok 2020 10
core           INFO 	Loading data for Turkish Grand Prix - Race [v3.6.1]
req            INFO 	No cached data found for session_info. Loading data...
_api           INFO 	Fetching session info data...
req            INFO 	Data has been written to cache!
req            INFO 	No cached data found for driver_info. Loading data...
_api           INFO 	Fetching driver list...
req            INFO 	Data has been written to cache!
req            INFO 	No cached data found for weather_data. Loading data...
_api           INFO 	Fetching weather data...
req            INFO 	Data has been written to cache!
core           INFO 	Finished loading data for 20 drivers: ['44', '11', '5', '16', '55', '33', '23', '4', '18', '3', '31', '26', '10', '77', '7', '63', '20', '8', '6', '99']
core           INFO 	Loading data for Turkish Grand Prix - Practice 2 [v3.6.1]
req            INFO 	No cached data found for session_info. Loading data...
_api           INFO 	Fetching session info data...
req            INFO 	Data has been written to cache!
req            INFO 	No cached data found for driver_info. Loading data...
_api           INFO 	Fetching driver list...
req            INFO 	Data has been written to cache!
req            INFO 	No cached data found for session_status_data. Loading data...
_api           INFO 	Fetching session status data...
req            INFO 	Data has been written to cache!
req            INFO 	No cached data found for track_status_data. Loading data...
_api           INFO 	Fetching track status data...
req            INFO 	Data has been written to cache!
req            INFO 	No cached data found for _extended_timing_data. Loading data...
_api           INFO 	Fetching timing data...
_api           INFO 	Parsing timing data...
req            INFO 	Data has been written to cache!
req            INFO 	No cached data found for timing_app_data. Loading data...
_api           INFO 	Fetching timing app data...
req            INFO 	Data has been written to cache!
core           INFO 	Processing timing data...
core        WARNING 	Fixed incorrect tyre stint information for driver '26'
core           INFO 	Finished loading data for 20 drivers: ['3', '4', '5', '6', '7', '8', '10', '11', '16', '18', '20', '23', '26', '31', '33', '44', '55', '63', '77', '99']
ok 2020 14
core           INFO 	Loading data for Bahrain Grand Prix - Race [v3.6.1]
req            INFO 	No cached data found for session_info. Loading data...
_api           INFO 	Fetching session info data...
req            INFO 	Data has been written to cache!
req            INFO 	No cached data found for driver_info. Loading data...
_api           INFO 	Fetching driver list...
req            INFO 	Data has been written to cache!
req            INFO 	No cached data found for weather_data. Loading data...
_api           INFO 	Fetching weather data...
req            INFO 	Data has been written to cache!
core           INFO 	Finished loading data for 20 drivers: ['44', '33', '77', '4', '11', '16', '3', '55', '22', '18', '7', '99', '31', '63', '5', '47', '10', '6', '14', '9']
core           INFO 	Loading data for Bahrain Grand Prix - Practice 2 [v3.6.1]
req            INFO 	No cached data found for session_info. Loading data...
_api           INFO 	Fetching session info data...
req            INFO 	Data has been written to cache!
req            INFO 	No cached data found for driver_info. Loading data...
_api           INFO 	Fetching driver list...
req            INFO 	Data has been written to cache!
req            INFO 	No cached data found for session_status_data. Loading data...
_api           INFO 	Fetching session status data...
req            INFO 	Data has been written to cache!
req            INFO 	No cached data found for track_status_data. Loading data...
_api           INFO 	Fetching track status data...
req            INFO 	Data has been written to cache!
req            INFO 	No cached data found for _extended_timing_data. Loading data...
_api           INFO 	Fetching timing data...
_api           INFO 	Parsing timing data...
req            INFO 	Data has been written to cache!
req            INFO 	No cached data found for timing_app_data. Loading data...
_api           INFO 	Fetching timing app data...
req            INFO 	Data has been written to cache!
core           INFO 	Processing timing data...
core           INFO 	Finished loading data for 20 drivers: ['3', '4', '5', '6', '7', '9', '10', '11', '14', '16', '18', '22', '31', '33', '44', '47', '55', '63', '77', '99']
ok 2021 1
core           INFO 	Loading data for Monaco Grand Prix - Race [v3.6.1]
req            INFO 	No cached data found for session_info. Loading data...
_api           INFO 	Fetching session info data...
req            INFO 	Data has been written to cache!
req            INFO 	No cached data found for driver_info. Loading data...
_api           INFO 	Fetching driver list...
req            INFO 	Data has been written to cache!
req            INFO 	No cached data found for weather_data. Loading data...
_api           INFO 	Fetching weather data...
req            INFO 	Data has been written to cache!
core           INFO 	Finished loading data for 20 drivers: ['33', '55', '4', '11', '5', '10', '44', '18', '31', '99', '7', '3', '14', '63', '6', '22', '9', '47', '77', '16']
core           INFO 	Loading data for Monaco Grand Prix - Practice 2 [v3.6.1]
req            INFO 	No cached data found for session_info. Loading data...
_api           INFO 	Fetching session info data...
req            INFO 	Data has been written to cache!
req            INFO 	No cached data found for driver_info. Loading data...
_api           INFO 	Fetching driver list...
req            INFO 	Data has been written to cache!
req            INFO 	No cached data found for session_status_data. Loading data...
_api           INFO 	Fetching session status data...
req            INFO 	Data has been written to cache!
req            INFO 	No cached data found for track_status_data. Loading data...
_api           INFO 	Fetching track status data...
req            INFO 	Data has been written to cache!
req            INFO 	No cached data found for _extended_timing_data. Loading data...
_api           INFO 	Fetching timing data...
_api           INFO 	Parsing timing data...
req            INFO 	Data has been written to cache!
req            INFO 	No cached data found for timing_app_data. Loading data...
_api           INFO 	Fetching timing app data...
req            INFO 	Data has been written to cache!
core           INFO 	Processing timing data...
core           INFO 	Finished loading data for 20 drivers: ['3', '4', '5', '6', '7', '9', '10', '11', '14', '16', '18', '22', '31', '33', '44', '47', '55', '63', '77', '99']
ok 2021 5
core           INFO 	Loading data for Austrian Grand Prix - Race [v3.6.1]
req            INFO 	No cached data found for session_info. Loading data...
_api           INFO 	Fetching session info data...
req            INFO 	Data has been written to cache!
req            INFO 	No cached data found for driver_info. Loading data...
_api           INFO 	Fetching driver list...
req            INFO 	Data has been written to cache!
req            INFO 	No cached data found for weather_data. Loading data...
_api           INFO 	Fetching weather data...
req            INFO 	Data has been written to cache!
core           INFO 	Finished loading data for 20 drivers: ['33', '77', '4', '44', '55', '11', '3', '16', '10', '14', '63', '22', '18', '99', '7', '6', '5', '47', '9', '31']
core           INFO 	Loading data for Austrian Grand Prix - Practice 2 [v3.6.1]
req            INFO 	No cached data found for session_info. Loading data...
_api           INFO 	Fetching session info data...
req            INFO 	Data has been written to cache!
req            INFO 	No cached data found for driver_info. Loading data...
_api           INFO 	Fetching driver list...
req            INFO 	Data has been written to cache!
req            INFO 	No cached data found for session_status_data. Loading data...
_api           INFO 	Fetching session status data...
req            INFO 	Data has been written to cache!
req            INFO 	No cached data found for track_status_data. Loading data...
_api           INFO 	Fetching track status data...
req            INFO 	Data has been written to cache!
req            INFO 	No cached data found for _extended_timing_data. Loading data...
_api           INFO 	Fetching timing data...
_api           INFO 	Parsing timing data...
_api        WARNING 	Driver 16: Ignoring late data for a previously processed lap.The data may contain errors (previous: 22; current 23)
_api        WARNING 	Driver 55: Ignoring late data for a previously processed lap.The data may contain errors (previous: 26; current 27)
req            INFO 	Data has been written to cache!
req            INFO 	No cached data found for timing_app_data. Loading data...
_api           INFO 	Fetching timing app data...
req            INFO 	Data has been written to cache!
core           INFO 	Processing timing data...
core           INFO 	Finished loading data for 20 drivers: ['3', '4', '5', '6', '7', '9', '10', '11', '14', '16', '18', '22', '31', '33', '44', '47', '55', '63', '77', '99']
ok 2021 9
core           INFO 	Loading data for Dutch Grand Prix - Race [v3.6.1]
req            INFO 	No cached data found for session_info. Loading data...
_api           INFO 	Fetching session info data...
req            INFO 	Data has been written to cache!
req            INFO 	No cached data found for driver_info. Loading data...
_api           INFO 	Fetching driver list...
req            INFO 	Data has been written to cache!
req            INFO 	No cached data found for weather_data. Loading data...
_api           INFO 	Fetching weather data...
req            INFO 	Data has been written to cache!
core           INFO 	Finished loading data for 20 drivers: ['33', '44', '77', '10', '16', '14', '55', '11', '31', '4', '3', '18', '5', '99', '88', '6', '63', '47', '22', '9']
core           INFO 	Loading data for Dutch Grand Prix - Practice 2 [v3.6.1]
req            INFO 	No cached data found for session_info. Loading data...
_api           INFO 	Fetching session info data...
req            INFO 	Data has been written to cache!
req            INFO 	No cached data found for driver_info. Loading data...
_api           INFO 	Fetching driver list...
req            INFO 	Data has been written to cache!
req            INFO 	No cached data found for session_status_data. Loading data...
_api           INFO 	Fetching session status data...
req            INFO 	Data has been written to cache!
req            INFO 	No cached data found for track_status_data. Loading data...
_api           INFO 	Fetching track status data...
req            INFO 	Data has been written to cache!
req            INFO 	No cached data found for _extended_timing_data. Loading data...
_api           INFO 	Fetching timing data...
_api           INFO 	Parsing timing data...
req            INFO 	Data has been written to cache!
req            INFO 	No cached data found for timing_app_data. Loading data...
_api           INFO 	Fetching timing app data...
req            INFO 	Data has been written to cache!
core           INFO 	Processing timing data...
core           INFO 	Finished loading data for 20 drivers: ['3', '4', '5', '6', '7', '9', '10', '11', '14', '16', '18', '22', '31', '33', '44', '47', '55', '63', '77', '99']
ok 2021 13
core           INFO 	Loading data for United States Grand Prix - Race [v3.6.1]
req            INFO 	No cached data found for session_info. Loading data...
_api           INFO 	Fetching session info data...
req            INFO 	Data has been written to cache!
req            INFO 	No cached data found for driver_info. Loading data...
_api           INFO 	Fetching driver list...
req            INFO 	Data has been written to cache!
req            INFO 	No cached data found for weather_data. Loading data...
_api           INFO 	Fetching weather data...
req            INFO 	Data has been written to cache!
core           INFO 	Finished loading data for 20 drivers: ['33', '44', '11', '16', '3', '77', '55', '4', '22', '5', '99', '18', '7', '63', '6', '47', '9', '14', '31', '10']
core           INFO 	Loading data for United States Grand Prix - Practice 2 [v3.6.1]
req            INFO 	No cached data found for session_info. Loading data...
_api           INFO 	Fetching session info data...
req            INFO 	Data has been written to cache!
req            INFO 	No cached data found for driver_info. Loading data...
_api           INFO 	Fetching driver list...
req            INFO 	Data has been written to cache!
req            INFO 	No cached data found for session_status_data. Loading data...
_api           INFO 	Fetching session status data...
req            INFO 	Data has been written to cache!
req            INFO 	No cached data found for track_status_data. Loading data...
_api           INFO 	Fetching track status data...
req            INFO 	Data has been written to cache!
req            INFO 	No cached data found for _extended_timing_data. Loading data...
_api           INFO 	Fetching timing data...
_api           INFO 	Parsing timing data...
req            INFO 	Data has been written to cache!
req            INFO 	No cached data found for timing_app_data. Loading data...
_api           INFO 	Fetching timing app data...
req            INFO 	Data has been written to cache!
core           INFO 	Processing timing data...
core           INFO 	Finished loading data for 20 drivers: ['3', '4', '5', '6', '7', '9', '10', '11', '14', '16', '18', '22', '31', '33', '44', '47', '55', '63', '77', '99']
ok 2021 17
core           INFO 	Loading data for Saudi Arabian Grand Prix - Race [v3.6.1]
req            INFO 	No cached data found for session_info. Loading data...
_api           INFO 	Fetching session info data...
req            INFO 	Data has been written to cache!
req            INFO 	No cached data found for driver_info. Loading data...
_api           INFO 	Fetching driver list...
req            INFO 	Data has been written to cache!
req            INFO 	No cached data found for weather_data. Loading data...
_api           INFO 	Fetching weather data...
req            INFO 	Data has been written to cache!
core           INFO 	Finished loading data for 20 drivers: ['44', '33', '77', '31', '3', '10', '16', '55', '99', '4', '18', '6', '14', '22', '7', '5', '11', '9', '63', '47']
core           INFO 	Loading data for Saudi Arabian Grand Prix - Practice 2 [v3.6.1]
req            INFO 	No cached data found for session_info. Loading data...
_api           INFO 	Fetching session info data...
req            INFO 	Data has been written to cache!
req            INFO 	No cached data found for driver_info. Loading data...
_api           INFO 	Fetching driver list...
req            INFO 	Data has been written to cache!
req            INFO 	No cached data found for session_status_data. Loading data...
_api           INFO 	Fetching session status data...
req            INFO 	Data has been written to cache!
req            INFO 	No cached data found for track_status_data. Loading data...
_api           INFO 	Fetching track status data...
req            INFO 	Data has been written to cache!
req            INFO 	No cached data found for _extended_timing_data. Loading data...
_api           INFO 	Fetching timing data...
_api           INFO 	Parsing timing data...
req            INFO 	Data has been written to cache!
req            INFO 	No cached data found for timing_app_data. Loading data...
_api           INFO 	Fetching timing app data...
req            INFO 	Data has been written to cache!
core           INFO 	Processing timing data...
core           INFO 	Finished loading data for 20 drivers: ['3', '4', '5', '6', '7', '9', '10', '11', '14', '16', '18', '22', '31', '33', '44', '47', '55', '63', '77', '99']
ok 2021 21
core           INFO 	Loading data for Australian Grand Prix - Race [v3.6.1]
req            INFO 	No cached data found for session_info. Loading data...
_api           INFO 	Fetching session info data...
req            INFO 	Data has been written to cache!
req            INFO 	No cached data found for driver_info. Loading data...
_api           INFO 	Fetching driver list...
req            INFO 	Data has been written to cache!
req            INFO 	No cached data found for weather_data. Loading data...
_api           INFO 	Fetching weather data...
req            INFO 	Data has been written to cache!
core           INFO 	Finished loading data for 20 drivers: ['16', '11', '63', '44', '4', '3', '31', '77', '10', '23', '24', '18', '47', '20', '22', '6', '14', '1', '5', '55']
core           INFO 	Loading data for Australian Grand Prix - Practice 2 [v3.6.1]
req            INFO 	No cached data found for session_info. Loading data...
_api           INFO 	Fetching session info data...
req            INFO 	Data has been written to cache!
req            INFO 	No cached data found for driver_info. Loading data...
_api           INFO 	Fetching driver list...
req            INFO 	Data has been written to cache!
req            INFO 	No cached data found for session_status_data. Loading data...
_api           INFO 	Fetching session status data...
req            INFO 	Data has been written to cache!
req            INFO 	No cached data found for track_status_data. Loading data...
_api           INFO 	Fetching track status data...
req            INFO 	Data has been written to cache!
req            INFO 	No cached data found for _extended_timing_data. Loading data...
_api           INFO 	Fetching timing data...
_api           INFO 	Parsing timing data...
req            INFO 	Data has been written to cache!
req            INFO 	No cached data found for timing_app_data. Loading data...
_api           INFO 	Fetching timing app data...
req            INFO 	Data has been written to cache!
core           INFO 	Processing timing data...
core        WARNING 	No lap data for driver 5
core        WARNING 	Failed to perform lap accuracy check - all laps marked as inaccurate (driver 5)
core           INFO 	Finished loading data for 20 drivers: ['1', '3', '4', '5', '6', '10', '11', '14', '16', '18', '20', '22', '23', '24', '31', '44', '47', '55', '63', '77']
ok 2022 3
core           INFO 	Loading data for Monaco Grand Prix - Race [v3.6.1]
req            INFO 	No cached data found for session_info. Loading data...
_api           INFO 	Fetching session info data...
req            INFO 	Data has been written to cache!
req            INFO 	No cached data found for driver_info. Loading data...
_api           INFO 	Fetching driver list...
req            INFO 	Data has been written to cache!
req            INFO 	No cached data found for weather_data. Loading data...
_api           INFO 	Fetching weather data...
req            INFO 	Data has been written to cache!
core           INFO 	Finished loading data for 20 drivers: ['11', '55', '1', '16', '63', '4', '14', '44', '77', '5', '10', '31', '3', '18', '6', '24', '22', '23', '47', '20']
core           INFO 	Loading data for Monaco Grand Prix - Practice 2 [v3.6.1]
req            INFO 	No cached data found for session_info. Loading data...
_api           INFO 	Fetching session info data...
req            INFO 	Data has been written to cache!
req            INFO 	No cached data found for driver_info. Loading data...
_api           INFO 	Fetching driver list...
req            INFO 	Data has been written to cache!
req            INFO 	No cached data found for session_status_data. Loading data...
_api           INFO 	Fetching session status data...
req            INFO 	Data has been written to cache!
req            INFO 	No cached data found for track_status_data. Loading data...
_api           INFO 	Fetching track status data...
req            INFO 	Data has been written to cache!
req            INFO 	No cached data found for _extended_timing_data. Loading data...
_api           INFO 	Fetching timing data...
_api           INFO 	Parsing timing data...
req            INFO 	Data has been written to cache!
req            INFO 	No cached data found for timing_app_data. Loading data...
_api           INFO 	Fetching timing app data...
req            INFO 	Data has been written to cache!
core           INFO 	Processing timing data...
core           INFO 	Finished loading data for 20 drivers: ['1', '3', '4', '5', '6', '10', '11', '14', '16', '18', '20', '22', '23', '24', '31', '44', '47', '55', '63', '77']
ok 2022 7
core           INFO 	Loading data for Austrian Grand Prix - Race [v3.6.1]
req            INFO 	No cached data found for session_info. Loading data...
_api           INFO 	Fetching session info data...
req            INFO 	Data has been written to cache!
req            INFO 	No cached data found for driver_info. Loading data...
_api           INFO 	Fetching driver list...
req            INFO 	Data has been written to cache!
req            INFO 	No cached data found for weather_data. Loading data...
_api           INFO 	Fetching weather data...
req            INFO 	Data has been written to cache!
core           INFO 	Finished loading data for 20 drivers: ['16', '1', '44', '63', '31', '47', '4', '20', '3', '14', '77', '23', '18', '24', '10', '22', '5', '55', '6', '11']
core           INFO 	Loading data for Austrian Grand Prix - Practice 2 [v3.6.1]
req            INFO 	No cached data found for session_info. Loading data...
_api           INFO 	Fetching session info data...
req            INFO 	Data has been written to cache!
req            INFO 	No cached data found for driver_info. Loading data...
_api           INFO 	Fetching driver list...
req            INFO 	Data has been written to cache!
req            INFO 	No cached data found for session_status_data. Loading data...
_api           INFO 	Fetching session status data...
req            INFO 	Data has been written to cache!
req            INFO 	No cached data found for track_status_data. Loading data...
_api           INFO 	Fetching track status data...
req            INFO 	Data has been written to cache!
req            INFO 	No cached data found for _extended_timing_data. Loading data...
_api           INFO 	Fetching timing data...
_api           INFO 	Parsing timing data...
req            INFO 	Data has been written to cache!
req            INFO 	No cached data found for timing_app_data. Loading data...
_api           INFO 	Fetching timing app data...
req            INFO 	Data has been written to cache!
core           INFO 	Processing timing data...
core           INFO 	Finished loading data for 20 drivers: ['1', '3', '4', '5', '6', '10', '11', '14', '16', '18', '20', '22', '23', '24', '31', '44', '47', '55', '63', '77']
ok 2022 11
core           INFO 	Loading data for Dutch Grand Prix - Race [v3.6.1]
req            INFO 	No cached data found for session_info. Loading data...
_api           INFO 	Fetching session info data...
req            INFO 	Data has been written to cache!
req            INFO 	No cached data found for driver_info. Loading data...
_api           INFO 	Fetching driver list...
req            INFO 	Data has been written to cache!
req            INFO 	No cached data found for weather_data. Loading data...
_api           INFO 	Fetching weather data...
req            INFO 	Data has been written to cache!
core           INFO 	Finished loading data for 20 drivers: ['1', '63', '16', '44', '11', '14', '4', '55', '31', '18', '10', '23', '47', '5', '20', '24', '3', '6', '77', '22']
core           INFO 	Loading data for Dutch Grand Prix - Practice 2 [v3.6.1]
req            INFO 	No cached data found for session_info. Loading data...
_api           INFO 	Fetching session info data...
req            INFO 	Data has been written to cache!
req            INFO 	No cached data found for driver_info. Loading data...
_api           INFO 	Fetching driver list...
req            INFO 	Data has been written to cache!
req            INFO 	No cached data found for session_status_data. Loading data...
_api           INFO 	Fetching session status data...
req            INFO 	Data has been written to cache!
req            INFO 	No cached data found for track_status_data. Loading data...
_api           INFO 	Fetching track status data...
req            INFO 	Data has been written to cache!
req            INFO 	No cached data found for _extended_timing_data. Loading data...
_api           INFO 	Fetching timing data...
_api           INFO 	Parsing timing data...
_api        WARNING 	Driver  4: Encountered 1 timing integrity error(s) near lap(s): [6].
This might be a bug and should be reported.
_api        WARNING 	Driver 23: Encountered 1 timing integrity error(s) near lap(s): [5].
This might be a bug and should be reported.
_api        WARNING 	Driver 77: Encountered 1 timing integrity error(s) near lap(s): [6].
This might be a bug and should be reported.
req            INFO 	Data has been written to cache!
req            INFO 	No cached data found for timing_app_data. Loading data...
_api           INFO 	Fetching timing app data...
req            INFO 	Data has been written to cache!
core           INFO 	Processing timing data...
core        WARNING 	No tyre data for driver 10
core           INFO 	Finished loading data for 20 drivers: ['1', '3', '4', '5', '6', '10', '11', '14', '16', '18', '20', '22', '23', '24', '31', '44', '47', '55', '63', '77']
ok 2022 15
core           INFO 	Loading data for United States Grand Prix - Race [v3.6.1]
req            INFO 	No cached data found for session_info. Loading data...
_api           INFO 	Fetching session info data...
req            INFO 	Data has been written to cache!
req            INFO 	No cached data found for driver_info. Loading data...
_api           INFO 	Fetching driver list...
req            INFO 	Data has been written to cache!
req            INFO 	No cached data found for weather_data. Loading data...
_api           INFO 	Fetching weather data...
req            INFO 	Data has been written to cache!
core           INFO 	Finished loading data for 20 drivers: ['1', '44', '16', '11', '63', '4', '14', '5', '20', '22', '31', '24', '23', '10', '47', '3', '6', '18', '77', '55']
core           INFO 	Loading data for United States Grand Prix - Practice 2 [v3.6.1]
req            INFO 	No cached data found for session_info. Loading data...
_api           INFO 	Fetching session info data...
req            INFO 	Data has been written to cache!
req            INFO 	No cached data found for driver_info. Loading data...
_api           INFO 	Fetching driver list...
req            INFO 	Data has been written to cache!
req            INFO 	No cached data found for session_status_data. Loading data...
_api           INFO 	Fetching session status data...
req            INFO 	Data has been written to cache!
req            INFO 	No cached data found for track_status_data. Loading data...
_api           INFO 	Fetching track status data...
req            INFO 	Data has been written to cache!
req            INFO 	No cached data found for _extended_timing_data. Loading data...
_api           INFO 	Fetching timing data...
_api           INFO 	Parsing timing data...
req            INFO 	Data has been written to cache!
req            INFO 	No cached data found for timing_app_data. Loading data...
_api           INFO 	Fetching timing app data...
req            INFO 	Data has been written to cache!
core           INFO 	Processing timing data...
core           INFO 	Finished loading data for 20 drivers: ['1', '3', '4', '5', '6', '10', '11', '14', '16', '18', '20', '22', '23', '24', '31', '44', '47', '55', '63', '77']
ok 2022 19
core           INFO 	Loading data for Bahrain Grand Prix - Race [v3.6.1]
req            INFO 	No cached data found for session_info. Loading data...
_api           INFO 	Fetching session info data...
req            INFO 	Data has been written to cache!
req            INFO 	No cached data found for driver_info. Loading data...
_api           INFO 	Fetching driver list...
req            INFO 	Data has been written to cache!
req            INFO 	No cached data found for weather_data. Loading data...
_api           INFO 	Fetching weather data...
req            INFO 	Data has been written to cache!
core           INFO 	Finished loading data for 20 drivers: ['1', '11', '14', '55', '44', '18', '63', '77', '10', '23', '22', '2', '20', '21', '27', '24', '4', '31', '16', '81']
core           INFO 	Loading data for Bahrain Grand Prix - Practice 2 [v3.6.1]
req            INFO 	No cached data found for session_info. Loading data...
_api           INFO 	Fetching session info data...
req            INFO 	Data has been written to cache!
req            INFO 	No cached data found for driver_info. Loading data...
_api           INFO 	Fetching driver list...
req            INFO 	Data has been written to cache!
req            INFO 	No cached data found for session_status_data. Loading data...
_api           INFO 	Fetching session status data...
req            INFO 	Data has been written to cache!
req            INFO 	No cached data found for track_status_data. Loading data...
_api           INFO 	Fetching track status data...
req            INFO 	Data has been written to cache!
req            INFO 	No cached data found for _extended_timing_data. Loading data...
_api           INFO 	Fetching timing data...
_api           INFO 	Parsing timing data...
req            INFO 	Data has been written to cache!
req            INFO 	No cached data found for timing_app_data. Loading data...
_api           INFO 	Fetching timing app data...
req            INFO 	Data has been written to cache!
core           INFO 	Processing timing data...
core           INFO 	Finished loading data for 20 drivers: ['1', '2', '4', '10', '11', '14', '16', '18', '20', '21', '22', '23', '24', '27', '31', '44', '55', '63', '77', '81']
ok 2023 1
core           INFO 	Loading data for Miami Grand Prix - Race [v3.6.1]
req            INFO 	No cached data found for session_info. Loading data...
_api           INFO 	Fetching session info data...
req            INFO 	Data has been written to cache!
req            INFO 	No cached data found for driver_info. Loading data...
_api           INFO 	Fetching driver list...
req            INFO 	Data has been written to cache!
req            INFO 	No cached data found for weather_data. Loading data...
_api           INFO 	Fetching weather data...
req            INFO 	Data has been written to cache!
core           INFO 	Finished loading data for 20 drivers: ['1', '11', '14', '63', '55', '44', '16', '10', '31', '20', '22', '18', '77', '23', '27', '24', '4', '21', '81', '2']
core           INFO 	Loading data for Miami Grand Prix - Practice 2 [v3.6.1]
req            INFO 	No cached data found for session_info. Loading data...
_api           INFO 	Fetching session info data...
req            INFO 	Data has been written to cache!
req            INFO 	No cached data found for driver_info. Loading data...
_api           INFO 	Fetching driver list...
req            INFO 	Data has been written to cache!
req            INFO 	No cached data found for session_status_data. Loading data...
_api           INFO 	Fetching session status data...
req            INFO 	Data has been written to cache!
req            INFO 	No cached data found for track_status_data. Loading data...
_api           INFO 	Fetching track status data...
req            INFO 	Data has been written to cache!
req            INFO 	No cached data found for _extended_timing_data. Loading data...
_api           INFO 	Fetching timing data...
_api           INFO 	Parsing timing data...
req            INFO 	Data has been written to cache!
req            INFO 	No cached data found for timing_app_data. Loading data...
_api           INFO 	Fetching timing app data...
req            INFO 	Data has been written to cache!
core           INFO 	Processing timing data...
core           INFO 	Finished loading data for 20 drivers: ['1', '2', '4', '10', '11', '14', '16', '18', '20', '21', '22', '23', '24', '27', '31', '44', '55', '63', '77', '81']
ok 2023 5
core           INFO 	Loading data for Austrian Grand Prix - Race [v3.6.1]
req            INFO 	No cached data found for session_info. Loading data...
_api           INFO 	Fetching session info data...
req            INFO 	Data has been written to cache!
req            INFO 	No cached data found for driver_info. Loading data...
_api           INFO 	Fetching driver list...
req            INFO 	Data has been written to cache!
req            INFO 	No cached data found for weather_data. Loading data...
_api           INFO 	Fetching weather data...
req            INFO 	Data has been written to cache!
core           INFO 	Finished loading data for 20 drivers: ['1', '16', '11', '4', '14', '55', '63', '44', '18', '10', '23', '24', '2', '31', '77', '81', '21', '20', '22', '27']
core           INFO 	Loading data for Austrian Grand Prix - Practice 1 [v3.6.1]
req            INFO 	No cached data found for session_info. Loading data...
_api           INFO 	Fetching session info data...
req            INFO 	Data has been written to cache!
req            INFO 	No cached data found for driver_info. Loading data...
_api           INFO 	Fetching driver list...
req            INFO 	Data has been written to cache!
req            INFO 	No cached data found for session_status_data. Loading data...
_api           INFO 	Fetching session status data...
req            INFO 	Data has been written to cache!
req            INFO 	No cached data found for track_status_data. Loading data...
_api           INFO 	Fetching track status data...
req            INFO 	Data has been written to cache!
req            INFO 	No cached data found for _extended_timing_data. Loading data...
_api           INFO 	Fetching timing data...
_api           INFO 	Parsing timing data...
req            INFO 	Data has been written to cache!
req            INFO 	No cached data found for timing_app_data. Loading data...
_api           INFO 	Fetching timing app data...
req            INFO 	Data has been written to cache!
core           INFO 	Processing timing data...
core           INFO 	Finished loading data for 20 drivers: ['1', '2', '4', '10', '11', '14', '16', '18', '20', '21', '22', '23', '24', '27', '31', '44', '55', '63', '77', '81']
ok 2023 9
core           INFO 	Loading data for Dutch Grand Prix - Race [v3.6.1]
req            INFO 	No cached data found for session_info. Loading data...
_api           INFO 	Fetching session info data...
req            INFO 	Data has been written to cache!
req            INFO 	No cached data found for driver_info. Loading data...
_api           INFO 	Fetching driver list...
req            INFO 	Data has been written to cache!
req            INFO 	No cached data found for weather_data. Loading data...
_api           INFO 	Fetching weather data...
req            INFO 	Data has been written to cache!
core           INFO 	Finished loading data for 20 drivers: ['1', '14', '10', '11', '55', '44', '4', '23', '81', '31', '18', '27', '40', '77', '22', '20', '63', '24', '16', '2']
core           INFO 	Loading data for Dutch Grand Prix - Practice 2 [v3.6.1]
req            INFO 	No cached data found for session_info. Loading data...
_api           INFO 	Fetching session info data...
req            INFO 	Data has been written to cache!
req            INFO 	No cached data found for driver_info. Loading data...
_api           INFO 	Fetching driver list...
req            INFO 	Data has been written to cache!
req            INFO 	No cached data found for session_status_data. Loading data...
_api           INFO 	Fetching session status data...
req            INFO 	Data has been written to cache!
req            INFO 	No cached data found for track_status_data. Loading data...
_api           INFO 	Fetching track status data...
req            INFO 	Data has been written to cache!
req            INFO 	No cached data found for _extended_timing_data. Loading data...
_api           INFO 	Fetching timing data...
_api           INFO 	Parsing timing data...
req            INFO 	Data has been written to cache!
req            INFO 	No cached data found for timing_app_data. Loading data...
_api           INFO 	Fetching timing app data...
req            INFO 	Data has been written to cache!
core           INFO 	Processing timing data...
core           INFO 	Finished loading data for 20 drivers: ['1', '2', '3', '4', '10', '11', '14', '16', '18', '20', '22', '23', '24', '27', '31', '44', '55', '63', '77', '81']
ok 2023 13
core           INFO 	Loading data for Qatar Grand Prix - Race [v3.6.1]
req            INFO 	No cached data found for session_info. Loading data...
_api           INFO 	Fetching session info data...
req            INFO 	Data has been written to cache!
req            INFO 	No cached data found for driver_info. Loading data...
_api           INFO 	Fetching driver list...
req            INFO 	Data has been written to cache!
req            INFO 	No cached data found for weather_data. Loading data...
_api           INFO 	Fetching weather data...
req            INFO 	Data has been written to cache!
core           INFO 	Finished loading data for 20 drivers: ['1', '81', '4', '63', '16', '14', '31', '77', '24', '11', '18', '10', '23', '20', '22', '27', '40', '2', '44', '55']
core           INFO 	Loading data for Qatar Grand Prix - Practice 1 [v3.6.1]
req            INFO 	No cached data found for session_info. Loading data...
_api           INFO 	Fetching session info data...
req            INFO 	Data has been written to cache!
req            INFO 	No cached data found for driver_info. Loading data...
_api           INFO 	Fetching driver list...
req            INFO 	Data has been written to cache!
req            INFO 	No cached data found for session_status_data. Loading data...
_api           INFO 	Fetching session status data...
req            INFO 	Data has been written to cache!
req            INFO 	No cached data found for track_status_data. Loading data...
_api           INFO 	Fetching track status data...
req            INFO 	Data has been written to cache!
req            INFO 	No cached data found for _extended_timing_data. Loading data...
_api           INFO 	Fetching timing data...
_api           INFO 	Parsing timing data...
req            INFO 	Data has been written to cache!
req            INFO 	No cached data found for timing_app_data. Loading data...
_api           INFO 	Fetching timing app data...
req            INFO 	Data has been written to cache!
core           INFO 	Processing timing data...
core           INFO 	Finished loading data for 20 drivers: ['1', '2', '4', '10', '11', '14', '16', '18', '20', '22', '23', '24', '27', '31', '40', '44', '55', '63', '77', '81']
ok 2023 17
core           INFO 	Loading data for Las Vegas Grand Prix - Race [v3.6.1]
req            INFO 	No cached data found for session_info. Loading data...
_api           INFO 	Fetching session info data...
req            INFO 	Data has been written to cache!
req            INFO 	No cached data found for driver_info. Loading data...
_api           INFO 	Fetching driver list...
req            INFO 	Data has been written to cache!
req            INFO 	No cached data found for weather_data. Loading data...
_api           INFO 	Fetching weather data...
req            INFO 	Data has been written to cache!
core           INFO 	Finished loading data for 20 drivers: ['1', '16', '11', '31', '18', '55', '44', '63', '14', '81', '10', '23', '20', '3', '24', '2', '77', '22', '27', '4']
core           INFO 	Loading data for Las Vegas Grand Prix - Practice 2 [v3.6.1]
req            INFO 	No cached data found for session_info. Loading data...
_api           INFO 	Fetching session info data...
req            INFO 	Data has been written to cache!
req            INFO 	No cached data found for driver_info. Loading data...
_api           INFO 	Fetching driver list...
req            INFO 	Data has been written to cache!
req            INFO 	No cached data found for session_status_data. Loading data...
_api           INFO 	Fetching session status data...
req            INFO 	Data has been written to cache!
req            INFO 	No cached data found for track_status_data. Loading data...
_api           INFO 	Fetching track status data...
req            INFO 	Data has been written to cache!
req            INFO 	No cached data found for _extended_timing_data. Loading data...
_api           INFO 	Fetching timing data...
_api           INFO 	Parsing timing data...
req            INFO 	Data has been written to cache!
req            INFO 	No cached data found for timing_app_data. Loading data...
_api           INFO 	Fetching timing app data...
req            INFO 	Data has been written to cache!
core           INFO 	Processing timing data...
core           INFO 	Finished loading data for 20 drivers: ['1', '2', '3', '4', '10', '11', '14', '16', '18', '20', '22', '23', '24', '27', '31', '44', '55', '63', '77', '81']
ok 2023 21
core           INFO 	Loading data for Australian Grand Prix - Race [v3.6.1]
req            INFO 	No cached data found for session_info. Loading data...
_api           INFO 	Fetching session info data...
req            INFO 	Data has been written to cache!
req            INFO 	No cached data found for driver_info. Loading data...
_api           INFO 	Fetching driver list...
req            INFO 	Data has been written to cache!
req            INFO 	No cached data found for weather_data. Loading data...
_api           INFO 	Fetching weather data...
req            INFO 	Data has been written to cache!
core           INFO 	Finished loading data for 19 drivers: ['55', '16', '4', '81', '11', '18', '22', '14', '27', '20', '23', '3', '10', '77', '24', '31', '63', '44', '1']
core           INFO 	Loading data for Australian Grand Prix - Practice 2 [v3.6.1]
req            INFO 	No cached data found for session_info. Loading data...
_api           INFO 	Fetching session info data...
req            INFO 	Data has been written to cache!
req            INFO 	No cached data found for driver_info. Loading data...
_api           INFO 	Fetching driver list...
req            INFO 	Data has been written to cache!
req            INFO 	No cached data found for session_status_data. Loading data...
_api           INFO 	Fetching session status data...
req            INFO 	Data has been written to cache!
req            INFO 	No cached data found for track_status_data. Loading data...
_api           INFO 	Fetching track status data...
req            INFO 	Data has been written to cache!
req            INFO 	No cached data found for _extended_timing_data. Loading data...
_api           INFO 	Fetching timing data...
_api           INFO 	Parsing timing data...
req            INFO 	Data has been written to cache!
req            INFO 	No cached data found for timing_app_data. Loading data...
_api           INFO 	Fetching timing app data...
req            INFO 	Data has been written to cache!
core           INFO 	Processing timing data...
core        WARNING 	No lap data for driver 23
core        WARNING 	Failed to perform lap accuracy check - all laps marked as inaccurate (driver 23)
core           INFO 	Finished loading data for 20 drivers: ['1', '2', '3', '4', '10', '11', '14', '16', '18', '20', '22', '23', '24', '27', '31', '44', '55', '63', '77', '81']
ok 2024 3
core           INFO 	Loading data for Emilia Romagna Grand Prix - Race [v3.6.1]
req            INFO 	No cached data found for session_info. Loading data...
_api           INFO 	Fetching session info data...
req            INFO 	Data has been written to cache!
req            INFO 	No cached data found for driver_info. Loading data...
_api           INFO 	Fetching driver list...
req            INFO 	Data has been written to cache!
req            INFO 	No cached data found for weather_data. Loading data...
_api           INFO 	Fetching weather data...
req            INFO 	Data has been written to cache!
core           INFO 	Finished loading data for 20 drivers: ['1', '4', '16', '81', '55', '44', '63', '11', '18', '22', '27', '20', '3', '31', '24', '10', '2', '77', '14', '23']
core           INFO 	Loading data for Emilia Romagna Grand Prix - Practice 2 [v3.6.1]
req            INFO 	No cached data found for session_info. Loading data...
_api           INFO 	Fetching session info data...
req            INFO 	Data has been written to cache!
req            INFO 	No cached data found for driver_info. Loading data...
_api           INFO 	Fetching driver list...
req            INFO 	Data has been written to cache!
req            INFO 	No cached data found for session_status_data. Loading data...
_api           INFO 	Fetching session status data...
req            INFO 	Data has been written to cache!
req            INFO 	No cached data found for track_status_data. Loading data...
_api           INFO 	Fetching track status data...
req            INFO 	Data has been written to cache!
req            INFO 	No cached data found for _extended_timing_data. Loading data...
_api           INFO 	Fetching timing data...
_api           INFO 	Parsing timing data...
req            INFO 	Data has been written to cache!
req            INFO 	No cached data found for timing_app_data. Loading data...
_api           INFO 	Fetching timing app data...
req            INFO 	Data has been written to cache!
core           INFO 	Processing timing data...
core           INFO 	Finished loading data for 20 drivers: ['1', '2', '3', '4', '10', '11', '14', '16', '18', '20', '22', '23', '24', '27', '31', '44', '55', '63', '77', '81']
ok 2024 7
core           INFO 	Loading data for Austrian Grand Prix - Race [v3.6.1]
req            INFO 	No cached data found for session_info. Loading data...
_api           INFO 	Fetching session info data...
req            INFO 	Data has been written to cache!
req            INFO 	No cached data found for driver_info. Loading data...
_api           INFO 	Fetching driver list...
req            INFO 	Data has been written to cache!
req            INFO 	No cached data found for weather_data. Loading data...
_api           INFO 	Fetching weather data...
req            INFO 	Data has been written to cache!
core           INFO 	Finished loading data for 20 drivers: ['63', '81', '55', '44', '1', '27', '11', '20', '3', '10', '16', '31', '18', '22', '23', '77', '24', '14', '2', '4']
core           INFO 	Loading data for Austrian Grand Prix - Practice 1 [v3.6.1]
req            INFO 	No cached data found for session_info. Loading data...
_api           INFO 	Fetching session info data...
req            INFO 	Data has been written to cache!
req            INFO 	No cached data found for driver_info. Loading data...
_api           INFO 	Fetching driver list...
req            INFO 	Data has been written to cache!
req            INFO 	No cached data found for session_status_data. Loading data...
_api           INFO 	Fetching session status data...
req            INFO 	Data has been written to cache!
req            INFO 	No cached data found for track_status_data. Loading data...
_api           INFO 	Fetching track status data...
req            INFO 	Data has been written to cache!
req            INFO 	No cached data found for _extended_timing_data. Loading data...
_api           INFO 	Fetching timing data...
_api           INFO 	Parsing timing data...
req            INFO 	Data has been written to cache!
req            INFO 	No cached data found for timing_app_data. Loading data...
_api           INFO 	Fetching timing app data...
req            INFO 	Data has been written to cache!
core           INFO 	Processing timing data...
core           INFO 	Finished loading data for 20 drivers: ['1', '2', '3', '4', '10', '11', '14', '16', '18', '20', '22', '23', '24', '27', '31', '44', '55', '63', '77', '81']
ok 2024 11
core           INFO 	Loading data for Dutch Grand Prix - Race [v3.6.1]
req            INFO 	No cached data found for session_info. Loading data...
_api           INFO 	Fetching session info data...
req            INFO 	Data has been written to cache!
req            INFO 	No cached data found for driver_info. Loading data...
_api           INFO 	Fetching driver list...
req            INFO 	Data has been written to cache!
req            INFO 	No cached data found for weather_data. Loading data...
_api           INFO 	Fetching weather data...
req            INFO 	Data has been written to cache!
core           INFO 	Finished loading data for 20 drivers: ['4', '1', '16', '81', '55', '11', '63', '44', '10', '14', '27', '3', '18', '23', '31', '2', '22', '20', '77', '24']
core           INFO 	Loading data for Dutch Grand Prix - Practice 2 [v3.6.1]
req            INFO 	No cached data found for session_info. Loading data...
_api           INFO 	Fetching session info data...
req            INFO 	Data has been written to cache!
req            INFO 	No cached data found for driver_info. Loading data...
_api           INFO 	Fetching driver list...
req            INFO 	Data has been written to cache!
req            INFO 	No cached data found for session_status_data. Loading data...
_api           INFO 	Fetching session status data...
req            INFO 	Data has been written to cache!
req            INFO 	No cached data found for track_status_data. Loading data...
_api           INFO 	Fetching track status data...
req            INFO 	Data has been written to cache!
req            INFO 	No cached data found for _extended_timing_data. Loading data...
_api           INFO 	Fetching timing data...
_api           INFO 	Parsing timing data...
req            INFO 	Data has been written to cache!
req            INFO 	No cached data found for timing_app_data. Loading data...
_api           INFO 	Fetching timing app data...
req            INFO 	Data has been written to cache!
core           INFO 	Processing timing data...
core           INFO 	Finished loading data for 20 drivers: ['1', '2', '3', '4', '10', '11', '14', '16', '18', '20', '22', '23', '24', '27', '31', '44', '55', '63', '77', '81']
ok 2024 15
core           INFO 	Loading data for United States Grand Prix - Race [v3.6.1]
req            INFO 	No cached data found for session_info. Loading data...
_api           INFO 	Fetching session info data...
req            INFO 	Data has been written to cache!
req            INFO 	No cached data found for driver_info. Loading data...
_api           INFO 	Fetching driver list...
req            INFO 	Data has been written to cache!
req            INFO 	No cached data found for weather_data. Loading data...
_api           INFO 	Fetching weather data...
req            INFO 	Data has been written to cache!
core           INFO 	Finished loading data for 20 drivers: ['16', '55', '1', '4', '81', '63', '11', '27', '30', '43', '20', '10', '14', '22', '18', '23', '77', '31', '24', '44']
core           INFO 	Loading data for United States Grand Prix - Practice 1 [v3.6.1]
req            INFO 	No cached data found for session_info. Loading data...
_api           INFO 	Fetching session info data...
req            INFO 	Data has been written to cache!
req            INFO 	No cached data found for driver_info. Loading data...
_api           INFO 	Fetching driver list...
req            INFO 	Data has been written to cache!
req            INFO 	No cached data found for session_status_data. Loading data...
_api           INFO 	Fetching session status data...
req            INFO 	Data has been written to cache!
req            INFO 	No cached data found for track_status_data. Loading data...
_api           INFO 	Fetching track status data...
req            INFO 	Data has been written to cache!
req            INFO 	No cached data found for _extended_timing_data. Loading data...
_api           INFO 	Fetching timing data...
_api           INFO 	Parsing timing data...
req            INFO 	Data has been written to cache!
req            INFO 	No cached data found for timing_app_data. Loading data...
_api           INFO 	Fetching timing app data...
req            INFO 	Data has been written to cache!
core           INFO 	Processing timing data...
core           INFO 	Finished loading data for 20 drivers: ['1', '4', '10', '11', '14', '16', '18', '20', '22', '23', '24', '27', '30', '31', '43', '44', '55', '63', '77', '81']
ok 2024 19
core           INFO 	Loading data for Qatar Grand Prix - Race [v3.6.1]
req            INFO 	No cached data found for session_info. Loading data...
_api           INFO 	Fetching session info data...
req            INFO 	Data has been written to cache!
req            INFO 	No cached data found for driver_info. Loading data...
_api           INFO 	Fetching driver list...
core        WARNING 	Failed to load extended driver information!
logger      WARNING 	Failed to load result data from Ergast!
core        WARNING 	No result data for this session available on Ergast! (This is expected for recent sessions)
core        WARNING 	Failed to load driver list and session results!
req            INFO 	No cached data found for weather_data. Loading data...
_api           INFO 	Fetching weather data...
req            INFO 	Data has been written to cache!
core           INFO 	Finished loading data for 0 drivers: []
core           INFO 	Loading data for Qatar Grand Prix - Practice 1 [v3.6.1]
req            INFO 	No cached data found for session_info. Loading data...
_api           INFO 	Fetching session info data...
req            INFO 	Data has been written to cache!
req            INFO 	No cached data found for driver_info. Loading data...
_api           INFO 	Fetching driver list...
req            INFO 	Data has been written to cache!
req            INFO 	No cached data found for session_status_data. Loading data...
_api           INFO 	Fetching session status data...
req            INFO 	Data has been written to cache!
req            INFO 	No cached data found for track_status_data. Loading data...
_api           INFO 	Fetching track status data...
req            INFO 	Data has been written to cache!
req            INFO 	No cached data found for _extended_timing_data. Loading data...
_api           INFO 	Fetching timing data...
_api           INFO 	Parsing timing data...
req            INFO 	Data has been written to cache!
req            INFO 	No cached data found for timing_app_data. Loading data...
_api           INFO 	Fetching timing app data...
req            INFO 	Data has been written to cache!
core           INFO 	Processing timing data...
core           INFO 	Finished loading data for 20 drivers: ['1', '4', '10', '11', '14', '16', '18', '20', '22', '23', '24', '27', '30', '31', '43', '44', '55', '63', '77', '81']
ok 2024 23
core           INFO 	Loading data for Japanese Grand Prix - Race [v3.6.1]
req            INFO 	No cached data found for session_info. Loading data...
_api           INFO 	Fetching session info data...
req            INFO 	Data has been written to cache!
req            INFO 	No cached data found for driver_info. Loading data...
_api           INFO 	Fetching driver list...
req            INFO 	Data has been written to cache!
req            INFO 	No cached data found for weather_data. Loading data...
_api           INFO 	Fetching weather data...
req            INFO 	Data has been written to cache!
core           INFO 	Finished loading data for 20 drivers: ['1', '4', '81', '16', '63', '12', '44', '6', '23', '87', '14', '22', '10', '55', '7', '27', '30', '31', '5', '18']
core           INFO 	Loading data for Japanese Grand Prix - Practice 2 [v3.6.1]
req            INFO 	No cached data found for session_info. Loading data...
_api           INFO 	Fetching session info data...
req            INFO 	Data has been written to cache!
req            INFO 	No cached data found for driver_info. Loading data...
_api           INFO 	Fetching driver list...
req            INFO 	Data has been written to cache!
req            INFO 	No cached data found for session_status_data. Loading data...
_api           INFO 	Fetching session status data...
req            INFO 	Data has been written to cache!
req            INFO 	No cached data found for track_status_data. Loading data...
_api           INFO 	Fetching track status data...
req            INFO 	Data has been written to cache!
req            INFO 	No cached data found for _extended_timing_data. Loading data...
_api           INFO 	Fetching timing data...
_api           INFO 	Parsing timing data...
req            INFO 	Data has been written to cache!
req            INFO 	No cached data found for timing_app_data. Loading data...
_api           INFO 	Fetching timing app data...
req            INFO 	Data has been written to cache!
core           INFO 	Processing timing data...
core           INFO 	Finished loading data for 20 drivers: ['1', '4', '5', '6', '7', '10', '12', '14', '16', '18', '22', '23', '27', '30', '31', '44', '55', '63', '81', '87']
ok 2025 3
core           INFO 	Loading data for Emilia Romagna Grand Prix - Race [v3.6.1]
req            INFO 	No cached data found for session_info. Loading data...
_api           INFO 	Fetching session info data...
req            INFO 	Data has been written to cache!
req            INFO 	No cached data found for driver_info. Loading data...
_api           INFO 	Fetching driver list...
req            INFO 	Data has been written to cache!
req            INFO 	No cached data found for weather_data. Loading data...
_api           INFO 	Fetching weather data...
req            INFO 	Data has been written to cache!
core           INFO 	Finished loading data for 20 drivers: ['1', '4', '81', '44', '23', '16', '63', '55', '6', '22', '14', '27', '10', '30', '18', '43', '87', '5', '12', '31']
core           INFO 	Loading data for Emilia Romagna Grand Prix - Practice 2 [v3.6.1]
req            INFO 	No cached data found for session_info. Loading data...
_api           INFO 	Fetching session info data...
req            INFO 	Data has been written to cache!
req            INFO 	No cached data found for driver_info. Loading data...
_api           INFO 	Fetching driver list...
req            INFO 	Data has been written to cache!
req            INFO 	No cached data found for session_status_data. Loading data...
_api           INFO 	Fetching session status data...
req            INFO 	Data has been written to cache!
req            INFO 	No cached data found for track_status_data. Loading data...
_api           INFO 	Fetching track status data...
req            INFO 	Data has been written to cache!
req            INFO 	No cached data found for _extended_timing_data. Loading data...
_api           INFO 	Fetching timing data...
_api           INFO 	Parsing timing data...
req            INFO 	Data has been written to cache!
req            INFO 	No cached data found for timing_app_data. Loading data...
_api           INFO 	Fetching timing app data...
req            INFO 	Data has been written to cache!
core           INFO 	Processing timing data...
core           INFO 	Finished loading data for 20 drivers: ['1', '4', '5', '6', '10', '12', '14', '16', '18', '22', '23', '27', '30', '31', '43', '44', '55', '63', '81', '87']
ok 2025 7
core           INFO 	Loading data for Austrian Grand Prix - Race [v3.6.1]
req            INFO 	No cached data found for session_info. Loading data...
_api           INFO 	Fetching session info data...
req            INFO 	Data has been written to cache!
req            INFO 	No cached data found for driver_info. Loading data...
_api           INFO 	Fetching driver list...
req            INFO 	Data has been written to cache!
req            INFO 	No cached data found for weather_data. Loading data...
_api           INFO 	Fetching weather data...
req            INFO 	Data has been written to cache!
core           INFO 	Finished loading data for 20 drivers: ['4', '81', '16', '44', '63', '30', '14', '5', '27', '31', '87', '6', '10', '18', '43', '22', '23', '1', '12', '55']
core           INFO 	Loading data for Austrian Grand Prix - Practice 2 [v3.6.1]
req            INFO 	No cached data found for session_info. Loading data...
_api           INFO 	Fetching session info data...
req            INFO 	Data has been written to cache!
req            INFO 	No cached data found for driver_info. Loading data...
_api           INFO 	Fetching driver list...
req            INFO 	Data has been written to cache!
req            INFO 	No cached data found for session_status_data. Loading data...
_api           INFO 	Fetching session status data...
req            INFO 	Data has been written to cache!
req            INFO 	No cached data found for track_status_data. Loading data...
_api           INFO 	Fetching track status data...
req            INFO 	Data has been written to cache!
req            INFO 	No cached data found for _extended_timing_data. Loading data...
_api           INFO 	Fetching timing data...
_api           INFO 	Parsing timing data...
req            INFO 	Data has been written to cache!
req            INFO 	No cached data found for timing_app_data. Loading data...
_api           INFO 	Fetching timing app data...
req            INFO 	Data has been written to cache!
core           INFO 	Processing timing data...
core        WARNING 	Fixed incorrect tyre stint information for driver '1'
core        WARNING 	Fixed incorrect tyre stint information for driver '4'
core        WARNING 	Fixed incorrect tyre stint information for driver '5'
core        WARNING 	Fixed incorrect tyre stint information for driver '6'
core        WARNING 	Fixed incorrect tyre stint information for driver '10'
core        WARNING 	Fixed incorrect tyre stint information for driver '12'
core        WARNING 	Fixed incorrect tyre stint information for driver '14'
core        WARNING 	Fixed incorrect tyre stint information for driver '16'
core        WARNING 	Fixed incorrect tyre stint information for driver '22'
core        WARNING 	Fixed incorrect tyre stint information for driver '23'
core           INFO 	Finished loading data for 20 drivers: ['1', '4', '5', '6', '10', '12', '14', '16', '18', '22', '23', '27', '30', '31', '43', '44', '55', '63', '81', '87']
ok 2025 11
core           INFO 	Loading data for Dutch Grand Prix - Race [v3.6.1]
req            INFO 	No cached data found for session_info. Loading data...
_api           INFO 	Fetching session info data...
req            INFO 	Data has been written to cache!
req            INFO 	No cached data found for driver_info. Loading data...
_api           INFO 	Fetching driver list...
req            INFO 	Data has been written to cache!
req            INFO 	No cached data found for weather_data. Loading data...
_api           INFO 	Fetching weather data...
req            INFO 	Data has been written to cache!
core           INFO 	Finished loading data for 20 drivers: ['81', '1', '6', '63', '23', '87', '18', '14', '22', '31', '43', '30', '55', '27', '5', '12', '10', '4', '16', '44']
core           INFO 	Loading data for Dutch Grand Prix - Practice 2 [v3.6.1]
req            INFO 	No cached data found for session_info. Loading data...
_api           INFO 	Fetching session info data...
req            INFO 	Data has been written to cache!
req            INFO 	No cached data found for driver_info. Loading data...
_api           INFO 	Fetching driver list...
req            INFO 	Data has been written to cache!
req            INFO 	No cached data found for session_status_data. Loading data...
_api           INFO 	Fetching session status data...
req            INFO 	Data has been written to cache!
req            INFO 	No cached data found for track_status_data. Loading data...
_api           INFO 	Fetching track status data...
req            INFO 	Data has been written to cache!
req            INFO 	No cached data found for _extended_timing_data. Loading data...
_api           INFO 	Fetching timing data...
_api           INFO 	Parsing timing data...
req            INFO 	Data has been written to cache!
req            INFO 	No cached data found for timing_app_data. Loading data...
_api           INFO 	Fetching timing app data...
req            INFO 	Data has been written to cache!
core           INFO 	Processing timing data...
core           INFO 	Finished loading data for 20 drivers: ['1', '4', '5', '6', '10', '12', '14', '16', '18', '22', '23', '27', '30', '31', '43', '44', '55', '63', '81', '87']
ok 2025 15
core           INFO 	Loading data for United States Grand Prix - Race [v3.6.1]
req            INFO 	No cached data found for session_info. Loading data...
_api           INFO 	Fetching session info data...
req            INFO 	Data has been written to cache!
req            INFO 	No cached data found for driver_info. Loading data...
_api           INFO 	Fetching driver list...
req            INFO 	Data has been written to cache!
req            INFO 	No cached data found for weather_data. Loading data...
_api           INFO 	Fetching weather data...
req            INFO 	Data has been written to cache!
core           INFO 	Finished loading data for 20 drivers: ['1', '4', '16', '44', '81', '63', '22', '27', '87', '14', '30', '18', '12', '23', '31', '6', '43', '5', '10', '55']
core           INFO 	Loading data for United States Grand Prix - Practice 1 [v3.6.1]
req            INFO 	No cached data found for session_info. Loading data...
_api           INFO 	Fetching session info data...
req            INFO 	Data has been written to cache!
req            INFO 	No cached data found for driver_info. Loading data...
_api           INFO 	Fetching driver list...
req            INFO 	Data has been written to cache!
req            INFO 	No cached data found for session_status_data. Loading data...
_api           INFO 	Fetching session status data...
req            INFO 	Data has been written to cache!
req            INFO 	No cached data found for track_status_data. Loading data...
_api           INFO 	Fetching track status data...
req            INFO 	Data has been written to cache!
req            INFO 	No cached data found for _extended_timing_data. Loading data...
_api           INFO 	Fetching timing data...
_api           INFO 	Parsing timing data...
req            INFO 	Data has been written to cache!
req            INFO 	No cached data found for timing_app_data. Loading data...
_api           INFO 	Fetching timing app data...
req            INFO 	Data has been written to cache!
core           INFO 	Processing timing data...
core           INFO 	Finished loading data for 20 drivers: ['1', '4', '5', '6', '10', '12', '14', '16', '18', '22', '23', '27', '30', '31', '43', '44', '55', '63', '81', '87']
ok 2025 19
core           INFO 	Loading data for Qatar Grand Prix - Race [v3.6.1]
req            INFO 	No cached data found for session_info. Loading data...
_api           INFO 	Fetching session info data...
req            INFO 	Data has been written to cache!
req            INFO 	No cached data found for driver_info. Loading data...
_api           INFO 	Fetching driver list...
req            INFO 	Data has been written to cache!
req            INFO 	No cached data found for weather_data. Loading data...
_api           INFO 	Fetching weather data...
req            INFO 	Data has been written to cache!
core           INFO 	Finished loading data for 20 drivers: ['1', '81', '55', '4', '12', '63', '14', '16', '30', '22', '23', '44', '5', '43', '31', '10', '18', '6', '87', '27']
core           INFO 	Loading data for Qatar Grand Prix - Practice 1 [v3.6.1]
req            INFO 	No cached data found for session_info. Loading data...
_api           INFO 	Fetching session info data...
req            INFO 	Data has been written to cache!
req            INFO 	No cached data found for driver_info. Loading data...
_api           INFO 	Fetching driver list...
req            INFO 	Data has been written to cache!
req            INFO 	No cached data found for session_status_data. Loading data...
_api           INFO 	Fetching session status data...
req            INFO 	Data has been written to cache!
req            INFO 	No cached data found for track_status_data. Loading data...
_api           INFO 	Fetching track status data...
req            INFO 	Data has been written to cache!
req            INFO 	No cached data found for _extended_timing_data. Loading data...
_api           INFO 	Fetching timing data...
_api           INFO 	Parsing timing data...
req            INFO 	Data has been written to cache!
req            INFO 	No cached data found for timing_app_data. Loading data...
_api           INFO 	Fetching timing app data...
req            INFO 	Data has been written to cache!
core           INFO 	Processing timing data...
core           INFO 	Finished loading data for 20 drivers: ['1', '4', '5', '6', '10', '12', '14', '16', '18', '22', '23', '27', '30', '31', '43', '44', '55', '63', '81', '87']
ok 2025 23
core           INFO 	Loading data for Japanese Grand Prix - Race [v3.6.1]
req            INFO 	No cached data found for session_info. Loading data...
_api           INFO 	Fetching session info data...
req            INFO 	Data has been written to cache!
req            INFO 	No cached data found for driver_info. Loading data...
_api           INFO 	Fetching driver list...
req            INFO 	Data has been written to cache!
req            INFO 	No cached data found for weather_data. Loading data...
_api           INFO 	Fetching weather data...
req            INFO 	Data has been written to cache!
core           INFO 	Finished loading data for 22 drivers: ['12', '81', '16', '63', '1', '44', '10', '3', '30', '31', '27', '6', '5', '41', '55', '43', '11', '14', '77', '23', '18', '87']
core           INFO 	Loading data for Japanese Grand Prix - Practice 2 [v3.6.1]
req            INFO 	No cached data found for session_info. Loading data...
_api           INFO 	Fetching session info data...
req            INFO 	Data has been written to cache!
req            INFO 	No cached data found for driver_info. Loading data...
_api           INFO 	Fetching driver list...
req            INFO 	Data has been written to cache!
req            INFO 	No cached data found for session_status_data. Loading data...
_api           INFO 	Fetching session status data...
req            INFO 	Data has been written to cache!
req            INFO 	No cached data found for track_status_data. Loading data...
_api           INFO 	Fetching track status data...
req            INFO 	Data has been written to cache!
req            INFO 	No cached data found for _extended_timing_data. Loading data...
_api           INFO 	Fetching timing data...
_api           INFO 	Parsing timing data...
req            INFO 	Data has been written to cache!
req            INFO 	No cached data found for timing_app_data. Loading data...
_api           INFO 	Fetching timing app data...
req            INFO 	Data has been written to cache!
core           INFO 	Processing timing data...
core           INFO 	Finished loading data for 22 drivers: ['1', '3', '5', '6', '10', '11', '12', '14', '16', '18', '23', '27', '30', '31', '41', '43', '44', '55', '63', '77', '81', '87']
ok 2026 3
core           INFO 	Loading data for Barcelona Grand Prix - Race [v3.6.1]
req            INFO 	No cached data found for session_info. Loading data...
_api           INFO 	Fetching session info data...
req            INFO 	Data has been written to cache!
req            INFO 	No cached data found for driver_info. Loading data...
_api           INFO 	Fetching driver list...
req            INFO 	Data has been written to cache!
req            INFO 	No cached data found for weather_data. Loading data...
_api           INFO 	Fetching weather data...
req            INFO 	Data has been written to cache!
core           INFO 	Finished loading data for 22 drivers: ['44', '63', '1', '3', '81', '6', '10', '30', '41', '43', '5', '55', '31', '11', '16', '12', '87', '23', '14', '27', '77', '18']
core           INFO 	Loading data for Barcelona Grand Prix - Practice 2 [v3.6.1]
req            INFO 	No cached data found for session_info. Loading data...
_api           INFO 	Fetching session info data...
logger      WARNING 	Failed to load session info data!
req            INFO 	No cached data found for driver_info. Loading data...
_api           INFO 	Fetching driver list...
core        WARNING 	Failed to load extended driver information!
req            INFO 	No cached data found for session_status_data. Loading data...
_api           INFO 	Fetching session status data...
logger      WARNING 	Failed to load session status data!
req            INFO 	No cached data found for track_status_data. Loading data...
_api           INFO 	Fetching track status data...
logger      WARNING 	Failed to load track status data!
req            INFO 	No cached data found for _extended_timing_data. Loading data...
_api           INFO 	Fetching timing data...
logger      WARNING 	Failed to load timing data!
core           INFO 	Finished loading data for 22 drivers: ['44', '63', '1', '3', '81', '6', '10', '30', '41', '43', '5', '55', '31', '11', '16', '12', '87', '23', '14', '27', '77', '18']
FAIL practice 2026 7 DataNotLoadedError('The data you are trying to access has not been loaded yet. See `Session.load`')
ok 2026 7
core           INFO 	Loading data for Hungarian Grand Prix - Race [v3.6.1]
req            INFO 	No cached data found for session_info. Loading data...
_api           INFO 	Fetching session info data...
logger      WARNING 	Failed to load session info data!
req            INFO 	No cached data found for driver_info. Loading data...
_api           INFO 	Fetching driver list...
core        WARNING 	Failed to load extended driver information!
logger      WARNING 	Failed to load result data from Ergast!
core        WARNING 	No result data for this session available on Ergast! (This is expected for recent sessions)
core        WARNING 	Failed to load driver list and session results!
req            INFO 	No cached data found for weather_data. Loading data...
_api           INFO 	Fetching weather data...
logger      WARNING 	Failed to load weather data!
core           INFO 	Finished loading data for 0 drivers: []
FAIL weather 2026 11 DataNotLoadedError('The data you are trying to access has not been loaded yet. See `Session.load`')
core           INFO 	Loading data for Hungarian Grand Prix - Practice 2 [v3.6.1]
req            INFO 	No cached data found for session_info. Loading data...
_api           INFO 	Fetching session info data...
logger      WARNING 	Failed to load session info data!
req            INFO 	No cached data found for driver_info. Loading data...
_api           INFO 	Fetching driver list...
core        WARNING 	Failed to load extended driver information!
logger      WARNING 	Failed to load result data from Ergast!
core        WARNING 	No result data for this session available on Ergast! (This is expected for recent sessions)
core        WARNING 	Failed to load driver list and session results!
req            INFO 	No cached data found for session_status_data. Loading data...
_api           INFO 	Fetching session status data...
logger      WARNING 	Failed to load session status data!
req            INFO 	No cached data found for track_status_data. Loading data...
_api           INFO 	Fetching track status data...
logger      WARNING 	Failed to load track status data!
req            INFO 	No cached data found for _extended_timing_data. Loading data...
_api           INFO 	Fetching timing data...
logger      WARNING 	Failed to load timing data!
core           INFO 	Finished loading data for 0 drivers: []
FAIL practice 2026 11 DataNotLoadedError('The data you are trying to access has not been loaded yet. See `Session.load`')
ok 2026 11
core           INFO 	Loading data for Azerbaijan Grand Prix - Race [v3.6.1]
req            INFO 	No cached data found for session_info. Loading data...
_api           INFO 	Fetching session info data...
logger      WARNING 	Failed to load session info data!
req            INFO 	No cached data found for driver_info. Loading data...
_api           INFO 	Fetching driver list...
core        WARNING 	Failed to load extended driver information!
logger      WARNING 	Failed to load result data from Ergast!
core        WARNING 	No result data for this session available on Ergast! (This is expected for recent sessions)
core        WARNING 	Failed to load driver list and session results!
req            INFO 	No cached data found for weather_data. Loading data...
_api           INFO 	Fetching weather data...
logger      WARNING 	Failed to load weather data!
core           INFO 	Finished loading data for 0 drivers: []
FAIL weather 2026 15 DataNotLoadedError('The data you are trying to access has not been loaded yet. See `Session.load`')
core           INFO 	Loading data for Azerbaijan Grand Prix - Practice 2 [v3.6.1]
req            INFO 	No cached data found for session_info. Loading data...
_api           INFO 	Fetching session info data...
logger      WARNING 	Failed to load session info data!
req            INFO 	No cached data found for driver_info. Loading data...
_api           INFO 	Fetching driver list...
core        WARNING 	Failed to load extended driver information!
logger      WARNING 	Failed to load result data from Ergast!
core        WARNING 	No result data for this session available on Ergast! (This is expected for recent sessions)
core        WARNING 	Failed to load driver list and session results!
req            INFO 	No cached data found for session_status_data. Loading data...
_api           INFO 	Fetching session status data...
logger      WARNING 	Failed to load session status data!
req            INFO 	No cached data found for track_status_data. Loading data...
_api           INFO 	Fetching track status data...
logger      WARNING 	Failed to load track status data!
req            INFO 	No cached data found for _extended_timing_data. Loading data...
_api           INFO 	Fetching timing data...
logger      WARNING 	Failed to load timing data!
core           INFO 	Finished loading data for 0 drivers: []
FAIL practice 2026 15 DataNotLoadedError('The data you are trying to access has not been loaded yet. See `Session.load`')
ok 2026 15
