core           INFO 	Loading data for Bahrain Grand Prix - Race [v3.6.1]
req            INFO 	No cached data found for session_info. Loading data...
_api           INFO 	Fetching session info data...
req            INFO 	Data has been written to cache!
req            INFO 	No cached data found for driver_info. Loading data...
_api           INFO 	Fetching driver list...
req            INFO 	Data has been written to cache!
req            INFO 	No cached data found for weather_data. Loading data...
_api           INFO 	Fetching weather data...
req            INFO 	Data has been written to cache!
core           INFO 	Finished loading data for 20 drivers: ['5', '77', '44', '10', '20', '27', '14', '2', '9', '31', '55', '16', '8', '18', '35', '11', '28', '7', '33', '3']
core           INFO 	Loading data for Bahrain Grand Prix - Practice 2 [v3.6.1]
req            INFO 	No cached data found for session_info. Loading data...
_api           INFO 	Fetching session info data...
req            INFO 	Data has been written to cache!
req            INFO 	No cached data found for driver_info. Loading data...
_api           INFO 	Fetching driver list...
req            INFO 	Data has been written to cache!
req            INFO 	No cached data found for session_status_data. Loading data...
_api           INFO 	Fetching session status data...
req            INFO 	Data has been written to cache!
req            INFO 	No cached data found for track_status_data. Loading data...
_api           INFO 	Fetching track status data...
req            INFO 	Data has been written to cache!
req            INFO 	No cached data found for _extended_timing_data. Loading data...
_api           INFO 	Fetching timing data...
_api           INFO 	Parsing timing data...
_api        WARNING 	Driver  7: Ignoring late data for a previously processed lap.The data may contain errors (previous: 25; current 26)
_api        WARNING 	Driver 11: Ignoring late data for a previously processed lap.The data may contain errors (previous: 13; current 14)
_api        WARNING 	Driver 77: Ignoring late data for a previously processed lap.The data may contain errors (previous: 15; current 16)
req            INFO 	Data has been written to cache!
req            INFO 	No cached data found for timing_app_data. Loading data...
_api           INFO 	Fetching timing app data...
req            INFO 	Data has been written to cache!
core           INFO 	Processing timing data...
core        WARNING 	Fixed incorrect tyre stint information for driver '5'
core        WARNING 	Fixed incorrect tyre stint information for driver '7'
core        WARNING 	Fixed incorrect tyre stint information for driver '10'
core        WARNING 	Fixed incorrect tyre stint information for driver '11'
core        WARNING 	Fixed incorrect tyre stint information for driver '27'
core        WARNING 	Fixed incorrect tyre stint information for driver '28'
core        WARNING 	Fixed incorrect tyre stint information for driver '31'
core        WARNING 	Fixed incorrect tyre stint information for driver '33'
core        WARNING 	Fixed incorrect tyre stint information for driver '44'
core        WARNING 	Fixed incorrect tyre stint information for driver '55'
core        WARNING 	Fixed incorrect tyre stint information for driver '77'
core           INFO 	Finished loading data for 20 drivers: ['2', '3', '5', '7', '8', '9', '10', '11', '14', '16', '18', '20', '27', '28', '31', '33', '35', '44', '55', '77']
ok 2018 2
core           INFO 	Loading data for Monaco Grand Prix - Race [v3.6.1]
req            INFO 	No cached data found for session_info. Loading data...
_api           INFO 	Fetching session info data...
req            INFO 	Data has been written to cache!
req            INFO 	No cached data found for driver_info. Loading data...
_api           INFO 	Fetching driver list...
req            INFO 	Data has been written to cache!
req            INFO 	No cached data found for weather_data. Loading data...
_api           INFO 	Fetching weather data...
req            INFO 	Data has been written to cache!
core           INFO 	Finished loading data for 20 drivers: ['3', '5', '44', '7', '77', '31', '10', '27', '33', '55', '9', '11', '20', '2', '8', '35', '18', '16', '28', '14']
core           INFO 	Loading data for Monaco Grand Prix - Practice 2 [v3.6.1]
req            INFO 	No cached data found for session_info. Loading data...
_api           INFO 	Fetching session info data...
req            INFO 	Data has been written to cache!
req            INFO 	No cached data found for driver_info. Loading data...
_api           INFO 	Fetching driver list...
req            INFO 	Data has been written to cache!
req            INFO 	No cached data found for session_status_data. Loading data...
_api           INFO 	Fetching session status data...
req            INFO 	Data has been written to cache!
req            INFO 	No cached data found for track_status_data. Loading data...
_api           INFO 	Fetching track status data...
req            INFO 	Data has been written to cache!
req            INFO 	No cached data found for _extended_timing_data. Loading data...
_api           INFO 	Fetching timing data...
_api           INFO 	Parsing timing data...
req            INFO 	Data has been written to cache!
req            INFO 	No cached data found for timing_app_data. Loading data...
_api           INFO 	Fetching timing app data...
req            INFO 	Data has been written to cache!
core           INFO 	Processing timing data...
core           INFO 	Finished loading data for 20 drivers: ['2', '3', '5', '7', '8', '9', '10', '11', '14', '16', '18', '20', '27', '28', '31', '33', '35', '44', '55', '77']
ok 2018 6
core           INFO 	Loading data for British Grand Prix - Race [v3.6.1]
req            INFO 	No cached data found for session_info. Loading data...
_api           INFO 	Fetching session info data...
req            INFO 	Data has been written to cache!
req            INFO 	No cached data found for driver_info. Loading data...
_api           INFO 	Fetching driver list...
req            INFO 	Data has been written to cache!
req            INFO 	No cached data found for weather_data. Loading data...
_api           INFO 	Fetching weather data...
req            INFO 	Data has been written to cache!
core           INFO 	Finished loading data for 20 drivers: ['5', '44', '7', '77', '3', '27', '31', '14', '20', '11', '2', '18', '10', '35', '33', '8', '55', '9', '16', '28']
core           INFO 	Loading data for British Grand Prix - Practice 2 [v3.6.1]
req            INFO 	No cached data found for session_info. Loading data...
_api           INFO 	Fetching session info data...
req            INFO 	Data has been written to cache!
req            INFO 	No cached data found for driver_info. Loading data...
_api           INFO 	Fetching driver list...
req            INFO 	Data has been written to cache!
req            INFO 	No cached data found for session_status_data. Loading data...
_api           INFO 	Fetching session status data...
req            INFO 	Data has been written to cache!
req            INFO 	No cached data found for track_status_data. Loading data...
_api           INFO 	Fetching track status data...
req            INFO 	Data has been written to cache!
req            INFO 	No cached data found for _extended_timing_data. Loading data...
_api           INFO 	Fetching timing data...
_api           INFO 	Parsing timing data...
req            INFO 	Data has been written to cache!
req            INFO 	No cached data found for timing_app_data. Loading data...
_api           INFO 	Fetching timing app data...
req            INFO 	Data has been written to cache!
core           INFO 	Processing timing data...
core        WARNING 	No lap data for driver 8
core        WARNING 	Failed to perform lap accuracy check - all laps marked as inaccurate (driver 8)
core           INFO 	Finished loading data for 20 drivers: ['2', '3', '5', '7', '8', '9', '10', '11', '14', '16', '18', '20', '27', '28', '31', '33', '35', '44', '55', '77']
ok 2018 10
core           INFO 	Loading data for Italian Grand Prix - Race [v3.6.1]
req            INFO 	No cached data found for session_info. Loading data...
_api           INFO 	Fetching session info data...
req            INFO 	Data has been written to cache!
req            INFO 	No cached data found for driver_info. Loading data...
_api           INFO 	Fetching driver list...
req            INFO 	Data has been written to cache!
req            INFO 	No cached data found for weather_data. Loading data...
_api           INFO 	Fetching weather data...
req            INFO 	Data has been written to cache!
core           INFO 	Finished loading data for 20 drivers: ['44', '7', '77', '5', '33', '31', '11', '55', '18', '35', '16', '2', '27', '10', '9', '20', '3', '14', '28', '8']
core           INFO 	Loading data for Italian Grand Prix - Practice 2 [v3.6.1]
req            INFO 	No cached data found for session_info. Loading data...
_api           INFO 	Fetching session info data...
req            INFO 	Data has been written to cache!
req            INFO 	No cached data found for driver_info. Loading data...
_api           INFO 	Fetching driver list...
req            INFO 	Data has been written to cache!
req            INFO 	No cached data found for session_status_data. Loading data...
_api           INFO 	Fetching session status data...
req            INFO 	Data has been written to cache!
req            INFO 	No cached data found for track_status_data. Loading data...
_api           INFO 	Fetching track status data...
req            INFO 	Data has been written to cache!
req            INFO 	No cached data found for _extended_timing_data. Loading data...
_api           INFO 	Fetching timing data...
_api           INFO 	Parsing timing data...
req            INFO 	Data has been written to cache!
req            INFO 	No cached data found for timing_app_data. Loading data...
_api           INFO 	Fetching timing app data...
req            INFO 	Data has been written to cache!
core           INFO 	Processing timing data...
core        WARNING 	Fixed incorrect tyre stint information for driver '2'
core        WARNING 	Fixed incorrect tyre stint information for driver '7'
core        WARNING 	Fixed incorrect tyre stint information for driver '8'
core        WARNING 	Fixed incorrect tyre stint information for driver '16'
core        WARNING 	Fixed incorrect tyre stint information for driver '20'
core        WARNING 	Fixed incorrect tyre stint information for driver '27'
core        WARNING 	Fixed incorrect tyre stint information for driver '55'
core           INFO 	Finished loading data for 20 drivers: ['2', '3', '5', '7', '8', '9', '10', '11', '14', '16', '18', '20', '27', '28', '31', '33', '35', '44', '55', '77']
ok 2018 14
core           INFO 	Loading data for United States Grand Prix - Race [v3.6.1]
req            INFO 	No cached data found for session_info. Loading data...
_api           INFO 	Fetching session info data...
req            INFO 	Data has been written to cache!
req            INFO 	No cached data found for driver_info. Loading data...
_api           INFO 	Fetching driver list...
req            INFO 	Data has been written to cache!
req            INFO 	No cached data found for weather_data. Loading data...
_api           INFO 	Fetching weather data...
req            INFO 	Data has been written to cache!
core           INFO 	Finished loading data for 20 drivers: ['7', '33', '44', '5', '77', '27', '55', '11', '28', '9', '2', '10', '35', '18', '16', '3', '8', '14', '31', '20']
core           INFO 	Loading data for United States Grand Prix - Practice 2 [v3.6.1]
req            INFO 	No cached data found for session_info. Loading data...
_api           INFO 	Fetching session info data...
req            INFO 	Data has been written to cache!
req            INFO 	No cached data found for driver_info. Loading data...
_api           INFO 	Fetching driver list...
req            INFO 	Data has been written to cache!
req            INFO 	No cached data found for session_status_data. Loading data...
_api           INFO 	Fetching session status data...
req            INFO 	Data has been written to cache!
req            INFO 	No cached data found for track_status_data. Loading data...
_api           INFO 	Fetching track status data...
req            INFO 	Data has been written to cache!
req            INFO 	No cached data found for _extended_timing_data. Loading data...
_api           INFO 	Fetching timing data...
_api           INFO 	Parsing timing data...
req            INFO 	Data has been written to cache!
req            INFO 	No cached data found for timing_app_data. Loading data...
_api           INFO 	Fetching timing app data...
req            INFO 	Data has been written to cache!
core           INFO 	Processing timing data...
core        WARNING 	No lap data for driver 3
core        WARNING 	No lap data for driver 8
core        WARNING 	No lap data for driver 20
core        WARNING 	No lap data for driver 77
core        WARNING 	Failed to perform lap accuracy check - all laps marked as inaccurate (driver 3)
core        WARNING 	Failed to perform lap accuracy check - all laps marked as inaccurate (driver 8)
core        WARNING 	Failed to perform lap accuracy check - all laps marked as inaccurate (driver 20)
core        WARNING 	Failed to perform lap accuracy check - all laps marked as inaccurate (driver 77)
core           INFO 	Finished loading data for 20 drivers: ['2', '3', '5', '7', '8', '9', '10', '11', '14', '16', '18', '20', '27', '28', '31', '33', '35', '44', '55', '77']
ok 2018 18
core           INFO 	Loading data for Australian Grand Prix - Race [v3.6.1]
req            INFO 	No cached data found for session_info. Loading data...
_api           INFO 	Fetching session info data...
req            INFO 	Data has been written to cache!
req            INFO 	No cached data found for driver_info. Loading data...
_api           INFO 	Fetching driver list...
req            INFO 	Data has been written to cache!
req            INFO 	No cached data found for weather_data. Loading data...
_api           INFO 	Fetching weather data...
req            INFO 	Data has been written to cache!
core           INFO 	Finished loading data for 20 drivers: ['77', '44', '33', '5', '16', '20', '27', '7', '18', '26', '10', '4', '11', '23', '99', '63', '88', '8', '3', '55']
core           INFO 	Loading data for Australian Grand Prix - Practice 2 [v3.6.1]
req            INFO 	No cached data found for session_info. Loading data...
_api           INFO 	Fetching session info data...
req            INFO 	Data has been written to cache!
req            INFO 	No cached data found for driver_info. Loading data...
_api           INFO 	Fetching driver list...
req            INFO 	Data has been written to cache!
req            INFO 	No cached data found for session_status_data. Loading data...
_api           INFO 	Fetching session status data...
req            INFO 	Data has been written to cache!
req            INFO 	No cached data found for track_status_data. Loading data...
_api           INFO 	Fetching track status data...
req            INFO 	Data has been written to cache!
req            INFO 	No cached data found for _extended_timing_data. Loading data...
_api           INFO 	Fetching timing data...
_api           INFO 	Parsing timing data...
req            INFO 	Data has been written to cache!
req            INFO 	No cached data found for timing_app_data. Loading data...
_api           INFO 	Fetching timing app data...
req            INFO 	Data has been written to cache!
core           INFO 	Processing timing data...
core           INFO 	Finished loading data for 20 drivers: ['3', '4', '5', '7', '8', '10', '11', '16', '18', '20', '23', '26', '27', '33', '44', '55', '63', '77', '88', '99']
ok 2019 1
core           INFO 	Loading data for Spanish Grand Prix - Race [v3.6.1]
req            INFO 	No cached data found for session_info. Loading data...
_api           INFO 	Fetching session info data...
req            INFO 	Data has been written to cache!
req            INFO 	No cached data found for driver_info. Loading data...
_api           INFO 	Fetching driver list...
req            INFO 	Data has been written to cache!
req            INFO 	No cached data found for weather_data. Loading data...
_api           INFO 	Fetching weather data...
req            INFO 	Data has been written to cache!
core           INFO 	Finished loading data for 20 drivers: ['44', '77', '33', '5', '16', '10', '20', '55', '26', '8', '23', '3', '27', '7', '11', '99', '63', '88', '18', '4']
core           INFO 	Loading data for Spanish Grand Prix - Practice 2 [v3.6.1]
req            INFO 	No cached data found for session_info. Loading data...
_api           INFO 	Fetching session info data...
req            INFO 	Data has been written to cache!
req            INFO 	No cached data found for driver_info. Loading data...
_api           INFO 	Fetching driver list...
req            INFO 	Data has been written to cache!
req            INFO 	No cached data found for session_status_data. Loading data...
_api           INFO 	Fetching session status data...
req            INFO 	Data has been written to cache!
req            INFO 	No cached data found for track_status_data. Loading data...
_api           INFO 	Fetching track status data...
req            INFO 	Data has been written to cache!
req            INFO 	No cached data found for _extended_timing_data. Loading data...
_api           INFO 	Fetching timing data...
_api           INFO 	Parsing timing data...
req            INFO 	Data has been written to cache!
req            INFO 	No cached data found for timing_app_data. Loading data...
_api           INFO 	Fetching timing app data...
req            INFO 	Data has been written to cache!
core           INFO 	Processing timing data...
core           INFO 	Finished loading data for 20 drivers: ['3', '4', '5', '7', '8', '10', '11', '16', '18', '20', '23', '26', '27', '33', '44', '55', '63', '77', '88', '99']
ok 2019 5
core           INFO 	Loading data for Austrian Grand Prix - Race [v3.6.1]
req            INFO 	No cached data found for session_info. Loading data...
_api           INFO 	Fetching session info data...
req            INFO 	Data has been written to cache!
req            INFO 	No cached data found for driver_info. Loading data...
_api           INFO 	Fetching driver list...
req            INFO 	Data has been written to cache!
req            INFO 	No cached data found for weather_data. Loading data...
_api           INFO 	Fetching weather data...
req            INFO 	Data has been written to cache!
core           INFO 	Finished loading data for 20 drivers: ['33', '16', '77', '5', '44', '4', '10', '55', '7', '99', '11', '3', '27', '18', '23', '8', '26', '63', '20', '88']
core           INFO 	Loading data for Austrian Grand Prix - Practice 2 [v3.6.1]
req            INFO 	No cached data found for session_info. Loading data...
_api           INFO 	Fetching session info data...
req            INFO 	Data has been written to cache!
req            INFO 	No cached data found for driver_info. Loading data...
_api           INFO 	Fetching driver list...
req            INFO 	Data has been written to cache!
req            INFO 	No cached data found for session_status_data. Loading data...
_api           INFO 	Fetching session status data...
req            INFO 	Data has been written to cache!
req            INFO 	No cached data found for track_status_data. Loading data...
_api           INFO 	Fetching track status data...
req            INFO 	Data has been written to cache!
req            INFO 	No cached data found for _extended_timing_data. Loading data...
_api           INFO 	Fetching timing data...
_api           INFO 	Parsing timing data...
req            INFO 	Data has been written to cache!
req            INFO 	No cached data found for timing_app_data. Loading data...
_api           INFO 	Fetching timing app data...
req            INFO 	Data has been written to cache!
core           INFO 	Processing timing data...
core           INFO 	Finished loading data for 20 drivers: ['3', '4', '5', '7', '8', '10', '11', '16', '18', '20', '23', '26', '27', '33', '44', '55', '63', '77', '88', '99']
ok 2019 9
core           INFO 	Loading data for Belgian Grand Prix - Race [v3.6.1]
req            INFO 	No cached data found for session_info. Loading data...
_api           INFO 	Fetching session info data...
req            INFO 	Data has been written to cache!
req            INFO 	No cached data found for driver_info. Loading data...
_api           INFO 	Fetching driver list...
req            INFO 	Data has been written to cache!
req            INFO 	No cached data found for weather_data. Loading data...
_api           INFO 	Fetching weather data...
req            INFO 	Data has been written to cache!
core           INFO 	Finished loading data for 20 drivers: ['16', '44', '77', '5', '23', '11', '26', '27', '10', '18', '4', '20', '8', '3', '63', '7', '88', '99', '55', '33']
core           INFO 	Loading data for Belgian Grand Prix - Practice 2 [v3.6.1]
req            INFO 	No cached data found for session_info. Loading data...
_api           INFO 	Fetching session info data...
req            INFO 	Data has been written to cache!
req            INFO 	No cached data found for driver_info. Loading data...
_api           INFO 	Fetching driver list...
req            INFO 	Data has been written to cache!
req            INFO 	No cached data found for session_status_data. Loading data...
_api           INFO 	Fetching session status data...
req            INFO 	Data has been written to cache!
req            INFO 	No cached data found for track_status_data. Loading data...
_api           INFO 	Fetching track status data...
req            INFO 	Data has been written to cache!
req            INFO 	No cached data found for _extended_timing_data. Loading data...
_api           INFO 	Fetching timing data...
_api           INFO 	Parsing timing data...
req            INFO 	Data has been written to cache!
req            INFO 	No cached data found for timing_app_data. Loading data...
_api           INFO 	Fetching timing app data...
req            INFO 	Data has been written to cache!
core           INFO 	Processing timing data...
core           INFO 	Finished loading data for 20 drivers: ['3', '4', '5', '7', '8', '10', '11', '16', '18', '20', '23', '26', '27', '33', '44', '55', '63', '77', '88', '99']
ok 2019 13
core           INFO 	Loading data for Japanese Grand Prix - Race [v3.6.1]
req            INFO 	No cached data found for session_info. Loading data...
_api           INFO 	Fetching session info data...
req            INFO 	Data has been written to cache!
req            INFO 	No cached data found for driver_info. Loading data...
_api           INFO 	Fetching driver list...
req            INFO 	Data has been written to cache!
req            INFO 	No cached data found for weather_data. Loading data...
_api           INFO 	Fetching weather data...
req            INFO 	Data has been written to cache!
core           INFO 	Finished loading data for 20 drivers: ['77', '5', '44', '23', '55', '16', '10', '11', '18', '26', '4', '7', '8', '99', '20', '63', '88', '33', '3', '27']
core           INFO 	Loading data for Japanese Grand Prix - Practice 2 [v3.6.1]
req            INFO 	No cached data found for session_info. Loading data...
_api           INFO 	Fetching session info data...
req            INFO 	Data has been written to cache!
req            INFO 	No cached data found for driver_info. Loading data...
_api           INFO 	Fetching driver list...
req            INFO 	Data has been written to cache!
req            INFO 	No cached data found for session_status_data. Loading data...
_api           INFO 	Fetching session status data...
req            INFO 	Data has been written to cache!
req            INFO 	No cached data found for track_status_data. Loading data...
_api           INFO 	Fetching track status data...
req            INFO 	Data has been written to cache!
req            INFO 	No cached data found for _extended_timing_data. Loading data...
_api           INFO 	Fetching timing data...
_api           INFO 	Parsing timing data...
_api        WARNING 	Driver  5: Ignoring late data for a previously processed lap.The data may contain errors (previous: 10; current 11)
_api        WARNING 	Driver  5: Ignoring late data for a previously processed lap.The data may contain errors (previous: 29; current 30)
req            INFO 	Data has been written to cache!
req            INFO 	No cached data found for timing_app_data. Loading data...
_api           INFO 	Fetching timing app data...
req            INFO 	Data has been written to cache!
core           INFO 	Processing timing data...
core           INFO 	Finished loading data for 20 drivers: ['3', '4', '5', '7', '8', '10', '11', '16', '18', '20', '23', '26', '27', '33', '44', '55', '63', '77', '88', '99']
ok 2019 17
core           INFO 	Loading data for Abu Dhabi Grand Prix - Race [v3.6.1]
req            INFO 	No cached data found for session_info. Loading data...
_api           INFO 	Fetching session info data...
req            INFO 	Data has been written to cache!
req            INFO 	No cached data found for driver_info. Loading data...
_api           INFO 	Fetching driver list...
req            INFO 	Data has been written to cache!
req            INFO 	No cached data found for weather_data. Loading data...
_api           INFO 	Fetching weather data...
req            INFO 	Data has been written to cache!
core           INFO 	Finished loading data for 20 drivers: ['44', '33', '16', '77', '5', '23', '11', '4', '26', '55', '3', '27', '7', '20', '8', '99', '63', '10', '88', '18']
core           INFO 	Loading data for Abu Dhabi Grand Prix - Practice 2 [v3.6.1]
req            INFO 	No cached data found for session_info. Loading data...
_api           INFO 	Fetching session info data...
req            INFO 	Data has been written to cache!
req            INFO 	No cached data found for driver_info. Loading data...
_api           INFO 	Fetching driver list...
req            INFO 	Data has been written to cache!
req            INFO 	No cached data found for session_status_data. Loading data...
_api           INFO 	Fetching session status data...
req            INFO 	Data has been written to cache!
req            INFO 	No cached data found for track_status_data. Loading data...
_api           INFO 	Fetching track status data...
req            INFO 	Data has been written to cache!
req            INFO 	No cached data found for _extended_timing_data. Loading data...
_api           INFO 	Fetching timing data...
_api           INFO 	Parsing timing data...
req            INFO 	Data has been written to cache!
req            INFO 	No cached data found for timing_app_data. Loading data...
_api           INFO 	Fetching timing app data...
req            INFO 	Data has been written to cache!
core           INFO 	Processing timing data...
core           INFO 	Finished loading data for 20 drivers: ['3', '4', '5', '7', '8', '10', '11', '16', '18', '20', '23', '26', '27', '33', '44', '55', '63', '77', '88', '99']
ok 2019 21
core           INFO 	Loading data for British Grand Prix - Race [v3.6.1]
req            INFO 	No cached data found for session_info. Loading data...
_api           INFO 	Fetching session info data...
req            INFO 	Data has been written to cache!
req            INFO 	No cached data found for driver_info. Loading data...
_api           INFO 	Fetching driver list...
req            INFO 	Data has been written to cache!
req            INFO 	No cached data found for weather_data. Loading data...
_api           INFO 	Fetching weather data...
req            INFO 	Data has been written to cache!
core           INFO 	Finished loading data for 20 drivers: ['44', '33', '16', '3', '4', '31', '10', '23', '18', '5', '77', '63', '55', '99', '6', '8', '7', '26', '20', '27']
core           INFO 	Loading data for British Grand Prix - Practice 2 [v3.6.1]
req            INFO 	No cached data found for session_info. Loading data...
_api           INFO 	Fetching session info data...
req            INFO 	Data has been written to cache!
req            INFO 	No cached data found for driver_info. Loading data...
_api           INFO 	Fetching driver list...
req            INFO 	Data has been written to cache!
req            INFO 	No cached data found for session_status_data. Loading data...
_api           INFO 	Fetching session status data...
req            INFO 	Data has been written to cache!
req            INFO 	No cached data found for track_status_data. Loading data...
_api           INFO 	Fetching track status data...
req            INFO 	Data has been written to cache!
req            INFO 	No cached data found for _extended_timing_data. Loading data...
_api           INFO 	Fetching timing data...
_api           INFO 	Parsing timing data...
req            INFO 	Data has been written to cache!
req            INFO 	No cached data found for timing_app_data. Loading data...
_api           INFO 	Fetching timing app data...
req            INFO 	Data has been written to cache!
core           INFO 	Processing timing data...
core           INFO 	Finished loading data for 20 drivers: ['3', '4', '5', '6', '7', '8', '10', '16', '18', '20', '23', '26', '27', '31', '33', '44', '55', '63', '77', '99']
ok 2020 4
core           INFO 	Loading data for Italian Grand Prix - Race [v3.6.1]
req            INFO 	No cached data found for session_info. Loading data...
_api           INFO 	Fetching session info data...
req            INFO 	Data has been written to cache!
req            INFO 	No cached data found for driver_info. Loading data...
_api           INFO 	Fetching driver list...
req            INFO 	Data has been written to cache!
req            INFO 	No cached data found for weather_data. Loading data...
_api           INFO 	Fetching weather data...
req            INFO 	Data has been written to cache!
core           INFO 	Finished loading data for 20 drivers: ['10', '55', '18', '4', '77', '3', '44', '31', '26', '11', '6', '8', '7', '63', '23', '99', '33', '16', '20', '5']
core           INFO 	Loading data for Italian Grand Prix - Practice 2 [v3.6.1]
req            INFO 	No cached data found for session_info. Loading data...
_api           INFO 	Fetching session info data...
req            INFO 	Data has been written to cache!
req            INFO 	No cached data found for driver_info. Loading data...
_api           INFO 	Fetching driver list...
req            INFO 	Data has been written to cache!
req            INFO 	No cached data found for session_status_data. Loading data...
_api           INFO 	Fetching session status data...
req            INFO 	Data has been written to cache!
req            INFO 	No cached data found for track_status_data. Loading data...
_api           INFO 	Fetching track status data...
req            INFO 	Data has been written to cache!
req            INFO 	No cached data found for _extended_timing_data. Loading data...
_api           INFO 	Fetching timing data...
_api           INFO 	Parsing timing data...
req            INFO 	Data has been written to cache!
req            INFO 	No cached data found for timing_app_data. Loading data...
_api           INFO 	Fetching timing app data...
req            INFO 	Data has been written to cache!
core           INFO 	Processing timing data...
core        WARNING 	Fixed incorrect tyre stint information for driver '7'
core        WARNING 	Fixed incorrect tyre stint information for driver '8'
core        WARNING 	Fixed incorrect tyre stint information for driver '20'
core           INFO 	Finished loading data for 20 drivers: ['3', '4', '5', '6', '7', '8', '10', '11', '16', '18', '20', '23', '26', '31', '33', '44', '55', '63', '77', '99']
ok 2020 8
core           INFO 	Loading data for Portuguese Grand Prix - Race [v3.6.1]
req            INFO 	No cached data found for session_info. Loading data...
_api           INFO 	Fetching session info data...
req            INFO 	Data has been written to cache!
req            INFO 	No cached data found for driver_info. Loading data...
_api           INFO 	Fetching driver list...
req            INFO 	Data has been written to cache!
req            INFO 	No cached data found for weather_data. Loading data...
_api           INFO 	Fetching weather data...
req            INFO 	Data has been written to cache!
core           INFO 	Finished loading data for 20 drivers: ['44', '77', '33', '16', '10', '55', '11', '31', '3', '5', '7', '23', '4', '63', '99', '20', '8', '6', '26', '18']
core           INFO 	Loading data for Portuguese Grand Prix - Practice 2 [v3.6.1]
req            INFO 	No cached data found for session_info. Loading data...
_api           INFO 	Fetching session info data...
req            INFO 	Data has been written to cache!
req            INFO 	No cached data found for driver_info. Loading data...
_api           INFO 	Fetching driver list...
req            INFO 	Data has been written to cache!
req            INFO 	No cached data found for session_status_data. Loading data...
_api           INFO 	Fetching session status data...
req            INFO 	Data has been written to cache!
req            INFO 	No cached data found for track_status_data. Loading data...
_api           INFO 	Fetching track status data...
req            INFO 	Data has been written to cache!
req            INFO 	No cached data found for _extended_timing_data. Loading data...
_api           INFO 	Fetching timing data...
_api           INFO 	Parsing timing data...
req            INFO 	Data has been written to cache!
req            INFO 	No cached data found for timing_app_data. Loading data...
_api           INFO 	Fetching timing app data...
req            INFO 	Data has been written to cache!
core           INFO 	Processing timing data...
core           INFO 	Finished loading data for 20 drivers: ['3', '4', '5', '6', '7', '8', '10', '11', '16', '18', '20', '23', '26', '31', '33', '44', '55', '63', '77', '99']
ok 2020 12
core           INFO 	Loading data for Sakhir Grand Prix - Race [v3.6.1]
req            INFO 	No cached data found for session_info. Loading data...
_api           INFO 	Fetching session info data...
req            INFO 	Data has been written to cache!
req            INFO 	No cached data found for driver_info. Loading data...
_api           INFO 	Fetching driver list...
req            INFO 	Data has been written to cache!
req            INFO 	No cached data found for weather_data. Loading data...
_api           INFO 	Fetching weather data...
req            INFO 	Data has been written to cache!
core           INFO 	Finished loading data for 20 drivers: ['11', '31', '18', '55', '3', '23', '26', '77', '63', '4', '10', '5', '99', '7', '20', '89', '51', '6', '33', '16']
core           INFO 	Loading data for Sakhir Grand Prix - Practice 2 [v3.6.1]
req            INFO 	No cached data found for session_info. Loading data...
_api           INFO 	Fetching session info data...
req            INFO 	Data has been written to cache!
req            INFO 	No cached data found for driver_info. Loading data...
_api           INFO 	Fetching driver list...
req            INFO 	Data has been written to cache!
req            INFO 	No cached data found for session_status_data. Loading data...
_api           INFO 	Fetching session status data...
req            INFO 	Data has been written to cache!
req            INFO 	No cached data found for track_status_data. Loading data...
_api           INFO 	Fetching track status data...
req            INFO 	Data has been written to cache!
req            INFO 	No cached data found for _extended_timing_data. Loading data...
_api           INFO 	Fetching timing data...
_api           INFO 	Parsing timing data...
_api        WARNING 	Driver 11: Ignoring late data for a previously processed lap.The data may contain errors (previous: 51; current 52)
req            INFO 	Data has been written to cache!
req            INFO 	No cached data found for timing_app_data. Loading data...
_api           INFO 	Fetching timing app data...
req            INFO 	Data has been written to cache!
core           INFO 	Processing timing data...
core           INFO 	Finished loading data for 20 drivers: ['3', '4', '5', '6', '7', '10', '11', '16', '18', '20', '23', '26', '31', '33', '51', '55', '63', '77', '89', '99']
ok 2020 16
core           INFO 	Loading data for Portuguese Grand Prix - Race [v3.6.1]
req            INFO 	No cached data found for session_info. Loading data...
_api           INFO 	Fetching session info data...
req            INFO 	Data has been written to cache!
req            INFO 	No cached data found for driver_info. Loading data...
_api           INFO 	Fetching driver list...
req            INFO 	Data has been written to cache!
req            INFO 	No cached data found for weather_data. Loading data...
_api           INFO 	Fetching weather data...
req            INFO 	Data has been written to cache!
core           INFO 	Finished loading data for 20 drivers: ['44', '33', '77', '11', '4', '16', '31', '14', '3', '10', '55', '99', '5', '18', '22', '63', '47', '6', '9', '7']
core           INFO 	Loading data for Portuguese Grand Prix - Practice 2 [v3.6.1]
req            INFO 	No cached data found for session_info. Loading data...
_api           INFO 	Fetching session info data...
req            INFO 	Data has been written to cache!
req            INFO 	No cached data found for driver_info. Loading data...
_api           INFO 	Fetching driver list...
req            INFO 	Data has been written to cache!
req            INFO 	No cached data found for session_status_data. Loading data...
_api           INFO 	Fetching session status data...
req            INFO 	Data has been written to cache!
req            INFO 	No cached data found for track_status_data. Loading data...
_api           INFO 	Fetching track status data...
req            INFO 	Data has been written to cache!
req            INFO 	No cached data found for _extended_timing_data. Loading data...
_api           INFO 	Fetching timing data...
_api           INFO 	Parsing timing data...
_api        WARNING 	Driver 10: Ignoring late data for a previously processed lap.The data may contain errors (previous: 15; current 16)
_api        WARNING 	Driver 55: Ignoring late data for a previously processed lap.The data may contain errors (previous: 19; current 20)
req            INFO 	Data has been written to cache!
req            INFO 	No cached data found for timing_app_data. Loading data...
_api           INFO 	Fetching timing app data...
req            INFO 	Data has been written to cache!
core           INFO 	Processing timing data...
core           INFO 	Finished loading data for 20 drivers: ['3', '4', '5', '6', '7', '9', '10', '11', '14', '16', '18', '22', '31', '33', '44', '47', '55', '63', '77', '99']
ok 2021 3
core           INFO 	Loading data for French Grand Prix - Race [v3.6.1]
req            INFO 	No cached data found for session_info. Loading data...
_api           INFO 	Fetching session info data...
req            INFO 	Data has been written to cache!
req            INFO 	No cached data found for driver_info. Loading data...
_api           INFO 	Fetching driver list...
req            INFO 	Data has been written to cache!
req            INFO 	No cached data found for weather_data. Loading data...
_api           INFO 	Fetching weather data...
req            INFO 	Data has been written to cache!
core           INFO 	Finished loading data for 20 drivers: ['33', '44', '11', '77', '4', '3', '10', '14', '5', '18', '55', '63', '22', '31', '99', '16', '7', '6', '47', '9']
core           INFO 	Loading data for French Grand Prix - Practice 2 [v3.6.1]
req            INFO 	No cached data found for session_info. Loading data...
_api           INFO 	Fetching session info data...
req            INFO 	Data has been written to cache!
req            INFO 	No cached data found for driver_info. Loading data...
_api           INFO 	Fetching driver list...
req            INFO 	Data has been written to cache!
req            INFO 	No cached data found for session_status_data. Loading data...
_api           INFO 	Fetching session status data...
req            INFO 	Data has been written to cache!
req            INFO 	No cached data found for track_status_data. Loading data...
_api           INFO 	Fetching track status data...
req            INFO 	Data has been written to cache!
req            INFO 	No cached data found for _extended_timing_data. Loading data...
_api           INFO 	Fetching timing data...
_api           INFO 	Parsing timing data...
req            INFO 	Data has been written to cache!
req            INFO 	No cached data found for timing_app_data. Loading data...
_api           INFO 	Fetching timing app data...
req            INFO 	Data has been written to cache!
core           INFO 	Processing timing data...
core           INFO 	Finished loading data for 20 drivers: ['3', '4', '5', '6', '7', '9', '10', '11', '14', '16', '18', '22', '31', '33', '44', '47', '55', '63', '77', '99']
ok 2021 7
core           INFO 	Loading data for Hungarian Grand Prix - Race [v3.6.1]
req            INFO 	No cached data found for session_info. Loading data...
_api           INFO 	Fetching session info data...
req            INFO 	Data has been written to cache!
req            INFO 	No cached data found for driver_info. Loading data...
_api           INFO 	Fetching driver list...
req            INFO 	Data has been written to cache!
req            INFO 	No cached data found for weather_data. Loading data...
_api           INFO 	Fetching weather data...
req            INFO 	Data has been written to cache!
core           INFO 	Finished loading data for 20 drivers: ['31', '44', '55', '14', '10', '22', '6', '63', '33', '7', '3', '47', '99', '9', '4', '77', '11', '16', '18', '5']
core           INFO 	Loading data for Hungarian Grand Prix - Practice 2 [v3.6.1]
req            INFO 	No cached data found for session_info. Loading data...
_api           INFO 	Fetching session info data...
req            INFO 	Data has been written to cache!
req            INFO 	No cached data found for driver_info. Loading data...
_api           INFO 	Fetching driver list...
req            INFO 	Data has been written to cache!
req            INFO 	No cached data found for session_status_data. Loading data...
_api           INFO 	Fetching session status data...
req            INFO 	Data has been written to cache!
req            INFO 	No cached data found for track_status_data. Loading data...
_api           INFO 	Fetching track status data...
req            INFO 	Data has been written to cache!
req            INFO 	No cached data found for _extended_timing_data. Loading data...
_api           INFO 	Fetching timing data...
_api           INFO 	Parsing timing data...
req            INFO 	Data has been written to cache!
req            INFO 	No cached data found for timing_app_data. Loading data...
_api           INFO 	Fetching timing app data...
req            INFO 	Data has been written to cache!
core           INFO 	Processing timing data...
core           INFO 	Finished loading data for 20 drivers: ['3', '4', '5', '6', '7', '9', '10', '11', '14', '16', '18', '22', '31', '33', '44', '47', '55', '63', '77', '99']
ok 2021 11
core           INFO 	Loading data for Russian Grand Prix - Race [v3.6.1]
req            INFO 	No cached data found for session_info. Loading data...
_api           INFO 	Fetching session info data...
req            INFO 	Data has been written to cache!
req            INFO 	No cached data found for driver_info. Loading data...
_api           INFO 	Fetching driver list...
req            INFO 	Data has been written to cache!
req            INFO 	No cached data found for weather_data. Loading data...
_api           INFO 	Fetching weather data...
req            INFO 	Data has been written to cache!
core           INFO 	Finished loading data for 20 drivers: ['44', '33', '55', '3', '77', '14', '4', '7', '11', '63', '18', '5', '10', '31', '16', '99', '22', '9', '6', '47']
core           INFO 	Loading data for Russian Grand Prix - Practice 2 [v3.6.1]
req            INFO 	No cached data found for session_info. Loading data...
_api           INFO 	Fetching session info data...
req            INFO 	Data has been written to cache!
req            INFO 	No cached data found for driver_info. Loading data...
_api           INFO 	Fetching driver list...
req            INFO 	Data has been written to cache!
req            INFO 	No cached data found for session_status_data. Loading data...
_api           INFO 	Fetching session status data...
req            INFO 	Data has been written to cache!
req            INFO 	No cached data found for track_status_data. Loading data...
_api           INFO 	Fetching track status data...
req            INFO 	Data has been written to cache!
req            INFO 	No cached data found for _extended_timing_data. Loading data...
_api           INFO 	Fetching timing data...
_api           INFO 	Parsing timing data...
req            INFO 	Data has been written to cache!
req            INFO 	No cached data found for timing_app_data. Loading data...
_api           INFO 	Fetching timing app data...
req            INFO 	Data has been written to cache!
core           INFO 	Processing timing data...
core           INFO 	Finished loading data for 20 drivers: ['3', '4', '5', '6', '7', '9', '10', '11', '14', '16', '18', '22', '31', '33', '44', '47', '55', '63', '77', '99']
ok 2021 15
core           INFO 	Loading data for São Paulo Grand Prix - Race [v3.6.1]
req            INFO 	No cached data found for session_info. Loading data...
_api           INFO 	Fetching session info data...
req            INFO 	Data has been written to cache!
req            INFO 	No cached data found for driver_info. Loading data...
_api           INFO 	Fetching driver list...
req            INFO 	Data has been written to cache!
req            INFO 	No cached data found for weather_data. Loading data...
_api           INFO 	Fetching weather data...
req            INFO 	Data has been written to cache!
core           INFO 	Finished loading data for 20 drivers: ['44', '33', '77', '11', '16', '55', '10', '31', '14', '4', '5', '7', '63', '99', '22', '6', '9', '47', '3', '18']
core           INFO 	Loading data for São Paulo Grand Prix - Practice 2 [v3.6.1]
req            INFO 	No cached data found for session_info. Loading data...
_api           INFO 	Fetching session info data...
req            INFO 	Data has been written to cache!
req            INFO 	No cached data found for driver_info. Loading data...
_api           INFO 	Fetching driver list...
req            INFO 	Data has been written to cache!
req            INFO 	No cached data found for session_status_data. Loading data...
_api           INFO 	Fetching session status data...
req            INFO 	Data has been written to cache!
req            INFO 	No cached data found for track_status_data. Loading data...
_api           INFO 	Fetching track status data...
req            INFO 	Data has been written to cache!
req            INFO 	No cached data found for _extended_timing_data. Loading data...
_api           INFO 	Fetching timing data...
_api           INFO 	Parsing timing data...
req            INFO 	Data has been written to cache!
req            INFO 	No cached data found for timing_app_data. Loading data...
_api           INFO 	Fetching timing app data...
req            INFO 	Data has been written to cache!
core           INFO 	Processing timing data...
core           INFO 	Finished loading data for 20 drivers: ['3', '4', '5', '6', '7', '9', '10', '11', '14', '16', '18', '22', '31', '33', '44', '47', '55', '63', '77', '99']
ok 2021 19
core           INFO 	Loading data for Bahrain Grand Prix - Race [v3.6.1]
req            INFO 	No cached data found for session_info. Loading data...
_api           INFO 	Fetching session info data...
req            INFO 	Data has been written to cache!
req            INFO 	No cached data found for driver_info. Loading data...
_api           INFO 	Fetching driver list...
req            INFO 	Data has been written to cache!
req            INFO 	No cached data found for weather_data. Loading data...
_api           INFO 	Fetching weather data...
req            INFO 	Data has been written to cache!
core           INFO 	Finished loading data for 20 drivers: ['16', '55', '44', '63', '20', '77', '31', '22', '14', '24', '47', '18', '23', '3', '4', '6', '27', '11', '1', '10']
core           INFO 	Loading data for Bahrain Grand Prix - Practice 2 [v3.6.1]
req            INFO 	No cached data found for session_info. Loading data...
_api           INFO 	Fetching session info data...
req            INFO 	Data has been written to cache!
req            INFO 	No cached data found for driver_info. Loading data...
_api           INFO 	Fetching driver list...
req            INFO 	Data has been written to cache!
req            INFO 	No cached data found for session_status_data. Loading data...
_api           INFO 	Fetching session status data...
req            INFO 	Data has been written to cache!
req            INFO 	No cached data found for track_status_data. Loading data...
_api           INFO 	Fetching track status data...
req            INFO 	Data has been written to cache!
req            INFO 	No cached data found for _extended_timing_data. Loading data...
_api           INFO 	Fetching timing data...
_api           INFO 	Parsing timing data...
req            INFO 	Data has been written to cache!
req            INFO 	No cached data found for timing_app_data. Loading data...
_api           INFO 	Fetching timing app data...
req            INFO 	Data has been written to cache!
core           INFO 	Processing timing data...
core           INFO 	Finished loading data for 20 drivers: ['1', '3', '4', '6', '10', '11', '14', '16', '18', '20', '22', '23', '24', '27', '31', '44', '47', '55', '63', '77']
ok 2022 1
core           INFO 	Loading data for Miami Grand Prix - Race [v3.6.1]
req            INFO 	No cached data found for session_info. Loading data...
_api           INFO 	Fetching session info data...
req            INFO 	Data has been written to cache!
req            INFO 	No cached data found for driver_info. Loading data...
_api           INFO 	Fetching driver list...
req            INFO 	Data has been written to cache!
req            INFO 	No cached data found for weather_data. Loading data...
_api           INFO 	Fetching weather data...
req            INFO 	Data has been written to cache!
core           INFO 	Finished loading data for 20 drivers: ['1', '16', '55', '11', '63', '44', '77', '31', '23', '18', '14', '22', '3', '6', '47', '20', '5', '10', '4', '24']
core           INFO 	Loading data for Miami Grand Prix - Practice 2 [v3.6.1]
req            INFO 	No cached data found for session_info. Loading data...
_api           INFO 	Fetching session info data...
req            INFO 	Data has been written to cache!
req            INFO 	No cached data found for driver_info. Loading data...
_api           INFO 	Fetching driver list...
req            INFO 	Data has been written to cache!
req            INFO 	No cached data found for session_status_data. Loading data...
_api           INFO 	Fetching session status data...
req            INFO 	Data has been written to cache!
req            INFO 	No cached data found for track_status_data. Loading data...
_api           INFO 	Fetching track status data...
req            INFO 	Data has been written to cache!
req            INFO 	No cached data found for _extended_timing_data. Loading data...
_api           INFO 	Fetching timing data...
_api           INFO 	Parsing timing data...
req            INFO 	Data has been written to cache!
req            INFO 	No cached data found for timing_app_data. Loading data...
_api           INFO 	Fetching timing app data...
req            INFO 	Data has been written to cache!
core           INFO 	Processing timing data...
core        WARNING 	No lap data for driver 77
core        WARNING 	Failed to perform lap accuracy check - all laps marked as inaccurate (driver 77)
core           INFO 	Finished loading data for 20 drivers: ['1', '3', '4', '5', '6', '10', '11', '14', '16', '18', '20', '22', '23', '24', '31', '44', '47', '55', '63', '77']
ok 2022 5
core           INFO 	Loading data for Canadian Grand Prix - Race [v3.6.1]
req            INFO 	No cached data found for session_info. Loading data...
_api           INFO 	Fetching session info data...
req            INFO 	Data has been written to cache!
req            INFO 	No cached data found for driver_info. Loading data...
_api           INFO 	Fetching driver list...
req            INFO 	Data has been written to cache!
req            INFO 	No cached data found for weather_data. Loading data...
_api           INFO 	Fetching weather data...
req            INFO 	Data has been written to cache!
core           INFO 	Finished loading data for 20 drivers: ['1', '55', '44', '63', '16', '31', '77', '24', '14', '18', '3', '5', '23', '10', '4', '6', '20', '22', '47', '11']
core           INFO 	Loading data for Canadian Grand Prix - Practice 2 [v3.6.1]
req            INFO 	No cached data found for session_info. Loading data...
_api           INFO 	Fetching session info data...
req            INFO 	Data has been written to cache!
req            INFO 	No cached data found for driver_info. Loading data...
_api           INFO 	Fetching driver list...
req            INFO 	Data has been written to cache!
req            INFO 	No cached data found for session_status_data. Loading data...
_api           INFO 	Fetching session status data...
req            INFO 	Data has been written to cache!
req            INFO 	No cached data found for track_status_data. Loading data...
_api           INFO 	Fetching track status data...
req            INFO 	Data has been written to cache!
req            INFO 	No cached data found for _extended_timing_data. Loading data...
_api           INFO 	Fetching timing data...
_api           INFO 	Parsing timing data...
req            INFO 	Data has been written to cache!
req            INFO 	No cached data found for timing_app_data. Loading data...
_api           INFO 	Fetching timing app data...
req            INFO 	Data has been written to cache!
core           INFO 	Processing timing data...
core           INFO 	Finished loading data for 20 drivers: ['1', '3', '4', '5', '6', '10', '11', '14', '16', '18', '20', '22', '23', '24', '31', '44', '47', '55', '63', '77']
ok 2022 9
core           INFO 	Loading data for Hungarian Grand Prix - Race [v3.6.1]
req            INFO 	No cached data found for session_info. Loading data...
_api           INFO 	Fetching session info data...
req            INFO 	Data has been written to cache!
req            INFO 	No cached data found for driver_info. Loading data...
_api           INFO 	Fetching driver list...
req            INFO 	Data has been written to cache!
req            INFO 	No cached data found for weather_data. Loading data...
_api           INFO 	Fetching weather data...
req            INFO 	Data has been written to cache!
core           INFO 	Finished loading data for 20 drivers: ['1', '44', '63', '55', '11', '16', '4', '14', '31', '5', '18', '10', '24', '47', '3', '20', '23', '6', '22', '77']
core           INFO 	Loading data for Hungarian Grand Prix - Practice 2 [v3.6.1]
req            INFO 	No cached data found for session_info. Loading data...
_api           INFO 	Fetching session info data...
req            INFO 	Data has been written to cache!
req            INFO 	No cached data found for driver_info. Loading data...
_api           INFO 	Fetching driver list...
req            INFO 	Data has been written to cache!
req            INFO 	No cached data found for session_status_data. Loading data...
_api           INFO 	Fetching session status data...
req            INFO 	Data has been written to cache!
req            INFO 	No cached data found for track_status_data. Loading data...
_api           INFO 	Fetching track status data...
req            INFO 	Data has been written to cache!
req            INFO 	No cached data found for _extended_timing_data. Loading data...
_api           INFO 	Fetching timing data...
_api           INFO 	Parsing timing data...
_api        WARNING 	Driver 44: Ignoring late data for a previously processed lap.The data may contain errors (previous: 12; current 13)
req            INFO 	Data has been written to cache!
req            INFO 	No cached data found for timing_app_data. Loading data...
_api           INFO 	Fetching timing app data...
req            INFO 	Data has been written to cache!
core           INFO 	Processing timing data...
core           INFO 	Finished loading data for 20 drivers: ['1', '3', '4', '5', '6', '10', '11', '14', '16', '18', '20', '22', '23', '24', '31', '44', '47', '55', '63', '77']
ok 2022 13
core           INFO 	Loading data for Singapore Grand Prix - Race [v3.6.1]
req            INFO 	No cached data found for session_info. Loading data...
_api           INFO 	Fetching session info data...
req            INFO 	Data has been written to cache!
req            INFO 	No cached data found for driver_info. Loading data...
_api           INFO 	Fetching driver list...
req            INFO 	Data has been written to cache!
req            INFO 	No cached data found for weather_data. Loading data...
_api           INFO 	Fetching weather data...
req            INFO 	Data has been written to cache!
core           INFO 	Finished loading data for 20 drivers: ['11', '16', '55', '4', '3', '18', '1', '5', '44', '10', '77', '20', '47', '63', '22', '31', '23', '14', '6', '24']
core           INFO 	Loading data for Singapore Grand Prix - Practice 2 [v3.6.1]
req            INFO 	No cached data found for session_info. Loading data...
_api           INFO 	Fetching session info data...
req            INFO 	Data has been written to cache!
req            INFO 	No cached data found for driver_info. Loading data...
_api           INFO 	Fetching driver list...
req            INFO 	Data has been written to cache!
req            INFO 	No cached data found for session_status_data. Loading data...
_api           INFO 	Fetching session status data...
req            INFO 	Data has been written to cache!
req            INFO 	No cached data found for track_status_data. Loading data...
_api           INFO 	Fetching track status data...
req            INFO 	Data has been written to cache!
req            INFO 	No cached data found for _extended_timing_data. Loading data...
_api           INFO 	Fetching timing data...
_api           INFO 	Parsing timing data...
req            INFO 	Data has been written to cache!
req            INFO 	No cached data found for timing_app_data. Loading data...
_api           INFO 	Fetching timing app data...
req            INFO 	Data has been written to cache!
core           INFO 	Processing timing data...
core           INFO 	Finished loading data for 20 drivers: ['1', '3', '4', '5', '6', '10', '11', '14', '16', '18', '20', '22', '23', '24', '31', '44', '47', '55', '63', '77']
ok 2022 17
core           INFO 	Loading data for São Paulo Grand Prix - Race [v3.6.1]
req            INFO 	No cached data found for session_info. Loading data...
_api           INFO 	Fetching session info data...
req            INFO 	Data has been written to cache!
req            INFO 	No cached data found for driver_info. Loading data...
_api           INFO 	Fetching driver list...
req            INFO 	Data has been written to cache!
req            INFO 	No cached data found for weather_data. Loading data...
_api           INFO 	Fetching weather data...
req            INFO 	Data has been written to cache!
core           INFO 	Finished loading data for 20 drivers: ['63', '44', '55', '16', '14', '1', '11', '31', '77', '18', '5', '24', '47', '10', '23', '6', '22', '4', '20', '3']
core           INFO 	Loading data for São Paulo Grand Prix - Practice 2 [v3.6.1]
req            INFO 	No cached data found for session_info. Loading data...
_api           INFO 	Fetching session info data...
req            INFO 	Data has been written to cache!
req            INFO 	No cached data found for driver_info. Loading data...
_api           INFO 	Fetching driver list...
req            INFO 	Data has been written to cache!
req            INFO 	No cached data found for session_status_data. Loading data...
_api           INFO 	Fetching session status data...
req            INFO 	Data has been written to cache!
req            INFO 	No cached data found for track_status_data. Loading data...
_api           INFO 	Fetching track status data...
req            INFO 	Data has been written to cache!
req            INFO 	No cached data found for _extended_timing_data. Loading data...
_api           INFO 	Fetching timing data...
_api           INFO 	Parsing timing data...
req            INFO 	Data has been written to cache!
req            INFO 	No cached data found for timing_app_data. Loading data...
_api           INFO 	Fetching timing app data...
req            INFO 	Data has been written to cache!
core           INFO 	Processing timing data...
core           INFO 	Finished loading data for 20 drivers: ['1', '3', '4', '5', '6', '10', '11', '14', '16', '18', '20', '22', '24', '31', '44', '45', '47', '55', '63', '77']
ok 2022 21
core           INFO 	Loading data for Australian Grand Prix - Race [v3.6.1]
req            INFO 	No cached data found for session_info. Loading data...
_api           INFO 	Fetching session info data...
req            INFO 	Data has been written to cache!
req            INFO 	No cached data found for driver_info. Loading data...
_api           INFO 	Fetching driver list...
req            INFO 	Data has been written to cache!
req            INFO 	No cached data found for weather_data. Loading data...
_api           INFO 	Fetching weather data...
req            INFO 	Data has been written to cache!
core           INFO 	Finished loading data for 20 drivers: ['1', '44', '14', '18', '11', '4', '27', '81', '24', '22', '77', '55', '10', '31', '21', '2', '20', '63', '23', '16']
core           INFO 	Loading data for Australian Grand Prix - Practice 2 [v3.6.1]
req            INFO 	No cached data found for session_info. Loading data...
_api           INFO 	Fetching session info data...
req            INFO 	Data has been written to cache!
req            INFO 	No cached data found for driver_info. Loading data...
_api           INFO 	Fetching driver list...
req            INFO 	Data has been written to cache!
req            INFO 	No cached data found for session_status_data. Loading data...
_api           INFO 	Fetching session status data...
req            INFO 	Data has been written to cache!
req            INFO 	No cached data found for track_status_data. Loading data...
_api           INFO 	Fetching track status data...
req            INFO 	Data has been written to cache!
req            INFO 	No cached data found for _extended_timing_data. Loading data...
_api           INFO 	Fetching timing data...
_api           INFO 	Parsing timing data...
req            INFO 	Data has been written to cache!
req            INFO 	No cached data found for timing_app_data. Loading data...
_api           INFO 	Fetching timing app data...
req            INFO 	Data has been written to cache!
core           INFO 	Processing timing data...
core        WARNING 	No lap data for driver 2
core        WARNING 	Failed to perform lap accuracy check - all laps marked as inaccurate (driver 2)
core           INFO 	Finished loading data for 20 drivers: ['1', '2', '4', '10', '11', '14', '16', '18', '20', '21', '22', '23', '24', '27', '31', '44', '55', '63', '77', '81']
ok 2023 3
core           INFO 	Loading data for Spanish Grand Prix - Race [v3.6.1]
req            INFO 	No cached data found for session_info. Loading data...
_api           INFO 	Fetching session info data...
req            INFO 	Data has been written to cache!
req            INFO 	No cached data found for driver_info. Loading data...
_api           INFO 	Fetching driver list...
req            INFO 	Data has been written to cache!
req            INFO 	No cached data found for weather_data. Loading data...
_api           INFO 	Fetching weather data...
req            INFO 	Data has been written to cache!
core           INFO 	Finished loading data for 20 drivers: ['1', '44', '63', '11', '55', '18', '14', '31', '24', '10', '16', '22', '81', '21', '27', '23', '4', '20', '77', '2']
core           INFO 	Loading data for Spanish Grand Prix - Practice 2 [v3.6.1]
req            INFO 	No cached data found for session_info. Loading data...
_api           INFO 	Fetching session info data...
req            INFO 	Data has been written to cache!
req            INFO 	No cached data found for driver_info. Loading data...
_api           INFO 	Fetching driver list...
req            INFO 	Data has been written to cache!
req            INFO 	No cached data found for session_status_data. Loading data...
_api           INFO 	Fetching session status data...
req            INFO 	Data has been written to cache!
req            INFO 	No cached data found for track_status_data. Loading data...
_api           INFO 	Fetching track status data...
req            INFO 	Data has been written to cache!
req            INFO 	No cached data found for _extended_timing_data. Loading data...
_api           INFO 	Fetching timing data...
_api           INFO 	Parsing timing data...
req            INFO 	Data has been written to cache!
req            INFO 	No cached data found for timing_app_data. Loading data...
_api           INFO 	Fetching timing app data...
req            INFO 	Data has been written to cache!
core           INFO 	Processing timing data...
core           INFO 	Finished loading data for 20 drivers: ['1', '2', '4', '10', '11', '14', '16', '18', '20', '21', '22', '23', '24', '27', '31', '44', '55', '63', '77', '81']
ok 2023 7
core           INFO 	Loading data for Hungarian Grand Prix - Race [v3.6.1]
req            INFO 	No cached data found for session_info. Loading data...
_api           INFO 	Fetching session info data...
req            INFO 	Data has been written to cache!
req            INFO 	No cached data found for driver_info. Loading data...
_api           INFO 	Fetching driver list...
req            INFO 	Data has been written to cache!
req            INFO 	No cached data found for weather_data. Loading data...
_api           INFO 	Fetching weather data...
req            INFO 	Data has been written to cache!
core           INFO 	Finished loading data for 20 drivers: ['1', '4', '11', '44', '81', '63', '16', '55', '14', '18', '23', '77', '3', '27', '22', '24', '20', '2', '31', '10']
core           INFO 	Loading data for Hungarian Grand Prix - Practice 2 [v3.6.1]
req            INFO 	No cached data found for session_info. Loading data...
_api           INFO 	Fetching session info data...
req            INFO 	Data has been written to cache!
req            INFO 	No cached data found for driver_info. Loading data...
_api           INFO 	Fetching driver list...
req            INFO 	Data has been written to cache!
req            INFO 	No cached data found for session_status_data. Loading data...
_api           INFO 	Fetching session status data...
req            INFO 	Data has been written to cache!
req            INFO 	No cached data found for track_status_data. Loading data...
_api           INFO 	Fetching track status data...
req            INFO 	Data has been written to cache!
req            INFO 	No cached data found for _extended_timing_data. Loading data...
_api           INFO 	Fetching timing data...
_api           INFO 	Parsing timing data...
req            INFO 	Data has been written to cache!
req            INFO 	No cached data found for timing_app_data. Loading data...
_api           INFO 	Fetching timing app data...
req            INFO 	Data has been written to cache!
core           INFO 	Processing timing data...
core           INFO 	Finished loading data for 20 drivers: ['1', '2', '3', '4', '10', '11', '14', '16', '18', '20', '22', '23', '24', '27', '31', '44', '55', '63', '77', '81']
ok 2023 11
core           INFO 	Loading data for Singapore Grand Prix - Race [v3.6.1]
req            INFO 	No cached data found for session_info. Loading data...
_api           INFO 	Fetching session info data...
req            INFO 	Data has been written to cache!
req            INFO 	No cached data found for driver_info. Loading data...
_api           INFO 	Fetching driver list...
req            INFO 	Data has been written to cache!
req            INFO 	No cached data found for weather_data. Loading data...
_api           INFO 	Fetching weather data...
req            INFO 	Data has been written to cache!
core           INFO 	Finished loading data for 20 drivers: ['55', '4', '44', '16', '1', '10', '81', '11', '40', '20', '23', '24', '27', '2', '14', '63', '77', '31', '22', '18']
core           INFO 	Loading data for Singapore Grand Prix - Practice 2 [v3.6.1]
req            INFO 	No cached data found for session_info. Loading data...
_api           INFO 	Fetching session info data...
req            INFO 	Data has been written to cache!
req            INFO 	No cached data found for driver_info. Loading data...
_api           INFO 	Fetching driver list...
req            INFO 	Data has been written to cache!
req            INFO 	No cached data found for session_status_data. Loading data...
_api           INFO 	Fetching session status data...
req            INFO 	Data has been written to cache!
req            INFO 	No cached data found for track_status_data. Loading data...
_api           INFO 	Fetching track status data...
req            INFO 	Data has been written to cache!
req            INFO 	No cached data found for _extended_timing_data. Loading data...
_api           INFO 	Fetching timing data...
_api           INFO 	Parsing timing data...
req            INFO 	Data has been written to cache!
req            INFO 	No cached data found for timing_app_data. Loading data...
_api           INFO 	Fetching timing app data...
req            INFO 	Data has been written to cache!
core           INFO 	Processing timing data...
core           INFO 	Finished loading data for 20 drivers: ['1', '2', '4', '10', '11', '14', '16', '18', '20', '22', '23', '24', '27', '31', '40', '44', '55', '63', '77', '81']
ok 2023 15
core           INFO 	Loading data for Mexico City Grand Prix - Race [v3.6.1]
req            INFO 	No cached data found for session_info. Loading data...
_api           INFO 	Fetching session info data...
req            INFO 	Data has been written to cache!
req            INFO 	No cached data found for driver_info. Loading data...
_api           INFO 	Fetching driver list...
req            INFO 	Data has been written to cache!
req            INFO 	No cached data found for weather_data. Loading data...
_api           INFO 	Fetching weather data...
req            INFO 	Data has been written to cache!
core           INFO 	Finished loading data for 20 drivers: ['1', '44', '16', '55', '4', '63', '3', '81', '23', '31', '10', '22', '27', '24', '77', '2', '18', '14', '20', '11']
core           INFO 	Loading data for Mexico City Grand Prix - Practice 2 [v3.6.1]
req            INFO 	No cached data found for session_info. Loading data...
_api           INFO 	Fetching session info data...
req            INFO 	Data has been written to cache!
req            INFO 	No cached data found for driver_info. Loading data...
_api           INFO 	Fetching driver list...
req            INFO 	Data has been written to cache!
req            INFO 	No cached data found for session_status_data. Loading data...
_api           INFO 	Fetching session status data...
req            INFO 	Data has been written to cache!
req            INFO 	No cached data found for track_status_data. Loading data...
_api           INFO 	Fetching track status data...
req            INFO 	Data has been written to cache!
req            INFO 	No cached data found for _extended_timing_data. Loading data...
_api           INFO 	Fetching timing data...
_api           INFO 	Parsing timing data...
req            INFO 	Data has been written to cache!
req            INFO 	No cached data found for timing_app_data. Loading data...
_api           INFO 	Fetching timing app data...
req            INFO 	Data has been written to cache!
core           INFO 	Processing timing data...
core           INFO 	Finished loading data for 20 drivers: ['1', '2', '3', '4', '10', '11', '14', '16', '18', '20', '22', '23', '24', '27', '31', '44', '55', '63', '77', '81']
ok 2023 19
core           INFO 	Loading data for Bahrain Grand Prix - Race [v3.6.1]
req            INFO 	No cached data found for session_info. Loading data...
_api           INFO 	Fetching session info data...
req            INFO 	Data has been written to cache!
req            INFO 	No cached data found for driver_info. Loading data...
_api           INFO 	Fetching driver list...
req            INFO 	Data has been written to cache!
req            INFO 	No cached data found for weather_data. Loading data...
_api           INFO 	Fetching weather data...
req            INFO 	Data has been written to cache!
core           INFO 	Finished loading data for 20 drivers: ['1', '11', '55', '16', '63', '4', '44', '81', '14', '18', '24', '20', '3', '22', '23', '27', '31', '10', '77', '2']
core           INFO 	Loading data for Bahrain Grand Prix - Practice 2 [v3.6.1]
req            INFO 	No cached data found for session_info. Loading data...
_api           INFO 	Fetching session info data...
req            INFO 	Data has been written to cache!
req            INFO 	No cached data found for driver_info. Loading data...
_api           INFO 	Fetching driver list...
req            INFO 	Data has been written to cache!
req            INFO 	No cached data found for session_status_data. Loading data...
_api           INFO 	Fetching session status data...
req            INFO 	Data has been written to cache!
req            INFO 	No cached data found for track_status_data. Loading data...
_api           INFO 	Fetching track status data...
req            INFO 	Data has been written to cache!
req            INFO 	No cached data found for _extended_timing_data. Loading data...
_api           INFO 	Fetching timing data...
_api           INFO 	Parsing timing data...
req            INFO 	Data has been written to cache!
req            INFO 	No cached data found for timing_app_data. Loading data...
_api           INFO 	Fetching timing app data...
req            INFO 	Data has been written to cache!
core           INFO 	Processing timing data...
core           INFO 	Finished loading data for 20 drivers: ['1', '2', '3', '4', '10', '11', '14', '16', '18', '20', '22', '23', '24', '27', '31', '44', '55', '63', '77', '81']
ok 2024 1
core           INFO 	Loading data for Chinese Grand Prix - Race [v3.6.1]
req            INFO 	No cached data found for session_info. Loading data...
_api           INFO 	Fetching session info data...
req            INFO 	Data has been written to cache!
req            INFO 	No cached data found for driver_info. Loading data...
_api           INFO 	Fetching driver list...
req            INFO 	Data has been written to cache!
req            INFO 	No cached data found for weather_data. Loading data...
_api           INFO 	Fetching weather data...
req            INFO 	Data has been written to cache!
core           INFO 	Finished loading data for 20 drivers: ['1', '4', '11', '16', '55', '63', '14', '81', '44', '27', '31', '23', '10', '24', '18', '20', '2', '3', '22', '77']
core           INFO 	Loading data for Chinese Grand Prix - Practice 1 [v3.6.1]
req            INFO 	No cached data found for session_info. Loading data...
_api           INFO 	Fetching session info data...
req            INFO 	Data has been written to cache!
req            INFO 	No cached data found for driver_info. Loading data...
_api           INFO 	Fetching driver list...
req            INFO 	Data has been written to cache!
req            INFO 	No cached data found for session_status_data. Loading data...
_api           INFO 	Fetching session status data...
req            INFO 	Data has been written to cache!
req            INFO 	No cached data found for track_status_data. Loading data...
_api           INFO 	Fetching track status data...
req            INFO 	Data has been written to cache!
req            INFO 	No cached data found for _extended_timing_data. Loading data...
_api           INFO 	Fetching timing data...
_api           INFO 	Parsing timing data...
req            INFO 	Data has been written to cache!
req            INFO 	No cached data found for timing_app_data. Loading data...
_api           INFO 	Fetching timing app data...
req            INFO 	Data has been written to cache!
core           INFO 	Processing timing data...
core           INFO 	Finished loading data for 20 drivers: ['1', '2', '3', '4', '10', '11', '14', '16', '18', '20', '22', '23', '24', '27', '31', '44', '55', '63', '77', '81']
ok 2024 5
core           INFO 	Loading data for Canadian Grand Prix - Race [v3.6.1]
req            INFO 	No cached data found for session_info. Loading data...
_api           INFO 	Fetching session info data...
req            INFO 	Data has been written to cache!
req            INFO 	No cached data found for driver_info. Loading data...
_api           INFO 	Fetching driver list...
req            INFO 	Data has been written to cache!
req            INFO 	No cached data found for weather_data. Loading data...
_api           INFO 	Fetching weather data...
req            INFO 	Data has been written to cache!
core           INFO 	Finished loading data for 20 drivers: ['1', '4', '63', '44', '81', '14', '18', '3', '10', '31', '27', '20', '77', '22', '24', '55', '23', '11', '16', '2']
core           INFO 	Loading data for Canadian Grand Prix - Practice 2 [v3.6.1]
req            INFO 	No cached data found for session_info. Loading data...
_api           INFO 	Fetching session info data...
req            INFO 	Data has been written to cache!
req            INFO 	No cached data found for driver_info. Loading data...
_api           INFO 	Fetching driver list...
req            INFO 	Data has been written to cache!
req            INFO 	No cached data found for session_status_data. Loading data...
_api           INFO 	Fetching session status data...
req            INFO 	Data has been written to cache!
req            INFO 	No cached data found for track_status_data. Loading data...
_api           INFO 	Fetching track status data...
req            INFO 	Data has been written to cache!
req            INFO 	No cached data found for _extended_timing_data. Loading data...
_api           INFO 	Fetching timing data...
_api           INFO 	Parsing timing data...
req            INFO 	Data has been written to cache!
req            INFO 	No cached data found for timing_app_data. Loading data...
_api           INFO 	Fetching timing app data...
req            INFO 	Data has been written to cache!
core           INFO 	Processing timing data...
core           INFO 	Finished loading data for 20 drivers: ['1', '2', '3', '4', '10', '11', '14', '16', '18', '20', '22', '23', '24', '27', '31', '44', '55', '63', '77', '81']
ok 2024 9
core           INFO 	Loading data for Hungarian Grand Prix - Race [v3.6.1]
req            INFO 	No cached data found for session_info. Loading data...
_api           INFO 	Fetching session info data...
req            INFO 	Data has been written to cache!
req            INFO 	No cached data found for driver_info. Loading data...
_api           INFO 	Fetching driver list...
req            INFO 	Data has been written to cache!
req            INFO 	No cached data found for weather_data. Loading data...
_api           INFO 	Fetching weather data...
req            INFO 	Data has been written to cache!
core           INFO 	Finished loading data for 20 drivers: ['81', '4', '44', '16', '1', '55', '11', '63', '22', '18', '14', '3', '27', '23', '20', '77', '2', '31', '24', '10']
core           INFO 	Loading data for Hungarian Grand Prix - Practice 2 [v3.6.1]
req            INFO 	No cached data found for session_info. Loading data...
_api           INFO 	Fetching session info data...
req            INFO 	Data has been written to cache!
req            INFO 	No cached data found for driver_info. Loading data...
_api           INFO 	Fetching driver list...
req            INFO 	Data has been written to cache!
req            INFO 	No cached data found for session_status_data. Loading data...
_api           INFO 	Fetching session status data...
req            INFO 	Data has been written to cache!
req            INFO 	No cached data found for track_status_data. Loading data...
_api           INFO 	Fetching track status data...
req            INFO 	Data has been written to cache!
req            INFO 	No cached data found for _extended_timing_data. Loading data...
_api           INFO 	Fetching timing data...
_api           INFO 	Parsing timing data...
req            INFO 	Data has been written to cache!
req            INFO 	No cached data found for timing_app_data. Loading data...
_api           INFO 	Fetching timing app data...
req            INFO 	Data has been written to cache!
core           INFO 	Processing timing data...
core           INFO 	Finished loading data for 20 drivers: ['1', '2', '3', '4', '10', '11', '14', '16', '18', '20', '22', '23', '24', '27', '31', '44', '55', '63', '77', '81']
ok 2024 13
core           INFO 	Loading data for Azerbaijan Grand Prix - Race [v3.6.1]
req            INFO 	No cached data found for session_info. Loading data...
_api           INFO 	Fetching session info data...
req            INFO 	Data has been written to cache!
req            INFO 	No cached data found for driver_info. Loading data...
_api           INFO 	Fetching driver list...
req            INFO 	Data has been written to cache!
req            INFO 	No cached data found for weather_data. Loading data...
_api           INFO 	Fetching weather data...
req            INFO 	Data has been written to cache!
core           INFO 	Finished loading data for 20 drivers: ['81', '16', '63', '4', '1', '14', '23', '43', '44', '50', '27', '10', '3', '24', '31', '77', '11', '55', '18', '22']
core           INFO 	Loading data for Azerbaijan Grand Prix - Practice 2 [v3.6.1]
req            INFO 	No cached data found for session_info. Loading data...
_api           INFO 	Fetching session info data...
req            INFO 	Data has been written to cache!
req            INFO 	No cached data found for driver_info. Loading data...
_api           INFO 	Fetching driver list...
req            INFO 	Data has been written to cache!
req            INFO 	No cached data found for session_status_data. Loading data...
_api           INFO 	Fetching session status data...
req            INFO 	Data has been written to cache!
req            INFO 	No cached data found for track_status_data. Loading data...
_api           INFO 	Fetching track status data...
req            INFO 	Data has been written to cache!
req            INFO 	No cached data found for _extended_timing_data. Loading data...
_api           INFO 	Fetching timing data...
_api           INFO 	Parsing timing data...
req            INFO 	Data has been written to cache!
req            INFO 	No cached data found for timing_app_data. Loading data...
_api           INFO 	Fetching timing app data...
req            INFO 	Data has been written to cache!
core           INFO 	Processing timing data...
core           INFO 	Finished loading data for 20 drivers: ['1', '3', '4', '10', '11', '14', '16', '18', '22', '23', '24', '27', '31', '43', '44', '50', '55', '63', '77', '81']
ok 2024 17
core           INFO 	Loading data for São Paulo Grand Prix - Race [v3.6.1]
req            INFO 	No cached data found for session_info. Loading data...
_api           INFO 	Fetching session info data...
req            INFO 	Data has been written to cache!
req            INFO 	No cached data found for driver_info. Loading data...
_api           INFO 	Fetching driver list...
req            INFO 	Data has been written to cache!
req            INFO 	No cached data found for weather_data. Loading data...
_api           INFO 	Fetching weather data...
req            INFO 	Data has been written to cache!
core           INFO 	Finished loading data for 20 drivers: ['1', '31', '10', '63', '16', '4', '22', '81', '30', '44', '11', '50', '77', '14', '24', '55', '43', '23', '18', '27']
core           INFO 	Loading data for São Paulo Grand Prix - Practice 1 [v3.6.1]
req            INFO 	No cached data found for session_info. Loading data...
_api           INFO 	Fetching session info data...
req            INFO 	Data has been written to cache!
req            INFO 	No cached data found for driver_info. Loading data...
_api           INFO 	Fetching driver list...
req            INFO 	Data has been written to cache!
req            INFO 	No cached data found for session_status_data. Loading data...
_api           INFO 	Fetching session status data...
req            INFO 	Data has been written to cache!
req            INFO 	No cached data found for track_status_data. Loading data...
_api           INFO 	Fetching track status data...
req            INFO 	Data has been written to cache!
req            INFO 	No cached data found for _extended_timing_data. Loading data...
_api           INFO 	Fetching timing data...
logger      WARNING 	Failed to load timing data!
core           INFO 	Finished loading data for 20 drivers: ['1', '4', '10', '11', '14', '16', '18', '22', '23', '24', '27', '30', '31', '43', '44', '50', '55', '63', '77', '81']
FAIL practice 2024 21 DataNotLoadedError('The data you are trying to access has not been loaded yet. See `Session.load`')
ok 2024 21
logger      WARNING 	Failed to load schedule from FastF1 backend!
req            INFO 	No cached data found for season_schedule. Loading data...
_api           INFO 	Fetching season schedule...
logger      WARNING 	Failed to load schedule from F1 API backend!
core           INFO 	Loading data for Australian Grand Prix - Race [v3.6.1]
req            INFO 	No cached data found for session_info. Loading data...
_api           INFO 	Fetching session info data...
req            INFO 	Data has been written to cache!
req            INFO 	No cached data found for driver_info. Loading data...
_api           INFO 	Fetching driver list...
req            INFO 	Data has been written to cache!
req            INFO 	No cached data found for weather_data. Loading data...
_api           INFO 	Fetching weather data...
req            INFO 	Data has been written to cache!
core           INFO 	Finished loading data for 20 drivers: ['4', '1', '63', '12', '23', '18', '27', '16', '81', '44', '10', '22', '31', '87', '30', '5', '14', '55', '7', '6']
core           INFO 	Loading data for Australian Grand Prix - Practice 2 [v3.6.1]
req            INFO 	No cached data found for session_info. Loading data...
_api           INFO 	Fetching session info data...
req            INFO 	Data has been written to cache!
req            INFO 	No cached data found for driver_info. Loading data...
_api           INFO 	Fetching driver list...
req            INFO 	Data has been written to cache!
req            INFO 	No cached data found for session_status_data. Loading data...
_api           INFO 	Fetching session status data...
req            INFO 	Data has been written to cache!
req            INFO 	No cached data found for track_status_data. Loading data...
_api           INFO 	Fetching track status data...
req            INFO 	Data has been written to cache!
req            INFO 	No cached data found for _extended_timing_data. Loading data...
_api           INFO 	Fetching timing data...
_api           INFO 	Parsing timing data...
req            INFO 	Data has been written to cache!
req            INFO 	No cached data found for timing_app_data. Loading data...
_api           INFO 	Fetching timing app data...
req            INFO 	Data has been written to cache!
core           INFO 	Processing timing data...
core        WARNING 	No lap data for driver 87
core        WARNING 	Failed to perform lap accuracy check - all laps marked as inaccurate (driver 87)
core           INFO 	Finished loading data for 20 drivers: ['1', '4', '5', '6', '7', '10', '12', '14', '16', '18', '22', '23', '27', '30', '31', '44', '55', '63', '81', '87']
ok 2025 1
core           INFO 	Loading data for Saudi Arabian Grand Prix - Race [v3.6.1]
req            INFO 	No cached data found for session_info. Loading data...
_api           INFO 	Fetching session info data...
req            INFO 	Data has been written to cache!
req            INFO 	No cached data found for driver_info. Loading data...
_api           INFO 	Fetching driver list...
req            INFO 	Data has been written to cache!
req            INFO 	No cached data found for weather_data. Loading data...
_api           INFO 	Fetching weather data...
req            INFO 	Data has been written to cache!
core           INFO 	Finished loading data for 20 drivers: ['81', '1', '16', '4', '63', '12', '44', '55', '23', '6', '14', '30', '87', '31', '27', '18', '7', '5', '22', '10']
core           INFO 	Loading data for Saudi Arabian Grand Prix - Practice 2 [v3.6.1]
req            INFO 	No cached data found for session_info. Loading data...
_api           INFO 	Fetching session info data...
req            INFO 	Data has been written to cache!
req            INFO 	No cached data found for driver_info. Loading data...
_api           INFO 	Fetching driver list...
req            INFO 	Data has been written to cache!
req            INFO 	No cached data found for session_status_data. Loading data...
_api           INFO 	Fetching session status data...
req            INFO 	Data has been written to cache!
req            INFO 	No cached data found for track_status_data. Loading data...
_api           INFO 	Fetching track status data...
req            INFO 	Data has been written to cache!
req            INFO 	No cached data found for _extended_timing_data. Loading data...
_api           INFO 	Fetching timing data...
_api           INFO 	Parsing timing data...
req            INFO 	Data has been written to cache!
req            INFO 	No cached data found for timing_app_data. Loading data...
_api           INFO 	Fetching timing app data...
req            INFO 	Data has been written to cache!
core           INFO 	Processing timing data...
core        WARNING 	No lap data for driver 5
core        WARNING 	Failed to perform lap accuracy check - all laps marked as inaccurate (driver 5)
core           INFO 	Finished loading data for 20 drivers: ['1', '4', '5', '6', '7', '10', '12', '14', '16', '18', '22', '23', '27', '30', '31', '44', '55', '63', '81', '87']
ok 2025 5
core           INFO 	Loading data for Spanish Grand Prix - Race [v3.6.1]
req            INFO 	No cached data found for session_info. Loading data...
_api           INFO 	Fetching session info data...
req            INFO 	Data has been written to cache!
req            INFO 	No cached data found for driver_info. Loading data...
_api           INFO 	Fetching driver list...
req            INFO 	Data has been written to cache!
req            INFO 	No cached data found for weather_data. Loading data...
_api           INFO 	Fetching weather data...
req            INFO 	Data has been written to cache!
core           INFO 	Finished loading data for 19 drivers: ['81', '4', '16', '63', '27', '44', '6', '10', '14', '1', '30', '5', '22', '55', '43', '31', '87', '12', '23']
core           INFO 	Loading data for Spanish Grand Prix - Practice 2 [v3.6.1]
req            INFO 	No cached data found for session_info. Loading data...
_api           INFO 	Fetching session info data...
req            INFO 	Data has been written to cache!
req            INFO 	No cached data found for driver_info. Loading data...
_api           INFO 	Fetching driver list...
req            INFO 	Data has been written to cache!
req            INFO 	No cached data found for session_status_data. Loading data...
_api           INFO 	Fetching session status data...
req            INFO 	Data has been written to cache!
req            INFO 	No cached data found for track_status_data. Loading data...
_api           INFO 	Fetching track status data...
req            INFO 	Data has been written to cache!
req            INFO 	No cached data found for _extended_timing_data. Loading data...
_api           INFO 	Fetching timing data...
_api           INFO 	Parsing timing data...
req            INFO 	Data has been written to cache!
req            INFO 	No cached data found for timing_app_data. Loading data...
_api           INFO 	Fetching timing app data...
req            INFO 	Data has been written to cache!
core           INFO 	Processing timing data...
core           INFO 	Finished loading data for 20 drivers: ['1', '4', '5', '6', '10', '12', '14', '16', '18', '22', '23', '27', '30', '31', '43', '44', '55', '63', '81', '87']
ok 2025 9
core           INFO 	Loading data for Belgian Grand Prix - Race [v3.6.1]
req            INFO 	No cached data found for session_info. Loading data...
_api           INFO 	Fetching session info data...
req            INFO 	Data has been written to cache!
req            INFO 	No cached data found for driver_info. Loading data...
_api           INFO 	Fetching driver list...
req            INFO 	Data has been written to cache!
req            INFO 	No cached data found for weather_data. Loading data...
_api           INFO 	Fetching weather data...
req            INFO 	Data has been written to cache!
core           INFO 	Finished loading data for 20 drivers: ['81', '4', '16', '1', '63', '23', '44', '30', '5', '10', '87', '27', '22', '18', '31', '12', '14', '55', '43', '6']
core           INFO 	Loading data for Belgian Grand Prix - Practice 1 [v3.6.1]
req            INFO 	No cached data found for session_info. Loading data...
_api           INFO 	Fetching session info data...
req            INFO 	Data has been written to cache!
req            INFO 	No cached data found for driver_info. Loading data...
_api           INFO 	Fetching driver list...
req            INFO 	Data has been written to cache!
req            INFO 	No cached data found for session_status_data. Loading data...
_api           INFO 	Fetching session status data...
req            INFO 	Data has been written to cache!
req            INFO 	No cached data found for track_status_data. Loading data...
_api           INFO 	Fetching track status data...
req            INFO 	Data has been written to cache!
req            INFO 	No cached data found for _extended_timing_data. Loading data...
_api           INFO 	Fetching timing data...
_api           INFO 	Parsing timing data...
req            INFO 	Data has been written to cache!
req            INFO 	No cached data found for timing_app_data. Loading data...
_api           INFO 	Fetching timing app data...
req            INFO 	Data has been written to cache!
core           INFO 	Processing timing data...
core           INFO 	Finished loading data for 20 drivers: ['1', '4', '5', '6', '10', '12', '14', '16', '18', '22', '23', '27', '30', '31', '43', '44', '55', '63', '81', '87']
ok 2025 13
core           INFO 	Loading data for Azerbaijan Grand Prix - Race [v3.6.1]
req            INFO 	No cached data found for session_info. Loading data...
_api           INFO 	Fetching session info data...
req            INFO 	Data has been written to cache!
req            INFO 	No cached data found for driver_info. Loading data...
_api           INFO 	Fetching driver list...
req            INFO 	Data has been written to cache!
req            INFO 	No cached data found for weather_data. Loading data...
_api           INFO 	Fetching weather data...
req            INFO 	Data has been written to cache!
core           INFO 	Finished loading data for 20 drivers: ['1', '63', '55', '12', '30', '22', '4', '44', '16', '6', '5', '87', '23', '31', '14', '27', '18', '10', '43', '81']
core           INFO 	Loading data for Azerbaijan Grand Prix - Practice 2 [v3.6.1]
req            INFO 	No cached data found for session_info. Loading data...
_api           INFO 	Fetching session info data...
req            INFO 	Data has been written to cache!
req            INFO 	No cached data found for driver_info. Loading data...
_api           INFO 	Fetching driver list...
req            INFO 	Data has been written to cache!
req            INFO 	No cached data found for session_status_data. Loading data...
_api           INFO 	Fetching session status data...
req            INFO 	Data has been written to cache!
req            INFO 	No cached data found for track_status_data. Loading data...
_api           INFO 	Fetching track status data...
req            INFO 	Data has been written to cache!
req            INFO 	No cached data found for _extended_timing_data. Loading data...
_api           INFO 	Fetching timing data...
_api           INFO 	Parsing timing data...
req            INFO 	Data has been written to cache!
req            INFO 	No cached data found for timing_app_data. Loading data...
_api           INFO 	Fetching timing app data...
req            INFO 	Data has been written to cache!
core           INFO 	Processing timing data...
core           INFO 	Finished loading data for 20 drivers: ['1', '4', '5', '6', '10', '12', '14', '16', '18', '22', '23', '27', '30', '31', '43', '44', '55', '63', '81', '87']
ok 2025 17
core           INFO 	Loading data for São Paulo Grand Prix - Race [v3.6.1]
req            INFO 	No cached data found for session_info. Loading data...
_api           INFO 	Fetching session info data...
req            INFO 	Data has been written to cache!
req            INFO 	No cached data found for driver_info. Loading data...
_api           INFO 	Fetching driver list...
req            INFO 	Data has been written to cache!
req            INFO 	No cached data found for weather_data. Loading data...
_api           INFO 	Fetching weather data...
req            INFO 	Data has been written to cache!
core           INFO 	Finished loading data for 20 drivers: ['4', '12', '1', '63', '81', '87', '30', '6', '27', '10', '23', '31', '55', '14', '43', '18', '22', '44', '16', '5']
core           INFO 	Loading data for São Paulo Grand Prix - Practice 1 [v3.6.1]
req            INFO 	No cached data found for session_info. Loading data...
_api           INFO 	Fetching session info data...
req            INFO 	Data has been written to cache!
req            INFO 	No cached data found for driver_info. Loading data...
_api           INFO 	Fetching driver list...
req            INFO 	Data has been written to cache!
req            INFO 	No cached data found for session_status_data. Loading data...
_api           INFO 	Fetching session status data...
req            INFO 	Data has been written to cache!
req            INFO 	No cached data found for track_status_data. Loading data...
_api           INFO 	Fetching track status data...
req            INFO 	Data has been written to cache!
req            INFO 	No cached data found for _extended_timing_data. Loading data...
_api           INFO 	Fetching timing data...
_api           INFO 	Parsing timing data...
req            INFO 	Data has been written to cache!
req            INFO 	No cached data found for timing_app_data. Loading data...
_api           INFO 	Fetching timing app data...
req            INFO 	Data has been written to cache!
core           INFO 	Processing timing data...
core           INFO 	Finished loading data for 20 drivers: ['1', '4', '5', '6', '10', '12', '14', '16', '18', '22', '23', '27', '30', '31', '43', '44', '55', '63', '81', '87']
ok 2025 21
core           INFO 	Loading data for Australian Grand Prix - Race [v3.6.1]
req            INFO 	No cached data found for session_info. Loading data...
_api           INFO 	Fetching session info data...
req            INFO 	Data has been written to cache!
req            INFO 	No cached data found for driver_info. Loading data...
_api           INFO 	Fetching driver list...
req            INFO 	Data has been written to cache!
req            INFO 	No cached data found for weather_data. Loading data...
_api           INFO 	Fetching weather data...
req            INFO 	Data has been written to cache!
core           INFO 	Finished loading data for 22 drivers: ['63', '12', '16', '44', '1', '3', '87', '41', '5', '10', '31', '23', '30', '43', '55', '11', '18', '14', '77', '6', '81', '27']
core           INFO 	Loading data for Australian Grand Prix - Practice 2 [v3.6.1]
req            INFO 	No cached data found for session_info. Loading data...
_api           INFO 	Fetching session info data...
req            INFO 	Data has been written to cache!
req            INFO 	No cached data found for driver_info. Loading data...
_api           INFO 	Fetching driver list...
req            INFO 	Data has been written to cache!
req            INFO 	No cached data found for session_status_data. Loading data...
_api           INFO 	Fetching session status data...
req            INFO 	Data has been written to cache!
req            INFO 	No cached data found for track_status_data. Loading data...
_api           INFO 	Fetching track status data...
req            INFO 	Data has been written to cache!
req            INFO 	No cached data found for _extended_timing_data. Loading data...
_api           INFO 	Fetching timing data...
_api           INFO 	Parsing timing data...
req            INFO 	Data has been written to cache!
req            INFO 	No cached data found for timing_app_data. Loading data...
_api           INFO 	Fetching timing app data...
req            INFO 	Data has been written to cache!
core           INFO 	Processing timing data...
core           INFO 	Finished loading data for 22 drivers: ['1', '3', '5', '6', '10', '11', '12', '14', '16', '18', '23', '27', '30', '31', '41', '43', '44', '55', '63', '77', '81', '87']
ok 2026 1
core           INFO 	Loading data for Canadian Grand Prix - Race [v3.6.1]
req            INFO 	No cached data found for session_info. Loading data...
_api           INFO 	Fetching session info data...
logger      WARNING 	Failed to load session info data!
req            INFO 	No cached data found for driver_info. Loading data...
_api           INFO 	Fetching driver list...
core        WARNING 	Failed to load extended driver information!
logger      WARNING 	Failed to load result data from Ergast!
core        WARNING 	No result data for this session available on Ergast! (This is expected for recent sessions)
core        WARNING 	Failed to load driver list and session results!
req            INFO 	No cached data found for weather_data. Loading data...
_api           INFO 	Fetching weather data...
logger      WARNING 	Failed to load weather data!
core           INFO 	Finished loading data for 0 drivers: []
FAIL weather 2026 5 DataNotLoadedError('The data you are trying to access has not been loaded yet. See `Session.load`')
core           INFO 	Loading data for Canadian Grand Prix - Practice 1 [v3.6.1]
req            INFO 	No cached data found for session_info. Loading data...
_api           INFO 	Fetching session info data...
logger      WARNING 	Failed to load session info data!
req            INFO 	No cached data found for driver_info. Loading data...
_api           INFO 	Fetching driver list...
core        WARNING 	Failed to load extended driver information!
logger      WARNING 	Failed to load result data from Ergast!
core        WARNING 	No result data for this session available on Ergast! (This is expected for recent sessions)
core        WARNING 	Failed to load driver list and session results!
req            INFO 	No cached data found for session_status_data. Loading data...
_api           INFO 	Fetching session status data...
logger      WARNING 	Failed to load session status data!
req            INFO 	No cached data found for track_status_data. Loading data...
_api           INFO 	Fetching track status data...
logger      WARNING 	Failed to load track status data!
req            INFO 	No cached data found for _extended_timing_data. Loading data...
_api           INFO 	Fetching timing data...
logger      WARNING 	Failed to load timing data!
core           INFO 	Finished loading data for 0 drivers: []
FAIL practice 2026 5 DataNotLoadedError('The data you are trying to access has not been loaded yet. See `Session.load`')
ok 2026 5
core           INFO 	Loading data for British Grand Prix - Race [v3.6.1]
req            INFO 	No cached data found for session_info. Loading data...
_api           INFO 	Fetching session info data...
logger      WARNING 	Failed to load session info data!
req            INFO 	No cached data found for driver_info. Loading data...
_api           INFO 	Fetching driver list...
core        WARNING 	Failed to load extended driver information!
logger      WARNING 	Failed to load result data from Ergast!
core        WARNING 	No result data for this session available on Ergast! (This is expected for recent sessions)
core        WARNING 	Failed to load driver list and session results!
req            INFO 	No cached data found for weather_data. Loading data...
_api           INFO 	Fetching weather data...
logger      WARNING 	Failed to load weather data!
core           INFO 	Finished loading data for 0 drivers: []
FAIL weather 2026 9 DataNotLoadedError('The data you are trying to access has not been loaded yet. See `Session.load`')
core           INFO 	Loading data for British Grand Prix - Practice 1 [v3.6.1]
req            INFO 	No cached data found for session_info. Loading data...
_api           INFO 	Fetching session info data...
logger      WARNING 	Failed to load session info data!
req            INFO 	No cached data found for driver_info. Loading data...
_api           INFO 	Fetching driver list...
core        WARNING 	Failed to load extended driver information!
logger      WARNING 	Failed to load result data from Ergast!
core        WARNING 	No result data for this session available on Ergast! (This is expected for recent sessions)
core        WARNING 	Failed to load driver list and session results!
req            INFO 	No cached data found for session_status_data. Loading data...
_api           INFO 	Fetching session status data...
logger      WARNING 	Failed to load session status data!
req            INFO 	No cached data found for track_status_data. Loading data...
_api           INFO 	Fetching track status data...
logger      WARNING 	Failed to load track status data!
req            INFO 	No cached data found for _extended_timing_data. Loading data...
_api           INFO 	Fetching timing data...
logger      WARNING 	Failed to load timing data!
core           INFO 	Finished loading data for 0 drivers: []
FAIL practice 2026 9 DataNotLoadedError('The data you are trying to access has not been loaded yet. See `Session.load`')
ok 2026 9
core           INFO 	Loading data for Italian Grand Prix - Race [v3.6.1]
req            INFO 	No cached data found for session_info. Loading data...
_api           INFO 	Fetching session info data...
logger      WARNING 	Failed to load session info data!
req            INFO 	No cached data found for driver_info. Loading data...
_api           INFO 	Fetching driver list...
core        WARNING 	Failed to load extended driver information!
logger      WARNING 	Failed to load result data from Ergast!
core        WARNING 	No result data for this session available on Ergast! (This is expected for recent sessions)
core        WARNING 	Failed to load driver list and session results!
req            INFO 	No cached data found for weather_data. Loading data...
_api           INFO 	Fetching weather data...
logger      WARNING 	Failed to load weather data!
core           INFO 	Finished loading data for 0 drivers: []
FAIL weather 2026 13 DataNotLoadedError('The data you are trying to access has not been loaded yet. See `Session.load`')
core           INFO 	Loading data for Italian Grand Prix - Practice 2 [v3.6.1]
req            INFO 	No cached data found for session_info. Loading data...
_api           INFO 	Fetching session info data...
logger      WARNING 	Failed to load session info data!
req            INFO 	No cached data found for driver_info. Loading data...
_api           INFO 	Fetching driver list...
core        WARNING 	Failed to load extended driver information!
logger      WARNING 	Failed to load result data from Ergast!
core        WARNING 	No result data for this session available on Ergast! (This is expected for recent sessions)
core        WARNING 	Failed to load driver list and session results!
req            INFO 	No cached data found for session_status_data. Loading data...
_api           INFO 	Fetching session status data...
logger      WARNING 	Failed to load session status data!
req            INFO 	No cached data found for track_status_data. Loading data...
_api           INFO 	Fetching track status data...
logger      WARNING 	Failed to load track status data!
req            INFO 	No cached data found for _extended_timing_data. Loading data...
_api           INFO 	Fetching timing data...
logger      WARNING 	Failed to load timing data!
core           INFO 	Finished loading data for 0 drivers: []
FAIL practice 2026 13 DataNotLoadedError('The data you are trying to access has not been loaded yet. See `Session.load`')
ok 2026 13
